
===== st22final02 started at 2026-07-16T07:22:53Z =====
PROGRAMMING_DIR=/Users/nghalinh2711/Development/student-repos/st22final02
COMMAND=pnpm delivery:run -- --exercise --dry-run

$ tsx delivery/run.ts -- --exercise --dry-run
/Users/nghalinh2711/Development/ha-linh-nguyen/Implementierung/delivery/lib/cli/args.ts:82
        throw new Error(`Unknown argument: ${arg}`);
              ^

Error: Unknown argument: --
    at parseCoordinatorArgs (/Users/nghalinh2711/Development/ha-linh-nguyen/Implementierung/delivery/lib/cli/args.ts:82:15)
    at <anonymous> (/Users/nghalinh2711/Development/ha-linh-nguyen/Implementierung/delivery/run.ts:169:14)
    at ModuleJob.run (node:internal/modules/esm/module_job:413:25)
    at async onImport.tracePromise.__proto__ (node:internal/modules/esm/loader:660:26)
    at async asyncRunEntryPointWithESMLoader (node:internal/modules/run_main:101:5)

Node.js v24.12.0
[ELIFECYCLE] Command failed with exit code 1.

===== st22final02 started at 2026-07-16T07:23:23Z =====
PROGRAMMING_DIR=/Users/nghalinh2711/Development/student-repos/st22final02
COMMAND=pnpm delivery:run -- --exercise --dry-run

$ tsx delivery/run.ts -- --exercise --dry-run
/Users/nghalinh2711/Development/ha-linh-nguyen/Implementierung/delivery/lib/cli/args.ts:82
        throw new Error(`Unknown argument: ${arg}`);
              ^

Error: Unknown argument: --
    at parseCoordinatorArgs (/Users/nghalinh2711/Development/ha-linh-nguyen/Implementierung/delivery/lib/cli/args.ts:82:15)
    at <anonymous> (/Users/nghalinh2711/Development/ha-linh-nguyen/Implementierung/delivery/run.ts:169:14)
    at ModuleJob.run (node:internal/modules/esm/module_job:413:25)
    at async onImport.tracePromise.__proto__ (node:internal/modules/esm/loader:660:26)
    at async asyncRunEntryPointWithESMLoader (node:internal/modules/run_main:101:5)

Node.js v24.12.0
[ELIFECYCLE] Command failed with exit code 1.

===== st22final02 started at 2026-07-16T07:27:11Z =====
PROGRAMMING_DIR=/Users/nghalinh2711/Development/student-repos/st22final02
COMMAND=pnpm delivery:run -- --exercise 

delivery/scripts/run-exercises.sh: line 382: DELIVERY_ARGS[@]: unbound variable

===== st22final02 started at 2026-07-16T07:28:31Z =====
PROGRAMMING_DIR=/Users/nghalinh2711/Development/student-repos/st22final02
COMMAND=pnpm delivery:run --exercise 

delivery/scripts/run-exercises.sh: line 382: DELIVERY_ARGS[@]: unbound variable

===== st22final02 started at 2026-07-16T07:29:30Z =====
PROGRAMMING_DIR=/Users/nghalinh2711/Development/student-repos/st22final02
COMMAND=pnpm delivery:run --exercise 

delivery/scripts/run-exercises.sh: line 382: DELIVERY_ARGS[@]: unbound variable

===== st22final02 started at 2026-07-16T07:31:57Z =====
PROGRAMMING_DIR=/Users/nghalinh2711/Development/student-repos/st22final02
COMMAND=pnpm delivery:run -- --exercise 

$ tsx delivery/run.ts -- --exercise
/Users/nghalinh2711/Development/ha-linh-nguyen/Implementierung/delivery/lib/cli/args.ts:82
        throw new Error(`Unknown argument: ${arg}`);
              ^

Error: Unknown argument: --
    at parseCoordinatorArgs (/Users/nghalinh2711/Development/ha-linh-nguyen/Implementierung/delivery/lib/cli/args.ts:82:15)
    at <anonymous> (/Users/nghalinh2711/Development/ha-linh-nguyen/Implementierung/delivery/run.ts:169:14)
    at ModuleJob.run (node:internal/modules/esm/module_job:413:25)
    at async onImport.tracePromise.__proto__ (node:internal/modules/esm/loader:660:26)
    at async asyncRunEntryPointWithESMLoader (node:internal/modules/run_main:101:5)

Node.js v24.12.0
[ELIFECYCLE] Command failed with exit code 1.

===== st22final02 started at 2026-07-17T08:39:25Z =====
PROGRAMMING_DIR=/Users/nghalinh2711/Development/student-repos/st22final02
DELIVERY_AGENT_CONTEXT_PROJECT=ProgrammingST22-Final2
COMMAND=pnpm delivery:run --exercise 

$ tsx delivery/run.ts --exercise

[delivery] Run ID: 20260717-103926
[delivery] Assignment: /Users/nghalinh2711/Development/student-repos/st22final02
[delivery] Assignment ID: st22final02
[delivery] Coding session: 20260717-103926-coding
[delivery] Requirements session: 20260717-103926-req
[delivery] Requirements log: /Users/nghalinh2711/Development/eval/programming/20260717-103926/requirements-output.log

[delivery] Phase A: Requirements

[delivery:requirements] Exercise stream: 16 turns for st22final02 (starting at turn 1)
[delivery:requirements] Output log: /Users/nghalinh2711/Development/eval/programming/20260717-103926/requirements-output.log
[delivery:requirements] Turn 1/16: Introduction
● adaptive-memory extension active (role=requirements, memorySession=20260717-103926-req) - type
  /memory-help. MCP tools registered (memory=false, backlog=true).







Changes    +0 -0
Duration   4s
Tokens     ↑ 16.5k (16.3k cached) • ↓ 123 (63 reasoning)
[delivery:requirements] Turn 1/16 complete
[delivery:requirements] Turn 2/16: task.md — segment 1/14 — Abschlussaufgabe 2 — AlphaZeta (AZ)
● adaptive-memory extension active (role=requirements, memorySession=20260717-103926-req) - type
  /memory-help. MCP tools registered (memory=false, backlog=true).







Changes    +0 -0
Duration   13s
Tokens     ↑ 16.9k (16.5k cached) • ↓ 209 (106 reasoning)
[delivery:requirements] Turn 2/16 complete
[delivery:requirements] Turn 3/16: task.md — segment 2/14 — Abschlussaufgabe 2 — AlphaZeta (AZ) > 1 Das Spiel
● adaptive-memory extension active (role=requirements, memorySession=20260717-103926-req) - type
  /memory-help. MCP tools registered (memory=false, backlog=true).







Changes    +0 -0
Duration   37s
Tokens     ↑ 20.5k (16.9k cached) • ↓ 1.2k (941 reasoning)
[delivery:requirements] Turn 3/16 complete
[delivery:requirements] Turn 4/16: task.md — segment 3/14 — Abschlussaufgabe 2 — AlphaZeta (AZ) > 2 Implementierung von AlphaZeta (AZ)
● adaptive-memory extension active (role=requirements, memorySession=20260717-103926-req) - type
  /memory-help. MCP tools registered (memory=false, backlog=true).







Changes    +0 -0
Duration   48s
Tokens     ↑ 21.4k (20.5k cached) • ↓ 279 (129 reasoning)
[delivery:requirements] Turn 4/16 complete
[delivery:requirements] Turn 5/16: task.md — segment 4/14 — Abschlussaufgabe 2 — AlphaZeta (AZ) > 2 Implementierung von AlphaZeta (AZ) > 2.1 Darstellung der Beispielinteraktionen
● adaptive-memory extension active (role=requirements, memorySession=20260717-103926-req) - type
  /memory-help. MCP tools registered (memory=false, backlog=true).







Changes    +0 -0
Duration   56s
Tokens     ↑ 21.9k (21.4k cached) • ↓ 150 (73 reasoning)
[delivery:requirements] Turn 5/16 complete
[delivery:requirements] Turn 6/16: task.md — segment 5/14 — Abschlussaufgabe 2 — AlphaZeta (AZ) > 2 Implementierung von AlphaZeta (AZ) > 2.2 Quit-Befehl
● adaptive-memory extension active (role=requirements, memorySession=20260717-103926-req) - type
  /memory-help. MCP tools registered (memory=false, backlog=true).







Changes    +0 -0
Duration   1m 4s
Tokens     ↑ 22.2k (21.9k cached) • ↓ 134 (65 reasoning)
[delivery:requirements] Turn 6/16 complete
[delivery:requirements] Turn 7/16: task.md — segment 6/14 — Abschlussaufgabe 2 — AlphaZeta (AZ) > 2 Implementierung von AlphaZeta (AZ) > 2.3 Vorbereitung: Start, Konfiguration
● adaptive-memory extension active (role=requirements, memorySession=20260717-103926-req) - type
  /memory-help. MCP tools registered (memory=false, backlog=true).







Changes    +0 -0
Duration   1m 19s
Tokens     ↑ 23.5k (22.1k cached) • ↓ 485 (276 reasoning)
[delivery:requirements] Turn 7/16 complete
[delivery:requirements] Turn 8/16: task.md — segment 7/14 — Abschlussaufgabe 2 — AlphaZeta (AZ) > 2 Implementierung von AlphaZeta (AZ) > 2.4 Laufendes Spiel: Alphas und Zetas Zug
● adaptive-memory extension active (role=requirements, memorySession=20260717-103926-req) - type
  /memory-help. MCP tools registered (memory=false, backlog=true).







Changes    +0 -0
Duration   1m 36s
Tokens     ↑ 25.6k (23.4k cached) • ↓ 647 (438 reasoning)
[delivery:requirements] Turn 8/16 complete
[delivery:requirements] Turn 9/16: task.md — segment 8/14 — Abschlussaufgabe 2 — AlphaZeta (AZ) > 2 Implementierung von AlphaZeta (AZ) > 2.5 Ende des Spiels: Spielzusammenfassung
● adaptive-memory extension active (role=requirements, memorySession=20260717-103926-req) - type
  /memory-help. MCP tools registered (memory=false, backlog=true).







Changes    +0 -0
Duration   1m 42s
Tokens     ↑ 26.1k (25.6k cached) • ↓ 76 (28 reasoning)
[delivery:requirements] Turn 9/16 complete
[delivery:requirements] Turn 10/16: examples.md — segment 9/14 — Beispiele — Abschlussaufgabe 2 (AlphaZeta)
● adaptive-memory extension active (role=requirements, memorySession=20260717-103926-req) - type
  /memory-help. MCP tools registered (memory=false, backlog=true).







Changes    +0 -0
Duration   1m 59s
Tokens     ↑ 28.5k (26.0k cached) • ↓ 705 (459 reasoning)
[delivery:requirements] Turn 10/16 complete
[delivery:requirements] Turn 11/16: guidelines.md — segment 10/14 — Implementierungsrichtlinien — Abschlussaufgabe 2 (SS 2022)
● adaptive-memory extension active (role=requirements, memorySession=20260717-103926-req) - type
  /memory-help. MCP tools registered (memory=false, backlog=true).







Changes    +0 -0
Duration   2m 7s
Tokens     ↑ 29.0k (28.4k cached) • ↓ 67 (31 reasoning)
[delivery:requirements] Turn 11/16 complete
[delivery:requirements] Turn 12/16: guidelines.md — segment 11/14 — Implementierungsrichtlinien — Abschlussaufgabe 2 (SS 2022) > 1 Bearbeitungshinweise
● adaptive-memory extension active (role=requirements, memorySession=20260717-103926-req) - type
  /memory-help. MCP tools registered (memory=false, backlog=true).







Changes    +0 -0
Duration   2m 18s
Tokens     ↑ 29.7k (28.9k cached) • ↓ 431 (217 reasoning)
[delivery:requirements] Turn 12/16 complete
[delivery:requirements] Turn 13/16: guidelines.md — segment 12/14 — Implementierungsrichtlinien — Abschlussaufgabe 2 (SS 2022) > 2 Checkstyle
● adaptive-memory extension active (role=requirements, memorySession=20260717-103926-req) - type
  /memory-help. MCP tools registered (memory=false, backlog=true).







Changes    +0 -0
Duration   2m 26s
Tokens     ↑ 30.2k (29.7k cached) • ↓ 167 (90 reasoning)
[delivery:requirements] Turn 13/16 complete
[delivery:requirements] Turn 14/16: guidelines.md — segment 13/14 — Implementierungsrichtlinien — Abschlussaufgabe 2 (SS 2022) > 3 Abgabe
● adaptive-memory extension active (role=requirements, memorySession=20260717-103926-req) - type
  /memory-help. MCP tools registered (memory=false, backlog=true).







Changes    +0 -0
Duration   2m 32s
Tokens     ↑ 30.5k (30.2k cached) • ↓ 92 (43 reasoning)
[delivery:requirements] Turn 14/16 complete
[delivery:requirements] Turn 15/16: guidelines.md — segment 14/14 — Implementierungsrichtlinien — Abschlussaufgabe 2 (SS 2022) > 4 Vorgaben aus der Aufgabenstellung
● adaptive-memory extension active (role=requirements, memorySession=20260717-103926-req) - type
  /memory-help. MCP tools registered (memory=false, backlog=true).







Changes    +0 -0
Duration   2m 58s
Tokens     ↑ 33.9k (30.5k cached) • ↓ 1.2k (866 reasoning)
[delivery:requirements] Turn 15/16 complete
[delivery:requirements] Turn 16/16: Finalize backlog creation
● adaptive-memory extension active (role=requirements, memorySession=20260717-103926-req) - type
  /memory-help. MCP tools registered (memory=false, backlog=true).



● Create Backlog (MCP: agentic-memory) · Rundenbasiertes 2-Spieler-Strategiespiel im Asteroidengürt…
  └ Backlog "AlphaZeta (AZ)" created with id: c4c68eec-9a43-4c58-ac35-04669934ea21



● Create Tasks (MCP: agentic-memory) · backlogId: "c4c68eec-9a43-4c58-ac35-04669934ea21", tasks: [2…
  └ Output too large to read at once (34.7 KB). Saved to: /var/folders/fs/p8fxyq6...



● Get Tasks (MCP: agentic-memory) · backlogId: "c4c68eec-9a43-4c58-ac35-04669934ea21"
  └ Output too large to read at once (62.8 KB). Saved to: /var/folders/fs/p8fxyq6...







Changes    +0 -0
Duration   6m 58s
Tokens     ↑ 173.4k (164.7k cached) • ↓ 14.7k (6.5k reasoning)
[delivery:requirements] Turn 16/16 complete
[delivery:requirements] Exercise requirements stream complete — advancing to backlog discovery
[delivery] Phase B: Backlog discovery
[delivery] Using backlog: "AlphaZeta (AZ)" (c4c68eec-9a43-4c58-ac35-04669934ea21)
[delivery] Backlog: "AlphaZeta (AZ)" (c4c68eec-9a43-4c58-ac35-04669934ea21)

[delivery] Phase C: Coding

[delivery] Killed leftover process PID 1581 on port 3001
● adaptive-memory extension active (role=coding, memorySession=20260717-103926-coding) - type
  /memory-help. MCP tools registered (memory=false, backlog=true).

● Claim Next Task (MCP: agentic-memory) · backlogId: "c4c68eec-9a43-4c58-ac35-04669934ea21"
  └ Claimed task "Project scaffold and main entry point" (edc1a82b-6070-454c-a8f8...



● List directory .
  └ 11 files found

● Search (glob)
  │ "**/*.java"
  └ No matches found

● Search (glob)
  │ "**/pom.xml"
  └ 1 file found

● Search (glob)
  │ "**/build.gradle*"
  └ No matches found

● Read task.md
  └ 1 line read

● Read pom.xml
  └ 32 lines read

● Read README.md
  └ 3 lines read

● Read guidelines.md
  └ 165 lines read

● List directory src
  └ 1 file found



● Create package directory structure (shell)
  │ mkdir -p /Users/nghalinh2711/Development/student-repos/st22final02/src/edu/kit/kastel/alphazeta
  └ 1 line…

● Create Main.java +118
  └ src/edu/kit/kastel/alphazeta/Main.java



● Compile with Maven to verify Java 17 compatibility (shell)
  │ cd /Users/nghalinh2711/Development/student-repos/st22final02 && mvn compile --quiet 2>&1
  └ 1 line…



● Test CLI parameter validation (shell)
  │ cd /Users/nghalinh2711/Development/student-repos/st22final02 && echo "Tests:" && echo "---
  │ Test 1: Not enough args ---" && java -cp target/classes edu.kit.kastel.alphazeta.Main 1 2 2>&1
  │ && echo "--- Test 2: Too many args ---" && java -cp target/classes
  │ edu.kit.kastel.alphazeta.Main 1 2 3 4 2>&1 && echo "--- Test 3: Invalid seed ---" && java -cp
  │ target/classes edu.kit.kastel.alphazeta.Main abc 5 1 2>&1 && echo "--- Test 4: Invalid board …
  └ 21 lines…



● Check line lengths don't exceed 120 chars (shell)
  │ cd /Users/nghalinh2711/Development/student-repos/st22final02 && awk 'length > 120 {print NR":
  │ "length" chars: "$0}' src/edu/kit/kastel/alphazeta/Main.java
  └ 1 line…



● Update Task (MCP: agentic-memory) · backlogId: "c4c68eec-9a43-4c58-ac35-04669934ea21", taskId: "e…
  └ Task "Project scaffold and main entry point" (edc1a82b-6070-454c-a8f8-dd18e1b...



● Claim Next Task (MCP: agentic-memory) · backlogId: "c4c68eec-9a43-4c58-ac35-04669934ea21"
  └ Claimed task "Coordinate model with Manhattan distance" (b8fbca7a-a266-4ebb-a...

● Create Coordinate.java +116
  └ src/edu/kit/kastel/alphazeta/Coordinate.java

● Compile to verify Coordinate class (shell)
  │ cd /Users/nghalinh2711/Development/student-repos/st22final02 && mvn compile --quiet 2>&1
  └ 1 line…



● Check line lengths for Coordinate.java (shell)
  │ awk 'length > 120 {print NR": "length" chars: "$0}' /Users/nghalinh2711/Development/student-repo
  │ s/st22final02/src/edu/kit/kastel/alphazeta/Coordinate.java
  └ 1 line…



● Update Task (MCP: agentic-memory) · backlogId: "c4c68eec-9a43-4c58-ac35-04669934ea21", state: "do…
  └ Task "Coordinate model with Manhattan distance" (b8fbca7a-a266-4ebb-abe2-ebe9...

● Claim Next Task (MCP: agentic-memory) · backlogId: "c4c68eec-9a43-4c58-ac35-04669934ea21"
  └ Claimed task "Tile and Board model" (b3227144-70cc-4538-a895-d5c3c860d281) an...

● Create TileContent.java +108
  └ src/edu/kit/kastel/alphazeta/TileContent.java

● Create Board.java +248
  └ src/edu/kit/kastel/alphazeta/Board.java

● Compile to verify TileContent and Board (shell)
  │ cd /Users/nghalinh2711/Development/student-repos/st22final02 && mvn compile --quiet 2>&1
  └ 1 line…

● Check line lengths for new files (shell)
  │ awk 'length > 120 {print FILENAME":"NR": "length" chars"}' /Users/nghalinh2711/Development/stude
  │ nt-repos/st22final02/src/edu/kit/kastel/alphazeta/TileContent.java /Users/nghalinh2711/Developme
  │ nt/student-repos/st22final02/src/edu/kit/kastel/alphazeta/Board.java
  └ 1 line…

● Update Task (MCP: agentic-memory) · backlogId: "c4c68eec-9a43-4c58-ac35-04669934ea21", state: "do…
  └ Task "Tile and Board model" (b3227144-70cc-4538-a895-d5c3c860d281) updated to...

● Claim Next Task (MCP: agentic-memory) · backlogId: "c4c68eec-9a43-4c58-ac35-04669934ea21"
  └ Claimed task "Module model and constraints" (e706a13a-a55a-4ddb-a81d-cd5680b3...

● Create ModuleType.java +90
  └ src/edu/kit/kastel/alphazeta/ModuleType.java

● Create Module.java +67
  └ src/edu/kit/kastel/alphazeta/Module.java

● Create ModuleConstraints.java +123
  └ src/edu/kit/kastel/alphazeta/ModuleConstraints.java

● Compile to verify Module classes (shell)
  │ cd /Users/nghalinh2711/Development/student-repos/st22final02 && mvn compile --quiet 2>&1
  └ 1 line…

● Check line lengths for Module files (shell)
  │ awk 'length > 120 {print FILENAME":"NR": "length" chars"}' /Users/nghalinh2711/Development/stude
  │ nt-repos/st22final02/src/edu/kit/kastel/alphazeta/ModuleType.java /Users/nghalinh2711/Developmen
  │ t/student-repos/st22final02/src/edu/kit/kastel/alphazeta/Module.java /Users/nghalinh2711/Develop
  │ ment/student-repos/st22final02/src/edu/kit/kastel/alphazeta/ModuleConstraints.java
  └ 1 line…

● Update Task (MCP: agentic-memory) · backlogId: "c4c68eec-9a43-4c58-ac35-04669934ea21", state: "do…
  └ Task "Module model and constraints" (e706a13a-a55a-4ddb-a81d-cd5680b3bfdb) up...

● Claim Next Task (MCP: agentic-memory) · backlogId: "c4c68eec-9a43-4c58-ac35-04669934ea21"
  └ Claimed task "Fleet model" (e19cda30-ec97-4455-8e9c-2fcccc6d159c) and marked ...



● Create Ship.java +212
  └ src/edu/kit/kastel/alphazeta/Ship.java

● Create Fleet.java +119
  └ src/edu/kit/kastel/alphazeta/Fleet.java

● Compile to verify Ship and Fleet (shell)
  │ cd /Users/nghalinh2711/Development/student-repos/st22final02 && mvn compile --quiet 2>&1
  └ 1 line…

● Check line lengths for Ship and Fleet (shell)
  │ awk 'length > 120 {print FILENAME":"NR": "length" chars"}'
  │ /Users/nghalinh2711/Development/student-repos/st22final02/src/edu/kit/kastel/alphazeta/Ship.java
  │ /Users/nghalinh2711/Development/student-repos/st22final02/src/edu/kit/kastel/alphazeta/Fleet.jav
  │ a
  └ 1 line…

● Update Task (MCP: agentic-memory) · backlogId: "c4c68eec-9a43-4c58-ac35-04669934ea21", state: "do…
  └ Task "Fleet model" (e19cda30-ec97-4455-8e9c-2fcccc6d159c) updated to state: d...

● Claim Next Task (MCP: agentic-memory) · backlogId: "c4c68eec-9a43-4c58-ac35-04669934ea21"
  └ Claimed task "Ship model with module management" (de294b69-9c56-4f4d-b784-512...



● Create ShipType.java +14
  └ src/edu/kit/kastel/alphazeta/ShipType.java

● Read Ship.java
  │ src/edu/kit/kastel/alphazeta/Ship.java
  └ 211 lines read

● Edit Ship.java +13 -8
  └ src/edu/kit/kastel/alphazeta/Ship.java

● Edit Ship.java +10 -1
  └ src/edu/kit/kastel/alphazeta/Ship.java

● Edit Ship.java +72
  └ src/edu/kit/kastel/alphazeta/Ship.java



● Edit Fleet.java
  └ src/edu/kit/kastel/alphazeta/Fleet.java

● Compile to verify updated Ship and Fleet (shell)
  │ cd /Users/nghalinh2711/Development/student-repos/st22final02 && mvn compile --quiet 2>&1
  └ 1 line…

● Check line lengths for updated files (shell)
  │ awk 'length > 120 {print FILENAME":"NR": "length" chars"}'
  │ /Users/nghalinh2711/Development/student-repos/st22final02/src/edu/kit/kastel/alphazeta/Ship.java
  │ /Users/nghalinh2711/Development/student-repos/st22final02/src/edu/kit/kastel/alphazeta/ShipType.
  │ java
  └ 1 line…

● Update Task (MCP: agentic-memory) · backlogId: "c4c68eec-9a43-4c58-ac35-04669934ea21", state: "do…
  └ Task "Ship model with module management" (de294b69-9c56-4f4d-b784-51268c335d0...

● Claim Next Task (MCP: agentic-memory) · backlogId: "c4c68eec-9a43-4c58-ac35-04669934ea21"
  └ Claimed task "Welcome message and CLI argument validation" (91848a95-4aea-4c6...

● Read Main.java
  │ src/edu/kit/kastel/alphazeta/Main.java
  └ 117 lines read

● Edit Main.java +2
  └ src/edu/kit/kastel/alphazeta/Main.java

● Compile and test welcome message (shell)
  │ cd /Users/nghalinh2711/Development/student-repos/st22final02 && mvn compile --quiet 2>&1 && echo
  │ "--- Test welcome + quit ---" && echo "quit" | java -cp target/classes
  │ edu.kit.kastel.alphazeta.Main 42 5 1 2>&1
  └ 3 lines…

● Update Task (MCP: agentic-memory) · backlogId: "c4c68eec-9a43-4c58-ac35-04669934ea21", state: "do…
  └ Task "Welcome message and CLI argument validation" (91848a95-4aea-4c65-b891-6...

● Claim Next Task (MCP: agentic-memory) · backlogId: "c4c68eec-9a43-4c58-ac35-04669934ea21"
  └ Claimed task "Dice/RNG system" (f345ec23-0e64-4889-bf4f-8aa9c8c09bdf) and mar...

● Create Dice.java +36
  └ src/edu/kit/kastel/alphazeta/Dice.java

● Compile Dice and verify (shell)
  │ cd /Users/nghalinh2711/Development/student-repos/st22final02 && mvn compile --quiet 2>&1
  └ 1 line…

● Update Task (MCP: agentic-memory) · backlogId: "c4c68eec-9a43-4c58-ac35-04669934ea21", state: "do…
  └ Task "Dice/RNG system" (f345ec23-0e64-4889-bf4f-8aa9c8c09bdf) updated to stat...

● Claim Next Task (MCP: agentic-memory) · backlogId: "c4c68eec-9a43-4c58-ac35-04669934ea21"
  └ Claimed task "Setup - ship module configuration" (a42db24b-200f-462f-92c1-fa6...

● Create GameSetup.java +213
  └ src/edu/kit/kastel/alphazeta/GameSetup.java

● Edit Main.java +12
  └ src/edu/kit/kastel/alphazeta/Main.java

● Edit Main.java +1
  └ src/edu/kit/kastel/alphazeta/Main.java

● Compile and test ship configuration setup (shell)
  │ cd /Users/nghalinh2711/Development/student-repos/st22final02 && mvn compile --quiet 2>&1
  └ 1 line…

● Test ship configuration with sample inputs (shell)
  │ cd /Users/nghalinh2711/Development/student-repos/st22final02 && printf
  │ "shield\nsensor,sword\nsword,sword\nsword\nsensor\nsword\nquit\n" | java -cp target/classes
  │ edu.kit.kastel.alphazeta.Main 42 5 1 2>&1
  └ 16 lines…

● Test sensor constraint across fleet (shell)
  │ cd /Users/nghalinh2711/Development/student-repos/st22final02 && printf
  │ "sensor\nsensor\nsword\nsword\nsword\nsword\nsword\nquit\n" | java -cp target/classes
  │ edu.kit.kastel.alphazeta.Main 42 5 1 2>&1
  └ 17 lines…

● Check line lengths and test more validations (shell)
  │ cd /Users/nghalinh2711/Development/student-repos/st22final02 && awk 'length > 120 {print
  │ FILENAME":"NR": "length" chars"}' src/edu/kit/kastel/alphazeta/GameSetup.java
  │ src/edu/kit/kastel/alphazeta/Main.java && echo "--- Test invalid module ---" && printf
  │ "invalid\nsword\nsword\nsword\nsword\nsword\nsword\nquit\n" | java -cp target/classes
  │ edu.kit.kastel.alphazeta.Main 42 5 1 2>&1 | head -10
  └ 12 lines…

● Update Task (MCP: agentic-memory) · backlogId: "c4c68eec-9a43-4c58-ac35-04669934ea21", state: "do…
  └ Task "Setup - ship module configuration" (a42db24b-200f-462f-92c1-fa6c11b2d71...

● Claim Next Task (MCP: agentic-memory) · backlogId: "c4c68eec-9a43-4c58-ac35-04669934ea21"
  └ Claimed task "Setup - board configuration input and validation" (c9e64f69-b93...

● Edit GameSetup.java +116
  └ src/edu/kit/kastel/alphazeta/GameSetup.java

● Edit Main.java +5 -1
  └ src/edu/kit/kastel/alphazeta/Main.java

● Compile and test board configuration (shell)
  │ cd /Users/nghalinh2711/Development/student-repos/st22final02 && mvn compile --quiet 2>&1
  └ 1 line…

● Test board configuration - invalid length and valid board (shell)
  │ cd /Users/nghalinh2711/Development/student-repos/st22final02 && printf
  │ "sword\nsword\nsword\nsword\nsword\nsword\nshort\n" | java -cp target/classes
  │ edu.kit.kastel.alphazeta.Main 42 5 1 2>&1 | tail -5
  └ 6 lines…

● Test valid 5x5 board configuration (shell)
  │ cd /Users/nghalinh2711/Development/student-repos/st22final02 && printf
  │ "sword\nsword\nsword\nsword\nsword\nsword\nABCD.............ZWXY\nquit\n" | java -cp
  │ target/classes edu.kit.kastel.alphazeta.Main 42 5 1 2>&1
  └ 19 lines…

● Test valid 5x5 board with correct 25-char string (shell)
  │ cd /Users/nghalinh2711/Development/student-repos/st22final02 && printf
  │ "sword\nsword\nsword\nsword\nsword\nsword\nABCD.................ZWXY\nquit\n" | java -cp
  │ target/classes edu.kit.kastel.alphazeta.Main 42 5 1 2>&1
  └ 19 lines…



● Check line lengths for GameSetup (shell)
  │ awk 'length > 120 {print FILENAME":"NR": "length" chars"}' /Users/nghalinh2711/Development/stude
  │ nt-repos/st22final02/src/edu/kit/kastel/alphazeta/GameSetup.java
  └ 1 line…

● Update Task (MCP: agentic-memory) · backlogId: "c4c68eec-9a43-4c58-ac35-04669934ea21", state: "do…
  └ Task "Setup - board configuration input and validation" (c9e64f69-b938-43b8-9...

● Claim Next Task (MCP: agentic-memory) · backlogId: "c4c68eec-9a43-4c58-ac35-04669934ea21"
  └ Claimed task "Game state and turn management" (801e38ee-0134-48ce-a46f-e69744...

● Create GameState.java +176
  └ src/edu/kit/kastel/alphazeta/GameState.java

● Edit Main.java +4
  └ src/edu/kit/kastel/alphazeta/Main.java

● Edit GameSetup.java -1
  └ src/edu/kit/kastel/alphazeta/GameSetup.java

● Compile and test GameState integration (shell)
  │ cd /Users/nghalinh2711/Development/student-repos/st22final02 && mvn compile --quiet 2>&1
  └ 1 line…

● Test full game flow with GameState (shell)
  │ cd /Users/nghalinh2711/Development/student-repos/st22final02 && printf
  │ "sword\nsword\nsword\nsword\nsword\nsword\nABCD.................ZWXY\nquit\n" | java -cp
  │ target/classes edu.kit.kastel.alphazeta.Main 42 5 1 2>&1 | tail -8
  └ 9 lines…

● Check line lengths for GameState (shell)
  │ awk 'length > 120 {print FILENAME":"NR": "length" chars"}' /Users/nghalinh2711/Development/stude
  │ nt-repos/st22final02/src/edu/kit/kastel/alphazeta/GameState.java
  └ 1 line…

● Update Task (MCP: agentic-memory) · backlogId: "c4c68eec-9a43-4c58-ac35-04669934ea21", state: "do…
  └ Task "Game state and turn management" (801e38ee-0134-48ce-a46f-e697449a3fcf) ...

● Claim Next Task (MCP: agentic-memory) · backlogId: "c4c68eec-9a43-4c58-ac35-04669934ea21"
  └ Claimed task "Command parser and dispatcher" (6baeddeb-1059-4e0f-82e5-04ec78e...

● Create CommandParser.java +232
  └ src/edu/kit/kastel/alphazeta/CommandParser.java

● Edit Main.java +3 -18
  └ src/edu/kit/kastel/alphazeta/Main.java

● Edit Main.java -11
  └ src/edu/kit/kastel/alphazeta/Main.java

● Edit Main.java -1
  └ src/edu/kit/kastel/alphazeta/Main.java

● Compile and test CommandParser integration (shell)
  │ cd /Users/nghalinh2711/Development/student-repos/st22final02 && mvn compile --quiet 2>&1
  └ 1 line…

● Test command parser with various commands (shell)
  │ cd /Users/nghalinh2711/Development/student-repos/st22final02 && printf "sword\nsword\nsword\nswo
  │ rd\nsword\nsword\nABCD.................ZWXY\nhelp\nboard\nfleet\nactions
  │ B\nunknown\nendturn\nquit\n" | java -cp target/classes edu.kit.kastel.alphazeta.Main 42 5 1 2>&1
  │ | tail -20
  └ 21 lines…



● Edit CommandParser.java +6 -6
  └ src/edu/kit/kastel/alphazeta/CommandParser.java

● Compile and re-test command parser (shell)
  │ cd /Users/nghalinh2711/Development/student-repos/st22final02 && mvn compile --quiet 2>&1 &&
  │ printf
  │ "sword\nsword\nsword\nsword\nsword\nsword\nABCD.................ZWXY\nhelp\nboard\nquit\n" |
  │ java -cp target/classes edu.kit.kastel.alphazeta.Main 42 5 1 2>&1 | tail -12
  └ 13 lines…

● Test fleet, actions, and endturn commands (shell)
  │ cd /Users/nghalinh2711/Development/student-repos/st22final02 && printf
  │ "sword\nsword\nsword\nsword\nsword\nsword\nABCD.................ZWXY\nfleet\nactions
  │ B\nendturn\nfleet\nquit\n" | java -cp target/classes edu.kit.kastel.alphazeta.Main 42 5 1 2>&1 |
  │ tail -15
  └ 16 lines…

● Check line lengths for CommandParser (shell)
  │ awk 'length > 120 {print FILENAME":"NR": "length" chars"}' /Users/nghalinh2711/Development/stude
  │ nt-repos/st22final02/src/edu/kit/kastel/alphazeta/CommandParser.java
  └ 1 line…

● Update Task (MCP: agentic-memory) · backlogId: "c4c68eec-9a43-4c58-ac35-04669934ea21", state: "do…
  └ Task "Command parser and dispatcher" (6baeddeb-1059-4e0f-82e5-04ec78ee7a57) u...

● Claim Next Task (MCP: agentic-memory) · backlogId: "c4c68eec-9a43-4c58-ac35-04669934ea21"
  └ Claimed task "Help command" (7b5dbda3-4ff8-4d73-88a5-89b3e445aae0) and marked...

● Search (grep)
  │ "HELP.*shows this text|help.*command"
  └ 3 lines found

● Read examples.md
  └ L60:75 (15 lines read)

● Edit CommandParser.java +8 -3
  └ src/edu/kit/kastel/alphazeta/CommandParser.java

● Compile and test help command output (shell)
  │ cd /Users/nghalinh2711/Development/student-repos/st22final02 && mvn compile --quiet 2>&1 &&
  │ printf "sword\nsword\nsword\nsword\nsword\nsword\nABCD.................ZWXY\nhelp\nquit\n" |
  │ java -cp target/classes edu.kit.kastel.alphazeta.Main 42 5 1 2>&1 | grep -A10 "^Alpha's turn"
  └ 10 lines…

● Update Task (MCP: agentic-memory) · backlogId: "c4c68eec-9a43-4c58-ac35-04669934ea21", state: "do…
  └ Task "Help command" (7b5dbda3-4ff8-4d73-88a5-89b3e445aae0) updated to state: ...

● Claim Next Task (MCP: agentic-memory) · backlogId: "c4c68eec-9a43-4c58-ac35-04669934ea21"
  └ Claimed task "Fleet command" (790c2b95-8e1e-4cc7-9375-4a0f879fb2d8) and marke...

● Search (grep)
  │ "fleet|Alpha's fleet|Zeta's fleet" (examples.md)
  └ 16 lines found

● Edit CommandParser.java +27 -7
  └ src/edu/kit/kastel/alphazeta/CommandParser.java

● Edit CommandParser.java +1
  └ src/edu/kit/kastel/alphazeta/CommandParser.java

● Compile and test fleet command (shell)
  │ cd /Users/nghalinh2711/Development/student-repos/st22final02 && mvn compile --quiet 2>&1 &&
  │ printf
  │ "sword\nsensor,shield\nsword\nsword\nsensor\nsword\nABCD.................ZWXY\nfleet\nquit\n" |
  │ java -cp target/classes edu.kit.kastel.alphazeta.Main 42 5 1 2>&1 | grep -A20 "^Alpha's turn"
  └ 12 lines…



● Edit CommandParser.java +7 -2
  └ src/edu/kit/kastel/alphazeta/CommandParser.java

● Compile and test fleet after endturn (shell)
  │ cd /Users/nghalinh2711/Development/student-repos/st22final02 && mvn compile --quiet 2>&1 &&
  │ printf
  │ "sword\nsword\nsword\nsword\nsword\nsword\nABCD.................ZWXY\nendturn\nfleet\nquit\n" |
  │ java -cp target/classes edu.kit.kastel.alphazeta.Main 42 5 1 2>&1 | grep -A12 "Zeta's turn"
  └ 12 lines…

● Check line lengths for CommandParser (shell)
  │ awk 'length > 120 {print FILENAME":"NR": "length" chars"}' /Users/nghalinh2711/Development/stude
  │ nt-repos/st22final02/src/edu/kit/kastel/alphazeta/CommandParser.java
  └ 1 line…

● Update Task (MCP: agentic-memory) · backlogId: "c4c68eec-9a43-4c58-ac35-04669934ea21", state: "do…
  └ Task "Fleet command" (790c2b95-8e1e-4cc7-9375-4a0f879fb2d8) updated to state:...

● Claim Next Task (MCP: agentic-memory) · backlogId: "c4c68eec-9a43-4c58-ac35-04669934ea21"
  └ Claimed task "Board command" (fcda0787-2f70-4d3b-a96d-5c6e8465ffe5) and marke...



● Edit CommandParser.java +27 -2
  └ src/edu/kit/kastel/alphazeta/CommandParser.java

● Compile and test board command (shell)
  │ cd /Users/nghalinh2711/Development/student-repos/st22final02 && mvn compile --quiet 2>&1 &&
  │ printf "sword\nsword\nsword\nsword\nsword\nsword\nABCD.................ZWXY\nboard\nquit\n" |
  │ java -cp target/classes edu.kit.kastel.alphazeta.Main 42 5 1 2>&1 | grep -A6 "Alpha's turn"
  └ 7 lines…

● Check line lengths for CommandParser (shell)
  │ awk 'length > 120 {print FILENAME":"NR": "length" chars"}' /Users/nghalinh2711/Development/stude
  │ nt-repos/st22final02/src/edu/kit/kastel/alphazeta/CommandParser.java
  └ 1 line…

● Update Task (MCP: agentic-memory) · backlogId: "c4c68eec-9a43-4c58-ac35-04669934ea21", state: "do…
  └ Task "Board command" (fcda0787-2f70-4d3b-a96d-5c6e8465ffe5) updated to state:...

● Get Tasks (MCP: agentic-memory) · backlogId: "c4c68eec-9a43-4c58-ac35-04669934ea21"
  └ Output too large to read at once (62.8 KB). Saved to: /var/folders/fs/p8fxyq6...

● Count remaining tasks (shell)
  │ cd /Users/nghalinh2711/Development/student-repos/st22final02 && grep -c 'state'
  │ /var/folders/fs/p8fxyq611_d7_glm0yth2st80000gn/T/1784278698325-copilot-tool-output-qrp1f3.txt
  │ 2>/dev/null; echo "---"; grep '\[to_do\]'
  │ /var/folders/fs/p8fxyq611_d7_glm0yth2st80000gn/T/1784278698325-copilot-tool-output-qrp1f3.txt
  │ 2>/dev/null | head -20; echo "---"; grep '\[in_progress\]' …
  └ 23 lines…



● Claim Next Task (MCP: agentic-memory) · backlogId: "c4c68eec-9a43-4c58-ac35-04669934ea21"
  └ Claimed task "Actions command" (c4955034-1ea1-41f8-95ef-4b4d69e83e56) and mar...

● Search (grep)
  │ "Available actions|No available actions|actions" (examples.md)
  └ 41 lines found

● Edit GameState.java +33 -6
  └ src/edu/kit/kastel/alphazeta/GameState.java

● Edit GameState.java +1 -1
  └ src/edu/kit/kastel/alphazeta/GameState.java

● Edit CommandParser.java +7 -3
  └ src/edu/kit/kastel/alphazeta/CommandParser.java

● Compile and test actions command (shell)
  │ cd /Users/nghalinh2711/Development/student-repos/st22final02 && mvn compile --quiet 2>&1 &&
  │ printf "sword\nsensor,shield\nsword\nsword\nsensor\nsword\nABCD.................ZWXY\nactions
  │ A\nactions B\nactions Z\nactions Y\nquit\n" | java -cp target/classes
  │ edu.kit.kastel.alphazeta.Main 42 5 1 2>&1 | grep "^Available\|^No available\|^Alpha\|^Zeta"
  └ 8 lines…

● Check line lengths (shell)
  │ awk 'length > 120 {print FILENAME":"NR": "length" chars"}' /Users/nghalinh2711/Development/stude
  │ nt-repos/st22final02/src/edu/kit/kastel/alphazeta/GameState.java /Users/nghalinh2711/Development
  │ /student-repos/st22final02/src/edu/kit/kastel/alphazeta/CommandParser.java
  └ 1 line…

● Update Task (MCP: agentic-memory) · backlogId: "c4c68eec-9a43-4c58-ac35-04669934ea21", state: "do…
  └ Task "Actions command" (c4955034-1ea1-41f8-95ef-4b4d69e83e56) updated to stat...

● Claim Next Task (MCP: agentic-memory) · backlogId: "c4c68eec-9a43-4c58-ac35-04669934ea21"
  └ Claimed task "Endturn command" (d0406b83-6c25-4ad7-9f2f-7b95051e7496) and mar...

● Read GameState.java
  │ src/edu/kit/kastel/alphazeta/GameState.java
  └ L75:96 (22 lines read)

● Test endturn command (shell)
  │ cd /Users/nghalinh2711/Development/student-repos/st22final02 && printf
  │ "sword\nsword\nsword\nsword\nsword\nsword\nABCD.................ZWXY\nendturn\nendturn\nquit\n"
  │ | java -cp target/classes edu.kit.kastel.alphazeta.Main 42 5 1 2>&1 | grep "'s turn"
  └ 4 lines…



● Update Task (MCP: agentic-memory) · backlogId: "c4c68eec-9a43-4c58-ac35-04669934ea21", state: "do…
  └ Task "Endturn command" (d0406b83-6c25-4ad7-9f2f-7b95051e7496) updated to stat...

● Claim Next Task (MCP: agentic-memory) · backlogId: "c4c68eec-9a43-4c58-ac35-04669934ea21"
  └ Claimed task "Move action implementation" (ba2cb4ae-ab36-4cec-8d15-269b9ab317...

● Edit CommandParser.java +58 -2
  └ src/edu/kit/kastel/alphazeta/CommandParser.java

● Compile and test move action (shell)
  │ cd /Users/nghalinh2711/Development/student-repos/st22final02 && mvn compile --quiet 2>&1 &&
  │ printf "sword\nsword\nsword\nsword\nsword\nsword\nABCD.................ZWXY\nA move 0
  │ 1\nboard\nactions A\nquit\n" | java -cp target/classes edu.kit.kastel.alphazeta.Main 42 5 1 2>&1
  │ | grep -A10 "^Alpha's turn"
  └ 7 lines…



● Edit CommandParser.java +1 -1
  └ src/edu/kit/kastel/alphazeta/CommandParser.java

● Edit CommandParser.java +2 -4
  └ src/edu/kit/kastel/alphazeta/CommandParser.java

● Test move action and board display (shell)
  │ cd /Users/nghalinh2711/Development/student-repos/st22final02 && mvn compile --quiet 2>&1 &&
  │ printf "sword\nsword\nsword\nsword\nsword\nsword\nABCD.................ZWXY\nA move 0
  │ 1\nboard\nactions A\nquit\n" | java -cp target/classes edu.kit.kastel.alphazeta.Main 42 5 1 2>&1
  │ | grep -A12 "^Alpha's turn"
  └ 8 lines…

● Test move error cases (shell)
  │ cd /Users/nghalinh2711/Development/student-repos/st22final02 && printf
  │ "sword\nsword\nsword\nsword\nsword\nsword\nABCD.................ZWXY\nA move 10 0\nA move 0 3\nZ
  │ move 0 1\nquit\n" | java -cp target/classes edu.kit.kastel.alphazeta.Main 42 5 1 2>&1 | grep
  │ "^Error\|^Alpha\|^Zeta"
  └ 6 lines…

● Test move onto occupied tile (shell)
  │ cd /Users/nghalinh2711/Development/student-repos/st22final02 && printf
  │ "sword\nsword\nsword\nsword\nsword\nsword\nA1BCD................ZWXY\nA move 0 1\nquit\n" | java
  │ -cp target/classes edu.kit.kastel.alphazeta.Main 42 5 1 2>&1 | grep "^Error\|^Alpha"
  └ 4 lines…

● Check line lengths (shell)
  │ awk 'length > 120 {print FILENAME":"NR": "length" chars"}' /Users/nghalinh2711/Development/stude
  │ nt-repos/st22final02/src/edu/kit/kastel/alphazeta/CommandParser.java
  └ 1 line…

● Update Task (MCP: agentic-memory) · backlogId: "c4c68eec-9a43-4c58-ac35-04669934ea21", state: "do…
  └ Task "Move action implementation" (ba2cb4ae-ab36-4cec-8d15-269b9ab3172e) upda...

● Claim Next Task (MCP: agentic-memory) · backlogId: "c4c68eec-9a43-4c58-ac35-04669934ea21"
  └ Claimed task "Propel action implementation" (e347e087-a6bc-49ef-92d4-098d54cc...



● Test propel action with PROPULSION-equipped ship (shell)
  │ cd /Users/nghalinh2711/Development/student-repos/st22final02 && printf
  │ "propulsion,sword\nsword\nsword\nsword\nsword\nsword\nABCD.................ZWXY\nactions B\nB
  │ propel 0 1\nboard\nB move 0 2\nboard\nquit\n" | java -cp target/classes
  │ edu.kit.kastel.alphazeta.Main 42 5 1 2>&1 | grep
  │ "^Available\|^Alpha\|^Error\|^\.\.\.\.\.$\|^.BCD" | head -20
  └ 4 lines…

● Full test of propel and move in same turn (shell)
  │ cd /Users/nghalinh2711/Development/student-repos/st22final02 && printf
  │ "propulsion,sword\nsword\nsword\nsword\nsword\nsword\nABCD.................ZWXY\nactions B\nB
  │ propel 0 1\nboard\nB move 0 2\nboard\nquit\n" | java -cp target/classes
  │ edu.kit.kastel.alphazeta.Main 42 5 1 2>&1 | tail -20
  └ 21 lines…



● Update Task (MCP: agentic-memory) · backlogId: "c4c68eec-9a43-4c58-ac35-04669934ea21", state: "do…
  └ Task "Propel action implementation" (e347e087-a6bc-49ef-92d4-098d54cc0d47) up...

● Claim Next Task (MCP: agentic-memory) · backlogId: "c4c68eec-9a43-4c58-ac35-04669934ea21"
  └ Claimed task "Attack framework (dice roll, bonus, output)" (a7725263-1389-4b5...

● Edit Main.java +2 -1
  └ src/edu/kit/kastel/alphazeta/Main.java

● Create AttackResolver.java +106
  └ src/edu/kit/kastel/alphazeta/AttackResolver.java

● Edit CommandParser.java +4 -1
  └ src/edu/kit/kastel/alphazeta/CommandParser.java

● Compile and verify attack framework (shell)
  │ cd /Users/nghalinh2711/Development/student-repos/st22final02 && mvn compile --quiet 2>&1
  └ 1 line…

● Check line lengths (shell)
  │ awk 'length > 120 {print FILENAME":"NR": "length" chars"}' /Users/nghalinh2711/Development/stude
  │ nt-repos/st22final02/src/edu/kit/kastel/alphazeta/AttackResolver.java
  └ 1 line…

● Update Task (MCP: agentic-memory) · backlogId: "c4c68eec-9a43-4c58-ac35-04669934ea21", state: "do…
  └ Task "Attack framework (dice roll, bonus, output)" (a7725263-1389-4b5d-b1d4-e...

● Claim Next Task (MCP: agentic-memory) · backlogId: "c4c68eec-9a43-4c58-ac35-04669934ea21"
  └ Claimed task "Cover calculation" (1eba2760-79da-4abf-8b87-baae60c6ca5d) and m...



● Update Task (MCP: agentic-memory) · backlogId: "c4c68eec-9a43-4c58-ac35-04669934ea21", state: "do…
  └ Task "Cover calculation" (1eba2760-79da-4abf-8b87-baae60c6ca5d) updated to st...

● Claim Next Task (MCP: agentic-memory) · backlogId: "c4c68eec-9a43-4c58-ac35-04669934ea21"
  └ Claimed task "Strike and longshot actions" (60d2a1f2-068d-40d0-836f-594afd1a1...

● Edit CommandParser.java +122 -2
  └ src/edu/kit/kastel/alphazeta/CommandParser.java

● Check CommandParser imports (shell)
  │ head -7 /Users/nghalinh2711/Development/student-repos/st22final02/src/edu/kit/kastel/alphazeta/C
  │ ommandParser.java
  └ 7 lines…

● Edit CommandParser.java +1
  └ src/edu/kit/kastel/alphazeta/CommandParser.java

● Compile and test strike/longshot actions (shell)
  │ cd /Users/nghalinh2711/Development/student-repos/st22final02 && mvn compile --quiet 2>&1
  └ 1 line…

● Test strike and longshot actions (shell)
  │ cd /Users/nghalinh2711/Development/student-repos/st22final02 && printf
  │ "sword\nsensor\nsword\nsword\nsword\nsword\nABCD.................ZWXY\nB move 1 1\nendturn\nZ
  │ move 1 2\nendturn\nB strike Z\nquit\n" | java -cp target/classes edu.kit.kastel.alphazeta.Main
  │ 42 5 1 2>&1 | tail -12
  └ 13 lines…

● Test longshot action (shell)
  │ cd /Users/nghalinh2711/Development/student-repos/st22final02 && printf
  │ "railgun\nsword\nsword\nsword\nsword\nsword\nABCD.................ZWXY\nB move 4 0\nendturn\nZ
  │ move 4 4\nendturn\nB longshot Z\nquit\n" | java -cp target/classes edu.kit.kastel.alphazeta.Main
  │ 42 5 1 2>&1 | tail -10
  └ 11 lines…

● Test longshot with proper positioning (shell)
  │ cd /Users/nghalinh2711/Development/student-repos/st22final02 && printf
  │ "railgun\nsword\nsword\nsword\nsword\nsword\nABCD.................ZWXY\nB move 4 0\nendturn\nZ
  │ move 3 4\nendturn\nB longshot Z\nquit\n" | java -cp target/classes edu.kit.kastel.alphazeta.Main
  │ 42 5 1 2>&1 | tail -10
  └ 11 lines…

● Test strike with missing/missed case (shell)
  │ cd /Users/nghalinh2711/Development/student-repos/st22final02 && printf
  │ "sword\nsword\nsword\nsword\nsword\nsword\nABCD.................ZWXY\nB move 0 2\nendturn\nZ
  │ move 0 0\nendturn\nB strike Z\nquit\n" | java -cp target/classes edu.kit.kastel.alphazeta.Main
  │ 42 5 1 2>&1 | tail -8
  └ 9 lines…



● Check line lengths (shell)
  │ awk 'length > 120 {print FILENAME":"NR": "length" chars"}' /Users/nghalinh2711/Development/stude
  │ nt-repos/st22final02/src/edu/kit/kastel/alphazeta/CommandParser.java
  └ 1 line…

● Update Task (MCP: agentic-memory) · backlogId: "c4c68eec-9a43-4c58-ac35-04669934ea21", state: "do…
  └ Task "Strike and longshot actions" (60d2a1f2-068d-40d0-836f-594afd1a1b68) upd...

● Claim Next Task (MCP: agentic-memory) · backlogId: "c4c68eec-9a43-4c58-ac35-04669934ea21"
  └ Claimed task "Ramm action" (a227e587-8a14-458f-ac86-38cb3410fdee) and marked ...

● Edit CommandParser.java +7
  └ src/edu/kit/kastel/alphazeta/CommandParser.java

✗ Edit CommandParser.java
  │ src/edu/kit/kastel/alphazeta/CommandParser.java
  └ Multiple matches found

● Read CommandParser.java
  │ src/edu/kit/kastel/alphazeta/CommandParser.java
  └ L270:300 (31 lines read)

● Read CommandParser.java
  │ src/edu/kit/kastel/alphazeta/CommandParser.java
  └ L330:380 (51 lines read)

● Edit CommandParser.java +12
  └ src/edu/kit/kastel/alphazeta/CommandParser.java

● Edit CommandParser.java +28
  └ src/edu/kit/kastel/alphazeta/CommandParser.java

● Compile and test ramm action (shell)
  │ cd /Users/nghalinh2711/Development/student-repos/st22final02 && mvn compile --quiet 2>&1 &&
  │ printf "sword\nsword\nsword\nsword\nsword\nsword\nABCD.................ZWXY\nA move 0
  │ 3\nendturn\nZ move 0 2\nendturn\nA ramm Z\nquit\n" | java -cp target/classes
  │ edu.kit.kastel.alphazeta.Main 42 5 1 2>&1 | tail -8
  └ 9 lines…



● Edit GameState.java +2 -1
  └ src/edu/kit/kastel/alphazeta/GameState.java

● Compile and re-test ramm (shell)
  │ cd /Users/nghalinh2711/Development/student-repos/st22final02 && mvn compile --quiet 2>&1 &&
  │ printf "sword\nsword\nsword\nsword\nsword\nsword\nABCD.................ZWXY\nA move 0
  │ 3\nendturn\nZ move 0 2\nendturn\nA ramm Z\nquit\n" | java -cp target/classes
  │ edu.kit.kastel.alphazeta.Main 42 5 1 2>&1 | tail -8
  └ 9 lines…

● Test ramm against combat ship (shell)
  │ cd /Users/nghalinh2711/Development/student-repos/st22final02 && printf
  │ "sword\nsword\nsword\nsword\nsword\nsword\nABCD.................ZWXY\nA move 1 3\nendturn\nW
  │ move 1 2\nendturn\nA ramm W\nquit\n" | java -cp target/classes edu.kit.kastel.alphazeta.Main 42
  │ 5 1 2>&1 | tail -8
  └ 9 lines…

● Check line lengths (shell)
  │ awk 'length > 120 {print FILENAME":"NR": "length" chars"}' /Users/nghalinh2711/Development/stude
  │ nt-repos/st22final02/src/edu/kit/kastel/alphazeta/CommandParser.java /Users/nghalinh2711/Develop
  │ ment/student-repos/st22final02/src/edu/kit/kastel/alphazeta/GameState.java
  └ 1 line…

● Update Task (MCP: agentic-memory) · backlogId: "c4c68eec-9a43-4c58-ac35-04669934ea21", state: "do…
  └ Task "Ramm action" (a227e587-8a14-458f-ac86-38cb3410fdee) updated to state: d...

● Claim Next Task (MCP: agentic-memory) · backlogId: "c4c68eec-9a43-4c58-ac35-04669934ea21"
  └ Claimed task "Mark action" (e162982f-31a7-4698-99c6-698850ac9140) and marked ...



● Edit CommandParser.java +12 -6
  └ src/edu/kit/kastel/alphazeta/CommandParser.java

● Edit CommandParser.java +4
  └ src/edu/kit/kastel/alphazeta/CommandParser.java

● Edit CommandParser.java +4 -1
  └ src/edu/kit/kastel/alphazeta/CommandParser.java

● Compile and test mark action (shell)
  │ cd /Users/nghalinh2711/Development/student-repos/st22final02 && mvn compile --quiet 2>&1 &&
  │ printf "sensor\nsword\nsword\nsword\nsword\nsword\nABCD.................ZWXY\nB mark Z\nactions
  │ B\nquit\n" | java -cp target/classes edu.kit.kastel.alphazeta.Main 42 5 1 2>&1 | tail -6
  └ 7 lines…

● Test mark against combat ship (shell)
  │ cd /Users/nghalinh2711/Development/student-repos/st22final02 && printf
  │ "sensor\nsword\nsword\nsword\nsword\nsword\nABCD.................ZWXY\nB mark W\nactions
  │ B\nquit\n" | java -cp target/classes edu.kit.kastel.alphazeta.Main 42 5 1 2>&1 | tail -5
  └ 6 lines…

● Check line lengths (shell)
  │ awk 'length > 120 {print FILENAME":"NR": "length" chars"}' /Users/nghalinh2711/Development/stude
  │ nt-repos/st22final02/src/edu/kit/kastel/alphazeta/CommandParser.java
  └ 1 line…

● Update Task (MCP: agentic-memory) · backlogId: "c4c68eec-9a43-4c58-ac35-04669934ea21", state: "do…
  └ Task "Mark action" (e162982f-31a7-4698-99c6-698850ac9140) updated to state: d...

● Claim Next Task (MCP: agentic-memory) · backlogId: "c4c68eec-9a43-4c58-ac35-04669934ea21"
  └ Claimed task "Module destruction dialog and auto-destruction logic" (49afbebe...

● Edit CommandParser.java +4 -9
  └ src/edu/kit/kastel/alphazeta/CommandParser.java

● Edit CommandParser.java +5 -6
  └ src/edu/kit/kastel/alphazeta/CommandParser.java

● Edit CommandParser.java +139 -13
  └ src/edu/kit/kastel/alphazeta/CommandParser.java

● Compile and test module destruction dialog (shell)
  │ cd /Users/nghalinh2711/Development/student-repos/st22final02 && mvn compile --quiet 2>&1
  └ 1 line…

● Test module destruction dialog (shell)
  │ cd /Users/nghalinh2711/Development/student-repos/st22final02 && printf
  │ "sword\nsword\nsword\npropulsion,sensor,shield\nsword\nsword\nABCD.................ZWXY\nB move
  │ 1 1\nendturn\nW move 1 0\nendturn\nB strike W\nSENSOR\nquit\n" | java -cp target/classes
  │ edu.kit.kastel.alphazeta.Main 42 5 1 2>&1 | tail -15
  └ 16 lines…

● Test dialog with closer ships (shell)
  │ cd /Users/nghalinh2711/Development/student-repos/st22final02 && printf
  │ "sword\nsword\nsword\npropulsion,sensor,shield\nsword\nsword\nABCD.................ZWXY\nB move
  │ 1 1\nendturn\nW move 1 3\nendturn\nB move 1 2\nB strike W\nSENSOR\nquit\n" | java -cp
  │ target/classes edu.kit.kastel.alphazeta.Main 42 5 1 2>&1 | tail -20
  └ 21 lines…

● Check line lengths (shell)
  │ awk 'length > 120 {print FILENAME":"NR": "length" chars"}' /Users/nghalinh2711/Development/stude
  │ nt-repos/st22final02/src/edu/kit/kastel/alphazeta/CommandParser.java
  └ 1 line…

● Update Task (MCP: agentic-memory) · backlogId: "c4c68eec-9a43-4c58-ac35-04669934ea21", state: "do…
  └ Task "Module destruction dialog and auto-destruction logic" (49afbebe-dcef-46...

● Claim Next Task (MCP: agentic-memory) · backlogId: "c4c68eec-9a43-4c58-ac35-04669934ea21"
  └ Claimed task "Quit command" (fb175269-a86c-459e-b6a4-c7e08d41a0f9) and marked...



● Test quit during setup, board, and gameplay (shell)
  │ cd /Users/nghalinh2711/Development/student-repos/st22final02 && printf "quit\n" | java -cp
  │ target/classes edu.kit.kastel.alphazeta.Main 42 5 1 2>&1; echo "Exit: $?" && printf
  │ "sword\nsword\nsword\nquit\n" | java -cp target/classes edu.kit.kastel.alphazeta.Main 42 5 1
  │ 2>&1 | tail -3; echo "Exit: $?" && printf
  │ "sword\nsword\nsword\nsword\nsword\nsword\nABCD.................ZWXY\nquit\n" | java -cp …
  └ 15 lines…

● Update Task (MCP: agentic-memory) · backlogId: "c4c68eec-9a43-4c58-ac35-04669934ea21", state: "do…
  └ Task "Quit command" (fb175269-a86c-459e-b6a4-c7e08d41a0f9) updated to state: ...

● Claim Next Task (MCP: agentic-memory) · backlogId: "c4c68eec-9a43-4c58-ac35-04669934ea21"
  └ Claimed task "Ship destruction and game end" (f6a7a162-907d-471f-b321-f7a7ae8...

● Request failed due to a transient API error. Retrying...

● Edit CommandParser.java +2
  └ src/edu/kit/kastel/alphazeta/CommandParser.java

✗ Edit CommandParser.java
  │ src/edu/kit/kastel/alphazeta/CommandParser.java
  └ No match found

● Read CommandParser.java
  │ src/edu/kit/kastel/alphazeta/CommandParser.java
  └ L458:510 (53 lines read)

● Read CommandParser.java
  │ src/edu/kit/kastel/alphazeta/CommandParser.java
  └ L499:590 (92 lines read)

● Request failed due to a transient API error. Retrying...

● Edit CommandParser.java +2 -1
  └ src/edu/kit/kastel/alphazeta/CommandParser.java

● Edit CommandParser.java +1
  └ src/edu/kit/kastel/alphazeta/CommandParser.java

● Edit CommandParser.java +1
  └ src/edu/kit/kastel/alphazeta/CommandParser.java

● Read CommandParser.java
  │ src/edu/kit/kastel/alphazeta/CommandParser.java
  └ L82:105 (24 lines read)

● Edit CommandParser.java +6 -6
  └ src/edu/kit/kastel/alphazeta/CommandParser.java

● Edit CommandParser.java +15
  └ src/edu/kit/kastel/alphazeta/CommandParser.java

● Compile and test ship destruction and game end (shell)
  │ cd /Users/nghalinh2711/Development/student-repos/st22final02 && mvn compile --quiet 2>&1
  └ 1 line…

● Test ship destruction and game end (shell)
  │ cd /Users/nghalinh2711/Development/student-repos/st22final02 && printf
  │ "sword\nsword\nsword\nsword\nsword\nsword\nABCD.........1....ZWXY\nB move 1 1\nendturn\nZ move 1
  │ 2\nendturn\nB strike Z\nB strike Z\nquit\n" | java -cp target/classes
  │ edu.kit.kastel.alphazeta.Main 42 5 0 2>&1 | tail -15
  └ 16 lines…

● Test ship destruction with correct board string (shell)
  │ cd /Users/nghalinh2711/Development/student-repos/st22final02 && printf
  │ "sword\nsword\nsword\nsword\nsword\nsword\nABCD............1....ZWXY\nB move 1 1\nendturn\nZ
  │ move 1 2\nendturn\nB strike Z\nB strike Z\nquit\n" | java -cp target/classes
  │ edu.kit.kastel.alphazeta.Main 42 5 0 2>&1 | tail -15
  └ 16 lines…

● Check line lengths (shell)
  │ awk 'length > 120 {print FILENAME":"NR": "length" chars"}' /Users/nghalinh2711/Development/stude
  │ nt-repos/st22final02/src/edu/kit/kastel/alphazeta/CommandParser.java
  └ 1 line…

● Update Task (MCP: agentic-memory) · backlogId: "c4c68eec-9a43-4c58-ac35-04669934ea21", state: "do…
  └ Task "Ship destruction and game end" (f6a7a162-907d-471f-b321-f7a7ae8c13a1) u...

● Claim Next Task (MCP: agentic-memory) · backlogId: "c4c68eec-9a43-4c58-ac35-04669934ea21"
  └ Claimed task "Error handling and output format verification" (5c9235d2-ff49-4...



● Search (grep)
  │ "Seed 1|Size 5|Example interaction|vollständig" (examples.md)
  └ 1 line found

● Search (grep)
  │ "vollständige Beispielinteraktion" (examples.md)
  └ 101 lines found

● Search (grep)
  │ "## 2" (examples.md)
  └ 1 line found

● Explore(deepseek-v4-pro) Extract example test inputs
  └ Read examples.md
      └ L194:end (97 lines read)

● Run full example interaction test (shell)
  │ cd /Users/nghalinh2711/Development/student-repos/st22final02 && printf
  │ "RAILGUN,SHIELD,SENSOR\nSWORD,SWORD\nSWORD,SWORD\nRAILGUN,SHIELD,SWORD\nSWORD,SWORD\nSWORD,SWO
  │ RD\nA1..W.D...C2..X..2.1B.Y.Z\nhelp\na move 0 3\nactions a\nb longshot x\nendturn\nw longshot
  │ c\nw move 2 1\nendturn\nb move 1 4\nb mark y\nb longshot x\nendturn\nboard\nw move 2 0\nw
  │ longshot b\nRAILGUN\nendturn\nb ramm y\nendturn\nw longshot a\ny move 0 4\ny strike a\n" | …
  └ 59 lines…

● Read examples.md
  └ L194:310 (97 lines read)



● Edit AttackResolver.java +1 -3
  └ src/edu/kit/kastel/alphazeta/AttackResolver.java

● Compile and re-run full example with containers=2 (shell)
  │ cd /Users/nghalinh2711/Development/student-repos/st22final02 && mvn compile --quiet 2>&1 &&
  │ printf "RAILGUN,SHIELD,SENSOR\nSWORD,SWORD\nSWORD,SWORD\nRAILGUN,SHIELD,SWORD\nSWORD,SWORD\nSW
  │ ORD,SWORD\nA1..W.D...C2..X..2.1B.Y.Z\nhelp\na move 0 3\nactions a\nb longshot x\nendturn\nw
  │ longshot c\nw move 2 1\nendturn\nb move 1 4\nb mark y\nb longshot x\nendturn\nboard\nw move 2
  │ 0\nw longshot b\nRAILGUN\nendturn\nb ramm y\nendturn\nw longshot a\ny move 0 4\ny strike a\n" …
  └ 65 lines…



● Check line lengths (shell)
  │ awk 'length > 120 {print FILENAME":"NR": "length" chars"}' /Users/nghalinh2711/Development/stude
  │ nt-repos/st22final02/src/edu/kit/kastel/alphazeta/AttackResolver.java
  └ 1 line…

● Update Task (MCP: agentic-memory) · backlogId: "c4c68eec-9a43-4c58-ac35-04669934ea21", state: "do…
  └ Task "Error handling and output format verification" (5c9235d2-ff49-4dc4-bae5...

● Claim Next Task (MCP: agentic-memory) · backlogId: "c4c68eec-9a43-4c58-ac35-04669934ea21"
  └ Claimed task "Checkstyle, JavaDoc, and code quality compliance" (c630f01d-b1e...



● Check for System.exit usage and disallowed imports (shell)
  │ cd /Users/nghalinh2711/Development/student-repos/st22final02 && echo "=== System.exit usage
  │ ===" && grep -rn "System.exit\|Runtime.exit\|Runtime.halt" src/ || echo "None found" && echo
  │ "=== Imports check ===" && grep -rn "^import" src/ | grep -v
  │ "java.lang\|java.io\|java.util\|java.util.regex\|java.util.stream\|java.util.function" || echo
  │ "All imports allowed" && echo "=== @author TODO check ===" && grep -rn "@author TODO" src/ | …
  └ 9 lines…

● Check for checkstyle and run compilation (shell)
  │ cd /Users/nghalinh2711/Development/student-repos/st22final02 && echo "=== Compile ===" && mvn
  │ compile --quiet 2>&1 && echo "OK" && echo "=== Checkstyle plugin ===" && grep -A5
  │ "checkstyle\|maven-checkstyle" pom.xml || echo "No checkstyle plugin in pom" && echo "===
  │ Checkstyle config ===" && ls checkstyle.xml 2>/dev/null && echo "=== Line length final check
  │ ===" && find src -name "*.java" -exec awk 'length > 120 {print FILENAME":"NR": "length" …
  └ 114 lines…



● Update Task (MCP: agentic-memory) · backlogId: "c4c68eec-9a43-4c58-ac35-04669934ea21", state: "do…
  └ Task "Checkstyle, JavaDoc, and code quality compliance" (c630f01d-b1e0-4234-9...



● Claim Next Task (MCP: agentic-memory) · backlogId: "c4c68eec-9a43-4c58-ac35-04669934ea21"
  └ No claimable to_do task remains in this backlog.

● Get Tasks (MCP: agentic-memory) · backlogId: "c4c68eec-9a43-4c58-ac35-04669934ea21"
  └ Output too large to read at once (62.7 KB). Saved to: /var/folders/fs/p8fxyq6...

● Check for non-done tasks (shell)
  │ grep -E '\[(to_do|in_progress|blocked)\]'
  │ /var/folders/fs/p8fxyq611_d7_glm0yth2st80000gn/T/1784280919865-copilot-tool-output-xu4p55.txt |
  │ head -5; echo "---"; grep -c '\[done\]'
  │ /var/folders/fs/p8fxyq611_d7_glm0yth2st80000gn/T/1784280919865-copilot-tool-output-xu4p55.txt
  └ 3 lines…



● Read README.md
  └ 3 lines read

● skill(delivery-port-check)



● Edit README.md +78 -3

● Final compile and quick test (shell)
  │ cd /Users/nghalinh2711/Development/student-repos/st22final02 && mvn compile --quiet 2>&1 && echo
  │ "Build: OK" && echo "quit" | java -cp target/classes edu.kit.kastel.alphazeta.Main 42 5 1 2>&1 |
  │ head -3
  └ 5 lines…

● List all Java source files (shell)
  │ find /Users/nghalinh2711/Development/student-repos/st22final02/src -name "*.java" | sort
  └ 16 lines…







Changes    +2846 -131
Duration   49m 40s
Tokens     ↑ 22.0m (21.9m cached) • ↓ 76.4k (16.7k reasoning)
[delivery] Coding agent exited with code 0
[delivery] Backlog verification passed.
[delivery] Phase E: Feedback

[delivery] Feedback agent — interactive session.
[delivery] Provide feedback to the agent. Exit the session (Ctrl+C or /exit) when done.


===== st22final02 started at 2026-07-23T13:15:38Z =====
PROGRAMMING_DIR=/Users/nghalinh2711/Development/student-repos/st22final02
DELIVERY_AGENT_CONTEXT_PROJECT=ProgrammingST22-Final2
DELIVERY_AGENT_CONTEXT_DOMAIN=st22final02
COMMAND=pnpm delivery:run --exercise 

$ tsx delivery/run.ts --exercise
[delivery:knowledgebase] Ensuring guidelines.md is ingested for domain st22final02 before exercise requirements
[delivery:knowledgebase] Uploading guidelines.md to Vercel Blob for domain st22final02
[delivery:knowledgebase] Registered guidelines upload job 2fe9c84d-3a50-462b-9206-9c3e8466455f; waiting for ingestion
[delivery:knowledgebase] Guidelines ingestion job 2fe9c84d-3a50-462b-9206-9c3e8466455f: processing
[delivery:knowledgebase] Guidelines ingestion job 2fe9c84d-3a50-462b-9206-9c3e8466455f: processing
[delivery:knowledgebase] Guidelines ingestion job 2fe9c84d-3a50-462b-9206-9c3e8466455f: processing
[delivery:knowledgebase] Guidelines ingestion job 2fe9c84d-3a50-462b-9206-9c3e8466455f: processing
[delivery:knowledgebase] Guidelines ingestion job 2fe9c84d-3a50-462b-9206-9c3e8466455f: processing
[delivery:knowledgebase] Guidelines ingestion job 2fe9c84d-3a50-462b-9206-9c3e8466455f: processing
[delivery:knowledgebase] Guidelines ingestion job 2fe9c84d-3a50-462b-9206-9c3e8466455f: processing
[delivery:knowledgebase] Guidelines ingestion job 2fe9c84d-3a50-462b-9206-9c3e8466455f: processing
[delivery:knowledgebase] Guidelines ingestion job 2fe9c84d-3a50-462b-9206-9c3e8466455f: processing
[delivery:knowledgebase] Guidelines ingestion job 2fe9c84d-3a50-462b-9206-9c3e8466455f: processing
[delivery:knowledgebase] Guidelines ingestion job 2fe9c84d-3a50-462b-9206-9c3e8466455f: processing
[delivery:knowledgebase] Guidelines ingestion job 2fe9c84d-3a50-462b-9206-9c3e8466455f: processing
[delivery:knowledgebase] Guidelines ingestion job 2fe9c84d-3a50-462b-9206-9c3e8466455f: processing
[delivery:knowledgebase] Guidelines ingestion job 2fe9c84d-3a50-462b-9206-9c3e8466455f: processing
[delivery:knowledgebase] Guidelines ingestion job 2fe9c84d-3a50-462b-9206-9c3e8466455f: processing
[delivery:knowledgebase] Guidelines ingestion job 2fe9c84d-3a50-462b-9206-9c3e8466455f: processing
[delivery:knowledgebase] Guidelines ingestion job 2fe9c84d-3a50-462b-9206-9c3e8466455f: processing
[delivery:knowledgebase] Guidelines ingestion job 2fe9c84d-3a50-462b-9206-9c3e8466455f: processing
[delivery:knowledgebase] Guidelines ingestion job 2fe9c84d-3a50-462b-9206-9c3e8466455f: processing
[delivery:knowledgebase] Guidelines ingestion job 2fe9c84d-3a50-462b-9206-9c3e8466455f: processing
[delivery:knowledgebase] Guidelines ingestion job 2fe9c84d-3a50-462b-9206-9c3e8466455f: processing
[delivery:knowledgebase] Guidelines ingestion job 2fe9c84d-3a50-462b-9206-9c3e8466455f: processing
[delivery:knowledgebase] Guidelines ingestion job 2fe9c84d-3a50-462b-9206-9c3e8466455f: processing
[delivery:knowledgebase] Guidelines ingestion job 2fe9c84d-3a50-462b-9206-9c3e8466455f: processing
[delivery:knowledgebase] Guidelines ingestion job 2fe9c84d-3a50-462b-9206-9c3e8466455f: processing
[delivery:knowledgebase] Guidelines ingestion job 2fe9c84d-3a50-462b-9206-9c3e8466455f: processing
[delivery:knowledgebase] Guidelines ingestion job 2fe9c84d-3a50-462b-9206-9c3e8466455f: succeeded
[delivery:knowledgebase] Guidelines ingestion succeeded for domain st22final02 (job 2fe9c84d-3a50-462b-9206-9c3e8466455f)

[delivery] Run ID: 20260723-151539
[delivery] Assignment: /Users/nghalinh2711/Development/student-repos/st22final02
[delivery] Assignment ID: st22final02
[delivery] Coding session: 20260723-151539-coding
[delivery] Requirements session: 20260723-151539-req
[delivery] Requirements log: /Users/nghalinh2711/Development/eval/programming/20260723-151539/requirements-output.log

[delivery] Phase A: Requirements

[delivery:requirements] Exercise stream: 11 turns for st22final02 (starting at turn 1)
[delivery:requirements] Output log: /Users/nghalinh2711/Development/eval/programming/20260723-151539/requirements-output.log
[delivery:requirements] Turn 1/11: Introduction
● [adaptive-context] GET http://localhost:4444/api/agents/7af7809a-adce-4fa9-9609-fd61059de0ff/sessi
  ons/20260723-151539-req/context?input=Ich+arbeite+an+einer+Abschluss-Programmieraufgabe.+Ich+werde
  +dir+die+Aufgabe+im+Folgenden+abschnittsweise+%C3%BCbermitteln.+Lies+sie+dir+durch+und+verschaffe+
  dir+zun%C3%A4chst+einen+%C3%9Cberblick+%C3%BCber+den+Kontext%2C+bevor+der+Backlog-+und+Task-Erstel
  lung.+Achte+dabei+unbedingt+auf+die+vorgegebenen+Regeln+und+Richtlinien.&project=ProgrammingST22-F
  inal2&role=requirements&task=Understand+the+st22final02+and+create+its+backlog+when+prompted.&time
  stamp=2026-07-23T13%3A17%3A53.933Z&domain=st22final02

● Injected adaptive memory context into system prompt

● <adaptive_rules>
  - Adhere to the JavaDoc documentation rules.
  - All whitespace rules must be followed.
  - Calls to System.exit(), Runtime.exit() or similar must not be used.
  - Choose appropriate visibilities for classes, methods, and attributes.
  - Do not use the default package.
  - Follow all rules for variable, method, and package naming.
  - Maximum line width of source files is 120 characters.
  - Only the listed Java library packages may be used: java.lang, java.io, java.util,
  java.util.regex, java.util.stream, java.util.function.
  - Submitted program code must compile without errors.
  - The online submission requires individual submission of *.java files with the correct folder
  structure.
  - Use System.in for input and System.out for output unless otherwise specified; do not reassign
  these streams.
  - You must pass the mandatory tests; failure to pass them results in an automatic zero for the
  submission.
  - Interactive program outputs must match the specification exactly, including case, spaces and
  newlines, and no extra information may be printed.
  - The user interface must be case-insensitive (input case is ignored).
  - Program code must be written in English.
  </adaptive_rules>

  <memories>
    - The repository ProgrammingST22-Final1 relates to the assignment 'Abschlussaufgabe 1 —
  KastelScholar'.
    - The repository ProgrammingST22-Final1 is the SS 2022 final assignment named "KastelScholar".
    - ProgrammingST22-Final1 relates to KastelScholar, the literature/citation management
  assignment.
    - The assignment is for the course 'Programmieren'.
    - ProgrammingST22-Final1 implements the set of 11 CLI query commands defined in task.md section
  4.3 (Anfragen).
    - The assignment 'Abschlussaufgabe 1 — KastelScholar' is for the course 'Programmieren'.
    - ProgrammingST22-Final1 relates to KastelScholar command implementation (all 20 commands
  implemented)
    - ProgrammingST22-Final1 is required to be Checkstyle-conformant.
    - ProgrammingST22-Final1 requires all program outputs to exactly match the specification (case,
  spaces, and line breaks).
  </memories>
  <knowledge>
    - Der Befehl `help` listet alle Befehle des Systems in einer fest vorgegebenen Reihenfolge auf.
    - Bei Fehleingaben im Dialog wird eine Fehlermeldung ausgegeben und erneute Eingabe verlangt;
  der einleitende Text wird nicht wiederholt.
    - Für die Aktionen 'move' und 'propel' ist das Aktions-Schema '<AKTEUR> <AKTION> <X> <Y>'.
    - Werden alle Module eines Schiffs oder alle bis auf die Engine zerstört, wird nicht
  nachgefragt; Reihenfolge der Ausgabe = Konfigurationsphase-Reihenfolge.
    - Der Befehl `actions <SHIP>` gibt die in dieser Runde noch nicht verwendeten Aktionen aus,
  alphabetisch sortiert und in Großbuchstaben.
  </knowledge>
  <entity_paths>
    - ProgrammingST22-Final1 USES <id>: ProgrammingST22-Final1 uses the placeholder <id> which must
  be an identifier containing only lowercase letters and digits.
    - ProgrammingST22-Final1 USES <venue>: ProgrammingST22-Final1 uses the placeholder <venue> which
   must be either 'journal <journal>' or 'series <series>' referencing an existing publication
  venue.
    - ProgrammingST22-Final1 USES <float>: ProgrammingST22-Final1 uses the `<float>` placeholder to
  mean a floating-point number formatted with exactly three decimal places (X.XXX), using `.` as
  separator and truncated (not rounded); values are assumed ≤ 10^6.; ProgrammingST22-Final1 uses the
   placeholder <float> which must be printed with exactly three decimal places, using a dot and
  truncation (no rounding).
    - ProgrammingST22-Final1 USES Java SE 17: ProgrammingST22-Final1 uses Java SE 17 as its
  language/runtime.; ProgrammingST22-Final1 uses Java SE 17 (project compiles cleanly under Java SE
  17)
    - ProgrammingST22-Final1 USES quit: ProgrammingST22-Final1 uses the 'quit' command to terminate;
   it processes inputs until 'quit' is entered.
    - ProgrammingST22-Final1 USES Checkstyle: ProgrammingST22-Final1 uses Checkstyle compliance as a
   core constraint
    - ProgrammingST22-Final1 USES System.in: ProgrammingST22-Final1 uses System.in for program
  input.; ProgrammingST22-Final1 reads interactive commands from System.in (standard input).
    - ProgrammingST22-Final1 USES System.out: ProgrammingST22-Final1 uses System.out for program
  output.
    - ProgrammingST22-Final1 USES <publisher> / <journal> / <series> / <location> / <title>:
  ProgrammingST22-Final1 uses several text fields (<publisher>, <journal>, <series>, <location>,
  <title>) that must not contain newlines, commas or semicolons.
    - ProgrammingST22-Final1 USES publication identifier (lowercase+digits): ProgrammingST22-Final1
  requires publication identifiers composed only of lowercase letters and digits
    - ProgrammingST22-Final1 USES case-sensitive identifiers and names: ProgrammingST22-Final1
  treats identifiers and author names as case-sensitive
    - ProgrammingST22-Final1 USES bibliography sorting order: ProgrammingST22-Final1 requires the
  literature list to be sorted by: authors (last, first) pairwise, title, year, then publication
  identifier, with missing n-th author sorting before existing
    - ProgrammingST22-Final1 USES Reference year constraint (must be earlier): References may only
  cite publications with an earlier publication year
    - ProgrammingST22-Final1 USES Keyword: ProgrammingST22-Final1 uses the placeholder <keyword>
  which must consist only of lowercase letters.
    - ProgrammingST22-Final1 USES System.err: ProgrammingST22-Final1 may optionally use System.err
  for error messages.
    - ProgrammingST22-Final1 USES <index> / <year>: ProgrammingST22-Final1 uses numeric placeholders
   with ranges: <index> is an integer >= 0 and <year> is an integer in [0, 9999].
    - ProgrammingST22-Final1 USES <publications> / <authors> / <bibliography>:
  ProgrammingST22-Final1 uses output formatting rules: <publications> is newline-separated sorted by
   id lexicographically; <authors> is newline-separated sorted by lastname then firstname;
  <bibliography> is sorted with one entry per line formatted per chosen style.
    - ProgrammingST22-Final1 USES <author> / <firstname> / <lastname>: ProgrammingST22-Final1 uses
  author and name token rules: <author> is '<firstname> <lastname>' and firstname/lastname contain
  no spaces, newlines, commas or semicolons.
    - ProgrammingST22-Final1 USES ACM Simplified ('acm') and APA Simplified ('apa') bibliography
  styles: ProgrammingST22-Final1 requires implementation of two bibliography styles: ACM Simplified
  ('acm') and APA Simplified ('apa') with the specified formatting rules
    - ProgrammingST22-Final1 USES <style>: ProgrammingST22-Final1 uses the placeholder <style>
  restricted to the identifiers 'acm' or 'apa'.
  </entity_paths>
  <entity_matches>
    - Backlog (22 tasks) (score: 0.77) — Twenty-two prioritized sequential development tasks
    - Abschlussaufgabe 1 — KastelScholar metadata (score: 0.76) — Assignment metadata:
  Programmieren; Sommersemester 2022; Prof. Anne Koziolek; Institute of Information Security; 20
  points; v1.3
    - ProgrammingST22-Final1 (score: 0.76) — Exercise repository implementing the KastelScholar
  backlog
    - Abschlussaufgabe 1 — KastelScholar (score: 0.75) — Assignment title and description stored in
  task.md.
    - task.md (score: 0.75) — Assignment specification document for ProgrammingST22-Final1.
  </entity_matches>
  <insights>
    - Agent community around ProgrammingST22-Final1, <venue>, Java SE 17 connects Case-sensitive
  unique identifier rule, Error message prefix 'Error,', System.in. Relevant agent facts:
  ProgrammingST22-Final1 enforces case-sensitive uniqueness for entity identifiers and must error on
   duplicate creation.; task.md requires `<venue>` to be formatted as `journal <journal>` for
  journals or `series <series>` for conference series.; ProgrammingST22-Final1 relates to the
  `<venue>` placeholder format: use `journal <journal>` for journals or `series <series>` for
  conference series.
    - Agent community around <firstname>, <lastname>, Author. Relevant agent facts: task.md defines
  `<author>` as `<firstname> <lastname>` and restricts `<firstname>` and `<lastname>` to strings
  without spaces, line breaks, commas, or semicolons.; Authors are uniquely identified by their
  first and last names (case-sensitive); Authors are uniquely identified in ProgrammingST22-Final1
  by the combination of first name and last name (case-sensitive)
    - Agent community around Bibliography, Sorting: authors by last/first, then title/year/id;
  missing n-th author before existing. Relevant agent facts: task.md defines `<bibliography>` as the
   output of a sorted bibliography, one entry per line, formatted according to the chosen style.;
  Bibliography sorting: compare authors by last then first name, then title, year, id; missing n-th
  author sorts before an existing n-th author; ProgrammingST22-Final1 relates to the
  `<bibliography>` placeholder representing the output of a sorted bibliography: one bibliography
  entry per line, entry format determined by the chosen style.
    - Agent community around <id>, <title>. Relevant agent facts: task.md defines `<id>` as a
  publication identifier of only lowercase letters and digits, and `<title>` as a string without
  line breaks, commas, or semicolons.; ProgrammingST22-Final1 uses the placeholder <id> which must
  be an identifier containing only lowercase letters and digits.
    - Agent community around publisher, Journal, <series> connects exactly one publisher. Relevant
  agent facts: Journal entities have exactly one publisher; task.md requires `<publisher>`,
  `<journal>`, `<series>`, and `<location>` to be strings without line breaks, commas, or
  semicolons.; A Journal has exactly one publisher
  </insights>

● adaptive-memory extension active (role=requirements, memorySession=20260723-151539-req) - type
  /memory-help. MCP tools registered (memory=true, backlog=true).



● List directory .
  └ 6 files found

● List directory context
  └ 1 file found

● [turn-persistence] [turn-persistence] turn_end SKIPPED ai: no assistant message with content







Changes    +0 -0
Duration   15s
Tokens     ↑ 66.0k (45.3k cached) • ↓ 482 (165 reasoning)
[delivery:requirements] Turn 1/11 complete
[delivery:requirements] Turn 2/11: task.md — segment 1/9 — Abschlussaufgabe 2 — AlphaZeta (AZ)
● [adaptive-context] GET http://localhost:4444/api/agents/7af7809a-adce-4fa9-9609-fd61059de0ff/sessi
  ons/20260723-151539-req/context?input=Dokument%3A+task.md%0ASegment%3A+1%2F9%0AAbschnitt%3A+Abschl
  ussaufgabe+2+%E2%80%94+AlphaZeta+%28AZ%29%0A%0ALies+diesen+Abschnitt+sorgf%C3%A4ltig+und+behalte+d
  en+Kontext.+Erstelle+noch+keinen+Backlog+und+noch+keine+Tasks.+Warte+damit+bis+zum+abschlie%C3%9Fe
  nden+%2Ffinalize.%0A%0A%23+Abschlussaufgabe+2+%E2%80%94+AlphaZeta+%28AZ%29%0A%0A**Vorlesung%3A**+P
  rogrammieren%0A**Semester%3A**+Sommersemester+2022%0A**Dozent%3A**+Prof.+Dr.-Ing.+Anne+Koziolek%0A
  **Gruppe%3A**+Institute+of+Information+Security+and+Dependability%0A**Punkte%3A**+20+Punkte%0A**Ve
  rsion%3A**+1.4%0A%0A*AlphaZeta*+%28*AZ*%29+spielt+in+der+fernen+Zukunft+des+Jahres+2985%2C+in+der+
  die+zwei+gr%C3%B6%C3%9Ften+Unternehmen+der+Erde+zwei+k%C3%BCnstliche+Intelligenzen+%28KIs%29+%E2%8
  0%94+*A*+und+*Z*+%E2%80%94+erschaffen+haben.%0ADie+Aufgabe+dieser+KIs+ist+es%2C+Ressourcen+aus+dem
  +Asteroideng%C3%BCrtel+unseres+Sonnensystems+zu+gewinnen%2C+w%C3%A4hrend+sich+die+KIs+gegenseitig+
  bek%C3%A4mpfen.%0A%0AIm+Folgenden+wird+zun%C3%A4chst+das+Spiel+als+solches+erkl%C3%A4rt.%0AAnschli
  e%C3%9Fend+wird+die+zu+programmierende+Benutzerschnittstelle+erl%C3%A4utert.&project=ProgrammingST
  22-Final2&role=requirements&task=Understand+the+st22final02+and+create+its+backlog+when+prompted.&
  timestamp=2026-07-23T13%3A18%3A12.327Z&domain=st22final02

● Injected adaptive memory context into system prompt

● <adaptive_rules>
  - - Sonst: Über Dialogsystem wird entschieden. Wahltext: `<Decider> must select <N> of <Ship>s
  module(s) (separated by comma):` Die Auflistung ... alphabetischer Reihenfolge.
  - Interactive program outputs must match the specification exactly, including case, spaces and
  newlines, and no extra information may be printed.
  - The user interface must be case-insensitive (input case is ignored).
  - Die Aktion propel ist nur verfügbar, wenn das Raumschiff ein Propulsion-Modul besitzt.
  - Program code must be written in English.
  - Submitted program code must compile without errors.
  - Ramm darf nur eingesetzt werden, wenn das angreifende Raumschiff keine Waffen-Module mehr hat.
  </adaptive_rules>

  <memories>
    - The repository ProgrammingST22-Final1 relates to the assignment 'Abschlussaufgabe 1 —
  KastelScholar'.
    - The repository ProgrammingST22-Final1 is the SS 2022 final assignment named "KastelScholar".
    - The assignment is for the course 'Programmieren'.
    - The assignment 'Abschlussaufgabe 1 — KastelScholar' is for the course 'Programmieren'.
    - ProgrammingST22-Final1 relates to KastelScholar, the literature/citation management
  assignment.
    - ProgrammingST22-Final1 relates to KastelScholar command implementation (all 20 commands
  implemented)
    - ProgrammingST22-Final1 implements the set of 11 CLI query commands defined in task.md section
  4.3 (Anfragen).
    - ProgrammingST22-Final1 requires all program outputs to exactly match the specification (case,
  spaces, and line breaks).
    - ProgrammingST22-Final1 is required to be Checkstyle-conformant.
    - ProgrammingST22-Final1 relates to package edu.kit.kastel.scholar containing Main.java,
  CommandParser.java, and CommandExecutor.java (command-reading loop, command parsing, command
  execution)
    - ProgrammingST22-Final1 RELATES_TO the examples document that contains full example
  interactions and outputs
  </memories>
  <knowledge>
    - Sonst wird über Dialogsystem entschieden; Wahltext: `<Decider> must select <N> of <Ship>s
  module(s) (separated by comma):`; Auflistung alphabetisch.
    - Beim Spielende wird ausgegeben, welche KI gewonnen hat; anschließend wird das Spiel beendet.
    - Aktions-Schemata für Aktionen gegen ein Ziel-Schiff verwenden das Format '<AKTEUR> <AKTION>
  <ZIEL>'.
    - Erfolgreiche Aktion ohne Modul-Zerstörung gibt nach Bonus-Ausgabe in neuer Zeile `missed` aus.
    - Für die Aktionen 'move' und 'propel' ist das Aktions-Schema '<AKTEUR> <AKTION> <X> <Y>'.
    - Bei Modul-Zerstörung wird für jedes Modul `<Ship> looses <Module>` ausgegeben in der
  Reihenfolge der KI-Auswahl bzw. Konfigurationsreihenfolge.
    - Bei hit entscheidet die angegriffene KI; bei kritischem Treffer oder markiertem Ziel
  entscheidet die angreifende KI.
  </knowledge>
  <entity_paths>
    - Abschlussaufgabe 1 — KastelScholar RELATES_TO Version 1.3: The assignment 'Abschlussaufgabe 1
  — KastelScholar' document version is '1.3'.; The assignment 'Abschlussaufgabe 1 — KastelScholar'
  is version 1.3
    - Abschlussaufgabe 1 — KastelScholar RELATES_TO Institute of Information Security and
  Dependability: The assignment 'Abschlussaufgabe 1 — KastelScholar' is associated with the group
  'Institute of Information Security and Dependability'.
    - Abschlussaufgabe 1 — KastelScholar RELATES_TO Sommersemester 2022: The assignment
  'Abschlussaufgabe 1 — KastelScholar' is for semester 'Sommersemester 2022'.
    - Abschlussaufgabe 1 — KastelScholar RELATES_TO Programmieren: The assignment 'Abschlussaufgabe
  1 — KastelScholar' is for the course 'Programmieren'.; The assignment is for the course
  'Programmieren'.
    - Abschlussaufgabe 1 — KastelScholar RELATES_TO Prof. Dr.-Ing. Anne Koziolek: The assignment
  'Abschlussaufgabe 1 — KastelScholar' lists Prof. Dr.-Ing. Anne Koziolek as the instructor.; The
  instructor for 'Abschlussaufgabe 1 — KastelScholar' is Prof. Dr.-Ing. Anne Koziolek
    - Abschlussaufgabe 1 — KastelScholar RELATES_TO 20 Punkte: The assignment 'Abschlussaufgabe 1 —
  KastelScholar' specifies total points '20 Punkte'.; The assignment 'Abschlussaufgabe 1 —
  KastelScholar' is worth 20 points
    - Abschlussaufgabe 1 — KastelScholar RELATES_TO BibTeX: The assignment document cites
  CiteSeer^X, Google Scholar, BibTeX, JabRef, and Citavi as similar existing systems.
    - Abschlussaufgabe 1 — KastelScholar RELATES_TO Citavi: The assignment document cites
  CiteSeer^X, Google Scholar, BibTeX, JabRef, and Citavi as similar existing systems.
    - Abschlussaufgabe 1 — KastelScholar RELATES_TO CiteSeerX: The assignment document cites
  CiteSeer^X, Google Scholar, BibTeX, JabRef, and Citavi as similar existing systems.
    - Abschlussaufgabe 1 — KastelScholar RELATES_TO Google Scholar: The assignment document cites
  CiteSeer^X, Google Scholar, BibTeX, JabRef, and Citavi as similar existing systems.
    - Abschlussaufgabe 1 — KastelScholar RELATES_TO JabRef: The assignment document cites
  CiteSeer^X, Google Scholar, BibTeX, JabRef, and Citavi as similar existing systems.
    - ProgrammingST22-Final1 USES <id>: ProgrammingST22-Final1 uses the placeholder <id> which must
  be an identifier containing only lowercase letters and digits.
    - ProgrammingST22-Final1 USES <venue>: ProgrammingST22-Final1 uses the placeholder <venue> which
   must be either 'journal <journal>' or 'series <series>' referencing an existing publication
  venue.
    - ProgrammingST22-Final1 USES <float>: ProgrammingST22-Final1 uses the `<float>` placeholder to
  mean a floating-point number formatted with exactly three decimal places (X.XXX), using `.` as
  separator and truncated (not rounded); values are assumed ≤ 10^6.; ProgrammingST22-Final1 uses the
   placeholder <float> which must be printed with exactly three decimal places, using a dot and
  truncation (no rounding).
    - ProgrammingST22-Final1 USES Java SE 17: ProgrammingST22-Final1 uses Java SE 17 as its
  language/runtime.; ProgrammingST22-Final1 uses Java SE 17 (project compiles cleanly under Java SE
  17)
    - ProgrammingST22-Final1 USES quit: ProgrammingST22-Final1 uses the 'quit' command to terminate;
   it processes inputs until 'quit' is entered.
    - ProgrammingST22-Final1 USES Checkstyle: ProgrammingST22-Final1 uses Checkstyle compliance as a
   core constraint
    - ProgrammingST22-Final1 USES System.in: ProgrammingST22-Final1 uses System.in for program
  input.; ProgrammingST22-Final1 reads interactive commands from System.in (standard input).
    - ProgrammingST22-Final1 USES System.out: ProgrammingST22-Final1 uses System.out for program
  output.
    - ProgrammingST22-Final1 USES <publisher> / <journal> / <series> / <location> / <title>:
  ProgrammingST22-Final1 uses several text fields (<publisher>, <journal>, <series>, <location>,
  <title>) that must not contain newlines, commas or semicolons.
  </entity_paths>
  <entity_matches>
    - Abschlussaufgabe 1 — KastelScholar metadata (score: 0.81) — Assignment metadata:
  Programmieren; Sommersemester 2022; Prof. Anne Koziolek; Institute of Information Security; 20
  points; v1.3
    - Abschlussaufgabe 1 — KastelScholar (score: 0.78) — Assignment title and description stored in
  task.md.
    - Backlog (22 tasks) (score: 0.77) — Twenty-two prioritized sequential development tasks
    - ProgrammingST22-Final1 (score: 0.76) — Exercise repository implementing the KastelScholar
  backlog
    - task.md (score: 0.75) — Assignment specification document for ProgrammingST22-Final1.
  </entity_matches>
  <insights>
    - Agent community around ProgrammingST22-Final1, <venue>, Java SE 17 connects Case-sensitive
  unique identifier rule, Error message prefix 'Error,', System.in. Relevant agent facts:
  ProgrammingST22-Final1 enforces case-sensitive uniqueness for entity identifiers and must error on
   duplicate creation.; task.md requires `<venue>` to be formatted as `journal <journal>` for
  journals or `series <series>` for conference series.; ProgrammingST22-Final1 relates to the
  `<venue>` placeholder format: use `journal <journal>` for journals or `series <series>` for
  conference series.
    - Agent community around BibTeX, Citavi, CiteSeerX. Relevant agent facts: KastelScholar is
  conceptually similar to BibTeX.; The assignment document cites CiteSeer^X, Google Scholar, BibTeX,
   JabRef, and Citavi as similar existing systems.; ProgrammingST22-Final1 is conceptually related
  to existing systems: CiteSeerX, Google Scholar, BibTeX, JabRef, Citavi
    - Agent community around KastelScholar, Literature collection management (heterogeneous
  documents), Bibliography generation (user-chosen format) connects Bibliography generation,
  CiteSeer^X; Google Scholar; BibTeX; JabRef; Citavi, Literature collection with documents of
  different types. Relevant agent facts: The repository ProgrammingST22-Final1 is the SS 2022 final
  assignment named "KastelScholar".; The project KastelScholar has a backlog document with ID
  7dc5e6b6-3102-4551-887c-5beeffea252d; KastelScholar manages a literature collection containing
  documents of different types.
    - Agent community around ConferenceSeries, Unique by type+name; max 1 conference per year.
  Relevant agent facts: A ConferenceSeries is uniquely identified by its type and name and allows at
   most one Conference per year; ProgrammingST22-Final1 defines ConferenceSeries as identified by
  type and name, with at most one Conference instance per year.
    - Agent community around ACM style, Template: [<order>] <author list>. <title>. In Proceedings
  of.... Relevant agent facts: ACM citation style uses numeric bracket order and 'In Proceedings
  of...' formatting; ProgrammingST22-Final1 includes an ACM citation style format that uses numbered
   brackets and a specific 'In Proceedings of...' phrasing.
  </insights>

● adaptive-memory extension active (role=requirements, memorySession=20260723-151539-req) - type
  /memory-help. MCP tools registered (memory=true, backlog=true).







Changes    +0 -0
Duration   29s
Tokens     ↑ 22.6k (1.2k cached) • ↓ 293 (149 reasoning)
[delivery:requirements] Turn 2/11 complete
[delivery:requirements] Turn 3/11: task.md — segment 2/9 — Abschlussaufgabe 2 — AlphaZeta (AZ) > 1 Das Spiel
● [adaptive-context] GET http://localhost:4444/api/agents/7af7809a-adce-4fa9-9609-fd61059de0ff/sessi
  ons/20260723-151539-req/context?input=Dokument%3A+task.md%0ASegment%3A+2%2F9%0AAbschnitt%3A+Abschl
  ussaufgabe+2+%E2%80%94+AlphaZeta+%28AZ%29+%3E+1+Das+Spiel%0A%0ALies+diesen+Abschnitt+sorgf%C3%A4lt
  ig+und+behalte+den+Kontext.+Erstelle+noch+keinen+Backlog+und+noch+keine+Tasks.+Warte+damit+bis+zum
  +abschlie%C3%9Fenden+%2Ffinalize.%0A%0A%23%23+1+Das+Spiel%0A%0A*AlphaZeta*+%28*AZ*%29+ist+ein+rund
  en-basiertes+Strategie-+und+Brettspiel+f%C3%BCr+zwei+Personen%2C+welches+auf+einem+quadratischen+S
  pielfeld+gespielt+wird.%0ADas+Spielfeld+besteht+aus+*Kacheln*+%28engl.+*tile*%29.%0AZu+jeder+Zeit+
  kann+sich+auf+einer+der+Kacheln+immer+maximal+ein+Raumschiff+oder+eine+*Deckung*+befinden.%0AJede+
  Person+%C3%BCbernimmt+in+dem+Spiel+die+Rolle+je+einer+der+KIs+der+Unternehmen.%0AJede+der+KIs+*A*+
  und+*Z*+besitzt+genau+eine+*Flotte*%2C+die+aus+genau+vier+*Raumschiffen*+besteht%3A%0AJede+KI+besi
  tzt+zu+Spielbeginn+genau+einen+*Sammler*+%28engl.+*Collector*%29+und+drei+*Angriffsschiffe*.%0AEin
  +Raumschiff+kann+immer+maximal+vier+*Module*+besitzen.%0AModule+definieren%2C+welche+Aktionen+ein+
  Raumschiff+innerhalb+eines+Zuges+ausf%C3%BChren+kann+%28vgl.+Tabelle+der+Module%29.%0APro+Zug+kann
  +die+Aktion+eines+Moduls+nur+einmal+eingesetzt+werden.%0AInnerhalb+eines+Zuges+d%C3%BCrfen+mehrere
  +verschiedene+Aktionen+ausgef%C3%BChrt+werden.%0AHierbei+ist+noch+zu+beachten%2C+dass+falls+ein+Sc
  hiff+mehrere+Module+der+gleichen+Art+hat%2C+die+Aktion+entsprechend+der+Anzahl+der+Module+mehrmals
  +ausgef%C3%BChrt+werden+kann+%28je+Modul+einmal%29.%0ABeachten+Sie+hier%2C+dass+die+Aktion+*ramm*+
  f%C3%BCr+ein+Schiff+pro+Zug+auch+nur+einmal+eingesetzt+werden+darf.%0A%0A%23%23%23+1.1+Spielfeld%0
  A%0AEine+beispielhafte+Darstellung+des+Spielfeldes+der+Seitenl%C3%A4nge+*l*%3D5+%28X-Achse+zeigt+n
  ach+rechts%2C+Y-Achse+zeigt+nach+unten%29%3A%0A%0A%60%60%60%0A+++X+%E2%86%92%0AY++A++B++.++.++.%0A
  %E2%86%93++C++D++1++1++.%0A+++1++.++2++1++.%0A+++.++2++W++.++X%0A+++.++.++1++Y++Z%0A%60%60%60%0A%0
  ADie+Buchstaben+sind+die+Raumschiffe+der+KIs%2C+die+Zahlen+die+Deckung.%0A%0AKoordinaten+von+Kache
  ln+beschreiben+sich+immer+durch+eine+Position+%28x%2C+y%29.%0ADie+Kachel+im+Nord-Westen+des+Spielf
  eldes+hat+die+Koordinate+%280%2C+0%29+und+befindet+sich+in+der+oberen+linken+Ecke.%0ADie+Kachel+im
  +S%C3%BCd-Osten+des+Spielfeldes+hat+als+Koordinate+%28l-1%2C+l-1%29+%3D+%284%2C+4%29+und+befindet+
  sich+in+der+unteren+rechten+Ecke.%0A%0ADamit+das+Spiel+fair+bleibt%2C+muss+bei+der+Definition+des+
  Spielfelds+am+Anfang+folgendes+beachtet+werden%3A%0A%0A-+Das+Spielfeld+ist+achsensymmetrisch+bez%C
  3%BCglich+der+S%C3%BCdwest-Nordost-Achse.+Dies+gilt+nur+f%C3%BCr+die+Deckungen%2C+nicht+f%C3%BCr+d
  ie+Raumschiffe.%0A-+F%C3%BCr+jedes+Feld%2C+das+nicht+von+Deckung+belegt+ist%2C+muss+gelten%2C+dass
  +die+*direkten+Nachbarn*+nicht+alle+von+Deckung+belegt+sind.+D.h.+keine+leere+Kachel+ist+vollst%C3
  %A4ndig+von+Deckung+umgeben.%0A%0A%23%23%23%23+Distanzen%0A%0AWann+immer+es+in+dem+Spiel+um+die+Di
  stanz+zwischen+zwei+Kacheln+geht%2C+ist+die+*Manhatten-Distanz*+*d*%E2%82%81+gemeint.%0AF%C3%BCr+z
  wei+Punkte+*A*+%3D+%28*x*%E2%82%90%2C+*y*%E2%82%90%29+und+*B*+%3D+%28*x*_b%2C+*y*_b%29+ist+die+Man
  hatten-Distanz+wie+folgt+definiert%3A%0A%0A%60%60%60%0Ad%E2%82%81%28A%2C+B%29+%3D+%E2%80%96A+%E2%8
  8%92+B%E2%80%96%E2%82%81+%3D+%7Cx%E2%82%90+%E2%88%92+x_b%7C+%2B+%7Cy%E2%82%90+%E2%88%92+y_b%7C%0A%
  60%60%60%0A%0AAls+*direkter+Nachbar*+einer+Kachel+werden+die+Kacheln+bezeichnet%2C+die+Manhatten-D
  istanz+*d*%E2%82%81+%3D+1+haben.%0A%0A%23%23%23%23+Deckung%0A%0ADas+Konzept+der+Deckung+ist+f%C3%B
  Cr+das+Berechnen+des+Angriffsw%C3%BCrfelwurfes+%28vgl.+Abschnitt+%E2%80%9EAktionen+durchf%C3%BChre
  n%22%29+wichtig.%0ADie+Deckung+wird+immer+vom+Angriffsw%C3%BCrfelwurf+abgezogen.%0ADeckung+kann+in
  +zwei+verschiedenen+Arten+auf+dem+Spielfeld+vorhanden+sein%3A%0A%0A-+Halbe+Deckung+%601%60%0A-+Vol
  le+Deckung+%602%60%0A%0AF%C3%BCr+ein+Raumschiff+*R*+berechnet+sich+die+Deckung+abh%C3%A4ngig+von+d
  er+Position+auf+dem+Spielfeld.+Beispiel+%28kein+g%C3%BCltiges+Spielfeld%2C+dient+nur+der+Erkl%C3%A
  4rung%29%3A%0A%0A%60%60%60%0A+++X+%E2%86%92%0AY++-1++-1+++-1+++-2++-2%0A%E2%86%93++-1++-1+++%5B1%5
  D++-2++-2%0A++++0+++0++++R+++%5B2%5D+-2%0A++++0++%5B2%5D+++0+++-2++-2%0A++++0+++0++++0+++-2++-2%0A
  %60%60%60%0A%0ADie+Zahlen+ohne+Rahmen+%28%60-X%60%29+geben+die+Deckung+von+*R*+an%2C+falls+es+von+
  den+jeweiligen+Positionen+angegriffen+werden+w%C3%BCrde.%0A%0AEin+Raumschiff+wird+nur+durch+seine+
  direkten+Nachbarn+gedeckt.%0AIm+Beispiel+wird+*R*+also+durch+die+halbe+Deckung+bei+%282%2C+1%29+un
  d+die+volle+Deckung+bei+%283%2C+2%29+gedeckt.%0AWird+das+Raumschiff+*R*+von+einer+Position+*P*+%3D
  +%28*x*%2C+*y*%29+angegriffen%2C+so+berechnet+sich+die+Deckung+von+*R*+dadurch%2C+welche+der+direk
  t+anliegenden+Deckungen+in+die+Richtung+von+*P*+liegt.%0A%0A**Beispiel+1%3A**+Wird+also+*R*+von+Po
  sition+%280%2C+0%29+angegriffen%2C+muss+gepr%C3%BCft+werden%2C+wo+sich+diese+Position+relativ+zu+*
  R*+befindet.%0AIm+Beispiel+ist+die+Position+%280%2C+0%29+n%C3%B6rdlich+und+westlich+von+der+Positi
  on+von+*R*.%0ADies+bedeutet%2C+dass+das+Raumschiff+von+*Norden*+und+*Westen*+angegriffen+wird.%0AD
  er+direkte+Nachbar+westlich+von+*R*+ist+leer%3B+der+direkte+Nachbar+n%C3%B6rdlich+von+*R*+ist+die+
  halbe+Deckung.%0ADer+Deckungswert+berechnet+sich+aus+dem+Maximum+der+betroffenen+Deckungen.%0AIn+d
  em+Beispiel+w%C3%BCrde+man+also+eine+Deckung+von+%E2%88%921+erhalten.%0A%0A**Beispiel+2%3A**+Wird+
  *R*+von+Position+%284%2C+2%29+angegriffen%2C+so+bedeutet+dies%2C+dass+das+Raumschiff+von+*Osten*+a
  ngegriffen+wird.%0ADer+direkte+Nachbar+%C3%B6stlich+von+*R*+ist+die+volle+Deckung.%0AIm+zweiten+Be
  ispiel+w%C3%BCrde+man+also+einen+Deckungswert+von+%E2%88%922+erhalten.%0A%0A%23%23%23+1.2+Raumschi
  ffe+%26+Module%0A%0A*A*+und+*Z*+besitzen+als+erstes+Raumschiff+je+einen+*Sammler*+%28engl.+*Collec
  tor*%29.%0AEin+Sammler+hat+als+Module+immer+genau+einen+Antrieb+%28*Engine*-Modul%29+und+sonst+nur
  +das+Spezialmodul+*Container*+%28vgl.+Ende+des+Abschnitts%29.%0ADie+%C3%BCbrigen+Raumschiffe+der+K
  Is+haben+als+erstes+Modul+auch+immer+einen+Antrieb.%0AAu%C3%9Ferdem+gelten+f%C3%BCr+diese+Raumschi
  ffe+noch+folgende+Bedingungen+f%C3%BCr+die+drei+verbleibenden+Module%3A%0A%0A-+Anzahl+der+*Waffen*
  -Module+pro+Raumschiff+%E2%89%A4+2%0A-+Maximal+1+*Rail+Gun*-Modul+pro+Raumschiff%0A-+Maximal+1+*Pr
  opulsion*-Modul+pro+Raumschiff%0A-+Maximal+1+*Shield*-Modul+pro+Raumschiff%0A-+Pro+Flotte%3A+Maxim
  al+1+*Sensor*-Modul%0A%0AIm+Folgenden+werden+die+verschiedenen+Module%2C+Aktionen+und+Effekte+zusa
  mmengefasst.%0A%0A%7C+Modul+%7C+Aktion+%7C+Distanz+%7C+Effekt+%7C%0A%7C---%7C---%7C---%7C---%7C%0A
  %7C+Engine+%7C+move+%7C+1%E2%80%933+%7C+*A*+maximal+3+Felder+bewegen+%7C%0A%7C+%E2%80%94+%7C+ramm+
  %7C+1+%7C+*w*+%E2%89%A4+1%3A+*A*+verliert+1+Modul%3B+*w*+%E2%89%A5+5%3A+*Z*_S+verliert+1+Modul+%7C
  %0A%7C+**Waffen**+%7C+%7C+%7C+%7C%0A%7C+Rail+Gun+%7C+longshot+%7C+5%E2%80%936+%7C+2+%E2%89%A4+*w*+
  %E2%89%A4+3%3A+*Z*_S+verliert+1+Modul%3B+*w*+%E2%89%A5+4%3A+*Z*_S+verliert+2+Module%3B+*w*+%E2%89%
  A5+6%3A+kritischer+Treffer+%7C%0A%7C+Sword+%7C+strike+%7C+1+%7C+*w*+%E2%89%A5+2%3A+*Z*_S+verliert+
  1+Modul%3B+*w*+%E2%89%A5+4%3A+kritischer+Treffer+%7C%0A%7C+**Unterst%C3%BCtzung**+%7C+%7C+%7C+%7C%
  0A%7C+Shield+%7C+%E2%80%94+%7C+%E2%80%94+%7C+Reduziert+*w*+bei+Angriff+des+Gegners+um+1+%7C%0A%7C+
  Sensor+%7C+mark+%7C+%E2%88%9E+%7C+*Z*_S+markieren+%7C%0A%7C+Propulsion+%7C+propel+%7C+1%E2%80%933+
  %7C+*A*+maximal+3+Felder+bewegen+%7C%0A%0AModule+der+Raumschiffe+und+Effekte+f%C3%BCr+Angriffsw%C3
  %BCrfelwurf+*w*%2C+Akteur+*A*%2C+Raumschiff-Ziel+*Z*_S.%0A%0ADas+Modul+*Container*+ist+ein+Spezial
  modul+das+nur+Teil+von+*Sammlern*+ist.%0AEs+hat+insbesondere+keine+Aktionen%2C+die+es+bereitstellt
  .%0A%0AMithilfe+der+Aktion+*move*+kann+ein+Raumschiff+%28Akteur%29+bewegt+werden.%0AHierbei+darf+d
  ie+Ziel-Kachel+nicht+durch+Deckung+oder+ein+anderes+Raumschiff+belegt+sein.%0ABeachten+Sie%2C+dass
  +es+bei+der+Berechnung+der+Erreichbarkeit+einer+Kachel+nur+um+die+Distanz+geht+und+nicht+darum%2C+
  ob+Deckung+oder+andere+Raumschiffe+auf+dem+Weg+liegen.%0AFalls+ein+Raumschiff+das+*Propulsion*-Mod
  ul+besitzt%2C+kann+zus%C3%A4tzlich+die+Aktion+*propel*+verwendet+werden%2C+um+innerhalb+eines+Zuge
  s+das+Raumschiff+ein+zweites+Mal+zu+bewegen.%0A%0ADie+Aktion+*ramm*+kann+nur+dann+verwendet+werden
  %2C+wenn+das+angreifende+Raumschiff+%28Akteur%29+keine+Waffen-Module+mehr+hat.%0A*Ramm*+kann+nicht
  +gegen+*Sammler*+eingesetzt+werden.%0ABeachten+Sie%2C+dass+f%C3%BCr+den+Fall%2C+dass+der+Angriffsw
  %C3%BCrfelwurf+%E2%89%A4+1+betr%C3%A4gt%2C+der+Schaden+an+*A*+als+*hit*+gewertet+wird+%28vgl.+%E2%
  80%9EAktionen+durchf%C3%BChren%22%29.%0A%0ADer+Angriff+*longshot*+kann+ein+oder+zwei+Module+des+an
  gegriffenen+Raumschiffs+zerst%C3%B6ren.%0A%0ADer+Angriff+*strike*+kann+ein+Modul+des+angegriffenen
  +Raumschiffs+zerst%C3%B6ren.%0A%0AWird+ein+Schiff+mit+*Shield*-Modul+angegriffen%2C+so+wird+der+W%
  C3%BCrfelwurf+der+angreifenden+KI+um+1+reduziert.%0A%0ADie+Aktion+*mark*+markiert+ein+beliebiges+g
  egnerisches+Schiff+bis+zum+Beginn+des+gegnerischen+Zuges.%0AJeder+Treffer+auf+ein+markiertes+Schif
  f+z%C3%A4hlt+als+kritischer+Treffer+%28vgl.+%E2%80%9EAlphaZeta+spielen%22%29.%0AEin+*Sammler*+kann
  +nicht+markiert+werden.%0A%0A%23%23%23+1.3+AlphaZeta+spielen%0A%0ANachdem+die+Elemente+des+Spiels+
  und+das+Spielfeld+erl%C3%A4utert+wurden%2C+folgt+hier+jetzt+der+generelle+Spielablauf.%0A%0AZum+St
  art+des+Spiels+wird+festgelegt%2C+wie+gro%C3%9F+das+Spielfeld+ist.%0AHierbei+muss+die+Anzahl+der+K
  acheln+entlang+einer+Achse+mindestens+5+betragen+%28%E2%89%A5+5%29.%0AAu%C3%9Ferdem+muss+gelten%2C
  +dass+die+Anzahl+der+Kacheln+entlang+einer+Achse+ungerade+sein+muss.%0AEin+Spielfeld+hat+also+mind
  estens+25+Kacheln.%0AZuletzt+wird+noch+definiert%2C+wie+viele+*Container*-Module+die+*Sammler*+der
  +KIs+haben+sollen.%0AHierbei+wird+als+Anzahl+aus+dem+geschlossenen+Intervall+von+%5B0%2C+3%5D+gew%
  C3%A4hlt.%0AHinweis%3A+Der+beim+Start+angegebene+*Seed*+ist+f%C3%BCr+die+Implementierung+des+Spiel
  s+wichtig+und+wird+sp%C3%A4ter+erkl%C3%A4rt.%0A%0ANachdem+das+Spiel+soweit+vorbereitet+ist%2C+w%C3
  %A4hlt+jede+KI+die+Module+f%C3%BCr+ihre+Angriffsschiffe.%0AAnschlie%C3%9Fend+werden+Deckung+und+Ra
  umschiffe+auf+dem+Spielfeld+platziert+und+das+Spiel+kann+beginnen.%0AAlpha+hat+die+Schiffe+%60A%2C
  B%2CC%2CD%60.%0AZeta+hat+die+Schiffe+%60Z%2CW%2CX%2CY%60.%0AHierbei+sind+%60A%60+und+%60Z%60+die+S
  ammler+der+jeweiligen+KIs.%0A%0AW%C3%A4hrend+das+Spiel+l%C3%A4uft%2C+k%C3%B6nnen+die+beiden+KIs+ab
  wechselnd+Z%C3%BCge+ausf%C3%BChren%2C+wobei+Alpha+beginnt.%0AInnerhalb+eines+Zuges+kann+eine+KI+di
  e+Aktionen+ihrer+Raumschiffe+ausf%C3%BChren.%0AEin+Zug+ist+beendet%2C+sobald+dies+eine+KI+ansagt.%
  0ADas+Spiel+endet%2C+sobald+der+*Sammler*+einer+KI+zerst%C3%B6rt+wurde.%0A%0A%23%23%23%23+Aktionen
  +durchf%C3%BChren%0A%0AJedes+Raumschiff+kann+gem%C3%A4%C3%9F+der+noch+vorhandenen+Module+dessen+Ak
  tionen+ausf%C3%BChren.%0AW%C3%A4hrend+*move*+und+*mark*+solange+das+Ziel+stimmt+erfolgreich+sein+w
  erden%2C+wird+bei+den+anderen+Aktionen+ein+*Angriffsw%C3%BCrfelwurf*+der+ausf%C3%BChrenden+KI+%28A
  kteur%29+ben%C3%B6tigt.%0ADieser+bestimmt+den+Effekt+einer+Aktion.%0A%0AEin+Raumschiff+kann+einen+
  Angriff+*ramm%2C+longshot%2C+strike*+gegen+Raumschiffe+der+anderen+KI+einsetzen%2C+wenn+die+Distan
  z+*d*%E2%82%81+zu+dem+Raumschiff-Ziel+passt.%0AWenn+eine+KI+entscheidet%2C+dass+sie+angreift%2C+mu
  ss+sie+als+erstes+einen+Angriffsw%C3%BCrfelwurf+ausf%C3%BChren.%0AEin+Angriffsw%C3%BCrfelwurf+l%C3
  %A4uft+immer+gleich+ab%3A%0A%0A-+KI+wirft+einen+sechsseitigen+W%C3%BCrfel+%28Seiten+des+W%C3%BCrfe
  ls%3A+1%2C+2%2C+3%2C+4%2C+5%2C+6%29%0A-+Deckung+des+Ziel-Raumschiffs+*Z*_S+wird+abgezogen%0A-+Effe
  kt+von+*Shield*-Modul+anwenden+%28falls+in+*Z*_S+vorhanden%29%0A%0ADas+Ergebnis+definiert+den+Wert
  +des+Angriffsw%C3%BCrfelwurfs.%0AAbh%C3%A4ngig+vom+Ergebnis+k%C3%B6nnen+folgende+F%C3%A4lle+auftre
  ten%3A%0A%0A-+*miss*%2C+falls+der+Wert+kleiner+als+alle+Bedingungen+der+Effekte+der+Aktion+ist%0A-
  +*hit*%2C+falls+ein+oder+mehrere+Module+zerst%C3%B6rt+werden%0A-+*critical+hit*%2C+falls+die+Bedin
  gung+f%C3%BCr+einen+kritischen+Treffer+erf%C3%BCllt+ist%0A%0AFalls+ein+Raumschiff+von+einem+Angrif
  f+getroffen+wird+%28*hit*+oder+*critical+hit*%29%2C+verliert+es+entsprechend+der+Bedingungen+Modul
  e.%0AFalls+ein+Raumschiff+alle+seine+Module+verliert%2C+ist+es+zerst%C3%B6rt.%0ADie+KIs+entscheide
  n+hierbei%2C+falls+eine+Wahlm%C3%B6glichkeit+besteht%2C+welche+Module+zerst%C3%B6rt+werden.%0AIm+N
  ormalfall+%28*hit*%29+entscheidet+die+angegriffene+KI.%0AFalls+das+angegriffene+Schiff+markiert+is
  t+oder+es+sich+um+einen+*kritischen+Treffer*+handelt%2C+entscheidet+die+angreifende+KI.%0ADabei+gi
  lt%2C+dass+immer+zuerst+alle+Zusatzmodule+%28f%C3%BCr+den+*Sammler*%3A+*Container*-Module%29+und+d
  ann+das+*Engine*-Modul+zerst%C3%B6rt+wird.%0A%0AWie+bereits+beschrieben%2C+endet+das+Spiel+sobald+
  einer+der+*Sammler*+zerst%C3%B6rt+ist.%0AGewonnen+hat+diejenige+KI%2C+deren+*Sammler*+nicht+zerst%
  C3%B6rt+wurde.&project=ProgrammingST22-Final2&role=requirements&task=Understand+the+st22final02+an
  d+create+its+backlog+when+prompted.&timestamp=2026-07-23T13%3A18%3A25.812Z&domain=st22final02

● adaptive-memory extension active (role=requirements, memorySession=20260723-151539-req) - type
  /memory-help. MCP tools registered (memory=true, backlog=true).







Changes    +0 -0
Duration   55s
Tokens     ↑ 23.8k (1.3k cached) • ↓ 954 (532 reasoning)
[delivery:requirements] Turn 3/11 complete
[delivery:requirements] Turn 4/11: task.md — segment 3/9 — Abschlussaufgabe 2 — AlphaZeta (AZ) > 2 Implementierung von AlphaZeta (AZ)
● [adaptive-context] GET http://localhost:4444/api/agents/7af7809a-adce-4fa9-9609-fd61059de0ff/sessi
  ons/20260723-151539-req/context?input=Dokument%3A+task.md%0ASegment%3A+3%2F9%0AAbschnitt%3A+Abschl
  ussaufgabe+2+%E2%80%94+AlphaZeta+%28AZ%29+%3E+2+Implementierung+von+AlphaZeta+%28AZ%29%0A%0ALies+d
  iesen+Abschnitt+sorgf%C3%A4ltig+und+behalte+den+Kontext.+Erstelle+noch+keinen+Backlog+und+noch+kei
  ne+Tasks.+Warte+damit+bis+zum+abschlie%C3%9Fenden+%2Ffinalize.%0A%0A%23%23+2+Implementierung+von+A
  lphaZeta+%28AZ%29%0A%0AIhre+Aufgabe+ist+es+das+Spiel+mittels+einer+Text-basierten+Schnittstelle+sp
  ielbar+zu+machen.%0ADie+Benutzerschnittstelle+soll+hierbei+*nicht*+die+Gro%C3%9F-Kleinschreibung+d
  es+Nutzers+beachten.%0ADie+daf%C3%BCr+n%C3%B6tigen+Interaktionen+werden+im+Folgenden+dargestellt.%
  0A%0AAchten+Sie+darauf%2C+dass+durch+die+Ausf%C3%BChrung+der+folgenden+Befehle+die+gegebenen+seman
  tischen+und+syntaktischen+Spezifikationen+nicht+verletzt+werden+und+geben+Sie+bei+Verletzung+der+S
  pezifikationen+immer+eine+aussagekr%C3%A4ftige+Fehlermeldung+aus.%0AWenn+die+Benutzereingabe+nicht
  +dem+vorgegebenen+Format+entspricht%2C+ist+auch+eine+Fehlermeldung+auszugeben.+Nach+der+Ausgabe+ei
  ner+Fehlermeldung+soll+das+Programm+wie+erwartet+fortfahren+und+wieder+auf+die+n%C3%A4chste+Eingab
  e+warten.%0ADie+Fehlermeldung+sollte+so+geformt+sein%2C+dass+f%C3%BCr+den+Benutzer+erkenntlich+ist
  %2C+warum+eine+Eingabe+abgelehnt+wurde.%0A%0ADa+wir+automatische+Tests+Ihrer+interaktiven+Benutzer
  schnittstelle+durchf%C3%BChren%2C+m%C3%BCssen+die+Ausgaben+exakt+den+Vorgaben+entsprechen.+Insbeso
  ndere+sollen+sowohl+Klein-+und+Gro%C3%9Fbuchstaben+als+auch+die+Leerzeichen+und+Zeilenumbr%C3%BCch
  e+genau+%C3%BCbereinstimmen.+Setzen+Sie+nur+die+in+der+Aufgabenstellung+angegebenen+Informationen+
  um.+Geben+Sie+auch+keine+zus%C3%A4tzlichen+Informationen+aus.+Bei+Fehlermeldungen+d%C3%BCrfen+Sie+
  den+englischsprachigen+Text+frei+w%C3%A4hlen%2C+er+sollte+jedoch+sinnvoll+sein.+Jede+Fehlermeldung
  +muss+aber+mit+%60Error%2C%60+beginnen+und+darf+keine+Sonderzeichen%2C+wie+beispielsweise+Zeilenum
  br%C3%BCche+oder+Umlaute%2C+enthalten.%0A%0AWenn+nicht+anders+angegeben%2C+ist+f%C3%BCr+Eingabe+im
  mer+die+Standardeingabe+%60System.in%60+zu+verwenden.+Wenn+nicht+anders+angegeben%2C+ist+f%C3%BCr+
  Ausgaben+immer+die+Standardausgabe+%60System.out%60+zu+verwenden.+F%C3%BCr+Fehlermeldungen+kann+an
  stelle+der+Standardausgabe+optional+die+Standardfehlerausgabe+%60System.err%60+verwendet+werden.+W
  eisen+Sie+diese+Standardeingabe+und+-ausgabe+niemals+neu+zu.&project=ProgrammingST22-Final2&role=r
  equirements&task=Understand+the+st22final02+and+create+its+backlog+when+prompted.&timestamp=2026-0
  7-23T13%3A18%3A52.459Z&domain=st22final02

● Injected adaptive memory context into system prompt

● <adaptive_rules>
  - - Sonst: Über Dialogsystem wird entschieden. Wahltext: `<Decider> must select <N> of <Ship>s
  module(s) (separated by comma):` Die Auflistung ... alphabetischer Reihenfolge.
  - After printing an error message the program should continue and wait for the next input.
  - Every error message must begin with 'Error,' and must not contain special characters such as
  newlines or umlauts.
  - You may choose English text freely for error messages, but they should be meaningful.
  - Interactive program outputs must match the specification exactly, including case, spaces and
  newlines, and no extra information may be printed.
  - The user interface must be case-insensitive (input case is ignored).
  - Adhere to the JavaDoc documentation rules.
  - All whitespace rules must be followed.
  - Calls to System.exit(), Runtime.exit() or similar must not be used.
  - Choose appropriate visibilities for classes, methods, and attributes.
  - Do not use the default package.
  - Follow all rules for variable, method, and package naming.
  - Maximum line width of source files is 120 characters.
  - Only the listed Java library packages may be used: java.lang, java.io, java.util,
  java.util.regex, java.util.stream, java.util.function.
  - Program code must be written in English.
  - Submitted program code must compile without errors.
  - The online submission requires individual submission of *.java files with the correct folder
  structure.
  - Use System.in for input and System.out for output unless otherwise specified; do not reassign
  these streams.
  - You must pass the mandatory tests; failure to pass them results in an automatic zero for the
  submission.
  - Comments must be written consistently in either English or German.
  </adaptive_rules>

  <memories>
    - The repository ProgrammingST22-Final1 relates to the assignment 'Abschlussaufgabe 1 —
  KastelScholar'.
    - The repository ProgrammingST22-Final1 is the SS 2022 final assignment named "KastelScholar".
    - ProgrammingST22-Final1 relates to KastelScholar command implementation (all 20 commands
  implemented)
    - ProgrammingST22-Final1 implements the set of 11 CLI query commands defined in task.md section
  4.3 (Anfragen).
    - ProgrammingST22-Final1 relates to KastelScholar, the literature/citation management
  assignment.
    - ProgrammingST22-Final1 requires all program outputs to exactly match the specification (case,
  spaces, and line breaks).
    - ProgrammingST22-Final1 is required to be Checkstyle-conformant.
    - ProgrammingST22-Final1 RELATES_TO the examples document that contains full example
  interactions and outputs
    - ProgrammingST22-Final1 requires outputs to match the specification exactly (case, spaces,
  newlines) and forbids any additional output
    - ProgrammingST22-Final1 requires program outputs to exactly match the specified formatting
  (case, spaces, newlines) and produce no additional information.
    - ProgrammingST22-Final1 requires that when input is rejected a meaningful error message is
  shown indicating why the input was rejected.
    - ProgrammingST22-Final1 runs an interactive command loop: it reads commands from System.in,
  executes them on the current program state, and waits for further input until 'quit' is entered.
    - ProgrammingST22-Final1 requires all error messages to start with 'Error,' and forbids special
  characters and German umlauts in errors.
    - ProgrammingST22-Final1 requires error messages to be English-free text, start with 'Error,',
  and contain no special characters (e.g., no line breaks or umlauts)
    - ProgrammingST22-Final1 requires error messages to begin with the prefix "Error,".
    - ProgrammingST22-Final1 relates to an error message format where error lines begin with
  'Error,'
    - ProgrammingST22-Final1 uses System.in for program input.
    - ProgrammingST22-Final1 reads interactive commands from System.in (standard input).
    - ProgrammingST22-Final1 uses System.out for program output.
    - ProgrammingST22-Final1 may optionally use System.err for error messages.
    - ProgrammingST22-Final1 organizes commands into an 'Anfragen' category for querying data.
  </memories>
  <knowledge>
    - Sonst wird über Dialogsystem entschieden; Wahltext: `<Decider> must select <N> of <Ship>s
  module(s) (separated by comma):`; Auflistung alphabetisch.
    - Error messages may optionally use System.err.
    - Bei Fehleingaben im Dialog wird eine Fehlermeldung ausgegeben und erneute Eingabe verlangt;
  der einleitende Text wird nicht wiederholt.
    - Erfolgreiche Aktion ohne Modul-Zerstörung gibt nach Bonus-Ausgabe in neuer Zeile `missed` aus.
    - Aktions-Schemata für Aktionen gegen ein Ziel-Schiff verwenden das Format '<AKTEUR> <AKTION>
  <ZIEL>'.
    - Beim Spielende wird ausgegeben, welche KI gewonnen hat; anschließend wird das Spiel beendet.
    - Für die Aktionen 'move' und 'propel' ist das Aktions-Schema '<AKTEUR> <AKTION> <X> <Y>'.
  </knowledge>
  <entity_paths>
    - Abschlussaufgabe 1 — KastelScholar RELATES_TO Version 1.3: The assignment 'Abschlussaufgabe 1
  — KastelScholar' document version is '1.3'.; The assignment 'Abschlussaufgabe 1 — KastelScholar'
  is version 1.3
    - Abschlussaufgabe 1 — KastelScholar RELATES_TO Institute of Information Security and
  Dependability: The assignment 'Abschlussaufgabe 1 — KastelScholar' is associated with the group
  'Institute of Information Security and Dependability'.
    - Abschlussaufgabe 1 — KastelScholar RELATES_TO Sommersemester 2022: The assignment
  'Abschlussaufgabe 1 — KastelScholar' is for semester 'Sommersemester 2022'.
    - Abschlussaufgabe 1 — KastelScholar RELATES_TO Programmieren: The assignment 'Abschlussaufgabe
  1 — KastelScholar' is for the course 'Programmieren'.; The assignment is for the course
  'Programmieren'.
    - Abschlussaufgabe 1 — KastelScholar RELATES_TO Prof. Dr.-Ing. Anne Koziolek: The assignment
  'Abschlussaufgabe 1 — KastelScholar' lists Prof. Dr.-Ing. Anne Koziolek as the instructor.; The
  instructor for 'Abschlussaufgabe 1 — KastelScholar' is Prof. Dr.-Ing. Anne Koziolek
    - Abschlussaufgabe 1 — KastelScholar RELATES_TO 20 Punkte: The assignment 'Abschlussaufgabe 1 —
  KastelScholar' specifies total points '20 Punkte'.; The assignment 'Abschlussaufgabe 1 —
  KastelScholar' is worth 20 points
    - Abschlussaufgabe 1 — KastelScholar RELATES_TO BibTeX: The assignment document cites
  CiteSeer^X, Google Scholar, BibTeX, JabRef, and Citavi as similar existing systems.
    - Abschlussaufgabe 1 — KastelScholar RELATES_TO Citavi: The assignment document cites
  CiteSeer^X, Google Scholar, BibTeX, JabRef, and Citavi as similar existing systems.
    - Abschlussaufgabe 1 — KastelScholar RELATES_TO CiteSeerX: The assignment document cites
  CiteSeer^X, Google Scholar, BibTeX, JabRef, and Citavi as similar existing systems.
    - Abschlussaufgabe 1 — KastelScholar RELATES_TO Google Scholar: The assignment document cites
  CiteSeer^X, Google Scholar, BibTeX, JabRef, and Citavi as similar existing systems.
    - Abschlussaufgabe 1 — KastelScholar RELATES_TO JabRef: The assignment document cites
  CiteSeer^X, Google Scholar, BibTeX, JabRef, and Citavi as similar existing systems.
    - ProgrammingST22-Final1 USES <id>: ProgrammingST22-Final1 uses the placeholder <id> which must
  be an identifier containing only lowercase letters and digits.
    - ProgrammingST22-Final1 USES <venue>: ProgrammingST22-Final1 uses the placeholder <venue> which
   must be either 'journal <journal>' or 'series <series>' referencing an existing publication
  venue.
    - ProgrammingST22-Final1 USES <float>: ProgrammingST22-Final1 uses the `<float>` placeholder to
  mean a floating-point number formatted with exactly three decimal places (X.XXX), using `.` as
  separator and truncated (not rounded); values are assumed ≤ 10^6.; ProgrammingST22-Final1 uses the
   placeholder <float> which must be printed with exactly three decimal places, using a dot and
  truncation (no rounding).
    - ProgrammingST22-Final1 USES Java SE 17: ProgrammingST22-Final1 uses Java SE 17 as its
  language/runtime.; ProgrammingST22-Final1 uses Java SE 17 (project compiles cleanly under Java SE
  17)
    - ProgrammingST22-Final1 USES quit: ProgrammingST22-Final1 uses the 'quit' command to terminate;
   it processes inputs until 'quit' is entered.
    - ProgrammingST22-Final1 USES Checkstyle: ProgrammingST22-Final1 uses Checkstyle compliance as a
   core constraint
    - ProgrammingST22-Final1 USES System.in: ProgrammingST22-Final1 uses System.in for program
  input.; ProgrammingST22-Final1 reads interactive commands from System.in (standard input).
    - ProgrammingST22-Final1 USES System.out: ProgrammingST22-Final1 uses System.out for program
  output.
    - ProgrammingST22-Final1 USES <publisher> / <journal> / <series> / <location> / <title>:
  ProgrammingST22-Final1 uses several text fields (<publisher>, <journal>, <series>, <location>,
  <title>) that must not contain newlines, commas or semicolons.
  </entity_paths>
  <entity_matches>
    - Backlog (22 tasks) (score: 0.77) — Twenty-two prioritized sequential development tasks
    - Abschlussaufgabe 1 — KastelScholar (score: 0.77) — Assignment title and description stored in
  task.md.
    - Abschlussaufgabe 1 — KastelScholar metadata (score: 0.77) — Assignment metadata:
  Programmieren; Sommersemester 2022; Prof. Anne Koziolek; Institute of Information Security; 20
  points; v1.3
    - examples.md (Beispiele — Abschlussaufgabe 1) (score: 0.76) — Document containing the full
  example interactions and sample CLI outputs
    - ProgrammingST22-Final1 (score: 0.76) — Exercise repository implementing the KastelScholar
  backlog
  </entity_matches>
  <insights>
    - Agent community around examples.md (Beispiele — Abschlussaufgabe 1), ProgrammingST22-Final1,
  <venue> connects Case-sensitive unique identifier rule, Error message prefix 'Error,', Checkstyle,
   System.in. Relevant agent facts: ProgrammingST22-Final1 enforces case-sensitive uniqueness for
  entity identifiers and must error on duplicate creation.; task.md requires `<venue>` to be
  formatted as `journal <journal>` for journals or `series <series>` for conference series.;
  ProgrammingST22-Final1 relates to the `<venue>` placeholder format: use `journal <journal>` for
  journals or `series <series>` for conference series.
    - Agent community around ConferenceSeries, Unique by type+name; max 1 conference per year.
  Relevant agent facts: A ConferenceSeries is uniquely identified by its type and name and allows at
   most one Conference per year; ProgrammingST22-Final1 defines ConferenceSeries as identified by
  type and name, with at most one Conference instance per year.
    - Agent community around ACM style, Template: [<order>] <author list>. <title>. In Proceedings
  of.... Relevant agent facts: ACM citation style uses numeric bracket order and 'In Proceedings
  of...' formatting; ProgrammingST22-Final1 includes an ACM citation style format that uses numbered
   brackets and a specific 'In Proceedings of...' phrasing.
    - Agent community around APA style, Template: <author list> (<year>). <title>. with <last>,
  <initial>.. Relevant agent facts: APA citation style formats as '<author list> (<year>). <title>.'
   using '<last>, <initial>.' for authors; ProgrammingST22-Final1 includes an APA citation style
  format that formats authors as '<last>, <initial>.' and places the year in parentheses after the
  author list.
    - Agent community around Author, <firstname>, <lastname>. Relevant agent facts: task.md defines
  `<author>` as `<firstname> <lastname>` and restricts `<firstname>` and `<lastname>` to strings
  without spaces, line breaks, commas, or semicolons.; Authors are uniquely identified by their
  first and last names (case-sensitive); Authors are uniquely identified in ProgrammingST22-Final1
  by the combination of first name and last name (case-sensitive)
  </insights>

● adaptive-memory extension active (role=requirements, memorySession=20260723-151539-req) - type
  /memory-help. MCP tools registered (memory=true, backlog=true).







Changes    +0 -0
Duration   1m 10s
Tokens     ↑ 27.7k (1.3k cached) • ↓ 301 (131 reasoning)
[delivery:requirements] Turn 4/11 complete
[delivery:requirements] Turn 5/11: task.md — segment 4/9 — Abschlussaufgabe 2 — AlphaZeta (AZ) > 2 Implementierung von AlphaZeta (AZ) > 2.1 Darstellung der Beispielinteraktionen
● [adaptive-context] GET
  http://localhost:4444/api/agents/7af7809a-adce-4fa9-9609-fd61059de0ff/sessions/20260723-151539-req
  /context?input=Dokument%3A+task.md%0ASegment%3A+4%2F9%0AAbschnitt%3A+Abschlussaufgabe+2+%E2%80%94+
  AlphaZeta+%28AZ%29+%3E+2+Implementierung+von+AlphaZeta+%28AZ%29+%3E+2.1+Darstellung+der+Beispielin
  teraktionen%0A%0ALies+diesen+Abschnitt+sorgf%C3%A4ltig+und+behalte+den+Kontext.+Erstelle+noch+kein
  en+Backlog+und+noch+keine+Tasks.+Warte+damit+bis+zum+abschlie%C3%9Fenden+%2Ffinalize.%0A%0A%23%23%
  23+2.1+Darstellung+der+Beispielinteraktionen%0A%0AIn+Beispielinteraktionen+stellt+das+Symbol+%60%2
  5%3E+%60+%28Prozent-Zeichen+und+Gr%C3%B6%C3%9Fer-Zeichen+gefolgt+von+einem+Leerzeichen%29+die+Komm
  andozeile+dar.%0ADer+Programmname+ist+frei+gew%C3%A4hlt+und+muss+bei+Ihnen+nicht+*AlphaZeta*+laute
  n.%0ADas+Symbol+%60%3E+%60+%28Gr%C3%B6%C3%9Fer-Zeichen+gefolgt+von+einem+Leerzeichen%29+stellt+ein
  e+Benutzereingabe+dar+und+ist+selbst+nicht+Teil+der+Eingabe.%0ASollte+in+einer+Interaktion+%60%5B.
  ..%5D%60+geschrieben+werden%2C+so+bedeutet+dies%2C+dass+weitere+Interaktionen+ausgelassen+worden+s
  ind%2C+um+auf+eine+spezielle+Stelle+der+Interaktion+einzugehen.%0A%60%5B...%5D%60+ist+keine+Ausgab
  e+Ihres+Spiels.&project=ProgrammingST22-Final2&role=requirements&task=Understand+the+st22final02+a
  nd+create+its+backlog+when+prompted.&timestamp=2026-07-23T13%3A19%3A08.269Z&domain=st22final02

● Injected adaptive memory context into system prompt

● <adaptive_rules>
  - - Sonst: Über Dialogsystem wird entschieden. Wahltext: `<Decider> must select <N> of <Ship>s
  module(s) (separated by comma):` Die Auflistung ... alphabetischer Reihenfolge.
  - Interactive program outputs must match the specification exactly, including case, spaces and
  newlines, and no extra information may be printed.
  - The user interface must be case-insensitive (input case is ignored).
  - Program code must be written in English.
  - Submitted program code must compile without errors.
  - Implementations must not use System.exit() or other excluded functions to implement quitting.
  - Program must be started with exactly three command-line parameters.
  - Program must be terminable at any time via the 'quit' command.
  - The implementation must use exactly one fixed instance of the Random generator to ensure a
  deterministic sequence.
  </adaptive_rules>

  <memories>
    - The repository ProgrammingST22-Final1 relates to the assignment 'Abschlussaufgabe 1 —
  KastelScholar'.
    - The assignment 'Abschlussaufgabe 2 — AlphaZeta (AZ)' is worth 20 points.
    - ProgrammingST22-Final1 relates to KastelScholar command implementation (all 20 commands
  implemented)
    - The assignment 'Abschlussaufgabe 1 — KastelScholar' is for the course 'Programmieren'.
    - The file task.md contains the assignment 'Abschlussaufgabe 1 — KastelScholar'
    - The repository ProgrammingST22-Final1 is the SS 2022 final assignment named "KastelScholar".
    - ProgrammingST22-Final1 RELATES_TO the examples document that contains full example
  interactions and outputs
    - ProgrammingST22-Final1 relates to KastelScholar, the literature/citation management
  assignment.
    - ProgrammingST22-Final1 requires all program outputs to exactly match the specification (case,
  spaces, and line breaks).
    - ProgrammingST22-Final1 implements the set of 11 CLI query commands defined in task.md section
  4.3 (Anfragen).
    - ProgrammingST22-Final1 is required to be Checkstyle-conformant.
    - ProgrammingST22-Final1 organizes commands into an 'Anfragen' category for querying data.
    - ProgrammingST22-Final1 runs an interactive command loop: it reads commands from System.in,
  executes them on the current program state, and waits for further input until 'quit' is entered.
    - ProgrammingST22-Final1 relates to the `<keyword>` placeholder which must be a string
  consisting only of lowercase letters.
    - ProgrammingST22-Final1 treats example lines starting with '> ' as not part of the user input
  (they are prompt markers).
    - ProgrammingST22-Final1 uses the placeholder <keyword> which must consist only of lowercase
  letters.
    - ProgrammingST22-Final1 requires outputs to match the specification exactly (case, spaces,
  newlines) and forbids any additional output
  </memories>
  <knowledge>
    - Sonst wird über Dialogsystem entschieden; Wahltext: `<Decider> must select <N> of <Ship>s
  module(s) (separated by comma):`; Auflistung alphabetisch.
    - Aktions-Schemata für Aktionen gegen ein Ziel-Schiff verwenden das Format '<AKTEUR> <AKTION>
  <ZIEL>'.
    - Erfolgreiche Aktion ohne Modul-Zerstörung gibt nach Bonus-Ausgabe in neuer Zeile `missed` aus.
    - Für die Aktionen 'move' und 'propel' ist das Aktions-Schema '<AKTEUR> <AKTION> <X> <Y>'.
    - Der Befehl `actions <SHIP>` gibt die in dieser Runde noch nicht verwendeten Aktionen aus,
  alphabetisch sortiert und in Großbuchstaben.
    - Bei Fehleingaben im Dialog wird eine Fehlermeldung ausgegeben und erneute Eingabe verlangt;
  der einleitende Text wird nicht wiederholt.
    - Befehl board zeigt Spielfeld als Punkt für leere Kacheln, Deckungswert (1 oder 2) und
  Buchstaben für Schiffe; zerstörte Schiffe werden nicht angezeigt.
    - Beim Spielende wird ausgegeben, welche KI gewonnen hat; anschließend wird das Spiel beendet.
    - Vor Modul-zerstörenden Aktionen werden Roll (tatsächlicher Würfelwurf) und Bonus (Differenz
  zwischen tatsächlichem Wurf und gewertetem Angriffswürfelwurf) ausgegeben.
  </knowledge>
  <entity_paths>
    - Abschlussaufgabe 1 — KastelScholar RELATES_TO Version 1.3: The assignment 'Abschlussaufgabe 1
  — KastelScholar' document version is '1.3'.; The assignment 'Abschlussaufgabe 1 — KastelScholar'
  is version 1.3
    - Abschlussaufgabe 1 — KastelScholar RELATES_TO Institute of Information Security and
  Dependability: The assignment 'Abschlussaufgabe 1 — KastelScholar' is associated with the group
  'Institute of Information Security and Dependability'.
    - Abschlussaufgabe 1 — KastelScholar RELATES_TO Sommersemester 2022: The assignment
  'Abschlussaufgabe 1 — KastelScholar' is for semester 'Sommersemester 2022'.
    - Abschlussaufgabe 1 — KastelScholar RELATES_TO Programmieren: The assignment 'Abschlussaufgabe
  1 — KastelScholar' is for the course 'Programmieren'.; The assignment is for the course
  'Programmieren'.
    - Abschlussaufgabe 1 — KastelScholar RELATES_TO Prof. Dr.-Ing. Anne Koziolek: The assignment
  'Abschlussaufgabe 1 — KastelScholar' lists Prof. Dr.-Ing. Anne Koziolek as the instructor.; The
  instructor for 'Abschlussaufgabe 1 — KastelScholar' is Prof. Dr.-Ing. Anne Koziolek
    - Abschlussaufgabe 1 — KastelScholar RELATES_TO 20 Punkte: The assignment 'Abschlussaufgabe 1 —
  KastelScholar' specifies total points '20 Punkte'.; The assignment 'Abschlussaufgabe 1 —
  KastelScholar' is worth 20 points
    - Abschlussaufgabe 1 — KastelScholar RELATES_TO BibTeX: The assignment document cites
  CiteSeer^X, Google Scholar, BibTeX, JabRef, and Citavi as similar existing systems.
    - Abschlussaufgabe 1 — KastelScholar RELATES_TO Citavi: The assignment document cites
  CiteSeer^X, Google Scholar, BibTeX, JabRef, and Citavi as similar existing systems.
    - Abschlussaufgabe 1 — KastelScholar RELATES_TO CiteSeerX: The assignment document cites
  CiteSeer^X, Google Scholar, BibTeX, JabRef, and Citavi as similar existing systems.
    - Abschlussaufgabe 1 — KastelScholar RELATES_TO Google Scholar: The assignment document cites
  CiteSeer^X, Google Scholar, BibTeX, JabRef, and Citavi as similar existing systems.
    - Abschlussaufgabe 1 — KastelScholar RELATES_TO JabRef: The assignment document cites
  CiteSeer^X, Google Scholar, BibTeX, JabRef, and Citavi as similar existing systems.
    - ProgrammingST22-Final1 USES <id>: ProgrammingST22-Final1 uses the placeholder <id> which must
  be an identifier containing only lowercase letters and digits.
    - ProgrammingST22-Final1 USES <venue>: ProgrammingST22-Final1 uses the placeholder <venue> which
   must be either 'journal <journal>' or 'series <series>' referencing an existing publication
  venue.
    - ProgrammingST22-Final1 USES <float>: ProgrammingST22-Final1 uses the `<float>` placeholder to
  mean a floating-point number formatted with exactly three decimal places (X.XXX), using `.` as
  separator and truncated (not rounded); values are assumed ≤ 10^6.; ProgrammingST22-Final1 uses the
   placeholder <float> which must be printed with exactly three decimal places, using a dot and
  truncation (no rounding).
    - ProgrammingST22-Final1 USES Java SE 17: ProgrammingST22-Final1 uses Java SE 17 as its
  language/runtime.; ProgrammingST22-Final1 uses Java SE 17 (project compiles cleanly under Java SE
  17)
    - ProgrammingST22-Final1 USES quit: ProgrammingST22-Final1 uses the 'quit' command to terminate;
   it processes inputs until 'quit' is entered.
    - ProgrammingST22-Final1 USES Checkstyle: ProgrammingST22-Final1 uses Checkstyle compliance as a
   core constraint
    - ProgrammingST22-Final1 USES System.in: ProgrammingST22-Final1 uses System.in for program
  input.; ProgrammingST22-Final1 reads interactive commands from System.in (standard input).
    - ProgrammingST22-Final1 USES System.out: ProgrammingST22-Final1 uses System.out for program
  output.
    - ProgrammingST22-Final1 USES <publisher> / <journal> / <series> / <location> / <title>:
  ProgrammingST22-Final1 uses several text fields (<publisher>, <journal>, <series>, <location>,
  <title>) that must not contain newlines, commas or semicolons.
  </entity_paths>
  <entity_matches>
    - examples.md (Beispiele — Abschlussaufgabe 1) (score: 0.79) — Document containing the full
  example interactions and sample CLI outputs
    - Backlog (22 tasks) (score: 0.77) — Twenty-two prioritized sequential development tasks
    - Abschlussaufgabe 1 — KastelScholar (score: 0.76) — Assignment title and description stored in
  task.md.
    - ProgrammingST22-Final1 (score: 0.76) — Exercise repository implementing the KastelScholar
  backlog
    - Abschlussaufgabe 1 — KastelScholar metadata (score: 0.75) — Assignment metadata:
  Programmieren; Sommersemester 2022; Prof. Anne Koziolek; Institute of Information Security; 20
  points; v1.3
  </entity_matches>
  <insights>
    - Agent community around examples.md (Beispiele — Abschlussaufgabe 1), ProgrammingST22-Final1,
  <venue> connects Case-sensitive unique identifier rule, Error message prefix 'Error,', Checkstyle,
   System.in. Relevant agent facts: ProgrammingST22-Final1 enforces case-sensitive uniqueness for
  entity identifiers and must error on duplicate creation.; task.md requires `<venue>` to be
  formatted as `journal <journal>` for journals or `series <series>` for conference series.;
  ProgrammingST22-Final1 relates to the `<venue>` placeholder format: use `journal <journal>` for
  journals or `series <series>` for conference series.
    - Agent community around <id>, <title>. Relevant agent facts: task.md defines `<id>` as a
  publication identifier of only lowercase letters and digits, and `<title>` as a string without
  line breaks, commas, or semicolons.; ProgrammingST22-Final1 uses the placeholder <id> which must
  be an identifier containing only lowercase letters and digits.
    - Agent community around Keyword, Lowercase, inherited across hierarchy, no duplicates, format
  constraint: only lowercase letters, no special characters. Relevant agent facts: Keywords must be
  lowercase, inherit from Series→Conference→Article and Journal→Article, and must not duplicate;
  task.md defines `<keyword>` as a string consisting only of lowercase letters.;
  ProgrammingST22-Final1 relates to the `<keyword>` placeholder which must be a string consisting
  only of lowercase letters.
    - Agent community around Bibliography, Sorting: authors by last/first, then title/year/id;
  missing n-th author before existing. Relevant agent facts: task.md defines `<bibliography>` as the
   output of a sorted bibliography, one entry per line, formatted according to the chosen style.;
  Bibliography sorting: compare authors by last then first name, then title, year, id; missing n-th
  author sorts before an existing n-th author; ProgrammingST22-Final1 relates to the
  `<bibliography>` placeholder representing the output of a sorted bibliography: one bibliography
  entry per line, entry format determined by the chosen style.
    - Agent community around <index>, <year>. Relevant agent facts: task.md defines `<index>` as an
  integer ≥ 0 and `<year>` as an integer in the closed interval [0, 9999].; ProgrammingST22-Final1
  relates to the `<index>` placeholder meaning an integer greater than or equal to zero.;
  ProgrammingST22-Final1 relates to the `<year>` placeholder meaning an integer in the closed
  interval [0, 9999].
  </insights>

● adaptive-memory extension active (role=requirements, memorySession=20260723-151539-req) - type
  /memory-help. MCP tools registered (memory=true, backlog=true).







Changes    +0 -0
Duration   1m 23s
Tokens     ↑ 28.1k (1.3k cached) • ↓ 198 (94 reasoning)
[delivery:requirements] Turn 5/11 complete
[delivery:requirements] Turn 6/11: task.md — segment 5/9 — Abschlussaufgabe 2 — AlphaZeta (AZ) > 2 Implementierung von AlphaZeta (AZ) > 2.2 Quit-Befehl
● [adaptive-context] GET http://localhost:4444/api/agents/7af7809a-adce-4fa9-9609-fd61059de0ff/sessi
  ons/20260723-151539-req/context?input=Dokument%3A+task.md%0ASegment%3A+5%2F9%0AAbschnitt%3A+Abschl
  ussaufgabe+2+%E2%80%94+AlphaZeta+%28AZ%29+%3E+2+Implementierung+von+AlphaZeta+%28AZ%29+%3E+2.2+Qui
  t-Befehl%0A%0ALies+diesen+Abschnitt+sorgf%C3%A4ltig+und+behalte+den+Kontext.+Erstelle+noch+keinen+
  Backlog+und+noch+keine+Tasks.+Warte+damit+bis+zum+abschlie%C3%9Fenden+%2Ffinalize.%0A%0A%23%23%23+
  2.2+Quit-Befehl%0A%0AGenerell+muss+Ihr+Programm+jederzeit+mit+der+Eingabe+des+Befehls+%60quit%60+b
  eendet+werden+k%C3%B6nnen.%0ABeachten+Sie%2C+dass+f%C3%BCr+das+Testen+Ihrer+Abgabe+dieser+Befehl+e
  ssenziell+ist%2C+da+viele+der+Tests+%60quit%60+am+Ende+einer+Testsequenz+verwenden%2C+um+Ihr+Progr
  amm+zu+beenden.%0AStellen+Sie+daher+sicher%2C+dass+der+Befehl+in+jeder+Situation+funktioniert.%0AB
  eachten+Sie+bitte+nochmals%2C+dass+Sie+hierf%C3%BCr+nicht+%60System.exit%28%29%60+oder+andere+ausg
  eschlossene+Funktionen+verwenden+d%C3%BCrfen.&project=ProgrammingST22-Final2&role=requirements&tas
  k=Understand+the+st22final02+and+create+its+backlog+when+prompted.&timestamp=2026-07-23T13%3A19%3A
  21.294Z&domain=st22final02

● Injected adaptive memory context into system prompt

● <adaptive_rules>
  - Implementations must not use System.exit() or other excluded functions to implement quitting.
  - Program must be started with exactly three command-line parameters.
  - Program must be terminable at any time via the 'quit' command.
  - The implementation must use exactly one fixed instance of the Random generator to ensure a
  deterministic sequence.
  - Interactive program outputs must match the specification exactly, including case, spaces and
  newlines, and no extra information may be printed.
  - The user interface must be case-insensitive (input case is ignored).
  - Adhere to the JavaDoc documentation rules.
  - All whitespace rules must be followed.
  - Calls to System.exit(), Runtime.exit() or similar must not be used.
  - Choose appropriate visibilities for classes, methods, and attributes.
  - Do not use the default package.
  - Follow all rules for variable, method, and package naming.
  - Mandatory tests must be passed before other tests are evaluated.
  - Maximum line width of source files is 120 characters.
  - Only the listed Java library packages may be used: java.lang, java.io, java.util,
  java.util.regex, java.util.stream, java.util.function.
  - Submitted program code must compile without errors.
  - The online submission requires individual submission of *.java files with the correct folder
  structure.
  - Use System.in for input and System.out for output unless otherwise specified; do not reassign
  these streams.
  - You must pass the mandatory tests; failure to pass them results in an automatic zero for the
  submission.
  - - Sonst: Über Dialogsystem wird entschieden. Wahltext: `<Decider> must select <N> of <Ship>s
  module(s) (separated by comma):` Die Auflistung ... alphabetischer Reihenfolge.
  - After printing an error message the program should continue and wait for the next input.
  - Every error message must begin with 'Error,' and must not contain special characters such as
  newlines or umlauts.
  - You may choose English text freely for error messages, but they should be meaningful.
  - Program code must be written in English.
  </adaptive_rules>

  <memories>
    - The assignment 'Abschlussaufgabe 2 — AlphaZeta (AZ)' is for the course 'Programmieren'.
    - The repository ProgrammingST22-Final1 relates to the assignment 'Abschlussaufgabe 1 —
  KastelScholar'.
    - The file task.md contains the assignment 'Abschlussaufgabe 2 — AlphaZeta (AZ)'.
    - The assignment document 'Abschlussaufgabe 2 — AlphaZeta (AZ)' is version 1.4.
    - In ProgrammingST22-Final1 the command 'quit' terminates the program.
    - The repository ProgrammingST22-Final1 is the SS 2022 final assignment named "KastelScholar".
    - ProgrammingST22-Final1 relates to KastelScholar, the literature/citation management
  assignment.
    - ProgrammingST22-Final1 requires all program outputs to exactly match the specification (case,
  spaces, and line breaks).
    - ProgrammingST22-Final1 implements the set of 11 CLI query commands defined in task.md section
  4.3 (Anfragen).
    - ProgrammingST22-Final1 is required to be Checkstyle-conformant.
    - ProgrammingST22-Final1 relates to KastelScholar command implementation (all 20 commands
  implemented)
    - ProgrammingST22-Final1 uses the 'quit' command to terminate; it processes inputs until 'quit'
  is entered.
    - ProgrammingST22-Final1 runs an interactive command loop: it reads commands from System.in,
  executes them on the current program state, and waits for further input until 'quit' is entered.
    - ProgrammingST22-Final1 relates to a 'quit' command that terminates the program
    - ProgrammingST22-Final1 RELATES_TO the parameterless 'quit' command that terminates the program
   and must not call System.exit() or Runtime.exit().
  </memories>
  <knowledge>
    - Sonst wird über Dialogsystem entschieden; Wahltext: `<Decider> must select <N> of <Ship>s
  module(s) (separated by comma):`; Auflistung alphabetisch.
    - Automated tests rely on the 'quit' command at the end of test sequences to terminate the
  program.
    - Erfolgreiche Aktion ohne Modul-Zerstörung gibt nach Bonus-Ausgabe in neuer Zeile `missed` aus.
  </knowledge>
  <entity_paths>
    - ProgrammingST22-Final1 USES <id>: ProgrammingST22-Final1 uses the placeholder <id> which must
  be an identifier containing only lowercase letters and digits.
    - ProgrammingST22-Final1 USES <venue>: ProgrammingST22-Final1 uses the placeholder <venue> which
   must be either 'journal <journal>' or 'series <series>' referencing an existing publication
  venue.
    - ProgrammingST22-Final1 USES <float>: ProgrammingST22-Final1 uses the `<float>` placeholder to
  mean a floating-point number formatted with exactly three decimal places (X.XXX), using `.` as
  separator and truncated (not rounded); values are assumed ≤ 10^6.; ProgrammingST22-Final1 uses the
   placeholder <float> which must be printed with exactly three decimal places, using a dot and
  truncation (no rounding).
    - ProgrammingST22-Final1 USES Java SE 17: ProgrammingST22-Final1 uses Java SE 17 as its
  language/runtime.; ProgrammingST22-Final1 uses Java SE 17 (project compiles cleanly under Java SE
  17)
    - ProgrammingST22-Final1 USES quit: ProgrammingST22-Final1 uses the 'quit' command to terminate;
   it processes inputs until 'quit' is entered.
    - ProgrammingST22-Final1 USES Checkstyle: ProgrammingST22-Final1 uses Checkstyle compliance as a
   core constraint
    - ProgrammingST22-Final1 USES System.in: ProgrammingST22-Final1 uses System.in for program
  input.; ProgrammingST22-Final1 reads interactive commands from System.in (standard input).
    - ProgrammingST22-Final1 USES System.out: ProgrammingST22-Final1 uses System.out for program
  output.
    - ProgrammingST22-Final1 USES <publisher> / <journal> / <series> / <location> / <title>:
  ProgrammingST22-Final1 uses several text fields (<publisher>, <journal>, <series>, <location>,
  <title>) that must not contain newlines, commas or semicolons.
    - ProgrammingST22-Final1 USES publication identifier (lowercase+digits): ProgrammingST22-Final1
  requires publication identifiers composed only of lowercase letters and digits
    - ProgrammingST22-Final1 USES case-sensitive identifiers and names: ProgrammingST22-Final1
  treats identifiers and author names as case-sensitive
    - ProgrammingST22-Final1 USES bibliography sorting order: ProgrammingST22-Final1 requires the
  literature list to be sorted by: authors (last, first) pairwise, title, year, then publication
  identifier, with missing n-th author sorting before existing
    - ProgrammingST22-Final1 USES Reference year constraint (must be earlier): References may only
  cite publications with an earlier publication year
    - ProgrammingST22-Final1 USES Keyword: ProgrammingST22-Final1 uses the placeholder <keyword>
  which must consist only of lowercase letters.
    - ProgrammingST22-Final1 USES System.err: ProgrammingST22-Final1 may optionally use System.err
  for error messages.
    - ProgrammingST22-Final1 USES <index> / <year>: ProgrammingST22-Final1 uses numeric placeholders
   with ranges: <index> is an integer >= 0 and <year> is an integer in [0, 9999].
    - ProgrammingST22-Final1 USES <publications> / <authors> / <bibliography>:
  ProgrammingST22-Final1 uses output formatting rules: <publications> is newline-separated sorted by
   id lexicographically; <authors> is newline-separated sorted by lastname then firstname;
  <bibliography> is sorted with one entry per line formatted per chosen style.
    - ProgrammingST22-Final1 USES <author> / <firstname> / <lastname>: ProgrammingST22-Final1 uses
  author and name token rules: <author> is '<firstname> <lastname>' and firstname/lastname contain
  no spaces, newlines, commas or semicolons.
    - ProgrammingST22-Final1 USES ACM Simplified ('acm') and APA Simplified ('apa') bibliography
  styles: ProgrammingST22-Final1 requires implementation of two bibliography styles: ACM Simplified
  ('acm') and APA Simplified ('apa') with the specified formatting rules
    - ProgrammingST22-Final1 USES <style>: ProgrammingST22-Final1 uses the placeholder <style>
  restricted to the identifiers 'acm' or 'apa'.
  </entity_paths>
  <entity_matches>
    - Backlog (22 tasks) (score: 0.77) — Twenty-two prioritized sequential development tasks
    - examples.md (Beispiele — Abschlussaufgabe 1) (score: 0.76) — Document containing the full
  example interactions and sample CLI outputs
    - ProgrammingST22-Final1 (score: 0.76) — Exercise repository implementing the KastelScholar
  backlog
    - Abschlussaufgabe 1 — KastelScholar (score: 0.76) — Assignment title and description stored in
  task.md.
    - Abschlussaufgabe 1 — KastelScholar metadata (score: 0.75) — Assignment metadata:
  Programmieren; Sommersemester 2022; Prof. Anne Koziolek; Institute of Information Security; 20
  points; v1.3
  </entity_matches>
  <insights>
    - Agent community around examples.md (Beispiele — Abschlussaufgabe 1), ProgrammingST22-Final1,
  <venue> connects Case-sensitive unique identifier rule, Error message prefix 'Error,', Checkstyle,
   System.in. Relevant agent facts: ProgrammingST22-Final1 enforces case-sensitive uniqueness for
  entity identifiers and must error on duplicate creation.; task.md requires `<venue>` to be
  formatted as `journal <journal>` for journals or `series <series>` for conference series.;
  ProgrammingST22-Final1 relates to the `<venue>` placeholder format: use `journal <journal>` for
  journals or `series <series>` for conference series.
    - Agent community around Backlog (22 tasks), Backlog 7dc5e6b6-3102-4551-887c-5beeffea252d,
  Command parser infrastructure (20 commands). Relevant agent facts: The backlog document lists 22
  prioritized, sequential development tasks; The backlog requires a command parser infrastructure to
   parse all 20 command formats; The backlog requires an in-memory data store providing CRUD,
  queries, and all validation rules
    - Agent community around KastelScholar, Literature collection management (heterogeneous
  documents), Bibliography generation (user-chosen format) connects Bibliography generation,
  CiteSeer^X; Google Scholar; BibTeX; JabRef; Citavi, Literature collection with documents of
  different types. Relevant agent facts: The repository ProgrammingST22-Final1 is the SS 2022 final
  assignment named "KastelScholar".; The project KastelScholar has a backlog document with ID
  7dc5e6b6-3102-4551-887c-5beeffea252d; KastelScholar manages a literature collection containing
  documents of different types.
    - Agent community around <id>, <title>. Relevant agent facts: task.md defines `<id>` as a
  publication identifier of only lowercase letters and digits, and `<title>` as a string without
  line breaks, commas, or semicolons.; ProgrammingST22-Final1 uses the placeholder <id> which must
  be an identifier containing only lowercase letters and digits.
    - Agent community around Keyword, Lowercase, inherited across hierarchy, no duplicates, format
  constraint: only lowercase letters, no special characters. Relevant agent facts: Keywords must be
  lowercase, inherit from Series→Conference→Article and Journal→Article, and must not duplicate;
  task.md defines `<keyword>` as a string consisting only of lowercase letters.;
  ProgrammingST22-Final1 relates to the `<keyword>` placeholder which must be a string consisting
  only of lowercase letters.
  </insights>

● adaptive-memory extension active (role=requirements, memorySession=20260723-151539-req) - type
  /memory-help. MCP tools registered (memory=true, backlog=true).







Changes    +0 -0
Duration   1m 39s
Tokens     ↑ 28.4k (1.3k cached) • ↓ 194 (95 reasoning)
[delivery:requirements] Turn 6/11 complete
[delivery:requirements] Turn 7/11: task.md — segment 6/9 — Abschlussaufgabe 2 — AlphaZeta (AZ) > 2 Implementierung von AlphaZeta (AZ) > 2.3 Vorbereitung: Start, Konfiguration
● [adaptive-context] GET
  http://localhost:4444/api/agents/7af7809a-adce-4fa9-9609-fd61059de0ff/sessions/20260723-151539-req
  /context?input=Dokument%3A+task.md%0ASegment%3A+6%2F9%0AAbschnitt%3A+Abschlussaufgabe+2+%E2%80%94+
  AlphaZeta+%28AZ%29+%3E+2+Implementierung+von+AlphaZeta+%28AZ%29+%3E+2.3+Vorbereitung%3A+Start%2C+K
  onfiguration%0A%0ALies+diesen+Abschnitt+sorgf%C3%A4ltig+und+behalte+den+Kontext.+Erstelle+noch+kei
  nen+Backlog+und+noch+keine+Tasks.+Warte+damit+bis+zum+abschlie%C3%9Fenden+%2Ffinalize.%0A%0A%23%23
  %23+2.3+Vorbereitung%3A+Start%2C+Konfiguration%0A%0AAm+Anfang+muss+das+Spiel+konfiguriert+werden.%
  0AHierzu+wird+das+Spiel+mit+genau+drei+Kommandozeilen-Parametern+gestartet.%0ADer+erste+Parameter+
  ist+ein+*Seed*+f%C3%BCr+den+Zufallszahlengenerator%2C+welcher+den+W%C3%BCrfel+ersetzt.%0ADer+Seed+
  soll+hierbei+im+Intervall+von+%5BINT_MIN%2C+INT_MAX%5D+liegen.%0ADer+zweite+Parameter+gibt+die+Sei
  tenl%C3%A4nge+des+Spielfeldes+an.%0AHierbei+w%C3%BCrde+der+Parameter+5+bedeuten%2C+dass+auf+einem+
  5%C3%975+Spielfeld+gespielt+wird.%0ADer+letzte+Parameter+gibt+an%2C+wie+viele+*Container*-Module+d
  ie+Sammler+der+KIs+haben.%0ADieser+Wert+muss+immer+im+geschlossenen+Intervall+%5B0%2C+3%5D+liegen.
  %0A%0A%23%23%23%23+Seed+%26+W%C3%BCrfelwurf%0A%0AEin+deterministischer+Zufallszahlengenerator+ist+
  ein+Verfahren+zur+Erzeugung+einer+Zahlenfolge%2C+deren+Eigenschaften+den+Eigenschaften+von+Zufalls
  zahlenfolgen+nahekommen.%0ADie+von+deterministischen+Zufallszahlengeneratoren+erzeugte+Folge+ist+j
  edoch+nicht+wirklich+zuf%C3%A4llig%2C+da+sie+vollst%C3%A4ndig+durch+einen+Anfangswert%2C+den+sogen
  annten+*Seed*%2C+bestimmt+wird.%0A%0AVerwenden+Sie+nur+den+Konstruktor+%60Random%28long+seed%29%60
  %2C+um+einen+neuen+Zufallszahlengenerator+mit+einem+Anfangswert+zu+instanziieren.%0AEine+Instanz+d
  ieser+Klasse+wird+verwendet%2C+um+eine+Folge+von+deterministischen+Zufallszahlen+zu+erzeugen.%0AVe
  rwenden+Sie+bei+der+Implementierung+Ihres+Spiels+nur+eine+einzige+feste+Instanz+dieses+Zufallszahl
  engenerators%2C+um+eine+feste+deterministische+Folge+von+W%C3%BCrfelw%C3%BCrfen+zu+gew%C3%A4hrleis
  ten.%0A%0AVerwenden+Sie+dann%2C+ausschlie%C3%9Flich+auf+dieser+Instanz%2C+die+Methode+%60nextInt%2
  8int+bound%29%60%2C+um+die+n%C3%A4chste+deterministische+Zahl+aus+der+Folge+dieses+Zufallszahlenge
  nerators+zu+erhalten.%0AF%C3%BCr+die+Berechnung+eines+W%C3%BCrfelwurfs+berechnen+sie+bitte+immer+%
  60random.nextInt%286%29+%2B+1%60.%0AVerwenden+Sie+die+Methode+bei+Ihrer+Implementierung+nur+dann%2
  C+wenn+Sie+einen+W%C3%BCrfelwurf+durchf%C3%BChren+m%C3%BCssen%2C+damit+eine+feste+deterministische
  +Zahlenfolge+gew%C3%A4hrleistet+ist.%0A%0A%23%23%23%23+Programmstart-Interaktion%0A%0AZum+Spielsta
  rt+zeigt+das+System+zun%C3%A4chst+eine+Willkommensbotschaft+an.%0ADiese+wird+in+Zeile+2+der+folgen
  den+Beispielinteraktion+dargestellt.%0AAnschlie%C3%9Fend+fordert+das+System+zur+Konfiguration+der+
  Schiffe+der+KIs+an.%0AHierzu+werden+nacheinander+die+Module+der+verschiedenen+Schiffe+abgefragt.%0
  ADie+Reihenfolge+der+Schiffe+ist+hierbei+wie+in+der+Beispielinteraktion+festgelegt.%0ADas+System+l
  istet+die+m%C3%B6glichen+Module+immer+alphabetisch+auf.%0ABeachten+Sie%2C+dass+fehlerhafte+Konfigu
  rationen+*fr%C3%BChstm%C3%B6glich*+erkannt+werden+sollen.%0ASobald+eine+fehlerhafte+Konfiguration+
  erkannt+wurde%2C+wird+eine+aussagekr%C3%A4ftige+Fehlermeldung+ausgegeben+und+die+Abfrage+der+Konfi
  guration+f%C3%BCr+das+Schiff+wiederholt.%0AHierbei+wird+die+bereits+korrekte+Konfiguration+f%C3%BC
  r+die+vorherigen+Schiffe+*nicht*+erneut+erfragt.%0AEin+Beispiel+hierf%C3%BCr+findet+sich+in+der+zw
  eiten+Beispielinteraktion+in+diesem+Paragraphen.%0ANachdem+alle+Schiffe+konfiguriert+wurden%2C+mus
  s+das+Spielfeld+konfiguriert+werden.%0ADies+wird+durch+eine+Aufforderung+des+Spiels+eingeleitet+%2
  8siehe+Beispielinteraktion%29.%0ADie+Konfiguration+des+Spielfeldes+wird+durch+die+Eingabe+einer+Ze
  ichenfolge+durchgef%C3%BChrt.%0AHierbei+wird+%60.%60+als+freies+Feld%2C+%601%60+f%C3%BCr+halbe+Dec
  kung%2C+%602%60+f%C3%BCr+volle+Deckung+und+die+entsprechenden+Buchstaben+f%C3%BCr+die+Raumschiffe+
  verwendet.%0ADie+Zeichenfolge+beschreibt+hierbei+Zeilenweise+%28von+links+nach+rechts+und+von+oben
  +nach+unten%29+das+Spielfeld.%0AF%C3%BCr+ein+5%C3%975+Spielfeld%2C+m%C3%BCssten+also+25+Zeichen+ei
  ngegeben+werden%2C+wobei+die+ersten+5+Zeichen+die+oberste+Reihe+%28von+links+nach+rechts%29+beschr
  eiben+w%C3%BCrden.%0AFalls+ein+ung%C3%BCltiges+Spielfeld+eingegeben+wird%2C+so+wird+eine+Fehlermel
  dung+ausgegeben+und+das+System+wartet+erneut+auf+eine+Eingabe+des+Spielfelds.%0AEs+wird+insbesonde
  re+nicht+die+Aufforderung+zu+Beginn+der+Konfiguration+wiederholt.%0ANach+der+korrekten+Konfigurati
  on+des+Spielfeldes+beginnt+Alphas+Zug.%0ADies+wird+mit+der+in+der+Interaktion+dargestellten+Ausgab
  e+angek%C3%BCndigt.&project=ProgrammingST22-Final2&role=requirements&task=Understand+the+st22final
  02+and+create+its+backlog+when+prompted.&timestamp=2026-07-23T13%3A19%3A36.905Z&domain=st22final02

● Injected adaptive memory context into system prompt

● <adaptive_rules>
  - Implementations must not use System.exit() or other excluded functions to implement quitting.
  - Program must be started with exactly three command-line parameters.
  - Program must be terminable at any time via the 'quit' command.
  - The implementation must use exactly one fixed instance of the Random generator to ensure a
  deterministic sequence.
  - Faulty module configurations must be detected as early as possible; on detection an informative
  error is printed and configuration for that ship is re-asked; previously correct ships are not
  re-queried.
  - - Sonst: Über Dialogsystem wird entschieden. Wahltext: `<Decider> must select <N> of <Ship>s
  module(s) (separated by comma):` Die Auflistung ... alphabetischer Reihenfolge.
  - Playing field coverage must be axisymmetric with respect to the southwest–northeast axis; this
  symmetry applies only to cover, not to ships.
  - Second command-line parameter is the playing-field side length; it must be at least 5 and odd.
  - A die roll must always be computed as random.nextInt(6) + 1.
  - nextInt should only be called when a die roll is actually required, to preserve the
  deterministic sequence.
  - Interactive program outputs must match the specification exactly, including case, spaces and
  newlines, and no extra information may be printed.
  - The user interface must be case-insensitive (input case is ignored).
  - Die Aktion propel ist nur verfügbar, wenn das Raumschiff ein Propulsion-Modul besitzt.
  - Ramm darf nur eingesetzt werden, wenn das angreifende Raumschiff keine Waffen-Module mehr hat.
  - A Collector always has exactly one Engine module and otherwise only the special Container
  module.
  - Other ships always have an Engine as their first module.
  - Per ship, the number of Weapon modules must be at most 2.
  - Program code must be written in English.
  - Submitted program code must compile without errors.
  - After printing an error message the program should continue and wait for the next input.
  - Every error message must begin with 'Error,' and must not contain special characters such as
  newlines or umlauts.
  - You may choose English text freely for error messages, but they should be meaningful.
  </adaptive_rules>

  <memories>
    - The assignment 'Abschlussaufgabe 2 — AlphaZeta (AZ)' is for the course 'Programmieren'.
    - The assignment document 'Abschlussaufgabe 2 — AlphaZeta (AZ)' is version 1.4.
    - The assignment 'Abschlussaufgabe 2 — AlphaZeta (AZ)' is worth 20 points.
    - The file task.md contains the assignment 'Abschlussaufgabe 2 — AlphaZeta (AZ)'.
    - The assignment 'Abschlussaufgabe 2 — AlphaZeta (AZ)' is issued in the semester 'Sommersemester
   2022'.
    - The repository ProgrammingST22-Final1 relates to the assignment 'Abschlussaufgabe 1 —
  KastelScholar'.
    - The repository ProgrammingST22-Final1 is the SS 2022 final assignment named "KastelScholar".
    - ProgrammingST22-Final1 relates to KastelScholar, the literature/citation management
  assignment.
    - ProgrammingST22-Final1 requires all program outputs to exactly match the specification (case,
  spaces, and line breaks).
    - ProgrammingST22-Final1 implements the set of 11 CLI query commands defined in task.md section
  4.3 (Anfragen).
    - ProgrammingST22-Final1 is required to be Checkstyle-conformant.
    - ProgrammingST22-Final1 relates to KastelScholar command implementation (all 20 commands
  implemented)
    - ProgrammingST22-Final1 runs an interactive command loop: it reads commands from System.in,
  executes them on the current program state, and waits for further input until 'quit' is entered.
    - ProgrammingST22-Final1 relates to package edu.kit.kastel.scholar containing Main.java,
  CommandParser.java, and CommandExecutor.java (command-reading loop, command parsing, command
  execution)
    - ProgrammingST22-Final1 relates to the `<index>` placeholder meaning an integer greater than or
   equal to zero.
    - ProgrammingST22-Final1 relates to the `<year>` placeholder meaning an integer in the closed
  interval [0, 9999].
    - ProgrammingST22-Final1 uses Java SE 17 (project compiles cleanly under Java SE 17)
    - ProgrammingST22-Final1 organizes commands into an 'Anfragen' category for querying data.
    - The assignment is for the course 'Programmieren'.
    - The assignment is for the course 'Programmieren' in Sommersemester 2022.
    - ProgrammingST22-Final1 RELATES_TO the examples document that contains full example
  interactions and outputs
    - ProgrammingST22-Final1 requires that when input is rejected a meaningful error message is
  shown indicating why the input was rejected.
    - ProgrammingST22-Final1 reads interactive commands from System.in (standard input).
    - ProgrammingST22-Final1 relates to an error message format where error lines begin with
  'Error,'
    - ProgrammingST22-Final1 requires program outputs to exactly match the specified formatting
  (case, spaces, newlines) and produce no additional information.
  </memories>
  <knowledge>
    - Sonst wird über Dialogsystem entschieden; Wahltext: `<Decider> must select <N> of <Ship>s
  module(s) (separated by comma):`; Auflistung alphabetisch.
    - Befehl board zeigt Spielfeld als Punkt für leere Kacheln, Deckungswert (1 oder 2) und
  Buchstaben für Schiffe; zerstörte Schiffe werden nicht angezeigt.
    - Beim Spielende wird ausgegeben, welche KI gewonnen hat; anschließend wird das Spiel beendet.
    - Werden alle Module eines Schiffs oder alle bis auf die Engine zerstört, wird nicht
  nachgefragt; Reihenfolge der Ausgabe = Konfigurationsphase-Reihenfolge.
    - Aktions-Schemata für Aktionen gegen ein Ziel-Schiff verwenden das Format '<AKTEUR> <AKTION>
  <ZIEL>'.
    - Only the Random(long seed) constructor may be used to instantiate a new RNG.
    - Only the method nextInt(int bound) may be used on that Random instance to obtain the next
  deterministic number.
    - Befehl fleet listet Flotten pro KI; pro Schiff Zustand (`<C>` Sammler, `<->` intaktes
  Angriffsschiff, `~X~` zerstörtes Schiff) und bei nicht zerstörten Schiffen alphabetisch sortierte
  intakte Module in Großbuchstaben.
  </knowledge>
  <entity_paths>
    - Implementierungsrichtlinien — Abschlussaufgabe 2 (SS 2022) USES Program code: Submitted
  program code must compile without errors.
    - Implementierungsrichtlinien — Abschlussaufgabe 2 (SS 2022) USES System.in; System.out: Use
  System.in for input and System.out for output unless otherwise specified; do not reassign these
  streams.
    - Implementierungsrichtlinien — Abschlussaufgabe 2 (SS 2022) RELATES_TO Whitespace rules: All
  whitespace rules must be followed.
    - Implementierungsrichtlinien — Abschlussaufgabe 2 (SS 2022) RELATES_TO java.lang; java.io;
  java.util; java.util.regex; java.util.stream; java.util.function: Only the listed Java library
  packages may be used: java.lang, java.io, java.util, java.util.regex, java.util.stream,
  java.util.function.
    - Implementierungsrichtlinien — Abschlussaufgabe 2 (SS 2022) RELATES_TO Maximum line width: 120
  characters: Maximum line width of source files is 120 characters.
    - Implementierungsrichtlinien — Abschlussaufgabe 2 (SS 2022) RELATES_TO Naming rules for
  variables, methods, and packages: Follow all rules for variable, method, and package naming.
    - Implementierungsrichtlinien — Abschlussaufgabe 2 (SS 2022) RELATES_TO Visibility rules: Choose
   appropriate visibilities for classes, methods, and attributes.
    - Implementierungsrichtlinien — Abschlussaufgabe 2 (SS 2022) RELATES_TO Default package
  forbidden: Do not use the default package.
    - Implementierungsrichtlinien — Abschlussaufgabe 2 (SS 2022) RELATES_TO System.exit();
  Runtime.exit(); similar: Calls to System.exit(), Runtime.exit() or similar must not be used.
    - Implementierungsrichtlinien — Abschlussaufgabe 2 (SS 2022) RELATES_TO Submission of *.java
  files with folder structure: The online submission requires individual submission of *.java files
  with the correct folder structure.
    - Implementierungsrichtlinien — Abschlussaufgabe 2 (SS 2022) RELATES_TO JavaDoc rules: Adhere to
   the JavaDoc documentation rules.
    - Implementierungsrichtlinien — Abschlussaufgabe 2 (SS 2022) RELATES_TO Mandatory tests: You
  must pass the mandatory tests; failure to pass them results in an automatic zero for the
  submission.
    - Aktions-Schema (Zielaktion) RELATES_TO "<AKTEUR> <AKTION> <ZIEL>": Aktions-Schemata für
  Aktionen gegen ein Ziel-Schiff verwenden das Format '<AKTEUR> <AKTION> <ZIEL>'.
    - ProgrammingST22-Final1 USES <id>: ProgrammingST22-Final1 uses the placeholder <id> which must
  be an identifier containing only lowercase letters and digits.
    - ProgrammingST22-Final1 USES <venue>: ProgrammingST22-Final1 uses the placeholder <venue> which
   must be either 'journal <journal>' or 'series <series>' referencing an existing publication
  venue.
    - ProgrammingST22-Final1 USES <float>: ProgrammingST22-Final1 uses the `<float>` placeholder to
  mean a floating-point number formatted with exactly three decimal places (X.XXX), using `.` as
  separator and truncated (not rounded); values are assumed ≤ 10^6.; ProgrammingST22-Final1 uses the
   placeholder <float> which must be printed with exactly three decimal places, using a dot and
  truncation (no rounding).
    - ProgrammingST22-Final1 USES Java SE 17: ProgrammingST22-Final1 uses Java SE 17 as its
  language/runtime.; ProgrammingST22-Final1 uses Java SE 17 (project compiles cleanly under Java SE
  17)
    - ProgrammingST22-Final1 USES quit: ProgrammingST22-Final1 uses the 'quit' command to terminate;
   it processes inputs until 'quit' is entered.
    - ProgrammingST22-Final1 USES Checkstyle: ProgrammingST22-Final1 uses Checkstyle compliance as a
   core constraint
    - ProgrammingST22-Final1 USES System.in: ProgrammingST22-Final1 uses System.in for program
  input.; ProgrammingST22-Final1 reads interactive commands from System.in (standard input).
  </entity_paths>
  <entity_matches>
    - Implementierungsrichtlinien — Abschlussaufgabe 2 (SS 2022) (score: 0.78) — Assignment
  implementation guidelines for AlphaZeta
    - Backlog (22 tasks) (score: 0.77) — Twenty-two prioritized sequential development tasks
    - Aktions-Schema (Zielaktion) (score: 0.76) — Format für Aktionen gegen Ziel-Raumschiff
    - ProgrammingST22-Final1 (score: 0.76) — Exercise repository implementing the KastelScholar
  backlog
    - task.md (score: 0.75) — Assignment file containing AlphaZeta task segment
  </entity_matches>
  <insights>
    - Agent community around ProgrammingST22-Final1, <venue>, Java SE 17 connects Case-sensitive
  unique identifier rule, Error message prefix 'Error,', System.in. Relevant agent facts:
  ProgrammingST22-Final1 enforces case-sensitive uniqueness for entity identifiers and must error on
   duplicate creation.; task.md requires `<venue>` to be formatted as `journal <journal>` for
  journals or `series <series>` for conference series.; ProgrammingST22-Final1 relates to the
  `<venue>` placeholder format: use `journal <journal>` for journals or `series <series>` for
  conference series.
    - Agent community around Backlog (22 tasks), Backlog 7dc5e6b6-3102-4551-887c-5beeffea252d,
  Command parser infrastructure (20 commands). Relevant agent facts: The backlog document lists 22
  prioritized, sequential development tasks; The backlog requires a command parser infrastructure to
   parse all 20 command formats; The backlog requires an in-memory data store providing CRUD,
  queries, and all validation rules
    - Agent community around KastelScholar, Literature collection management (heterogeneous
  documents), Bibliography generation (user-chosen format) connects Bibliography generation,
  CiteSeer^X; Google Scholar; BibTeX; JabRef; Citavi, Literature collection with documents of
  different types. Relevant agent facts: The repository ProgrammingST22-Final1 is the SS 2022 final
  assignment named "KastelScholar".; The project KastelScholar has a backlog document with ID
  7dc5e6b6-3102-4551-887c-5beeffea252d; KastelScholar manages a literature collection containing
  documents of different types.
    - Agent community around <id>, <title>. Relevant agent facts: task.md defines `<id>` as a
  publication identifier of only lowercase letters and digits, and `<title>` as a string without
  line breaks, commas, or semicolons.; ProgrammingST22-Final1 uses the placeholder <id> which must
  be an identifier containing only lowercase letters and digits.
    - Agent community around Keyword, Lowercase, inherited across hierarchy, no duplicates, format
  constraint: only lowercase letters, no special characters. Relevant agent facts: Keywords must be
  lowercase, inherit from Series→Conference→Article and Journal→Article, and must not duplicate;
  task.md defines `<keyword>` as a string consisting only of lowercase letters.;
  ProgrammingST22-Final1 relates to the `<keyword>` placeholder which must be a string consisting
  only of lowercase letters.
  </insights>

● adaptive-memory extension active (role=requirements, memorySession=20260723-151539-req) - type
  /memory-help. MCP tools registered (memory=true, backlog=true).







Changes    +0 -0
Duration   1m 59s
Tokens     ↑ 30.1k (1.3k cached) • ↓ 718 (369 reasoning)
[delivery:requirements] Turn 7/11 complete
[delivery:requirements] Turn 8/11: task.md — segment 7/9 — Abschlussaufgabe 2 — AlphaZeta (AZ) > 2 Implementierung von AlphaZeta (AZ) > 2.4 Laufendes Spiel: Alphas und Zetas Zug
● [adaptive-context] GET http://localhost:4444/api/agents/7af7809a-adce-4fa9-9609-fd61059de0ff/sessi
  ons/20260723-151539-req/context?input=Dokument%3A+task.md%0ASegment%3A+7%2F9%0AAbschnitt%3A+Abschl
  ussaufgabe+2+%E2%80%94+AlphaZeta+%28AZ%29+%3E+2+Implementierung+von+AlphaZeta+%28AZ%29+%3E+2.4+Lau
  fendes+Spiel%3A+Alphas+und+Zetas+Zug%0A%0ALies+diesen+Abschnitt+sorgf%C3%A4ltig+und+behalte+den+Ko
  ntext.+Erstelle+noch+keinen+Backlog+und+noch+keine+Tasks.+Warte+damit+bis+zum+abschlie%C3%9Fenden+
  %2Ffinalize.%0A%0A%23%23%23+2.4+Laufendes+Spiel%3A+Alphas+und+Zetas+Zug%0A%0ANachdem+das+Spiel+kon
  figuriert+wurde%2C+kann+mittels+Befehlen+das+Spiel+gesteuert+werden.%0ADie+verschiedenen+Befehle+w
  erden+im+folgenden+erl%C3%A4utert.%0ABeachten+Sie%2C+dass+der+*Quit*-Befehl+von+oben+auch+in+diese
  r+Phase+des+Spiels+weiter+funktionieren+muss%21%0A%0A%23%23%23%23+Befehl%3A+help%0A%0ADer+*help*-B
  efehl+dient+als+%C3%9Cbersicht+%C3%BCber+die+m%C3%B6glichen+Befehle+an+das+System.%0ADie+Ausgabe+d
  es+Befehls+ist+immer+die+Auflistung+aller+Befehle+des+Systems.%0ADie+Reihenfolge+hierbei+ist+fest+
  vorgegeben.%0A%0A%23%23%23%23+Befehl%3A+board%0A%0ADer+*board*-Befehl+zeigt+den+aktuellen+Zustand+
  des+Spielfeldes+an.%0AHierbei+werden+leere+Kacheln+durch+einen+Punkt%2C+Deckung+durch+ihren+jeweil
  igen+Wert+%281+oder+2%29+und+die+Schiffe+der+KIs+durch+ihre+Buchstaben+dargestellt.%0AZerst%C3%B6r
  te+Schiffe+werden+nicht+mehr+angezeigt.%0A%0A%23%23%23%23+Befehl%3A+fleet%0A%0ADer+*fleet*-Befehl+
  listet+den+Zustand+der+Flotten+der+KIs+auf.%0AHierbei+wird+jede+Flotte+mit+dem+Namen+der+KI+eingel
  eitet%3B+z.B.+%60Alpha%27s+fleet%60.%0AAnschlie%C3%9Fend+folgt+die+Auflistung+der+Schiffe+in+feste
  r+Reihenfolge.%0AZuerst+wird+der+Zustand+des+Schiffs+angegeben%3A+%60%3CC%3E%60+steht+f%C3%BCr+ein
  en+*Sammler*%2C+%60%3C-%3E%60+f%C3%BCr+ein+intaktes+Angriffsschiff+und+%60%7EX%7E%60+f%C3%BCr+ein+
  zerst%C3%B6rtes+Schiff.%0AFalls+ein+Schiff+noch+nicht+zerst%C3%B6rt+ist%2C+wird+anschlie%C3%9Fend+
  eine+alphabetisch+sortierte+Liste+der+Module%2C+die+noch+intakt+sind%2C+ausgegeben.%0AModule+werde
  n+nur+mit+Gro%C3%9Fbuchstaben+ausgegeben.%0A%0A%23%23%23%23+Befehl%3A+actions%0A%0ADer+*actions*-B
  efehl+gibt+f%C3%BCr+ein+konkretes+Schiff+diejenigen+Aktionen+aus%2C+die+es+in+dieser+Runde+noch+ni
  cht+verwendet+hat.%0AF%C3%BCr+die+Schiffe+der+gegnerischen+KIs+werden+also+insbesondere+alle+Aktio
  nen+ausgegeben%2C+die+durch+die+jeweiligen+Module+gegeben+sind.%0ADie+Liste+der+Aktionen+ist+hierb
  ei+alphabetisch+sortiert+und+alle+Aktionen+sind+mit+Gro%C3%9Fbuchstaben+auszugeben.%0AF%C3%BCr+zer
  st%C3%B6rte+Schiffe+und+f%C3%BCr+Schiffe%2C+die+keine+Aktionen+mehr+im+Zug+ausf%C3%BChren+k%C3%B6n
  nen%2C+wird+%60No+available+actions+for+%3CAKTEUR%3E%60+ausgegeben.+Hierbei+ist+%60%3CAKTEUR%3E%60
  +der+Platzhalter+f%C3%BCr+den+Namen+eines+Schiffes.%0A%0A%23%23%23%23+Befehl%3A+endturn%0A%0ADer+*
  endturn*-Befehl+beendet+den+Zug+der+aktuellen+KI.%0ADer+Beginn+des+neuen+Zugs+wird+mit+einer+entsp
  rechenden+Einleitung+quittiert%2C+die+Sie+aus+der+Beispielinteraktion+%C3%BCbernehmen+k%C3%B6nnen.
  %0A%0A%23%23%23%23+Aktionen%0A%0AAktionen+k%C3%B6nnen+werden+durch+das+Schema+%60%3CAKTEUR%3E+%3CA
  KTION%3E+%3CZIEL%3E%60+oder+%60%3CAKTEUR%3E+%3CAKTION%3E+%3CX%3E+%3CY%3E%60+ausgef%C3%BChrt+werden
  .%0AHierbei+ist+%60%3CAKTUER%3E%60+ein+Platzhalter+f%C3%BCr+eines+der+Schiffe+der+KI%2C+die+am+Zug
  +ist.%0A%60%3CAKTION%3E%60+ist+ein+Platzhalter%2C+der+die+Aktion+beschreibt%2C+die+das+Schiff+ausf
  %C3%BChren+soll.%0A%60%3CZIEL%3E%60+ist+ein+Platzhalter+f%C3%BCr+ein+gegnerisches+Schiff.%0A%60%3C
  X%3E+%3CY%3E%60+ist+ein+Platzhalter+f%C3%BCr+eine+Koordinate+auf+dem+Spielfeld.%0ASofern+nicht+and
  ers+beschrieben%2C+f%C3%BChrt+eine+Aktion%2C+die+erfolgreich+ist%2C+zu+keiner+Ausgabe.%0A%0AF%C3%B
  Cr+alle+Aktionen%2C+die+gegen+ein+Ziel-Raumschiff+%28vgl.+Tabelle+der+Module%29+ausgef%C3%BChrt+we
  rden%2C+wird+das+erste+Schema+verwendet.%0AF%C3%BCr+die+Aktionen+*move*+und+*propel*+wird+das+zwei
  te+Schema+verwendet.%0A%0AF%C3%BCr+Aktionen%2C+die+Module+zerst%C3%B6ren%2C+wird+zun%C3%A4chst+aus
  gegeben%2C+was+gew%C3%BCrfelt+wurde.%0AHierbei+entspricht+%60Roll%60+dem+tats%C3%A4chlichen+W%C3%B
  Crfelwurf+%28also+Wert+mittels+Zufallszahlengenerator%29.%0A%60Bonus%60+gibt+die+Differenz+zwische
  n+dem+tats%C3%A4chlichen+W%C3%BCrfelwurf+und+dem+Wert+des+Angriffsw%C3%BCrfelwurfs+an%2C+der+gewer
  tet+wird+%28also+z.B.+den+Abzug+durch+Deckung%29.%0A%0AFalls+alle+Module+eines+Schiffs+durch+den+A
  ngriff+zerst%C3%B6rt+werden+oder+alle+Module+bis+auf+die+*Engine*+zerst%C3%B6rt+werden%2C+wird+nic
  ht+nachgefragt%2C+welche+Module+eines+Schiffes+zerst%C3%B6rt+werden.%0AAls+Reihenfolge+f%C3%BCr+di
  e+Ausgabe+der+Zerst%C3%B6rung+der+Module+wird+hierbei+die+Reihenfolge%2C+in+der+die+Module+zum+Rau
  mschiff+in+der+Konfigurationsphase+hinzugef%C3%BCgt+wurden%2C+verwendet.%0AFalls+ein+Schiff+nur+gl
  eiche+Zusatzmodule+hat+und+somit+nur+eine+Modulart+zerst%C3%B6rt+werden+kann%2C+wird+auch+nicht+na
  chgefragt%2C+welches+der+Module+zerst%C3%B6rt+wird.%0AAnsonsten+wird+%C3%BCber+ein+Dialogsystem+en
  tschieden%2C+welche+Module+zerst%C3%B6rt+werden.%0ADer+Text+zur+Aufforderung+ist+immer+nach+folgen
  dem+Schema+aufgebaut%3A+%60%3CDecider%3E+must+select+%3CN%3E+of+%3CShip%3Es+module%28s%29+%28separ
  ated+by+comma%29%3A%60%0AHierbei+ist+%60%3CDecider%3E%60+der+Platzhalter+f%C3%BCr+den+Namen+der+KI
  %2C+die+entscheidet%2C+welche+Module+zerst%C3%B6rt+werden.%0A%60%3CN%3E%60+ist+ein+Platzhalter+f%C
  3%BCr+die+Anzahl+der+zu+w%C3%A4hlenden+Module.%0A%60%3CShip%3E%60+ist+der+Platzhalter+f%C3%BCr+den
  +Namen+des+betroffenen+Schiffs.%0ASollte+w%C3%A4hrend+des+Dialogs+eine+falsche+Auswahl+getroffen+w
  erden%2C+wird+eine+Fehlermeldung+ausgegeben+und+auf+eine+erneute+Eingabe+gewartet.%0AEs+wird+in+di
  esem+Fall+insbesondere+*nicht*+nochmals+der+einleitende+Text+ausgegeben.%0ADie+Auflistung+der+zur+
  Wahl+stehenden+Module+erfolgt+in+alphabetischer+Reihenfolge.%0A%0AWerden+Module+zerst%C3%B6rt%2C+s
  o+wird+dies+f%C3%BCr+jedes+Modul+vom+System+durch+%60%3CShip%3E+looses+%3CModule%3E%60+als+Meldung
  .%0AHierbei+ist+%60%3CModule%3E%60+ein+Platzhalter+f%C3%BCr+den+Namen+des+zerst%C3%B6rten+Moduls+%
  28bestehend+aus+nur+Gro%C3%9Fbuchstaben%29.%0ADie+Reihenfolge+der+Ausgabe+bei+mehreren+zerst%C3%B6
  rten+Modulen+wird+hierbei+durch+die+Reihenfolge+der+Auswahl+der+KI+bestimmt.%0AWird+also+in+der+Au
  swahl+entschieden%2C+dass+%60SWORD%2CSHIELD%60+zerst%C3%B6rt+werden+soll%2C+wird+zuerst+die+Meldun
  g+f%C3%BCr+%60SWORD%60+und+danach+die+andere+Meldung+ausgegeben.%0ABeachten+Sie%3A+Falls+ein+Modul
  +eines+Schiffes+zerst%C3%B6rt+wird%2C+das+Schiff+aber+mehrere+Module+dieses+Typs+noch+besitzt%2C+s
  o+wird+das+erste+dieser+Module+zerst%C3%B6rt.+Die+Reihenfolge+wird+hierbei+durch+die+Auswahl+der+K
  Is+zu+Spielbeginn+definiert.+Dies+ist+wichtig%2C+damit+Sie+entscheiden+k%C3%B6nnen%2C+in+welcher+R
  eihenfolge+Module+zerst%C3%B6rt+werden%2C+falls+in+einem+sp%C3%A4teren+Spielzug+keine+Entscheidung
  +der+KIs+mehr+n%C3%B6tig+ist%2C+sondern+Module+direkt+zerst%C3%B6rt+werden.+Beispiel%3A+Ein+Schiff
  +%60B%60+hat+die+Module+%60ENGINE%2CSWORD%2CSENSOR%2CSWORD%60+und+ein+%60SWORD%60-Modul+wird+zerst
  %C3%B6rt%2C+so+hat+das+Schiff+danach+noch+die+Module+%60ENGINE%2CSENSOR%2CSWORD%60+und+zwar+genau+
  in+dieser+Reihenfolge.+Falls+%60B%60+in+einem+folgenden+Zug+von+einer+%60Railgun%60+z.B.+kritisch+
  getroffen+wird%2C+so+verliert+das+Schiff+automatisch+die+Module+%60SENSOR%60+und+%60SWORD%60+in+di
  eser+Reihenfolge.%0A%0AWird+ein+Schiff+durch+das+zerst%C3%B6ren+der+Module+zerst%C3%B6rt%2C+quitti
  ert+dies+das+System+mit+%60%3CShip%3E+was+destroyed%60+als+Ausgabe.%0A%0AFalls+durch+den+Angriff+k
  ein+Modul+des+Ziels+zerst%C3%B6rt+wird%2C+wird+direkt+nach+der+Ausgabe+des+Bonus+in+einer+neuen+Ze
  ile+die+Nachricht+%60missed%60+ausgegeben.%0A%0ABeachten+Sie+hier+insbesondere+die+Aktion+*ramm*.%
  0AF%C3%BCr+den+Fall%2C+dass+der+Akteur+ein+Modul+verliert%2C+wird+die+gleiche+Abfrage+wie+sonst+ve
  rwendet+%28falls+n%C3%B6tig%29.%0AAuch+die+Ausgabe+der+verloren+Module+erfolgt+auf+die+%C3%BCblich
  e+weise.&project=ProgrammingST22-Final2&role=requirements&task=Understand+the+st22final02+and+crea
  te+its+backlog+when+prompted.&timestamp=2026-07-23T13%3A19%3A56.892Z&domain=st22final02

● Injected adaptive memory context into system prompt

● <adaptive_rules>
  - - Sonst: Über Dialogsystem wird entschieden. Wahltext: `<Decider> must select <N> of <Ship>s
  module(s) (separated by comma):` Die Auflistung ... alphabetischer Reihenfolge.
  - Die Aktion propel ist nur verfügbar, wenn das Raumschiff ein Propulsion-Modul besitzt.
  - Ramm darf nur eingesetzt werden, wenn das angreifende Raumschiff keine Waffen-Module mehr hat.
  - Faulty module configurations must be detected as early as possible; on detection an informative
  error is printed and configuration for that ship is re-asked; previously correct ships are not
  re-queried.
  - Per ship, the number of Weapon modules must be at most 2.
  - Program code must be written in English.
  - Submitted program code must compile without errors.
  - Interactive program outputs must match the specification exactly, including case, spaces and
  newlines, and no extra information may be printed.
  - The user interface must be case-insensitive (input case is ignored).
  - A Collector always has exactly one Engine module and otherwise only the special Container
  module.
  - Other ships always have an Engine as their first module.
  - Playing field coverage must be axisymmetric with respect to the southwest–northeast axis; this
  symmetry applies only to cover, not to ships.
  - Second command-line parameter is the playing-field side length; it must be at least 5 and odd.
  - Implementations must not use System.exit() or other excluded functions to implement quitting.
  - Program must be started with exactly three command-line parameters.
  - Program must be terminable at any time via the 'quit' command.
  - The implementation must use exactly one fixed instance of the Random generator to ensure a
  deterministic sequence.
  - A die roll must always be computed as random.nextInt(6) + 1.
  - nextInt should only be called when a die roll is actually required, to preserve the
  deterministic sequence.
  - After printing an error message the program should continue and wait for the next input.
  - Every error message must begin with 'Error,' and must not contain special characters such as
  newlines or umlauts.
  - You may choose English text freely for error messages, but they should be meaningful.
  </adaptive_rules>

  <memories>
    - The assignment 'Abschlussaufgabe 2 — AlphaZeta (AZ)' is for the course 'Programmieren'.
    - The document 'task.md' contains the assignment 'Abschlussaufgabe 2 — AlphaZeta (AZ)'.
    - The file task.md contains the assignment 'Abschlussaufgabe 2 — AlphaZeta (AZ)'.
    - The assignment document 'Abschlussaufgabe 2 — AlphaZeta (AZ)' is version 1.4.
    - The repository ProgrammingST22-Final1 relates to the assignment 'Abschlussaufgabe 1 —
  KastelScholar'.
    - The repository ProgrammingST22-Final1 is the SS 2022 final assignment named "KastelScholar".
    - ProgrammingST22-Final1 relates to KastelScholar, the literature/citation management
  assignment.
    - ProgrammingST22-Final1 requires all program outputs to exactly match the specification (case,
  spaces, and line breaks).
    - ProgrammingST22-Final1 implements the set of 11 CLI query commands defined in task.md section
  4.3 (Anfragen).
    - ProgrammingST22-Final1 is required to be Checkstyle-conformant.
    - ProgrammingST22-Final1 relates to KastelScholar command implementation (all 20 commands
  implemented)
    - ProgrammingST22-Final1 organizes commands into an 'Anfragen' category for querying data.
    - ProgrammingST22-Final1 runs an interactive command loop: it reads commands from System.in,
  executes them on the current program state, and waits for further input until 'quit' is entered.
    - ProgrammingST22-Final1 organizes commands into a 'Datenbestand' category for modifying data.
    - ProgrammingST22-Final1 RELATES_TO the examples document that contains full example
  interactions and outputs
    - ProgrammingST22-Final1 relates to package edu.kit.kastel.scholar containing Main.java,
  CommandParser.java, and CommandExecutor.java (command-reading loop, command parsing, command
  execution)
    - ProgrammingST22-Final1 relates to the placeholder list format `<list of Xs>`: lists are
  non-empty; single element is `<X>`; multiple elements are joined with `;` producing
  `<X>;<X>;…;<X>`.
    - The assignment is for the course 'Programmieren'.
    - The assignment is for the course 'Programmieren' in Sommersemester 2022.
    - The assignment 'Abschlussaufgabe 1 — KastelScholar' specifies total points '20 Punkte'.
    - The assignment 'Abschlussaufgabe 1 — KastelScholar' is worth 20 points
    - ProgrammingST22-Final1 requires that when input is rejected a meaningful error message is
  shown indicating why the input was rejected.
    - ProgrammingST22-Final1 requires program outputs to exactly match the specified formatting
  (case, spaces, newlines) and produce no additional information.
    - ProgrammingST22-Final1 relates to the `<keyword>` placeholder which must be a string
  consisting only of lowercase letters.
    - ProgrammingST22-Final1 requires outputs to match the specification exactly (case, spaces,
  newlines) and forbids any additional output
    - ProgrammingST22-Final1 relates to a 'quit' command that terminates the program
    - ProgrammingST22-Final1 uses the 'quit' command to terminate; it processes inputs until 'quit'
  is entered.
    - ProgrammingST22-Final1 requires error messages to be English-free text, start with 'Error,',
  and contain no special characters (e.g., no line breaks or umlauts)
    - ProgrammingST22-Final1 classifies a command category named 'Anfragen' for requesting
  information and listing entities by properties.
  </memories>
  <knowledge>
    - Sonst wird über Dialogsystem entschieden; Wahltext: `<Decider> must select <N> of <Ship>s
  module(s) (separated by comma):`; Auflistung alphabetisch.
    - Bei Modul-Zerstörung wird für jedes Modul `<Ship> looses <Module>` ausgegeben in der
  Reihenfolge der KI-Auswahl bzw. Konfigurationsreihenfolge.
    - Für Schiffe der gegnerischen KIs gibt `actions` alle durch die Module gegebenen Aktionen aus.
    - Befehl fleet listet Flotten pro KI; pro Schiff Zustand (`<C>` Sammler, `<->` intaktes
  Angriffsschiff, `~X~` zerstörtes Schiff) und bei nicht zerstörten Schiffen alphabetisch sortierte
  intakte Module in Großbuchstaben.
    - Aktions-Schemata für Aktionen gegen ein Ziel-Schiff verwenden das Format '<AKTEUR> <AKTION>
  <ZIEL>'.
    - Werden alle Module eines Schiffs oder alle bis auf die Engine zerstört, wird nicht
  nachgefragt; Reihenfolge der Ausgabe = Konfigurationsphase-Reihenfolge.
    - Der Befehl `help` listet alle Befehle des Systems in einer fest vorgegebenen Reihenfolge auf.
    - Befehl board zeigt Spielfeld als Punkt für leere Kacheln, Deckungswert (1 oder 2) und
  Buchstaben für Schiffe; zerstörte Schiffe werden nicht angezeigt.
    - Der Befehl `actions <SHIP>` gibt die in dieser Runde noch nicht verwendeten Aktionen aus,
  alphabetisch sortiert und in Großbuchstaben.
    - Für zerstörte Schiffe und Schiffe ohne ausführbare Aktionen wird 'No available actions for
  <AKTEUR>' ausgegeben.
    - Für die Aktionen 'move' und 'propel' ist das Aktions-Schema '<AKTEUR> <AKTION> <X> <Y>'.
    - Sonst führt eine erfolgreiche Aktion zu keiner Ausgabe, sofern nichts anderes spezifiziert
  ist.
    - Vor Modul-zerstörenden Aktionen werden Roll (tatsächlicher Würfelwurf) und Bonus (Differenz
  zwischen tatsächlichem Wurf und gewertetem Angriffswürfelwurf) ausgegeben.
    - Erfolgreiche Aktion ohne Modul-Zerstörung gibt nach Bonus-Ausgabe in neuer Zeile `missed` aus.
    - Ist der Angriffswürfelwurf ≤ 1, gilt der Schaden an A als hit (bei Ramm).
    - Hat ein Schiff nur gleiche Zusatzmodule (nur eine Modulart zerstörbar), wird nicht
  nachgefragt.
    - Hat ein Schiff mehrere Module desselben Typs, wird beim Zerstören eines Modultyps immer das
  erste solche Modul (Konfigurationsreihenfolge) entfernt.
    - Bei Schiff-Zerstörung wird `<Ship> was destroyed` ausgegeben.
    - Es werden immer zuerst alle Zusatzmodule (beim Sammler: Container-Module) und dann die Engine
  zerstört.
  </knowledge>
  <entity_paths>
    - Aktions-Schema (Zielaktion) RELATES_TO "<AKTEUR> <AKTION> <ZIEL>": Aktions-Schemata für
  Aktionen gegen ein Ziel-Schiff verwenden das Format '<AKTEUR> <AKTION> <ZIEL>'.
  </entity_paths>
  <entity_matches>
    - Gegnerische Schiffe (score: 0.82) — Schiffe der gegnerischen KIs; listet Aktionen aus Modulen
    - Aktions-Schema (Zielaktion) (score: 0.81) — Format für Aktionen gegen Ziel-Raumschiff
    - `<Ship> looses <Module>` (score: 0.80) — genauer Ausgabe-String pro Modul
    - Anzeige: . / 1 / 2 / Schiffsbuchstaben; zerstörzte Schiffe ausgeblendet (score: 0.80) —
  Darstellungsregeln für board
    - Backlog (22 tasks) (score: 0.77) — Twenty-two prioritized sequential development tasks
  </entity_matches>
  <insights>
    - Agent community around Backlog (22 tasks), Backlog 7dc5e6b6-3102-4551-887c-5beeffea252d,
  Command parser infrastructure (20 commands). Relevant agent facts: The backlog document lists 22
  prioritized, sequential development tasks; The backlog requires a command parser infrastructure to
   parse all 20 command formats; The backlog requires an in-memory data store providing CRUD,
  queries, and all validation rules
    - Agent community around KastelScholar connects Literature collection management (heterogeneous
  documents), Bibliography generation (user-chosen format), Derived metrics computation (authors and
   documents), Search by criteria. Relevant agent facts: The repository ProgrammingST22-Final1 is
  the SS 2022 final assignment named "KastelScholar".; The project KastelScholar has a backlog
  document with ID 7dc5e6b6-3102-4551-887c-5beeffea252d; KastelScholar manages a literature
  collection containing documents of different types.
  </insights>

● adaptive-memory extension active (role=requirements, memorySession=20260723-151539-req) - type
  /memory-help. MCP tools registered (memory=true, backlog=true).







Changes    +0 -0
Duration   2m 22s
Tokens     ↑ 31.8k (1.3k cached) • ↓ 840 (425 reasoning)
[delivery:requirements] Turn 8/11 complete
[delivery:requirements] Turn 9/11: task.md — segment 8/9 — Abschlussaufgabe 2 — AlphaZeta (AZ) > 2 Implementierung von AlphaZeta (AZ) > 2.5 Ende des Spiels: Spielzusammenfassung
● [adaptive-context] GET
  http://localhost:4444/api/agents/7af7809a-adce-4fa9-9609-fd61059de0ff/sessions/20260723-151539-req
  /context?input=Dokument%3A+task.md%0ASegment%3A+8%2F9%0AAbschnitt%3A+Abschlussaufgabe+2+%E2%80%94+
  AlphaZeta+%28AZ%29+%3E+2+Implementierung+von+AlphaZeta+%28AZ%29+%3E+2.5+Ende+des+Spiels%3A+Spielzu
  sammenfassung%0A%0ALies+diesen+Abschnitt+sorgf%C3%A4ltig+und+behalte+den+Kontext.+Erstelle+noch+ke
  inen+Backlog+und+noch+keine+Tasks.+Warte+damit+bis+zum+abschlie%C3%9Fenden+%2Ffinalize.%0A%0A%23%2
  3%23+2.5+Ende+des+Spiels%3A+Spielzusammenfassung%0A%0AWird+das+Spiel+durch+das+Zerst%C3%B6ren+eine
  s+Sammlers+beendet%2C+wird+noch+ausgegeben%2C+welche+der+KIs+gewonnen+hat+und+anschlie%C3%9Fend+da
  s+Spiel+beendet.&project=ProgrammingST22-Final2&role=requirements&task=Understand+the+st22final02+
  and+create+its+backlog+when+prompted.&timestamp=2026-07-23T13%3A20%3A18.494Z&domain=st22final02

● Injected adaptive memory context into system prompt

● <adaptive_rules>
  - - Sonst: Über Dialogsystem wird entschieden. Wahltext: `<Decider> must select <N> of <Ship>s
  module(s) (separated by comma):` Die Auflistung ... alphabetischer Reihenfolge.
  - Interactive program outputs must match the specification exactly, including case, spaces and
  newlines, and no extra information may be printed.
  - The user interface must be case-insensitive (input case is ignored).
  </adaptive_rules>

  <memories>
    - task.md contains the section titled 'Abschlussaufgabe 2 — AlphaZeta (AZ)'.
    - The document 'task.md' contains the assignment 'Abschlussaufgabe 2 — AlphaZeta (AZ)'.
    - The assignment 'Abschlussaufgabe 2 — AlphaZeta (AZ)' is for the course 'Programmieren'.
    - The file task.md contains the assignment 'Abschlussaufgabe 2 — AlphaZeta (AZ)'.
    - The assignment document 'Abschlussaufgabe 2 — AlphaZeta (AZ)' is version 1.4.
    - The repository ProgrammingST22-Final1 relates to the assignment 'Abschlussaufgabe 1 —
  KastelScholar'.
    - The repository ProgrammingST22-Final1 is the SS 2022 final assignment named "KastelScholar".
    - ProgrammingST22-Final1 relates to KastelScholar, the literature/citation management
  assignment.
    - ProgrammingST22-Final1 requires all program outputs to exactly match the specification (case,
  spaces, and line breaks).
    - ProgrammingST22-Final1 implements the set of 11 CLI query commands defined in task.md section
  4.3 (Anfragen).
    - ProgrammingST22-Final1 is required to be Checkstyle-conformant.
    - ProgrammingST22-Final1 relates to KastelScholar command implementation (all 20 commands
  implemented)
    - ProgrammingST22-Final1 relates to package edu.kit.kastel.scholar containing Main.java,
  CommandParser.java, and CommandExecutor.java (command-reading loop, command parsing, command
  execution)
  </memories>
  <knowledge>
    - Sonst wird über Dialogsystem entschieden; Wahltext: `<Decider> must select <N> of <Ship>s
  module(s) (separated by comma):`; Auflistung alphabetisch.
    - Beim Spielende wird ausgegeben, welche KI gewonnen hat; anschließend wird das Spiel beendet.
    - Das Spiel endet, sobald ein Sammler (Collector) zerstört wurde.
  </knowledge>
  <entity_paths>
    - Abschlussaufgabe 2 — AlphaZeta (AZ) RELATES_TO Institute of Information Security and
  Dependability: The assignment 'Abschlussaufgabe 2 — AlphaZeta (AZ)' is associated with the group
  'Institute of Information Security and Dependability'.; The assignment document indicates group
  'Institute of Information Security and Dependability'.
    - Abschlussaufgabe 2 — AlphaZeta (AZ) RELATES_TO Sommersemester 2022: The assignment
  'Abschlussaufgabe 2 — AlphaZeta (AZ)' is issued in the semester 'Sommersemester 2022'.
    - Abschlussaufgabe 2 — AlphaZeta (AZ) RELATES_TO Programmieren: The assignment 'Abschlussaufgabe
   2 — AlphaZeta (AZ)' is for the course 'Programmieren'.; The assignment is for the course
  'Programmieren' in Sommersemester 2022.
    - Abschlussaufgabe 2 — AlphaZeta (AZ) RELATES_TO Prof. Dr.-Ing. Anne Koziolek: The assignment
  'Abschlussaufgabe 2 — AlphaZeta (AZ)' lists Prof. Dr.-Ing. Anne Koziolek as lecturer.; Prof.
  Dr.-Ing. Anne Koziolek is the course instructor for the assignment.
    - Abschlussaufgabe 2 — AlphaZeta (AZ) RELATES_TO 20 Punkte: The assignment 'Abschlussaufgabe 2 —
   AlphaZeta (AZ)' is worth 20 points.; The assignment is worth 20 points.
    - Abschlussaufgabe 2 — AlphaZeta (AZ) RELATES_TO Version 1.4: The assignment document
  'Abschlussaufgabe 2 — AlphaZeta (AZ)' is version 1.4.; The assignment document version is 1.4.
    - Abschlussaufgabe 1 — KastelScholar RELATES_TO Version 1.3: The assignment 'Abschlussaufgabe 1
  — KastelScholar' document version is '1.3'.; The assignment 'Abschlussaufgabe 1 — KastelScholar'
  is version 1.3
    - Abschlussaufgabe 1 — KastelScholar RELATES_TO Institute of Information Security and
  Dependability: The assignment 'Abschlussaufgabe 1 — KastelScholar' is associated with the group
  'Institute of Information Security and Dependability'.
    - Abschlussaufgabe 1 — KastelScholar RELATES_TO Sommersemester 2022: The assignment
  'Abschlussaufgabe 1 — KastelScholar' is for semester 'Sommersemester 2022'.
    - Abschlussaufgabe 1 — KastelScholar RELATES_TO Programmieren: The assignment 'Abschlussaufgabe
  1 — KastelScholar' is for the course 'Programmieren'.; The assignment is for the course
  'Programmieren'.
    - Abschlussaufgabe 1 — KastelScholar RELATES_TO Prof. Dr.-Ing. Anne Koziolek: The assignment
  'Abschlussaufgabe 1 — KastelScholar' lists Prof. Dr.-Ing. Anne Koziolek as the instructor.; The
  instructor for 'Abschlussaufgabe 1 — KastelScholar' is Prof. Dr.-Ing. Anne Koziolek
    - Abschlussaufgabe 1 — KastelScholar RELATES_TO 20 Punkte: The assignment 'Abschlussaufgabe 1 —
  KastelScholar' specifies total points '20 Punkte'.; The assignment 'Abschlussaufgabe 1 —
  KastelScholar' is worth 20 points
    - Abschlussaufgabe 1 — KastelScholar RELATES_TO BibTeX: The assignment document cites
  CiteSeer^X, Google Scholar, BibTeX, JabRef, and Citavi as similar existing systems.
    - Abschlussaufgabe 1 — KastelScholar RELATES_TO Citavi: The assignment document cites
  CiteSeer^X, Google Scholar, BibTeX, JabRef, and Citavi as similar existing systems.
    - Abschlussaufgabe 1 — KastelScholar RELATES_TO CiteSeerX: The assignment document cites
  CiteSeer^X, Google Scholar, BibTeX, JabRef, and Citavi as similar existing systems.
    - Abschlussaufgabe 1 — KastelScholar RELATES_TO Google Scholar: The assignment document cites
  CiteSeer^X, Google Scholar, BibTeX, JabRef, and Citavi as similar existing systems.
    - Abschlussaufgabe 1 — KastelScholar RELATES_TO JabRef: The assignment document cites
  CiteSeer^X, Google Scholar, BibTeX, JabRef, and Citavi as similar existing systems.
    - ProgrammingST22-Final1 USES <id>: ProgrammingST22-Final1 uses the placeholder <id> which must
  be an identifier containing only lowercase letters and digits.
    - ProgrammingST22-Final1 USES <venue>: ProgrammingST22-Final1 uses the placeholder <venue> which
   must be either 'journal <journal>' or 'series <series>' referencing an existing publication
  venue.
    - ProgrammingST22-Final1 USES <float>: ProgrammingST22-Final1 uses the `<float>` placeholder to
  mean a floating-point number formatted with exactly three decimal places (X.XXX), using `.` as
  separator and truncated (not rounded); values are assumed ≤ 10^6.; ProgrammingST22-Final1 uses the
   placeholder <float> which must be printed with exactly three decimal places, using a dot and
  truncation (no rounding).
  </entity_paths>
  <entity_matches>
    - Abschlussaufgabe 2 — AlphaZeta (AZ) (score: 0.81) — Named assignment / project title for the
  exercise
    - Backlog (22 tasks) (score: 0.77) — Twenty-two prioritized sequential development tasks
    - Abschlussaufgabe 1 — KastelScholar (score: 0.76) — Assignment title and description stored in
  task.md.
    - ProgrammingST22-Final1 (score: 0.76) — Exercise repository implementing the KastelScholar
  backlog
    - AlphaZeta (AZ) (score: 0.75) — Game/assignment named AlphaZeta (AZ)
  </entity_matches>
  <insights>
    - Agent community around Abschlussaufgabe 2 — AlphaZeta (AZ), Institute of Information Security
  and Dependability, Sommersemester 2022 connects 20 Punkte, Version 1.4. Relevant agent facts: The
  assignment 'Abschlussaufgabe 2 — AlphaZeta (AZ)' lists Prof. Dr.-Ing. Anne Koziolek as lecturer.;
  Prof. Dr.-Ing. Anne Koziolek is the course instructor for the assignment.; The assignment document
   indicates group 'Institute of Information Security and Dependability'.
    - Agent community around ProgrammingST22-Final1, <venue>, Keyword connects Case-sensitive unique
   identifier rule, Error message prefix 'Error,', Checkstyle, System.in. Relevant agent facts:
  ProgrammingST22-Final1 enforces case-sensitive uniqueness for entity identifiers and must error on
   duplicate creation.; task.md requires `<venue>` to be formatted as `journal <journal>` for
  journals or `series <series>` for conference series.; ProgrammingST22-Final1 relates to the
  `<venue>` placeholder format: use `journal <journal>` for journals or `series <series>` for
  conference series.
    - Agent community around task.md, <float>, <list of Xs> connects Commands operate on current
  program state, Example prompt prefix is not part of input, Abschlussaufgabe 1 — KastelScholar
  metadata. Relevant agent facts: task.md requires `<float>` to be printed with exactly three
  decimal places `X.XXX`, using `.` as separator and truncated (not rounded); values ≤ 10^6.;
  ProgrammingST22-Final1 uses the `<float>` placeholder to mean a floating-point number formatted
  with exactly three decimal places (X.XXX), using `.` as separator and truncated (not rounded);
  values are assumed ≤ 10^6.; task.md requires `<float>` to use a dot and exactly three decimal
  places, truncated (not rounded); values ≤ 1e6 assumed.
    - Agent community around AlphaZeta (AZ), A, Z. Relevant agent facts: The AI 'A' and the AI 'Z'
  fight or compete against each other in the game.; The AI 'A' has the task of extracting resources
  from the asteroid belt of the solar system.; The game 'AlphaZeta (AZ)' includes a game entity
  named 'A' (an AI).
    - Agent community around <firstname>, <lastname>. Relevant agent facts: task.md defines
  `<author>` as `<firstname> <lastname>` and restricts `<firstname>` and `<lastname>` to strings
  without spaces, line breaks, commas, or semicolons.
  </insights>

● adaptive-memory extension active (role=requirements, memorySession=20260723-151539-req) - type
  /memory-help. MCP tools registered (memory=true, backlog=true).







Changes    +0 -0
Duration   2m 32s
Tokens     ↑ 32.4k (1.3k cached) • ↓ 102 (47 reasoning)
[delivery:requirements] Turn 9/11 complete
[delivery:requirements] Turn 10/11: examples.md — segment 9/9 — Beispiele — Abschlussaufgabe 2 (AlphaZeta)
● [adaptive-context] GET http://localhost:4444/api/agents/7af7809a-adce-4fa9-9609-fd61059de0ff/sessi
  ons/20260723-151539-req/context?input=Dokument%3A+examples.md%0ASegment%3A+9%2F9%0AAbschnitt%3A+Be
  ispiele+%E2%80%94+Abschlussaufgabe+2+%28AlphaZeta%29%0A%0ALies+diesen+Abschnitt+sorgf%C3%A4ltig+un
  d+behalte+den+Kontext.+Erstelle+noch+keinen+Backlog+und+noch+keine+Tasks.+Warte+damit+bis+zum+absc
  hlie%C3%9Fenden+%2Ffinalize.%0A%0A%23+Beispiele+%E2%80%94+Abschlussaufgabe+2+%28AlphaZeta%29%0A%0A
  Dieses+Dokument+enth%C3%A4lt+die+in+der+Aufgabenstellung+verwendeten+Beispielinteraktionen+sowie+d
  ie+vollst%C3%A4ndige+Beispielinteraktion.+In+den+Beispielinteraktionen+stellt+das+Symbol+%60%25%3E
  +%60+%28Prozent-Zeichen+und+Gr%C3%B6%C3%9Fer-Zeichen+gefolgt+von+einem+Leerzeichen%29+die+Kommando
  zeile+dar.+Der+Programmname+ist+frei+gew%C3%A4hlt+und+muss+nicht+*AlphaZeta*+lauten.+Das+Symbol+%6
  0%3E+%60+%28Gr%C3%B6%C3%9Fer-Zeichen+gefolgt+von+einem+Leerzeichen%29+stellt+eine+Benutzereingabe+
  dar+und+ist+selbst+nicht+Teil+der+Eingabe.+Sollte+in+einer+Interaktion+%60%5B...%5D%60+geschrieben
  +werden%2C+so+bedeutet+dies%2C+dass+weitere+Interaktionen+ausgelassen+worden+sind%2C+um+auf+eine+s
  pezielle+Stelle+der+Interaktion+einzugehen.+%60%5B...%5D%60+ist+keine+Ausgabe+Ihres+Spiels.%0A%0A%
  23%23+1+Beispielinteraktionen+je+Befehl+%2F+Phase%0A%0A%23%23%23+1.1+%60setup%60+%28Programmstart-
  Interaktion%29%0A%0A%60%60%60%0A%25%3E+java+AlphaZeta+0+5+0%0AWelcome+to+AlphaZeta%21%0AAlpha+conf
  igures+its+ships%0AChoose+upto+3+modules+for+ship+B+%28separated+by+comma%29%3A%0APROPULSION%2C+RA
  ILGUN%2C+SENSOR%2C+SHIELD%2C+SWORD%0A%3E+shield%2Csensor%2Csword%0AChoose+upto+3+modules+for+ship+
  C+%28separated+by+comma%29%3A%0APROPULSION%2C+RAILGUN%2C+SENSOR%2C+SHIELD%2C+SWORD%0A%3E+SWORD%2CS
  WORD%0AChoose+upto+3+modules+for+ship+D+%28separated+by+comma%29%3A%0APROPULSION%2C+RAILGUN%2C+SEN
  SOR%2C+SHIELD%2C+SWORD%0A%3E+RAILGUN%2CSWORD%0AZeta+configures+its+ships%0AChoose+upto+3+modules+f
  or+ship+W+%28separated+by+comma%29%3A%0APROPULSION%2C+RAILGUN%2C+SENSOR%2C+SHIELD%2C+SWORD%0A%3E+S
  HIELD%2CSENSOR%2CSWORD%0AChoose+upto+3+modules+for+ship+X+%28separated+by+comma%29%3A%0APROPULSION
  %2C+RAILGUN%2C+SENSOR%2C+SHIELD%2C+SWORD%0A%3E+SWORD%2CSWORD%0AChoose+upto+3+modules+for+ship+Y+%2
  8separated+by+comma%29%3A%0APROPULSION%2C+RAILGUN%2C+SENSOR%2C+SHIELD%2C+SWORD%0A%3E+RAILGUN%2CSWO
  RD%0AEnter+the+Board+layout+as+string%3A%0AUse+.+for+free+tiles%3B+1%2C2+for+cover%3B+and+A%2CB%2C
  C%2CD%2CZ%2CW%2CX%2CY+for+ships%0A%3E+A1..W.D...C2..X..2.1B.Y.Z%0AAlpha%27s+turn%0A%5B...%5D%0A%60
  %60%60%0A%0A%23%23%23+1.2+%60setup-errors%60+%28Fehlerbehandlung+Konfiguration%29%0A%0A%60%60%60%0
  A%5B...%5D%0AChoose+upto+3+modules+for+ship+B+%28separated+by+comma%29%3A%0APROPULSION%2C+RAILGUN%
  2C+SENSOR%2C+SHIELD%2C+SWORD%0A%3E+SENSOR%2CRAILGUN%0AChoose+upto+3+modules+for+ship+C+%28separate
  d+by+comma%29%3A%0APROPULSION%2C+RAILGUN%2C+SENSOR%2C+SHIELD%2C+SWORD%0A%3E+SENSOR%0AError%2C+Sens
  or+is+already+module+of+Ship+B%0A%3E+SWORD%0AChoose+upto+3+modules+for+ship+D+%28separated+by+comm
  a%29%3A%0A%5B...%5D%0AUse+.+for+free+tiles%3B+1%2C2+for+cover%3B+and+A%2CB%2CC%2CD%2CZ%2CW%2CX%2CY
  +for+ships%0A%3E+A1..W.D...C2..X..2.1B.YZ%0AError%2C+The+string+must+be+25+characters+long+%0A%3E+
  A1..W.D...C2..X..2.1B.Y.Z%0AAlpha%27s+turn%0A%5B...%5D%0A%60%60%60%0A%0A%23%23%23+1.3+%60help%60%0
  A%0A%60%60%60%0AHELP+-+shows+this+text%0AQUIT+-+quits+the+game%0ABOARD+-+shows+the+whole+board%0AF
  LEET+-+shows+details+of+all+ships+of+the+AIs%0AACTIONS+%5BNAME%5D+-+shows+available+actions+of+shi
  p+%5BNAME%5D%0AENDTURN+-+ends+the+current+player%27s+turn%0A%5BSHIP%5D+%5BACTION%5D+%5BX%5D+%5BY%5
  D+-+let+%5BSHIP%5D+perform+%5BACTION%5D+on+field+%28X%2CY%29%0A%5BSHIP%5D+%5BACTION%5D+%5BTARGET%5
  D+-+let+%5BSHIP%5D+perform+%5BACTION%5D+on+%5BTARGET%5D%0A%60%60%60%0A%0A%23%23%23+1.4+%60board%60
  %0A%0A%60%60%60%0A%5B...%5D%0A%3E+board%0AA1..W%0A.D...%0AC2..X%0A..2.1%0AB.Y.Z%0A%60%60%60%0A%0A%
  23%23%23+1.5+%60fleet%60%0A%0A%60%60%60%0A%5B...%5D%0A%3E+fleet%0AAlpha%27s+fleet%0A%3CC%3E+A%3AEN
  GINE%0A%3C-%3E+B%3AENGINE%2C+SENSOR%2C+SHIELD%2C+SWORD%0A%3C-%3E+C%3AENGINE%2C+SWORD%2C+SWORD%0A%3
  C-%3E+D%3AENGINE%2C+RAILGUN%2C+SWORD%0AZeta%27s+fleet%0A%3CC%3E+Z%3AENGINE%0A%3C-%3E+W%3AENGINE%2C
  +SENSOR%2C+SHIELD%2C+SWORD%0A%3C-%3E+X%3AENGINE%2C+SWORD%2C+SWORD%0A%7EX%7E+Y%0A%5B...%5D%0A%60%60
  %60%0A%0A%23%23%23+1.6+%60actions%60%0A%0A%60%60%60%0A%5B...%5D%0A%3E+actions+A%0AAvailable+action
  s+of+A%3A+MOVE%2C+RAMM%0A%3E+actions+B%0AAvailable+actions+of+B%3A+MARK%2C+MOVE%2C+RAMM%2C+STRIKE%
  0A%3E+actions+Z%0AAvailable+actions+of+Z%3A+MOVE%2C+RAMM%0A%3E+A+move+2+0%0A%3E+actions+A%0AAvaila
  ble+actions+of+A%3A+RAMM%0A%5B...%5D%0A%3E+actions+A%0ANo+available+actions+for+A%0A%5B...%5D%0A%6
  0%60%60%0A%0A%23%23%23+1.7+%60endturn%60%0A%0A%60%60%60%0A%5B...%5D%0A%3E+endturn%0AZeta%27s+turn%
  0A%3E+endturn%0AAlpha%27s+turn%0A%5B...%5D%0A%60%60%60%0A%0A%23%23%23+1.8+Aktion+mit+Koordinaten+%
  28%60action-xy%60%29%0A%0A%60%60%60%0A%5B...%5D%0A%3E+board%0AA1..W%0A.D...%0AC2..X%0A..2.1%0AB.Y.
  Z%0A%3E+d+move+1+3%0A%3E+board%0AA1..W%0A.....%0AC2..X%0A.D2.1%0AB.Y.Z%0A%5B...%5D%0A%60%60%60%0A%
  0A%23%23%23+1.9+Aktion+mit+Ziel+%28%60action-target%60%29%0A%0A%60%60%60%0A%5B...%5D%0AZeta%27s+tu
  rn%0A%3E+y+longshot+d%0ARoll+5%0ABonus+-2%0AAlpha+must+select+1+of+Ds+module%28s%29+%28separated+b
  y+comma%29%3A%0ARAILGUN%2C+SWORD%0A%3E+RAILGUN%0AD+looses+RAILGUN%0A%5B...%5D%0A%60%60%60%0A%0A%23
  %23%23+1.10+Spielende+%28%60end%60%29%0A%0A%60%60%60%0A%5B...%5D%0A%3E+b+strike+z%0ARoll+6%0ABonus
  +0%0AZ+looses+ENGINE%0AZ+was+destroyed%0AAlpha+won%21%0A%60%60%60%0A%0A%23%23%23+1.11+%60quit%60%0
  A%0A%60%60%60%0A%5B...%5D%0A%3E+board%0A.1A.W%0A.D...%0AC2..X%0A..2.1%0AB..YZ%0A%3E+quit%0A%60%60%
  60%0A%0A%23%23+2+Vollst%C3%A4ndige+Beispielinteraktion%0A%0A%60%60%60%0A%25%3E+java+AlphaZeta+1+5+
  2%0AWelcome+to+AlphaZeta%21%0AAlpha+configures+its+ships%0AChoose+upto+3+modules+for+ship+B+%28sep
  arated+by+comma%29%3A%0APROPULSION%2C+RAILGUN%2C+SENSOR%2C+SHIELD%2C+SWORD%0A%3E+RAILGUN%2CSHIELD%
  2CSENSOR%0AChoose+upto+3+modules+for+ship+C+%28separated+by+comma%29%3A%0APROPULSION%2C+RAILGUN%2C
  +SENSOR%2C+SHIELD%2C+SWORD%0A%3E+SWORD%2CSWORD%0AChoose+upto+3+modules+for+ship+D+%28separated+by+
  comma%29%3A%0APROPULSION%2C+RAILGUN%2C+SENSOR%2C+SHIELD%2C+SWORD%0A%3E+SWORD%2CSWORD%0AZeta+config
  ures+its+ships%0AChoose+upto+3+modules+for+ship+W+%28separated+by+comma%29%3A%0APROPULSION%2C+RAIL
  GUN%2C+SENSOR%2C+SHIELD%2C+SWORD%0A%3E+RAILGUN%2CSHIELD%2CSWORD%0AChoose+upto+3+modules+for+ship+X
  +%28separated+by+comma%29%3A%0APROPULSION%2C+RAILGUN%2C+SENSOR%2C+SHIELD%2C+SWORD%0A%3E+SWORD%2CSW
  ORD%0AChoose+upto+3+modules+for+ship+Y+%28separated+by+comma%29%3A%0APROPULSION%2C+RAILGUN%2C+SENS
  OR%2C+SHIELD%2C+SWORD%0A%3E+SWORD%2CSWORD%0AEnter+the+Board+layout+as+string%3A%0AUse+.+for+free+t
  iles%3B+1%2C2+for+cover%3B+and+A%2CB%2CC%2CD%2CZ%2CW%2CX%2CY+for+ships%0A%3E+A1..W.D...C2..X..2.1B
  .Y.Z%0AAlpha%27s+turn%0A%3E+help%0AHELP+-+shows+this+text%0AQUIT+-+quits+the+game%0ABOARD+-+shows+
  the+whole+board%0AFLEET+-+shows+details+of+all+ships+of+the+AIs%0AACTIONS+%5BNAME%5D+-+shows+avail
  able+actions+of+ship+%5BNAME%5D%0AENDTURN+-+ends+the+current+player%27s+turn%0A%5BSHIP%5D+%5BACTIO
  N%5D+%5BX%5D+%5BY%5D+-+let+%5BSHIP%5D+perform+%5BACTION%5D+on+field+%28X%2CY%29%0A%5BSHIP%5D+%5BAC
  TION%5D+%5BTARGET%5D+-+let+%5BSHIP%5D+perform+%5BACTION%5D+on+%5BTARGET%5D%0A%3E+a+move+0+3%0A%3E+
  actions+a%0AAvailable+actions+of+A%3A+RAMM%0A%3E+b+longshot+x%0ARoll+4%0ABonus+-1%0AX+looses+SWORD
  %0A%3E+endturn%0AZeta%27s+turn%0A%3E+w+longshot+c%0ARoll+5%0ABonus+-2%0AC+looses+SWORD%0A%3E+w+mov
  e+2+1%0A%3E+endturn%0AAlpha%27s+turn%0A%3E+b+move+1+4%0A%3E+b+mark+y%0A%3E+b+longshot+x%0ARoll+2%0
  ABonus+-1%0Amissed%0A%3E+endturn%0AZeta%27s+turn%0A%3E+board%0A.1...%0A.DW..%0AC2..X%0AA.2.1%0A.BY
  .Z%0A%3E+w+move+2+0%0A%3E+w+longshot+b%0ARoll+4%0ABonus+-1%0AAlpha+must+select+1+of+Bs+module%28s%
  29+%28separated+by+comma%29%3A%0ARAILGUN%2C+SENSOR%2C+SHIELD%0A%3E+RAILGUN%0AB+looses+RAILGUN%0A%3
  E+endturn%0AAlpha%27s+turn%0A%3E+b+ramm+y%0ARoll+3%0ABonus+0%0Amissed%0A%3E+endturn%0AZeta%27s+tur
  n%0A%3E+w+longshot+a%0ARoll+5%0ABonus+0%0AA+looses+CONTAINER%0AA+looses+CONTAINER%0A%3E+y+move+0+4
  %0A%3E+y+strike+a%0ARoll+3%0ABonus+0%0AA+looses+ENGINE%0AA+was+destroyed%0AZeta+won%21%0A%60%60%60
  &project=ProgrammingST22-Final2&role=requirements&task=Understand+the+st22final02+and+create+its+b
  acklog+when+prompted.&timestamp=2026-07-23T13%3A20%3A28.775Z&domain=st22final02

● Injected adaptive memory context into system prompt

● <adaptive_rules>
  - - Sonst: Über Dialogsystem wird entschieden. Wahltext: `<Decider> must select <N> of <Ship>s
  module(s) (separated by comma):` Die Auflistung ... alphabetischer Reihenfolge.
  - Other ships always have an Engine as their first module.
  - Per ship, the number of Weapon modules must be at most 2.
  - Die Aktion propel ist nur verfügbar, wenn das Raumschiff ein Propulsion-Modul besitzt.
  - Ramm darf nur eingesetzt werden, wenn das angreifende Raumschiff keine Waffen-Module mehr hat.
  - Implementations must not use System.exit() or other excluded functions to implement quitting.
  - Program must be started with exactly three command-line parameters.
  - Program must be terminable at any time via the 'quit' command.
  - The implementation must use exactly one fixed instance of the Random generator to ensure a
  deterministic sequence.
  - Interactive program outputs must match the specification exactly, including case, spaces and
  newlines, and no extra information may be printed.
  - The user interface must be case-insensitive (input case is ignored).
  - Adhere to the JavaDoc documentation rules.
  - All whitespace rules must be followed.
  - Calls to System.exit(), Runtime.exit() or similar must not be used.
  - Choose appropriate visibilities for classes, methods, and attributes.
  - Do not use the default package.
  - Follow all rules for variable, method, and package naming.
  - Maximum line width of source files is 120 characters.
  - Only the listed Java library packages may be used: java.lang, java.io, java.util,
  java.util.regex, java.util.stream, java.util.function.
  - Program code must be written in English.
  - Submitted program code must compile without errors.
  - The online submission requires individual submission of *.java files with the correct folder
  structure.
  - Use System.in for input and System.out for output unless otherwise specified; do not reassign
  these streams.
  - You must pass the mandatory tests; failure to pass them results in an automatic zero for the
  submission.
  - Playing field coverage must be axisymmetric with respect to the southwest–northeast axis; this
  symmetry applies only to cover, not to ships.
  - Second command-line parameter is the playing-field side length; it must be at least 5 and odd.
  - A die roll must always be computed as random.nextInt(6) + 1.
  - nextInt should only be called when a die roll is actually required, to preserve the
  deterministic sequence.
  - Comments must be written consistently in either English or German.
  - Faulty module configurations must be detected as early as possible; on detection an informative
  error is printed and configuration for that ship is re-asked; previously correct ships are not
  re-queried.
  - A Collector always has exactly one Engine module and otherwise only the special Container
  module.
  </adaptive_rules>

  <memories>
    - The assignment 'Abschlussaufgabe 2 — AlphaZeta (AZ)' is for the course 'Programmieren'.
    - task.md contains the section titled 'Abschlussaufgabe 2 — AlphaZeta (AZ)'.
    - The game 'AlphaZeta (AZ)' includes a game entity named 'A' (an AI).
    - The repository ProgrammingST22-Final1 relates to the assignment 'Abschlussaufgabe 1 —
  KastelScholar'.
    - The repository ProgrammingST22-Final1 is the SS 2022 final assignment named "KastelScholar".
    - ProgrammingST22-Final1 RELATES_TO the examples document that contains full example
  interactions and outputs
    - ProgrammingST22-Final1 relates to KastelScholar, the literature/citation management
  assignment.
    - ProgrammingST22-Final1 relates to KastelScholar command implementation (all 20 commands
  implemented)
    - ProgrammingST22-Final1 requires all program outputs to exactly match the specification (case,
  spaces, and line breaks).
    - ProgrammingST22-Final1 implements the set of 11 CLI query commands defined in task.md section
  4.3 (Anfragen).
    - ProgrammingST22-Final1 is required to be Checkstyle-conformant.
    - ProgrammingST22-Final1 treats example lines starting with '> ' as not part of the user input
  (they are prompt markers).
    - ProgrammingST22-Final1 runs an interactive command loop: it reads commands from System.in,
  executes them on the current program state, and waits for further input until 'quit' is entered.
    - ProgrammingST22-Final1 relates to the `<keyword>` placeholder which must be a string
  consisting only of lowercase letters.
    - ProgrammingST22-Final1 uses the placeholder <keyword> which must consist only of lowercase
  letters.
    - ProgrammingST22-Final1 organizes commands into an 'Anfragen' category for querying data.
    - ProgrammingST22-Final1 relates to package edu.kit.kastel.scholar containing Main.java,
  CommandParser.java, and CommandExecutor.java (command-reading loop, command parsing, command
  execution)
    - ProgrammingST22-Final1 requires outputs to match the specification exactly (case, spaces,
  newlines) and forbids any additional output
    - task.md mandates module limits and ownership: ships have max 4 modules; Collectors always have
   Engine and Container only; per-ship constraints: weapons ≤2, ≤1 Rail Gun, ≤1 Propulsion, ≤1
  Shield; per fleet: ≤1 Sensor.
    - ProgrammingST22-Final1 relates to a 'quit' command that terminates the program
    - ProgrammingST22-Final1 uses the 'quit' command to terminate; it processes inputs until 'quit'
  is entered.
    - ProgrammingST24-Final1 submission scored 87%.
    - ProgrammingST22-Final1 uses System.in for program input.
  </memories>
  <knowledge>
    - Sonst wird über Dialogsystem entschieden; Wahltext: `<Decider> must select <N> of <Ship>s
  module(s) (separated by comma):`; Auflistung alphabetisch.
    - Follow all Checkstyle rules; some specially marked rules cause a zero-point grade if violated.
    - Aktions-Schemata für Aktionen gegen ein Ziel-Schiff verwenden das Format '<AKTEUR> <AKTION>
  <ZIEL>'.
    - Für Schiffe der gegnerischen KIs gibt `actions` alle durch die Module gegebenen Aktionen aus.
    - Der Befehl `actions <SHIP>` gibt die in dieser Runde noch nicht verwendeten Aktionen aus,
  alphabetisch sortiert und in Großbuchstaben.
    - Befehl board zeigt Spielfeld als Punkt für leere Kacheln, Deckungswert (1 oder 2) und
  Buchstaben für Schiffe; zerstörte Schiffe werden nicht angezeigt.
    - Beim Spielende wird ausgegeben, welche KI gewonnen hat; anschließend wird das Spiel beendet.
    - The playing field is configured by an input string using '.' for free, '1' for half cover, '2'
   for full cover, and letters A,B,C,D,Z,W,X,Y for ships.
    - Alpha's ships are A, B, C, D; Zeta's ships are Z, W, X, Y; A and Z are the collectors.
  </knowledge>
  <entity_paths>
    - ProgrammingST22-Final1 USES <id>: ProgrammingST22-Final1 uses the placeholder <id> which must
  be an identifier containing only lowercase letters and digits.
    - ProgrammingST22-Final1 USES <venue>: ProgrammingST22-Final1 uses the placeholder <venue> which
   must be either 'journal <journal>' or 'series <series>' referencing an existing publication
  venue.
    - ProgrammingST22-Final1 USES <float>: ProgrammingST22-Final1 uses the `<float>` placeholder to
  mean a floating-point number formatted with exactly three decimal places (X.XXX), using `.` as
  separator and truncated (not rounded); values are assumed ≤ 10^6.; ProgrammingST22-Final1 uses the
   placeholder <float> which must be printed with exactly three decimal places, using a dot and
  truncation (no rounding).
    - ProgrammingST22-Final1 USES Java SE 17: ProgrammingST22-Final1 uses Java SE 17 as its
  language/runtime.; ProgrammingST22-Final1 uses Java SE 17 (project compiles cleanly under Java SE
  17)
    - ProgrammingST22-Final1 USES quit: ProgrammingST22-Final1 uses the 'quit' command to terminate;
   it processes inputs until 'quit' is entered.
    - ProgrammingST22-Final1 USES Checkstyle: ProgrammingST22-Final1 uses Checkstyle compliance as a
   core constraint
    - ProgrammingST22-Final1 USES System.in: ProgrammingST22-Final1 uses System.in for program
  input.; ProgrammingST22-Final1 reads interactive commands from System.in (standard input).
    - ProgrammingST22-Final1 USES System.out: ProgrammingST22-Final1 uses System.out for program
  output.
    - ProgrammingST22-Final1 USES <publisher> / <journal> / <series> / <location> / <title>:
  ProgrammingST22-Final1 uses several text fields (<publisher>, <journal>, <series>, <location>,
  <title>) that must not contain newlines, commas or semicolons.
    - ProgrammingST22-Final1 USES publication identifier (lowercase+digits): ProgrammingST22-Final1
  requires publication identifiers composed only of lowercase letters and digits
    - ProgrammingST22-Final1 USES case-sensitive identifiers and names: ProgrammingST22-Final1
  treats identifiers and author names as case-sensitive
    - ProgrammingST22-Final1 USES bibliography sorting order: ProgrammingST22-Final1 requires the
  literature list to be sorted by: authors (last, first) pairwise, title, year, then publication
  identifier, with missing n-th author sorting before existing
    - ProgrammingST22-Final1 USES Reference year constraint (must be earlier): References may only
  cite publications with an earlier publication year
    - ProgrammingST22-Final1 USES Keyword: ProgrammingST22-Final1 uses the placeholder <keyword>
  which must consist only of lowercase letters.
    - ProgrammingST22-Final1 USES System.err: ProgrammingST22-Final1 may optionally use System.err
  for error messages.
    - ProgrammingST22-Final1 USES <index> / <year>: ProgrammingST22-Final1 uses numeric placeholders
   with ranges: <index> is an integer >= 0 and <year> is an integer in [0, 9999].
    - ProgrammingST22-Final1 USES <publications> / <authors> / <bibliography>:
  ProgrammingST22-Final1 uses output formatting rules: <publications> is newline-separated sorted by
   id lexicographically; <authors> is newline-separated sorted by lastname then firstname;
  <bibliography> is sorted with one entry per line formatted per chosen style.
    - ProgrammingST22-Final1 USES <author> / <firstname> / <lastname>: ProgrammingST22-Final1 uses
  author and name token rules: <author> is '<firstname> <lastname>' and firstname/lastname contain
  no spaces, newlines, commas or semicolons.
    - ProgrammingST22-Final1 USES ACM Simplified ('acm') and APA Simplified ('apa') bibliography
  styles: ProgrammingST22-Final1 requires implementation of two bibliography styles: ACM Simplified
  ('acm') and APA Simplified ('apa') with the specified formatting rules
    - ProgrammingST22-Final1 USES <style>: ProgrammingST22-Final1 uses the placeholder <style>
  restricted to the identifiers 'acm' or 'apa'.
  </entity_paths>
  <entity_matches>
    - Backlog (22 tasks) (score: 0.77) — Twenty-two prioritized sequential development tasks
    - ProgrammingST22-Final1 (score: 0.76) — Exercise repository implementing the KastelScholar
  backlog
    - examples.md (Beispiele — Abschlussaufgabe 1) (score: 0.75) — Document containing the full
  example interactions and sample CLI outputs
    - task.md (score: 0.75) — Assignment document containing AlphaZeta game rules and setup.
    - Abschlussaufgabe 2 — AlphaZeta (AZ) (score: 0.75) — Named assignment / project title for the
  exercise
  </entity_matches>
  <insights>
    - Agent community around ProgrammingST22-Final1, examples.md (Beispiele — Abschlussaufgabe 1),
  <venue> connects Case-sensitive unique identifier rule, Error message prefix 'Error,', Checkstyle,
   System.in. Relevant agent facts: ProgrammingST22-Final1 enforces case-sensitive uniqueness for
  entity identifiers and must error on duplicate creation.; task.md requires `<venue>` to be
  formatted as `journal <journal>` for journals or `series <series>` for conference series.;
  ProgrammingST22-Final1 relates to the `<venue>` placeholder format: use `journal <journal>` for
  journals or `series <series>` for conference series.
    - Agent community around task.md, <float>, System.err connects <list of Xs>,
  <publications>/<authors>/<bibliography> output rules, token and identifier constraints, Commands
  operate on current program state. Relevant agent facts: task.md requires `<float>` to be printed
  with exactly three decimal places `X.XXX`, using `.` as separator and truncated (not rounded);
  values ≤ 10^6.; ProgrammingST22-Final1 uses the `<float>` placeholder to mean a floating-point
  number formatted with exactly three decimal places (X.XXX), using `.` as separator and truncated
  (not rounded); values are assumed ≤ 10^6.; task.md requires `<float>` to use a dot and exactly
  three decimal places, truncated (not rounded); values ≤ 1e6 assumed.
    - Agent community around Abschlussaufgabe 2 — AlphaZeta (AZ), Institute of Information Security
  and Dependability, Sommersemester 2022 connects 20 Punkte, Version 1.4. Relevant agent facts: The
  assignment 'Abschlussaufgabe 2 — AlphaZeta (AZ)' lists Prof. Dr.-Ing. Anne Koziolek as lecturer.;
  Prof. Dr.-Ing. Anne Koziolek is the course instructor for the assignment.; The assignment document
   indicates group 'Institute of Information Security and Dependability'.
    - Agent community around KastelScholar, Literature collection management (heterogeneous
  documents), Bibliography generation (user-chosen format) connects Bibliography generation,
  CiteSeer^X; Google Scholar; BibTeX; JabRef; Citavi, Literature collection with documents of
  different types. Relevant agent facts: The repository ProgrammingST22-Final1 is the SS 2022 final
  assignment named "KastelScholar".; The project KastelScholar has a backlog document with ID
  7dc5e6b6-3102-4551-887c-5beeffea252d; KastelScholar manages a literature collection containing
  documents of different types.
    - Agent community around <id>, <title>. Relevant agent facts: task.md defines `<id>` as a
  publication identifier of only lowercase letters and digits, and `<title>` as a string without
  line breaks, commas, or semicolons.; ProgrammingST22-Final1 uses the placeholder <id> which must
  be an identifier containing only lowercase letters and digits.
  </insights>

● adaptive-memory extension active (role=requirements, memorySession=20260723-151539-req) - type
  /memory-help. MCP tools registered (memory=true, backlog=true).







Changes    +0 -0
Duration   3m 4s
Tokens     ↑ 35.7k (1.3k cached) • ↓ 1.7k (1.2k reasoning)
[delivery:requirements] Turn 10/11 complete
[delivery:requirements] Turn 11/11: Finalize backlog creation
● [adaptive-context] GET http://localhost:4444/api/agents/7af7809a-adce-4fa9-9609-fd61059de0ff/sessi
  ons/20260723-151539-req/context?input=%2Ffinalize&project=ProgrammingST22-Final2&role=requirements
  &task=Understand+the+st22final02+and+create+its+backlog+when+prompted.&timestamp=2026-07-23T13%3A2
  1%3A01.163Z&domain=st22final02

● Injected adaptive memory context into system prompt

● <adaptive_rules>
  - Interactive program outputs must match the specification exactly, including case, spaces and
  newlines, and no extra information may be printed.
  - The user interface must be case-insensitive (input case is ignored).
  - Implementations must not use System.exit() or other excluded functions to implement quitting.
  - Program must be started with exactly three command-line parameters.
  - The implementation must use exactly one fixed instance of the Random generator to ensure a
  deterministic sequence.
  - Program must be terminable at any time via the 'quit' command.
  </adaptive_rules>

  <memories>
    - ProgrammingST22-Final1 requires all program outputs to exactly match the specification (case,
  spaces, and line breaks).
    - ProgrammingST22-Final1 is required to be Checkstyle-conformant.
    - The repository ProgrammingST22-Final1 is the SS 2022 final assignment named "KastelScholar".
    - ProgrammingST22-Final1 RELATES_TO the examples document that contains full example
  interactions and outputs
    - ProgrammingST22-Final1 requires outputs to match the specification exactly (case, spaces,
  newlines) and forbids any additional output
  </memories>
  <knowledge>
    - Automated tests rely on the 'quit' command at the end of test sequences to terminate the
  program.
  </knowledge>
  <entity_paths>
    - ProgrammingST22-Final1 USES <id>: ProgrammingST22-Final1 uses the placeholder <id> which must
  be an identifier containing only lowercase letters and digits.
    - ProgrammingST22-Final1 USES <venue>: ProgrammingST22-Final1 uses the placeholder <venue> which
   must be either 'journal <journal>' or 'series <series>' referencing an existing publication
  venue.
    - ProgrammingST22-Final1 USES <float>: ProgrammingST22-Final1 uses the `<float>` placeholder to
  mean a floating-point number formatted with exactly three decimal places (X.XXX), using `.` as
  separator and truncated (not rounded); values are assumed ≤ 10^6.; ProgrammingST22-Final1 uses the
   placeholder <float> which must be printed with exactly three decimal places, using a dot and
  truncation (no rounding).
    - ProgrammingST22-Final1 USES Java SE 17: ProgrammingST22-Final1 uses Java SE 17 as its
  language/runtime.; ProgrammingST22-Final1 uses Java SE 17 (project compiles cleanly under Java SE
  17)
    - ProgrammingST22-Final1 USES quit: ProgrammingST22-Final1 uses the 'quit' command to terminate;
   it processes inputs until 'quit' is entered.
    - ProgrammingST22-Final1 USES Checkstyle: ProgrammingST22-Final1 uses Checkstyle compliance as a
   core constraint
    - ProgrammingST22-Final1 USES System.in: ProgrammingST22-Final1 uses System.in for program
  input.; ProgrammingST22-Final1 reads interactive commands from System.in (standard input).
    - ProgrammingST22-Final1 USES System.out: ProgrammingST22-Final1 uses System.out for program
  output.
    - ProgrammingST22-Final1 USES <publisher> / <journal> / <series> / <location> / <title>:
  ProgrammingST22-Final1 uses several text fields (<publisher>, <journal>, <series>, <location>,
  <title>) that must not contain newlines, commas or semicolons.
    - ProgrammingST22-Final1 USES publication identifier (lowercase+digits): ProgrammingST22-Final1
  requires publication identifiers composed only of lowercase letters and digits
    - ProgrammingST22-Final1 USES case-sensitive identifiers and names: ProgrammingST22-Final1
  treats identifiers and author names as case-sensitive
    - ProgrammingST22-Final1 USES bibliography sorting order: ProgrammingST22-Final1 requires the
  literature list to be sorted by: authors (last, first) pairwise, title, year, then publication
  identifier, with missing n-th author sorting before existing
    - ProgrammingST22-Final1 USES Reference year constraint (must be earlier): References may only
  cite publications with an earlier publication year
    - ProgrammingST22-Final1 USES Keyword: ProgrammingST22-Final1 uses the placeholder <keyword>
  which must consist only of lowercase letters.
    - ProgrammingST22-Final1 USES System.err: ProgrammingST22-Final1 may optionally use System.err
  for error messages.
    - ProgrammingST22-Final1 USES <index> / <year>: ProgrammingST22-Final1 uses numeric placeholders
   with ranges: <index> is an integer >= 0 and <year> is an integer in [0, 9999].
    - ProgrammingST22-Final1 USES <publications> / <authors> / <bibliography>:
  ProgrammingST22-Final1 uses output formatting rules: <publications> is newline-separated sorted by
   id lexicographically; <authors> is newline-separated sorted by lastname then firstname;
  <bibliography> is sorted with one entry per line formatted per chosen style.
    - ProgrammingST22-Final1 USES <author> / <firstname> / <lastname>: ProgrammingST22-Final1 uses
  author and name token rules: <author> is '<firstname> <lastname>' and firstname/lastname contain
  no spaces, newlines, commas or semicolons.
    - ProgrammingST22-Final1 USES ACM Simplified ('acm') and APA Simplified ('apa') bibliography
  styles: ProgrammingST22-Final1 requires implementation of two bibliography styles: ACM Simplified
  ('acm') and APA Simplified ('apa') with the specified formatting rules
    - ProgrammingST22-Final1 USES <style>: ProgrammingST22-Final1 uses the placeholder <style>
  restricted to the identifiers 'acm' or 'apa'.
  </entity_paths>
  <entity_matches>
    - Backlog (22 tasks) (score: 0.77) — Twenty-two prioritized sequential development tasks
    - ProgrammingST22-Final1 (score: 0.76) — Exercise repository implementing the KastelScholar
  backlog
    - task.md (score: 0.75) — Assignment document containing AlphaZeta game rules and setup.
    - ProgrammingST24-Final1 (score: 0.74) — Exercise repository for the final programming
  submission.
    - Backlog 7dc5e6b6-3102-4551-887c-5beeffea252d (score: 0.73) — Backlog document created for
  KastelScholar containing tasks
  </entity_matches>
  <insights>
    - Agent community around ProgrammingST22-Final1, <venue>, Java SE 17 connects Case-sensitive
  unique identifier rule, Error message prefix 'Error,', System.in. Relevant agent facts:
  ProgrammingST22-Final1 enforces case-sensitive uniqueness for entity identifiers and must error on
   duplicate creation.; task.md requires `<venue>` to be formatted as `journal <journal>` for
  journals or `series <series>` for conference series.; ProgrammingST22-Final1 relates to the
  `<venue>` placeholder format: use `journal <journal>` for journals or `series <series>` for
  conference series.
    - Agent community around task.md, <float>, System.err connects <list of Xs>,
  <publications>/<authors>/<bibliography> output rules, token and identifier constraints, Commands
  operate on current program state. Relevant agent facts: task.md requires `<float>` to be printed
  with exactly three decimal places `X.XXX`, using `.` as separator and truncated (not rounded);
  values ≤ 10^6.; ProgrammingST22-Final1 uses the `<float>` placeholder to mean a floating-point
  number formatted with exactly three decimal places (X.XXX), using `.` as separator and truncated
  (not rounded); values are assumed ≤ 10^6.; task.md requires `<float>` to use a dot and exactly
  three decimal places, truncated (not rounded); values ≤ 1e6 assumed.
    - Agent community around Institute of Information Security and Dependability, Sommersemester
  2022, Programmieren connects Abschlussaufgabe 2 — AlphaZeta (AZ), Version 1.4. Relevant agent
  facts: The assignment 'Abschlussaufgabe 2 — AlphaZeta (AZ)' lists Prof. Dr.-Ing. Anne Koziolek as
  lecturer.; Prof. Dr.-Ing. Anne Koziolek is the course instructor for the assignment.; The
  assignment document indicates group 'Institute of Information Security and Dependability'.
    - Agent community around KastelScholar, Literature collection management (heterogeneous
  documents), Bibliography generation (user-chosen format) connects Bibliography generation,
  CiteSeer^X; Google Scholar; BibTeX; JabRef; Citavi, Literature collection with documents of
  different types. Relevant agent facts: The repository ProgrammingST22-Final1 is the SS 2022 final
  assignment named "KastelScholar".; The project KastelScholar has a backlog document with ID
  7dc5e6b6-3102-4551-887c-5beeffea252d; KastelScholar manages a literature collection containing
  documents of different types.
    - Agent community around <id>, <title>. Relevant agent facts: task.md defines `<id>` as a
  publication identifier of only lowercase letters and digits, and `<title>` as a string without
  line breaks, commas, or semicolons.; ProgrammingST22-Final1 uses the placeholder <id> which must
  be an identifier containing only lowercase letters and digits.
  </insights>

● adaptive-memory extension active (role=requirements, memorySession=20260723-151539-req) - type
  /memory-help. MCP tools registered (memory=true, backlog=true).



● Create Backlog (MCP: agentic-memory) · Turn-based strategy board game for two AIs (Alpha and Zeta…
  └ Backlog "AlphaZeta (AZ)" created with id: ddbc0904-d049-4aff-bd1e-7b7663062bae



● Create Tasks (MCP: agentic-memory) · backlogId: "ddbc0904-d049-4aff-bd1e-7b7663062bae", tasks: [1…
  └ Created 18 task(s) in backlog ddbc0904-d049-4aff-bd1e-7b7663062bae.



● Get Tasks (MCP: agentic-memory) · backlogId: "ddbc0904-d049-4aff-bd1e-7b7663062bae"
  └ Output too large to read at once (33.9 KB). Saved to: /var/folders/fs/p8fxyq6...







Changes    +0 -0
Duration   5m 44s
Tokens     ↑ 178.4k (135.0k cached) • ↓ 10.8k (6.0k reasoning)
[delivery:requirements] Turn 11/11 complete
[delivery:requirements] Exercise requirements stream complete — advancing to backlog discovery
[delivery] Phase B: Backlog discovery
[delivery] Using backlog: "AlphaZeta (AZ)" (ddbc0904-d049-4aff-bd1e-7b7663062bae)
[delivery] Backlog: "AlphaZeta (AZ)" (ddbc0904-d049-4aff-bd1e-7b7663062bae)

[delivery] Phase C: Coding

[delivery] Killed leftover process PID 75654 on port 3001
● [adaptive-context] GET http://localhost:4444/api/agents/7af7809a-adce-4fa9-9609-fd61059de0ff/sessi
  ons/20260723-151539-coding/context?input=Implement+%22AlphaZeta+%28AZ%29%22+backlog%3A+Project+set
  up%2C+CLI+argument+parsing%2C+input+loop%2C+and+quit%3B+Core+data+models%3A+Board%2C+Tile%2C+Ship%
  2C+Module%2C+Fleet%3B+Welcome+message+and+ship+configuration+dialog%3B+Board+layout+input+and+vali
  dation%3B+Turn+management+and+endturn+command%3B+help+command%3B+board+command%3B+fleet+command%3B
  +actions+command%3B+Move+action+%28Engine+module%29%3B+Propel+action+%28Propulsion+module%29%3B+Ma
  rk+action+%28Sensor+module%29%3B+Combat+foundation%3A+dice+roll%2C+cover%2C+shield%2C+Roll%2FBonus
  %2Fmissed+output%3B+Module+destruction+system%3B+Strike+action+%28Sword+module%29%3B+Longshot+acti
  on+%28Rail+Gun+module%29%3B+Ramm+action+%28Engine+module%29%3B+Win+detection+and+game+end&project=
  ProgrammingST22-Final2&role=coding&task=Implement+backlog+%22AlphaZeta+%28AZ%29%22+in+the+selected
  +exercise+repository.&timestamp=2026-07-23T13%3A23%3A40.535Z&domain=st22final02

● Injected adaptive memory context into system prompt

● <adaptive_rules>
  - A Collector always has exactly one Engine module and otherwise only the special Container
  module.
  - Faulty module configurations must be detected as early as possible; on detection an informative
  error is printed and configuration for that ship is re-asked; previously correct ships are not
  re-queried.
  - - Sonst: Über Dialogsystem wird entschieden. Wahltext: `<Decider> must select <N> of <Ship>s
  module(s) (separated by comma):` Die Auflistung ... alphabetischer Reihenfolge.
  - Other ships always have an Engine as their first module.
  - Per ship, the number of Weapon modules must be at most 2.
  - Interactive program outputs must match the specification exactly, including case, spaces and
  newlines, and no extra information may be printed.
  - The user interface must be case-insensitive (input case is ignored).
  </adaptive_rules>

  <memories>
    - task.md requires ProgrammingST22-Final2 to implement AlphaZeta (AZ) with a text-based,
  case-insensitive user interface.
    - ProgrammingST22-Final2 implements in-game commands help, board, fleet, actions and endturn
  with fixed output formats and messages
    - ProgrammingST22-Final2 RELATES_TO a program-start interaction that prints a welcome message,
  then configures ships in the fixed order A,B,C,D (Alpha) then Z,W,X,Y (Zeta), lists modules
  alphabetically, detects configuration errors as early as possible, and on error re-asks only the
  current ship configuration while preserving previously accepted ships.
    - The repository ProgrammingST22-Final1 is the SS 2022 final assignment named "KastelScholar".
    - ProgrammingST22-Final2 uses a text-based, case-insensitive user interface for AlphaZeta (AZ).
    - The assignment 'Abschlussaufgabe 2 — AlphaZeta (AZ)' is for the course 'Programmieren'.
    - The repository ProgrammingST22-Final1 relates to the assignment 'Abschlussaufgabe 1 —
  KastelScholar'.
    - ProgrammingST22-Final1 relates to KastelScholar command implementation (all 20 commands
  implemented)
  </memories>
  <knowledge>
    - Sonst wird über Dialogsystem entschieden; Wahltext: `<Decider> must select <N> of <Ship>s
  module(s) (separated by comma):`; Auflistung alphabetisch.
  </knowledge>
  <entity_paths>
    - ProgrammingST22-Final2 USES quit: ProgrammingST22-Final2 must terminate immediately when the
  user inputs the command `quit`.; ProgrammingST22-Final2 uses the command `quit` to allow the
  program to be terminated at any time; automated tests rely on `quit` at the end of test sequences.
    - ProgrammingST22-Final2 USES System.in: ProgrammingST22-Final2 must use System.in for input and
   System.out for output (System.err optional for errors) and must not reassign these streams.
    - ProgrammingST22-Final2 USES System.out: ProgrammingST22-Final2 must use System.in for input
  and System.out for output (System.err optional for errors) and must not reassign these streams.
    - ProgrammingST22-Final2 USES System.err: ProgrammingST22-Final2 must use System.in for input
  and System.out for output (System.err optional for errors) and must not reassign these streams.
    - ProgrammingST22-Final2 USES Error message format and runtime behavior: ProgrammingST22-Final2
  enforces error-message formatting and behavior: messages must start with 'Error,', contain no
  special characters or umlauts, may use English free text, and after an error the program must
  continue waiting for input.
    - ProgrammingST22-Final2 USES Use of standard streams constraint: ProgrammingST22-Final2 must
  use System.in for input and System.out for output (System.err optional for errors) and must not
  reassign these streams.
    - ProgrammingST22-Final2 USES Side length parameter: ProgrammingST22-Final2 USES exactly three
  command-line parameters: Seed, side length, and container-module count.
    - ProgrammingST22-Final2 USES Container count parameter: ProgrammingST22-Final2 USES exactly
  three command-line parameters: Seed, side length, and container-module count.
    - ProgrammingST22-Final2 USES module-destruction prompt: ProgrammingST22-Final2 USES a precise
  module-destruction dialog prompt: '<Decider> must select <N> of <Ship>s module(s) (separated by
  comma):' with the presented module list in alphabetical order
    - ProgrammingST22-Final2 USES destruction-dialog error handling: ProgrammingST22-Final2 USES
  error handling in destruction dialog: invalid selection prints an error and re-prompts without
  repeating the initial prompt text
    - ProgrammingST22-Final2 USES ramm actor-loss handling: ProgrammingST22-Final2 USES the same
  module-loss dialog and output semantics when a ramm action causes the actor to lose modules
    - ProgrammingST22-Final2 USES endturn: ProgrammingST22-Final2 USES the endturn command to end
  the current KI's turn and announce the start of the next turn following the example interaction
    - ProgrammingST22-Final2 USES help: ProgrammingST22-Final2 USES the help command to list all
  system commands in a fixed order
    - ProgrammingST22-Final2 USES Exact output formatting constraint: ProgrammingST22-Final2
  requires outputs to exactly match the specification including case, spaces, and newlines and to
  print no additional information.
    - ProgrammingST22-Final2 USES Text-based case-insensitive user interface: ProgrammingST22-Final2
   uses a text-based, case-insensitive user interface for AlphaZeta (AZ).
    - ProgrammingST22-Final2 USES Standard streams usage constraint: ProgrammingST22-Final2 must use
   System.in for input and System.out for output (System.err optional for errors) and must not
  reassign these streams.
    - ProgrammingST22-Final2 USES Text-based user interface (case-insensitive):
  ProgrammingST22-Final2 requires a text-based user interface that ignores input capitalization.;
  ProgrammingST22-Final2 USES a case-insensitive text-based user interface
    - ProgrammingST22-Final2 USES Random(long seed): ProgrammingST22-Final2 must instantiate the
  deterministic RNG with Random(long seed) and use that constructor; ProgrammingST22-Final2 MUST use
   a single Random(long seed) instance and produce die rolls with random.nextInt(6) + 1, calling
  nextInt only when a die roll is needed.
    - ProgrammingST22-Final2 USES Example interaction conventions ('%> ', '> ', '[...]'):
  ProgrammingST22-Final2 uses specific example-interaction conventions for parsing sample I/O ('%>
  ', '> ', '[...]').
    - ProgrammingST22-Final2 USES Container modules count parameter: The third command-line
  parameter sets how many Container modules the Collectors have and must be in [0,3]
  </entity_paths>
  <entity_matches>
    - ProgrammingST22-Final2 (score: 1.00) — Repository implementing the AlphaZeta (AZ) game
    - AlphaZeta modules (score: 0.85) — Named modules and their actions used by ships in the game.
    - In-game commands (help, board, fleet, actions, endturn) (score: 0.81) — Game-phase CLI
  commands and their required output formats
    - Program start interaction (score: 0.80) — Startup UI flow: welcome, ship config, field input,
  then Alpha's turn.
    - Abschlussaufgabe 2 — AlphaZeta (AZ) assignment (score: 0.80) — Assignment for the
  Programmieren course (20 points, Version 1.4).
  </entity_matches>
  <insights>
    - Agent community around quit, ProgrammingST22-Final1, automated tests connects Case-sensitive
  unique identifier rule, Java SE 17, Error message prefix 'Error,', Checkstyle. Relevant agent
  facts: ProgrammingST22-Final1 enforces case-sensitive uniqueness for entity identifiers and must
  error on duplicate creation.; task.md requires `<venue>` to be formatted as `journal <journal>`
  for journals or `series <series>` for conference series.; ProgrammingST22-Final1 relates to the
  `<venue>` placeholder format: use `journal <journal>` for journals or `series <series>` for
  conference series.
    - Agent community around Program start interaction, Abschlussaufgabe 2 — AlphaZeta (AZ)
  assignment, Random(long seed) connects <list of Xs>, <publications>/<authors>/<bibliography>
  output rules, token and identifier constraints, Commands operate on current program state.
  Relevant agent facts: task.md requires `<float>` to be printed with exactly three decimal places
  `X.XXX`, using `.` as separator and truncated (not rounded); values ≤ 10^6.;
  ProgrammingST22-Final1 uses the `<float>` placeholder to mean a floating-point number formatted
  with exactly three decimal places (X.XXX), using `.` as separator and truncated (not rounded);
  values are assumed ≤ 10^6.; task.md requires `<float>` to use a dot and exactly three decimal
  places, truncated (not rounded); values ≤ 1e6 assumed.
    - Agent community around System.in, System.out, System.err. Relevant agent facts:
  ProgrammingST22-Final1 uses System.in for program input.; ProgrammingST22-Final1 reads interactive
   commands from System.in (standard input).; ProgrammingST22-Final2 must use System.in for input
  and System.out for output (System.err optional for errors) and must not reassign these streams.
    - Agent community around quit command, Error message format, Exact output matching connects
  Sommersemester 2022, Programmieren, Prof. Dr.-Ing. Anne Koziolek, Jahr 2985. Relevant agent facts:
   The assignment 'Abschlussaufgabe 2 — AlphaZeta (AZ)' lists Prof. Dr.-Ing. Anne Koziolek as
  lecturer.; Prof. Dr.-Ing. Anne Koziolek is the course instructor for the assignment.; The
  assignment document indicates group 'Institute of Information Security and Dependability'.
    - Agent community around Abschlussaufgabe 1 — KastelScholar connects Version 1.3, 20 Punkte,
  BibTeX, Citavi. Relevant agent facts: task.md contains the header 'Abschlussaufgabe 1 —
  KastelScholar' with metadata (course, semester, instructor, group, points, version).; The document
   'task.md' is the file for 'Abschlussaufgabe 1 — KastelScholar'.; The assignment 'Abschlussaufgabe
   1 — KastelScholar' document version is '1.3'.
  </insights>

● adaptive-memory extension active (role=coding, memorySession=20260723-151539-coding) - type
  /memory-help. MCP tools registered (memory=true, backlog=true).

✗ Get Scratchpad (MCP: agentic-memory) · sessionId: "3d1d76a3-b8bf-4938-85c5-6154c317c1d4"
  └ MCP server 'agentic-memory': Forbidden.

● Claim Next Task (MCP: agentic-memory) · backlogId: "ddbc0904-d049-4aff-bd1e-7b7663062bae"
  └ Claimed task "Project setup, CLI argument parsing, input loop, and quit" (c47...

● [turn-persistence] [turn-persistence] turn_end SKIPPED ai: no assistant message with content



● List directory .
  └ 14 files found

● List directory src
  └ 1 file found

● Read pom.xml
  └ 32 lines read

● [turn-persistence] [turn-persistence] turn_end SKIPPED ai: no assistant message with content

● Read task.md
  └ 1 line read

● Read examples.md
  └ 290 lines read

● Read guidelines.md
  └ 165 lines read

● [turn-persistence] [turn-persistence] turn_end SKIPPED ai: no assistant message with content

● Read task.md
  └ L1:80 (80 lines read)

● [turn-persistence] [turn-persistence] turn_end SKIPPED ai: no assistant message with content



● Create package directory structure (shell)
  │ mkdir -p /Users/nghalinh2711/Development/student-repos/st22final02/src/edu/kit/kastel/az
  └ 1 line…

● Create AlphaZeta.java +80
  └ src/edu/kit/kastel/az/AlphaZeta.java

● [turn-persistence] [turn-persistence] turn_end SKIPPED ai: no assistant message with content



● Compile the Java project (shell)
  │ cd /Users/nghalinh2711/Development/student-repos/st22final02 && mvn compile -q 2>&1
  └ 1 line…



● Test invalid seed (shell)
  │ cd /Users/nghalinh2711/Development/student-repos/st22final02 && java -cp target/classes
  │ edu.kit.kastel.az.AlphaZeta abc 5 0 2>&1
  └ 2 lines…

● Test side length too small (shell)
  │ cd /Users/nghalinh2711/Development/student-repos/st22final02 && java -cp target/classes
  │ edu.kit.kastel.az.AlphaZeta 0 3 0 2>&1
  └ 2 lines…

● Test valid arguments and welcome message (shell)
  │ cd /Users/nghalinh2711/Development/student-repos/st22final02 && echo "quit" | java -cp
  │ target/classes edu.kit.kastel.az.AlphaZeta 0 5 0 2>&1
  └ 2 lines…

● Test even side length (shell)
  │ cd /Users/nghalinh2711/Development/student-repos/st22final02 && java -cp target/classes
  │ edu.kit.kastel.az.AlphaZeta 0 6 0 2>&1
  └ 2 lines…

● Test container count out of range (shell)
  │ cd /Users/nghalinh2711/Development/student-repos/st22final02 && java -cp target/classes
  │ edu.kit.kastel.az.AlphaZeta 0 5 4 2>&1
  └ 2 lines…

● Test negative container count (shell)
  │ cd /Users/nghalinh2711/Development/student-repos/st22final02 && java -cp target/classes
  │ edu.kit.kastel.az.AlphaZeta 0 5 -1 2>&1
  └ 2 lines…

● Test too few args (shell)
  │ cd /Users/nghalinh2711/Development/student-repos/st22final02 && java -cp target/classes
  │ edu.kit.kastel.az.AlphaZeta 0 5 2>&1
  └ 2 lines…

● Test too many args (shell)
  │ cd /Users/nghalinh2711/Development/student-repos/st22final02 && java -cp target/classes
  │ edu.kit.kastel.az.AlphaZeta 0 5 0 extra 2>&1
  └ 2 lines…



● Test case-insensitive quit (QuIt) (shell)
  │ cd /Users/nghalinh2711/Development/student-repos/st22final02 && echo "QuIt" | java -cp
  │ target/classes edu.kit.kastel.az.AlphaZeta 0 5 0 2>&1
  └ 2 lines…

● Test case-insensitive quit command (shell)
  │ cd /Users/nghalinh2711/Development/student-repos/st22final02 && echo "QUIT" | java -cp
  │ target/classes edu.kit.kastel.az.AlphaZeta 0 5 0 2>&1
  └ 2 lines…



● Update Task (MCP: agentic-memory) · backlogId: "ddbc0904-d049-4aff-bd1e-7b7663062bae", taskId: "c…
  └ Task "Project setup, CLI argument parsing, input loop, and quit" (c47dbe4f-2b...

● Update Scratchpad (MCP: agentic-memory) · sessionId: "3d1d76a3-b8bf-4938-85c5-6154c317c1d4", find…
  └ Scratchpad updated.



● Claim Next Task (MCP: agentic-memory) · backlogId: "ddbc0904-d049-4aff-bd1e-7b7663062bae"
  └ Claimed task "Core data models: Board, Tile, Ship, Module, Fleet" (4deac72f-6...



● Create TileType.java +14
  └ src/edu/kit/kastel/az/TileType.java

● Create Module.java +26
  └ src/edu/kit/kastel/az/Module.java

● Create Ai.java +12
  └ src/edu/kit/kastel/az/Ai.java

● Create ShipType.java +12
  └ src/edu/kit/kastel/az/ShipType.java

● Create Tile.java +133
  └ src/edu/kit/kastel/az/Tile.java

● Create Ship.java +263
  └ src/edu/kit/kastel/az/Ship.java



● Create Fleet.java +157
  └ src/edu/kit/kastel/az/Fleet.java

● Create Board.java +250
  └ src/edu/kit/kastel/az/Board.java



● Compile all Java files (shell)
  │ cd /Users/nghalinh2711/Development/student-repos/st22final02 && mvn compile -q 2>&1
  └ 1 line…



● Run cover calculation test (shell)
  │ cat > /tmp/CoverTest.java << 'JAVAEOF'
  │ import edu.kit.kastel.az.*;
  │
  │ public class CoverTest {
  │ public static void main(String[] args) {…
  └ 54 lines…



● Clean up temp test files (shell)
  │ rm /tmp/CoverTest.java /tmp/CoverTest.class 2>/dev/null; echo "cleaned"
  └ 2 lines…

● Update Task (MCP: agentic-memory) · state: "done", backlogId: "ddbc0904-d049-4aff-bd1e-7b7663062b…
  └ Task "Core data models: Board, Tile, Ship, Module, Fleet" (4deac72f-6280-4a60...

● Update Scratchpad (MCP: agentic-memory) · findings: "Task 1: Created AlphaZeta.java with CLI pars…
  └ Scratchpad updated.

● Claim Next Task (MCP: agentic-memory) · backlogId: "ddbc0904-d049-4aff-bd1e-7b7663062bae"
  └ Claimed task "Welcome message and ship configuration dialog" (7b880e93-81de-4...

● [turn-persistence] [turn-persistence] turn_end SKIPPED ai: no assistant message with content



● Read AlphaZeta.java
  │ src/edu/kit/kastel/az/AlphaZeta.java
  └ 79 lines read

● Edit AlphaZeta.java +193
  └ src/edu/kit/kastel/az/AlphaZeta.java

● [turn-persistence] [turn-persistence] turn_end SKIPPED ai: no assistant message with content

● Compile and test ship configuration (shell)
  │ cd /Users/nghalinh2711/Development/student-repos/st22final02 && mvn compile -q 2>&1
  └ 1 line…

● [turn-persistence] [turn-persistence] turn_end SKIPPED ai: no assistant message with content



● Test ship configuration matching example (shell)
  │ cd /Users/nghalinh2711/Development/student-repos/st22final02 && printf "shield,sensor,sword\nSWO
  │ RD,SWORD\nRAILGUN,SWORD\nSHIELD,SENSOR,SWORD\nSWORD,SWORD\nRAILGUN,SWORD\nquit\n" | java -cp
  │ target/classes edu.kit.kastel.az.AlphaZeta 0 5 0 2>&1
  └ 16 lines…



● Test sensor constraint error and retry (shell)
  │ cd /Users/nghalinh2711/Development/student-repos/st22final02 && printf "SENSOR,RAILGUN\nSENSOR\n
  │ SWORD\nSWORD,SWORD\nSENSOR,SHIELD,SWORD\nSWORD,SWORD\nRAILGUN,SWORD\nquit\n" | java -cp
  │ target/classes edu.kit.kastel.az.AlphaZeta 0 5 0 2>&1
  └ 17 lines…

● Test invalid module and too many modules (shell)
  │ cd /Users/nghalinh2711/Development/student-repos/st22final02 && printf
  │ "INVALID\nSWORD,SWORD\nSWORD,SWORD,SWORD,SWORD\nSWORD,SWORD\nSWORD,SWORD\nSENSOR,SHIELD,SWORD\nS
  │ WORD,SWORD\nRAILGUN,SWORD\nquit\n" | java -cp target/classes edu.kit.kastel.az.AlphaZeta 0 5 0
  │ 2>&1
  └ 18 lines…



● Edit AlphaZeta.java +3 -1
  └ src/edu/kit/kastel/az/AlphaZeta.java

● Edit AlphaZeta.java +13 -11
  └ src/edu/kit/kastel/az/AlphaZeta.java

● [turn-persistence] [turn-persistence] turn_end SKIPPED ai: no assistant message with content

● Compile after quit fix (shell)
  │ cd /Users/nghalinh2711/Development/student-repos/st22final02 && mvn compile -q 2>&1
  └ 1 line…

● [turn-persistence] [turn-persistence] turn_end SKIPPED ai: no assistant message with content

● Test quit during configuration (shell)
  │ cd /Users/nghalinh2711/Development/student-repos/st22final02 && printf "quit\n" | java -cp
  │ target/classes edu.kit.kastel.az.AlphaZeta 0 5 0 2>&1
  └ 5 lines…

● Test full sensor error flow with quit (shell)
  │ cd /Users/nghalinh2711/Development/student-repos/st22final02 && printf "SENSOR,RAILGUN\nSENSOR\n
  │ SWORD\nSWORD,SWORD\nSENSOR,SHIELD,SWORD\nSWORD,SWORD\nRAILGUN,SWORD\nquit\n" | java -cp
  │ target/classes edu.kit.kastel.az.AlphaZeta 0 5 0 2>&1
  └ 17 lines…

● [turn-persistence] [turn-persistence] turn_end SKIPPED ai: no assistant message with content



● Edit AlphaZeta.java -1
  └ src/edu/kit/kastel/az/AlphaZeta.java

● Recompile after import cleanup (shell)
  │ cd /Users/nghalinh2711/Development/student-repos/st22final02 && mvn compile -q 2>&1
  └ 1 line…

● [turn-persistence] [turn-persistence] turn_end SKIPPED ai: no assistant message with content

● Edit Ship.java -2
  └ src/edu/kit/kastel/az/Ship.java

● [turn-persistence] [turn-persistence] turn_end SKIPPED ai: no assistant message with content

● Final compile check (shell)
  │ cd /Users/nghalinh2711/Development/student-repos/st22final02 && mvn compile -q 2>&1
  └ 1 line…

● [turn-persistence] [turn-persistence] turn_end SKIPPED ai: no assistant message with content



● Update Task (MCP: agentic-memory) · backlogId: "ddbc0904-d049-4aff-bd1e-7b7663062bae", state: "do…
  └ Task "Welcome message and ship configuration dialog" (7b880e93-81de-4378-9c20...

● Claim Next Task (MCP: agentic-memory) · backlogId: "ddbc0904-d049-4aff-bd1e-7b7663062bae"
  └ Claimed task "Board layout input and validation" (aedacc5c-d383-4f86-92e9-4a6...



● Read AlphaZeta.java
  │ src/edu/kit/kastel/az/AlphaZeta.java
  └ 275 lines read



● Create GameState.java +79
  └ src/edu/kit/kastel/az/GameState.java



● Edit AlphaZeta.java +143 -20
  └ src/edu/kit/kastel/az/AlphaZeta.java

● Compile with board setup (shell)
  │ cd /Users/nghalinh2711/Development/student-repos/st22final02 && mvn compile -q 2>&1
  └ 1 line…

● [turn-persistence] [turn-persistence] turn_end SKIPPED ai: no assistant message with content



● Test board with wrong length (shell)
  │ cd /Users/nghalinh2711/Development/student-repos/st22final02 && printf
  │ "SWORD,SWORD\nSWORD,SWORD\nSWORD,SWORD\nSWORD,SWORD\nSWORD,SWORD\nSWORD,SWORD\ntooshort\nA1..W.D
  │ ...C2..X..2.1B.Y.Z\nquit\n" | java -cp target/classes edu.kit.kastel.az.AlphaZeta 0 5 0 2>&1
  └ 20 lines…

● Test full example interaction up to board setup (shell)
  │ cd /Users/nghalinh2711/Development/student-repos/st22final02 && printf
  │ "RAILGUN,SHIELD,SENSOR\nSWORD,SWORD\nSWORD,SWORD\nRAILGUN,SHIELD,SWORD\nSWORD,SWORD\nSWORD,SWORD
  │ \nA1..W.D...C2..X..2.1B.Y.Z\nquit\n" | java -cp target/classes edu.kit.kastel.az.AlphaZeta 1 5 2
  │ 2>&1
  └ 19 lines…



● Edit AlphaZeta.java +29 -3
  └ src/edu/kit/kastel/az/AlphaZeta.java

● Compile after adding empty-tile check (shell)
  │ cd /Users/nghalinh2711/Development/student-repos/st22final02 && mvn compile -q 2>&1
  └ 1 line…

● [turn-persistence] [turn-persistence] turn_end SKIPPED ai: no assistant message with content

● Edit AlphaZeta.java -2
  └ src/edu/kit/kastel/az/AlphaZeta.java

● [turn-persistence] [turn-persistence] turn_end SKIPPED ai: no assistant message with content

● Final compile check (shell)
  │ cd /Users/nghalinh2711/Development/student-repos/st22final02 && mvn compile -q 2>&1
  └ 1 line…

● [turn-persistence] [turn-persistence] turn_end SKIPPED ai: no assistant message with content



● Test various board validation scenarios (shell)
  │ cd /Users/nghalinh2711/Development/student-repos/st22final02
  │
  │ # Test full example from spec (should succeed)
  │ echo "=== Test 1: Full example ==="
  │ printf "RAILGUN,SHIELD,SENSOR\nSWORD,SWORD\nSWORD,SWORD\nRAILGUN,SHIELD,SWORD\nSWORD,SWORD\nSW…
  └ 27 lines…

● Test symmetry and empty-tile-surrounded-by-cover (shell)
  │ cd /Users/nghalinh2711/Development/student-repos/st22final02
  │
  │ # Test asymmetric cover
  │ echo "=== Test 4: Asymmetric cover ==="
  │ printf "SWORD,SWORD\nSWORD,SWORD\nSWORD,SWORD\nSWORD,SWORD\nSWORD,SWORD\nSWORD,SWORD\n1111WD..…
  └ 16 lines…

● [turn-persistence] [turn-persistence] turn_end SKIPPED ai: no assistant message with content



● Test asymmetry and surrounded empty tile (shell)
  │ cd /Users/nghalinh2711/Development/student-repos/st22final02
  │
  │ # Test asymmetric cover: change (1,0) from 1 to 2 but leave (4,3) as 1
  │ echo "=== Test 4: Asymmetric cover ==="
  │ printf "SWORD,SWORD\nSWORD,SWORD\nSWORD,SWORD\nSWORD,SWORD\nSWORD,SWORD\nSWORD,SWORD\nA2..W.D.…
  └ 15 lines…



● Update Task (MCP: agentic-memory) · backlogId: "ddbc0904-d049-4aff-bd1e-7b7663062bae", state: "do…
  └ Task "Board layout input and validation" (aedacc5c-d383-4f86-92e9-4a6227410ad...

● Claim Next Task (MCP: agentic-memory) · backlogId: "ddbc0904-d049-4aff-bd1e-7b7663062bae"
  └ Claimed task "Turn management and endturn command" (7e7ff066-9ad4-4f96-8fd6-b...



● Edit Ship.java +2
  └ src/edu/kit/kastel/az/Ship.java

● Edit Ship.java +2
  └ src/edu/kit/kastel/az/Ship.java

● [turn-persistence] [turn-persistence] turn_end SKIPPED ai: no assistant message with content

● Edit Ship.java +31
  └ src/edu/kit/kastel/az/Ship.java

● [turn-persistence] [turn-persistence] turn_end SKIPPED ai: no assistant message with content

● Edit Fleet.java +9
  └ src/edu/kit/kastel/az/Fleet.java

● [turn-persistence] [turn-persistence] turn_end SKIPPED ai: no assistant message with content



● Edit AlphaZeta.java +5
  └ src/edu/kit/kastel/az/AlphaZeta.java

● Edit AlphaZeta.java +9
  └ src/edu/kit/kastel/az/AlphaZeta.java

● [turn-persistence] [turn-persistence] turn_end SKIPPED ai: no assistant message with content

● Compile with endturn (shell)
  │ cd /Users/nghalinh2711/Development/student-repos/st22final02 && mvn compile -q 2>&1
  └ 1 line…

● [turn-persistence] [turn-persistence] turn_end SKIPPED ai: no assistant message with content

● Test endturn command (shell)
  │ cd /Users/nghalinh2711/Development/student-repos/st22final02 && printf
  │ "SWORD,SWORD\nSWORD,SWORD\nSWORD,SWORD\nSWORD,SWORD\nSWORD,SWORD\nSWORD,SWORD\nA1..W.D...C2..X..
  │ 2.1B.Y.Z\nendturn\nendturn\nendturn\nquit\n" | java -cp target/classes
  │ edu.kit.kastel.az.AlphaZeta 0 5 0 2>&1
  └ 22 lines…

● [turn-persistence] [turn-persistence] turn_end SKIPPED ai: no assistant message with content



● Update Scratchpad (MCP: agentic-memory) · findings: "Tasks 1-5 complete. Created: AlphaZeta, Modu…
  └ Scratchpad updated.

● Update Task (MCP: agentic-memory) · backlogId: "ddbc0904-d049-4aff-bd1e-7b7663062bae", state: "do…
  └ Task "Turn management and endturn command" (7e7ff066-9ad4-4f96-8fd6-b77f621dc...

● Claim Next Task (MCP: agentic-memory) · backlogId: "ddbc0904-d049-4aff-bd1e-7b7663062bae"
  └ Claimed task "help command" (db5c4e8d-b11d-46d3-b283-d7a8c2dda261) and marked...



● Edit AlphaZeta.java +5
  └ src/edu/kit/kastel/az/AlphaZeta.java

● Edit AlphaZeta.java +9
  └ src/edu/kit/kastel/az/AlphaZeta.java

● [turn-persistence] [turn-persistence] turn_end SKIPPED ai: no assistant message with content

● Edit AlphaZeta.java +4
  └ src/edu/kit/kastel/az/AlphaZeta.java

● [turn-persistence] [turn-persistence] turn_end SKIPPED ai: no assistant message with content

● Compile with help command (shell)
  │ cd /Users/nghalinh2711/Development/student-repos/st22final02 && mvn compile -q 2>&1
  └ 1 line…

● [turn-persistence] [turn-persistence] turn_end SKIPPED ai: no assistant message with content

● Test help command output (shell)
  │ cd /Users/nghalinh2711/Development/student-repos/st22final02 && printf "SWORD,SWORD\nSWORD,SWORD
  │ \nSWORD,SWORD\nSWORD,SWORD\nSWORD,SWORD\nSWORD,SWORD\nA1..W.D...C2..X..2.1B.Y.Z\nhelp\nquit\n" |
  │ java -cp target/classes edu.kit.kastel.az.AlphaZeta 0 5 0 2>&1 | tail -10
  └ 11 lines…

● [turn-persistence] [turn-persistence] turn_end SKIPPED ai: no assistant message with content



● Update Task (MCP: agentic-memory) · backlogId: "ddbc0904-d049-4aff-bd1e-7b7663062bae", state: "do…
  └ Task "help command" (db5c4e8d-b11d-46d3-b283-d7a8c2dda261) updated to state: ...

● Claim Next Task (MCP: agentic-memory) · backlogId: "ddbc0904-d049-4aff-bd1e-7b7663062bae"
  └ Claimed task "board command" (263ba0e7-34ef-4e8b-985e-3337794625b4) and marke...



● Edit Board.java +7 -1
  └ src/edu/kit/kastel/az/Board.java

● Edit AlphaZeta.java +5
  └ src/edu/kit/kastel/az/AlphaZeta.java

● [turn-persistence] [turn-persistence] turn_end SKIPPED ai: no assistant message with content

● Compile and test board command (shell)
  │ cd /Users/nghalinh2711/Development/student-repos/st22final02 && mvn compile -q 2>&1 && printf
  │ "SWORD,SWORD\nSWORD,SWORD\nSWORD,SWORD\nSWORD,SWORD\nSWORD,SWORD\nSWORD,SWORD\nA1..W.D...C2..X..
  │ 2.1B.Y.Z\nboard\nquit\n" | java -cp target/classes edu.kit.kastel.az.AlphaZeta 0 5 0 2>&1 | tail
  │ -8
  └ 9 lines…

● [turn-persistence] [turn-persistence] turn_end SKIPPED ai: no assistant message with content



● Update Task (MCP: agentic-memory) · backlogId: "ddbc0904-d049-4aff-bd1e-7b7663062bae", state: "do…
  └ Task "board command" (263ba0e7-34ef-4e8b-985e-3337794625b4) updated to state:...

● Claim Next Task (MCP: agentic-memory) · backlogId: "ddbc0904-d049-4aff-bd1e-7b7663062bae"
  └ Claimed task "fleet command" (06067e51-30e1-417b-b9fb-fa6f74852145) and marke...



● Edit Ship.java +19
  └ src/edu/kit/kastel/az/Ship.java

● Edit GameState.java +27
  └ src/edu/kit/kastel/az/GameState.java

● [turn-persistence] [turn-persistence] turn_end SKIPPED ai: no assistant message with content

● Edit AlphaZeta.java +5
  └ src/edu/kit/kastel/az/AlphaZeta.java

● [turn-persistence] [turn-persistence] turn_end SKIPPED ai: no assistant message with content

● Test fleet command with container count 2 (shell)
  │ cd /Users/nghalinh2711/Development/student-repos/st22final02 && mvn compile -q 2>&1 && printf
  │ "RAILGUN,SHIELD,SENSOR\nSWORD,SWORD\nSWORD,SWORD\nRAILGUN,SHIELD,SWORD\nSWORD,SWORD\nSWORD,SWORD
  │ \nA1..W.D...C2..X..2.1B.Y.Z\nfleet\nquit\n" | java -cp target/classes
  │ edu.kit.kastel.az.AlphaZeta 1 5 2 2>&1 | tail -12
  └ 13 lines…

● [turn-persistence] [turn-persistence] turn_end SKIPPED ai: no assistant message with content



● Claim Next Task (MCP: agentic-memory) · backlogId: "ddbc0904-d049-4aff-bd1e-7b7663062bae"
  └ Cannot claim the next task — unresolved tasks are blocking:

● Update Task (MCP: agentic-memory) · backlogId: "ddbc0904-d049-4aff-bd1e-7b7663062bae", state: "do…
  └ Task "fleet command" (06067e51-30e1-417b-b9fb-fa6f74852145) updated to state:...

● Get Tasks (MCP: agentic-memory) · backlogId: "ddbc0904-d049-4aff-bd1e-7b7663062bae", state: "in_p…
  └ No tasks found with state 'in_progress'.

● [turn-persistence] [turn-persistence] turn_end SKIPPED ai: no assistant message with content

● Claim Next Task (MCP: agentic-memory) · backlogId: "ddbc0904-d049-4aff-bd1e-7b7663062bae"
  └ Claimed task "actions command" (6f73d904-2936-4c38-a4dc-e6718e18f66f) and mar...

● [turn-persistence] [turn-persistence] turn_end SKIPPED ai: no assistant message with content



● Edit Module.java +22 -7
  └ src/edu/kit/kastel/az/Module.java



● Edit Ship.java +37 -8
  └ src/edu/kit/kastel/az/Ship.java



● Edit AlphaZeta.java +6
  └ src/edu/kit/kastel/az/AlphaZeta.java

● Edit AlphaZeta.java +24
  └ src/edu/kit/kastel/az/AlphaZeta.java

● [turn-persistence] [turn-persistence] turn_end SKIPPED ai: no assistant message with content

● Test actions command (shell)
  │ cd /Users/nghalinh2711/Development/student-repos/st22final02 && mvn compile -q 2>&1 && printf
  │ "RAILGUN,SHIELD,SENSOR\nSWORD,SWORD\nSWORD,SWORD\nRAILGUN,SHIELD,SWORD\nSWORD,SWORD\nSWORD,SWORD
  │ \nA1..W.D...C2..X..2.1B.Y.Z\nactions a\nactions b\nactions z\nendturn\nactions a\nactions
  │ b\nquit\n" | java -cp target/classes edu.kit.kastel.az.AlphaZeta 1 5 2 2>&1 | tail -20
  └ 21 lines…

● [turn-persistence] [turn-persistence] turn_end SKIPPED ai: no assistant message with content



● Update Task (MCP: agentic-memory) · backlogId: "ddbc0904-d049-4aff-bd1e-7b7663062bae", state: "do…
  └ Task "actions command" (6f73d904-2936-4c38-a4dc-e6718e18f66f) updated to stat...

● Claim Next Task (MCP: agentic-memory) · backlogId: "ddbc0904-d049-4aff-bd1e-7b7663062bae"
  └ Claimed task "Move action (Engine module)" (98a00bf2-47c1-423c-92f0-82e018848...



● Edit AlphaZeta.java +8
  └ src/edu/kit/kastel/az/AlphaZeta.java

● Edit AlphaZeta.java +81
  └ src/edu/kit/kastel/az/AlphaZeta.java

● [turn-persistence] [turn-persistence] turn_end SKIPPED ai: no assistant message with content

● Compile with move action (shell)
  │ cd /Users/nghalinh2711/Development/student-repos/st22final02 && mvn compile -q 2>&1
  └ 1 line…

● [turn-persistence] [turn-persistence] turn_end SKIPPED ai: no assistant message with content

● Test move action from example (shell)
  │ cd /Users/nghalinh2711/Development/student-repos/st22final02 && printf "SWORD,SWORD\nSWORD,SWORD
  │ \nSWORD,SWORD\nSWORD,SWORD\nSWORD,SWORD\nSWORD,SWORD\nA1..W.D...C2..X..2.1B.Y.Z\nd move 1
  │ 3\nboard\nquit\n" | java -cp target/classes edu.kit.kastel.az.AlphaZeta 0 5 0 2>&1 | tail -8
  └ 9 lines…

● [turn-persistence] [turn-persistence] turn_end SKIPPED ai: no assistant message with content



● Test move error cases (shell)
  │ cd /Users/nghalinh2711/Development/student-repos/st22final02 && printf "SWORD,SWORD\nSWORD,SWORD
  │ \nSWORD,SWORD\nSWORD,SWORD\nSWORD,SWORD\nSWORD,SWORD\nA1..W.D...C2..X..2.1B.Y.Z\nd move 5 5\nd
  │ move 2 2\nactions d\nd move 1 3\nd move 1 2\nquit\n" | java -cp target/classes
  │ edu.kit.kastel.az.AlphaZeta 0 5 0 2>&1 | grep -E "(Error|Available|Alpha)"
  └ 8 lines…



● Update Task (MCP: agentic-memory) · backlogId: "ddbc0904-d049-4aff-bd1e-7b7663062bae", state: "do…
  └ Task "Move action (Engine module)" (98a00bf2-47c1-423c-92f0-82e018848f31) upd...

● Claim Next Task (MCP: agentic-memory) · backlogId: "ddbc0904-d049-4aff-bd1e-7b7663062bae"
  └ Claimed task "Propel action (Propulsion module)" (ab003562-4cdf-41d7-936e-e95...



● Edit AlphaZeta.java +3
  └ src/edu/kit/kastel/az/AlphaZeta.java

● Edit AlphaZeta.java +55
  └ src/edu/kit/kastel/az/AlphaZeta.java

● [turn-persistence] [turn-persistence] turn_end SKIPPED ai: no assistant message with content

● Compile with propel (shell)
  │ cd /Users/nghalinh2711/Development/student-repos/st22final02 && mvn compile -q 2>&1
  └ 1 line…

● [turn-persistence] [turn-persistence] turn_end SKIPPED ai: no assistant message with content

● Update Task (MCP: agentic-memory) · backlogId: "ddbc0904-d049-4aff-bd1e-7b7663062bae", state: "do…
  └ Task "Propel action (Propulsion module)" (ab003562-4cdf-41d7-936e-e951d15904c...

● Claim Next Task (MCP: agentic-memory) · backlogId: "ddbc0904-d049-4aff-bd1e-7b7663062bae"
  └ Claimed task "Mark action (Sensor module)" (91d168d6-0a7e-42dc-90ab-9ba50ba34...

● [turn-persistence] [turn-persistence] turn_end SKIPPED ai: no assistant message with content

● Edit AlphaZeta.java +3
  └ src/edu/kit/kastel/az/AlphaZeta.java

● [turn-persistence] [turn-persistence] turn_end SKIPPED ai: no assistant message with content

● Edit AlphaZeta.java +42
  └ src/edu/kit/kastel/az/AlphaZeta.java

● [turn-persistence] [turn-persistence] turn_end SKIPPED ai: no assistant message with content

● Compile with mark action (shell)
  │ cd /Users/nghalinh2711/Development/student-repos/st22final02 && mvn compile -q 2>&1
  └ 1 line…

● [turn-persistence] [turn-persistence] turn_end SKIPPED ai: no assistant message with content

● Claim Next Task (MCP: agentic-memory) · backlogId: "ddbc0904-d049-4aff-bd1e-7b7663062bae"
  └ Cannot claim the next task — unresolved tasks are blocking:

● Update Task (MCP: agentic-memory) · backlogId: "ddbc0904-d049-4aff-bd1e-7b7663062bae", state: "do…
  └ Task "Mark action (Sensor module)" (91d168d6-0a7e-42dc-90ab-9ba50ba3468d) upd...

● [turn-persistence] [turn-persistence] turn_end SKIPPED ai: no assistant message with content

● Get Tasks (MCP: agentic-memory) · backlogId: "ddbc0904-d049-4aff-bd1e-7b7663062bae", state: "in_p…
  └ No tasks found with state 'in_progress'.

● [turn-persistence] [turn-persistence] turn_end SKIPPED ai: no assistant message with content

● Claim Next Task (MCP: agentic-memory) · backlogId: "ddbc0904-d049-4aff-bd1e-7b7663062bae"
  └ Claimed task "Combat foundation: dice roll, cover, shield, Roll/Bonus/missed ...

● [turn-persistence] [turn-persistence] turn_end SKIPPED ai: no assistant message with content



● Edit AlphaZeta.java +30
  └ src/edu/kit/kastel/az/AlphaZeta.java

● Compile combat foundation (shell)
  │ cd /Users/nghalinh2711/Development/student-repos/st22final02 && mvn compile -q 2>&1
  └ 1 line…

● [turn-persistence] [turn-persistence] turn_end SKIPPED ai: no assistant message with content

● Update Task (MCP: agentic-memory) · backlogId: "ddbc0904-d049-4aff-bd1e-7b7663062bae", state: "do…
  └ Task "Combat foundation: dice roll, cover, shield, Roll/Bonus/missed output" ...

● Claim Next Task (MCP: agentic-memory) · backlogId: "ddbc0904-d049-4aff-bd1e-7b7663062bae"
  └ Claimed task "Module destruction system" (efce899c-e439-4ba1-8eab-b30aa45d4f7...

● [turn-persistence] [turn-persistence] turn_end SKIPPED ai: no assistant message with content



● Edit AlphaZeta.java +109 -1
  └ src/edu/kit/kastel/az/AlphaZeta.java

● Compile with destruction system (shell)
  │ cd /Users/nghalinh2711/Development/student-repos/st22final02 && mvn compile -q 2>&1
  └ 22 lines…

● [turn-persistence] [turn-persistence] turn_end SKIPPED ai: no assistant message with content

● Edit AlphaZeta.java +1
  └ src/edu/kit/kastel/az/AlphaZeta.java

● [turn-persistence] [turn-persistence] turn_end SKIPPED ai: no assistant message with content

● Edit AlphaZeta.java +4 -1
  └ src/edu/kit/kastel/az/AlphaZeta.java

● [turn-persistence] [turn-persistence] turn_end SKIPPED ai: no assistant message with content

● Compile after fixes (shell)
  │ cd /Users/nghalinh2711/Development/student-repos/st22final02 && mvn compile -q 2>&1
  └ 1 line…

● [turn-persistence] [turn-persistence] turn_end SKIPPED ai: no assistant message with content

● Claim Next Task (MCP: agentic-memory) · backlogId: "ddbc0904-d049-4aff-bd1e-7b7663062bae"
  └ Cannot claim the next task — unresolved tasks are blocking:

● Update Task (MCP: agentic-memory) · backlogId: "ddbc0904-d049-4aff-bd1e-7b7663062bae", state: "do…
  └ Task "Module destruction system" (efce899c-e439-4ba1-8eab-b30aa45d4f7a) updat...

● [turn-persistence] [turn-persistence] turn_end SKIPPED ai: no assistant message with content

● Claim Next Task (MCP: agentic-memory) · backlogId: "ddbc0904-d049-4aff-bd1e-7b7663062bae"
  └ Claimed task "Strike action (Sword module)" (2fad090e-5208-45cd-8d74-0c53e357...

● [turn-persistence] [turn-persistence] turn_end SKIPPED ai: no assistant message with content

● Edit AlphaZeta.java +3
  └ src/edu/kit/kastel/az/AlphaZeta.java

● [turn-persistence] [turn-persistence] turn_end SKIPPED ai: no assistant message with content



● Edit AlphaZeta.java +1 -1
  └ src/edu/kit/kastel/az/AlphaZeta.java

● Edit AlphaZeta.java +1 -1
  └ src/edu/kit/kastel/az/AlphaZeta.java

● [turn-persistence] [turn-persistence] turn_end SKIPPED ai: no assistant message with content

● Edit AlphaZeta.java +66
  └ src/edu/kit/kastel/az/AlphaZeta.java

● [turn-persistence] [turn-persistence] turn_end SKIPPED ai: no assistant message with content

● Compile with strike (shell)
  │ cd /Users/nghalinh2711/Development/student-repos/st22final02 && mvn compile -q 2>&1
  └ 13 lines…

● [turn-persistence] [turn-persistence] turn_end SKIPPED ai: no assistant message with content

● Edit AlphaZeta.java +2 -1
  └ src/edu/kit/kastel/az/AlphaZeta.java

● [turn-persistence] [turn-persistence] turn_end SKIPPED ai: no assistant message with content

● Compile after IOException fix (shell)
  │ cd /Users/nghalinh2711/Development/student-repos/st22final02 && mvn compile -q 2>&1
  └ 1 line…

● [turn-persistence] [turn-persistence] turn_end SKIPPED ai: no assistant message with content

● Update Task (MCP: agentic-memory) · backlogId: "ddbc0904-d049-4aff-bd1e-7b7663062bae", state: "do…
  └ Task "Strike action (Sword module)" (2fad090e-5208-45cd-8d74-0c53e357886e) up...

● Claim Next Task (MCP: agentic-memory) · backlogId: "ddbc0904-d049-4aff-bd1e-7b7663062bae"
  └ Claimed task "Longshot action (Rail Gun module)" (0e0022dd-929b-4e5e-8bbe-3d2...

● [turn-persistence] [turn-persistence] turn_end SKIPPED ai: no assistant message with content

● Edit AlphaZeta.java +3
  └ src/edu/kit/kastel/az/AlphaZeta.java

● [turn-persistence] [turn-persistence] turn_end SKIPPED ai: no assistant message with content

● Edit AlphaZeta.java +71
  └ src/edu/kit/kastel/az/AlphaZeta.java

● [turn-persistence] [turn-persistence] turn_end SKIPPED ai: no assistant message with content

● Compile with longshot (shell)
  │ cd /Users/nghalinh2711/Development/student-repos/st22final02 && mvn compile -q 2>&1
  └ 1 line…

● [turn-persistence] [turn-persistence] turn_end SKIPPED ai: no assistant message with content

● Claim Next Task (MCP: agentic-memory) · backlogId: "ddbc0904-d049-4aff-bd1e-7b7663062bae"
  └ Cannot claim the next task — unresolved tasks are blocking:

● Update Task (MCP: agentic-memory) · backlogId: "ddbc0904-d049-4aff-bd1e-7b7663062bae", state: "do…
  └ Task "Longshot action (Rail Gun module)" (0e0022dd-929b-4e5e-8bbe-3d22bea1345...

● [turn-persistence] [turn-persistence] turn_end SKIPPED ai: no assistant message with content

● Claim Next Task (MCP: agentic-memory) · backlogId: "ddbc0904-d049-4aff-bd1e-7b7663062bae"
  └ Claimed task "Ramm action (Engine module)" (8466a150-eb19-4b61-bf6e-975168f10...

● [turn-persistence] [turn-persistence] turn_end SKIPPED ai: no assistant message with content

● Edit AlphaZeta.java +3
  └ src/edu/kit/kastel/az/AlphaZeta.java

● [turn-persistence] [turn-persistence] turn_end SKIPPED ai: no assistant message with content

● Edit AlphaZeta.java +75
  └ src/edu/kit/kastel/az/AlphaZeta.java

● [turn-persistence] [turn-persistence] turn_end SKIPPED ai: no assistant message with content

● Compile with ramm (shell)
  │ cd /Users/nghalinh2711/Development/student-repos/st22final02 && mvn compile -q 2>&1
  └ 1 line…

● [turn-persistence] [turn-persistence] turn_end SKIPPED ai: no assistant message with content

● Update Task (MCP: agentic-memory) · backlogId: "ddbc0904-d049-4aff-bd1e-7b7663062bae", state: "do…
  └ Task "Ramm action (Engine module)" (8466a150-eb19-4b61-bf6e-975168f1043b) upd...

● Claim Next Task (MCP: agentic-memory) · backlogId: "ddbc0904-d049-4aff-bd1e-7b7663062bae"
  └ Claimed task "Win detection and game end" (ccdc1929-3161-4d9e-ba6a-0ff3bc00dd...

● [turn-persistence] [turn-persistence] turn_end SKIPPED ai: no assistant message with content

● Edit AlphaZeta.java +21
  └ src/edu/kit/kastel/az/AlphaZeta.java

● [turn-persistence] [turn-persistence] turn_end SKIPPED ai: no assistant message with content



● Edit AlphaZeta.java +4 -1
  └ src/edu/kit/kastel/az/AlphaZeta.java

✗ Edit AlphaZeta.java
  │ src/edu/kit/kastel/az/AlphaZeta.java
  └ No match found

● [turn-persistence] [turn-persistence] turn_end SKIPPED ai: no assistant message with content

● Read AlphaZeta.java
  │ src/edu/kit/kastel/az/AlphaZeta.java
  └ L518:560 (43 lines read)

● [turn-persistence] [turn-persistence] turn_end SKIPPED ai: no assistant message with content

● Edit AlphaZeta.java +8 -8
  └ src/edu/kit/kastel/az/AlphaZeta.java

● [turn-persistence] [turn-persistence] turn_end SKIPPED ai: no assistant message with content

● Read AlphaZeta.java
  │ src/edu/kit/kastel/az/AlphaZeta.java
  └ L505:525 (21 lines read)

● [turn-persistence] [turn-persistence] turn_end SKIPPED ai: no assistant message with content

● Edit AlphaZeta.java +3 -3
  └ src/edu/kit/kastel/az/AlphaZeta.java

● [turn-persistence] [turn-persistence] turn_end SKIPPED ai: no assistant message with content

● Compile with win detection (shell)
  │ cd /Users/nghalinh2711/Development/student-repos/st22final02 && mvn compile -q 2>&1
  └ 1 line…

● [turn-persistence] [turn-persistence] turn_end SKIPPED ai: no assistant message with content

● Test full game flow with combat (shell)
  │ cd /Users/nghalinh2711/Development/student-repos/st22final02 && printf "SWORD,SWORD\nSWORD,SWORD
  │ \nSWORD,SWORD\nSWORD,SWORD\nSWORD,SWORD\nSWORD,SWORD\nA1..W.D...C2..X..2.1B.Y.Z\nd move 1 3\nd
  │ ramm w\nendturn\nw strike d\nquit\n" | java -cp target/classes edu.kit.kastel.az.AlphaZeta 0 5 0
  │ 2>&1 | tail -15
  └ 16 lines…

● [turn-persistence] [turn-persistence] turn_end SKIPPED ai: no assistant message with content



● Update Task (MCP: agentic-memory) · backlogId: "ddbc0904-d049-4aff-bd1e-7b7663062bae", state: "do…
  └ Task "Win detection and game end" (ccdc1929-3161-4d9e-ba6a-0ff3bc00ddce) upda...

● Claim Next Task (MCP: agentic-memory) · backlogId: "ddbc0904-d049-4aff-bd1e-7b7663062bae"
  └ No claimable to_do task remains in this backlog.



● Get Tasks (MCP: agentic-memory) · backlogId: "ddbc0904-d049-4aff-bd1e-7b7663062bae"
  └ Output too large to read at once (33.9 KB). Saved to: /var/folders/fs/p8fxyq6...

● Check all task states (shell)
  │ cat
  │ /var/folders/fs/p8fxyq611_d7_glm0yth2st80000gn/T/1784814040558-copilot-tool-output-xg70ra.txt |
  │ grep -E "^\[" | head -30
  └ 3 lines…

● [turn-persistence] [turn-persistence] turn_end SKIPPED ai: no assistant message with content

● Count task states (shell)
  │ grep -oP '^\d+\.\s+\[(\w+)\]'
  │ /var/folders/fs/p8fxyq611_d7_glm0yth2st80000gn/T/1784814040558-copilot-tool-output-xg70ra.txt |
  │ sort | uniq -c
  └ 6 lines…

● [turn-persistence] [turn-persistence] turn_end SKIPPED ai: no assistant message with content

● Count task states from backlog (shell)
  │ grep -E '\[(done|to_do|in_progress|blocked)\]'
  │ /var/folders/fs/p8fxyq611_d7_glm0yth2st80000gn/T/1784814040558-copilot-tool-output-xg70ra.txt
  │ | wc -l && echo "---" && grep -c '\[done\]'
  │ /var/folders/fs/p8fxyq611_d7_glm0yth2st80000gn/T/1784814040558-copilot-tool-output-xg70ra.txt
  │ && echo "done" && grep -c '\[to_do\]' …
  └ 12 lines…

● [turn-persistence] [turn-persistence] turn_end SKIPPED ai: no assistant message with content



● Test comprehensive game flow (shell)
  │ cd /Users/nghalinh2711/Development/student-repos/st22final02 && printf
  │ "RAILGUN,SHIELD,SENSOR\nSWORD,SWORD\nSWORD,SWORD\nRAILGUN,SHIELD,SWORD\nSWORD,SWORD\nSWORD,SWORD
  │ \nA1..W.D...C2..X..2.1B.Y.Z\nhelp\nfleet\nboard\nactions a\nactions b\nendturn\nactions
  │ w\nboard\nquit\n" | java -cp target/classes edu.kit.kastel.az.AlphaZeta 1 5 2 2>&1 | grep -v
  │ "Choose upto\|PROPULSION,"
  └ 39 lines…



✗ Create README.md
  └ Path already exists

● Read README.md
  └ 3 lines read

● [turn-persistence] [turn-persistence] turn_end SKIPPED ai: no assistant message with content

● Write the full README (shell)
  │ cat > /Users/nghalinh2711/Development/student-repos/st22final02/README.md << 'EOF'
  │ # AlphaZeta (AZ)
  │
  │ A turn-based strategy board game set in the year 2985, where two AI corporations battle for
  │ asteroid resources.…
  └ 69 lines…

● [turn-persistence] [turn-persistence] turn_end SKIPPED ai: no assistant message with content

● Final build verification (shell)
  │ cd /Users/nghalinh2711/Development/student-repos/st22final02 && mvn compile -q 2>&1 && echo
  │ "BUILD SUCCESS"
  └ 2 lines…

● [turn-persistence] [turn-persistence] turn_end SKIPPED ai: no assistant message with content

● Update Scratchpad (MCP: agentic-memory) · findings: "Backlog fully implemented. All 18 tasks mark…
  └ Scratchpad updated.

● [turn-persistence] [turn-persistence] turn_end SKIPPED ai: no assistant message with content





Changes    +2232 -73
Duration   17m 58s
Tokens     ↑ 13.4m (13.3m cached) • ↓ 68.7k (15.8k reasoning)
[delivery] Coding agent exited with code 0
[delivery] Killed leftover process PID 66196 on port 3001
[delivery] Backlog verification passed.
[delivery] Phase E: Feedback

[delivery] Feedback agent — interactive session.
[delivery] Provide feedback to the agent. Exit the session (Ctrl+C or /exit) when done.


===== st22final02 started at 2026-07-23T14:38:07Z =====
PROGRAMMING_DIR=/Users/nghalinh2711/Development/student-repos/st22final02
DELIVERY_AGENT_CONTEXT_PROJECT=ProgrammingST22-Final2
DELIVERY_AGENT_CONTEXT_DOMAIN=st22final02
COMMAND=pnpm delivery:run --exercise 

$ tsx delivery/run.ts --exercise
[delivery:knowledgebase] Ensuring guidelines.md is ingested for domain st22final02 before exercise requirements
[delivery:knowledgebase] Deleting prior knowledgebase job 2fe9c84d-3a50-462b-9206-9c3e8466455f for domain st22final02
[delivery:knowledgebase] Uploading guidelines.md to Vercel Blob for domain st22final02
[delivery:knowledgebase] Registered guidelines upload job db152b3b-db61-4025-b62c-b16d0a8657db; waiting for ingestion
[delivery:knowledgebase] Guidelines ingestion job db152b3b-db61-4025-b62c-b16d0a8657db: processing
[delivery:knowledgebase] Guidelines ingestion job db152b3b-db61-4025-b62c-b16d0a8657db: processing
[delivery:knowledgebase] Guidelines ingestion job db152b3b-db61-4025-b62c-b16d0a8657db: processing
[delivery:knowledgebase] Guidelines ingestion job db152b3b-db61-4025-b62c-b16d0a8657db: processing
[delivery:knowledgebase] Guidelines ingestion job db152b3b-db61-4025-b62c-b16d0a8657db: processing
[delivery:knowledgebase] Guidelines ingestion job db152b3b-db61-4025-b62c-b16d0a8657db: processing
[delivery:knowledgebase] Guidelines ingestion job db152b3b-db61-4025-b62c-b16d0a8657db: processing
[delivery:knowledgebase] Guidelines ingestion job db152b3b-db61-4025-b62c-b16d0a8657db: processing
[delivery:knowledgebase] Guidelines ingestion job db152b3b-db61-4025-b62c-b16d0a8657db: processing
[delivery:knowledgebase] Guidelines ingestion job db152b3b-db61-4025-b62c-b16d0a8657db: processing
[delivery:knowledgebase] Guidelines ingestion job db152b3b-db61-4025-b62c-b16d0a8657db: processing
[delivery:knowledgebase] Guidelines ingestion job db152b3b-db61-4025-b62c-b16d0a8657db: processing
[delivery:knowledgebase] Guidelines ingestion job db152b3b-db61-4025-b62c-b16d0a8657db: processing
[delivery:knowledgebase] Guidelines ingestion job db152b3b-db61-4025-b62c-b16d0a8657db: processing
[delivery:knowledgebase] Guidelines ingestion job db152b3b-db61-4025-b62c-b16d0a8657db: processing
[delivery:knowledgebase] Guidelines ingestion job db152b3b-db61-4025-b62c-b16d0a8657db: processing
[delivery:knowledgebase] Guidelines ingestion job db152b3b-db61-4025-b62c-b16d0a8657db: processing
[delivery:knowledgebase] Guidelines ingestion job db152b3b-db61-4025-b62c-b16d0a8657db: processing
[delivery:knowledgebase] Guidelines ingestion job db152b3b-db61-4025-b62c-b16d0a8657db: processing
[delivery:knowledgebase] Guidelines ingestion job db152b3b-db61-4025-b62c-b16d0a8657db: processing
[delivery:knowledgebase] Guidelines ingestion job db152b3b-db61-4025-b62c-b16d0a8657db: processing
[delivery:knowledgebase] Guidelines ingestion job db152b3b-db61-4025-b62c-b16d0a8657db: processing
[delivery:knowledgebase] Guidelines ingestion job db152b3b-db61-4025-b62c-b16d0a8657db: processing
[delivery:knowledgebase] Guidelines ingestion job db152b3b-db61-4025-b62c-b16d0a8657db: processing
[delivery:knowledgebase] Guidelines ingestion job db152b3b-db61-4025-b62c-b16d0a8657db: processing
[delivery:knowledgebase] Guidelines ingestion job db152b3b-db61-4025-b62c-b16d0a8657db: processing
[delivery:knowledgebase] Guidelines ingestion job db152b3b-db61-4025-b62c-b16d0a8657db: processing
[delivery:knowledgebase] Guidelines ingestion job db152b3b-db61-4025-b62c-b16d0a8657db: processing
[delivery:knowledgebase] Guidelines ingestion job db152b3b-db61-4025-b62c-b16d0a8657db: processing
[delivery:knowledgebase] Guidelines ingestion job db152b3b-db61-4025-b62c-b16d0a8657db: processing
[delivery:knowledgebase] Guidelines ingestion job db152b3b-db61-4025-b62c-b16d0a8657db: processing
[delivery:knowledgebase] Guidelines ingestion job db152b3b-db61-4025-b62c-b16d0a8657db: processing
[delivery:knowledgebase] Guidelines ingestion job db152b3b-db61-4025-b62c-b16d0a8657db: processing
[delivery:knowledgebase] Guidelines ingestion job db152b3b-db61-4025-b62c-b16d0a8657db: processing
[delivery:knowledgebase] Guidelines ingestion job db152b3b-db61-4025-b62c-b16d0a8657db: processing
[delivery:knowledgebase] Guidelines ingestion job db152b3b-db61-4025-b62c-b16d0a8657db: processing
[delivery:knowledgebase] Guidelines ingestion job db152b3b-db61-4025-b62c-b16d0a8657db: processing
[delivery:knowledgebase] Guidelines ingestion job db152b3b-db61-4025-b62c-b16d0a8657db: succeeded
[delivery:knowledgebase] Guidelines ingestion succeeded for domain st22final02 (job db152b3b-db61-4025-b62c-b16d0a8657db)

[delivery] Run ID: 20260723-163807
[delivery] Assignment: /Users/nghalinh2711/Development/student-repos/st22final02
[delivery] Assignment ID: st22final02
[delivery] Coding session: 20260723-163807-coding
[delivery] Requirements session: 20260723-163807-req
[delivery] Requirements log: /Users/nghalinh2711/Development/eval/programming/20260723-163807/requirements-output.log

[delivery] Phase A: Requirements

[delivery:requirements] Exercise stream: 11 turns for st22final02 (starting at turn 1)
[delivery:requirements] Output log: /Users/nghalinh2711/Development/eval/programming/20260723-163807/requirements-output.log
[delivery:requirements] Turn 1/11: Introduction
● [adaptive-context] GET http://localhost:4444/api/agents/7af7809a-adce-4fa9-9609-fd61059de0ff/sessi
  ons/20260723-163807-req/context?input=Ich+arbeite+an+einer+Abschluss-Programmieraufgabe.+Ich+werde
  +dir+die+Aufgabe+im+Folgenden+abschnittsweise+%C3%BCbermitteln.+Lies+sie+dir+durch+und+verschaffe+
  dir+zun%C3%A4chst+einen+%C3%9Cberblick+%C3%BCber+den+Kontext%2C+bevor+der+Backlog-+und+Task-Erstel
  lung.+Achte+dabei+unbedingt+auf+die+vorgegebenen+Regeln+und+Richtlinien.&project=ProgrammingST22-F
  inal2&role=requirements&task=Understand+the+st22final02+and+create+its+backlog+when+prompted.&time
  stamp=2026-07-23T14%3A41%3A17.839Z&domain=st22final02

● Injected adaptive memory context into system prompt

● <adaptive_rules>
  - These implementation guidelines are mandatory for Abschlussaufgabe 2 "AlphaZeta" and must be
  followed exactly.
  - All submitted code must compile without errors.
  - Program code must be written in English.
  - Program outputs must exactly match the specification including case, spaces, and newlines for
  automated tests.
  - JavaDoc @author tag must contain only the student's u-Kürzel.
  - After printing an error message the program must continue and wait for the next input.
  - Error messages should clearly indicate why an input was rejected.
  - Every error message must begin with 'Error,' and must not contain special characters such as
  newlines or umlauts.
  - The mandatory tests must be passed before other tests are evaluated.
  - The user interface must be case-insensitive with respect to user input.
  - Comments should be uniformly written either in English or German.
  - Always destroy all additional modules first (for Sammler: Container modules), then destroy the
  Engine.
  - Otherwise, the dialog system asks the decider to select N of the ship's modules; the choice text
   is: `<Decider> must select <N> of <Ship>s module(s) (separated by comma):` and the module list is
   alphabetically ordered.
  - Calls to System.exit(), Runtime.exit() or similar must not be used.
  - Do not reassign the standard streams System.in or System.out.
  - Otherwise a successful action leads to no output unless another rule specifies output.
  </adaptive_rules>

  <knowledge>
    - Choose appropriate visibilities for classes, methods and attributes and follow naming and
  whitespace rules.
    - Use System.out for output by default unless the assignment states otherwise.
    - Use System.in for input by default unless the assignment states otherwise.
    - Follow Checkstyle rules; some Checkstyle violations cause automatic zero points while others
  may cause point deductions.
    - Submission will automatically receive zero points if any of the following mandatory rules are
  violated.
    - Submit your *.java files online for task A in single-person work with the correct folder
  structure.
    - Programm muss jederzeit durch Eingabe des Befehls `quit` beendet werden können.
    - Fehlerhafte Modulkonfigurationen sind frühstmöglich zu erkennen; bei Erkennung wird eine
  aussagekräftige Fehlermeldung ausgegeben und die Abfrage für das Schiff wiederholt.
  </knowledge>
  <entity_paths>
    - Implementierung USES Random(long seed): Die Implementierung darf nur den Konstruktor
  Random(long seed) verwenden, um einen neuen Zufallszahlengenerator zu instantiieren.
    - Implementierung USES Einzige Random-Instanz: Bei der Implementierung darf nur eine einzige
  feste Instanz des Zufallszahlengenerators verwendet werden.
    - Implementierung USES Random.nextInt(int bound): Es darf ausschließlich die Methode nextInt(int
   bound) auf dieser Random-Instanz verwendet werden, um die nächste Zahl zu erhalten.; Die Methode
  nextInt darf nur dann verwendet werden, wenn tatsächlich ein Würfelwurf durchgeführt werden muss.
    - Implementierung RELATES_TO System.exit(): Zur Implementierung von `quit` dürfen
  `System.exit()` oder andere ausgeschlossene Funktionen nicht verwendet werden.
    - Implementierungsrichtlinien — Abschlussaufgabe 2 (SS 2022) RELATES_TO Abschlussaufgabe 2
  "AlphaZeta": These implementation guidelines are mandatory for Abschlussaufgabe 2 "AlphaZeta" and
  must be followed exactly.
  </entity_paths>
  <entity_matches>
    - Implementierung (score: 0.78) — Programmcode der Aufgabe
    - Abschlussaufgabe 2 "AlphaZeta" (score: 0.74) — The assignment these guidelines apply to.
    - Implementierungsrichtlinien — Abschlussaufgabe 2 (SS 2022) (score: 0.74) — Mandatory
  implementation guidelines for the AlphaZeta assignment.
    - Zeilenweise Kodierung (score: 0.73) — Reihenfolge: links→rechts, oben→unten; erwartete Länge
  l*l
    - Fehlerbehandlung (score: 0.73) — Ausgabe einer Fehlermeldung und erneute Eingabeaufforderung
  </entity_matches>

● adaptive-memory extension active (role=requirements, memorySession=20260723-163807-req) - type
  /memory-help. MCP tools registered (memory=true, backlog=true).







Changes    +0 -0
Duration   9s
Tokens     ↑ 20.4k (1.3k cached) • ↓ 245 (78 reasoning)
[delivery:requirements] Turn 1/11 complete
[delivery:requirements] Turn 2/11: task.md — segment 1/9 — Abschlussaufgabe 2 — AlphaZeta (AZ)
● [adaptive-context] GET http://localhost:4444/api/agents/7af7809a-adce-4fa9-9609-fd61059de0ff/sessi
  ons/20260723-163807-req/context?input=Dokument%3A+task.md%0ASegment%3A+1%2F9%0AAbschnitt%3A+Abschl
  ussaufgabe+2+%E2%80%94+AlphaZeta+%28AZ%29%0A%0ALies+diesen+Abschnitt+sorgf%C3%A4ltig+und+behalte+d
  en+Kontext.+Erstelle+noch+keinen+Backlog+und+noch+keine+Tasks.+Warte+damit+bis+zum+abschlie%C3%9Fe
  nden+%2Ffinalize.%0A%0A%23+Abschlussaufgabe+2+%E2%80%94+AlphaZeta+%28AZ%29%0A%0A**Vorlesung%3A**+P
  rogrammieren%0A**Semester%3A**+Sommersemester+2022%0A**Dozent%3A**+Prof.+Dr.-Ing.+Anne+Koziolek%0A
  **Gruppe%3A**+Institute+of+Information+Security+and+Dependability%0A**Punkte%3A**+20+Punkte%0A**Ve
  rsion%3A**+1.4%0A%0A*AlphaZeta*+%28*AZ*%29+spielt+in+der+fernen+Zukunft+des+Jahres+2985%2C+in+der+
  die+zwei+gr%C3%B6%C3%9Ften+Unternehmen+der+Erde+zwei+k%C3%BCnstliche+Intelligenzen+%28KIs%29+%E2%8
  0%94+*A*+und+*Z*+%E2%80%94+erschaffen+haben.%0ADie+Aufgabe+dieser+KIs+ist+es%2C+Ressourcen+aus+dem
  +Asteroideng%C3%BCrtel+unseres+Sonnensystems+zu+gewinnen%2C+w%C3%A4hrend+sich+die+KIs+gegenseitig+
  bek%C3%A4mpfen.%0A%0AIm+Folgenden+wird+zun%C3%A4chst+das+Spiel+als+solches+erkl%C3%A4rt.%0AAnschli
  e%C3%9Fend+wird+die+zu+programmierende+Benutzerschnittstelle+erl%C3%A4utert.&project=ProgrammingST
  22-Final2&role=requirements&task=Understand+the+st22final02+and+create+its+backlog+when+prompted.&
  timestamp=2026-07-23T14%3A41%3A29.870Z&domain=st22final02

● Injected adaptive memory context into system prompt

● <adaptive_rules>
  - These implementation guidelines are mandatory for Abschlussaufgabe 2 "AlphaZeta" and must be
  followed exactly.
  - Action 'propel' is only available if the ship has a Propulsion module.
  - JavaDoc @author tag must contain only the student's u-Kürzel.
  - Program code must be written in English.
  - All submitted code must compile without errors.
  - Program outputs must exactly match the specification including case, spaces, and newlines for
  automated tests.
  - Otherwise, the dialog system asks the decider to select N of the ship's modules; the choice text
   is: `<Decider> must select <N> of <Ship>s module(s) (separated by comma):` and the module list is
   alphabetically ordered.
  - Comments should be uniformly written either in English or German.
  - Always destroy all additional modules first (for Sammler: Container modules), then destroy the
  Engine.
  - After printing an error message the program must continue and wait for the next input.
  - Otherwise a successful action leads to no output unless another rule specifies output.
  - During 'move', the target tile must not be covered by cover or occupied by another ship.
  - Calls to System.exit(), Runtime.exit() or similar must not be used.
  - Do not reassign the standard streams System.in or System.out.
  - The mandatory tests must be passed before other tests are evaluated.
  - The user interface must be case-insensitive with respect to user input.
  - Error messages should clearly indicate why an input was rejected.
  - Every error message must begin with 'Error,' and must not contain special characters such as
  newlines or umlauts.
  </adaptive_rules>

  <knowledge>
    - Choose appropriate visibilities for classes, methods and attributes and follow naming and
  whitespace rules.
    - Use System.in for input by default unless the assignment states otherwise.
    - Use System.out for output by default unless the assignment states otherwise.
    - Follow Checkstyle rules; some Checkstyle violations cause automatic zero points while others
  may cause point deductions.
    - Submission will automatically receive zero points if any of the following mandatory rules are
  violated.
    - Das Spielfeld wird durch eine Zeichenfolge konfiguriert: '.' freies Feld, '1' halbe Deckung,
  '2' volle Deckung, und Buchstaben für Raumschiffe (A,B,C,D,Z,W,X,Y).
    - Das Spiel wird mit genau drei Kommandozeilenparametern gestartet.
    - Submit your *.java files online for task A in single-person work with the correct folder
  structure.
    - Bereits korrekt konfigurierte vorherige Schiffe werden nach einem Fehler nicht erneut erfragt.
    - Programm muss jederzeit durch Eingabe des Befehls `quit` beendet werden können.
    - Zur Implementierung von `quit` dürfen `System.exit()` oder andere ausgeschlossene Funktionen
  nicht verwendet werden.
    - Alpha hat die Schiffe A,B,C,D; Zeta hat die Schiffe Z,W,X,Y.
    - Actions that target another ship use the syntax `<AKTEUR> <AKTION> <ZIEL>`, while
  movement-type actions `move` and `propel` use the syntax `<AKTEUR> <AKTION> <X> <Y>`.
    - Pro Raumschiff maximal 1 Shield-Modul.
    - Pro Raumschiff maximal 1 Propulsion-Modul.
    - Anzahl der Waffen-Module pro Raumschiff darf höchstens 2 betragen.
    - 2. Parameter — Seitenlänge: Seitenlänge des Spielfeldes, mindestens 5 und ungerade.
    - Bei ungültiger Spielfeld-Eingabe wird eine Fehlermeldung ausgegeben und auf erneute Eingabe
  gewartet; die einleitende Aufforderung wird nicht wiederholt.
    - Only the information specified in the assignment may be printed; no additional output is
  allowed.
    - Viele Tests verwenden `quit` am Ende einer Testsequenz; `quit` muss in jeder Situation
  funktionieren.
  </knowledge>
  <entity_paths>
    - Implementierungsrichtlinien — Abschlussaufgabe 2 (SS 2022) RELATES_TO Abschlussaufgabe 2
  "AlphaZeta": These implementation guidelines are mandatory for Abschlussaufgabe 2 "AlphaZeta" and
  must be followed exactly.
    - Alpha RELATES_TO A,B,C,D: Alpha hat die Schiffe A,B,C,D; Zeta hat die Schiffe Z,W,X,Y.
    - Programm RELATES_TO quit: Programm muss jederzeit durch Eingabe des Befehls `quit` beendet
  werden können.
    - Implementierung USES Random(long seed): Die Implementierung darf nur den Konstruktor
  Random(long seed) verwenden, um einen neuen Zufallszahlengenerator zu instantiieren.
    - Implementierung USES Einzige Random-Instanz: Bei der Implementierung darf nur eine einzige
  feste Instanz des Zufallszahlengenerators verwendet werden.
    - Implementierung USES Random.nextInt(int bound): Es darf ausschließlich die Methode nextInt(int
   bound) auf dieser Random-Instanz verwendet werden, um die nächste Zahl zu erhalten.; Die Methode
  nextInt darf nur dann verwendet werden, wenn tatsächlich ein Würfelwurf durchgeführt werden muss.
    - Implementierung RELATES_TO System.exit(): Zur Implementierung von `quit` dürfen
  `System.exit()` oder andere ausgeschlossene Funktionen nicht verwendet werden.
  </entity_paths>
  <entity_matches>
    - Abschlussaufgabe 2 "AlphaZeta" (score: 0.83) — The assignment these guidelines apply to.
    - Implementierungsrichtlinien — Abschlussaufgabe 2 (SS 2022) (score: 0.81) — Mandatory
  implementation guidelines for the AlphaZeta assignment.
    - Alpha (score: 0.76) — Eine Seite/Partei im Spiel
    - Programm (score: 0.74) — Das ausführbare Spielprogramm
    - Implementierung (score: 0.73) — Programmcode der Aufgabe
  </entity_matches>

● adaptive-memory extension active (role=requirements, memorySession=20260723-163807-req) - type
  /memory-help. MCP tools registered (memory=true, backlog=true).







Changes    +0 -0
Duration   25s
Tokens     ↑ 21.3k (1.3k cached) • ↓ 288 (162 reasoning)
[delivery:requirements] Turn 2/11 complete
[delivery:requirements] Turn 3/11: task.md — segment 2/9 — Abschlussaufgabe 2 — AlphaZeta (AZ) > 1 Das Spiel
● [adaptive-context] GET http://localhost:4444/api/agents/7af7809a-adce-4fa9-9609-fd61059de0ff/sessi
  ons/20260723-163807-req/context?input=Dokument%3A+task.md%0ASegment%3A+2%2F9%0AAbschnitt%3A+Abschl
  ussaufgabe+2+%E2%80%94+AlphaZeta+%28AZ%29+%3E+1+Das+Spiel%0A%0ALies+diesen+Abschnitt+sorgf%C3%A4lt
  ig+und+behalte+den+Kontext.+Erstelle+noch+keinen+Backlog+und+noch+keine+Tasks.+Warte+damit+bis+zum
  +abschlie%C3%9Fenden+%2Ffinalize.%0A%0A%23%23+1+Das+Spiel%0A%0A*AlphaZeta*+%28*AZ*%29+ist+ein+rund
  en-basiertes+Strategie-+und+Brettspiel+f%C3%BCr+zwei+Personen%2C+welches+auf+einem+quadratischen+S
  pielfeld+gespielt+wird.%0ADas+Spielfeld+besteht+aus+*Kacheln*+%28engl.+*tile*%29.%0AZu+jeder+Zeit+
  kann+sich+auf+einer+der+Kacheln+immer+maximal+ein+Raumschiff+oder+eine+*Deckung*+befinden.%0AJede+
  Person+%C3%BCbernimmt+in+dem+Spiel+die+Rolle+je+einer+der+KIs+der+Unternehmen.%0AJede+der+KIs+*A*+
  und+*Z*+besitzt+genau+eine+*Flotte*%2C+die+aus+genau+vier+*Raumschiffen*+besteht%3A%0AJede+KI+besi
  tzt+zu+Spielbeginn+genau+einen+*Sammler*+%28engl.+*Collector*%29+und+drei+*Angriffsschiffe*.%0AEin
  +Raumschiff+kann+immer+maximal+vier+*Module*+besitzen.%0AModule+definieren%2C+welche+Aktionen+ein+
  Raumschiff+innerhalb+eines+Zuges+ausf%C3%BChren+kann+%28vgl.+Tabelle+der+Module%29.%0APro+Zug+kann
  +die+Aktion+eines+Moduls+nur+einmal+eingesetzt+werden.%0AInnerhalb+eines+Zuges+d%C3%BCrfen+mehrere
  +verschiedene+Aktionen+ausgef%C3%BChrt+werden.%0AHierbei+ist+noch+zu+beachten%2C+dass+falls+ein+Sc
  hiff+mehrere+Module+der+gleichen+Art+hat%2C+die+Aktion+entsprechend+der+Anzahl+der+Module+mehrmals
  +ausgef%C3%BChrt+werden+kann+%28je+Modul+einmal%29.%0ABeachten+Sie+hier%2C+dass+die+Aktion+*ramm*+
  f%C3%BCr+ein+Schiff+pro+Zug+auch+nur+einmal+eingesetzt+werden+darf.%0A%0A%23%23%23+1.1+Spielfeld%0
  A%0AEine+beispielhafte+Darstellung+des+Spielfeldes+der+Seitenl%C3%A4nge+*l*%3D5+%28X-Achse+zeigt+n
  ach+rechts%2C+Y-Achse+zeigt+nach+unten%29%3A%0A%0A%60%60%60%0A+++X+%E2%86%92%0AY++A++B++.++.++.%0A
  %E2%86%93++C++D++1++1++.%0A+++1++.++2++1++.%0A+++.++2++W++.++X%0A+++.++.++1++Y++Z%0A%60%60%60%0A%0
  ADie+Buchstaben+sind+die+Raumschiffe+der+KIs%2C+die+Zahlen+die+Deckung.%0A%0AKoordinaten+von+Kache
  ln+beschreiben+sich+immer+durch+eine+Position+%28x%2C+y%29.%0ADie+Kachel+im+Nord-Westen+des+Spielf
  eldes+hat+die+Koordinate+%280%2C+0%29+und+befindet+sich+in+der+oberen+linken+Ecke.%0ADie+Kachel+im
  +S%C3%BCd-Osten+des+Spielfeldes+hat+als+Koordinate+%28l-1%2C+l-1%29+%3D+%284%2C+4%29+und+befindet+
  sich+in+der+unteren+rechten+Ecke.%0A%0ADamit+das+Spiel+fair+bleibt%2C+muss+bei+der+Definition+des+
  Spielfelds+am+Anfang+folgendes+beachtet+werden%3A%0A%0A-+Das+Spielfeld+ist+achsensymmetrisch+bez%C
  3%BCglich+der+S%C3%BCdwest-Nordost-Achse.+Dies+gilt+nur+f%C3%BCr+die+Deckungen%2C+nicht+f%C3%BCr+d
  ie+Raumschiffe.%0A-+F%C3%BCr+jedes+Feld%2C+das+nicht+von+Deckung+belegt+ist%2C+muss+gelten%2C+dass
  +die+*direkten+Nachbarn*+nicht+alle+von+Deckung+belegt+sind.+D.h.+keine+leere+Kachel+ist+vollst%C3
  %A4ndig+von+Deckung+umgeben.%0A%0A%23%23%23%23+Distanzen%0A%0AWann+immer+es+in+dem+Spiel+um+die+Di
  stanz+zwischen+zwei+Kacheln+geht%2C+ist+die+*Manhatten-Distanz*+*d*%E2%82%81+gemeint.%0AF%C3%BCr+z
  wei+Punkte+*A*+%3D+%28*x*%E2%82%90%2C+*y*%E2%82%90%29+und+*B*+%3D+%28*x*_b%2C+*y*_b%29+ist+die+Man
  hatten-Distanz+wie+folgt+definiert%3A%0A%0A%60%60%60%0Ad%E2%82%81%28A%2C+B%29+%3D+%E2%80%96A+%E2%8
  8%92+B%E2%80%96%E2%82%81+%3D+%7Cx%E2%82%90+%E2%88%92+x_b%7C+%2B+%7Cy%E2%82%90+%E2%88%92+y_b%7C%0A%
  60%60%60%0A%0AAls+*direkter+Nachbar*+einer+Kachel+werden+die+Kacheln+bezeichnet%2C+die+Manhatten-D
  istanz+*d*%E2%82%81+%3D+1+haben.%0A%0A%23%23%23%23+Deckung%0A%0ADas+Konzept+der+Deckung+ist+f%C3%B
  Cr+das+Berechnen+des+Angriffsw%C3%BCrfelwurfes+%28vgl.+Abschnitt+%E2%80%9EAktionen+durchf%C3%BChre
  n%22%29+wichtig.%0ADie+Deckung+wird+immer+vom+Angriffsw%C3%BCrfelwurf+abgezogen.%0ADeckung+kann+in
  +zwei+verschiedenen+Arten+auf+dem+Spielfeld+vorhanden+sein%3A%0A%0A-+Halbe+Deckung+%601%60%0A-+Vol
  le+Deckung+%602%60%0A%0AF%C3%BCr+ein+Raumschiff+*R*+berechnet+sich+die+Deckung+abh%C3%A4ngig+von+d
  er+Position+auf+dem+Spielfeld.+Beispiel+%28kein+g%C3%BCltiges+Spielfeld%2C+dient+nur+der+Erkl%C3%A
  4rung%29%3A%0A%0A%60%60%60%0A+++X+%E2%86%92%0AY++-1++-1+++-1+++-2++-2%0A%E2%86%93++-1++-1+++%5B1%5
  D++-2++-2%0A++++0+++0++++R+++%5B2%5D+-2%0A++++0++%5B2%5D+++0+++-2++-2%0A++++0+++0++++0+++-2++-2%0A
  %60%60%60%0A%0ADie+Zahlen+ohne+Rahmen+%28%60-X%60%29+geben+die+Deckung+von+*R*+an%2C+falls+es+von+
  den+jeweiligen+Positionen+angegriffen+werden+w%C3%BCrde.%0A%0AEin+Raumschiff+wird+nur+durch+seine+
  direkten+Nachbarn+gedeckt.%0AIm+Beispiel+wird+*R*+also+durch+die+halbe+Deckung+bei+%282%2C+1%29+un
  d+die+volle+Deckung+bei+%283%2C+2%29+gedeckt.%0AWird+das+Raumschiff+*R*+von+einer+Position+*P*+%3D
  +%28*x*%2C+*y*%29+angegriffen%2C+so+berechnet+sich+die+Deckung+von+*R*+dadurch%2C+welche+der+direk
  t+anliegenden+Deckungen+in+die+Richtung+von+*P*+liegt.%0A%0A**Beispiel+1%3A**+Wird+also+*R*+von+Po
  sition+%280%2C+0%29+angegriffen%2C+muss+gepr%C3%BCft+werden%2C+wo+sich+diese+Position+relativ+zu+*
  R*+befindet.%0AIm+Beispiel+ist+die+Position+%280%2C+0%29+n%C3%B6rdlich+und+westlich+von+der+Positi
  on+von+*R*.%0ADies+bedeutet%2C+dass+das+Raumschiff+von+*Norden*+und+*Westen*+angegriffen+wird.%0AD
  er+direkte+Nachbar+westlich+von+*R*+ist+leer%3B+der+direkte+Nachbar+n%C3%B6rdlich+von+*R*+ist+die+
  halbe+Deckung.%0ADer+Deckungswert+berechnet+sich+aus+dem+Maximum+der+betroffenen+Deckungen.%0AIn+d
  em+Beispiel+w%C3%BCrde+man+also+eine+Deckung+von+%E2%88%921+erhalten.%0A%0A**Beispiel+2%3A**+Wird+
  *R*+von+Position+%284%2C+2%29+angegriffen%2C+so+bedeutet+dies%2C+dass+das+Raumschiff+von+*Osten*+a
  ngegriffen+wird.%0ADer+direkte+Nachbar+%C3%B6stlich+von+*R*+ist+die+volle+Deckung.%0AIm+zweiten+Be
  ispiel+w%C3%BCrde+man+also+einen+Deckungswert+von+%E2%88%922+erhalten.%0A%0A%23%23%23+1.2+Raumschi
  ffe+%26+Module%0A%0A*A*+und+*Z*+besitzen+als+erstes+Raumschiff+je+einen+*Sammler*+%28engl.+*Collec
  tor*%29.%0AEin+Sammler+hat+als+Module+immer+genau+einen+Antrieb+%28*Engine*-Modul%29+und+sonst+nur
  +das+Spezialmodul+*Container*+%28vgl.+Ende+des+Abschnitts%29.%0ADie+%C3%BCbrigen+Raumschiffe+der+K
  Is+haben+als+erstes+Modul+auch+immer+einen+Antrieb.%0AAu%C3%9Ferdem+gelten+f%C3%BCr+diese+Raumschi
  ffe+noch+folgende+Bedingungen+f%C3%BCr+die+drei+verbleibenden+Module%3A%0A%0A-+Anzahl+der+*Waffen*
  -Module+pro+Raumschiff+%E2%89%A4+2%0A-+Maximal+1+*Rail+Gun*-Modul+pro+Raumschiff%0A-+Maximal+1+*Pr
  opulsion*-Modul+pro+Raumschiff%0A-+Maximal+1+*Shield*-Modul+pro+Raumschiff%0A-+Pro+Flotte%3A+Maxim
  al+1+*Sensor*-Modul%0A%0AIm+Folgenden+werden+die+verschiedenen+Module%2C+Aktionen+und+Effekte+zusa
  mmengefasst.%0A%0A%7C+Modul+%7C+Aktion+%7C+Distanz+%7C+Effekt+%7C%0A%7C---%7C---%7C---%7C---%7C%0A
  %7C+Engine+%7C+move+%7C+1%E2%80%933+%7C+*A*+maximal+3+Felder+bewegen+%7C%0A%7C+%E2%80%94+%7C+ramm+
  %7C+1+%7C+*w*+%E2%89%A4+1%3A+*A*+verliert+1+Modul%3B+*w*+%E2%89%A5+5%3A+*Z*_S+verliert+1+Modul+%7C
  %0A%7C+**Waffen**+%7C+%7C+%7C+%7C%0A%7C+Rail+Gun+%7C+longshot+%7C+5%E2%80%936+%7C+2+%E2%89%A4+*w*+
  %E2%89%A4+3%3A+*Z*_S+verliert+1+Modul%3B+*w*+%E2%89%A5+4%3A+*Z*_S+verliert+2+Module%3B+*w*+%E2%89%
  A5+6%3A+kritischer+Treffer+%7C%0A%7C+Sword+%7C+strike+%7C+1+%7C+*w*+%E2%89%A5+2%3A+*Z*_S+verliert+
  1+Modul%3B+*w*+%E2%89%A5+4%3A+kritischer+Treffer+%7C%0A%7C+**Unterst%C3%BCtzung**+%7C+%7C+%7C+%7C%
  0A%7C+Shield+%7C+%E2%80%94+%7C+%E2%80%94+%7C+Reduziert+*w*+bei+Angriff+des+Gegners+um+1+%7C%0A%7C+
  Sensor+%7C+mark+%7C+%E2%88%9E+%7C+*Z*_S+markieren+%7C%0A%7C+Propulsion+%7C+propel+%7C+1%E2%80%933+
  %7C+*A*+maximal+3+Felder+bewegen+%7C%0A%0AModule+der+Raumschiffe+und+Effekte+f%C3%BCr+Angriffsw%C3
  %BCrfelwurf+*w*%2C+Akteur+*A*%2C+Raumschiff-Ziel+*Z*_S.%0A%0ADas+Modul+*Container*+ist+ein+Spezial
  modul+das+nur+Teil+von+*Sammlern*+ist.%0AEs+hat+insbesondere+keine+Aktionen%2C+die+es+bereitstellt
  .%0A%0AMithilfe+der+Aktion+*move*+kann+ein+Raumschiff+%28Akteur%29+bewegt+werden.%0AHierbei+darf+d
  ie+Ziel-Kachel+nicht+durch+Deckung+oder+ein+anderes+Raumschiff+belegt+sein.%0ABeachten+Sie%2C+dass
  +es+bei+der+Berechnung+der+Erreichbarkeit+einer+Kachel+nur+um+die+Distanz+geht+und+nicht+darum%2C+
  ob+Deckung+oder+andere+Raumschiffe+auf+dem+Weg+liegen.%0AFalls+ein+Raumschiff+das+*Propulsion*-Mod
  ul+besitzt%2C+kann+zus%C3%A4tzlich+die+Aktion+*propel*+verwendet+werden%2C+um+innerhalb+eines+Zuge
  s+das+Raumschiff+ein+zweites+Mal+zu+bewegen.%0A%0ADie+Aktion+*ramm*+kann+nur+dann+verwendet+werden
  %2C+wenn+das+angreifende+Raumschiff+%28Akteur%29+keine+Waffen-Module+mehr+hat.%0A*Ramm*+kann+nicht
  +gegen+*Sammler*+eingesetzt+werden.%0ABeachten+Sie%2C+dass+f%C3%BCr+den+Fall%2C+dass+der+Angriffsw
  %C3%BCrfelwurf+%E2%89%A4+1+betr%C3%A4gt%2C+der+Schaden+an+*A*+als+*hit*+gewertet+wird+%28vgl.+%E2%
  80%9EAktionen+durchf%C3%BChren%22%29.%0A%0ADer+Angriff+*longshot*+kann+ein+oder+zwei+Module+des+an
  gegriffenen+Raumschiffs+zerst%C3%B6ren.%0A%0ADer+Angriff+*strike*+kann+ein+Modul+des+angegriffenen
  +Raumschiffs+zerst%C3%B6ren.%0A%0AWird+ein+Schiff+mit+*Shield*-Modul+angegriffen%2C+so+wird+der+W%
  C3%BCrfelwurf+der+angreifenden+KI+um+1+reduziert.%0A%0ADie+Aktion+*mark*+markiert+ein+beliebiges+g
  egnerisches+Schiff+bis+zum+Beginn+des+gegnerischen+Zuges.%0AJeder+Treffer+auf+ein+markiertes+Schif
  f+z%C3%A4hlt+als+kritischer+Treffer+%28vgl.+%E2%80%9EAlphaZeta+spielen%22%29.%0AEin+*Sammler*+kann
  +nicht+markiert+werden.%0A%0A%23%23%23+1.3+AlphaZeta+spielen%0A%0ANachdem+die+Elemente+des+Spiels+
  und+das+Spielfeld+erl%C3%A4utert+wurden%2C+folgt+hier+jetzt+der+generelle+Spielablauf.%0A%0AZum+St
  art+des+Spiels+wird+festgelegt%2C+wie+gro%C3%9F+das+Spielfeld+ist.%0AHierbei+muss+die+Anzahl+der+K
  acheln+entlang+einer+Achse+mindestens+5+betragen+%28%E2%89%A5+5%29.%0AAu%C3%9Ferdem+muss+gelten%2C
  +dass+die+Anzahl+der+Kacheln+entlang+einer+Achse+ungerade+sein+muss.%0AEin+Spielfeld+hat+also+mind
  estens+25+Kacheln.%0AZuletzt+wird+noch+definiert%2C+wie+viele+*Container*-Module+die+*Sammler*+der
  +KIs+haben+sollen.%0AHierbei+wird+als+Anzahl+aus+dem+geschlossenen+Intervall+von+%5B0%2C+3%5D+gew%
  C3%A4hlt.%0AHinweis%3A+Der+beim+Start+angegebene+*Seed*+ist+f%C3%BCr+die+Implementierung+des+Spiel
  s+wichtig+und+wird+sp%C3%A4ter+erkl%C3%A4rt.%0A%0ANachdem+das+Spiel+soweit+vorbereitet+ist%2C+w%C3
  %A4hlt+jede+KI+die+Module+f%C3%BCr+ihre+Angriffsschiffe.%0AAnschlie%C3%9Fend+werden+Deckung+und+Ra
  umschiffe+auf+dem+Spielfeld+platziert+und+das+Spiel+kann+beginnen.%0AAlpha+hat+die+Schiffe+%60A%2C
  B%2CC%2CD%60.%0AZeta+hat+die+Schiffe+%60Z%2CW%2CX%2CY%60.%0AHierbei+sind+%60A%60+und+%60Z%60+die+S
  ammler+der+jeweiligen+KIs.%0A%0AW%C3%A4hrend+das+Spiel+l%C3%A4uft%2C+k%C3%B6nnen+die+beiden+KIs+ab
  wechselnd+Z%C3%BCge+ausf%C3%BChren%2C+wobei+Alpha+beginnt.%0AInnerhalb+eines+Zuges+kann+eine+KI+di
  e+Aktionen+ihrer+Raumschiffe+ausf%C3%BChren.%0AEin+Zug+ist+beendet%2C+sobald+dies+eine+KI+ansagt.%
  0ADas+Spiel+endet%2C+sobald+der+*Sammler*+einer+KI+zerst%C3%B6rt+wurde.%0A%0A%23%23%23%23+Aktionen
  +durchf%C3%BChren%0A%0AJedes+Raumschiff+kann+gem%C3%A4%C3%9F+der+noch+vorhandenen+Module+dessen+Ak
  tionen+ausf%C3%BChren.%0AW%C3%A4hrend+*move*+und+*mark*+solange+das+Ziel+stimmt+erfolgreich+sein+w
  erden%2C+wird+bei+den+anderen+Aktionen+ein+*Angriffsw%C3%BCrfelwurf*+der+ausf%C3%BChrenden+KI+%28A
  kteur%29+ben%C3%B6tigt.%0ADieser+bestimmt+den+Effekt+einer+Aktion.%0A%0AEin+Raumschiff+kann+einen+
  Angriff+*ramm%2C+longshot%2C+strike*+gegen+Raumschiffe+der+anderen+KI+einsetzen%2C+wenn+die+Distan
  z+*d*%E2%82%81+zu+dem+Raumschiff-Ziel+passt.%0AWenn+eine+KI+entscheidet%2C+dass+sie+angreift%2C+mu
  ss+sie+als+erstes+einen+Angriffsw%C3%BCrfelwurf+ausf%C3%BChren.%0AEin+Angriffsw%C3%BCrfelwurf+l%C3
  %A4uft+immer+gleich+ab%3A%0A%0A-+KI+wirft+einen+sechsseitigen+W%C3%BCrfel+%28Seiten+des+W%C3%BCrfe
  ls%3A+1%2C+2%2C+3%2C+4%2C+5%2C+6%29%0A-+Deckung+des+Ziel-Raumschiffs+*Z*_S+wird+abgezogen%0A-+Effe
  kt+von+*Shield*-Modul+anwenden+%28falls+in+*Z*_S+vorhanden%29%0A%0ADas+Ergebnis+definiert+den+Wert
  +des+Angriffsw%C3%BCrfelwurfs.%0AAbh%C3%A4ngig+vom+Ergebnis+k%C3%B6nnen+folgende+F%C3%A4lle+auftre
  ten%3A%0A%0A-+*miss*%2C+falls+der+Wert+kleiner+als+alle+Bedingungen+der+Effekte+der+Aktion+ist%0A-
  +*hit*%2C+falls+ein+oder+mehrere+Module+zerst%C3%B6rt+werden%0A-+*critical+hit*%2C+falls+die+Bedin
  gung+f%C3%BCr+einen+kritischen+Treffer+erf%C3%BCllt+ist%0A%0AFalls+ein+Raumschiff+von+einem+Angrif
  f+getroffen+wird+%28*hit*+oder+*critical+hit*%29%2C+verliert+es+entsprechend+der+Bedingungen+Modul
  e.%0AFalls+ein+Raumschiff+alle+seine+Module+verliert%2C+ist+es+zerst%C3%B6rt.%0ADie+KIs+entscheide
  n+hierbei%2C+falls+eine+Wahlm%C3%B6glichkeit+besteht%2C+welche+Module+zerst%C3%B6rt+werden.%0AIm+N
  ormalfall+%28*hit*%29+entscheidet+die+angegriffene+KI.%0AFalls+das+angegriffene+Schiff+markiert+is
  t+oder+es+sich+um+einen+*kritischen+Treffer*+handelt%2C+entscheidet+die+angreifende+KI.%0ADabei+gi
  lt%2C+dass+immer+zuerst+alle+Zusatzmodule+%28f%C3%BCr+den+*Sammler*%3A+*Container*-Module%29+und+d
  ann+das+*Engine*-Modul+zerst%C3%B6rt+wird.%0A%0AWie+bereits+beschrieben%2C+endet+das+Spiel+sobald+
  einer+der+*Sammler*+zerst%C3%B6rt+ist.%0AGewonnen+hat+diejenige+KI%2C+deren+*Sammler*+nicht+zerst%
  C3%B6rt+wurde.&project=ProgrammingST22-Final2&role=requirements&task=Understand+the+st22final02+an
  d+create+its+backlog+when+prompted.&timestamp=2026-07-23T14%3A41%3A45.283Z&domain=st22final02

● Injected adaptive memory context into system prompt

● <adaptive_rules>
  - These implementation guidelines are mandatory for Abschlussaufgabe 2 "AlphaZeta" and must be
  followed exactly.
  - Always destroy all additional modules first (for Sammler: Container modules), then destroy the
  Engine.
  - During 'move', the target tile must not be covered by cover or occupied by another ship.
  - If a ship has multiple modules of the same type, destroying one module of that type always
  removes the first such module according to the initial configuration order.
  - Action 'propel' is only available if the ship has a Propulsion module.
  - All submitted code must compile without errors.
  - Program code must be written in English.
  - JavaDoc @author tag must contain only the student's u-Kürzel.
  - Program outputs must exactly match the specification including case, spaces, and newlines for
  automated tests.
  - Otherwise, the dialog system asks the decider to select N of the ship's modules; the choice text
   is: `<Decider> must select <N> of <Ship>s module(s) (separated by comma):` and the module list is
   alphabetically ordered.
  - The mandatory tests must be passed before other tests are evaluated.
  - After printing an error message the program must continue and wait for the next input.
  - Otherwise a successful action leads to no output unless another rule specifies output.
  - Calls to System.exit(), Runtime.exit() or similar must not be used.
  - Do not reassign the standard streams System.in or System.out.
  - The user interface must be case-insensitive with respect to user input.
  - Error messages should clearly indicate why an input was rejected.
  - Every error message must begin with 'Error,' and must not contain special characters such as
  newlines or umlauts.
  - Comments should be uniformly written either in English or German.
  </adaptive_rules>

  <knowledge>
    - Follow Checkstyle rules; some Checkstyle violations cause automatic zero points while others
  may cause point deductions.
    - Submission will automatically receive zero points if any of the following mandatory rules are
  violated.
    - Choose appropriate visibilities for classes, methods and attributes and follow naming and
  whitespace rules.
    - Use System.in for input by default unless the assignment states otherwise.
    - Use System.out for output by default unless the assignment states otherwise.
    - Error messages may optionally be printed to System.err instead of System.out.
    - Das Spielfeld wird durch eine Zeichenfolge konfiguriert: '.' freies Feld, '1' halbe Deckung,
  '2' volle Deckung, und Buchstaben für Raumschiffe (A,B,C,D,Z,W,X,Y).
    - Alpha hat die Schiffe A,B,C,D; Zeta hat die Schiffe Z,W,X,Y.
    - Actions ramm, longshot und strike perform an initial attack Würfelwurf: six-sided (1–6), then
  subtract the target room's cover and afterwards apply the Shield effect (−1 if target has Shield).
    - Pro Raumschiff maximal 1 Shield-Modul.
    - Die Schiffe A und Z sind Sammler.
    - Submit your *.java files online for task A in single-person work with the correct folder
  structure.
    - Bereits korrekt konfigurierte vorherige Schiffe werden nach einem Fehler nicht erneut erfragt.
    - Programm muss jederzeit durch Eingabe des Befehls `quit` beendet werden können.
    - Zur Implementierung von `quit` dürfen `System.exit()` oder andere ausgeschlossene Funktionen
  nicht verwendet werden.
    - 2. Parameter — Seitenlänge: Seitenlänge des Spielfeldes, mindestens 5 und ungerade.
    - Das Spiel wird mit genau drei Kommandozeilenparametern gestartet.
    - Die Zeichenfolge beschreibt das Spielfeld zeilenweise (links nach rechts, oben nach unten);
  für ein 5×5-Spielfeld werden 25 Zeichen erwartet, die ersten 5 Zeichen sind die oberste Reihe.
    - Bei ungültiger Spielfeld-Eingabe wird eine Fehlermeldung ausgegeben und auf erneute Eingabe
  gewartet; die einleitende Aufforderung wird nicht wiederholt.
    - Pro Raumschiff maximal 1 Propulsion-Modul.
    - Anzahl der Waffen-Module pro Raumschiff darf höchstens 2 betragen.
    - Pro Raumschiff maximal 1 Rail Gun-Modul.
    - Die Schiffe Z sind Sammler.
    - Pro Flotte darf maximal 1 Sensor-Modul vorhanden sein.
    - Übrige Raumschiffe haben als erstes Modul immer einen Antrieb (Engine).
    - Engine module has range 1–3 (per module table).
    - Pro Zug kann die Aktion eines Moduls nur einmal eingesetzt werden; mehrere Module derselben
  Art erlauben mehrere Aktionen (je Modul einmal).
    - Die Aktion `ramm` darf pro Schiff pro Zug nur einmal eingesetzt werden.
    - Actions that target another ship use the syntax `<AKTEUR> <AKTION> <ZIEL>`, while
  movement-type actions `move` and `propel` use the syntax `<AKTEUR> <AKTION> <X> <Y>`.
    - Fehlerhafte Modulkonfigurationen sind frühstmöglich zu erkennen; bei Erkennung wird eine
  aussagekräftige Fehlermeldung ausgegeben und die Abfrage für das Schiff wiederholt.
    - If all modules of a ship or all modules except the Engine are destroyed, the system does not
  prompt the player; modules are removed in the order they were added during configuration.
    - Action 'ramm' may only be used when the attacking ship has no weapon modules.
    - Action 'ramm' cannot be used against a Sammler (collector).
    - Koordinaten sind (x,y) mit (0,0) oben links und (l-1,l-1) unten rechts.
    - Das Spielfeld ist achsensymmetrisch bezüglich der Südwest-Nordost-Achse für Deckungen; diese
  Symmetrie gilt nicht für Raumschiffe.
    - Für jedes Feld, das nicht von Deckung belegt ist, dürfen die direkten Nachbarn nicht alle von
  Deckung belegt sein (keine leere Kachel vollständig umgeben).
    - Distanzen werden als Manhattan-Distanz d1 = |xa−xb| + |ya−yb| berechnet; direkte Nachbarn
  haben d1 = 1.
    - Für die Berechnung eines Würfelwurfs ist immer `random.nextInt(6) + 1` zu verwenden.
    - If the attack Würfelwurf is ≤ 1 for a ramm attack, the damage to A is treated as a hit.
    - Action 'mark' requires no Würfelwurf (no die roll).
    - Half cover reduces the Würfelwurf by 1; full cover reduces it by 2.
    - A successful action that does not destroy modules prints `missed` on a new line after the
  Bonus output.
    - When a ship R is attacked from position P, cover is calculated from the directly adjacent
  covers in the direction of P.
    - Viele Tests verwenden `quit` am Ende einer Testsequenz; `quit` muss in jeder Situation
  funktionieren.
    - The cover value used is the maximum (in absolute reduction amount) of the affected covers.
    - Es darf ausschließlich die Methode nextInt(int bound) auf dieser Random-Instanz verwendet
  werden, um die nächste Zahl zu erhalten.
    - Ein Sammler hat genau einen Engine-Antrieb und ansonsten nur das Spezialmodul Container.
    - 3. Parameter — Container: Anzahl der Container-Module der Sammler, Wert im geschlossenen
  Intervall [0, 3].
    - For enemy ships the actions command shows all actions provided by their modules.
    - For destroyed ships and for ships that can no longer act this turn, the actions command
  outputs `No available actions for <AKTEUR>`.
    - Action 'move' requires no Würfelwurf (no die roll).
    - Reachability for 'move' depends only on distance, not on whether cover or ships lie on the
  path.
    - A Sammler (collector) cannot be marked.
    - Action 'mark' marks any enemy ship until the start of the enemy's turn.
    - 1. Parameter — Seed: Seed für den Zufallszahlengenerator, Intervall [INT_MIN, INT_MAX].
    - Die Methode nextInt darf nur dann verwendet werden, wenn tatsächlich ein Würfelwurf
  durchgeführt werden muss.
    - Die Implementierung darf nur den Konstruktor Random(long seed) verwenden, um einen neuen
  Zufallszahlengenerator zu instantiieren.
    - The game ends as soon as a Collector (Sammler) is destroyed; the AI whose Collector remains
  wins, the winner is printed, and the game terminates.
    - On a 'hit' the attacked AI decides which module(s) to lose; on a 'critical hit' or when the
  target is marked the attacking AI decides.
    - Before module-destroying actions the system outputs `Roll` (actual die roll) and `Bonus`
  (difference between actual roll and counted attack roll, e.g., subtraction by cover).
    - Board command displays the game field using '.' for empty tiles, '1' or '2' for cover values,
  and letters for ships; destroyed ships are not displayed.
    - Action 'propel' has range 1–3.
    - Only the information specified in the assignment may be printed; no additional output is
  allowed.
    - Every hit on a marked ship counts as a critical hit.
  </knowledge>
  <entity_paths>
    - Alpha RELATES_TO A,B,C,D: Alpha hat die Schiffe A,B,C,D; Zeta hat die Schiffe Z,W,X,Y.
    - Entscheidung bei Treffer RELATES_TO angegriffene KI / angreifende KI: On a 'hit' the attacked
  AI decides which module(s) to lose; on a 'critical hit' or when the target is marked the attacking
   AI decides.
    - Z RELATES_TO Sammler: Die Schiffe Z sind Sammler.
    - Z RELATES_TO Sammler: Die Schiffe Z sind Sammler.
    - Sammler RELATES_TO Engine: Ein Sammler hat genau einen Engine-Antrieb und ansonsten nur das
  Spezialmodul Container.
    - Z RELATES_TO Sammler: Die Schiffe Z sind Sammler.
    - Sammler RELATES_TO Spiel (Game): The game ends as soon as a Collector (Sammler) is destroyed;
  the AI whose Collector remains wins, the winner is printed, and the game terminates.
  </entity_paths>
  <entity_matches>
    - Alpha (score: 0.77) — Eine Seite/Partei im Spiel
    - Entscheidung bei Treffer (score: 0.75) — who chooses modules on hit/critical/marked
    - Z (score: 0.75) — Raumschiff Z
    - Ziel-Kachel frei von Deckung oder anderen Raumschiffen (score: 0.75) — target tile must not be
   covered or occupied
    - angegriffene KI / angreifende KI (score: 0.74) — defending AI / attacking AI
  </entity_matches>

● adaptive-memory extension active (role=requirements, memorySession=20260723-163807-req) - type
  /memory-help. MCP tools registered (memory=true, backlog=true).







Changes    +0 -0
Duration   55s
Tokens     ↑ 26.1k (1.3k cached) • ↓ 1.4k (779 reasoning)
[delivery:requirements] Turn 3/11 complete
[delivery:requirements] Turn 4/11: task.md — segment 3/9 — Abschlussaufgabe 2 — AlphaZeta (AZ) > 2 Implementierung von AlphaZeta (AZ)
● [adaptive-context] GET http://localhost:4444/api/agents/7af7809a-adce-4fa9-9609-fd61059de0ff/sessi
  ons/20260723-163807-req/context?input=Dokument%3A+task.md%0ASegment%3A+3%2F9%0AAbschnitt%3A+Abschl
  ussaufgabe+2+%E2%80%94+AlphaZeta+%28AZ%29+%3E+2+Implementierung+von+AlphaZeta+%28AZ%29%0A%0ALies+d
  iesen+Abschnitt+sorgf%C3%A4ltig+und+behalte+den+Kontext.+Erstelle+noch+keinen+Backlog+und+noch+kei
  ne+Tasks.+Warte+damit+bis+zum+abschlie%C3%9Fenden+%2Ffinalize.%0A%0A%23%23+2+Implementierung+von+A
  lphaZeta+%28AZ%29%0A%0AIhre+Aufgabe+ist+es+das+Spiel+mittels+einer+Text-basierten+Schnittstelle+sp
  ielbar+zu+machen.%0ADie+Benutzerschnittstelle+soll+hierbei+*nicht*+die+Gro%C3%9F-Kleinschreibung+d
  es+Nutzers+beachten.%0ADie+daf%C3%BCr+n%C3%B6tigen+Interaktionen+werden+im+Folgenden+dargestellt.%
  0A%0AAchten+Sie+darauf%2C+dass+durch+die+Ausf%C3%BChrung+der+folgenden+Befehle+die+gegebenen+seman
  tischen+und+syntaktischen+Spezifikationen+nicht+verletzt+werden+und+geben+Sie+bei+Verletzung+der+S
  pezifikationen+immer+eine+aussagekr%C3%A4ftige+Fehlermeldung+aus.%0AWenn+die+Benutzereingabe+nicht
  +dem+vorgegebenen+Format+entspricht%2C+ist+auch+eine+Fehlermeldung+auszugeben.+Nach+der+Ausgabe+ei
  ner+Fehlermeldung+soll+das+Programm+wie+erwartet+fortfahren+und+wieder+auf+die+n%C3%A4chste+Eingab
  e+warten.%0ADie+Fehlermeldung+sollte+so+geformt+sein%2C+dass+f%C3%BCr+den+Benutzer+erkenntlich+ist
  %2C+warum+eine+Eingabe+abgelehnt+wurde.%0A%0ADa+wir+automatische+Tests+Ihrer+interaktiven+Benutzer
  schnittstelle+durchf%C3%BChren%2C+m%C3%BCssen+die+Ausgaben+exakt+den+Vorgaben+entsprechen.+Insbeso
  ndere+sollen+sowohl+Klein-+und+Gro%C3%9Fbuchstaben+als+auch+die+Leerzeichen+und+Zeilenumbr%C3%BCch
  e+genau+%C3%BCbereinstimmen.+Setzen+Sie+nur+die+in+der+Aufgabenstellung+angegebenen+Informationen+
  um.+Geben+Sie+auch+keine+zus%C3%A4tzlichen+Informationen+aus.+Bei+Fehlermeldungen+d%C3%BCrfen+Sie+
  den+englischsprachigen+Text+frei+w%C3%A4hlen%2C+er+sollte+jedoch+sinnvoll+sein.+Jede+Fehlermeldung
  +muss+aber+mit+%60Error%2C%60+beginnen+und+darf+keine+Sonderzeichen%2C+wie+beispielsweise+Zeilenum
  br%C3%BCche+oder+Umlaute%2C+enthalten.%0A%0AWenn+nicht+anders+angegeben%2C+ist+f%C3%BCr+Eingabe+im
  mer+die+Standardeingabe+%60System.in%60+zu+verwenden.+Wenn+nicht+anders+angegeben%2C+ist+f%C3%BCr+
  Ausgaben+immer+die+Standardausgabe+%60System.out%60+zu+verwenden.+F%C3%BCr+Fehlermeldungen+kann+an
  stelle+der+Standardausgabe+optional+die+Standardfehlerausgabe+%60System.err%60+verwendet+werden.+W
  eisen+Sie+diese+Standardeingabe+und+-ausgabe+niemals+neu+zu.&project=ProgrammingST22-Final2&role=r
  equirements&task=Understand+the+st22final02+and+create+its+backlog+when+prompted.&timestamp=2026-0
  7-23T14%3A42%3A16.748Z&domain=st22final02

● adaptive-memory extension active (role=requirements, memorySession=20260723-163807-req) - type
  /memory-help. MCP tools registered (memory=true, backlog=true).







Changes    +0 -0
Duration   1m 14s
Tokens     ↑ 24.8k (1.3k cached) • ↓ 407 (186 reasoning)
[delivery:requirements] Turn 4/11 complete
[delivery:requirements] Turn 5/11: task.md — segment 4/9 — Abschlussaufgabe 2 — AlphaZeta (AZ) > 2 Implementierung von AlphaZeta (AZ) > 2.1 Darstellung der Beispielinteraktionen
● [adaptive-context] GET
  http://localhost:4444/api/agents/7af7809a-adce-4fa9-9609-fd61059de0ff/sessions/20260723-163807-req
  /context?input=Dokument%3A+task.md%0ASegment%3A+4%2F9%0AAbschnitt%3A+Abschlussaufgabe+2+%E2%80%94+
  AlphaZeta+%28AZ%29+%3E+2+Implementierung+von+AlphaZeta+%28AZ%29+%3E+2.1+Darstellung+der+Beispielin
  teraktionen%0A%0ALies+diesen+Abschnitt+sorgf%C3%A4ltig+und+behalte+den+Kontext.+Erstelle+noch+kein
  en+Backlog+und+noch+keine+Tasks.+Warte+damit+bis+zum+abschlie%C3%9Fenden+%2Ffinalize.%0A%0A%23%23%
  23+2.1+Darstellung+der+Beispielinteraktionen%0A%0AIn+Beispielinteraktionen+stellt+das+Symbol+%60%2
  5%3E+%60+%28Prozent-Zeichen+und+Gr%C3%B6%C3%9Fer-Zeichen+gefolgt+von+einem+Leerzeichen%29+die+Komm
  andozeile+dar.%0ADer+Programmname+ist+frei+gew%C3%A4hlt+und+muss+bei+Ihnen+nicht+*AlphaZeta*+laute
  n.%0ADas+Symbol+%60%3E+%60+%28Gr%C3%B6%C3%9Fer-Zeichen+gefolgt+von+einem+Leerzeichen%29+stellt+ein
  e+Benutzereingabe+dar+und+ist+selbst+nicht+Teil+der+Eingabe.%0ASollte+in+einer+Interaktion+%60%5B.
  ..%5D%60+geschrieben+werden%2C+so+bedeutet+dies%2C+dass+weitere+Interaktionen+ausgelassen+worden+s
  ind%2C+um+auf+eine+spezielle+Stelle+der+Interaktion+einzugehen.%0A%60%5B...%5D%60+ist+keine+Ausgab
  e+Ihres+Spiels.&project=ProgrammingST22-Final2&role=requirements&task=Understand+the+st22final02+a
  nd+create+its+backlog+when+prompted.&timestamp=2026-07-23T14%3A42%3A34.143Z&domain=st22final02

● Injected adaptive memory context into system prompt

● <adaptive_rules>
  - These implementation guidelines are mandatory for Abschlussaufgabe 2 "AlphaZeta" and must be
  followed exactly.
  - All submitted code must compile without errors.
  - Program outputs must exactly match the specification including case, spaces, and newlines for
  automated tests.
  - Program code must be written in English.
  - After printing an error message the program must continue and wait for the next input.
  - JavaDoc @author tag must contain only the student's u-Kürzel.
  - Otherwise, the dialog system asks the decider to select N of the ship's modules; the choice text
   is: `<Decider> must select <N> of <Ship>s module(s) (separated by comma):` and the module list is
   alphabetically ordered.
  - Comments should be uniformly written either in English or German.
  - Always destroy all additional modules first (for Sammler: Container modules), then destroy the
  Engine.
  - Otherwise a successful action leads to no output unless another rule specifies output.
  - The user interface must be case-insensitive with respect to user input.
  - Calls to System.exit(), Runtime.exit() or similar must not be used.
  - Do not reassign the standard streams System.in or System.out.
  - The mandatory tests must be passed before other tests are evaluated.
  - Error messages should clearly indicate why an input was rejected.
  - Every error message must begin with 'Error,' and must not contain special characters such as
  newlines or umlauts.
  - During 'move', the target tile must not be covered by cover or occupied by another ship.
  </adaptive_rules>

  <memories>
    - The assignment 'Abschlussaufgabe 2 — AlphaZeta (AZ)' is for the course 'Programmieren'.
    - Document 'task.md' describes the assignment 'Abschlussaufgabe 2 — AlphaZeta (AZ)'.
    - The file task.md contains the assignment "Abschlussaufgabe 2 — AlphaZeta (AZ)"
    - The assignment 'Abschlussaufgabe 2 — AlphaZeta (AZ)' was assigned in 'Sommersemester 2022'.
    - The assignment is centered on the game 'AlphaZeta (AZ)'.
    - The assignment belongs to the course "Programmieren"
    - The assignment is for semester "Sommersemester 2022"
    - The document states its structure: first the game mechanics are explained, then the user
  interface to be programmed is described
  </memories>
  <knowledge>
    - Choose appropriate visibilities for classes, methods and attributes and follow naming and
  whitespace rules.
    - Use System.out for output by default unless the assignment states otherwise.
    - Use System.in for input by default unless the assignment states otherwise.
    - Follow Checkstyle rules; some Checkstyle violations cause automatic zero points while others
  may cause point deductions.
    - Error messages may optionally be printed to System.err instead of System.out.
    - Submission will automatically receive zero points if any of the following mandatory rules are
  violated.
    - Das Spielfeld wird durch eine Zeichenfolge konfiguriert: '.' freies Feld, '1' halbe Deckung,
  '2' volle Deckung, und Buchstaben für Raumschiffe (A,B,C,D,Z,W,X,Y).
    - Programm muss jederzeit durch Eingabe des Befehls `quit` beendet werden können.
    - Das Spiel wird mit genau drei Kommandozeilenparametern gestartet.
    - Viele Tests verwenden `quit` am Ende einer Testsequenz; `quit` muss in jeder Situation
  funktionieren.
    - Submit your *.java files online for task A in single-person work with the correct folder
  structure.
    - Bereits korrekt konfigurierte vorherige Schiffe werden nach einem Fehler nicht erneut erfragt.
    - Zur Implementierung von `quit` dürfen `System.exit()` oder andere ausgeschlossene Funktionen
  nicht verwendet werden.
    - Bei ungültiger Spielfeld-Eingabe wird eine Fehlermeldung ausgegeben und auf erneute Eingabe
  gewartet; die einleitende Aufforderung wird nicht wiederholt.
    - 2. Parameter — Seitenlänge: Seitenlänge des Spielfeldes, mindestens 5 und ungerade.
  </knowledge>
  <entity_paths>
    - Abschlussaufgabe 2 — AlphaZeta (AZ) RELATES_TO Prof. Dr.-Ing. Anne Koziolek: Prof. Dr.-Ing.
  Anne Koziolek is the lecturer for the assignment.
    - Abschlussaufgabe 2 — AlphaZeta (AZ) RELATES_TO AlphaZeta (AZ): The assignment is centered on
  the game 'AlphaZeta (AZ)'.
    - Abschlussaufgabe 2 — AlphaZeta (AZ) RELATES_TO Programmieren: The assignment 'Abschlussaufgabe
   2 — AlphaZeta (AZ)' is for the course 'Programmieren'.
    - Abschlussaufgabe 2 — AlphaZeta (AZ) RELATES_TO Sommersemester 2022: The assignment
  'Abschlussaufgabe 2 — AlphaZeta (AZ)' was assigned in 'Sommersemester 2022'.
    - Abschlussaufgabe 2 — AlphaZeta (AZ) RELATES_TO Institute of Information Security and
  Dependability: The assignment was produced by the group 'Institute of Information Security and
  Dependability'.
    - AlphaZeta (AZ) RELATES_TO Setting: year 2985; two AIs A and Z compete to extract asteroid-belt
   resources, created by two largest companies: The AlphaZeta (AZ) game is set in year 2985 where
  two AIs (A and Z), created by the two largest companies, compete to extract resources from the
  asteroid belt
    - AlphaZeta (AZ) RELATES_TO KIs A and Z: In 'AlphaZeta (AZ)' two artificial intelligences named
  A and Z were created.
    - AlphaZeta (AZ) RELATES_TO Asteroid belt resource extraction: The objective of the KIs in
  'AlphaZeta (AZ)' is to extract resources from the asteroid belt.
    - AlphaZeta (AZ) RELATES_TO Jahr 2985: The game 'AlphaZeta (AZ)' is set in the distant future
  year 2985.
    - task.md RELATES_TO Abschlussaufgabe 2 — AlphaZeta (AZ): The file task.md contains the
  assignment "Abschlussaufgabe 2 — AlphaZeta (AZ)"; Document 'task.md' describes the assignment
  'Abschlussaufgabe 2 — AlphaZeta (AZ)'.
    - task.md RELATES_TO Prof. Dr.-Ing. Anne Koziolek: The assignment lists Prof. Dr.-Ing. Anne
  Koziolek as the instructor
    - task.md RELATES_TO Programmieren: The assignment belongs to the course "Programmieren"
    - task.md RELATES_TO Sommersemester 2022: The assignment is for semester "Sommersemester 2022"
    - task.md RELATES_TO Institute of Information Security and Dependability: The assignment is
  associated with the group "Institute of Information Security and Dependability"
    - task.md RELATES_TO 20 Punkte: The assignment document specifies its points value as 20 points
    - task.md RELATES_TO Version 1.4: The assignment document version is 1.4
    - task.md RELATES_TO Document structure: game explanation then UI to program: The document
  states its structure: first the game mechanics are explained, then the user interface to be
  programmed is described
    - Abschlussaufgabe 2 — AlphaZeta (AZ) RELATES_TO AlphaZeta (AZ): The assignment is centered on
  the game 'AlphaZeta (AZ)'.
    - AlphaZeta (AZ) RELATES_TO Setting: year 2985; two AIs A and Z compete to extract asteroid-belt
   resources, created by two largest companies: The AlphaZeta (AZ) game is set in year 2985 where
  two AIs (A and Z), created by the two largest companies, compete to extract resources from the
  asteroid belt
    - Abschlussaufgabe 2 — AlphaZeta (AZ) RELATES_TO AlphaZeta (AZ): The assignment is centered on
  the game 'AlphaZeta (AZ)'.
    - AlphaZeta (AZ) RELATES_TO KIs A and Z: In 'AlphaZeta (AZ)' two artificial intelligences named
  A and Z were created.
    - Abschlussaufgabe 2 — AlphaZeta (AZ) RELATES_TO AlphaZeta (AZ): The assignment is centered on
  the game 'AlphaZeta (AZ)'.
    - AlphaZeta (AZ) RELATES_TO Asteroid belt resource extraction: The objective of the KIs in
  'AlphaZeta (AZ)' is to extract resources from the asteroid belt.
  </entity_paths>
  <entity_matches>
    - Abschlussaufgabe 2 — AlphaZeta (AZ) (score: 0.82) — The assignment titled 'AlphaZeta (AZ)'.
    - AlphaZeta (AZ) (score: 0.75) — The game/setting that the assignment implements.
    - Document structure: game explanation then UI to program (score: 0.73) — Order of sections:
  game description followed by UI programming instructions
    - task.md (score: 0.71) — Assignment document file for the AZ task
    - 20 Punkte (score: 0.70) — Point value assigned to the task
  </entity_matches>
  <insights>
    - Agent community around Abschlussaufgabe 2 — AlphaZeta (AZ), Document structure: game
  explanation then UI to program, task.md connects Programmieren, Sommersemester 2022, Institute of
  Information Security and Dependability, Version 1.4. Relevant agent facts: Prof. Dr.-Ing. Anne
  Koziolek is the lecturer for the assignment.; The assignment is centered on the game 'AlphaZeta
  (AZ)'.; The file task.md contains the assignment "Abschlussaufgabe 2 — AlphaZeta (AZ)"
    - Agent community around AlphaZeta (AZ), Setting: year 2985; two AIs A and Z compete to extract
  asteroid-belt resources, created by two largest companies, KIs A and Z. Relevant agent facts: The
  assignment is centered on the game 'AlphaZeta (AZ)'.; The AlphaZeta (AZ) game is set in year 2985
  where two AIs (A and Z), created by the two largest companies, compete to extract resources from
  the asteroid belt; In 'AlphaZeta (AZ)' two artificial intelligences named A and Z were created.
    - Agent community around Abschlussaufgabe 2 — AlphaZeta (AZ), AlphaZeta (AZ), Document
  structure: game explanation then UI to program connects Prof. Dr.-Ing. Anne Koziolek,
  Programmieren, Sommersemester 2022, Institute of Information Security and Dependability. Relevant
  agent facts: Prof. Dr.-Ing. Anne Koziolek is the lecturer for the assignment.; The assignment is
  centered on the game 'AlphaZeta (AZ)'.; The file task.md contains the assignment "Abschlussaufgabe
   2 — AlphaZeta (AZ)"
  </insights>

● adaptive-memory extension active (role=requirements, memorySession=20260723-163807-req) - type
  /memory-help. MCP tools registered (memory=true, backlog=true).







Changes    +0 -0
Duration   1m 24s
Tokens     ↑ 27.7k (1.3k cached) • ↓ 159 (80 reasoning)
[delivery:requirements] Turn 5/11 complete
[delivery:requirements] Turn 6/11: task.md — segment 5/9 — Abschlussaufgabe 2 — AlphaZeta (AZ) > 2 Implementierung von AlphaZeta (AZ) > 2.2 Quit-Befehl
● [adaptive-context] GET http://localhost:4444/api/agents/7af7809a-adce-4fa9-9609-fd61059de0ff/sessi
  ons/20260723-163807-req/context?input=Dokument%3A+task.md%0ASegment%3A+5%2F9%0AAbschnitt%3A+Abschl
  ussaufgabe+2+%E2%80%94+AlphaZeta+%28AZ%29+%3E+2+Implementierung+von+AlphaZeta+%28AZ%29+%3E+2.2+Qui
  t-Befehl%0A%0ALies+diesen+Abschnitt+sorgf%C3%A4ltig+und+behalte+den+Kontext.+Erstelle+noch+keinen+
  Backlog+und+noch+keine+Tasks.+Warte+damit+bis+zum+abschlie%C3%9Fenden+%2Ffinalize.%0A%0A%23%23%23+
  2.2+Quit-Befehl%0A%0AGenerell+muss+Ihr+Programm+jederzeit+mit+der+Eingabe+des+Befehls+%60quit%60+b
  eendet+werden+k%C3%B6nnen.%0ABeachten+Sie%2C+dass+f%C3%BCr+das+Testen+Ihrer+Abgabe+dieser+Befehl+e
  ssenziell+ist%2C+da+viele+der+Tests+%60quit%60+am+Ende+einer+Testsequenz+verwenden%2C+um+Ihr+Progr
  amm+zu+beenden.%0AStellen+Sie+daher+sicher%2C+dass+der+Befehl+in+jeder+Situation+funktioniert.%0AB
  eachten+Sie+bitte+nochmals%2C+dass+Sie+hierf%C3%BCr+nicht+%60System.exit%28%29%60+oder+andere+ausg
  eschlossene+Funktionen+verwenden+d%C3%BCrfen.&project=ProgrammingST22-Final2&role=requirements&tas
  k=Understand+the+st22final02+and+create+its+backlog+when+prompted.&timestamp=2026-07-23T14%3A42%3A
  44.934Z&domain=st22final02

● Injected adaptive memory context into system prompt

● <adaptive_rules>
  - These implementation guidelines are mandatory for Abschlussaufgabe 2 "AlphaZeta" and must be
  followed exactly.
  - After printing an error message the program must continue and wait for the next input.
  - Program outputs must exactly match the specification including case, spaces, and newlines for
  automated tests.
  - All submitted code must compile without errors.
  - The mandatory tests must be passed before other tests are evaluated.
  - Program code must be written in English.
  - JavaDoc @author tag must contain only the student's u-Kürzel.
  - Calls to System.exit(), Runtime.exit() or similar must not be used.
  - Do not reassign the standard streams System.in or System.out.
  - Comments should be uniformly written either in English or German.
  - Always destroy all additional modules first (for Sammler: Container modules), then destroy the
  Engine.
  - Otherwise a successful action leads to no output unless another rule specifies output.
  - Otherwise, the dialog system asks the decider to select N of the ship's modules; the choice text
   is: `<Decider> must select <N> of <Ship>s module(s) (separated by comma):` and the module list is
   alphabetically ordered.
  - The user interface must be case-insensitive with respect to user input.
  - Error messages should clearly indicate why an input was rejected.
  - Every error message must begin with 'Error,' and must not contain special characters such as
  newlines or umlauts.
  </adaptive_rules>

  <memories>
    - The assignment 'Abschlussaufgabe 2 — AlphaZeta (AZ)' is for the course 'Programmieren'.
    - Document 'task.md' describes the assignment 'Abschlussaufgabe 2 — AlphaZeta (AZ)'.
    - The file task.md contains the assignment "Abschlussaufgabe 2 — AlphaZeta (AZ)"
    - The assignment 'Abschlussaufgabe 2 — AlphaZeta (AZ)' was assigned in 'Sommersemester 2022'.
    - The assignment belongs to the course "Programmieren"
    - The assignment is centered on the game 'AlphaZeta (AZ)'.
    - The assignment is for semester "Sommersemester 2022"
  </memories>
  <knowledge>
    - Use System.out for output by default unless the assignment states otherwise.
    - Choose appropriate visibilities for classes, methods and attributes and follow naming and
  whitespace rules.
    - Use System.in for input by default unless the assignment states otherwise.
    - Follow Checkstyle rules; some Checkstyle violations cause automatic zero points while others
  may cause point deductions.
    - Error messages may optionally be printed to System.err instead of System.out.
    - Programm muss jederzeit durch Eingabe des Befehls `quit` beendet werden können.
    - Viele Tests verwenden `quit` am Ende einer Testsequenz; `quit` muss in jeder Situation
  funktionieren.
    - Zur Implementierung von `quit` dürfen `System.exit()` oder andere ausgeschlossene Funktionen
  nicht verwendet werden.
    - Submit your *.java files online for task A in single-person work with the correct folder
  structure.
    - Bereits korrekt konfigurierte vorherige Schiffe werden nach einem Fehler nicht erneut erfragt.
    - Bei ungültiger Spielfeld-Eingabe wird eine Fehlermeldung ausgegeben und auf erneute Eingabe
  gewartet; die einleitende Aufforderung wird nicht wiederholt.
  </knowledge>
  <entity_paths>
    - Abschlussaufgabe 2 — AlphaZeta (AZ) RELATES_TO Prof. Dr.-Ing. Anne Koziolek: Prof. Dr.-Ing.
  Anne Koziolek is the lecturer for the assignment.
    - Abschlussaufgabe 2 — AlphaZeta (AZ) RELATES_TO AlphaZeta (AZ): The assignment is centered on
  the game 'AlphaZeta (AZ)'.
    - Abschlussaufgabe 2 — AlphaZeta (AZ) RELATES_TO Programmieren: The assignment 'Abschlussaufgabe
   2 — AlphaZeta (AZ)' is for the course 'Programmieren'.
    - Abschlussaufgabe 2 — AlphaZeta (AZ) RELATES_TO Sommersemester 2022: The assignment
  'Abschlussaufgabe 2 — AlphaZeta (AZ)' was assigned in 'Sommersemester 2022'.
    - Abschlussaufgabe 2 — AlphaZeta (AZ) RELATES_TO Institute of Information Security and
  Dependability: The assignment was produced by the group 'Institute of Information Security and
  Dependability'.
    - task.md RELATES_TO Abschlussaufgabe 2 — AlphaZeta (AZ): The file task.md contains the
  assignment "Abschlussaufgabe 2 — AlphaZeta (AZ)"; Document 'task.md' describes the assignment
  'Abschlussaufgabe 2 — AlphaZeta (AZ)'.
    - task.md RELATES_TO Prof. Dr.-Ing. Anne Koziolek: The assignment lists Prof. Dr.-Ing. Anne
  Koziolek as the instructor
    - task.md RELATES_TO Programmieren: The assignment belongs to the course "Programmieren"
    - task.md RELATES_TO Sommersemester 2022: The assignment is for semester "Sommersemester 2022"
    - task.md RELATES_TO Institute of Information Security and Dependability: The assignment is
  associated with the group "Institute of Information Security and Dependability"
    - task.md RELATES_TO 20 Punkte: The assignment document specifies its points value as 20 points
    - task.md RELATES_TO Version 1.4: The assignment document version is 1.4
    - task.md RELATES_TO Document structure: game explanation then UI to program: The document
  states its structure: first the game mechanics are explained, then the user interface to be
  programmed is described
    - AlphaZeta (AZ) RELATES_TO Setting: year 2985; two AIs A and Z compete to extract asteroid-belt
   resources, created by two largest companies: The AlphaZeta (AZ) game is set in year 2985 where
  two AIs (A and Z), created by the two largest companies, compete to extract resources from the
  asteroid belt
    - AlphaZeta (AZ) RELATES_TO KIs A and Z: In 'AlphaZeta (AZ)' two artificial intelligences named
  A and Z were created.
    - AlphaZeta (AZ) RELATES_TO Asteroid belt resource extraction: The objective of the KIs in
  'AlphaZeta (AZ)' is to extract resources from the asteroid belt.
    - AlphaZeta (AZ) RELATES_TO Jahr 2985: The game 'AlphaZeta (AZ)' is set in the distant future
  year 2985.
    - Abschlussaufgabe 2 — AlphaZeta (AZ) RELATES_TO AlphaZeta (AZ): The assignment is centered on
  the game 'AlphaZeta (AZ)'.
    - AlphaZeta (AZ) RELATES_TO Setting: year 2985; two AIs A and Z compete to extract asteroid-belt
   resources, created by two largest companies: The AlphaZeta (AZ) game is set in year 2985 where
  two AIs (A and Z), created by the two largest companies, compete to extract resources from the
  asteroid belt
    - Abschlussaufgabe 2 — AlphaZeta (AZ) RELATES_TO AlphaZeta (AZ): The assignment is centered on
  the game 'AlphaZeta (AZ)'.
    - AlphaZeta (AZ) RELATES_TO KIs A and Z: In 'AlphaZeta (AZ)' two artificial intelligences named
  A and Z were created.
    - Abschlussaufgabe 2 — AlphaZeta (AZ) RELATES_TO AlphaZeta (AZ): The assignment is centered on
  the game 'AlphaZeta (AZ)'.
    - AlphaZeta (AZ) RELATES_TO Asteroid belt resource extraction: The objective of the KIs in
  'AlphaZeta (AZ)' is to extract resources from the asteroid belt.
  </entity_paths>
  <entity_matches>
    - Abschlussaufgabe 2 — AlphaZeta (AZ) (score: 0.81) — The assignment titled 'AlphaZeta (AZ)'.
    - task.md (score: 0.71) — Assignment document file for the AZ task
    - 20 Punkte (score: 0.70) — Point value assigned to the task
    - AlphaZeta (AZ) (score: 0.70) — The game/setting that the assignment implements.
    - Programmieren (score: 0.68) — Course named 'Programmieren' (Programming lecture).
  </entity_matches>
  <insights>
    - Agent community around Abschlussaufgabe 2 — AlphaZeta (AZ), task.md, 20 Punkte connects
  Sommersemester 2022, Institute of Information Security and Dependability, Version 1.4. Relevant
  agent facts: Prof. Dr.-Ing. Anne Koziolek is the lecturer for the assignment.; The assignment is
  centered on the game 'AlphaZeta (AZ)'.; The file task.md contains the assignment "Abschlussaufgabe
   2 — AlphaZeta (AZ)"
    - Agent community around AlphaZeta (AZ), Setting: year 2985; two AIs A and Z compete to extract
  asteroid-belt resources, created by two largest companies, KIs A and Z. Relevant agent facts: The
  assignment is centered on the game 'AlphaZeta (AZ)'.; The AlphaZeta (AZ) game is set in year 2985
  where two AIs (A and Z), created by the two largest companies, compete to extract resources from
  the asteroid belt; In 'AlphaZeta (AZ)' two artificial intelligences named A and Z were created.
    - Agent community around Abschlussaufgabe 2 — AlphaZeta (AZ), task.md, 20 Punkte connects Prof.
  Dr.-Ing. Anne Koziolek, Sommersemester 2022, Institute of Information Security and Dependability,
  Version 1.4. Relevant agent facts: Prof. Dr.-Ing. Anne Koziolek is the lecturer for the
  assignment.; The assignment is centered on the game 'AlphaZeta (AZ)'.; The file task.md contains
  the assignment "Abschlussaufgabe 2 — AlphaZeta (AZ)"
  </insights>

● adaptive-memory extension active (role=requirements, memorySession=20260723-163807-req) - type
  /memory-help. MCP tools registered (memory=true, backlog=true).







Changes    +0 -0
Duration   1m 34s
Tokens     ↑ 27.9k (1.3k cached) • ↓ 189 (98 reasoning)
[delivery:requirements] Turn 6/11 complete
[delivery:requirements] Turn 7/11: task.md — segment 6/9 — Abschlussaufgabe 2 — AlphaZeta (AZ) > 2 Implementierung von AlphaZeta (AZ) > 2.3 Vorbereitung: Start, Konfiguration
● [adaptive-context] GET
  http://localhost:4444/api/agents/7af7809a-adce-4fa9-9609-fd61059de0ff/sessions/20260723-163807-req
  /context?input=Dokument%3A+task.md%0ASegment%3A+6%2F9%0AAbschnitt%3A+Abschlussaufgabe+2+%E2%80%94+
  AlphaZeta+%28AZ%29+%3E+2+Implementierung+von+AlphaZeta+%28AZ%29+%3E+2.3+Vorbereitung%3A+Start%2C+K
  onfiguration%0A%0ALies+diesen+Abschnitt+sorgf%C3%A4ltig+und+behalte+den+Kontext.+Erstelle+noch+kei
  nen+Backlog+und+noch+keine+Tasks.+Warte+damit+bis+zum+abschlie%C3%9Fenden+%2Ffinalize.%0A%0A%23%23
  %23+2.3+Vorbereitung%3A+Start%2C+Konfiguration%0A%0AAm+Anfang+muss+das+Spiel+konfiguriert+werden.%
  0AHierzu+wird+das+Spiel+mit+genau+drei+Kommandozeilen-Parametern+gestartet.%0ADer+erste+Parameter+
  ist+ein+*Seed*+f%C3%BCr+den+Zufallszahlengenerator%2C+welcher+den+W%C3%BCrfel+ersetzt.%0ADer+Seed+
  soll+hierbei+im+Intervall+von+%5BINT_MIN%2C+INT_MAX%5D+liegen.%0ADer+zweite+Parameter+gibt+die+Sei
  tenl%C3%A4nge+des+Spielfeldes+an.%0AHierbei+w%C3%BCrde+der+Parameter+5+bedeuten%2C+dass+auf+einem+
  5%C3%975+Spielfeld+gespielt+wird.%0ADer+letzte+Parameter+gibt+an%2C+wie+viele+*Container*-Module+d
  ie+Sammler+der+KIs+haben.%0ADieser+Wert+muss+immer+im+geschlossenen+Intervall+%5B0%2C+3%5D+liegen.
  %0A%0A%23%23%23%23+Seed+%26+W%C3%BCrfelwurf%0A%0AEin+deterministischer+Zufallszahlengenerator+ist+
  ein+Verfahren+zur+Erzeugung+einer+Zahlenfolge%2C+deren+Eigenschaften+den+Eigenschaften+von+Zufalls
  zahlenfolgen+nahekommen.%0ADie+von+deterministischen+Zufallszahlengeneratoren+erzeugte+Folge+ist+j
  edoch+nicht+wirklich+zuf%C3%A4llig%2C+da+sie+vollst%C3%A4ndig+durch+einen+Anfangswert%2C+den+sogen
  annten+*Seed*%2C+bestimmt+wird.%0A%0AVerwenden+Sie+nur+den+Konstruktor+%60Random%28long+seed%29%60
  %2C+um+einen+neuen+Zufallszahlengenerator+mit+einem+Anfangswert+zu+instanziieren.%0AEine+Instanz+d
  ieser+Klasse+wird+verwendet%2C+um+eine+Folge+von+deterministischen+Zufallszahlen+zu+erzeugen.%0AVe
  rwenden+Sie+bei+der+Implementierung+Ihres+Spiels+nur+eine+einzige+feste+Instanz+dieses+Zufallszahl
  engenerators%2C+um+eine+feste+deterministische+Folge+von+W%C3%BCrfelw%C3%BCrfen+zu+gew%C3%A4hrleis
  ten.%0A%0AVerwenden+Sie+dann%2C+ausschlie%C3%9Flich+auf+dieser+Instanz%2C+die+Methode+%60nextInt%2
  8int+bound%29%60%2C+um+die+n%C3%A4chste+deterministische+Zahl+aus+der+Folge+dieses+Zufallszahlenge
  nerators+zu+erhalten.%0AF%C3%BCr+die+Berechnung+eines+W%C3%BCrfelwurfs+berechnen+sie+bitte+immer+%
  60random.nextInt%286%29+%2B+1%60.%0AVerwenden+Sie+die+Methode+bei+Ihrer+Implementierung+nur+dann%2
  C+wenn+Sie+einen+W%C3%BCrfelwurf+durchf%C3%BChren+m%C3%BCssen%2C+damit+eine+feste+deterministische
  +Zahlenfolge+gew%C3%A4hrleistet+ist.%0A%0A%23%23%23%23+Programmstart-Interaktion%0A%0AZum+Spielsta
  rt+zeigt+das+System+zun%C3%A4chst+eine+Willkommensbotschaft+an.%0ADiese+wird+in+Zeile+2+der+folgen
  den+Beispielinteraktion+dargestellt.%0AAnschlie%C3%9Fend+fordert+das+System+zur+Konfiguration+der+
  Schiffe+der+KIs+an.%0AHierzu+werden+nacheinander+die+Module+der+verschiedenen+Schiffe+abgefragt.%0
  ADie+Reihenfolge+der+Schiffe+ist+hierbei+wie+in+der+Beispielinteraktion+festgelegt.%0ADas+System+l
  istet+die+m%C3%B6glichen+Module+immer+alphabetisch+auf.%0ABeachten+Sie%2C+dass+fehlerhafte+Konfigu
  rationen+*fr%C3%BChstm%C3%B6glich*+erkannt+werden+sollen.%0ASobald+eine+fehlerhafte+Konfiguration+
  erkannt+wurde%2C+wird+eine+aussagekr%C3%A4ftige+Fehlermeldung+ausgegeben+und+die+Abfrage+der+Konfi
  guration+f%C3%BCr+das+Schiff+wiederholt.%0AHierbei+wird+die+bereits+korrekte+Konfiguration+f%C3%BC
  r+die+vorherigen+Schiffe+*nicht*+erneut+erfragt.%0AEin+Beispiel+hierf%C3%BCr+findet+sich+in+der+zw
  eiten+Beispielinteraktion+in+diesem+Paragraphen.%0ANachdem+alle+Schiffe+konfiguriert+wurden%2C+mus
  s+das+Spielfeld+konfiguriert+werden.%0ADies+wird+durch+eine+Aufforderung+des+Spiels+eingeleitet+%2
  8siehe+Beispielinteraktion%29.%0ADie+Konfiguration+des+Spielfeldes+wird+durch+die+Eingabe+einer+Ze
  ichenfolge+durchgef%C3%BChrt.%0AHierbei+wird+%60.%60+als+freies+Feld%2C+%601%60+f%C3%BCr+halbe+Dec
  kung%2C+%602%60+f%C3%BCr+volle+Deckung+und+die+entsprechenden+Buchstaben+f%C3%BCr+die+Raumschiffe+
  verwendet.%0ADie+Zeichenfolge+beschreibt+hierbei+Zeilenweise+%28von+links+nach+rechts+und+von+oben
  +nach+unten%29+das+Spielfeld.%0AF%C3%BCr+ein+5%C3%975+Spielfeld%2C+m%C3%BCssten+also+25+Zeichen+ei
  ngegeben+werden%2C+wobei+die+ersten+5+Zeichen+die+oberste+Reihe+%28von+links+nach+rechts%29+beschr
  eiben+w%C3%BCrden.%0AFalls+ein+ung%C3%BCltiges+Spielfeld+eingegeben+wird%2C+so+wird+eine+Fehlermel
  dung+ausgegeben+und+das+System+wartet+erneut+auf+eine+Eingabe+des+Spielfelds.%0AEs+wird+insbesonde
  re+nicht+die+Aufforderung+zu+Beginn+der+Konfiguration+wiederholt.%0ANach+der+korrekten+Konfigurati
  on+des+Spielfeldes+beginnt+Alphas+Zug.%0ADies+wird+mit+der+in+der+Interaktion+dargestellten+Ausgab
  e+angek%C3%BCndigt.&project=ProgrammingST22-Final2&role=requirements&task=Understand+the+st22final
  02+and+create+its+backlog+when+prompted.&timestamp=2026-07-23T14%3A42%3A54.845Z&domain=st22final02

● Injected adaptive memory context into system prompt

● <adaptive_rules>
  - These implementation guidelines are mandatory for Abschlussaufgabe 2 "AlphaZeta" and must be
  followed exactly.
  - Otherwise, the dialog system asks the decider to select N of the ship's modules; the choice text
   is: `<Decider> must select <N> of <Ship>s module(s) (separated by comma):` and the module list is
   alphabetically ordered.
  - Always destroy all additional modules first (for Sammler: Container modules), then destroy the
  Engine.
  - Action 'propel' is only available if the ship has a Propulsion module.
  - Program outputs must exactly match the specification including case, spaces, and newlines for
  automated tests.
  - All submitted code must compile without errors.
  - Program code must be written in English.
  - JavaDoc @author tag must contain only the student's u-Kürzel.
  - After printing an error message the program must continue and wait for the next input.
  - If a ship has multiple modules of the same type, destroying one module of that type always
  removes the first such module according to the initial configuration order.
  - During 'move', the target tile must not be covered by cover or occupied by another ship.
  - Calls to System.exit(), Runtime.exit() or similar must not be used.
  - Do not reassign the standard streams System.in or System.out.
  - Comments should be uniformly written either in English or German.
  - The user interface must be case-insensitive with respect to user input.
  - Otherwise a successful action leads to no output unless another rule specifies output.
  - Error messages should clearly indicate why an input was rejected.
  - Every error message must begin with 'Error,' and must not contain special characters such as
  newlines or umlauts.
  - The mandatory tests must be passed before other tests are evaluated.
  </adaptive_rules>

  <memories>
    - The assignment 'Abschlussaufgabe 2 — AlphaZeta (AZ)' is for the course 'Programmieren'.
    - The assignment is centered on the game 'AlphaZeta (AZ)'.
    - The file task.md contains the assignment "Abschlussaufgabe 2 — AlphaZeta (AZ)"
    - Document 'task.md' describes the assignment 'Abschlussaufgabe 2 — AlphaZeta (AZ)'.
    - The assignment 'Abschlussaufgabe 2 — AlphaZeta (AZ)' was assigned in 'Sommersemester 2022'.
    - The assignment belongs to the course "Programmieren"
    - The assignment is for semester "Sommersemester 2022"
    - The document states its structure: first the game mechanics are explained, then the user
  interface to be programmed is described
    - ProgrammingST22-Final2 requires exact output formatting: capitalization, spaces, and line
  breaks must exactly match the specification with no additional information.
    - ProgrammingST22-Final2 uses a defined error-handling convention: semantic or syntactic
  violations must output an informative message prefixed with `Error,` (no special characters,
  umlauts, or newlines) and then continue normal execution.
  </memories>
  <knowledge>
    - Follow Checkstyle rules; some Checkstyle violations cause automatic zero points while others
  may cause point deductions.
    - Choose appropriate visibilities for classes, methods and attributes and follow naming and
  whitespace rules.
    - Use System.in for input by default unless the assignment states otherwise.
    - Submission will automatically receive zero points if any of the following mandatory rules are
  violated.
    - Error messages may optionally be printed to System.err instead of System.out.
    - Use System.out for output by default unless the assignment states otherwise.
    - Das Spielfeld wird durch eine Zeichenfolge konfiguriert: '.' freies Feld, '1' halbe Deckung,
  '2' volle Deckung, und Buchstaben für Raumschiffe (A,B,C,D,Z,W,X,Y).
    - Das Spiel wird mit genau drei Kommandozeilenparametern gestartet.
    - Die Zeichenfolge beschreibt das Spielfeld zeilenweise (links nach rechts, oben nach unten);
  für ein 5×5-Spielfeld werden 25 Zeichen erwartet, die ersten 5 Zeichen sind die oberste Reihe.
    - Bei ungültiger Spielfeld-Eingabe wird eine Fehlermeldung ausgegeben und auf erneute Eingabe
  gewartet; die einleitende Aufforderung wird nicht wiederholt.
    - Submit your *.java files online for task A in single-person work with the correct folder
  structure.
    - Bereits korrekt konfigurierte vorherige Schiffe werden nach einem Fehler nicht erneut erfragt.
    - Programm muss jederzeit durch Eingabe des Befehls `quit` beendet werden können.
    - Zur Implementierung von `quit` dürfen `System.exit()` oder andere ausgeschlossene Funktionen
  nicht verwendet werden.
    - 2. Parameter — Seitenlänge: Seitenlänge des Spielfeldes, mindestens 5 und ungerade.
    - 1. Parameter — Seed: Seed für den Zufallszahlengenerator, Intervall [INT_MIN, INT_MAX].
    - Die Implementierung darf nur den Konstruktor Random(long seed) verwenden, um einen neuen
  Zufallszahlengenerator zu instantiieren.
    - Für die Berechnung eines Würfelwurfs ist immer `random.nextInt(6) + 1` zu verwenden.
    - Bei der Implementierung darf nur eine einzige feste Instanz des Zufallszahlengenerators
  verwendet werden.
    - Die Methode nextInt darf nur dann verwendet werden, wenn tatsächlich ein Würfelwurf
  durchgeführt werden muss.
    - Es darf ausschließlich die Methode nextInt(int bound) auf dieser Random-Instanz verwendet
  werden, um die nächste Zahl zu erhalten.
    - 3. Parameter — Container: Anzahl der Container-Module der Sammler, Wert im geschlossenen
  Intervall [0, 3].
    - Ein Sammler hat genau einen Engine-Antrieb und ansonsten nur das Spezialmodul Container.
    - Anzahl der Waffen-Module pro Raumschiff darf höchstens 2 betragen.
    - Pro Flotte darf maximal 1 Sensor-Modul vorhanden sein.
    - Fehlerhafte Modulkonfigurationen sind frühstmöglich zu erkennen; bei Erkennung wird eine
  aussagekräftige Fehlermeldung ausgegeben und die Abfrage für das Schiff wiederholt.
    - If all modules of a ship or all modules except the Engine are destroyed, the system does not
  prompt the player; modules are removed in the order they were added during configuration.
    - Module destruction is printed as `<Ship> looses <Module>` for each module, in the order of AI
  selection or configuration order.
    - Help command lists all system commands in a predetermined fixed order.
    - Pro Raumschiff maximal 1 Propulsion-Modul.
    - Pro Raumschiff maximal 1 Shield-Modul.
    - Das Spielfeld ist achsensymmetrisch bezüglich der Südwest-Nordost-Achse für Deckungen; diese
  Symmetrie gilt nicht für Raumschiffe.
    - Board command displays the game field using '.' for empty tiles, '1' or '2' for cover values,
  and letters for ships; destroyed ships are not displayed.
    - Use exclusively Java SE 17 for implementations.
    - Die Aktion `ramm` darf pro Schiff pro Zug nur einmal eingesetzt werden.
    - If a dialog input is invalid, show an error message and ask for input again; do not repeat the
   leading prompt text.
  </knowledge>
  <entity_paths>
    - ProgrammingST22-Final2 USES Exact output matching: ProgrammingST22-Final2 requires exact
  output formatting: capitalization, spaces, and line breaks must exactly match the specification
  with no additional information.
    - ProgrammingST22-Final2 USES Error message format: ProgrammingST22-Final2 uses a defined
  error-handling convention: semantic or syntactic violations must output an informative message
  prefixed with `Error,` (no special characters, umlauts, or newlines) and then continue normal
  execution.
    - Abschlussaufgabe 2 — AlphaZeta (AZ) RELATES_TO Prof. Dr.-Ing. Anne Koziolek: Prof. Dr.-Ing.
  Anne Koziolek is the lecturer for the assignment.
    - Abschlussaufgabe 2 — AlphaZeta (AZ) RELATES_TO AlphaZeta (AZ): The assignment is centered on
  the game 'AlphaZeta (AZ)'.
    - Abschlussaufgabe 2 — AlphaZeta (AZ) RELATES_TO Programmieren: The assignment 'Abschlussaufgabe
   2 — AlphaZeta (AZ)' is for the course 'Programmieren'.
    - Abschlussaufgabe 2 — AlphaZeta (AZ) RELATES_TO Sommersemester 2022: The assignment
  'Abschlussaufgabe 2 — AlphaZeta (AZ)' was assigned in 'Sommersemester 2022'.
    - Abschlussaufgabe 2 — AlphaZeta (AZ) RELATES_TO Institute of Information Security and
  Dependability: The assignment was produced by the group 'Institute of Information Security and
  Dependability'.
    - AlphaZeta (AZ) RELATES_TO Setting: year 2985; two AIs A and Z compete to extract asteroid-belt
   resources, created by two largest companies: The AlphaZeta (AZ) game is set in year 2985 where
  two AIs (A and Z), created by the two largest companies, compete to extract resources from the
  asteroid belt
    - AlphaZeta (AZ) RELATES_TO KIs A and Z: In 'AlphaZeta (AZ)' two artificial intelligences named
  A and Z were created.
    - AlphaZeta (AZ) RELATES_TO Asteroid belt resource extraction: The objective of the KIs in
  'AlphaZeta (AZ)' is to extract resources from the asteroid belt.
    - AlphaZeta (AZ) RELATES_TO Jahr 2985: The game 'AlphaZeta (AZ)' is set in the distant future
  year 2985.
    - Abschlussaufgabe 2 — AlphaZeta (AZ) RELATES_TO AlphaZeta (AZ): The assignment is centered on
  the game 'AlphaZeta (AZ)'.
    - AlphaZeta (AZ) RELATES_TO Setting: year 2985; two AIs A and Z compete to extract asteroid-belt
   resources, created by two largest companies: The AlphaZeta (AZ) game is set in year 2985 where
  two AIs (A and Z), created by the two largest companies, compete to extract resources from the
  asteroid belt
    - Abschlussaufgabe 2 — AlphaZeta (AZ) RELATES_TO AlphaZeta (AZ): The assignment is centered on
  the game 'AlphaZeta (AZ)'.
    - AlphaZeta (AZ) RELATES_TO KIs A and Z: In 'AlphaZeta (AZ)' two artificial intelligences named
  A and Z were created.
    - Abschlussaufgabe 2 — AlphaZeta (AZ) RELATES_TO AlphaZeta (AZ): The assignment is centered on
  the game 'AlphaZeta (AZ)'.
    - AlphaZeta (AZ) RELATES_TO Asteroid belt resource extraction: The objective of the KIs in
  'AlphaZeta (AZ)' is to extract resources from the asteroid belt.
    - Abschlussaufgabe 2 — AlphaZeta (AZ) RELATES_TO AlphaZeta (AZ): The assignment is centered on
  the game 'AlphaZeta (AZ)'.
    - AlphaZeta (AZ) RELATES_TO Jahr 2985: The game 'AlphaZeta (AZ)' is set in the distant future
  year 2985.
  </entity_paths>
  <entity_matches>
    - ProgrammingST22-Final2 (score: 1.00) — Course final project repository for the semester
  assignment.
    - Abschlussaufgabe 2 — AlphaZeta (AZ) (score: 0.77) — The assignment titled 'AlphaZeta (AZ)'.
    - AlphaZeta (AZ) (score: 0.75) — The game/setting that the assignment implements.
    - Document structure: game explanation then UI to program (score: 0.73) — Order of sections:
  game description followed by UI programming instructions
    - KIs A and Z (score: 0.71) — Two named artificial intelligences (A and Z) in the game.
  </entity_matches>
  <insights>
    - Agent community around Abschlussaufgabe 2 — AlphaZeta (AZ), Document structure: game
  explanation then UI to program, Prof. Dr.-Ing. Anne Koziolek connects task.md, Institute of
  Information Security and Dependability, 20 Punkte, Version 1.4. Relevant agent facts: Prof.
  Dr.-Ing. Anne Koziolek is the lecturer for the assignment.; The assignment is centered on the game
   'AlphaZeta (AZ)'.; The file task.md contains the assignment "Abschlussaufgabe 2 — AlphaZeta (AZ)"
    - Agent community around AlphaZeta (AZ), KIs A and Z, Setting: year 2985; two AIs A and Z
  compete to extract asteroid-belt resources, created by two largest companies. Relevant agent
  facts: The assignment is centered on the game 'AlphaZeta (AZ)'.; The AlphaZeta (AZ) game is set in
   year 2985 where two AIs (A and Z), created by the two largest companies, compete to extract
  resources from the asteroid belt; In 'AlphaZeta (AZ)' two artificial intelligences named A and Z
  were created.
    - Agent community around Abschlussaufgabe 2 — AlphaZeta (AZ), AlphaZeta (AZ), Document
  structure: game explanation then UI to program connects task.md, Programmieren, Sommersemester
  2022, Institute of Information Security and Dependability. Relevant agent facts: Prof. Dr.-Ing.
  Anne Koziolek is the lecturer for the assignment.; The assignment is centered on the game
  'AlphaZeta (AZ)'.; The file task.md contains the assignment "Abschlussaufgabe 2 — AlphaZeta (AZ)"
  </insights>

● adaptive-memory extension active (role=requirements, memorySession=20260723-163807-req) - type
  /memory-help. MCP tools registered (memory=true, backlog=true).







Changes    +0 -0
Duration   1m 52s
Tokens     ↑ 30.0k (1.3k cached) • ↓ 525 (276 reasoning)
[delivery:requirements] Turn 7/11 complete
[delivery:requirements] Turn 8/11: task.md — segment 7/9 — Abschlussaufgabe 2 — AlphaZeta (AZ) > 2 Implementierung von AlphaZeta (AZ) > 2.4 Laufendes Spiel: Alphas und Zetas Zug
● [adaptive-context] GET http://localhost:4444/api/agents/7af7809a-adce-4fa9-9609-fd61059de0ff/sessi
  ons/20260723-163807-req/context?input=Dokument%3A+task.md%0ASegment%3A+7%2F9%0AAbschnitt%3A+Abschl
  ussaufgabe+2+%E2%80%94+AlphaZeta+%28AZ%29+%3E+2+Implementierung+von+AlphaZeta+%28AZ%29+%3E+2.4+Lau
  fendes+Spiel%3A+Alphas+und+Zetas+Zug%0A%0ALies+diesen+Abschnitt+sorgf%C3%A4ltig+und+behalte+den+Ko
  ntext.+Erstelle+noch+keinen+Backlog+und+noch+keine+Tasks.+Warte+damit+bis+zum+abschlie%C3%9Fenden+
  %2Ffinalize.%0A%0A%23%23%23+2.4+Laufendes+Spiel%3A+Alphas+und+Zetas+Zug%0A%0ANachdem+das+Spiel+kon
  figuriert+wurde%2C+kann+mittels+Befehlen+das+Spiel+gesteuert+werden.%0ADie+verschiedenen+Befehle+w
  erden+im+folgenden+erl%C3%A4utert.%0ABeachten+Sie%2C+dass+der+*Quit*-Befehl+von+oben+auch+in+diese
  r+Phase+des+Spiels+weiter+funktionieren+muss%21%0A%0A%23%23%23%23+Befehl%3A+help%0A%0ADer+*help*-B
  efehl+dient+als+%C3%9Cbersicht+%C3%BCber+die+m%C3%B6glichen+Befehle+an+das+System.%0ADie+Ausgabe+d
  es+Befehls+ist+immer+die+Auflistung+aller+Befehle+des+Systems.%0ADie+Reihenfolge+hierbei+ist+fest+
  vorgegeben.%0A%0A%23%23%23%23+Befehl%3A+board%0A%0ADer+*board*-Befehl+zeigt+den+aktuellen+Zustand+
  des+Spielfeldes+an.%0AHierbei+werden+leere+Kacheln+durch+einen+Punkt%2C+Deckung+durch+ihren+jeweil
  igen+Wert+%281+oder+2%29+und+die+Schiffe+der+KIs+durch+ihre+Buchstaben+dargestellt.%0AZerst%C3%B6r
  te+Schiffe+werden+nicht+mehr+angezeigt.%0A%0A%23%23%23%23+Befehl%3A+fleet%0A%0ADer+*fleet*-Befehl+
  listet+den+Zustand+der+Flotten+der+KIs+auf.%0AHierbei+wird+jede+Flotte+mit+dem+Namen+der+KI+eingel
  eitet%3B+z.B.+%60Alpha%27s+fleet%60.%0AAnschlie%C3%9Fend+folgt+die+Auflistung+der+Schiffe+in+feste
  r+Reihenfolge.%0AZuerst+wird+der+Zustand+des+Schiffs+angegeben%3A+%60%3CC%3E%60+steht+f%C3%BCr+ein
  en+*Sammler*%2C+%60%3C-%3E%60+f%C3%BCr+ein+intaktes+Angriffsschiff+und+%60%7EX%7E%60+f%C3%BCr+ein+
  zerst%C3%B6rtes+Schiff.%0AFalls+ein+Schiff+noch+nicht+zerst%C3%B6rt+ist%2C+wird+anschlie%C3%9Fend+
  eine+alphabetisch+sortierte+Liste+der+Module%2C+die+noch+intakt+sind%2C+ausgegeben.%0AModule+werde
  n+nur+mit+Gro%C3%9Fbuchstaben+ausgegeben.%0A%0A%23%23%23%23+Befehl%3A+actions%0A%0ADer+*actions*-B
  efehl+gibt+f%C3%BCr+ein+konkretes+Schiff+diejenigen+Aktionen+aus%2C+die+es+in+dieser+Runde+noch+ni
  cht+verwendet+hat.%0AF%C3%BCr+die+Schiffe+der+gegnerischen+KIs+werden+also+insbesondere+alle+Aktio
  nen+ausgegeben%2C+die+durch+die+jeweiligen+Module+gegeben+sind.%0ADie+Liste+der+Aktionen+ist+hierb
  ei+alphabetisch+sortiert+und+alle+Aktionen+sind+mit+Gro%C3%9Fbuchstaben+auszugeben.%0AF%C3%BCr+zer
  st%C3%B6rte+Schiffe+und+f%C3%BCr+Schiffe%2C+die+keine+Aktionen+mehr+im+Zug+ausf%C3%BChren+k%C3%B6n
  nen%2C+wird+%60No+available+actions+for+%3CAKTEUR%3E%60+ausgegeben.+Hierbei+ist+%60%3CAKTEUR%3E%60
  +der+Platzhalter+f%C3%BCr+den+Namen+eines+Schiffes.%0A%0A%23%23%23%23+Befehl%3A+endturn%0A%0ADer+*
  endturn*-Befehl+beendet+den+Zug+der+aktuellen+KI.%0ADer+Beginn+des+neuen+Zugs+wird+mit+einer+entsp
  rechenden+Einleitung+quittiert%2C+die+Sie+aus+der+Beispielinteraktion+%C3%BCbernehmen+k%C3%B6nnen.
  %0A%0A%23%23%23%23+Aktionen%0A%0AAktionen+k%C3%B6nnen+werden+durch+das+Schema+%60%3CAKTEUR%3E+%3CA
  KTION%3E+%3CZIEL%3E%60+oder+%60%3CAKTEUR%3E+%3CAKTION%3E+%3CX%3E+%3CY%3E%60+ausgef%C3%BChrt+werden
  .%0AHierbei+ist+%60%3CAKTUER%3E%60+ein+Platzhalter+f%C3%BCr+eines+der+Schiffe+der+KI%2C+die+am+Zug
  +ist.%0A%60%3CAKTION%3E%60+ist+ein+Platzhalter%2C+der+die+Aktion+beschreibt%2C+die+das+Schiff+ausf
  %C3%BChren+soll.%0A%60%3CZIEL%3E%60+ist+ein+Platzhalter+f%C3%BCr+ein+gegnerisches+Schiff.%0A%60%3C
  X%3E+%3CY%3E%60+ist+ein+Platzhalter+f%C3%BCr+eine+Koordinate+auf+dem+Spielfeld.%0ASofern+nicht+and
  ers+beschrieben%2C+f%C3%BChrt+eine+Aktion%2C+die+erfolgreich+ist%2C+zu+keiner+Ausgabe.%0A%0AF%C3%B
  Cr+alle+Aktionen%2C+die+gegen+ein+Ziel-Raumschiff+%28vgl.+Tabelle+der+Module%29+ausgef%C3%BChrt+we
  rden%2C+wird+das+erste+Schema+verwendet.%0AF%C3%BCr+die+Aktionen+*move*+und+*propel*+wird+das+zwei
  te+Schema+verwendet.%0A%0AF%C3%BCr+Aktionen%2C+die+Module+zerst%C3%B6ren%2C+wird+zun%C3%A4chst+aus
  gegeben%2C+was+gew%C3%BCrfelt+wurde.%0AHierbei+entspricht+%60Roll%60+dem+tats%C3%A4chlichen+W%C3%B
  Crfelwurf+%28also+Wert+mittels+Zufallszahlengenerator%29.%0A%60Bonus%60+gibt+die+Differenz+zwische
  n+dem+tats%C3%A4chlichen+W%C3%BCrfelwurf+und+dem+Wert+des+Angriffsw%C3%BCrfelwurfs+an%2C+der+gewer
  tet+wird+%28also+z.B.+den+Abzug+durch+Deckung%29.%0A%0AFalls+alle+Module+eines+Schiffs+durch+den+A
  ngriff+zerst%C3%B6rt+werden+oder+alle+Module+bis+auf+die+*Engine*+zerst%C3%B6rt+werden%2C+wird+nic
  ht+nachgefragt%2C+welche+Module+eines+Schiffes+zerst%C3%B6rt+werden.%0AAls+Reihenfolge+f%C3%BCr+di
  e+Ausgabe+der+Zerst%C3%B6rung+der+Module+wird+hierbei+die+Reihenfolge%2C+in+der+die+Module+zum+Rau
  mschiff+in+der+Konfigurationsphase+hinzugef%C3%BCgt+wurden%2C+verwendet.%0AFalls+ein+Schiff+nur+gl
  eiche+Zusatzmodule+hat+und+somit+nur+eine+Modulart+zerst%C3%B6rt+werden+kann%2C+wird+auch+nicht+na
  chgefragt%2C+welches+der+Module+zerst%C3%B6rt+wird.%0AAnsonsten+wird+%C3%BCber+ein+Dialogsystem+en
  tschieden%2C+welche+Module+zerst%C3%B6rt+werden.%0ADer+Text+zur+Aufforderung+ist+immer+nach+folgen
  dem+Schema+aufgebaut%3A+%60%3CDecider%3E+must+select+%3CN%3E+of+%3CShip%3Es+module%28s%29+%28separ
  ated+by+comma%29%3A%60%0AHierbei+ist+%60%3CDecider%3E%60+der+Platzhalter+f%C3%BCr+den+Namen+der+KI
  %2C+die+entscheidet%2C+welche+Module+zerst%C3%B6rt+werden.%0A%60%3CN%3E%60+ist+ein+Platzhalter+f%C
  3%BCr+die+Anzahl+der+zu+w%C3%A4hlenden+Module.%0A%60%3CShip%3E%60+ist+der+Platzhalter+f%C3%BCr+den
  +Namen+des+betroffenen+Schiffs.%0ASollte+w%C3%A4hrend+des+Dialogs+eine+falsche+Auswahl+getroffen+w
  erden%2C+wird+eine+Fehlermeldung+ausgegeben+und+auf+eine+erneute+Eingabe+gewartet.%0AEs+wird+in+di
  esem+Fall+insbesondere+*nicht*+nochmals+der+einleitende+Text+ausgegeben.%0ADie+Auflistung+der+zur+
  Wahl+stehenden+Module+erfolgt+in+alphabetischer+Reihenfolge.%0A%0AWerden+Module+zerst%C3%B6rt%2C+s
  o+wird+dies+f%C3%BCr+jedes+Modul+vom+System+durch+%60%3CShip%3E+looses+%3CModule%3E%60+als+Meldung
  .%0AHierbei+ist+%60%3CModule%3E%60+ein+Platzhalter+f%C3%BCr+den+Namen+des+zerst%C3%B6rten+Moduls+%
  28bestehend+aus+nur+Gro%C3%9Fbuchstaben%29.%0ADie+Reihenfolge+der+Ausgabe+bei+mehreren+zerst%C3%B6
  rten+Modulen+wird+hierbei+durch+die+Reihenfolge+der+Auswahl+der+KI+bestimmt.%0AWird+also+in+der+Au
  swahl+entschieden%2C+dass+%60SWORD%2CSHIELD%60+zerst%C3%B6rt+werden+soll%2C+wird+zuerst+die+Meldun
  g+f%C3%BCr+%60SWORD%60+und+danach+die+andere+Meldung+ausgegeben.%0ABeachten+Sie%3A+Falls+ein+Modul
  +eines+Schiffes+zerst%C3%B6rt+wird%2C+das+Schiff+aber+mehrere+Module+dieses+Typs+noch+besitzt%2C+s
  o+wird+das+erste+dieser+Module+zerst%C3%B6rt.+Die+Reihenfolge+wird+hierbei+durch+die+Auswahl+der+K
  Is+zu+Spielbeginn+definiert.+Dies+ist+wichtig%2C+damit+Sie+entscheiden+k%C3%B6nnen%2C+in+welcher+R
  eihenfolge+Module+zerst%C3%B6rt+werden%2C+falls+in+einem+sp%C3%A4teren+Spielzug+keine+Entscheidung
  +der+KIs+mehr+n%C3%B6tig+ist%2C+sondern+Module+direkt+zerst%C3%B6rt+werden.+Beispiel%3A+Ein+Schiff
  +%60B%60+hat+die+Module+%60ENGINE%2CSWORD%2CSENSOR%2CSWORD%60+und+ein+%60SWORD%60-Modul+wird+zerst
  %C3%B6rt%2C+so+hat+das+Schiff+danach+noch+die+Module+%60ENGINE%2CSENSOR%2CSWORD%60+und+zwar+genau+
  in+dieser+Reihenfolge.+Falls+%60B%60+in+einem+folgenden+Zug+von+einer+%60Railgun%60+z.B.+kritisch+
  getroffen+wird%2C+so+verliert+das+Schiff+automatisch+die+Module+%60SENSOR%60+und+%60SWORD%60+in+di
  eser+Reihenfolge.%0A%0AWird+ein+Schiff+durch+das+zerst%C3%B6ren+der+Module+zerst%C3%B6rt%2C+quitti
  ert+dies+das+System+mit+%60%3CShip%3E+was+destroyed%60+als+Ausgabe.%0A%0AFalls+durch+den+Angriff+k
  ein+Modul+des+Ziels+zerst%C3%B6rt+wird%2C+wird+direkt+nach+der+Ausgabe+des+Bonus+in+einer+neuen+Ze
  ile+die+Nachricht+%60missed%60+ausgegeben.%0A%0ABeachten+Sie+hier+insbesondere+die+Aktion+*ramm*.%
  0AF%C3%BCr+den+Fall%2C+dass+der+Akteur+ein+Modul+verliert%2C+wird+die+gleiche+Abfrage+wie+sonst+ve
  rwendet+%28falls+n%C3%B6tig%29.%0AAuch+die+Ausgabe+der+verloren+Module+erfolgt+auf+die+%C3%BCblich
  e+weise.&project=ProgrammingST22-Final2&role=requirements&task=Understand+the+st22final02+and+crea
  te+its+backlog+when+prompted.&timestamp=2026-07-23T14%3A43%3A12.472Z&domain=st22final02

● Injected adaptive memory context into system prompt

● <adaptive_rules>
  - These implementation guidelines are mandatory for Abschlussaufgabe 2 "AlphaZeta" and must be
  followed exactly.
  - If a ship has multiple modules of the same type, destroying one module of that type always
  removes the first such module according to the initial configuration order.
  - Action 'propel' is only available if the ship has a Propulsion module.
  - Otherwise, the dialog system asks the decider to select N of the ship's modules; the choice text
   is: `<Decider> must select <N> of <Ship>s module(s) (separated by comma):` and the module list is
   alphabetically ordered.
  - Otherwise a successful action leads to no output unless another rule specifies output.
  - After printing an error message the program must continue and wait for the next input.
  - During 'move', the target tile must not be covered by cover or occupied by another ship.
  - Program code must be written in English.
  - JavaDoc @author tag must contain only the student's u-Kürzel.
  - Always destroy all additional modules first (for Sammler: Container modules), then destroy the
  Engine.
  - All submitted code must compile without errors.
  - Program outputs must exactly match the specification including case, spaces, and newlines for
  automated tests.
  - The mandatory tests must be passed before other tests are evaluated.
  - Comments should be uniformly written either in English or German.
  - Calls to System.exit(), Runtime.exit() or similar must not be used.
  - Do not reassign the standard streams System.in or System.out.
  - Error messages should clearly indicate why an input was rejected.
  - Every error message must begin with 'Error,' and must not contain special characters such as
  newlines or umlauts.
  - The user interface must be case-insensitive with respect to user input.
  </adaptive_rules>

  <memories>
    - The assignment 'Abschlussaufgabe 2 — AlphaZeta (AZ)' is for the course 'Programmieren'.
    - The file task.md contains the assignment "Abschlussaufgabe 2 — AlphaZeta (AZ)"
    - Document 'task.md' describes the assignment 'Abschlussaufgabe 2 — AlphaZeta (AZ)'.
    - The assignment 'Abschlussaufgabe 2 — AlphaZeta (AZ)' was assigned in 'Sommersemester 2022'.
    - The assignment is centered on the game 'AlphaZeta (AZ)'.
    - ProgrammingST22-Final2 requires exact output formatting: capitalization, spaces, and line
  breaks must exactly match the specification with no additional information.
    - ProgrammingST22-Final2 uses Java standard streams for I/O: System.in and System.out, with
  System.err optional for errors; these streams must not be reassigned.
    - ProgrammingST22-Final2 uses a text-based (CLI) user interface that accepts case-insensitive
  inputs.
    - ProgrammingST22-Final2 uses a defined error-handling convention: semantic or syntactic
  violations must output an informative message prefixed with `Error,` (no special characters,
  umlauts, or newlines) and then continue normal execution.
    - The assignment belongs to the course "Programmieren"
    - The assignment is for semester "Sommersemester 2022"
  </memories>
  <knowledge>
    - Follow Checkstyle rules; some Checkstyle violations cause automatic zero points while others
  may cause point deductions.
    - Error messages may optionally be printed to System.err instead of System.out.
    - Submission will automatically receive zero points if any of the following mandatory rules are
  violated.
    - Use System.out for output by default unless the assignment states otherwise.
    - Choose appropriate visibilities for classes, methods and attributes and follow naming and
  whitespace rules.
    - Use System.in for input by default unless the assignment states otherwise.
    - For destroyed ships and for ships that can no longer act this turn, the actions command
  outputs `No available actions for <AKTEUR>`.
    - Module destruction is printed as `<Ship> looses <Module>` for each module, in the order of AI
  selection or configuration order.
    - Das Spielfeld wird durch eine Zeichenfolge konfiguriert: '.' freies Feld, '1' halbe Deckung,
  '2' volle Deckung, und Buchstaben für Raumschiffe (A,B,C,D,Z,W,X,Y).
    - If all modules of a ship or all modules except the Engine are destroyed, the system does not
  prompt the player; modules are removed in the order they were added during configuration.
    - Actions that target another ship use the syntax `<AKTEUR> <AKTION> <ZIEL>`, while
  movement-type actions `move` and `propel` use the syntax `<AKTEUR> <AKTION> <X> <Y>`.
    - Submit your *.java files online for task A in single-person work with the correct folder
  structure.
    - Programm muss jederzeit durch Eingabe des Befehls `quit` beendet werden können.
    - Das Spiel wird mit genau drei Kommandozeilenparametern gestartet.
    - Viele Tests verwenden `quit` am Ende einer Testsequenz; `quit` muss in jeder Situation
  funktionieren.
    - Zur Implementierung von `quit` dürfen `System.exit()` oder andere ausgeschlossene Funktionen
  nicht verwendet werden.
    - Help command lists all system commands in a predetermined fixed order.
    - Board command displays the game field using '.' for empty tiles, '1' or '2' for cover values,
  and letters for ships; destroyed ships are not displayed.
    - Die Zeichenfolge beschreibt das Spielfeld zeilenweise (links nach rechts, oben nach unten);
  für ein 5×5-Spielfeld werden 25 Zeichen erwartet, die ersten 5 Zeichen sind die oberste Reihe.
    - Bei ungültiger Spielfeld-Eingabe wird eine Fehlermeldung ausgegeben und auf erneute Eingabe
  gewartet; die einleitende Aufforderung wird nicht wiederholt.
    - Fehlerhafte Modulkonfigurationen sind frühstmöglich zu erkennen; bei Erkennung wird eine
  aussagekräftige Fehlermeldung ausgegeben und die Abfrage für das Schiff wiederholt.
    - Alpha hat die Schiffe A,B,C,D; Zeta hat die Schiffe Z,W,X,Y.
    - Bereits korrekt konfigurierte vorherige Schiffe werden nach einem Fehler nicht erneut erfragt.
    - The `fleet` command lists fleets per AI (e.g., `Alpha's fleet`); each ship line starts with
  state token (`<C>` Sammler, `<->` intact attack ship, `~X~` destroyed); for non-destroyed ships
  the remaining intact modules are listed alphabetically in uppercase.
    - For enemy ships the actions command shows all actions provided by their modules.
    - Die Schiffe A und Z sind Sammler.
    - `actions <SHIP>` outputs the actions the ship has not yet used this round, listed
  alphabetically and in uppercase.
    - Die Aktion `ramm` darf pro Schiff pro Zug nur einmal eingesetzt werden.
    - Pro Zug kann die Aktion eines Moduls nur einmal eingesetzt werden; mehrere Module derselben
  Art erlauben mehrere Aktionen (je Modul einmal).
    - Pro Raumschiff maximal 1 Shield-Modul.
    - 2. Parameter — Seitenlänge: Seitenlänge des Spielfeldes, mindestens 5 und ungerade.
    - A successful action that does not destroy modules prints `missed` on a new line after the
  Bonus output.
    - Pro Raumschiff maximal 1 Propulsion-Modul.
    - Pro Raumschiff maximal 1 Rail Gun-Modul.
    - Before module-destroying actions the system outputs `Roll` (actual die roll) and `Bonus`
  (difference between actual roll and counted attack roll, e.g., subtraction by cover).
    - Für die Berechnung eines Würfelwurfs ist immer `random.nextInt(6) + 1` zu verwenden.
    - Die Methode nextInt darf nur dann verwendet werden, wenn tatsächlich ein Würfelwurf
  durchgeführt werden muss.
    - Action 'mark' requires no Würfelwurf (no die roll).
    - Bei der Implementierung darf nur eine einzige feste Instanz des Zufallszahlengenerators
  verwendet werden.
    - Actions ramm, longshot und strike perform an initial attack Würfelwurf: six-sided (1–6), then
  subtract the target room's cover and afterwards apply the Shield effect (−1 if target has Shield).
    - If the attack Würfelwurf is ≤ 1 for a ramm attack, the damage to A is treated as a hit.
    - If a ship only has identical additional modules (only one destructible module type), the
  system does not prompt.
    - Anzahl der Waffen-Module pro Raumschiff darf höchstens 2 betragen.
    - 3. Parameter — Container: Anzahl der Container-Module der Sammler, Wert im geschlossenen
  Intervall [0, 3].
    - If a dialog input is invalid, show an error message and ask for input again; do not repeat the
   leading prompt text.
    - Pro Flotte darf maximal 1 Sensor-Modul vorhanden sein.
    - Action 'ramm' has range 1.
    - Action 'ramm' cannot be used against a Sammler (collector).
    - Übrige Raumschiffe haben als erstes Modul immer einen Antrieb (Engine).
    - 1. Parameter — Seed: Seed für den Zufallszahlengenerator, Intervall [INT_MIN, INT_MAX].
    - Es darf ausschließlich die Methode nextInt(int bound) auf dieser Random-Instanz verwendet
  werden, um die nächste Zahl zu erhalten.
    - Ein Sammler hat genau einen Engine-Antrieb und ansonsten nur das Spezialmodul Container.
  </knowledge>
  <entity_paths>
    - ProgrammingST22-Final2 USES Exact output matching: ProgrammingST22-Final2 requires exact
  output formatting: capitalization, spaces, and line breaks must exactly match the specification
  with no additional information.
    - ProgrammingST22-Final2 USES Error message format: ProgrammingST22-Final2 uses a defined
  error-handling convention: semantic or syntactic violations must output an informative message
  prefixed with `Error,` (no special characters, umlauts, or newlines) and then continue normal
  execution.
    - ProgrammingST22-Final2 USES System.in/System.out/System.err: ProgrammingST22-Final2 uses Java
  standard streams for I/O: System.in and System.out, with System.err optional for errors; these
  streams must not be reassigned.
    - ProgrammingST22-Final2 USES Text-based CLI interface: ProgrammingST22-Final2 uses a text-based
   (CLI) user interface that accepts case-insensitive inputs.
    - Aktion (Action) RELATES_TO Ziel / Koordinaten: Actions that target another ship use the syntax
   `<AKTEUR> <AKTION> <ZIEL>`, while movement-type actions `move` and `propel` use the syntax
  `<AKTEUR> <AKTION> <X> <Y>`.
    - Entscheidung bei Treffer RELATES_TO angegriffene KI / angreifende KI: On a 'hit' the attacked
  AI decides which module(s) to lose; on a 'critical hit' or when the target is marked the attacking
   AI decides.
    - Konfigurationseingabe RELATES_TO Fehlermeldung und Wiederholung: Fehlerhafte
  Modulkonfigurationen sind frühstmöglich zu erkennen; bei Erkennung wird eine aussagekräftige
  Fehlermeldung ausgegeben und die Abfrage für das Schiff wiederholt.
    - Konfigurationseingabe RELATES_TO Vorherige korrekte Konfigurationen: Bereits korrekt
  konfigurierte vorherige Schiffe werden nach einem Fehler nicht erneut erfragt.
  </entity_paths>
  <entity_matches>
    - ProgrammingST22-Final2 (score: 1.00) — Course final project repository for the semester
  assignment.
    - Aktion (Action) (score: 0.77) — An action command format used in the game
    - Aktion (score: 0.77) — An action a ship can perform
    - Entscheidung bei Treffer (score: 0.77) — who chooses modules on hit/critical/marked
    - Konfigurationseingabe (score: 0.77) — Interaktive Konfiguration der Schiffsmodule
  </entity_matches>
  <insights>
    - Agent community around ProgrammingST22-Final2, Exact output matching, Error message format.
  Relevant agent facts: ProgrammingST22-Final2 requires exact output formatting: capitalization,
  spaces, and line breaks must exactly match the specification with no additional information.;
  ProgrammingST22-Final2 uses a defined error-handling convention: semantic or syntactic violations
  must output an informative message prefixed with `Error,` (no special characters, umlauts, or
  newlines) and then continue normal execution.; ProgrammingST22-Final2 uses Java standard streams
  for I/O: System.in and System.out, with System.err optional for errors; these streams must not be
  reassigned.
  </insights>

● adaptive-memory extension active (role=requirements, memorySession=20260723-163807-req) - type
  /memory-help. MCP tools registered (memory=true, backlog=true).







Changes    +0 -0
Duration   2m 14s
Tokens     ↑ 32.0k (1.3k cached) • ↓ 879 (498 reasoning)
[delivery:requirements] Turn 8/11 complete
[delivery:requirements] Turn 9/11: task.md — segment 8/9 — Abschlussaufgabe 2 — AlphaZeta (AZ) > 2 Implementierung von AlphaZeta (AZ) > 2.5 Ende des Spiels: Spielzusammenfassung
● [adaptive-context] GET
  http://localhost:4444/api/agents/7af7809a-adce-4fa9-9609-fd61059de0ff/sessions/20260723-163807-req
  /context?input=Dokument%3A+task.md%0ASegment%3A+8%2F9%0AAbschnitt%3A+Abschlussaufgabe+2+%E2%80%94+
  AlphaZeta+%28AZ%29+%3E+2+Implementierung+von+AlphaZeta+%28AZ%29+%3E+2.5+Ende+des+Spiels%3A+Spielzu
  sammenfassung%0A%0ALies+diesen+Abschnitt+sorgf%C3%A4ltig+und+behalte+den+Kontext.+Erstelle+noch+ke
  inen+Backlog+und+noch+keine+Tasks.+Warte+damit+bis+zum+abschlie%C3%9Fenden+%2Ffinalize.%0A%0A%23%2
  3%23+2.5+Ende+des+Spiels%3A+Spielzusammenfassung%0A%0AWird+das+Spiel+durch+das+Zerst%C3%B6ren+eine
  s+Sammlers+beendet%2C+wird+noch+ausgegeben%2C+welche+der+KIs+gewonnen+hat+und+anschlie%C3%9Fend+da
  s+Spiel+beendet.&project=ProgrammingST22-Final2&role=requirements&task=Understand+the+st22final02+
  and+create+its+backlog+when+prompted.&timestamp=2026-07-23T14%3A43%3A34.247Z&domain=st22final02

● Injected adaptive memory context into system prompt

● <adaptive_rules>
  - These implementation guidelines are mandatory for Abschlussaufgabe 2 "AlphaZeta" and must be
  followed exactly.
  - JavaDoc @author tag must contain only the student's u-Kürzel.
  - Always destroy all additional modules first (for Sammler: Container modules), then destroy the
  Engine.
  - Program outputs must exactly match the specification including case, spaces, and newlines for
  automated tests.
  - Otherwise, the dialog system asks the decider to select N of the ship's modules; the choice text
   is: `<Decider> must select <N> of <Ship>s module(s) (separated by comma):` and the module list is
   alphabetically ordered.
  - Program code must be written in English.
  - After printing an error message the program must continue and wait for the next input.
  - Comments should be uniformly written either in English or German.
  - Otherwise a successful action leads to no output unless another rule specifies output.
  - The mandatory tests must be passed before other tests are evaluated.
  - The user interface must be case-insensitive with respect to user input.
  - Calls to System.exit(), Runtime.exit() or similar must not be used.
  - Do not reassign the standard streams System.in or System.out.
  - If a ship has multiple modules of the same type, destroying one module of that type always
  removes the first such module according to the initial configuration order.
  - During 'move', the target tile must not be covered by cover or occupied by another ship.
  - All submitted code must compile without errors.
  - Error messages should clearly indicate why an input was rejected.
  - Every error message must begin with 'Error,' and must not contain special characters such as
  newlines or umlauts.
  </adaptive_rules>

  <memories>
    - Document 'task.md' describes the assignment 'Abschlussaufgabe 2 — AlphaZeta (AZ)'.
    - The file task.md contains the assignment "Abschlussaufgabe 2 — AlphaZeta (AZ)"
    - The assignment 'Abschlussaufgabe 2 — AlphaZeta (AZ)' is for the course 'Programmieren'.
    - The assignment 'Abschlussaufgabe 2 — AlphaZeta (AZ)' was assigned in 'Sommersemester 2022'.
    - The assignment is centered on the game 'AlphaZeta (AZ)'.
    - ProgrammingST22-Final2 requires exact output formatting: capitalization, spaces, and line
  breaks must exactly match the specification with no additional information.
    - ProgrammingST22-Final2 USES exact output formatting: capitalization, spaces, and line breaks
  must match the specification exactly with no additional information
    - ProgrammingST22-Final2 USES a text-based (CLI) interface that accepts case-insensitive user
  input
    - ProgrammingST22-Final2 uses Java standard streams for I/O: System.in and System.out, with
  System.err optional for errors; these streams must not be reassigned.
    - ProgrammingST22-Final2 USES an error-message format: messages must start with 'Error,' contain
   no special characters/umlauts/line breaks, and the program continues after errors
    - ProgrammingST22-Final2 USES Java standard streams System.in and System.out for I/O (System.err
   allowed for errors) and these streams must never be reassigned
    - The assignment belongs to the course "Programmieren"
    - ProgrammingST22-Final2 uses a text-based (CLI) user interface that accepts case-insensitive
  inputs.
  </memories>
  <knowledge>
    - Choose appropriate visibilities for classes, methods and attributes and follow naming and
  whitespace rules.
    - Follow Checkstyle rules; some Checkstyle violations cause automatic zero points while others
  may cause point deductions.
    - Use System.out for output by default unless the assignment states otherwise.
    - Use System.in for input by default unless the assignment states otherwise.
    - The game ends as soon as a Collector (Sammler) is destroyed; the AI whose Collector remains
  wins, the winner is printed, and the game terminates.
  </knowledge>
  <entity_paths>
    - ProgrammingST22-Final2 USES Exact output matching: ProgrammingST22-Final2 requires exact
  output formatting: capitalization, spaces, and line breaks must exactly match the specification
  with no additional information.
    - ProgrammingST22-Final2 USES Error message format: ProgrammingST22-Final2 uses a defined
  error-handling convention: semantic or syntactic violations must output an informative message
  prefixed with `Error,` (no special characters, umlauts, or newlines) and then continue normal
  execution.
    - ProgrammingST22-Final2 USES System.in/System.out/System.err: ProgrammingST22-Final2 uses Java
  standard streams for I/O: System.in and System.out, with System.err optional for errors; these
  streams must not be reassigned.
    - ProgrammingST22-Final2 USES Text-based CLI interface: ProgrammingST22-Final2 uses a text-based
   (CLI) user interface that accepts case-insensitive inputs.
    - ProgrammingST22-Final2 USES Error message format 'Error,' and continue: ProgrammingST22-Final2
   USES an error-message format: messages must start with 'Error,' contain no special
  characters/umlauts/line breaks, and the program continues after errors
    - ProgrammingST22-Final2 USES Exact output formatting requirement: ProgrammingST22-Final2 USES
  exact output formatting: capitalization, spaces, and line breaks must match the specification
  exactly with no additional information
    - ProgrammingST22-Final2 USES System.in/System.out (optional System.err): ProgrammingST22-Final2
   USES Java standard streams System.in and System.out for I/O (System.err allowed for errors) and
  these streams must never be reassigned
    - ProgrammingST22-Final2 USES Text-based CLI interface (case-insensitive input):
  ProgrammingST22-Final2 USES a text-based (CLI) interface that accepts case-insensitive user input
    - Abschlussaufgabe 2 — AlphaZeta (AZ) RELATES_TO Prof. Dr.-Ing. Anne Koziolek: Prof. Dr.-Ing.
  Anne Koziolek is the lecturer for the assignment.
    - Abschlussaufgabe 2 — AlphaZeta (AZ) RELATES_TO AlphaZeta (AZ): The assignment is centered on
  the game 'AlphaZeta (AZ)'.
    - Abschlussaufgabe 2 — AlphaZeta (AZ) RELATES_TO Programmieren: The assignment 'Abschlussaufgabe
   2 — AlphaZeta (AZ)' is for the course 'Programmieren'.
    - Abschlussaufgabe 2 — AlphaZeta (AZ) RELATES_TO Sommersemester 2022: The assignment
  'Abschlussaufgabe 2 — AlphaZeta (AZ)' was assigned in 'Sommersemester 2022'.
    - Abschlussaufgabe 2 — AlphaZeta (AZ) RELATES_TO Institute of Information Security and
  Dependability: The assignment was produced by the group 'Institute of Information Security and
  Dependability'.
    - AlphaZeta (AZ) USES Engine: AlphaZeta uses these modules and their actions/effects: Engine
  (move 1–3, ramm 1), Rail Gun (longshot 5–6), Sword (strike 1), Shield (reduces attack roll by 1),
  Sensor (mark, infinite range), Propulsion (propel 1–3), Container (collector-only, no actions)
    - AlphaZeta (AZ) USES Rail Gun: AlphaZeta uses these modules and their actions/effects: Engine
  (move 1–3, ramm 1), Rail Gun (longshot 5–6), Sword (strike 1), Shield (reduces attack roll by 1),
  Sensor (mark, infinite range), Propulsion (propel 1–3), Container (collector-only, no actions)
    - AlphaZeta (AZ) USES Sword: AlphaZeta uses these modules and their actions/effects: Engine
  (move 1–3, ramm 1), Rail Gun (longshot 5–6), Sword (strike 1), Shield (reduces attack roll by 1),
  Sensor (mark, infinite range), Propulsion (propel 1–3), Container (collector-only, no actions)
    - AlphaZeta (AZ) USES Shield: AlphaZeta uses these modules and their actions/effects: Engine
  (move 1–3, ramm 1), Rail Gun (longshot 5–6), Sword (strike 1), Shield (reduces attack roll by 1),
  Sensor (mark, infinite range), Propulsion (propel 1–3), Container (collector-only, no actions)
    - AlphaZeta (AZ) USES Sensor: AlphaZeta uses these modules and their actions/effects: Engine
  (move 1–3, ramm 1), Rail Gun (longshot 5–6), Sword (strike 1), Shield (reduces attack roll by 1),
  Sensor (mark, infinite range), Propulsion (propel 1–3), Container (collector-only, no actions)
    - AlphaZeta (AZ) USES Propulsion: AlphaZeta uses these modules and their actions/effects: Engine
   (move 1–3, ramm 1), Rail Gun (longshot 5–6), Sword (strike 1), Shield (reduces attack roll by 1),
   Sensor (mark, infinite range), Propulsion (propel 1–3), Container (collector-only, no actions)
    - AlphaZeta (AZ) USES Container: AlphaZeta uses these modules and their actions/effects: Engine
  (move 1–3, ramm 1), Rail Gun (longshot 5–6), Sword (strike 1), Shield (reduces attack roll by 1),
  Sensor (mark, infinite range), Propulsion (propel 1–3), Container (collector-only, no actions)
  </entity_paths>
  <entity_matches>
    - ProgrammingST22-Final2 (score: 1.00) — Course project repository and codebase for the final
  assignment
    - Abschlussaufgabe 2 — AlphaZeta (AZ) (score: 0.82) — The assignment titled 'AlphaZeta (AZ)'.
    - AlphaZeta (AZ) (score: 0.76) — Turn-based two-player strategy board game
    - Document structure: game explanation then UI to program (score: 0.72) — Order of sections:
  game description followed by UI programming instructions
    - KIs A and Z (score: 0.71) — Two named artificial intelligences (A and Z) in the game.
  </entity_matches>
  <insights>
    - Agent community around ProgrammingST22-Final2, Exact output matching, Error message format.
  Relevant agent facts: ProgrammingST22-Final2 requires exact output formatting: capitalization,
  spaces, and line breaks must exactly match the specification with no additional information.;
  ProgrammingST22-Final2 uses a defined error-handling convention: semantic or syntactic violations
  must output an informative message prefixed with `Error,` (no special characters, umlauts, or
  newlines) and then continue normal execution.; ProgrammingST22-Final2 uses Java standard streams
  for I/O: System.in and System.out, with System.err optional for errors; these streams must not be
  reassigned.
    - Agent community around Abschlussaufgabe 2 — AlphaZeta (AZ), Document structure: game
  explanation then UI to program, Prof. Dr.-Ing. Anne Koziolek connects task.md, Institute of
  Information Security and Dependability, 20 Punkte, Version 1.4. Relevant agent facts: Prof.
  Dr.-Ing. Anne Koziolek is the lecturer for the assignment.; The assignment is centered on the game
   'AlphaZeta (AZ)'.; The file task.md contains the assignment "Abschlussaufgabe 2 — AlphaZeta (AZ)"
    - Agent community around AlphaZeta (AZ), KIs A and Z, Setting: year 2985; two AIs A and Z
  compete to extract asteroid-belt resources, created by two largest companies. Relevant agent
  facts: AlphaZeta enforces module and action usage rules: max 4 modules per ship; each module
  action can be used once per turn; duplicate modules allow repeated action per module; ramm action
  allowed only once per ship per turn; AlphaZeta enforces module-type constraints: weapons per ship
  ≤ 2; max 1 Rail Gun, max 1 Propulsion, max 1 Shield per ship; max 1 Sensor per fleet; AlphaZeta
  uses these modules and their actions/effects: Engine (move 1–3, ramm 1), Rail Gun (longshot 5–6),
  Sword (strike 1), Shield (reduces attack roll by 1), Sensor (mark, infinite range), Propulsion
  (propel 1–3), Container (collector-only, no actions)
    - Agent community around Abschlussaufgabe 2 — AlphaZeta (AZ), AlphaZeta (AZ), Document
  structure: game explanation then UI to program connects task.md, Programmieren, Sommersemester
  2022, Institute of Information Security and Dependability. Relevant agent facts: Prof. Dr.-Ing.
  Anne Koziolek is the lecturer for the assignment.; The assignment is centered on the game
  'AlphaZeta (AZ)'.; The file task.md contains the assignment "Abschlussaufgabe 2 — AlphaZeta (AZ)"
  </insights>

● adaptive-memory extension active (role=requirements, memorySession=20260723-163807-req) - type
  /memory-help. MCP tools registered (memory=true, backlog=true).







Changes    +0 -0
Duration   2m 24s
Tokens     ↑ 32.6k (1.3k cached) • ↓ 95 (36 reasoning)
[delivery:requirements] Turn 9/11 complete
[delivery:requirements] Turn 10/11: examples.md — segment 9/9 — Beispiele — Abschlussaufgabe 2 (AlphaZeta)
● [adaptive-context] GET http://localhost:4444/api/agents/7af7809a-adce-4fa9-9609-fd61059de0ff/sessi
  ons/20260723-163807-req/context?input=Dokument%3A+examples.md%0ASegment%3A+9%2F9%0AAbschnitt%3A+Be
  ispiele+%E2%80%94+Abschlussaufgabe+2+%28AlphaZeta%29%0A%0ALies+diesen+Abschnitt+sorgf%C3%A4ltig+un
  d+behalte+den+Kontext.+Erstelle+noch+keinen+Backlog+und+noch+keine+Tasks.+Warte+damit+bis+zum+absc
  hlie%C3%9Fenden+%2Ffinalize.%0A%0A%23+Beispiele+%E2%80%94+Abschlussaufgabe+2+%28AlphaZeta%29%0A%0A
  Dieses+Dokument+enth%C3%A4lt+die+in+der+Aufgabenstellung+verwendeten+Beispielinteraktionen+sowie+d
  ie+vollst%C3%A4ndige+Beispielinteraktion.+In+den+Beispielinteraktionen+stellt+das+Symbol+%60%25%3E
  +%60+%28Prozent-Zeichen+und+Gr%C3%B6%C3%9Fer-Zeichen+gefolgt+von+einem+Leerzeichen%29+die+Kommando
  zeile+dar.+Der+Programmname+ist+frei+gew%C3%A4hlt+und+muss+nicht+*AlphaZeta*+lauten.+Das+Symbol+%6
  0%3E+%60+%28Gr%C3%B6%C3%9Fer-Zeichen+gefolgt+von+einem+Leerzeichen%29+stellt+eine+Benutzereingabe+
  dar+und+ist+selbst+nicht+Teil+der+Eingabe.+Sollte+in+einer+Interaktion+%60%5B...%5D%60+geschrieben
  +werden%2C+so+bedeutet+dies%2C+dass+weitere+Interaktionen+ausgelassen+worden+sind%2C+um+auf+eine+s
  pezielle+Stelle+der+Interaktion+einzugehen.+%60%5B...%5D%60+ist+keine+Ausgabe+Ihres+Spiels.%0A%0A%
  23%23+1+Beispielinteraktionen+je+Befehl+%2F+Phase%0A%0A%23%23%23+1.1+%60setup%60+%28Programmstart-
  Interaktion%29%0A%0A%60%60%60%0A%25%3E+java+AlphaZeta+0+5+0%0AWelcome+to+AlphaZeta%21%0AAlpha+conf
  igures+its+ships%0AChoose+upto+3+modules+for+ship+B+%28separated+by+comma%29%3A%0APROPULSION%2C+RA
  ILGUN%2C+SENSOR%2C+SHIELD%2C+SWORD%0A%3E+shield%2Csensor%2Csword%0AChoose+upto+3+modules+for+ship+
  C+%28separated+by+comma%29%3A%0APROPULSION%2C+RAILGUN%2C+SENSOR%2C+SHIELD%2C+SWORD%0A%3E+SWORD%2CS
  WORD%0AChoose+upto+3+modules+for+ship+D+%28separated+by+comma%29%3A%0APROPULSION%2C+RAILGUN%2C+SEN
  SOR%2C+SHIELD%2C+SWORD%0A%3E+RAILGUN%2CSWORD%0AZeta+configures+its+ships%0AChoose+upto+3+modules+f
  or+ship+W+%28separated+by+comma%29%3A%0APROPULSION%2C+RAILGUN%2C+SENSOR%2C+SHIELD%2C+SWORD%0A%3E+S
  HIELD%2CSENSOR%2CSWORD%0AChoose+upto+3+modules+for+ship+X+%28separated+by+comma%29%3A%0APROPULSION
  %2C+RAILGUN%2C+SENSOR%2C+SHIELD%2C+SWORD%0A%3E+SWORD%2CSWORD%0AChoose+upto+3+modules+for+ship+Y+%2
  8separated+by+comma%29%3A%0APROPULSION%2C+RAILGUN%2C+SENSOR%2C+SHIELD%2C+SWORD%0A%3E+RAILGUN%2CSWO
  RD%0AEnter+the+Board+layout+as+string%3A%0AUse+.+for+free+tiles%3B+1%2C2+for+cover%3B+and+A%2CB%2C
  C%2CD%2CZ%2CW%2CX%2CY+for+ships%0A%3E+A1..W.D...C2..X..2.1B.Y.Z%0AAlpha%27s+turn%0A%5B...%5D%0A%60
  %60%60%0A%0A%23%23%23+1.2+%60setup-errors%60+%28Fehlerbehandlung+Konfiguration%29%0A%0A%60%60%60%0
  A%5B...%5D%0AChoose+upto+3+modules+for+ship+B+%28separated+by+comma%29%3A%0APROPULSION%2C+RAILGUN%
  2C+SENSOR%2C+SHIELD%2C+SWORD%0A%3E+SENSOR%2CRAILGUN%0AChoose+upto+3+modules+for+ship+C+%28separate
  d+by+comma%29%3A%0APROPULSION%2C+RAILGUN%2C+SENSOR%2C+SHIELD%2C+SWORD%0A%3E+SENSOR%0AError%2C+Sens
  or+is+already+module+of+Ship+B%0A%3E+SWORD%0AChoose+upto+3+modules+for+ship+D+%28separated+by+comm
  a%29%3A%0A%5B...%5D%0AUse+.+for+free+tiles%3B+1%2C2+for+cover%3B+and+A%2CB%2CC%2CD%2CZ%2CW%2CX%2CY
  +for+ships%0A%3E+A1..W.D...C2..X..2.1B.YZ%0AError%2C+The+string+must+be+25+characters+long+%0A%3E+
  A1..W.D...C2..X..2.1B.Y.Z%0AAlpha%27s+turn%0A%5B...%5D%0A%60%60%60%0A%0A%23%23%23+1.3+%60help%60%0
  A%0A%60%60%60%0AHELP+-+shows+this+text%0AQUIT+-+quits+the+game%0ABOARD+-+shows+the+whole+board%0AF
  LEET+-+shows+details+of+all+ships+of+the+AIs%0AACTIONS+%5BNAME%5D+-+shows+available+actions+of+shi
  p+%5BNAME%5D%0AENDTURN+-+ends+the+current+player%27s+turn%0A%5BSHIP%5D+%5BACTION%5D+%5BX%5D+%5BY%5
  D+-+let+%5BSHIP%5D+perform+%5BACTION%5D+on+field+%28X%2CY%29%0A%5BSHIP%5D+%5BACTION%5D+%5BTARGET%5
  D+-+let+%5BSHIP%5D+perform+%5BACTION%5D+on+%5BTARGET%5D%0A%60%60%60%0A%0A%23%23%23+1.4+%60board%60
  %0A%0A%60%60%60%0A%5B...%5D%0A%3E+board%0AA1..W%0A.D...%0AC2..X%0A..2.1%0AB.Y.Z%0A%60%60%60%0A%0A%
  23%23%23+1.5+%60fleet%60%0A%0A%60%60%60%0A%5B...%5D%0A%3E+fleet%0AAlpha%27s+fleet%0A%3CC%3E+A%3AEN
  GINE%0A%3C-%3E+B%3AENGINE%2C+SENSOR%2C+SHIELD%2C+SWORD%0A%3C-%3E+C%3AENGINE%2C+SWORD%2C+SWORD%0A%3
  C-%3E+D%3AENGINE%2C+RAILGUN%2C+SWORD%0AZeta%27s+fleet%0A%3CC%3E+Z%3AENGINE%0A%3C-%3E+W%3AENGINE%2C
  +SENSOR%2C+SHIELD%2C+SWORD%0A%3C-%3E+X%3AENGINE%2C+SWORD%2C+SWORD%0A%7EX%7E+Y%0A%5B...%5D%0A%60%60
  %60%0A%0A%23%23%23+1.6+%60actions%60%0A%0A%60%60%60%0A%5B...%5D%0A%3E+actions+A%0AAvailable+action
  s+of+A%3A+MOVE%2C+RAMM%0A%3E+actions+B%0AAvailable+actions+of+B%3A+MARK%2C+MOVE%2C+RAMM%2C+STRIKE%
  0A%3E+actions+Z%0AAvailable+actions+of+Z%3A+MOVE%2C+RAMM%0A%3E+A+move+2+0%0A%3E+actions+A%0AAvaila
  ble+actions+of+A%3A+RAMM%0A%5B...%5D%0A%3E+actions+A%0ANo+available+actions+for+A%0A%5B...%5D%0A%6
  0%60%60%0A%0A%23%23%23+1.7+%60endturn%60%0A%0A%60%60%60%0A%5B...%5D%0A%3E+endturn%0AZeta%27s+turn%
  0A%3E+endturn%0AAlpha%27s+turn%0A%5B...%5D%0A%60%60%60%0A%0A%23%23%23+1.8+Aktion+mit+Koordinaten+%
  28%60action-xy%60%29%0A%0A%60%60%60%0A%5B...%5D%0A%3E+board%0AA1..W%0A.D...%0AC2..X%0A..2.1%0AB.Y.
  Z%0A%3E+d+move+1+3%0A%3E+board%0AA1..W%0A.....%0AC2..X%0A.D2.1%0AB.Y.Z%0A%5B...%5D%0A%60%60%60%0A%
  0A%23%23%23+1.9+Aktion+mit+Ziel+%28%60action-target%60%29%0A%0A%60%60%60%0A%5B...%5D%0AZeta%27s+tu
  rn%0A%3E+y+longshot+d%0ARoll+5%0ABonus+-2%0AAlpha+must+select+1+of+Ds+module%28s%29+%28separated+b
  y+comma%29%3A%0ARAILGUN%2C+SWORD%0A%3E+RAILGUN%0AD+looses+RAILGUN%0A%5B...%5D%0A%60%60%60%0A%0A%23
  %23%23+1.10+Spielende+%28%60end%60%29%0A%0A%60%60%60%0A%5B...%5D%0A%3E+b+strike+z%0ARoll+6%0ABonus
  +0%0AZ+looses+ENGINE%0AZ+was+destroyed%0AAlpha+won%21%0A%60%60%60%0A%0A%23%23%23+1.11+%60quit%60%0
  A%0A%60%60%60%0A%5B...%5D%0A%3E+board%0A.1A.W%0A.D...%0AC2..X%0A..2.1%0AB..YZ%0A%3E+quit%0A%60%60%
  60%0A%0A%23%23+2+Vollst%C3%A4ndige+Beispielinteraktion%0A%0A%60%60%60%0A%25%3E+java+AlphaZeta+1+5+
  2%0AWelcome+to+AlphaZeta%21%0AAlpha+configures+its+ships%0AChoose+upto+3+modules+for+ship+B+%28sep
  arated+by+comma%29%3A%0APROPULSION%2C+RAILGUN%2C+SENSOR%2C+SHIELD%2C+SWORD%0A%3E+RAILGUN%2CSHIELD%
  2CSENSOR%0AChoose+upto+3+modules+for+ship+C+%28separated+by+comma%29%3A%0APROPULSION%2C+RAILGUN%2C
  +SENSOR%2C+SHIELD%2C+SWORD%0A%3E+SWORD%2CSWORD%0AChoose+upto+3+modules+for+ship+D+%28separated+by+
  comma%29%3A%0APROPULSION%2C+RAILGUN%2C+SENSOR%2C+SHIELD%2C+SWORD%0A%3E+SWORD%2CSWORD%0AZeta+config
  ures+its+ships%0AChoose+upto+3+modules+for+ship+W+%28separated+by+comma%29%3A%0APROPULSION%2C+RAIL
  GUN%2C+SENSOR%2C+SHIELD%2C+SWORD%0A%3E+RAILGUN%2CSHIELD%2CSWORD%0AChoose+upto+3+modules+for+ship+X
  +%28separated+by+comma%29%3A%0APROPULSION%2C+RAILGUN%2C+SENSOR%2C+SHIELD%2C+SWORD%0A%3E+SWORD%2CSW
  ORD%0AChoose+upto+3+modules+for+ship+Y+%28separated+by+comma%29%3A%0APROPULSION%2C+RAILGUN%2C+SENS
  OR%2C+SHIELD%2C+SWORD%0A%3E+SWORD%2CSWORD%0AEnter+the+Board+layout+as+string%3A%0AUse+.+for+free+t
  iles%3B+1%2C2+for+cover%3B+and+A%2CB%2CC%2CD%2CZ%2CW%2CX%2CY+for+ships%0A%3E+A1..W.D...C2..X..2.1B
  .Y.Z%0AAlpha%27s+turn%0A%3E+help%0AHELP+-+shows+this+text%0AQUIT+-+quits+the+game%0ABOARD+-+shows+
  the+whole+board%0AFLEET+-+shows+details+of+all+ships+of+the+AIs%0AACTIONS+%5BNAME%5D+-+shows+avail
  able+actions+of+ship+%5BNAME%5D%0AENDTURN+-+ends+the+current+player%27s+turn%0A%5BSHIP%5D+%5BACTIO
  N%5D+%5BX%5D+%5BY%5D+-+let+%5BSHIP%5D+perform+%5BACTION%5D+on+field+%28X%2CY%29%0A%5BSHIP%5D+%5BAC
  TION%5D+%5BTARGET%5D+-+let+%5BSHIP%5D+perform+%5BACTION%5D+on+%5BTARGET%5D%0A%3E+a+move+0+3%0A%3E+
  actions+a%0AAvailable+actions+of+A%3A+RAMM%0A%3E+b+longshot+x%0ARoll+4%0ABonus+-1%0AX+looses+SWORD
  %0A%3E+endturn%0AZeta%27s+turn%0A%3E+w+longshot+c%0ARoll+5%0ABonus+-2%0AC+looses+SWORD%0A%3E+w+mov
  e+2+1%0A%3E+endturn%0AAlpha%27s+turn%0A%3E+b+move+1+4%0A%3E+b+mark+y%0A%3E+b+longshot+x%0ARoll+2%0
  ABonus+-1%0Amissed%0A%3E+endturn%0AZeta%27s+turn%0A%3E+board%0A.1...%0A.DW..%0AC2..X%0AA.2.1%0A.BY
  .Z%0A%3E+w+move+2+0%0A%3E+w+longshot+b%0ARoll+4%0ABonus+-1%0AAlpha+must+select+1+of+Bs+module%28s%
  29+%28separated+by+comma%29%3A%0ARAILGUN%2C+SENSOR%2C+SHIELD%0A%3E+RAILGUN%0AB+looses+RAILGUN%0A%3
  E+endturn%0AAlpha%27s+turn%0A%3E+b+ramm+y%0ARoll+3%0ABonus+0%0Amissed%0A%3E+endturn%0AZeta%27s+tur
  n%0A%3E+w+longshot+a%0ARoll+5%0ABonus+0%0AA+looses+CONTAINER%0AA+looses+CONTAINER%0A%3E+y+move+0+4
  %0A%3E+y+strike+a%0ARoll+3%0ABonus+0%0AA+looses+ENGINE%0AA+was+destroyed%0AZeta+won%21%0A%60%60%60
  &project=ProgrammingST22-Final2&role=requirements&task=Understand+the+st22final02+and+create+its+b
  acklog+when+prompted.&timestamp=2026-07-23T14%3A43%3A44.498Z&domain=st22final02

● Injected adaptive memory context into system prompt

● <adaptive_rules>
  - Otherwise, the dialog system asks the decider to select N of the ship's modules; the choice text
   is: `<Decider> must select <N> of <Ship>s module(s) (separated by comma):` and the module list is
   alphabetically ordered.
  - These implementation guidelines are mandatory for Abschlussaufgabe 2 "AlphaZeta" and must be
  followed exactly.
  - Program outputs must exactly match the specification including case, spaces, and newlines for
  automated tests.
  - All submitted code must compile without errors.
  - Always destroy all additional modules first (for Sammler: Container modules), then destroy the
  Engine.
  - During 'move', the target tile must not be covered by cover or occupied by another ship.
  - JavaDoc @author tag must contain only the student's u-Kürzel.
  - Otherwise a successful action leads to no output unless another rule specifies output.
  - If a ship has multiple modules of the same type, destroying one module of that type always
  removes the first such module according to the initial configuration order.
  - Program code must be written in English.
  - Comments should be uniformly written either in English or German.
  - The mandatory tests must be passed before other tests are evaluated.
  - After printing an error message the program must continue and wait for the next input.
  - Action 'propel' is only available if the ship has a Propulsion module.
  - Calls to System.exit(), Runtime.exit() or similar must not be used.
  - Do not reassign the standard streams System.in or System.out.
  - Error messages should clearly indicate why an input was rejected.
  - Every error message must begin with 'Error,' and must not contain special characters such as
  newlines or umlauts.
  - The user interface must be case-insensitive with respect to user input.
  </adaptive_rules>

  <memories>
    - AlphaZeta (AZ) is a turn-based strategy board game for two players played on a square tile
  Spielfeld.
    - AlphaZeta uses these modules and their actions/effects: Engine (move 1–3, ramm 1), Rail Gun
  (longshot 5–6), Sword (strike 1), Shield (reduces attack roll by 1), Sensor (mark, infinite
  range), Propulsion (propel 1–3), Container (collector-only, no actions)
    - The assignment 'Abschlussaufgabe 2 — AlphaZeta (AZ)' is for the course 'Programmieren'.
    - Document 'task.md' describes the assignment 'Abschlussaufgabe 2 — AlphaZeta (AZ)'.
    - AlphaZeta enforces module and action usage rules: max 4 modules per ship; each module action
  can be used once per turn; duplicate modules allow repeated action per module; ramm action allowed
   only once per ship per turn
    - Repository ProgrammingST22-Final2 relates to the game AlphaZeta (AZ) described in task.md
    - The file task.md contains the assignment "Abschlussaufgabe 2 — AlphaZeta (AZ)"
    - ProgrammingST22-Final2 requires exact output formatting: capitalization, spaces, and line
  breaks must exactly match the specification with no additional information.
    - ProgrammingST22-Final2 USES exact output formatting: capitalization, spaces, and line breaks
  must match the specification exactly with no additional information
    - ProgrammingST22-Final2 USES a text-based (CLI) interface that accepts case-insensitive user
  input
    - ProgrammingST22-Final2 uses Java standard streams for I/O: System.in and System.out, with
  System.err optional for errors; these streams must not be reassigned.
    - ProgrammingST22-Final2 USES an error-message format: messages must start with 'Error,' contain
   no special characters/umlauts/line breaks, and the program continues after errors
    - ProgrammingST22-Final2 uses a text-based (CLI) user interface that accepts case-insensitive
  inputs.
    - ProgrammingST22-Final2 uses a defined error-handling convention: semantic or syntactic
  violations must output an informative message prefixed with `Error,` (no special characters,
  umlauts, or newlines) and then continue normal execution.
    - AlphaZeta enforces module-type constraints: weapons per ship ≤ 2; max 1 Rail Gun, max 1
  Propulsion, max 1 Shield per ship; max 1 Sensor per fleet
    - Attack ships' module constraints: weapons modules ≤ 2 per ship; at most 1 Rail Gun, 1
  Propulsion, and 1 Shield per ship; at most 1 Sensor module per fleet.
    - The assignment is centered on the game 'AlphaZeta (AZ)'.
    - The AlphaZeta (AZ) game is set in year 2985 where two AIs (A and Z), created by the two
  largest companies, compete to extract resources from the asteroid belt
    - The assignment belongs to the course "Programmieren"
    - ProgrammingST22-Final2 USES Java standard streams System.in and System.out for I/O (System.err
   allowed for errors) and these streams must never be reassigned
  </memories>
  <knowledge>
    - Follow Checkstyle rules; some Checkstyle violations cause automatic zero points while others
  may cause point deductions.
    - Use System.out for output by default unless the assignment states otherwise.
    - Submission will automatically receive zero points if any of the following mandatory rules are
  violated.
    - Choose appropriate visibilities for classes, methods and attributes and follow naming and
  whitespace rules.
    - Use System.in for input by default unless the assignment states otherwise.
    - Error messages may optionally be printed to System.err instead of System.out.
    - Das Spielfeld wird durch eine Zeichenfolge konfiguriert: '.' freies Feld, '1' halbe Deckung,
  '2' volle Deckung, und Buchstaben für Raumschiffe (A,B,C,D,Z,W,X,Y).
    - Alpha hat die Schiffe A,B,C,D; Zeta hat die Schiffe Z,W,X,Y.
    - Actions that target another ship use the syntax `<AKTEUR> <AKTION> <ZIEL>`, while
  movement-type actions `move` and `propel` use the syntax `<AKTEUR> <AKTION> <X> <Y>`.
    - Das Spiel wird mit genau drei Kommandozeilenparametern gestartet.
    - Actions ramm, longshot und strike perform an initial attack Würfelwurf: six-sided (1–6), then
  subtract the target room's cover and afterwards apply the Shield effect (−1 if target has Shield).
    - Module destruction is printed as `<Ship> looses <Module>` for each module, in the order of AI
  selection or configuration order.
    - If all modules of a ship or all modules except the Engine are destroyed, the system does not
  prompt the player; modules are removed in the order they were added during configuration.
    - For enemy ships the actions command shows all actions provided by their modules.
    - The `fleet` command lists fleets per AI (e.g., `Alpha's fleet`); each ship line starts with
  state token (`<C>` Sammler, `<->` intact attack ship, `~X~` destroyed); for non-destroyed ships
  the remaining intact modules are listed alphabetically in uppercase.
    - Board command displays the game field using '.' for empty tiles, '1' or '2' for cover values,
  and letters for ships; destroyed ships are not displayed.
    - If a ship only has identical additional modules (only one destructible module type), the
  system does not prompt.
    - For destroyed ships and for ships that can no longer act this turn, the actions command
  outputs `No available actions for <AKTEUR>`.
    - `actions <SHIP>` outputs the actions the ship has not yet used this round, listed
  alphabetically and in uppercase.
    - Submit your *.java files online for task A in single-person work with the correct folder
  structure.
    - Programm muss jederzeit durch Eingabe des Befehls `quit` beendet werden können.
    - Action 'ramm' has range 1.
    - Action 'ramm' may only be used when the attacking ship has no weapon modules.
  </knowledge>
  <entity_paths>
    - ProgrammingST22-Final2 USES Exact output matching: ProgrammingST22-Final2 requires exact
  output formatting: capitalization, spaces, and line breaks must exactly match the specification
  with no additional information.
    - ProgrammingST22-Final2 USES Error message format: ProgrammingST22-Final2 uses a defined
  error-handling convention: semantic or syntactic violations must output an informative message
  prefixed with `Error,` (no special characters, umlauts, or newlines) and then continue normal
  execution.
    - ProgrammingST22-Final2 USES System.in/System.out/System.err: ProgrammingST22-Final2 uses Java
  standard streams for I/O: System.in and System.out, with System.err optional for errors; these
  streams must not be reassigned.
    - ProgrammingST22-Final2 USES Text-based CLI interface: ProgrammingST22-Final2 uses a text-based
   (CLI) user interface that accepts case-insensitive inputs.
    - ProgrammingST22-Final2 USES Error message format 'Error,' and continue: ProgrammingST22-Final2
   USES an error-message format: messages must start with 'Error,' contain no special
  characters/umlauts/line breaks, and the program continues after errors
    - ProgrammingST22-Final2 USES Exact output formatting requirement: ProgrammingST22-Final2 USES
  exact output formatting: capitalization, spaces, and line breaks must match the specification
  exactly with no additional information
    - ProgrammingST22-Final2 USES System.in/System.out (optional System.err): ProgrammingST22-Final2
   USES Java standard streams System.in and System.out for I/O (System.err allowed for errors) and
  these streams must never be reassigned
    - ProgrammingST22-Final2 USES Text-based CLI interface (case-insensitive input):
  ProgrammingST22-Final2 USES a text-based (CLI) interface that accepts case-insensitive user input
    - ProgrammingST22-Final2 USES End-of-game summary output: ProgrammingST22-Final2 must output
  which KI won when a Collector is destroyed and then terminate the game.
    - ProgrammingST22-Final2 RELATES_TO AlphaZeta (AZ): Repository ProgrammingST22-Final2 relates to
   the game AlphaZeta (AZ) described in task.md
    - Abschlussaufgabe 2 — AlphaZeta (AZ) RELATES_TO Prof. Dr.-Ing. Anne Koziolek: Prof. Dr.-Ing.
  Anne Koziolek is the lecturer for the assignment.
    - Abschlussaufgabe 2 — AlphaZeta (AZ) RELATES_TO AlphaZeta (AZ): The assignment is centered on
  the game 'AlphaZeta (AZ)'.
    - Abschlussaufgabe 2 — AlphaZeta (AZ) RELATES_TO Programmieren: The assignment 'Abschlussaufgabe
   2 — AlphaZeta (AZ)' is for the course 'Programmieren'.
    - Abschlussaufgabe 2 — AlphaZeta (AZ) RELATES_TO Sommersemester 2022: The assignment
  'Abschlussaufgabe 2 — AlphaZeta (AZ)' was assigned in 'Sommersemester 2022'.
    - Abschlussaufgabe 2 — AlphaZeta (AZ) RELATES_TO Institute of Information Security and
  Dependability: The assignment was produced by the group 'Institute of Information Security and
  Dependability'.
    - AlphaZeta (AZ) USES Engine: AlphaZeta uses these modules and their actions/effects: Engine
  (move 1–3, ramm 1), Rail Gun (longshot 5–6), Sword (strike 1), Shield (reduces attack roll by 1),
  Sensor (mark, infinite range), Propulsion (propel 1–3), Container (collector-only, no actions)
    - AlphaZeta (AZ) USES Rail Gun: AlphaZeta uses these modules and their actions/effects: Engine
  (move 1–3, ramm 1), Rail Gun (longshot 5–6), Sword (strike 1), Shield (reduces attack roll by 1),
  Sensor (mark, infinite range), Propulsion (propel 1–3), Container (collector-only, no actions)
    - AlphaZeta (AZ) USES Sword: AlphaZeta uses these modules and their actions/effects: Engine
  (move 1–3, ramm 1), Rail Gun (longshot 5–6), Sword (strike 1), Shield (reduces attack roll by 1),
  Sensor (mark, infinite range), Propulsion (propel 1–3), Container (collector-only, no actions)
    - AlphaZeta (AZ) USES Shield: AlphaZeta uses these modules and their actions/effects: Engine
  (move 1–3, ramm 1), Rail Gun (longshot 5–6), Sword (strike 1), Shield (reduces attack roll by 1),
  Sensor (mark, infinite range), Propulsion (propel 1–3), Container (collector-only, no actions)
    - AlphaZeta (AZ) USES Sensor: AlphaZeta uses these modules and their actions/effects: Engine
  (move 1–3, ramm 1), Rail Gun (longshot 5–6), Sword (strike 1), Shield (reduces attack roll by 1),
  Sensor (mark, infinite range), Propulsion (propel 1–3), Container (collector-only, no actions)
  </entity_paths>
  <entity_matches>
    - ProgrammingST22-Final2 (score: 1.00) — Repository for the AlphaZeta (AZ) implementation and
  assignment codebase.
    - Abschlussaufgabe 2 — AlphaZeta (AZ) (score: 0.76) — The assignment titled 'AlphaZeta (AZ)'.
    - AlphaZeta (AZ) (score: 0.73) — Turn-based two-player strategy board game specified in task.md
    - KIs A and Z (score: 0.72) — Two named artificial intelligences (A and Z) in the game.
    - Document structure: game explanation then UI to program (score: 0.71) — Order of sections:
  game description followed by UI programming instructions
  </entity_matches>
  <insights>
    - Agent community around ProgrammingST22-Final2, Exact output matching, Error message format.
  Relevant agent facts: ProgrammingST22-Final2 requires exact output formatting: capitalization,
  spaces, and line breaks must exactly match the specification with no additional information.;
  ProgrammingST22-Final2 uses a defined error-handling convention: semantic or syntactic violations
  must output an informative message prefixed with `Error,` (no special characters, umlauts, or
  newlines) and then continue normal execution.; ProgrammingST22-Final2 uses Java standard streams
  for I/O: System.in and System.out, with System.err optional for errors; these streams must not be
  reassigned.
    - Agent community around Abschlussaufgabe 2 — AlphaZeta (AZ), Document structure: game
  explanation then UI to program, Prof. Dr.-Ing. Anne Koziolek connects task.md, Institute of
  Information Security and Dependability, 20 Punkte, Version 1.4. Relevant agent facts: Prof.
  Dr.-Ing. Anne Koziolek is the lecturer for the assignment.; The assignment is centered on the game
   'AlphaZeta (AZ)'.; The file task.md contains the assignment "Abschlussaufgabe 2 — AlphaZeta (AZ)"
    - Agent community around AlphaZeta (AZ), KIs A and Z, Setting: year 2985; two AIs A and Z
  compete to extract asteroid-belt resources, created by two largest companies. Relevant agent
  facts: AlphaZeta enforces module and action usage rules: max 4 modules per ship; each module
  action can be used once per turn; duplicate modules allow repeated action per module; ramm action
  allowed only once per ship per turn; AlphaZeta enforces module-type constraints: weapons per ship
  ≤ 2; max 1 Rail Gun, max 1 Propulsion, max 1 Shield per ship; max 1 Sensor per fleet; AlphaZeta
  uses these modules and their actions/effects: Engine (move 1–3, ramm 1), Rail Gun (longshot 5–6),
  Sword (strike 1), Shield (reduces attack roll by 1), Sensor (mark, infinite range), Propulsion
  (propel 1–3), Container (collector-only, no actions)
    - Agent community around Abschlussaufgabe 2 — AlphaZeta (AZ), AlphaZeta (AZ), KIs A and Z
  connects Prof. Dr.-Ing. Anne Koziolek, task.md, Programmieren, Sommersemester 2022. Relevant agent
   facts: Prof. Dr.-Ing. Anne Koziolek is the lecturer for the assignment.; The assignment is
  centered on the game 'AlphaZeta (AZ)'.; The file task.md contains the assignment "Abschlussaufgabe
   2 — AlphaZeta (AZ)"
  </insights>

● adaptive-memory extension active (role=requirements, memorySession=20260723-163807-req) - type
  /memory-help. MCP tools registered (memory=true, backlog=true).







Changes    +0 -0
Duration   3m 11s
Tokens     ↑ 35.8k (1.3k cached) • ↓ 2.7k (2.1k reasoning)
[delivery:requirements] Turn 10/11 complete
[delivery:requirements] Turn 11/11: Finalize backlog creation
● [adaptive-context] GET http://localhost:4444/api/agents/7af7809a-adce-4fa9-9609-fd61059de0ff/sessi
  ons/20260723-163807-req/context?input=%2Ffinalize&project=ProgrammingST22-Final2&role=requirements
  &task=Understand+the+st22final02+and+create+its+backlog+when+prompted.&timestamp=2026-07-23T14%3A4
  4%3A30.894Z&domain=st22final02

● Injected adaptive memory context into system prompt

● <adaptive_rules>
  - All submitted code must compile without errors.
  - Program outputs must exactly match the specification including case, spaces, and newlines for
  automated tests.
  - These implementation guidelines are mandatory for Abschlussaufgabe 2 "AlphaZeta" and must be
  followed exactly.
  - After printing an error message the program must continue and wait for the next input.
  - The mandatory tests must be passed before other tests are evaluated.
  - Program code must be written in English.
  - Calls to System.exit(), Runtime.exit() or similar must not be used.
  - Do not reassign the standard streams System.in or System.out.
  - Otherwise, the dialog system asks the decider to select N of the ship's modules; the choice text
   is: `<Decider> must select <N> of <Ship>s module(s) (separated by comma):` and the module list is
   alphabetically ordered.
  - Error messages should clearly indicate why an input was rejected.
  - Every error message must begin with 'Error,' and must not contain special characters such as
  newlines or umlauts.
  - Otherwise a successful action leads to no output unless another rule specifies output.
  </adaptive_rules>

  <memories>
    - ProgrammingST22-Final2 requires exact output formatting: capitalization, spaces, and line
  breaks must exactly match the specification with no additional information.
    - Repository ProgrammingST22-Final2 relates to the game AlphaZeta (AZ) described in task.md
    - ProgrammingST22-Final2 uses a text-based (CLI) user interface that accepts case-insensitive
  inputs.
    - ProgrammingST22-Final2 must exit when the user inputs the command `quit` at any time.
    - ProgrammingST22-Final2 uses Java standard streams for I/O: System.in and System.out, with
  System.err optional for errors; these streams must not be reassigned.
  </memories>
  <knowledge>
    - Choose appropriate visibilities for classes, methods and attributes and follow naming and
  whitespace rules.
    - Use System.in for input by default unless the assignment states otherwise.
    - Use System.out for output by default unless the assignment states otherwise.
    - Submit your *.java files online for task A in single-person work with the correct folder
  structure.
  </knowledge>
  <entity_paths>
    - ProgrammingST22-Final2 USES Exact output matching: ProgrammingST22-Final2 requires exact
  output formatting: capitalization, spaces, and line breaks must exactly match the specification
  with no additional information.
    - ProgrammingST22-Final2 USES Error message format: ProgrammingST22-Final2 uses a defined
  error-handling convention: semantic or syntactic violations must output an informative message
  prefixed with `Error,` (no special characters, umlauts, or newlines) and then continue normal
  execution.
    - ProgrammingST22-Final2 USES System.in/System.out/System.err: ProgrammingST22-Final2 uses Java
  standard streams for I/O: System.in and System.out, with System.err optional for errors; these
  streams must not be reassigned.
    - ProgrammingST22-Final2 USES Text-based CLI interface: ProgrammingST22-Final2 uses a text-based
   (CLI) user interface that accepts case-insensitive inputs.
    - ProgrammingST22-Final2 USES Text-based CLI interface: ProgrammingST22-Final2 uses a text-based
   (CLI) user interface that accepts case-insensitive inputs.
    - ProgrammingST22-Final2 USES Error message format 'Error,' and continue: ProgrammingST22-Final2
   USES an error-message format: messages must start with 'Error,' contain no special
  characters/umlauts/line breaks, and the program continues after errors
    - ProgrammingST22-Final2 USES Exact output formatting requirement: ProgrammingST22-Final2
  requires exact output formatting: capitalization, spaces, and line breaks must exactly match the
  specification with no additional information.
    - ProgrammingST22-Final2 USES System.in/System.out (optional System.err): ProgrammingST22-Final2
   uses Java standard streams for I/O: System.in and System.out, with System.err optional for
  errors; these streams must not be reassigned.
    - ProgrammingST22-Final2 USES End-of-game summary output: ProgrammingST22-Final2 must output
  which KI won when a Collector is destroyed and then terminate the game.
    - ProgrammingST22-Final2 USES quit: ProgrammingST22-Final2 must exit when the user inputs the
  command `quit` at any time.
    - ProgrammingST22-Final2 USES Text-based user interface: ProgrammingST22-Final2 uses a
  text-based user interface for playing AlphaZeta (AZ).
    - ProgrammingST22-Final2 USES System.in: ProgrammingST22-Final2 uses System.in for input by
  default.
    - ProgrammingST22-Final2 USES System.out: ProgrammingST22-Final2 uses System.out for output by
  default.
    - ProgrammingST22-Final2 RELATES_TO System.exit(): The implementation must not use System.exit()
   or other excluded functions to implement the quit behavior.
    - ProgrammingST22-Final2 RELATES_TO AlphaZeta (AZ): Repository ProgrammingST22-Final2 relates to
   the game AlphaZeta (AZ) described in task.md
    - task.md RELATES_TO Error message format: task.md requires error messages to begin with
  'Error,' and prohibits special characters such as newlines or umlauts in them.
    - task.md RELATES_TO [...]  (omitted-interactions marker): task.md specifies that `[...]`
  indicates omitted interactions and is not an output of the game.
    - task.md RELATES_TO %>  (command-line prompt symbol): task.md specifies that the symbol "%> "
  denotes the command-line prompt in example interactions.
    - task.md RELATES_TO >  (user-input prefix): task.md specifies that the symbol "> " denotes a
  user input prompt and is not part of the actual input.
    - task.md RELATES_TO Symbol "%> " (prompt): task.md specifies that the symbol "%> " denotes the
  command-line prompt in example interactions.
  </entity_paths>
  <entity_matches>
    - ProgrammingST22-Final2 (score: 1.00) — Repository and codebase for the AlphaZeta assignment.
    - task.md (score: 0.70) — Assignment specification for implementing AlphaZeta.
    - End-of-game summary output (score: 0.69) — Output winner when a Collector is destroyed, then
  end the game.
    - Exact output matching requirement (score: 0.67) — Outputs must match specification exactly
  including spaces and newlines.
    - 20 Punkte (score: 0.67) — Point value assigned to the task
  </entity_matches>
  <insights>
    - Agent community around ProgrammingST22-Final2, End-of-game summary output, Exact output
  matching connects Text-based CLI interface, Error message format 'Error,' and continue, Exact
  output formatting requirement, System.in/System.out (optional System.err). Relevant agent facts:
  ProgrammingST22-Final2 requires exact output formatting: capitalization, spaces, and line breaks
  must exactly match the specification with no additional information.; ProgrammingST22-Final2 uses
  a defined error-handling convention: semantic or syntactic violations must output an informative
  message prefixed with `Error,` (no special characters, umlauts, or newlines) and then continue
  normal execution.; ProgrammingST22-Final2 uses Java standard streams for I/O: System.in and
  System.out, with System.err optional for errors; these streams must not be reassigned.
    - Agent community around task.md, Exact output matching requirement, 20 Punkte connects %>
  (command-line prompt symbol), > (user-input prefix), Symbol "%> " (prompt), Program name choice
  (not required to be AlphaZeta). Relevant agent facts: task.md specifies that `[...]` indicates
  omitted interactions and is not an output of the game.; task.md specifies that the symbol "%> "
  denotes the command-line prompt in example interactions.; task.md specifies that the symbol "> "
  denotes a user input prompt and is not part of the actual input.
    - Agent community around quit, Automated tests. Relevant agent facts: Automated tests for
  ProgrammingST22-Final2 depend on the `quit` command because many tests use it to end test
  sequences.; ProgrammingST22-Final2 must exit when the user inputs the command `quit` at any time.
    - Agent community around AlphaZeta (AZ), Coordinate system (0,0 top-left; x→ right; y→ down),
  Manhattan distance connects Board size constraint (l odd and >= 5), Game end condition (Collector
  destroyed), Setting: year 2985; two AIs A and Z compete to extract asteroid-belt resources,
  created by two largest companies. Relevant agent facts: AlphaZeta enforces module and action usage
   rules: max 4 modules per ship; each module action can be used once per turn; duplicate modules
  allow repeated action per module; ramm action allowed only once per ship per turn; AlphaZeta
  enforces module-type constraints: weapons per ship ≤ 2; max 1 Rail Gun, max 1 Propulsion, max 1
  Shield per ship; max 1 Sensor per fleet; AlphaZeta requires the board side length l to be odd and
  at least 5 (board has at least 25 tiles)
    - Agent community around Engine, Rail Gun, Sword connects Propulsion, Container, AlphaZeta
  attack resolution. Relevant agent facts: AlphaZeta uses these modules and their actions/effects:
  Engine (move 1–3, ramm 1), Rail Gun (longshot 5–6), Sword (strike 1), Shield (reduces attack roll
  by 1), Sensor (mark, infinite range), Propulsion (propel 1–3), Container (collector-only, no
  actions); Collector ships A and Z use exactly the Engine and Container modules (Collector has one
  Engine and Container special module only); Ship Z (Collector) uses exactly the Engine and
  Container modules (Collector has one Engine and Container special module only)
  </insights>

● adaptive-memory extension active (role=requirements, memorySession=20260723-163807-req) - type
  /memory-help. MCP tools registered (memory=true, backlog=true).



● Create Backlog (MCP: agentic-memory) · CLI-basiertes rundenbasiertes Strategiespiel AlphaZeta (AZ…
  └ Backlog "AlphaZeta (AZ) - Abschlussaufgabe 2" created with id: 5fe957c3-103c-...



● Create Tasks (MCP: agentic-memory) · backlogId: "5fe957c3-103c-4e5e-9dae-59efbb528a44", tasks: [1…
  └ Created 18 task(s) in backlog 5fe957c3-103c-4e5e-9dae-59efbb528a44.



● Get Tasks (MCP: agentic-memory) · backlogId: "5fe957c3-103c-4e5e-9dae-59efbb528a44"
  └ Output too large to read at once (26.0 KB). Saved to: /var/folders/fs/p8fxyq6...







Changes    +0 -0
Duration   5m 22s
Tokens     ↑ 171.2k (129.4k cached) • ↓ 8.6k (4.7k reasoning)
[delivery:requirements] Turn 11/11 complete
[delivery:requirements] Exercise requirements stream complete — advancing to backlog discovery
[delivery] Phase B: Backlog discovery
[delivery] Using backlog: "AlphaZeta (AZ) - Abschlussaufgabe 2" (5fe957c3-103c-4e5e-9dae-59efbb528a44)
[delivery] Backlog: "AlphaZeta (AZ) - Abschlussaufgabe 2" (5fe957c3-103c-4e5e-9dae-59efbb528a44)

[delivery] Phase C: Coding

[delivery] Killed leftover process PID 37335 on port 3001
● [adaptive-context] GET
  http://localhost:4444/api/agents/7af7809a-adce-4fa9-9609-fd61059de0ff/sessions/20260723-163807-cod
  ing/context?input=Implement+%22AlphaZeta+%28AZ%29+-+Abschlussaufgabe+2%22+backlog%3A+Implement+cor
  e+domain+model%3B+Implement+game+initialization%3B+Implement+ship+configuration+dialog%3B+Implemen
  t+board+configuration%3B+Implement+main+game+loop+with+quit+and+endturn%3B+Implement+help+command%
  3B+Implement+board+command%3B+Implement+fleet+command%3B+Implement+actions+command%3B+Implement+ma
  rk+action%3B+Implement+action+parsing+and+move+action%3B+Implement+propel+action%3B+Implement+atta
  ck+resolution+engine%3B+Implement+strike+action%3B+Implement+longshot+action%3B+Implement+ramm+act
  ion%3B+Implement+module+destruction+dialog+and+output%3B+Implement+end+game+detection&project=Prog
  rammingST22-Final2&role=coding&task=Implement+backlog+%22AlphaZeta+%28AZ%29+-+Abschlussaufgabe+2%2
  2+in+the+selected+exercise+repository.&timestamp=2026-07-23T14%3A46%3A41.937Z&domain=st22final02

● Injected adaptive memory context into system prompt

● <adaptive_rules>
  - These implementation guidelines are mandatory for Abschlussaufgabe 2 "AlphaZeta" and must be
  followed exactly.
  - Program outputs must exactly match the specification including case, spaces, and newlines for
  automated tests.
  - Otherwise, the dialog system asks the decider to select N of the ship's modules; the choice text
   is: `<Decider> must select <N> of <Ship>s module(s) (separated by comma):` and the module list is
   alphabetically ordered.
  - Always destroy all additional modules first (for Sammler: Container modules), then destroy the
  Engine.
  - JavaDoc @author tag must contain only the student's u-Kürzel.
  - Program code must be written in English.
  - Action 'propel' is only available if the ship has a Propulsion module.
  - During 'move', the target tile must not be covered by cover or occupied by another ship.
  - If a ship has multiple modules of the same type, destroying one module of that type always
  removes the first such module according to the initial configuration order.
  - The mandatory tests must be passed before other tests are evaluated.
  - Calls to System.exit(), Runtime.exit() or similar must not be used.
  - Do not reassign the standard streams System.in or System.out.
  - After printing an error message the program must continue and wait for the next input.
  - Comments should be uniformly written either in English or German.
  - Otherwise a successful action leads to no output unless another rule specifies output.
  - All submitted code must compile without errors.
  </adaptive_rules>

  <memories>
    - Repository ProgrammingST22-Final2 relates to the game AlphaZeta (AZ) described in task.md
    - The assignment 'Abschlussaufgabe 2 — AlphaZeta (AZ)' is for the course 'Programmieren'.
    - ProgrammingST22-Final2 uses a text-based user interface for playing AlphaZeta (AZ).
    - The file task.md contains the assignment "Abschlussaufgabe 2 — AlphaZeta (AZ)"
    - Document 'task.md' describes the assignment 'Abschlussaufgabe 2 — AlphaZeta (AZ)'.
    - The assignment 'Abschlussaufgabe 2 — AlphaZeta (AZ)' was assigned in 'Sommersemester 2022'.
    - The assignment is centered on the game 'AlphaZeta (AZ)'.
  </memories>
  <knowledge>
    - Choose appropriate visibilities for classes, methods and attributes and follow naming and
  whitespace rules.
    - Follow Checkstyle rules; some Checkstyle violations cause automatic zero points while others
  may cause point deductions.
    - Use System.out for output by default unless the assignment states otherwise.
    - Use System.in for input by default unless the assignment states otherwise.
  </knowledge>
  <entity_paths>
    - ProgrammingST22-Final2 USES Exact output matching: ProgrammingST22-Final2 requires exact
  output formatting: capitalization, spaces, and line breaks must exactly match the specification
  with no additional information.
    - ProgrammingST22-Final2 USES Error message format: ProgrammingST22-Final2 uses a defined
  error-handling convention: semantic or syntactic violations must output an informative message
  prefixed with `Error,` (no special characters, umlauts, or newlines) and then continue normal
  execution.
    - ProgrammingST22-Final2 USES System.in/System.out/System.err: ProgrammingST22-Final2 uses Java
  standard streams for I/O: System.in and System.out, with System.err optional for errors; these
  streams must not be reassigned.
    - ProgrammingST22-Final2 USES Text-based CLI interface: ProgrammingST22-Final2 uses a text-based
   (CLI) user interface that accepts case-insensitive inputs.
    - ProgrammingST22-Final2 USES Text-based CLI interface: ProgrammingST22-Final2 uses a text-based
   (CLI) user interface that accepts case-insensitive inputs.
    - ProgrammingST22-Final2 USES Error message format 'Error,' and continue: ProgrammingST22-Final2
   USES an error-message format: messages must start with 'Error,' contain no special
  characters/umlauts/line breaks, and the program continues after errors
    - ProgrammingST22-Final2 USES Exact output formatting requirement: ProgrammingST22-Final2
  requires exact output formatting: capitalization, spaces, and line breaks must exactly match the
  specification with no additional information.
    - ProgrammingST22-Final2 USES System.in/System.out (optional System.err): ProgrammingST22-Final2
   uses Java standard streams for I/O: System.in and System.out, with System.err optional for
  errors; these streams must not be reassigned.
    - ProgrammingST22-Final2 USES End-of-game summary output: ProgrammingST22-Final2 must output
  which KI won when a Collector is destroyed and then terminate the game.
    - ProgrammingST22-Final2 USES quit: ProgrammingST22-Final2 must exit when the user inputs the
  command `quit` at any time.
    - ProgrammingST22-Final2 USES Text-based user interface: ProgrammingST22-Final2 uses a
  text-based user interface for playing AlphaZeta (AZ).
    - ProgrammingST22-Final2 USES System.in: ProgrammingST22-Final2 uses System.in for input by
  default.
    - ProgrammingST22-Final2 USES System.out: ProgrammingST22-Final2 uses System.out for output by
  default.
    - ProgrammingST22-Final2 USES Startup parameters (seed, boardSize, containerModules):
  ProgrammingST22-Final2 uses exactly three startup command-line parameters: seed, board side
  length, and container module count.
    - ProgrammingST22-Final2 USES java.util.Random (Random(long seed), nextInt(int)):
  ProgrammingST22-Final2 uses a single java.util.Random instance created with Random(long seed) for
  deterministic dice; only that instance's nextInt(int bound) is used and dice are computed as
  random.nextInt(6) + 1.
    - ProgrammingST22-Final2 USES Startup interaction flow: ProgrammingST22-Final2 defines a startup
   interaction flow: show welcome message, then sequentially configure each AI ship (order as in
  example), list possible modules alphabetically, validate configurations as early as possible and
  on error show message and re-prompt only for that ship (do not re-ask already-correct ships);
  after all ships configured prompt for board configuration as a single row-major string using '.',
  '1', '2' and ship letters (length = side*side); on invalid board input show error and re-prompt
  board input; after correct board Alpha's turn begins and is announced.
    - ProgrammingST22-Final2 USES Ship configuration workflow: ProgrammingST22-Final2 uses a
  ship-configuration workflow: ships prompted in fixed order, modules listed alphabetically, invalid
   configs detected early, and on error the system repeats only the current ship's configuration
  while keeping previously correct ship configurations.
    - ProgrammingST22-Final2 USES random.nextInt(int bound): Only random.nextInt(int bound) shall be
   used (on that instance) for dice rolls; dice = random.nextInt(6) + 1.
    - ProgrammingST22-Final2 USES Alpha's first turn announcement: After successful configuration
  the game begins with Alpha's turn and the system announces Alpha's move start.
    - ProgrammingST22-Final2 USES Welcome message: At program start ProgrammingST22-Final2 displays
  a welcome message (shown in line 2 of the example interaction).
  </entity_paths>
  <entity_matches>
    - ProgrammingST22-Final2 (score: 1.00) — Course assignment codebase for the AlphaZeta game.
    - Abschlussaufgabe 2 — AlphaZeta (AZ) (score: 0.82) — The assignment titled 'AlphaZeta (AZ)'.
    - AlphaZeta game flow (score: 0.81) — Turn order, turn termination, and game end condition
    - AlphaZeta (AZ) (score: 0.80) — Turn-based two-player strategy board game specified in task.md
    - AlphaZeta (score: 0.76) — Runden-basiertes Strategie- und Brettspiel für zwei Personen
  </entity_matches>
  <insights>
    - Agent community around ProgrammingST22-Final2, Exact output matching, Error message format
  connects Error message format 'Error,' and continue, Exact output formatting requirement,
  System.in/System.out (optional System.err). Relevant agent facts: ProgrammingST22-Final2 requires
  exact output formatting: capitalization, spaces, and line breaks must exactly match the
  specification with no additional information.; ProgrammingST22-Final2 uses a defined
  error-handling convention: semantic or syntactic violations must output an informative message
  prefixed with `Error,` (no special characters, umlauts, or newlines) and then continue normal
  execution.; ProgrammingST22-Final2 uses Java standard streams for I/O: System.in and System.out,
  with System.err optional for errors; these streams must not be reassigned.
    - Agent community around Abschlussaufgabe 2 — AlphaZeta (AZ), task.md, Prof. Dr.-Ing. Anne
  Koziolek connects [...] (omitted-interactions marker), %> (command-line prompt symbol), >
  (user-input prefix), Symbol "%> " (prompt). Relevant agent facts: task.md specifies that `[...]`
  indicates omitted interactions and is not an output of the game.; task.md specifies that the
  symbol "%> " denotes the command-line prompt in example interactions.; task.md specifies that the
  symbol "> " denotes a user input prompt and is not part of the actual input.
    - Agent community around AlphaZeta game flow, Win condition. Relevant agent facts: Game flow:
  Alpha starts and players alternate turns; a turn ends when the acting KI declares it finished; the
   game ends when one KI's Collector is destroyed and the other KI wins.
    - Agent community around AlphaZeta (AZ), Coordinate system (0,0 top-left; x→ right; y→ down),
  Manhattan distance connects Board size constraint (l odd and >= 5), Game end condition (Collector
  destroyed), Setting: year 2985; two AIs A and Z compete to extract asteroid-belt resources,
  created by two largest companies. Relevant agent facts: AlphaZeta enforces module and action usage
   rules: max 4 modules per ship; each module action can be used once per turn; duplicate modules
  allow repeated action per module; ramm action allowed only once per ship per turn; AlphaZeta
  enforces module-type constraints: weapons per ship ≤ 2; max 1 Rail Gun, max 1 Propulsion, max 1
  Shield per ship; max 1 Sensor per fleet; AlphaZeta requires the board side length l to be odd and
  at least 5 (board has at least 25 tiles)
    - Agent community around AlphaZeta, Spielfeld, Manhattan-Distance d1. Relevant agent facts:
  AlphaZeta (AZ) is a turn-based strategy board game for two players played on a square tile
  Spielfeld.; The Spielfeld must be square with side length l >= 5 and odd; coordinates start at
  (0,0) top-left; all distance calculations use the Manhattan distance d₁ and direct neighbors have
  d₁ = 1.
  </insights>

● adaptive-memory extension active (role=coding, memorySession=20260723-163807-coding) - type
  /memory-help. MCP tools registered (memory=true, backlog=true).

● List directory .
  └ 15 files found

✗ Get Scratchpad (MCP: agentic-memory) · sessionId: "80b82a1a-d19c-42a7-85e9-5bc97b01e18d"
  └ MCP server 'agentic-memory': Forbidden.

● List Backlogs (MCP: agentic-memory)
  └ Output too large to read at once (22.7 KB). Saved to: /var/folders/fs/p8fxyq6...

● [turn-persistence] [turn-persistence] turn_end SKIPPED ai: no assistant message with content

● Claim Next Task (MCP: agentic-memory) · backlogId: "5fe957c3-103c-4e5e-9dae-59efbb528a44"
  └ Claimed task "Implement core domain model" (11387f5d-958b-4143-876c-ddbbc9de9...

● [turn-persistence] [turn-persistence] turn_end SKIPPED ai: no assistant message with content



● Read task.md
  └ 1 line read

● List directory src
  └ 1 file found

● Read pom.xml
  └ 32 lines read

● Read examples.md
  └ 290 lines read

● Read task.md
  └ L1:100 (100 lines read)

● Read guidelines.md
  └ 165 lines read

● Search (glob)
  │ "src/**/*.java"
  └ No matches found

● [turn-persistence] [turn-persistence] turn_end SKIPPED ai: no assistant message with content

● Read task.md
  └ L100:200 (101 lines read)

● [turn-persistence] [turn-persistence] turn_end SKIPPED ai: no assistant message with content

● Read task.md
  └ L200:320 (121 lines read)

● Read README.md
  │ src/README.md
  └ 4 lines read

● List directory .github
  └ 2 files found

● [turn-persistence] [turn-persistence] turn_end SKIPPED ai: no assistant message with content

● Read task.md
  └ L320:400 (48 lines read)

● Search (glob)
  │ "**/*.java"
  └ No matches found

● [turn-persistence] [turn-persistence] turn_end SKIPPED ai: no assistant message with content



● Create package directories for domain model (shell)
  │ mkdir -p
  │ /Users/nghalinh2711/Development/student-repos/st22final02/src/edu/kit/kastel/alphazeta/model
  └ 1 line…



● Create Tile.java +67
  └ src/edu/kit/kastel/alphazeta/model/Tile.java

● Create Coordinate.java +76
  └ src/edu/kit/kastel/alphazeta/model/Coordinate.java

● Create ModuleType.java +39
  └ src/edu/kit/kastel/alphazeta/model/ModuleType.java

● Create Ship.java +185
  └ src/edu/kit/kastel/alphazeta/model/Ship.java

● Create Board.java +254
  └ src/edu/kit/kastel/alphazeta/model/Board.java

● Create Fleet.java +117
  └ src/edu/kit/kastel/alphazeta/model/Fleet.java

● Create GameState.java +216
  └ src/edu/kit/kastel/alphazeta/model/GameState.java

● [turn-persistence] [turn-persistence] turn_end SKIPPED ai: no assistant message with content



● Compile the Java project with Maven (shell)
  │ cd /Users/nghalinh2711/Development/student-repos/st22final02 && mvn compile --quiet 2>&1
  └ 1 line…



● Update Task (MCP: agentic-memory) · backlogId: "5fe957c3-103c-4e5e-9dae-59efbb528a44", taskId: "1…
  └ Task "Implement core domain model" (11387f5d-958b-4143-876c-ddbbc9de945e) upd...

● Update Scratchpad (MCP: agentic-memory) · sessionId: "80b82a1a-d19c-42a7-85e9-5bc97b01e18d", note…
  └ Scratchpad updated.

● Claim Next Task (MCP: agentic-memory) · backlogId: "5fe957c3-103c-4e5e-9dae-59efbb528a44"
  └ Claimed task "Implement game initialization" (32a97b05-9ed7-4cb4-b6cd-c74ede3...

● [turn-persistence] [turn-persistence] turn_end SKIPPED ai: no assistant message with content



● Create main package directory (shell)
  │ mkdir -p /Users/nghalinh2711/Development/student-repos/st22final02/src/edu/kit/kastel/alphazeta
  └ 1 line…

● Create Game.java +54
  └ src/edu/kit/kastel/alphazeta/Game.java

● Create AlphaZeta.java +129
  └ src/edu/kit/kastel/alphazeta/AlphaZeta.java

● [turn-persistence] [turn-persistence] turn_end SKIPPED ai: no assistant message with content

● Compile the Java project (shell)
  │ cd /Users/nghalinh2711/Development/student-repos/st22final02 && mvn compile --quiet 2>&1
  └ 1 line…

● [turn-persistence] [turn-persistence] turn_end SKIPPED ai: no assistant message with content



● Test with invalid args (shell)
  │ cd /Users/nghalinh2711/Development/student-repos/st22final02 && java -cp target/classes
  │ edu.kit.kastel.alphazeta.AlphaZeta 2>&1; echo "---"; java -cp target/classes
  │ edu.kit.kastel.alphazeta.AlphaZeta 0 4 0 2>&1; echo "---"; java -cp target/classes
  │ edu.kit.kastel.alphazeta.AlphaZeta abc 5 0 2>&1; echo "---"; java -cp target/classes
  │ edu.kit.kastel.alphazeta.AlphaZeta 0 5 5 2>&1
  └ 8 lines…

● Test with valid args (shell)
  │ cd /Users/nghalinh2711/Development/student-repos/st22final02 && java -cp target/classes
  │ edu.kit.kastel.alphazeta.AlphaZeta 0 5 0 2>&1
  └ 2 lines…

● [turn-persistence] [turn-persistence] turn_end SKIPPED ai: no assistant message with content



● Update Task (MCP: agentic-memory) · backlogId: "5fe957c3-103c-4e5e-9dae-59efbb528a44", state: "do…
  └ Task "Implement game initialization" (32a97b05-9ed7-4cb4-b6cd-c74ede396716) u...

● Claim Next Task (MCP: agentic-memory) · backlogId: "5fe957c3-103c-4e5e-9dae-59efbb528a44"
  └ Claimed task "Implement ship configuration dialog" (56fa0269-1d6c-4980-8d58-9...



● Create SetupPhase.java +192
  └ src/edu/kit/kastel/alphazeta/SetupPhase.java



● Edit Ship.java +9
  └ src/edu/kit/kastel/alphazeta/model/Ship.java

● Edit SetupPhase.java +1 -1
  └ src/edu/kit/kastel/alphazeta/SetupPhase.java

● [turn-persistence] [turn-persistence] turn_end SKIPPED ai: no assistant message with content



● Edit SetupPhase.java +3
  └ src/edu/kit/kastel/alphazeta/SetupPhase.java



● Edit Fleet.java +11 -2
  └ src/edu/kit/kastel/alphazeta/model/Fleet.java

● Edit SetupPhase.java +5 -2
  └ src/edu/kit/kastel/alphazeta/SetupPhase.java

● [turn-persistence] [turn-persistence] turn_end SKIPPED ai: no assistant message with content



● Edit Game.java +12 -3
  └ src/edu/kit/kastel/alphazeta/Game.java

● Compile the project (shell)
  │ cd /Users/nghalinh2711/Development/student-repos/st22final02 && mvn compile --quiet 2>&1
  └ 1 line…

● [turn-persistence] [turn-persistence] turn_end SKIPPED ai: no assistant message with content



● Test ship configuration dialog (shell)
  │ cd /Users/nghalinh2711/Development/student-repos/st22final02 && echo "shield,sensor,sword
  │ SWORD,SWORD
  │ RAILGUN,SWORD
  │ SHIELD,SENSOR,SWORD
  │ SWORD,SWORD…
  └ 19 lines…

● Test error handling in ship config (shell)
  │ cd /Users/nghalinh2711/Development/student-repos/st22final02 && printf
  │ "SENSOR,RAILGUN\nSENSOR\nSWORD\nSENSOR\nSWORD,SWORD\nRAILGUN,SWORD\nSHIELD,SENSOR,SWORD\nSWORD,S
  │ WORD\nRAILGUN,SWORD\nA1..W.D...C2..X..2.1B.Y.Z\nquit\n" | java -cp target/classes
  │ edu.kit.kastel.alphazeta.AlphaZeta 0 5 0 2>&1
  └ 18 lines…

● [turn-persistence] [turn-persistence] turn_end SKIPPED ai: no assistant message with content



● Test sensor error specifically (shell)
  │ cd /Users/nghalinh2711/Development/student-repos/st22final02 && printf
  │ "SENSOR\nSWORD\nSENSOR\nSWORD,SWORD\nRAILGUN,SWORD\nSHIELD,SENSOR,SWORD\nSWORD,SWORD\nquit\n" |
  │ java -cp target/classes edu.kit.kastel.alphazeta.AlphaZeta 0 5 0 2>&1
  └ 17 lines…



● Update Task (MCP: agentic-memory) · state: "done", backlogId: "5fe957c3-103c-4e5e-9dae-59efbb528a…
  └ Task "Implement ship configuration dialog" (56fa0269-1d6c-4980-8d58-992006339...

● Claim Next Task (MCP: agentic-memory) · backlogId: "5fe957c3-103c-4e5e-9dae-59efbb528a44"
  └ Claimed task "Implement board configuration" (a5c602b4-832f-4507-9396-366b2b0...

● Create BoardSetup.java +220
  └ src/edu/kit/kastel/alphazeta/BoardSetup.java

● [turn-persistence] [turn-persistence] turn_end SKIPPED ai: no assistant message with content



● Edit Game.java +6 -1
  └ src/edu/kit/kastel/alphazeta/Game.java

● Compile the project (shell)
  │ cd /Users/nghalinh2711/Development/student-repos/st22final02 && mvn compile --quiet 2>&1
  └ 1 line…

● [turn-persistence] [turn-persistence] turn_end SKIPPED ai: no assistant message with content

● Test board configuration with valid and invalid inputs (shell)
  │ cd /Users/nghalinh2711/Development/student-repos/st22final02 && printf
  │ "SHIELD,SENSOR,SWORD\nSWORD,SWORD\nRAILGUN,SWORD\nSHIELD,SENSOR,SWORD\nSWORD,SWORD\nRAILGUN,SWOR
  │ D\nA1..W.D...C2..X..2.1B.YZ\nA1..W.D...C2..X..2.1B.Y.Z\nquit\n" | java -cp target/classes
  │ edu.kit.kastel.alphazeta.AlphaZeta 0 5 0 2>&1
  └ 26 lines…

● [turn-persistence] [turn-persistence] turn_end SKIPPED ai: no assistant message with content



● Edit BoardSetup.java +5 -2
  └ src/edu/kit/kastel/alphazeta/BoardSetup.java



● Edit BoardSetup.java +5 -1
  └ src/edu/kit/kastel/alphazeta/BoardSetup.java



● Create QuitGameException.java +18
  └ src/edu/kit/kastel/alphazeta/QuitGameException.java

● Edit BoardSetup.java +1 -1
  └ src/edu/kit/kastel/alphazeta/BoardSetup.java

● [turn-persistence] [turn-persistence] turn_end SKIPPED ai: no assistant message with content

● Edit AlphaZeta.java +5 -1
  └ src/edu/kit/kastel/alphazeta/AlphaZeta.java

● [turn-persistence] [turn-persistence] turn_end SKIPPED ai: no assistant message with content

● Compile and test board config (shell)
  │ cd /Users/nghalinh2711/Development/student-repos/st22final02 && mvn compile --quiet 2>&1 &&
  │ printf "SHIELD,SENSOR,SWORD\nSWORD,SWORD\nRAILGUN,SWORD\nSHIELD,SENSOR,SWORD\nSWORD,SWORD\nRAILG
  │ UN,SWORD\nA1..W.D...C2..X..2.1B.YZ\nA1..W.D...C2..X..2.1B.Y.Z\nquit\n" | java -cp target/classes
  │ edu.kit.kastel.alphazeta.AlphaZeta 0 5 0 2>&1
  └ 20 lines…

● [turn-persistence] [turn-persistence] turn_end SKIPPED ai: no assistant message with content



● Update Task (MCP: agentic-memory) · state: "done", backlogId: "5fe957c3-103c-4e5e-9dae-59efbb528a…
  └ Task "Implement board configuration" (a5c602b4-832f-4507-9396-366b2b08f432) u...

● Claim Next Task (MCP: agentic-memory) · backlogId: "5fe957c3-103c-4e5e-9dae-59efbb528a44"
  └ Claimed task "Implement main game loop with quit and endturn" (aa8965de-9bcb-...

● Edit Game.java +97 -1
  └ src/edu/kit/kastel/alphazeta/Game.java

● [turn-persistence] [turn-persistence] turn_end SKIPPED ai: no assistant message with content



● Edit SetupPhase.java +5 -1
  └ src/edu/kit/kastel/alphazeta/SetupPhase.java

● Compile and test main loop (shell)
  │ cd /Users/nghalinh2711/Development/student-repos/st22final02 && mvn compile --quiet 2>&1 &&
  │ printf "SHIELD,SENSOR,SWORD\nSWORD,SWORD\nRAILGUN,SWORD\nSHIELD,SENSOR,SWORD\nSWORD,SWORD\nRAILG
  │ UN,SWORD\nA1..W.D...C2..X..2.1B.Y.Z\nendturn\nboard\nendturn\nhelp\nquit\n" | java -cp
  │ target/classes edu.kit.kastel.alphazeta.AlphaZeta 0 5 0 2>&1
  └ 34 lines…

● [turn-persistence] [turn-persistence] turn_end SKIPPED ai: no assistant message with content



● Test quit during setup and unknown commands (shell)
  │ cd /Users/nghalinh2711/Development/student-repos/st22final02 && echo "quit" | java -cp
  │ target/classes edu.kit.kastel.alphazeta.AlphaZeta 0 5 0 2>&1; echo "---"; printf
  │ "SHIELD,SENSOR,SWORD\nSWORD,SWORD\nRAILGUN,SWORD\nSHIELD,SENSOR,SWORD\nSWORD,SWORD\nRAILGUN,SWOR
  │ D\nA1..W.D...C2..X..2.1B.Y.Z\nxyz\nquit\n" | java -cp target/classes
  │ edu.kit.kastel.alphazeta.AlphaZeta 0 5 0 2>&1
  └ 25 lines…



● Update Task (MCP: agentic-memory) · state: "done", backlogId: "5fe957c3-103c-4e5e-9dae-59efbb528a…
  └ Task "Implement main game loop with quit and endturn" (aa8965de-9bcb-412f-a8d...

● Claim Next Task (MCP: agentic-memory) · backlogId: "5fe957c3-103c-4e5e-9dae-59efbb528a44"
  └ Claimed task "Implement help command" (5c82f299-ba04-4c81-b088-35328b887705) ...



● Verify help output matches spec exactly (shell)
  │ cd /Users/nghalinh2711/Development/student-repos/st22final02 && printf
  │ "SWORD\nSWORD\nSWORD\nSWORD\nSWORD\nSWORD\nA1..W.D...C2..X..2.1B.Y.Z\nhelp\nquit\n" | java -cp
  │ target/classes edu.kit.kastel.alphazeta.AlphaZeta 0 5 0 2>&1
  └ 27 lines…



● Update Task (MCP: agentic-memory) · state: "done", backlogId: "5fe957c3-103c-4e5e-9dae-59efbb528a…
  └ Task "Implement help command" (5c82f299-ba04-4c81-b088-35328b887705) updated ...

● Claim Next Task (MCP: agentic-memory) · backlogId: "5fe957c3-103c-4e5e-9dae-59efbb528a44"
  └ Claimed task "Implement board command" (de9a7bd5-660f-4b6f-aae1-02fe1f6a409b)...



● Update Task (MCP: agentic-memory) · state: "done", backlogId: "5fe957c3-103c-4e5e-9dae-59efbb528a…
  └ Task "Implement board command" (de9a7bd5-660f-4b6f-aae1-02fe1f6a409b) updated...

● Claim Next Task (MCP: agentic-memory) · backlogId: "5fe957c3-103c-4e5e-9dae-59efbb528a44"
  └ Claimed task "Implement fleet command" (a62d39fc-5281-4d3a-be4d-64db6535b9a0)...



● Edit Game.java +40 -1
  └ src/edu/kit/kastel/alphazeta/Game.java

● Edit Game.java +4
  └ src/edu/kit/kastel/alphazeta/Game.java

● [turn-persistence] [turn-persistence] turn_end SKIPPED ai: no assistant message with content



● Edit Game.java +3 -4
  └ src/edu/kit/kastel/alphazeta/Game.java

● Compile and test fleet command (shell)
  │ cd /Users/nghalinh2711/Development/student-repos/st22final02 && mvn compile --quiet 2>&1 &&
  │ printf "SWORD\nSWORD\nSWORD\nSWORD\nSWORD\nSWORD\nA1..W.D...C2..X..2.1B.Y.Z\nfleet\nquit\n" |
  │ java -cp target/classes edu.kit.kastel.alphazeta.AlphaZeta 0 5 0 2>&1
  └ 29 lines…

● [turn-persistence] [turn-persistence] turn_end SKIPPED ai: no assistant message with content



● Test fleet with example config (shell)
  │ cd /Users/nghalinh2711/Development/student-repos/st22final02 && printf
  │ "RAILGUN,SHIELD,SENSOR\nSWORD,SWORD\nSWORD,SWORD\nRAILGUN,SHIELD,SWORD\nSWORD,SWORD\nSWORD,SWORD
  │ \nA1..W.D...C2..X..2.1B.Y.Z\nfleet\nquit\n" | java -cp target/classes
  │ edu.kit.kastel.alphazeta.AlphaZeta 1 5 2 2>&1
  └ 29 lines…



● Update Task (MCP: agentic-memory) · state: "done", backlogId: "5fe957c3-103c-4e5e-9dae-59efbb528a…
  └ Task "Implement fleet command" (a62d39fc-5281-4d3a-be4d-64db6535b9a0) updated...

● Claim Next Task (MCP: agentic-memory) · backlogId: "5fe957c3-103c-4e5e-9dae-59efbb528a44"
  └ Claimed task "Implement actions command" (2c4ae8a8-1287-4604-a1b6-1989406da48...

● Edit Game.java +86 -1
  └ src/edu/kit/kastel/alphazeta/Game.java

● [turn-persistence] [turn-persistence] turn_end SKIPPED ai: no assistant message with content

● Edit Game.java +3
  └ src/edu/kit/kastel/alphazeta/Game.java

● [turn-persistence] [turn-persistence] turn_end SKIPPED ai: no assistant message with content

● Compile and test actions command (shell)
  │ cd /Users/nghalinh2711/Development/student-repos/st22final02 && mvn compile --quiet 2>&1 &&
  │ printf "RAILGUN,SHIELD,SENSOR\nSWORD,SWORD\nSWORD,SWORD\nRAILGUN,SHIELD,SWORD\nSWORD,SWORD\nSWOR
  │ D,SWORD\nA1..W.D...C2..X..2.1B.Y.Z\nactions a\nactions b\nactions z\nactions x\nactions
  │ k\nactions\nquit\n" | java -cp target/classes edu.kit.kastel.alphazeta.AlphaZeta 1 5 2 2>&1
  └ 25 lines…

● [turn-persistence] [turn-persistence] turn_end SKIPPED ai: no assistant message with content



● Test actions with ramm availability (shell)
  │ cd /Users/nghalinh2711/Development/student-repos/st22final02 && printf
  │ "SENSOR\nSWORD\nSWORD\nSENSOR\nSWORD\nSWORD\nA1..W.D...C2..X..2.1B.Y.Z\nactions b\nactions
  │ c\nendturn\nactions w\nquit\n" | java -cp target/classes edu.kit.kastel.alphazeta.AlphaZeta 1 5
  │ 2 2>&1
  └ 23 lines…

● Update Task (MCP: agentic-memory) · state: "done", backlogId: "5fe957c3-103c-4e5e-9dae-59efbb528a…
  └ Task "Implement actions command" (2c4ae8a8-1287-4604-a1b6-1989406da483) updat...

● Claim Next Task (MCP: agentic-memory) · backlogId: "5fe957c3-103c-4e5e-9dae-59efbb528a44"
  └ Claimed task "Implement mark action" (8a4cd7bd-47c6-4ed9-bdb9-576c127e96fd) a...

● [turn-persistence] [turn-persistence] turn_end SKIPPED ai: no assistant message with content



● Edit Game.java +80 -2
  └ src/edu/kit/kastel/alphazeta/Game.java



● Edit Game.java +24
  └ src/edu/kit/kastel/alphazeta/Game.java

● Compile and test mark action (shell)
  │ cd /Users/nghalinh2711/Development/student-repos/st22final02 && mvn compile --quiet 2>&1 &&
  │ printf "SENSOR\nSWORD\nSWORD\nSENSOR\nSWORD\nSWORD\nA1..W.D...C2..X..2.1B.Y.Z\nb mark x\nb mark
  │ z\na mark w\nb mark w\nb mark w\nendturn\nactions w\nquit\n" | java -cp target/classes
  │ edu.kit.kastel.alphazeta.AlphaZeta 1 5 2 2>&1
  └ 25 lines…

● [turn-persistence] [turn-persistence] turn_end SKIPPED ai: no assistant message with content



● Test mark edge cases (shell)
  │ cd /Users/nghalinh2711/Development/student-repos/st22final02 && printf
  │ "SENSOR\nSWORD\nSWORD\nSENSOR\nSWORD\nSWORD\nA1..W.D...C2..X..2.1B.Y.Z\nb mark z\nb mark c\nb
  │ mark y\nquit\n" | java -cp target/classes edu.kit.kastel.alphazeta.AlphaZeta 1 5 2 2>&1
  └ 21 lines…



● Update Task (MCP: agentic-memory) · state: "done", backlogId: "5fe957c3-103c-4e5e-9dae-59efbb528a…
  └ Task "Implement mark action" (8a4cd7bd-47c6-4ed9-bdb9-576c127e96fd) updated t...

● Claim Next Task (MCP: agentic-memory) · backlogId: "5fe957c3-103c-4e5e-9dae-59efbb528a44"
  └ Claimed task "Implement action parsing and move action" (d4366179-508f-482a-b...



● Edit Game.java +64 -2
  └ src/edu/kit/kastel/alphazeta/Game.java

● Edit Game.java +2
  └ src/edu/kit/kastel/alphazeta/Game.java

● [turn-persistence] [turn-persistence] turn_end SKIPPED ai: no assistant message with content

● Compile and test move action (shell)
  │ cd /Users/nghalinh2711/Development/student-repos/st22final02 && mvn compile --quiet 2>&1 &&
  │ printf "SENSOR\nSWORD\nSWORD\nSENSOR\nSWORD\nSWORD\nA1..W.D...C2..X..2.1B.Y.Z\na move 0
  │ 3\nboard\nactions a\nb move 3 0\nd move 1 3\nboard\nquit\n" | java -cp target/classes
  │ edu.kit.kastel.alphazeta.AlphaZeta 0 5 0 2>&1
  └ 31 lines…

● [turn-persistence] [turn-persistence] turn_end SKIPPED ai: no assistant message with content



● Update Task (MCP: agentic-memory) · state: "done", backlogId: "5fe957c3-103c-4e5e-9dae-59efbb528a…
  └ Task "Implement action parsing and move action" (d4366179-508f-482a-b7fc-561b...

● Claim Next Task (MCP: agentic-memory) · backlogId: "5fe957c3-103c-4e5e-9dae-59efbb528a44"
  └ Cannot claim the next task — unresolved tasks are blocking:

● Claim Next Task (MCP: agentic-memory) · backlogId: "5fe957c3-103c-4e5e-9dae-59efbb528a44"
  └ Claimed task "Implement propel action" (6f3c23e0-0d3e-464b-9ff6-931565bfcc2f)...

● [turn-persistence] [turn-persistence] turn_end SKIPPED ai: no assistant message with content



● Edit Game.java +61 -2
  └ src/edu/kit/kastel/alphazeta/Game.java

● Compile and test propel action (shell)
  │ cd /Users/nghalinh2711/Development/student-repos/st22final02 && mvn compile --quiet 2>&1 &&
  │ printf "PROPULSION,SWORD\nSWORD\nSWORD\nSENSOR\nSWORD\nSWORD\nA1..W.D...C2..X..2.1B.Y.Z\nb move
  │ 0 3\nb propel 0 1\nactions b\nb propel 0 2\nquit\n" | java -cp target/classes
  │ edu.kit.kastel.alphazeta.AlphaZeta 0 5 0 2>&1
  └ 21 lines…

● [turn-persistence] [turn-persistence] turn_end SKIPPED ai: no assistant message with content



● Update Task (MCP: agentic-memory) · state: "done", backlogId: "5fe957c3-103c-4e5e-9dae-59efbb528a…
  └ Task "Implement propel action" (6f3c23e0-0d3e-464b-9ff6-931565bfcc2f) updated...

● Claim Next Task (MCP: agentic-memory) · backlogId: "5fe957c3-103c-4e5e-9dae-59efbb528a44"
  └ Claimed task "Implement attack resolution engine" (391c791a-92fc-46f6-9da3-cf...



● Edit Game.java +120 -2
  └ src/edu/kit/kastel/alphazeta/Game.java

● Compile and test attack resolution engine (shell)
  │ cd /Users/nghalinh2711/Development/student-repos/st22final02 && mvn compile --quiet 2>&1 &&
  │ printf
  │ "RAILGUN,SWORD\nSWORD,SWORD\nSWORD,SWORD\nSENSOR\nSWORD\nSWORD\nA1..W.D...C2..X..2.1B.Y.Z\nb
  │ longshot x\nb longshot y\nb strike x\nquit\n" | java -cp target/classes
  │ edu.kit.kastel.alphazeta.AlphaZeta 0 5 0 2>&1
  └ 24 lines…

● [turn-persistence] [turn-persistence] turn_end SKIPPED ai: no assistant message with content



● Update Task (MCP: agentic-memory) · state: "done", backlogId: "5fe957c3-103c-4e5e-9dae-59efbb528a…
  └ Task "Implement attack resolution engine" (391c791a-92fc-46f6-9da3-cf57b35edf...

● Claim Next Task (MCP: agentic-memory) · backlogId: "5fe957c3-103c-4e5e-9dae-59efbb528a44"
  └ Claimed task "Implement strike action" (ef120e8b-fce0-46a5-b5db-64e85e6fa61b)...



● Edit Game.java +14 -3
  └ src/edu/kit/kastel/alphazeta/Game.java

● Edit Game.java +218
  └ src/edu/kit/kastel/alphazeta/Game.java

● [turn-persistence] [turn-persistence] turn_end SKIPPED ai: no assistant message with content

● Compile and test strike action (shell)
  │ cd /Users/nghalinh2711/Development/student-repos/st22final02 && mvn compile --quiet 2>&1 &&
  │ printf "SENSOR\nSWORD\nSWORD\nSENSOR\nSWORD\nSWORD\nA1..W.D...C2..X..2.1B.Y.Z\nc strike w\nc
  │ strike x\nquit\n" | java -cp target/classes edu.kit.kastel.alphazeta.AlphaZeta 0 5 0 2>&1
  └ 13 lines…

● [turn-persistence] [turn-persistence] turn_end SKIPPED ai: no assistant message with content

● Read Game.java
  │ src/edu/kit/kastel/alphazeta/Game.java
  └ L615:650 (36 lines read)

● [turn-persistence] [turn-persistence] turn_end SKIPPED ai: no assistant message with content

● Edit Game.java +1
  └ src/edu/kit/kastel/alphazeta/Game.java

● [turn-persistence] [turn-persistence] turn_end SKIPPED ai: no assistant message with content

● Compile after fix (shell)
  │ cd /Users/nghalinh2711/Development/student-repos/st22final02 && mvn compile --quiet 2>&1
  └ 1 line…

● [turn-persistence] [turn-persistence] turn_end SKIPPED ai: no assistant message with content

● Test strike action (shell)
  │ cd /Users/nghalinh2711/Development/student-repos/st22final02 && printf
  │ "SENSOR\nSWORD\nSWORD\nSENSOR\nSWORD\nSWORD\nA1..W.D...C2..X..2.1B.Y.Z\nc move 0 3\nc strike
  │ w\nc strike x\nquit\n" | java -cp target/classes edu.kit.kastel.alphazeta.AlphaZeta 0 5 0 2>&1
  └ 21 lines…

● [turn-persistence] [turn-persistence] turn_end SKIPPED ai: no assistant message with content

● Test strike with adjacent targets (shell)
  │ cd /Users/nghalinh2711/Development/student-repos/st22final02 && printf
  │ "SENSOR\nSWORD\nSWORD\nSENSOR\nSWORD\nSWORD\nA1..W.D...C2..X..2.1B.Y.Z\na move 1 1\na strike
  │ d\nSWORD\nquit\n" | java -cp target/classes edu.kit.kastel.alphazeta.AlphaZeta 5 5 0 2>&1
  └ 22 lines…

● [turn-persistence] [turn-persistence] turn_end SKIPPED ai: no assistant message with content

● Test longshot with dialog (shell)
  │ cd /Users/nghalinh2711/Development/student-repos/st22final02 && printf
  │ "RAILGUN\nSWORD\nSWORD\nSENSOR\nSWORD\nSWORD\nA1..W.D...C2..X..2.1B.Y.Z\nb longshot
  │ x\nSWORD\nquit\n" | java -cp target/classes edu.kit.kastel.alphazeta.AlphaZeta 5 5 0 2>&1
  └ 23 lines…

● [turn-persistence] [turn-persistence] turn_end SKIPPED ai: no assistant message with content



● Update Task (MCP: agentic-memory) · state: "done", backlogId: "5fe957c3-103c-4e5e-9dae-59efbb528a…
  └ Task "Implement strike action" (ef120e8b-fce0-46a5-b5db-64e85e6fa61b) updated...

● Claim Next Task (MCP: agentic-memory) · backlogId: "5fe957c3-103c-4e5e-9dae-59efbb528a44"
  └ Cannot claim the next task — unresolved tasks are blocking:

● Claim Next Task (MCP: agentic-memory) · backlogId: "5fe957c3-103c-4e5e-9dae-59efbb528a44"
  └ Claimed task "Implement longshot action" (cc419e26-a672-46eb-a2d0-8a7d72f447c...

● [turn-persistence] [turn-persistence] turn_end SKIPPED ai: no assistant message with content



● Verify longshot across thresholds (shell)
  │ cd /Users/nghalinh2711/Development/student-repos/st22final02 && printf
  │ "RAILGUN\nSWORD\nSWORD\nSENSOR\nSWORD\nSWORD\nA1..W.D...C2..X..2.1B.Y.Z\nb longshot x\nb
  │ longshot y\nquit\n" | java -cp target/classes edu.kit.kastel.alphazeta.AlphaZeta 1 5 0 2>&1
  └ 23 lines…



● Update Task (MCP: agentic-memory) · state: "done", backlogId: "5fe957c3-103c-4e5e-9dae-59efbb528a…
  └ Task "Implement longshot action" (cc419e26-a672-46eb-a2d0-8a7d72f447c0) updat...

● Claim Next Task (MCP: agentic-memory) · backlogId: "5fe957c3-103c-4e5e-9dae-59efbb528a44"
  └ Claimed task "Implement ramm action" (a8bff027-1adb-463b-830a-fd048579b73a) a...



● Test ramm action (shell)
  │ cd /Users/nghalinh2711/Development/student-repos/st22final02 && printf
  │ "SENSOR\n\n\nSENSOR\n\n\nA1..W.D...C2..X..2.1B.Y.Z\na move 0 1\na move 1 1\na ramm d\nquit\n" |
  │ java -cp target/classes edu.kit.kastel.alphazeta.AlphaZeta 2 5 0 2>&1
  └ 21 lines…

● Test ramm with proper setup (shell)
  │ cd /Users/nghalinh2711/Development/student-repos/st22final02 && printf
  │ "SENSOR\n\n\n\n\n\n\n.A..W.D...C2..X..2.1B.Y.Z\na ramm w\nquit\n" | java -cp target/classes
  │ edu.kit.kastel.alphazeta.AlphaZeta 5 5 0 2>&1
  └ 21 lines…

● [turn-persistence] [turn-persistence] turn_end SKIPPED ai: no assistant message with content

● Test ramm with weaponless ship near enemy (shell)
  │ cd /Users/nghalinh2711/Development/student-repos/st22final02 && printf
  │ "SENSOR\n\n\n\n\n\n\nA1..W.D...C2..X..2.1B.Y.Z\nb move 4 3\nb ramm x\nquit\n" | java -cp
  │ target/classes edu.kit.kastel.alphazeta.AlphaZeta 5 5 0 2>&1
  └ 22 lines…

● [turn-persistence] [turn-persistence] turn_end SKIPPED ai: no assistant message with content



● Update Task (MCP: agentic-memory) · state: "done", backlogId: "5fe957c3-103c-4e5e-9dae-59efbb528a…
  └ Task "Implement ramm action" (a8bff027-1adb-463b-830a-fd048579b73a) updated t...

● Claim Next Task (MCP: agentic-memory) · backlogId: "5fe957c3-103c-4e5e-9dae-59efbb528a44"
  └ Claimed task "Implement module destruction dialog and output" (f730b990-c22f-...



● Edit Game.java +1
  └ src/edu/kit/kastel/alphazeta/Game.java



● Edit Game.java +4 -1
  └ src/edu/kit/kastel/alphazeta/Game.java



● Compile and comprehensive test (shell)
  │ cd /Users/nghalinh2711/Development/student-repos/st22final02 && mvn compile --quiet 2>&1 &&
  │ printf "RAILGUN,SHIELD,SENSOR\nSWORD,SWORD\nSWORD,SWORD\nRAILGUN,SHIELD,SWORD\nSWORD,SWORD\nSWOR
  │ D,SWORD\nA1..W.D...C2..X..2.1B.Y.Z\nhelp\nboard\nfleet\nquit\n" | java -cp target/classes
  │ edu.kit.kastel.alphazeta.AlphaZeta 1 5 2 2>&1
  └ 42 lines…



● Test dialog system with longshot (shell)
  │ cd /Users/nghalinh2711/Development/student-repos/st22final02 && printf
  │ "RAILGUN,SHIELD,SENSOR\nSWORD,SWORD\nSWORD,SWORD\nRAILGUN,SHIELD,SWORD\nSWORD,SWORD\nSWORD,SWORD
  │ \nA1..W.D...C2..X..2.1B.Y.Z\nb longshot x\nSWORD\nboard\nfleet\nquit\n" | java -cp
  │ target/classes edu.kit.kastel.alphazeta.AlphaZeta 1 5 2 2>&1
  └ 38 lines…

● Test dialog with multi-module ship (shell)
  │ cd /Users/nghalinh2711/Development/student-repos/st22final02 && printf "RAILGUN\nSWORD,SWORD\nSW
  │ ORD,SWORD\nRAILGUN,SHIELD,SWORD\nSWORD,SWORD\nSWORD,SWORD\nA1..W.D...C2..X..2.1B.Y.Z\nb longshot
  │ w\nSWORD\nquit\n" | java -cp target/classes edu.kit.kastel.alphazeta.AlphaZeta 5 5 0 2>&1
  └ 21 lines…

● [turn-persistence] [turn-persistence] turn_end SKIPPED ai: no assistant message with content

● Test dialog with strike on multi-module ship (shell)
  │ cd /Users/nghalinh2711/Development/student-repos/st22final02 && printf
  │ "SENSOR\nSWORD\nSWORD\nRAILGUN,SHIELD,SWORD\nSWORD\nSWORD\nA1..W.D...C2..X..2.1B.Y.Z\nc move 1
  │ 2\nc strike w\nRAILGUN, SHIELD\nquit\n" | java -cp target/classes
  │ edu.kit.kastel.alphazeta.AlphaZeta 6 5 0 2>&1
  └ 22 lines…

● [turn-persistence] [turn-persistence] turn_end SKIPPED ai: no assistant message with content



● Claim Next Task (MCP: agentic-memory) · backlogId: "5fe957c3-103c-4e5e-9dae-59efbb528a44"
  └ Cannot claim the next task — unresolved tasks are blocking:

● Update Task (MCP: agentic-memory) · state: "done", backlogId: "5fe957c3-103c-4e5e-9dae-59efbb528a…
  └ Task "Implement module destruction dialog and output" (f730b990-c22f-46fe-b7a...

● Claim Next Task (MCP: agentic-memory) · backlogId: "5fe957c3-103c-4e5e-9dae-59efbb528a44"
  └ Claimed task "Implement end game detection" (7a27251d-1aa7-40a0-8a7a-9a344a1d...

● [turn-persistence] [turn-persistence] turn_end SKIPPED ai: no assistant message with content



● Test end game detection (shell)
  │ cd /Users/nghalinh2711/Development/student-repos/st22final02 && printf
  │ "RAILGUN\n\n\n\n\n\n\nA1..W.D...C2..X..2.1B.Y.Z\nendturn\nw longshot a\nquit\n" | java -cp
  │ target/classes edu.kit.kastel.alphazeta.AlphaZeta 1 5 0 2>&1
  └ 22 lines…

● Test game end with ramm on collector (shell)
  │ cd /Users/nghalinh2711/Development/student-repos/st22final02 && printf
  │ "SENSOR\n\n\n\n\n\n\nA.W.D...1C2..X..2.1B.Y.Z\nendturn\nw move 1 0\nw ramm a\nquit\n" | java -cp
  │ target/classes edu.kit.kastel.alphazeta.AlphaZeta 20 5 0 2>&1
  └ 23 lines…

● [turn-persistence] [turn-persistence] turn_end SKIPPED ai: no assistant message with content

● Test endgame with file input (shell)
  │ cd /Users/nghalinh2711/Development/student-repos/st22final02 && cat > /tmp/az_test.txt <<
  │ 'EOF'
  │ SENSOR…
  └ 31 lines…

● [turn-persistence] [turn-persistence] turn_end SKIPPED ai: no assistant message with content

● Test endgame properly (shell)
  │ cd /Users/nghalinh2711/Development/student-repos/st22final02 && printf
  │ "SENSOR\nSENSOR\nSENSOR\nSENSOR\nSENSOR\nSENSOR\nA1..W.D...C2..X..2.1B.Y.Z\nendturn\nw move 1
  │ 0\nw ramm a\nquit\n" | java -cp target/classes edu.kit.kastel.alphazeta.AlphaZeta 20 5 0 2>&1
  └ 16 lines…

● [turn-persistence] [turn-persistence] turn_end SKIPPED ai: no assistant message with content

● Test endgame with proper config (shell)
  │ cd /Users/nghalinh2711/Development/student-repos/st22final02 && printf "SENSOR\nSWORD,SWORD\nSWO
  │ RD,SWORD\nSWORD,SWORD\nSWORD,SWORD\nSWORD,SWORD\nA1..W.D...C2..X..2.1B.Y.Z\nendturn\nw move 1
  │ 0\nw ramm a\nquit\n" | java -cp target/classes edu.kit.kastel.alphazeta.AlphaZeta 20 5 0 2>&1
  └ 22 lines…

● [turn-persistence] [turn-persistence] turn_end SKIPPED ai: no assistant message with content



● Test full game flow matching spec example (shell)
  │ cd /Users/nghalinh2711/Development/student-repos/st22final02 && printf
  │ "RAILGUN,SHIELD,SENSOR\nSWORD,SWORD\nSWORD,SWORD\nRAILGUN,SHIELD,SWORD\nSWORD,SWORD\nSWORD,SWO
  │ RD\nA1..W.D...C2..X..2.1B.Y.Z\nhelp\na move 0 3\nactions a\nb longshot x\nendturn\nw longshot
  │ c\nw move 2 1\nendturn\nb move 1 4\nb mark y\nb longshot x\nendturn\nboard\nw move 2 0\nw
  │ longshot b\nRAILGUN\nendturn\nb ramm y\nendturn\nw longshot a\ny move 0 4\ny strike a\nquit\n"…
  └ 65 lines…



● Update Task (MCP: agentic-memory) · state: "done", backlogId: "5fe957c3-103c-4e5e-9dae-59efbb528a…
  └ Task "Implement end game detection" (7a27251d-1aa7-40a0-8a7a-9a344a1d1ac9) up...

● Get Tasks (MCP: agentic-memory) · backlogId: "5fe957c3-103c-4e5e-9dae-59efbb528a44"
  └ Output too large to read at once (26.0 KB). Saved to: /var/folders/fs/p8fxyq6...

● View task list summary (shell)
  │ cat
  │ /var/folders/fs/p8fxyq611_d7_glm0yth2st80000gn/T/1784819032738-copilot-tool-output-2ymcox.txt |
  │ grep -E "^[0-9]+\. " | head -20
  └ 19 lines…

● [turn-persistence] [turn-persistence] turn_end SKIPPED ai: no assistant message with content



● Claim Next Task (MCP: agentic-memory) · backlogId: "5fe957c3-103c-4e5e-9dae-59efbb528a44"
  └ No claimable to_do task remains in this backlog.



● Update Scratchpad (MCP: agentic-memory) · sessionId: "80b82a1a-d19c-42a7-85e9-5bc97b01e18d", note…
  └ Scratchpad updated.



● Final compilation and file listing (shell)
  │ cd /Users/nghalinh2711/Development/student-repos/st22final02 && mvn compile --quiet 2>&1 && echo
  │ "=== COMPILATION OK ===" && echo "" && find src -name "*.java" | sort && echo "" && echo "===
  │ FILE COUNT ===" && find src -name "*.java" | wc -l
  └ 18 lines…







Changes    +2457 -34
Duration   17m 40s
Tokens     ↑ 10.9m (10.9m cached) • ↓ 68.7k (27.1k reasoning)
[delivery] Coding agent exited with code 0
[delivery] Backlog verification passed.
[delivery] Phase E: Feedback

[delivery] Feedback agent — interactive session.
[delivery] Provide feedback to the agent. Exit the session (Ctrl+C or /exit) when done.


===== st22final02 started at 2026-07-25T19:06:43Z =====
PROGRAMMING_DIR=/Users/nghalinh2711/Development/student-repos/st22final02
DELIVERY_AGENT_CONTEXT_PROJECT=ProgrammingST22-Final2
DELIVERY_AGENT_CONTEXT_DOMAIN=st22final02
COMMAND=pnpm delivery:run --exercise 

$ tsx delivery/run.ts --exercise
[delivery:knowledgebase] Ensuring guidelines.md is ingested for domain st22final02 before exercise requirements
[delivery:knowledgebase] Deleting prior knowledgebase job db152b3b-db61-4025-b62c-b16d0a8657db for domain st22final02
[delivery:knowledgebase] Uploading guidelines.md to Vercel Blob for domain st22final02
[delivery:knowledgebase] Registered guidelines upload job 3f4cfcbb-baae-44f6-b508-c37605dda712; waiting for ingestion
[delivery:knowledgebase] Guidelines ingestion job 3f4cfcbb-baae-44f6-b508-c37605dda712: processing
[delivery:knowledgebase] Guidelines ingestion job 3f4cfcbb-baae-44f6-b508-c37605dda712: processing
[delivery:knowledgebase] Guidelines ingestion job 3f4cfcbb-baae-44f6-b508-c37605dda712: processing
[delivery:knowledgebase] Guidelines ingestion job 3f4cfcbb-baae-44f6-b508-c37605dda712: processing
[delivery:knowledgebase] Guidelines ingestion job 3f4cfcbb-baae-44f6-b508-c37605dda712: processing
[delivery:knowledgebase] Guidelines ingestion job 3f4cfcbb-baae-44f6-b508-c37605dda712: processing
[delivery:knowledgebase] Guidelines ingestion job 3f4cfcbb-baae-44f6-b508-c37605dda712: processing
[delivery:knowledgebase] Guidelines ingestion job 3f4cfcbb-baae-44f6-b508-c37605dda712: processing
[delivery:knowledgebase] Guidelines ingestion job 3f4cfcbb-baae-44f6-b508-c37605dda712: processing
[delivery:knowledgebase] Guidelines ingestion job 3f4cfcbb-baae-44f6-b508-c37605dda712: processing
[delivery:knowledgebase] Guidelines ingestion job 3f4cfcbb-baae-44f6-b508-c37605dda712: processing
[delivery:knowledgebase] Guidelines ingestion job 3f4cfcbb-baae-44f6-b508-c37605dda712: processing
[delivery:knowledgebase] Guidelines ingestion job 3f4cfcbb-baae-44f6-b508-c37605dda712: processing
[delivery:knowledgebase] Guidelines ingestion job 3f4cfcbb-baae-44f6-b508-c37605dda712: processing
[delivery:knowledgebase] Guidelines ingestion job 3f4cfcbb-baae-44f6-b508-c37605dda712: processing
[delivery:knowledgebase] Guidelines ingestion job 3f4cfcbb-baae-44f6-b508-c37605dda712: processing
[delivery:knowledgebase] Guidelines ingestion job 3f4cfcbb-baae-44f6-b508-c37605dda712: processing
[delivery:knowledgebase] Guidelines ingestion job 3f4cfcbb-baae-44f6-b508-c37605dda712: processing
[delivery:knowledgebase] Guidelines ingestion job 3f4cfcbb-baae-44f6-b508-c37605dda712: processing
[delivery:knowledgebase] Guidelines ingestion job 3f4cfcbb-baae-44f6-b508-c37605dda712: processing
[delivery:knowledgebase] Guidelines ingestion job 3f4cfcbb-baae-44f6-b508-c37605dda712: succeeded
[delivery:knowledgebase] Guidelines ingestion succeeded for domain st22final02 (job 3f4cfcbb-baae-44f6-b508-c37605dda712)

[delivery] Run ID: 20260725-210644
[delivery] Assignment: /Users/nghalinh2711/Development/student-repos/st22final02
[delivery] Assignment ID: st22final02
[delivery] Coding session: 20260725-210644-coding
[delivery] Requirements session: 20260725-210644-req
[delivery] Requirements log: /Users/nghalinh2711/Development/eval/programming/20260725-210644/requirements-output.log

[delivery] Phase A: Requirements

[delivery:requirements] Exercise stream: 11 turns for st22final02 (starting at turn 1)
[delivery:requirements] Output log: /Users/nghalinh2711/Development/eval/programming/20260725-210644/requirements-output.log
[delivery:requirements] Turn 1/11: Introduction
● [adaptive-context] GET http://localhost:4444/api/agents/7af7809a-adce-4fa9-9609-fd61059de0ff/sessi
  ons/20260725-210644-req/context?input=Ich+arbeite+an+einer+Abschluss-Programmieraufgabe.+Ich+werde
  +dir+die+Aufgabe+im+Folgenden+abschnittsweise+%C3%BCbermitteln.+Lies+sie+dir+durch+und+verschaffe+
  dir+zun%C3%A4chst+einen+%C3%9Cberblick+%C3%BCber+den+Kontext%2C+bevor+der+Backlog-+und+Task-Erstel
  lung.+Achte+dabei+unbedingt+auf+die+vorgegebenen+Regeln+und+Richtlinien.&project=ProgrammingST22-F
  inal2&role=requirements&task=Understand+the+st22final02+and+create+its+backlog+when+prompted.&time
  stamp=2026-07-25T19%3A08%3A54.743Z&domain=st22final02

● Injected adaptive memory context into system prompt

● <adaptive_rules>
  - The online submission system runs automated Checkstyle checks; certain specially marked
  Checkstyle rules are mandatory and cause a zero-point grade if violated.
  - Source code must be written in English and comments must be consistently either English or
  German.
  - Submit your *.java files for task A individually with the correct folder structure in the
  designated directory.
  - Program output must exactly match the specification including letter case, spaces and line
  breaks.
  - Programs must print only the information specified in the assignment and no additional
  information.
  - Fehlerhafte Modulkonfigurationen sollen frühestmöglich erkannt werden; bei Erkennung
  Fehlermeldung ausgeben und Abfrage für dieses Schiff wiederholen; korrekt konfigurierte frühere
  Schiffe bleiben unverändert.
  - JavaDoc documentation rules must be followed and the JavaDoc @author tag must contain only the
  student's u-Kürzel.
  - Bei ungültiger Spielfeld-Eingabe wird eine Fehlermeldung ausgegeben und auf erneute Eingabe
  gewartet; die einleitende Aufforderung wird nicht wiederholt.
  - Der dritte Parameter (Container) ist die Anzahl der Container-Module der Sammler und muss im
  Intervall [0,3] liegen.
  - Die Seitenlänge (zweiter Parameter) muss mindestens 5 und ungerade sein.
  - Source code must obey a maximum line width of 120 characters.
  - After printing an error message the program must continue and wait for the next input.
  - User input must be handled case-insensitively by the user interface.
  - All whitespace rules and naming rules for variables, methods and packages must be followed.
  - Das Spielfeld wird durch eine Zeichenfolge konfiguriert: '.' freie Feld, '1' halbe Deckung, '2'
  volle Deckung, Buchstaben (A,B,C,D,Z,W,X,Y) für Raumschiffe.
  - Pro Zug kann die Aktion eines Moduls nur einmal eingesetzt werden; bei mehreren Modulen gleichen
   Typs kann die Aktion je Modul einmal ausgeführt werden.
  - Die Zeichenfolge beschreibt das Spielfeld zeilenweise (links nach rechts, oben nach unten).
  - Der erste Parameter (Seed) muss im Intervall [INT_MIN, INT_MAX] liegen.
  - Für ein 5×5-Spielfeld werden 25 Zeichen erwartet; die ersten 5 Zeichen sind die oberste Reihe.
  - When user input does not follow the specified format, an error message must be output.
  - Interactive user interface must use System.in for input and System.out for output unless
  otherwise specified.
  - Appropriate visibilities must be chosen for classes, methods and attributes.
  - Always destroy auxiliary modules first (for Sammler: Container modules) and then the Engine.
  - If a ship has multiple modules of the same type, destroying one module of that type always
  removes the first such module (configuration order).
  - If a ship has only identical auxiliary modules (only one module type destructible), no dialog is
   requested.
  - If all modules or all but the Engine of a ship are destroyed, no dialog is requested; output
  order equals module addition order from configuration phase.
  - On a hit the attacked AI decides module removal; on a critical hit or marked target the
  attacking AI decides.
  - On dialog input errors show an error message and request re-input; do not repeat the initial
  prompt text.
  - Über Dialogsystem wird entschieden. Wahltext: `<Decider> must select <N> of <Ship>s module(s)
  (separated by comma):` Die Auflistung der zur Wahl stehenden Module erfolgt in alphabetischer
  Reihenfolge.
  - Solution code must not use Java library elements except the explicitly allowed packages.
  - Solution code must use Java SE 17 only.
  - Submission for AlphaZeta is automatically graded with zero points if any of the mandatory rules
  are violated; mandatory tests must be passed before other tests are evaluated.
  - Submitted source code must compile without errors.
  - Bei den übrigen Raumschiffen ist das erste Modul immer ein Antrieb (Engine).
  - Do not add any personal data to submissions except the u-Kürzel.
  - Die Aktion 'ramm' darf pro Schiff pro Zug nur einmal eingesetzt werden.
  - A successful action that results in no module destruction prints 'missed' on a new line after
  Bonus.
  - Before module-destroying actions output 'Roll' (actual die roll) and 'Bonus' (difference between
   actual roll and the evaluated attack roll, e.g., reduction from cover).
  - Module destruction is output as '<Ship> looses <Module>' per module in the order of AI selection
   or configuration order.
  - Otherwise a successful action produces no output unless otherwise specified.
  - Ship destruction is output as '<Ship> was destroyed'.
  - Anzahl der Waffen-Module pro Raumschiff darf höchstens 2 betragen.
  - Maximal 1 Propulsion-Modul pro Raumschiff zulässig.
  - Maximal 1 Rail Gun-Modul pro Raumschiff zulässig.
  - Maximal 1 Shield-Modul pro Raumschiff zulässig.
  - Pro Flotte darf maximal 1 Sensor-Modul vorhanden sein.
  - Koordinaten sind (x,y) mit (0,0) oben links und (l-1,l-1) unten rechts.
  - Source code must not call System.exit(), Runtime.exit() or similar.
  - Source code must not use the default package.
  - Standard input and standard output must never be reassigned.
  </adaptive_rules>

  <knowledge>
    - Die Methode nextInt darf nur dann aufgerufen werden, wenn tatsächlich ein Würfelwurf
  durchgeführt wird.
    - Keine leere Kachel darf vollständig von Deckung umgeben sein; direkte Nachbarn dürfen nicht
  alle von Deckung belegt sein.
    - Ein Sammler hat genau einen Engine-Antrieb und sonst nur das Spezialmodul Container.
    - Otherwise module destruction is decided via dialog: '<Decider> must select <N> of <Ship>s
  module(s) (separated by comma):' and module choices listed alphabetically.
    - Die Deckungen auf dem Spielfeld müssen achsensymmetrisch bezüglich der Südwest-Nordost-Achse
  sein (Schiffe sind ausgenommen).
    - Es darf nur eine einzige feste Instanz dieses Zufallszahlengenerators verwendet werden.
    - Das Programm muss jederzeit durch Eingabe des Befehls beendet werden.
    - Aktions-Schemata: ` <AKTEUR> <AKTION> <ZIEL>` für Aktionen gegen ein Ziel-Raumschiff; `
  <AKTEUR> <AKTION> <X> <Y>` für die Aktionen move und propel.
    - Das Beenden darf nicht über System.exit() oder andere ausgeschlossene Funktionen erfolgen.
    - Der Befehl `help` listet alle Befehle des Systems in einer fest vorgegebenen Reihenfolge auf.
  </knowledge>
  <entity_paths>
    - Program CONSTRAINT quit: Das Programm muss jederzeit durch Eingabe des Befehls beendet werden.
    - Program CONSTRAINT System.exit(): Das Beenden darf nicht über System.exit() oder andere
  ausgeschlossene Funktionen erfolgen.
    - Game implementation CONSTRAINT Random(long seed): Nur der Konstruktor Random(long seed) darf
  verwendet werden, um einen neuen Zufallszahlengenerator zu instanziieren.
    - Game implementation CONSTRAINT single Random instance: Es darf nur eine einzige feste Instanz
  dieses Zufallszahlengenerators verwendet werden.
    - Game implementation CONSTRAINT nextInt call condition: Die Methode nextInt darf nur dann
  aufgerufen werden, wenn tatsächlich ein Würfelwurf durchgeführt wird.
    - Automated tests RELATES_TO quit: Automatisierte Tests verwenden `quit` am Ende von
  Testsequenzen und sind darauf angewiesen.
  </entity_paths>
  <entity_matches>
    - Help output ordering (score: 0.72) — Vorgegebene Reihenfolge zur Auflistung der Befehle
    - Program (score: 0.72) — Die implementierte Spielanwendung
    - row-wise left-to-right top-to-bottom (score: 0.71) — Beschreibungsrichtung
    - Game implementation (score: 0.71) — Code der Spielanwendung
    - Automated tests (score: 0.70) — Testsequenzen zur Abgabeprüfung
  </entity_matches>

● adaptive-memory extension active (role=requirements, memorySession=20260725-210644-req) - type
  /memory-help. MCP tools registered (memory=true, backlog=true).







Changes    +0 -0
Duration   10s
Tokens     ↑ 21.3k (1.3k cached) • ↓ 281 (162 reasoning)
[delivery:requirements] Turn 1/11 complete
[delivery:requirements] Turn 2/11: task.md — segment 1/9 — Abschlussaufgabe 2 — AlphaZeta (AZ)
● [adaptive-context] GET http://localhost:4444/api/agents/7af7809a-adce-4fa9-9609-fd61059de0ff/sessi
  ons/20260725-210644-req/context?input=Dokument%3A+task.md%0ASegment%3A+1%2F9%0AAbschnitt%3A+Abschl
  ussaufgabe+2+%E2%80%94+AlphaZeta+%28AZ%29%0A%0ALies+diesen+Abschnitt+sorgf%C3%A4ltig+und+behalte+d
  en+Kontext.+Erstelle+noch+keinen+Backlog+und+noch+keine+Tasks.+Warte+damit+bis+zum+abschlie%C3%9Fe
  nden+%2Ffinalize.%0A%0A%23+Abschlussaufgabe+2+%E2%80%94+AlphaZeta+%28AZ%29%0A%0A**Vorlesung%3A**+P
  rogrammieren%0A**Semester%3A**+Sommersemester+2022%0A**Dozent%3A**+Prof.+Dr.-Ing.+Anne+Koziolek%0A
  **Gruppe%3A**+Institute+of+Information+Security+and+Dependability%0A**Punkte%3A**+20+Punkte%0A**Ve
  rsion%3A**+1.4%0A%0A*AlphaZeta*+%28*AZ*%29+spielt+in+der+fernen+Zukunft+des+Jahres+2985%2C+in+der+
  die+zwei+gr%C3%B6%C3%9Ften+Unternehmen+der+Erde+zwei+k%C3%BCnstliche+Intelligenzen+%28KIs%29+%E2%8
  0%94+*A*+und+*Z*+%E2%80%94+erschaffen+haben.%0ADie+Aufgabe+dieser+KIs+ist+es%2C+Ressourcen+aus+dem
  +Asteroideng%C3%BCrtel+unseres+Sonnensystems+zu+gewinnen%2C+w%C3%A4hrend+sich+die+KIs+gegenseitig+
  bek%C3%A4mpfen.%0A%0AIm+Folgenden+wird+zun%C3%A4chst+das+Spiel+als+solches+erkl%C3%A4rt.%0AAnschli
  e%C3%9Fend+wird+die+zu+programmierende+Benutzerschnittstelle+erl%C3%A4utert.&project=ProgrammingST
  22-Final2&role=requirements&task=Understand+the+st22final02+and+create+its+backlog+when+prompted.&
  timestamp=2026-07-25T19%3A09%3A08.273Z&domain=st22final02

● Injected adaptive memory context into system prompt

● <adaptive_rules>
  - Das Spielfeld wird durch eine Zeichenfolge konfiguriert: '.' freie Feld, '1' halbe Deckung, '2'
  volle Deckung, Buchstaben (A,B,C,D,Z,W,X,Y) für Raumschiffe.
  - Die Zeichenfolge beschreibt das Spielfeld zeilenweise (links nach rechts, oben nach unten).
  - Das Spiel endet, sobald ein Sammler (`Sammler`) zerstört wurde; gewonnen hat die KI, deren
  Sammler nicht zerstört wurde; das System gibt aus, welche KI gewonnen hat und beendet das Spiel.
  - Source code must be written in English and comments must be consistently either English or
  German.
  - The online submission system runs automated Checkstyle checks; certain specially marked
  Checkstyle rules are mandatory and cause a zero-point grade if violated.
  - Program output must exactly match the specification including letter case, spaces and line
  breaks.
  - Programs must print only the information specified in the assignment and no additional
  information.
  - Submission for AlphaZeta is automatically graded with zero points if any of the mandatory rules
  are violated; mandatory tests must be passed before other tests are evaluated.
  - Submitted source code must compile without errors.
  - Bei ungültiger Spielfeld-Eingabe wird eine Fehlermeldung ausgegeben und auf erneute Eingabe
  gewartet; die einleitende Aufforderung wird nicht wiederholt.
  - Anzahl der Waffen-Module pro Raumschiff darf höchstens 2 betragen.
  - Maximal 1 Propulsion-Modul pro Raumschiff zulässig.
  - Maximal 1 Rail Gun-Modul pro Raumschiff zulässig.
  - Maximal 1 Shield-Modul pro Raumschiff zulässig.
  - Submit your *.java files for task A individually with the correct folder structure in the
  designated directory.
  - Fehlerhafte Modulkonfigurationen sollen frühestmöglich erkannt werden; bei Erkennung
  Fehlermeldung ausgeben und Abfrage für dieses Schiff wiederholen; korrekt konfigurierte frühere
  Schiffe bleiben unverändert.
  - Interactive user interface must use System.in for input and System.out for output unless
  otherwise specified.
  - Pro Zug kann die Aktion eines Moduls nur einmal eingesetzt werden; bei mehreren Modulen gleichen
   Typs kann die Aktion je Modul einmal ausgeführt werden.
  - JavaDoc documentation rules must be followed and the JavaDoc @author tag must contain only the
  student's u-Kürzel.
  - Die Seitenlänge (zweiter Parameter) muss mindestens 5 und ungerade sein.
  - Der dritte Parameter (Container) ist die Anzahl der Container-Module der Sammler und muss im
  Intervall [0,3] liegen.
  - Für ein 5×5-Spielfeld werden 25 Zeichen erwartet; die ersten 5 Zeichen sind die oberste Reihe.
  - Solution code must not use Java library elements except the explicitly allowed packages.
  - Solution code must use Java SE 17 only.
  - Bei den übrigen Raumschiffen ist das erste Modul immer ein Antrieb (Engine).
  - Source code must obey a maximum line width of 120 characters.
  - Der erste Parameter (Seed) muss im Intervall [INT_MIN, INT_MAX] liegen.
  - Die Deckungen auf dem Spielfeld müssen achsensymmetrisch bezüglich der Südwest-Nordost-Achse
  sein (Schiffe sind ausgenommen).
  - After printing an error message the program must continue and wait for the next input.
  - Koordinaten sind (x,y) mit (0,0) oben links und (l-1,l-1) unten rechts.
  - All whitespace rules and naming rules for variables, methods and packages must be followed.
  - For non-destroyed ships in the 'fleet' output list the remaining intact modules alphabetically,
  modules shown in uppercase letters.
  - The 'board' command displays the board with '.' for empty tiles, cover values '1' or '2', and
  letters for ships; destroyed ships are not displayed.
  - The 'fleet' command lists fleets per AI (e.g., 'Alpha's fleet') and for each ship prints a state
   indicator: '<C>' for Sammler, '<->' for intact attack ship, '~X~' for destroyed ship.
  - Die Methode nextInt darf nur dann aufgerufen werden, wenn tatsächlich ein Würfelwurf
  durchgeführt wird.
  - Es darf nur eine einzige feste Instanz dieses Zufallszahlengenerators verwendet werden.
  - Die Aktion 'ramm' darf pro Schiff pro Zug nur einmal eingesetzt werden.
  - Ein Sammler hat genau einen Engine-Antrieb und sonst nur das Spezialmodul Container.
  - Distanzen werden als Manhattan-Distanz d1 = |xa−xb| + |ya−yb| berechnet; direkte Nachbarn haben
  d1 = 1.
  - Do not add any personal data to submissions except the u-Kürzel.
  - Appropriate visibilities must be chosen for classes, methods and attributes.
  - User input must be handled case-insensitively by the user interface.
  - Keine leere Kachel darf vollständig von Deckung umgeben sein; direkte Nachbarn dürfen nicht alle
   von Deckung belegt sein.
  - Always destroy auxiliary modules first (for Sammler: Container modules) and then the Engine.
  - If a ship has multiple modules of the same type, destroying one module of that type always
  removes the first such module (configuration order).
  - If a ship has only identical auxiliary modules (only one module type destructible), no dialog is
   requested.
  - If all modules or all but the Engine of a ship are destroyed, no dialog is requested; output
  order equals module addition order from configuration phase.
  - On a hit the attacked AI decides module removal; on a critical hit or marked target the
  attacking AI decides.
  - On dialog input errors show an error message and request re-input; do not repeat the initial
  prompt text.
  - Über Dialogsystem wird entschieden. Wahltext: `<Decider> must select <N> of <Ship>s module(s)
  (separated by comma):` Die Auflistung der zur Wahl stehenden Module erfolgt in alphabetischer
  Reihenfolge.
  </adaptive_rules>

  <knowledge>
    - Otherwise module destruction is decided via dialog: '<Decider> must select <N> of <Ship>s
  module(s) (separated by comma):' and module choices listed alphabetically.
    - Source code must not call System.exit(), Runtime.exit() or similar.
    - Module destruction is output as '<Ship> looses <Module>' per module in the order of AI
  selection or configuration order.
    - Before module-destroying actions output 'Roll' (actual die roll) and 'Bonus' (difference
  between actual roll and the evaluated attack roll, e.g., reduction from cover).
    - A successful action that results in no module destruction prints 'missed' on a new line after
  Bonus.
    - Pro Flotte darf maximal 1 Sensor-Modul vorhanden sein.
    - Source code must not use the default package.
    - Standard input and standard output must never be reassigned.
    - Otherwise a successful action produces no output unless otherwise specified.
    - When user input does not follow the specified format, an error message must be output.
    - Module ranges: Engine 1–3; Ramm 1; Longshot 5–6; Strike 1; Mark infinity; Propel 1–3.
    - Move target tile must not be occupied by cover or another ship.
    - Mark marks any enemy ship until the start of the enemy's turn.
    - Ramm, Longshot and Strike use an initial attack die roll (six-sided 1–6), minus target cover,
  then apply Shield effect (−1 if target has Shield).
    - Ramm may only be used if the attacking ship has no weapon modules.
    - Error messages may be written to System.err instead of System.out.
    - Aktions-Schemata: ` <AKTEUR> <AKTION> <ZIEL>` für Aktionen gegen ein Ziel-Raumschiff; `
  <AKTEUR> <AKTION> <X> <Y>` für die Aktionen move und propel.
    - Das Programm muss jederzeit durch Eingabe des Befehls beendet werden.
    - Das Spiel wird mit genau drei Kommandozeilenparametern gestartet.
    - Das Beenden darf nicht über System.exit() oder andere ausgeschlossene Funktionen erfolgen.
    - Automatisierte Tests verwenden `quit` am Ende von Testsequenzen und sind darauf angewiesen.
    - Der Befehl `actions <SHIP>` gibt die in dieser Runde noch nicht verwendeten Aktionen aus
  (alphabetisch sortiert, alle Aktionen mit Großbuchstaben); für Schiffe gegnerischer KIs werden
  alle durch die Module gegebenen Aktionen ausgegeben.
    - Alpha hat die Schiffe A,B,C,D; Zeta hat die Schiffe Z,W,X,Y; A und Z sind die Sammler.
  </knowledge>
  <entity_paths>
    - Submission for AlphaZeta CONSTRAINT Mandatory tests: Submission for AlphaZeta is automatically
   graded with zero points if any of the mandatory rules are violated; mandatory tests must be
  passed before other tests are evaluated.
    - Submission for AlphaZeta CONSTRAINT Compilable code: Submitted source code must compile
  without errors.
    - Program CONSTRAINT quit: Das Programm muss jederzeit durch Eingabe des Befehls beendet werden.
    - Program CONSTRAINT System.exit(): Das Beenden darf nicht über System.exit() oder andere
  ausgeschlossene Funktionen erfolgen.
    - Game implementation CONSTRAINT Random(long seed): Nur der Konstruktor Random(long seed) darf
  verwendet werden, um einen neuen Zufallszahlengenerator zu instanziieren.
    - Game implementation CONSTRAINT single Random instance: Es darf nur eine einzige feste Instanz
  dieses Zufallszahlengenerators verwendet werden.
    - Game implementation CONSTRAINT nextInt call condition: Die Methode nextInt darf nur dann
  aufgerufen werden, wenn tatsächlich ein Würfelwurf durchgeführt wird.
    - Game start CONSTRAINT three command-line parameters: Das Spiel wird mit genau drei
  Kommandozeilenparametern gestartet.
  </entity_paths>
  <entity_matches>
    - Submission for AlphaZeta (score: 0.82) — Student submission for Abschlussaufgabe 2 "AlphaZeta"
    - Program (score: 0.75) — Die implementierte Spielanwendung
    - Game implementation (score: 0.75) — Code der Spielanwendung
    - Game start (score: 0.72) — Programmstart der Spielanwendung
    - '.' '1' '2' 'A,B,C,D,Z,W,X,Y' mapping (score: 0.71) — Bedeutung der Zeichen
  </entity_matches>

● adaptive-memory extension active (role=requirements, memorySession=20260725-210644-req) - type
  /memory-help. MCP tools registered (memory=true, backlog=true).







Changes    +0 -0
Duration   24s
Tokens     ↑ 22.3k (1.3k cached) • ↓ 376 (190 reasoning)
[delivery:requirements] Turn 2/11 complete
[delivery:requirements] Turn 3/11: task.md — segment 2/9 — Abschlussaufgabe 2 — AlphaZeta (AZ) > 1 Das Spiel
● [adaptive-context] GET http://localhost:4444/api/agents/7af7809a-adce-4fa9-9609-fd61059de0ff/sessi
  ons/20260725-210644-req/context?input=Dokument%3A+task.md%0ASegment%3A+2%2F9%0AAbschnitt%3A+Abschl
  ussaufgabe+2+%E2%80%94+AlphaZeta+%28AZ%29+%3E+1+Das+Spiel%0A%0ALies+diesen+Abschnitt+sorgf%C3%A4lt
  ig+und+behalte+den+Kontext.+Erstelle+noch+keinen+Backlog+und+noch+keine+Tasks.+Warte+damit+bis+zum
  +abschlie%C3%9Fenden+%2Ffinalize.%0A%0A%23%23+1+Das+Spiel%0A%0A*AlphaZeta*+%28*AZ*%29+ist+ein+rund
  en-basiertes+Strategie-+und+Brettspiel+f%C3%BCr+zwei+Personen%2C+welches+auf+einem+quadratischen+S
  pielfeld+gespielt+wird.%0ADas+Spielfeld+besteht+aus+*Kacheln*+%28engl.+*tile*%29.%0AZu+jeder+Zeit+
  kann+sich+auf+einer+der+Kacheln+immer+maximal+ein+Raumschiff+oder+eine+*Deckung*+befinden.%0AJede+
  Person+%C3%BCbernimmt+in+dem+Spiel+die+Rolle+je+einer+der+KIs+der+Unternehmen.%0AJede+der+KIs+*A*+
  und+*Z*+besitzt+genau+eine+*Flotte*%2C+die+aus+genau+vier+*Raumschiffen*+besteht%3A%0AJede+KI+besi
  tzt+zu+Spielbeginn+genau+einen+*Sammler*+%28engl.+*Collector*%29+und+drei+*Angriffsschiffe*.%0AEin
  +Raumschiff+kann+immer+maximal+vier+*Module*+besitzen.%0AModule+definieren%2C+welche+Aktionen+ein+
  Raumschiff+innerhalb+eines+Zuges+ausf%C3%BChren+kann+%28vgl.+Tabelle+der+Module%29.%0APro+Zug+kann
  +die+Aktion+eines+Moduls+nur+einmal+eingesetzt+werden.%0AInnerhalb+eines+Zuges+d%C3%BCrfen+mehrere
  +verschiedene+Aktionen+ausgef%C3%BChrt+werden.%0AHierbei+ist+noch+zu+beachten%2C+dass+falls+ein+Sc
  hiff+mehrere+Module+der+gleichen+Art+hat%2C+die+Aktion+entsprechend+der+Anzahl+der+Module+mehrmals
  +ausgef%C3%BChrt+werden+kann+%28je+Modul+einmal%29.%0ABeachten+Sie+hier%2C+dass+die+Aktion+*ramm*+
  f%C3%BCr+ein+Schiff+pro+Zug+auch+nur+einmal+eingesetzt+werden+darf.%0A%0A%23%23%23+1.1+Spielfeld%0
  A%0AEine+beispielhafte+Darstellung+des+Spielfeldes+der+Seitenl%C3%A4nge+*l*%3D5+%28X-Achse+zeigt+n
  ach+rechts%2C+Y-Achse+zeigt+nach+unten%29%3A%0A%0A%60%60%60%0A+++X+%E2%86%92%0AY++A++B++.++.++.%0A
  %E2%86%93++C++D++1++1++.%0A+++1++.++2++1++.%0A+++.++2++W++.++X%0A+++.++.++1++Y++Z%0A%60%60%60%0A%0
  ADie+Buchstaben+sind+die+Raumschiffe+der+KIs%2C+die+Zahlen+die+Deckung.%0A%0AKoordinaten+von+Kache
  ln+beschreiben+sich+immer+durch+eine+Position+%28x%2C+y%29.%0ADie+Kachel+im+Nord-Westen+des+Spielf
  eldes+hat+die+Koordinate+%280%2C+0%29+und+befindet+sich+in+der+oberen+linken+Ecke.%0ADie+Kachel+im
  +S%C3%BCd-Osten+des+Spielfeldes+hat+als+Koordinate+%28l-1%2C+l-1%29+%3D+%284%2C+4%29+und+befindet+
  sich+in+der+unteren+rechten+Ecke.%0A%0ADamit+das+Spiel+fair+bleibt%2C+muss+bei+der+Definition+des+
  Spielfelds+am+Anfang+folgendes+beachtet+werden%3A%0A%0A-+Das+Spielfeld+ist+achsensymmetrisch+bez%C
  3%BCglich+der+S%C3%BCdwest-Nordost-Achse.+Dies+gilt+nur+f%C3%BCr+die+Deckungen%2C+nicht+f%C3%BCr+d
  ie+Raumschiffe.%0A-+F%C3%BCr+jedes+Feld%2C+das+nicht+von+Deckung+belegt+ist%2C+muss+gelten%2C+dass
  +die+*direkten+Nachbarn*+nicht+alle+von+Deckung+belegt+sind.+D.h.+keine+leere+Kachel+ist+vollst%C3
  %A4ndig+von+Deckung+umgeben.%0A%0A%23%23%23%23+Distanzen%0A%0AWann+immer+es+in+dem+Spiel+um+die+Di
  stanz+zwischen+zwei+Kacheln+geht%2C+ist+die+*Manhatten-Distanz*+*d*%E2%82%81+gemeint.%0AF%C3%BCr+z
  wei+Punkte+*A*+%3D+%28*x*%E2%82%90%2C+*y*%E2%82%90%29+und+*B*+%3D+%28*x*_b%2C+*y*_b%29+ist+die+Man
  hatten-Distanz+wie+folgt+definiert%3A%0A%0A%60%60%60%0Ad%E2%82%81%28A%2C+B%29+%3D+%E2%80%96A+%E2%8
  8%92+B%E2%80%96%E2%82%81+%3D+%7Cx%E2%82%90+%E2%88%92+x_b%7C+%2B+%7Cy%E2%82%90+%E2%88%92+y_b%7C%0A%
  60%60%60%0A%0AAls+*direkter+Nachbar*+einer+Kachel+werden+die+Kacheln+bezeichnet%2C+die+Manhatten-D
  istanz+*d*%E2%82%81+%3D+1+haben.%0A%0A%23%23%23%23+Deckung%0A%0ADas+Konzept+der+Deckung+ist+f%C3%B
  Cr+das+Berechnen+des+Angriffsw%C3%BCrfelwurfes+%28vgl.+Abschnitt+%E2%80%9EAktionen+durchf%C3%BChre
  n%22%29+wichtig.%0ADie+Deckung+wird+immer+vom+Angriffsw%C3%BCrfelwurf+abgezogen.%0ADeckung+kann+in
  +zwei+verschiedenen+Arten+auf+dem+Spielfeld+vorhanden+sein%3A%0A%0A-+Halbe+Deckung+%601%60%0A-+Vol
  le+Deckung+%602%60%0A%0AF%C3%BCr+ein+Raumschiff+*R*+berechnet+sich+die+Deckung+abh%C3%A4ngig+von+d
  er+Position+auf+dem+Spielfeld.+Beispiel+%28kein+g%C3%BCltiges+Spielfeld%2C+dient+nur+der+Erkl%C3%A
  4rung%29%3A%0A%0A%60%60%60%0A+++X+%E2%86%92%0AY++-1++-1+++-1+++-2++-2%0A%E2%86%93++-1++-1+++%5B1%5
  D++-2++-2%0A++++0+++0++++R+++%5B2%5D+-2%0A++++0++%5B2%5D+++0+++-2++-2%0A++++0+++0++++0+++-2++-2%0A
  %60%60%60%0A%0ADie+Zahlen+ohne+Rahmen+%28%60-X%60%29+geben+die+Deckung+von+*R*+an%2C+falls+es+von+
  den+jeweiligen+Positionen+angegriffen+werden+w%C3%BCrde.%0A%0AEin+Raumschiff+wird+nur+durch+seine+
  direkten+Nachbarn+gedeckt.%0AIm+Beispiel+wird+*R*+also+durch+die+halbe+Deckung+bei+%282%2C+1%29+un
  d+die+volle+Deckung+bei+%283%2C+2%29+gedeckt.%0AWird+das+Raumschiff+*R*+von+einer+Position+*P*+%3D
  +%28*x*%2C+*y*%29+angegriffen%2C+so+berechnet+sich+die+Deckung+von+*R*+dadurch%2C+welche+der+direk
  t+anliegenden+Deckungen+in+die+Richtung+von+*P*+liegt.%0A%0A**Beispiel+1%3A**+Wird+also+*R*+von+Po
  sition+%280%2C+0%29+angegriffen%2C+muss+gepr%C3%BCft+werden%2C+wo+sich+diese+Position+relativ+zu+*
  R*+befindet.%0AIm+Beispiel+ist+die+Position+%280%2C+0%29+n%C3%B6rdlich+und+westlich+von+der+Positi
  on+von+*R*.%0ADies+bedeutet%2C+dass+das+Raumschiff+von+*Norden*+und+*Westen*+angegriffen+wird.%0AD
  er+direkte+Nachbar+westlich+von+*R*+ist+leer%3B+der+direkte+Nachbar+n%C3%B6rdlich+von+*R*+ist+die+
  halbe+Deckung.%0ADer+Deckungswert+berechnet+sich+aus+dem+Maximum+der+betroffenen+Deckungen.%0AIn+d
  em+Beispiel+w%C3%BCrde+man+also+eine+Deckung+von+%E2%88%921+erhalten.%0A%0A**Beispiel+2%3A**+Wird+
  *R*+von+Position+%284%2C+2%29+angegriffen%2C+so+bedeutet+dies%2C+dass+das+Raumschiff+von+*Osten*+a
  ngegriffen+wird.%0ADer+direkte+Nachbar+%C3%B6stlich+von+*R*+ist+die+volle+Deckung.%0AIm+zweiten+Be
  ispiel+w%C3%BCrde+man+also+einen+Deckungswert+von+%E2%88%922+erhalten.%0A%0A%23%23%23+1.2+Raumschi
  ffe+%26+Module%0A%0A*A*+und+*Z*+besitzen+als+erstes+Raumschiff+je+einen+*Sammler*+%28engl.+*Collec
  tor*%29.%0AEin+Sammler+hat+als+Module+immer+genau+einen+Antrieb+%28*Engine*-Modul%29+und+sonst+nur
  +das+Spezialmodul+*Container*+%28vgl.+Ende+des+Abschnitts%29.%0ADie+%C3%BCbrigen+Raumschiffe+der+K
  Is+haben+als+erstes+Modul+auch+immer+einen+Antrieb.%0AAu%C3%9Ferdem+gelten+f%C3%BCr+diese+Raumschi
  ffe+noch+folgende+Bedingungen+f%C3%BCr+die+drei+verbleibenden+Module%3A%0A%0A-+Anzahl+der+*Waffen*
  -Module+pro+Raumschiff+%E2%89%A4+2%0A-+Maximal+1+*Rail+Gun*-Modul+pro+Raumschiff%0A-+Maximal+1+*Pr
  opulsion*-Modul+pro+Raumschiff%0A-+Maximal+1+*Shield*-Modul+pro+Raumschiff%0A-+Pro+Flotte%3A+Maxim
  al+1+*Sensor*-Modul%0A%0AIm+Folgenden+werden+die+verschiedenen+Module%2C+Aktionen+und+Effekte+zusa
  mmengefasst.%0A%0A%7C+Modul+%7C+Aktion+%7C+Distanz+%7C+Effekt+%7C%0A%7C---%7C---%7C---%7C---%7C%0A
  %7C+Engine+%7C+move+%7C+1%E2%80%933+%7C+*A*+maximal+3+Felder+bewegen+%7C%0A%7C+%E2%80%94+%7C+ramm+
  %7C+1+%7C+*w*+%E2%89%A4+1%3A+*A*+verliert+1+Modul%3B+*w*+%E2%89%A5+5%3A+*Z*_S+verliert+1+Modul+%7C
  %0A%7C+**Waffen**+%7C+%7C+%7C+%7C%0A%7C+Rail+Gun+%7C+longshot+%7C+5%E2%80%936+%7C+2+%E2%89%A4+*w*+
  %E2%89%A4+3%3A+*Z*_S+verliert+1+Modul%3B+*w*+%E2%89%A5+4%3A+*Z*_S+verliert+2+Module%3B+*w*+%E2%89%
  A5+6%3A+kritischer+Treffer+%7C%0A%7C+Sword+%7C+strike+%7C+1+%7C+*w*+%E2%89%A5+2%3A+*Z*_S+verliert+
  1+Modul%3B+*w*+%E2%89%A5+4%3A+kritischer+Treffer+%7C%0A%7C+**Unterst%C3%BCtzung**+%7C+%7C+%7C+%7C%
  0A%7C+Shield+%7C+%E2%80%94+%7C+%E2%80%94+%7C+Reduziert+*w*+bei+Angriff+des+Gegners+um+1+%7C%0A%7C+
  Sensor+%7C+mark+%7C+%E2%88%9E+%7C+*Z*_S+markieren+%7C%0A%7C+Propulsion+%7C+propel+%7C+1%E2%80%933+
  %7C+*A*+maximal+3+Felder+bewegen+%7C%0A%0AModule+der+Raumschiffe+und+Effekte+f%C3%BCr+Angriffsw%C3
  %BCrfelwurf+*w*%2C+Akteur+*A*%2C+Raumschiff-Ziel+*Z*_S.%0A%0ADas+Modul+*Container*+ist+ein+Spezial
  modul+das+nur+Teil+von+*Sammlern*+ist.%0AEs+hat+insbesondere+keine+Aktionen%2C+die+es+bereitstellt
  .%0A%0AMithilfe+der+Aktion+*move*+kann+ein+Raumschiff+%28Akteur%29+bewegt+werden.%0AHierbei+darf+d
  ie+Ziel-Kachel+nicht+durch+Deckung+oder+ein+anderes+Raumschiff+belegt+sein.%0ABeachten+Sie%2C+dass
  +es+bei+der+Berechnung+der+Erreichbarkeit+einer+Kachel+nur+um+die+Distanz+geht+und+nicht+darum%2C+
  ob+Deckung+oder+andere+Raumschiffe+auf+dem+Weg+liegen.%0AFalls+ein+Raumschiff+das+*Propulsion*-Mod
  ul+besitzt%2C+kann+zus%C3%A4tzlich+die+Aktion+*propel*+verwendet+werden%2C+um+innerhalb+eines+Zuge
  s+das+Raumschiff+ein+zweites+Mal+zu+bewegen.%0A%0ADie+Aktion+*ramm*+kann+nur+dann+verwendet+werden
  %2C+wenn+das+angreifende+Raumschiff+%28Akteur%29+keine+Waffen-Module+mehr+hat.%0A*Ramm*+kann+nicht
  +gegen+*Sammler*+eingesetzt+werden.%0ABeachten+Sie%2C+dass+f%C3%BCr+den+Fall%2C+dass+der+Angriffsw
  %C3%BCrfelwurf+%E2%89%A4+1+betr%C3%A4gt%2C+der+Schaden+an+*A*+als+*hit*+gewertet+wird+%28vgl.+%E2%
  80%9EAktionen+durchf%C3%BChren%22%29.%0A%0ADer+Angriff+*longshot*+kann+ein+oder+zwei+Module+des+an
  gegriffenen+Raumschiffs+zerst%C3%B6ren.%0A%0ADer+Angriff+*strike*+kann+ein+Modul+des+angegriffenen
  +Raumschiffs+zerst%C3%B6ren.%0A%0AWird+ein+Schiff+mit+*Shield*-Modul+angegriffen%2C+so+wird+der+W%
  C3%BCrfelwurf+der+angreifenden+KI+um+1+reduziert.%0A%0ADie+Aktion+*mark*+markiert+ein+beliebiges+g
  egnerisches+Schiff+bis+zum+Beginn+des+gegnerischen+Zuges.%0AJeder+Treffer+auf+ein+markiertes+Schif
  f+z%C3%A4hlt+als+kritischer+Treffer+%28vgl.+%E2%80%9EAlphaZeta+spielen%22%29.%0AEin+*Sammler*+kann
  +nicht+markiert+werden.%0A%0A%23%23%23+1.3+AlphaZeta+spielen%0A%0ANachdem+die+Elemente+des+Spiels+
  und+das+Spielfeld+erl%C3%A4utert+wurden%2C+folgt+hier+jetzt+der+generelle+Spielablauf.%0A%0AZum+St
  art+des+Spiels+wird+festgelegt%2C+wie+gro%C3%9F+das+Spielfeld+ist.%0AHierbei+muss+die+Anzahl+der+K
  acheln+entlang+einer+Achse+mindestens+5+betragen+%28%E2%89%A5+5%29.%0AAu%C3%9Ferdem+muss+gelten%2C
  +dass+die+Anzahl+der+Kacheln+entlang+einer+Achse+ungerade+sein+muss.%0AEin+Spielfeld+hat+also+mind
  estens+25+Kacheln.%0AZuletzt+wird+noch+definiert%2C+wie+viele+*Container*-Module+die+*Sammler*+der
  +KIs+haben+sollen.%0AHierbei+wird+als+Anzahl+aus+dem+geschlossenen+Intervall+von+%5B0%2C+3%5D+gew%
  C3%A4hlt.%0AHinweis%3A+Der+beim+Start+angegebene+*Seed*+ist+f%C3%BCr+die+Implementierung+des+Spiel
  s+wichtig+und+wird+sp%C3%A4ter+erkl%C3%A4rt.%0A%0ANachdem+das+Spiel+soweit+vorbereitet+ist%2C+w%C3
  %A4hlt+jede+KI+die+Module+f%C3%BCr+ihre+Angriffsschiffe.%0AAnschlie%C3%9Fend+werden+Deckung+und+Ra
  umschiffe+auf+dem+Spielfeld+platziert+und+das+Spiel+kann+beginnen.%0AAlpha+hat+die+Schiffe+%60A%2C
  B%2CC%2CD%60.%0AZeta+hat+die+Schiffe+%60Z%2CW%2CX%2CY%60.%0AHierbei+sind+%60A%60+und+%60Z%60+die+S
  ammler+der+jeweiligen+KIs.%0A%0AW%C3%A4hrend+das+Spiel+l%C3%A4uft%2C+k%C3%B6nnen+die+beiden+KIs+ab
  wechselnd+Z%C3%BCge+ausf%C3%BChren%2C+wobei+Alpha+beginnt.%0AInnerhalb+eines+Zuges+kann+eine+KI+di
  e+Aktionen+ihrer+Raumschiffe+ausf%C3%BChren.%0AEin+Zug+ist+beendet%2C+sobald+dies+eine+KI+ansagt.%
  0ADas+Spiel+endet%2C+sobald+der+*Sammler*+einer+KI+zerst%C3%B6rt+wurde.%0A%0A%23%23%23%23+Aktionen
  +durchf%C3%BChren%0A%0AJedes+Raumschiff+kann+gem%C3%A4%C3%9F+der+noch+vorhandenen+Module+dessen+Ak
  tionen+ausf%C3%BChren.%0AW%C3%A4hrend+*move*+und+*mark*+solange+das+Ziel+stimmt+erfolgreich+sein+w
  erden%2C+wird+bei+den+anderen+Aktionen+ein+*Angriffsw%C3%BCrfelwurf*+der+ausf%C3%BChrenden+KI+%28A
  kteur%29+ben%C3%B6tigt.%0ADieser+bestimmt+den+Effekt+einer+Aktion.%0A%0AEin+Raumschiff+kann+einen+
  Angriff+*ramm%2C+longshot%2C+strike*+gegen+Raumschiffe+der+anderen+KI+einsetzen%2C+wenn+die+Distan
  z+*d*%E2%82%81+zu+dem+Raumschiff-Ziel+passt.%0AWenn+eine+KI+entscheidet%2C+dass+sie+angreift%2C+mu
  ss+sie+als+erstes+einen+Angriffsw%C3%BCrfelwurf+ausf%C3%BChren.%0AEin+Angriffsw%C3%BCrfelwurf+l%C3
  %A4uft+immer+gleich+ab%3A%0A%0A-+KI+wirft+einen+sechsseitigen+W%C3%BCrfel+%28Seiten+des+W%C3%BCrfe
  ls%3A+1%2C+2%2C+3%2C+4%2C+5%2C+6%29%0A-+Deckung+des+Ziel-Raumschiffs+*Z*_S+wird+abgezogen%0A-+Effe
  kt+von+*Shield*-Modul+anwenden+%28falls+in+*Z*_S+vorhanden%29%0A%0ADas+Ergebnis+definiert+den+Wert
  +des+Angriffsw%C3%BCrfelwurfs.%0AAbh%C3%A4ngig+vom+Ergebnis+k%C3%B6nnen+folgende+F%C3%A4lle+auftre
  ten%3A%0A%0A-+*miss*%2C+falls+der+Wert+kleiner+als+alle+Bedingungen+der+Effekte+der+Aktion+ist%0A-
  +*hit*%2C+falls+ein+oder+mehrere+Module+zerst%C3%B6rt+werden%0A-+*critical+hit*%2C+falls+die+Bedin
  gung+f%C3%BCr+einen+kritischen+Treffer+erf%C3%BCllt+ist%0A%0AFalls+ein+Raumschiff+von+einem+Angrif
  f+getroffen+wird+%28*hit*+oder+*critical+hit*%29%2C+verliert+es+entsprechend+der+Bedingungen+Modul
  e.%0AFalls+ein+Raumschiff+alle+seine+Module+verliert%2C+ist+es+zerst%C3%B6rt.%0ADie+KIs+entscheide
  n+hierbei%2C+falls+eine+Wahlm%C3%B6glichkeit+besteht%2C+welche+Module+zerst%C3%B6rt+werden.%0AIm+N
  ormalfall+%28*hit*%29+entscheidet+die+angegriffene+KI.%0AFalls+das+angegriffene+Schiff+markiert+is
  t+oder+es+sich+um+einen+*kritischen+Treffer*+handelt%2C+entscheidet+die+angreifende+KI.%0ADabei+gi
  lt%2C+dass+immer+zuerst+alle+Zusatzmodule+%28f%C3%BCr+den+*Sammler*%3A+*Container*-Module%29+und+d
  ann+das+*Engine*-Modul+zerst%C3%B6rt+wird.%0A%0AWie+bereits+beschrieben%2C+endet+das+Spiel+sobald+
  einer+der+*Sammler*+zerst%C3%B6rt+ist.%0AGewonnen+hat+diejenige+KI%2C+deren+*Sammler*+nicht+zerst%
  C3%B6rt+wurde.&project=ProgrammingST22-Final2&role=requirements&task=Understand+the+st22final02+an
  d+create+its+backlog+when+prompted.&timestamp=2026-07-25T19%3A09%3A21.649Z&domain=st22final02

● adaptive-memory extension active (role=requirements, memorySession=20260725-210644-req) - type
  /memory-help. MCP tools registered (memory=true, backlog=true).







Changes    +0 -0
Duration   47s
Tokens     ↑ 23.6k (1.3k cached) • ↓ 990 (523 reasoning)
[delivery:requirements] Turn 3/11 complete
[delivery:requirements] Turn 4/11: task.md — segment 3/9 — Abschlussaufgabe 2 — AlphaZeta (AZ) > 2 Implementierung von AlphaZeta (AZ)
● [adaptive-context] GET http://localhost:4444/api/agents/7af7809a-adce-4fa9-9609-fd61059de0ff/sessi
  ons/20260725-210644-req/context?input=Dokument%3A+task.md%0ASegment%3A+3%2F9%0AAbschnitt%3A+Abschl
  ussaufgabe+2+%E2%80%94+AlphaZeta+%28AZ%29+%3E+2+Implementierung+von+AlphaZeta+%28AZ%29%0A%0ALies+d
  iesen+Abschnitt+sorgf%C3%A4ltig+und+behalte+den+Kontext.+Erstelle+noch+keinen+Backlog+und+noch+kei
  ne+Tasks.+Warte+damit+bis+zum+abschlie%C3%9Fenden+%2Ffinalize.%0A%0A%23%23+2+Implementierung+von+A
  lphaZeta+%28AZ%29%0A%0AIhre+Aufgabe+ist+es+das+Spiel+mittels+einer+Text-basierten+Schnittstelle+sp
  ielbar+zu+machen.%0ADie+Benutzerschnittstelle+soll+hierbei+*nicht*+die+Gro%C3%9F-Kleinschreibung+d
  es+Nutzers+beachten.%0ADie+daf%C3%BCr+n%C3%B6tigen+Interaktionen+werden+im+Folgenden+dargestellt.%
  0A%0AAchten+Sie+darauf%2C+dass+durch+die+Ausf%C3%BChrung+der+folgenden+Befehle+die+gegebenen+seman
  tischen+und+syntaktischen+Spezifikationen+nicht+verletzt+werden+und+geben+Sie+bei+Verletzung+der+S
  pezifikationen+immer+eine+aussagekr%C3%A4ftige+Fehlermeldung+aus.%0AWenn+die+Benutzereingabe+nicht
  +dem+vorgegebenen+Format+entspricht%2C+ist+auch+eine+Fehlermeldung+auszugeben.+Nach+der+Ausgabe+ei
  ner+Fehlermeldung+soll+das+Programm+wie+erwartet+fortfahren+und+wieder+auf+die+n%C3%A4chste+Eingab
  e+warten.%0ADie+Fehlermeldung+sollte+so+geformt+sein%2C+dass+f%C3%BCr+den+Benutzer+erkenntlich+ist
  %2C+warum+eine+Eingabe+abgelehnt+wurde.%0A%0ADa+wir+automatische+Tests+Ihrer+interaktiven+Benutzer
  schnittstelle+durchf%C3%BChren%2C+m%C3%BCssen+die+Ausgaben+exakt+den+Vorgaben+entsprechen.+Insbeso
  ndere+sollen+sowohl+Klein-+und+Gro%C3%9Fbuchstaben+als+auch+die+Leerzeichen+und+Zeilenumbr%C3%BCch
  e+genau+%C3%BCbereinstimmen.+Setzen+Sie+nur+die+in+der+Aufgabenstellung+angegebenen+Informationen+
  um.+Geben+Sie+auch+keine+zus%C3%A4tzlichen+Informationen+aus.+Bei+Fehlermeldungen+d%C3%BCrfen+Sie+
  den+englischsprachigen+Text+frei+w%C3%A4hlen%2C+er+sollte+jedoch+sinnvoll+sein.+Jede+Fehlermeldung
  +muss+aber+mit+%60Error%2C%60+beginnen+und+darf+keine+Sonderzeichen%2C+wie+beispielsweise+Zeilenum
  br%C3%BCche+oder+Umlaute%2C+enthalten.%0A%0AWenn+nicht+anders+angegeben%2C+ist+f%C3%BCr+Eingabe+im
  mer+die+Standardeingabe+%60System.in%60+zu+verwenden.+Wenn+nicht+anders+angegeben%2C+ist+f%C3%BCr+
  Ausgaben+immer+die+Standardausgabe+%60System.out%60+zu+verwenden.+F%C3%BCr+Fehlermeldungen+kann+an
  stelle+der+Standardausgabe+optional+die+Standardfehlerausgabe+%60System.err%60+verwendet+werden.+W
  eisen+Sie+diese+Standardeingabe+und+-ausgabe+niemals+neu+zu.&project=ProgrammingST22-Final2&role=r
  equirements&task=Understand+the+st22final02+and+create+its+backlog+when+prompted.&timestamp=2026-0
  7-25T19%3A09%3A44.584Z&domain=st22final02

● Injected adaptive memory context into system prompt

● <adaptive_rules>
  - After printing an error message the program must continue and wait for the next input.
  - When user input does not follow the specified format, an error message must be output.
  - Every error message must begin with 'Error,' and must not contain special characters such as
  newlines or umlauts.
  - Bei ungültiger Spielfeld-Eingabe wird eine Fehlermeldung ausgegeben und auf erneute Eingabe
  gewartet; die einleitende Aufforderung wird nicht wiederholt.
  - Interactive user interface must use System.in for input and System.out for output unless
  otherwise specified.
  - User input must be handled case-insensitively by the user interface.
  - Das Spielfeld wird durch eine Zeichenfolge konfiguriert: '.' freie Feld, '1' halbe Deckung, '2'
  volle Deckung, Buchstaben (A,B,C,D,Z,W,X,Y) für Raumschiffe.
  - Submission for AlphaZeta is automatically graded with zero points if any of the mandatory rules
  are violated; mandatory tests must be passed before other tests are evaluated.
  - Submitted source code must compile without errors.
  - JavaDoc documentation rules must be followed and the JavaDoc @author tag must contain only the
  student's u-Kürzel.
  - Source code must not call System.exit(), Runtime.exit() or similar.
  - Source code must not use the default package.
  - Standard input and standard output must never be reassigned.
  - Do not add any personal data to submissions except the u-Kürzel.
  - Die Seitenlänge (zweiter Parameter) muss mindestens 5 und ungerade sein.
  - Program output must exactly match the specification including letter case, spaces and line
  breaks.
  - Programs must print only the information specified in the assignment and no additional
  information.
  - Die Zeichenfolge beschreibt das Spielfeld zeilenweise (links nach rechts, oben nach unten).
  - Source code must be written in English and comments must be consistently either English or
  German.
  - Submit your *.java files for task A individually with the correct folder structure in the
  designated directory.
  - Fehlerhafte Modulkonfigurationen sollen frühestmöglich erkannt werden; bei Erkennung
  Fehlermeldung ausgeben und Abfrage für dieses Schiff wiederholen; korrekt konfigurierte frühere
  Schiffe bleiben unverändert.
  - The online submission system runs automated Checkstyle checks; certain specially marked
  Checkstyle rules are mandatory and cause a zero-point grade if violated.
  - Für ein 5×5-Spielfeld werden 25 Zeichen erwartet; die ersten 5 Zeichen sind die oberste Reihe.
  - Pro Zug kann die Aktion eines Moduls nur einmal eingesetzt werden; bei mehreren Modulen gleichen
   Typs kann die Aktion je Modul einmal ausgeführt werden.
  - Das Spiel endet, sobald ein Sammler (`Sammler`) zerstört wurde; gewonnen hat die KI, deren
  Sammler nicht zerstört wurde; das System gibt aus, welche KI gewonnen hat und beendet das Spiel.
  - Source code must obey a maximum line width of 120 characters.
  - Der dritte Parameter (Container) ist die Anzahl der Container-Module der Sammler und muss im
  Intervall [0,3] liegen.
  - Der erste Parameter (Seed) muss im Intervall [INT_MIN, INT_MAX] liegen.
  - All whitespace rules and naming rules for variables, methods and packages must be followed.
  - Solution code must not use Java library elements except the explicitly allowed packages.
  - Solution code must use Java SE 17 only.
  - Appropriate visibilities must be chosen for classes, methods and attributes.
  - Die Methode nextInt darf nur dann aufgerufen werden, wenn tatsächlich ein Würfelwurf
  durchgeführt wird.
  - Es darf nur eine einzige feste Instanz dieses Zufallszahlengenerators verwendet werden.
  - Die Deckungen auf dem Spielfeld müssen achsensymmetrisch bezüglich der Südwest-Nordost-Achse
  sein (Schiffe sind ausgenommen).
  - A successful action that results in no module destruction prints 'missed' on a new line after
  Bonus.
  - Before module-destroying actions output 'Roll' (actual die roll) and 'Bonus' (difference between
   actual roll and the evaluated attack roll, e.g., reduction from cover).
  - Module destruction is output as '<Ship> looses <Module>' per module in the order of AI selection
   or configuration order.
  - Otherwise a successful action produces no output unless otherwise specified.
  - Ship destruction is output as '<Ship> was destroyed'.
  - Pro Flotte darf maximal 1 Sensor-Modul vorhanden sein.
  - Bei den übrigen Raumschiffen ist das erste Modul immer ein Antrieb (Engine).
  - Koordinaten sind (x,y) mit (0,0) oben links und (l-1,l-1) unten rechts.
  - Distanzen werden als Manhattan-Distanz d1 = |xa−xb| + |ya−yb| berechnet; direkte Nachbarn haben
  d1 = 1.
  - Always destroy auxiliary modules first (for Sammler: Container modules) and then the Engine.
  - If a ship has multiple modules of the same type, destroying one module of that type always
  removes the first such module (configuration order).
  - If a ship has only identical auxiliary modules (only one module type destructible), no dialog is
   requested.
  - If all modules or all but the Engine of a ship are destroyed, no dialog is requested; output
  order equals module addition order from configuration phase.
  - On a hit the attacked AI decides module removal; on a critical hit or marked target the
  attacking AI decides.
  - On dialog input errors show an error message and request re-input; do not repeat the initial
  prompt text.
  </adaptive_rules>

  <knowledge>
    - Error messages may be written to System.err instead of System.out.
    - Maximal 1 Propulsion-Modul pro Raumschiff zulässig.
    - Anzahl der Waffen-Module pro Raumschiff darf höchstens 2 betragen.
    - Otherwise module destruction is decided via dialog: '<Decider> must select <N> of <Ship>s
  module(s) (separated by comma):' and module choices listed alphabetically.
    - Maximal 1 Shield-Modul pro Raumschiff zulässig.
    - Maximal 1 Rail Gun-Modul pro Raumschiff zulässig.
    - For non-destroyed ships in the 'fleet' output list the remaining intact modules
  alphabetically, modules shown in uppercase letters.
    - Module ranges: Engine 1–3; Ramm 1; Longshot 5–6; Strike 1; Mark infinity; Propel 1–3.
    - Ein Sammler hat genau einen Engine-Antrieb und sonst nur das Spezialmodul Container.
    - Keine leere Kachel darf vollständig von Deckung umgeben sein; direkte Nachbarn dürfen nicht
  alle von Deckung belegt sein.
    - The 'board' command displays the board with '.' for empty tiles, cover values '1' or '2', and
  letters for ships; destroyed ships are not displayed.
    - Die Aktion 'ramm' darf pro Schiff pro Zug nur einmal eingesetzt werden.
    - Das Programm muss jederzeit durch Eingabe des Befehls beendet werden.
    - Aktions-Schemata: ` <AKTEUR> <AKTION> <ZIEL>` für Aktionen gegen ein Ziel-Raumschiff; `
  <AKTEUR> <AKTION> <X> <Y>` für die Aktionen move und propel.
    - Das Spiel wird mit genau drei Kommandozeilenparametern gestartet.
    - Das Beenden darf nicht über System.exit() oder andere ausgeschlossene Funktionen erfolgen.
    - Automatisierte Tests verwenden `quit` am Ende von Testsequenzen und sind darauf angewiesen.
    - Der Befehl `help` listet alle Befehle des Systems in einer fest vorgegebenen Reihenfolge auf.
  </knowledge>
  <entity_paths>
    - Submission for AlphaZeta CONSTRAINT Mandatory tests: Submission for AlphaZeta is automatically
   graded with zero points if any of the mandatory rules are violated; mandatory tests must be
  passed before other tests are evaluated.
    - Submission for AlphaZeta CONSTRAINT Compilable code: Submitted source code must compile
  without errors.
    - Program CONSTRAINT quit: Das Programm muss jederzeit durch Eingabe des Befehls beendet werden.
    - Program CONSTRAINT System.exit(): Das Beenden darf nicht über System.exit() oder andere
  ausgeschlossene Funktionen erfolgen.
    - Game implementation CONSTRAINT Random(long seed): Nur der Konstruktor Random(long seed) darf
  verwendet werden, um einen neuen Zufallszahlengenerator zu instanziieren.
    - Game implementation CONSTRAINT single Random instance: Es darf nur eine einzige feste Instanz
  dieses Zufallszahlengenerators verwendet werden.
    - Game implementation CONSTRAINT nextInt call condition: Die Methode nextInt darf nur dann
  aufgerufen werden, wenn tatsächlich ein Würfelwurf durchgeführt wird.
    - Game start CONSTRAINT three command-line parameters: Das Spiel wird mit genau drei
  Kommandozeilenparametern gestartet.
  </entity_paths>
  <entity_matches>
    - Submission for AlphaZeta (score: 0.81) — Student submission for Abschlussaufgabe 2 "AlphaZeta"
    - Program (score: 0.78) — Die implementierte Spielanwendung
    - Game implementation (score: 0.77) — Code der Spielanwendung
    - Game start (score: 0.73) — Programmstart der Spielanwendung
    - error + wait for re-entry; do not repeat initial prompt (score: 0.72) — Interaktionsverhalten
  </entity_matches>

● adaptive-memory extension active (role=requirements, memorySession=20260725-210644-req) - type
  /memory-help. MCP tools registered (memory=true, backlog=true).







Changes    +0 -0
Duration   1m 0s
Tokens     ↑ 26.8k (1.3k cached) • ↓ 282 (53 reasoning)
[delivery:requirements] Turn 4/11 complete
[delivery:requirements] Turn 5/11: task.md — segment 4/9 — Abschlussaufgabe 2 — AlphaZeta (AZ) > 2 Implementierung von AlphaZeta (AZ) > 2.1 Darstellung der Beispielinteraktionen
● [adaptive-context] GET
  http://localhost:4444/api/agents/7af7809a-adce-4fa9-9609-fd61059de0ff/sessions/20260725-210644-req
  /context?input=Dokument%3A+task.md%0ASegment%3A+4%2F9%0AAbschnitt%3A+Abschlussaufgabe+2+%E2%80%94+
  AlphaZeta+%28AZ%29+%3E+2+Implementierung+von+AlphaZeta+%28AZ%29+%3E+2.1+Darstellung+der+Beispielin
  teraktionen%0A%0ALies+diesen+Abschnitt+sorgf%C3%A4ltig+und+behalte+den+Kontext.+Erstelle+noch+kein
  en+Backlog+und+noch+keine+Tasks.+Warte+damit+bis+zum+abschlie%C3%9Fenden+%2Ffinalize.%0A%0A%23%23%
  23+2.1+Darstellung+der+Beispielinteraktionen%0A%0AIn+Beispielinteraktionen+stellt+das+Symbol+%60%2
  5%3E+%60+%28Prozent-Zeichen+und+Gr%C3%B6%C3%9Fer-Zeichen+gefolgt+von+einem+Leerzeichen%29+die+Komm
  andozeile+dar.%0ADer+Programmname+ist+frei+gew%C3%A4hlt+und+muss+bei+Ihnen+nicht+*AlphaZeta*+laute
  n.%0ADas+Symbol+%60%3E+%60+%28Gr%C3%B6%C3%9Fer-Zeichen+gefolgt+von+einem+Leerzeichen%29+stellt+ein
  e+Benutzereingabe+dar+und+ist+selbst+nicht+Teil+der+Eingabe.%0ASollte+in+einer+Interaktion+%60%5B.
  ..%5D%60+geschrieben+werden%2C+so+bedeutet+dies%2C+dass+weitere+Interaktionen+ausgelassen+worden+s
  ind%2C+um+auf+eine+spezielle+Stelle+der+Interaktion+einzugehen.%0A%60%5B...%5D%60+ist+keine+Ausgab
  e+Ihres+Spiels.&project=ProgrammingST22-Final2&role=requirements&task=Understand+the+st22final02+a
  nd+create+its+backlog+when+prompted.&timestamp=2026-07-25T19%3A09%3A57.514Z&domain=st22final02

● Injected adaptive memory context into system prompt

● <adaptive_rules>
  - Das Spielfeld wird durch eine Zeichenfolge konfiguriert: '.' freie Feld, '1' halbe Deckung, '2'
  volle Deckung, Buchstaben (A,B,C,D,Z,W,X,Y) für Raumschiffe.
  - Die Zeichenfolge beschreibt das Spielfeld zeilenweise (links nach rechts, oben nach unten).
  - Für ein 5×5-Spielfeld werden 25 Zeichen erwartet; die ersten 5 Zeichen sind die oberste Reihe.
  - Submission for AlphaZeta is automatically graded with zero points if any of the mandatory rules
  are violated; mandatory tests must be passed before other tests are evaluated.
  - Submitted source code must compile without errors.
  - JavaDoc documentation rules must be followed and the JavaDoc @author tag must contain only the
  student's u-Kürzel.
  - Source code must be written in English and comments must be consistently either English or
  German.
  - Interactive user interface must use System.in for input and System.out for output unless
  otherwise specified.
  - Pro Zug kann die Aktion eines Moduls nur einmal eingesetzt werden; bei mehreren Modulen gleichen
   Typs kann die Aktion je Modul einmal ausgeführt werden.
  - Die Seitenlänge (zweiter Parameter) muss mindestens 5 und ungerade sein.
  - Der dritte Parameter (Container) ist die Anzahl der Container-Module der Sammler und muss im
  Intervall [0,3] liegen.
  - The online submission system runs automated Checkstyle checks; certain specially marked
  Checkstyle rules are mandatory and cause a zero-point grade if violated.
  - Fehlerhafte Modulkonfigurationen sollen frühestmöglich erkannt werden; bei Erkennung
  Fehlermeldung ausgeben und Abfrage für dieses Schiff wiederholen; korrekt konfigurierte frühere
  Schiffe bleiben unverändert.
  - Das Spiel endet, sobald ein Sammler (`Sammler`) zerstört wurde; gewonnen hat die KI, deren
  Sammler nicht zerstört wurde; das System gibt aus, welche KI gewonnen hat und beendet das Spiel.
  - Program output must exactly match the specification including letter case, spaces and line
  breaks.
  - Programs must print only the information specified in the assignment and no additional
  information.
  - Bei ungültiger Spielfeld-Eingabe wird eine Fehlermeldung ausgegeben und auf erneute Eingabe
  gewartet; die einleitende Aufforderung wird nicht wiederholt.
  - After printing an error message the program must continue and wait for the next input.
  - Submit your *.java files for task A individually with the correct folder structure in the
  designated directory.
  - Source code must obey a maximum line width of 120 characters.
  - Der erste Parameter (Seed) muss im Intervall [INT_MIN, INT_MAX] liegen.
  - User input must be handled case-insensitively by the user interface.
  - A successful action that results in no module destruction prints 'missed' on a new line after
  Bonus.
  - Before module-destroying actions output 'Roll' (actual die roll) and 'Bonus' (difference between
   actual roll and the evaluated attack roll, e.g., reduction from cover).
  - Module destruction is output as '<Ship> looses <Module>' per module in the order of AI selection
   or configuration order.
  - Otherwise a successful action produces no output unless otherwise specified.
  - Ship destruction is output as '<Ship> was destroyed'.
  - Appropriate visibilities must be chosen for classes, methods and attributes.
  - All whitespace rules and naming rules for variables, methods and packages must be followed.
  - Do not add any personal data to submissions except the u-Kürzel.
  - Bei den übrigen Raumschiffen ist das erste Modul immer ein Antrieb (Engine).
  - Keine leere Kachel darf vollständig von Deckung umgeben sein; direkte Nachbarn dürfen nicht alle
   von Deckung belegt sein.
  - Anzahl der Waffen-Module pro Raumschiff darf höchstens 2 betragen.
  - Maximal 1 Propulsion-Modul pro Raumschiff zulässig.
  - Maximal 1 Rail Gun-Modul pro Raumschiff zulässig.
  - Maximal 1 Shield-Modul pro Raumschiff zulässig.
  - Koordinaten sind (x,y) mit (0,0) oben links und (l-1,l-1) unten rechts.
  - Die Deckungen auf dem Spielfeld müssen achsensymmetrisch bezüglich der Südwest-Nordost-Achse
  sein (Schiffe sind ausgenommen).
  - Solution code must not use Java library elements except the explicitly allowed packages.
  - Solution code must use Java SE 17 only.
  - Die Methode nextInt darf nur dann aufgerufen werden, wenn tatsächlich ein Würfelwurf
  durchgeführt wird.
  - Es darf nur eine einzige feste Instanz dieses Zufallszahlengenerators verwendet werden.
  - Always destroy auxiliary modules first (for Sammler: Container modules) and then the Engine.
  - If a ship has multiple modules of the same type, destroying one module of that type always
  removes the first such module (configuration order).
  - If a ship has only identical auxiliary modules (only one module type destructible), no dialog is
   requested.
  - If all modules or all but the Engine of a ship are destroyed, no dialog is requested; output
  order equals module addition order from configuration phase.
  - On a hit the attacked AI decides module removal; on a critical hit or marked target the
  attacking AI decides.
  - On dialog input errors show an error message and request re-input; do not repeat the initial
  prompt text.
  - Über Dialogsystem wird entschieden. Wahltext: `<Decider> must select <N> of <Ship>s module(s)
  (separated by comma):` Die Auflistung der zur Wahl stehenden Module erfolgt in alphabetischer
  Reihenfolge.
  - When user input does not follow the specified format, an error message must be output.
  </adaptive_rules>

  <memories>
    - The document 'task.md' describes the assignment 'Abschlussaufgabe 2 — AlphaZeta (AZ)'.
    - The assignment is for the course 'Programmieren'.
    - The assignment is in 'Sommersemester 2022'.
  </memories>
  <knowledge>
    - Otherwise module destruction is decided via dialog: '<Decider> must select <N> of <Ship>s
  module(s) (separated by comma):' and module choices listed alphabetically.
    - Source code must not call System.exit(), Runtime.exit() or similar.
    - Standard input and standard output must never be reassigned.
    - The 'board' command displays the board with '.' for empty tiles, cover values '1' or '2', and
  letters for ships; destroyed ships are not displayed.
    - The 'fleet' command lists fleets per AI (e.g., 'Alpha's fleet') and for each ship prints a
  state indicator: '<C>' for Sammler, '<->' for intact attack ship, '~X~' for destroyed ship.
    - Die Aktion 'ramm' darf pro Schiff pro Zug nur einmal eingesetzt werden.
    - Source code must not use the default package.
    - For non-destroyed ships in the 'fleet' output list the remaining intact modules
  alphabetically, modules shown in uppercase letters.
    - Pro Flotte darf maximal 1 Sensor-Modul vorhanden sein.
    - Ein Sammler hat genau einen Engine-Antrieb und sonst nur das Spezialmodul Container.
    - Error messages may be written to System.err instead of System.out.
    - Every error message must begin with 'Error,' and must not contain special characters such as
  newlines or umlauts.
    - Aktions-Schemata: ` <AKTEUR> <AKTION> <ZIEL>` für Aktionen gegen ein Ziel-Raumschiff; `
  <AKTEUR> <AKTION> <X> <Y>` für die Aktionen move und propel.
    - Das Programm muss jederzeit durch Eingabe des Befehls beendet werden.
    - Das Spiel wird mit genau drei Kommandozeilenparametern gestartet.
    - Das Beenden darf nicht über System.exit() oder andere ausgeschlossene Funktionen erfolgen.
    - Automatisierte Tests verwenden `quit` am Ende von Testsequenzen und sind darauf angewiesen.
    - Der Befehl `help` listet alle Befehle des Systems in einer fest vorgegebenen Reihenfolge auf.
    - Der Befehl `actions <SHIP>` gibt die in dieser Runde noch nicht verwendeten Aktionen aus
  (alphabetisch sortiert, alle Aktionen mit Großbuchstaben); für Schiffe gegnerischer KIs werden
  alle durch die Module gegebenen Aktionen ausgegeben.
  </knowledge>
  <entity_paths>
    - Submission for AlphaZeta CONSTRAINT Mandatory tests: Submission for AlphaZeta is automatically
   graded with zero points if any of the mandatory rules are violated; mandatory tests must be
  passed before other tests are evaluated.
    - Submission for AlphaZeta CONSTRAINT Compilable code: Submitted source code must compile
  without errors.
    - Game implementation CONSTRAINT Random(long seed): Nur der Konstruktor Random(long seed) darf
  verwendet werden, um einen neuen Zufallszahlengenerator zu instanziieren.
    - Game implementation CONSTRAINT single Random instance: Es darf nur eine einzige feste Instanz
  dieses Zufallszahlengenerators verwendet werden.
    - Game implementation CONSTRAINT nextInt call condition: Die Methode nextInt darf nur dann
  aufgerufen werden, wenn tatsächlich ein Würfelwurf durchgeführt wird.
    - Program CONSTRAINT quit: Das Programm muss jederzeit durch Eingabe des Befehls beendet werden.
    - Program CONSTRAINT System.exit(): Das Beenden darf nicht über System.exit() oder andere
  ausgeschlossene Funktionen erfolgen.
  </entity_paths>
  <entity_matches>
    - Submission for AlphaZeta (score: 0.79) — Student submission for Abschlussaufgabe 2 "AlphaZeta"
    - error + wait for re-entry; do not repeat initial prompt (score: 0.75) — Interaktionsverhalten
    - Game implementation (score: 0.75) — Code der Spielanwendung
    - Program (score: 0.75) — Die implementierte Spielanwendung
    - '.' '1' '2' 'A,B,C,D,Z,W,X,Y' mapping (score: 0.74) — Bedeutung der Zeichen
  </entity_matches>

● adaptive-memory extension active (role=requirements, memorySession=20260725-210644-req) - type
  /memory-help. MCP tools registered (memory=true, backlog=true).







Changes    +0 -0
Duration   1m 11s
Tokens     ↑ 27.5k (1.3k cached) • ↓ 217 (112 reasoning)
[delivery:requirements] Turn 5/11 complete
[delivery:requirements] Turn 6/11: task.md — segment 5/9 — Abschlussaufgabe 2 — AlphaZeta (AZ) > 2 Implementierung von AlphaZeta (AZ) > 2.2 Quit-Befehl
● [adaptive-context] GET http://localhost:4444/api/agents/7af7809a-adce-4fa9-9609-fd61059de0ff/sessi
  ons/20260725-210644-req/context?input=Dokument%3A+task.md%0ASegment%3A+5%2F9%0AAbschnitt%3A+Abschl
  ussaufgabe+2+%E2%80%94+AlphaZeta+%28AZ%29+%3E+2+Implementierung+von+AlphaZeta+%28AZ%29+%3E+2.2+Qui
  t-Befehl%0A%0ALies+diesen+Abschnitt+sorgf%C3%A4ltig+und+behalte+den+Kontext.+Erstelle+noch+keinen+
  Backlog+und+noch+keine+Tasks.+Warte+damit+bis+zum+abschlie%C3%9Fenden+%2Ffinalize.%0A%0A%23%23%23+
  2.2+Quit-Befehl%0A%0AGenerell+muss+Ihr+Programm+jederzeit+mit+der+Eingabe+des+Befehls+%60quit%60+b
  eendet+werden+k%C3%B6nnen.%0ABeachten+Sie%2C+dass+f%C3%BCr+das+Testen+Ihrer+Abgabe+dieser+Befehl+e
  ssenziell+ist%2C+da+viele+der+Tests+%60quit%60+am+Ende+einer+Testsequenz+verwenden%2C+um+Ihr+Progr
  amm+zu+beenden.%0AStellen+Sie+daher+sicher%2C+dass+der+Befehl+in+jeder+Situation+funktioniert.%0AB
  eachten+Sie+bitte+nochmals%2C+dass+Sie+hierf%C3%BCr+nicht+%60System.exit%28%29%60+oder+andere+ausg
  eschlossene+Funktionen+verwenden+d%C3%BCrfen.&project=ProgrammingST22-Final2&role=requirements&tas
  k=Understand+the+st22final02+and+create+its+backlog+when+prompted.&timestamp=2026-07-25T19%3A10%3A
  08.686Z&domain=st22final02

● Injected adaptive memory context into system prompt

● <adaptive_rules>
  - Source code must not call System.exit(), Runtime.exit() or similar.
  - Source code must not use the default package.
  - Standard input and standard output must never be reassigned.
  - Source code must be written in English and comments must be consistently either English or
  German.
  - Submission for AlphaZeta is automatically graded with zero points if any of the mandatory rules
  are violated; mandatory tests must be passed before other tests are evaluated.
  - Submitted source code must compile without errors.
  - Program output must exactly match the specification including letter case, spaces and line
  breaks.
  - Programs must print only the information specified in the assignment and no additional
  information.
  - The online submission system runs automated Checkstyle checks; certain specially marked
  Checkstyle rules are mandatory and cause a zero-point grade if violated.
  - After printing an error message the program must continue and wait for the next input.
  - Fehlerhafte Modulkonfigurationen sollen frühestmöglich erkannt werden; bei Erkennung
  Fehlermeldung ausgeben und Abfrage für dieses Schiff wiederholen; korrekt konfigurierte frühere
  Schiffe bleiben unverändert.
  - Submit your *.java files for task A individually with the correct folder structure in the
  designated directory.
  - Bei ungültiger Spielfeld-Eingabe wird eine Fehlermeldung ausgegeben und auf erneute Eingabe
  gewartet; die einleitende Aufforderung wird nicht wiederholt.
  - Die Seitenlänge (zweiter Parameter) muss mindestens 5 und ungerade sein.
  - JavaDoc documentation rules must be followed and the JavaDoc @author tag must contain only the
  student's u-Kürzel.
  - Pro Zug kann die Aktion eines Moduls nur einmal eingesetzt werden; bei mehreren Modulen gleichen
   Typs kann die Aktion je Modul einmal ausgeführt werden.
  - Interactive user interface must use System.in for input and System.out for output unless
  otherwise specified.
  - Das Spiel endet, sobald ein Sammler (`Sammler`) zerstört wurde; gewonnen hat die KI, deren
  Sammler nicht zerstört wurde; das System gibt aus, welche KI gewonnen hat und beendet das Spiel.
  - Source code must obey a maximum line width of 120 characters.
  - Das Spielfeld wird durch eine Zeichenfolge konfiguriert: '.' freie Feld, '1' halbe Deckung, '2'
  volle Deckung, Buchstaben (A,B,C,D,Z,W,X,Y) für Raumschiffe.
  - All whitespace rules and naming rules for variables, methods and packages must be followed.
  - Der dritte Parameter (Container) ist die Anzahl der Container-Module der Sammler und muss im
  Intervall [0,3] liegen.
  - Der erste Parameter (Seed) muss im Intervall [INT_MIN, INT_MAX] liegen.
  - Solution code must not use Java library elements except the explicitly allowed packages.
  - Solution code must use Java SE 17 only.
  - Die Zeichenfolge beschreibt das Spielfeld zeilenweise (links nach rechts, oben nach unten).
  - Pro Flotte darf maximal 1 Sensor-Modul vorhanden sein.
  - Für ein 5×5-Spielfeld werden 25 Zeichen erwartet; die ersten 5 Zeichen sind die oberste Reihe.
  - Do not add any personal data to submissions except the u-Kürzel.
  - User input must be handled case-insensitively by the user interface.
  - Keine leere Kachel darf vollständig von Deckung umgeben sein; direkte Nachbarn dürfen nicht alle
   von Deckung belegt sein.
  - Appropriate visibilities must be chosen for classes, methods and attributes.
  - Die Methode nextInt darf nur dann aufgerufen werden, wenn tatsächlich ein Würfelwurf
  durchgeführt wird.
  - Es darf nur eine einzige feste Instanz dieses Zufallszahlengenerators verwendet werden.
  - Die Deckungen auf dem Spielfeld müssen achsensymmetrisch bezüglich der Südwest-Nordost-Achse
  sein (Schiffe sind ausgenommen).
  - Every error message must begin with 'Error,' and must not contain special characters such as
  newlines or umlauts.
  - Bei den übrigen Raumschiffen ist das erste Modul immer ein Antrieb (Engine).
  - Anzahl der Waffen-Module pro Raumschiff darf höchstens 2 betragen.
  - Maximal 1 Propulsion-Modul pro Raumschiff zulässig.
  - Maximal 1 Rail Gun-Modul pro Raumschiff zulässig.
  - Maximal 1 Shield-Modul pro Raumschiff zulässig.
  - Ein Sammler hat genau einen Engine-Antrieb und sonst nur das Spezialmodul Container.
  - For non-destroyed ships in the 'fleet' output list the remaining intact modules alphabetically,
  modules shown in uppercase letters.
  - The 'board' command displays the board with '.' for empty tiles, cover values '1' or '2', and
  letters for ships; destroyed ships are not displayed.
  - The 'fleet' command lists fleets per AI (e.g., 'Alpha's fleet') and for each ship prints a state
   indicator: '<C>' for Sammler, '<->' for intact attack ship, '~X~' for destroyed ship.
  - When user input does not follow the specified format, an error message must be output.
  - Die Aktion 'ramm' darf pro Schiff pro Zug nur einmal eingesetzt werden.
  - Every hit against a marked ship counts as a critical hit.
  - If the attack die roll for Ramm is ≤ 1, damage to A counts as a hit.
  - Mark marks any enemy ship until the start of the enemy's turn.
  </adaptive_rules>

  <memories>
    - The document 'task.md' describes the assignment 'Abschlussaufgabe 2 — AlphaZeta (AZ)'.
    - The assignment is for the course 'Programmieren'.
    - The assignment is in 'Sommersemester 2022'.
    - The document task.md specifies the lecture as 'Programmieren'.
  </memories>
  <knowledge>
    - A successful action that results in no module destruction prints 'missed' on a new line after
  Bonus.
    - Always destroy auxiliary modules first (for Sammler: Container modules) and then the Engine.
    - Otherwise a successful action produces no output unless otherwise specified.
    - Otherwise module destruction is decided via dialog: '<Decider> must select <N> of <Ship>s
  module(s) (separated by comma):' and module choices listed alphabetically.
    - Before module-destroying actions output 'Roll' (actual die roll) and 'Bonus' (difference
  between actual roll and the evaluated attack roll, e.g., reduction from cover).
    - If all modules or all but the Engine of a ship are destroyed, no dialog is requested; output
  order equals module addition order from configuration phase.
    - On dialog input errors show an error message and request re-input; do not repeat the initial
  prompt text.
    - Error messages may be written to System.err instead of System.out.
    - Module destruction is output as '<Ship> looses <Module>' per module in the order of AI
  selection or configuration order.
    - Module ranges: Engine 1–3; Ramm 1; Longshot 5–6; Strike 1; Mark infinity; Propel 1–3.
    - If a ship has only identical auxiliary modules (only one module type destructible), no dialog
  is requested.
    - Automatisierte Tests verwenden `quit` am Ende von Testsequenzen und sind darauf angewiesen.
    - Das Programm muss jederzeit durch Eingabe des Befehls beendet werden.
    - Das Beenden darf nicht über System.exit() oder andere ausgeschlossene Funktionen erfolgen.
    - Aktions-Schemata: ` <AKTEUR> <AKTION> <ZIEL>` für Aktionen gegen ein Ziel-Raumschiff; `
  <AKTEUR> <AKTION> <X> <Y>` für die Aktionen move und propel.
    - Der Befehl `help` listet alle Befehle des Systems in einer fest vorgegebenen Reihenfolge auf.
  </knowledge>
  <entity_paths>
    - Abschlussaufgabe 2 — AlphaZeta (AZ) RELATES_TO Sommersemester 2022: The assignment is in
  'Sommersemester 2022'.
    - task.md RELATES_TO Prof. Dr.-Ing. Anne Koziolek: The assignment instructor is Prof. Dr.-Ing.
  Anne Koziolek.; The document task.md names the instructor as Prof. Dr.-Ing. Anne Koziolek.
    - task.md RELATES_TO Abschlussaufgabe 2 — AlphaZeta (AZ): The document 'task.md' describes the
  assignment 'Abschlussaufgabe 2 — AlphaZeta (AZ)'.
    - task.md RELATES_TO AlphaZeta (AZ): The document task.md describes the game AlphaZeta (AZ) set
  in year 2985 where two AIs (A and Z) compete for asteroid resources.
    - task.md RELATES_TO Programmieren: The assignment is for the course 'Programmieren'.; The
  document task.md specifies the lecture as 'Programmieren'.
    - task.md RELATES_TO Sommersemester 2022: The document task.md lists the semester as
  Sommersemester 2022.
    - task.md RELATES_TO 20 Punkte: The assignment is worth 20 points.; The document task.md sets
  the assignment weight to 20 points.
    - task.md RELATES_TO Version 1.4: The assignment document lists version '1.4'.; The document
  task.md is version 1.4.
    - task.md RELATES_TO Institute of Information Security and Dependability: The assignment group
  is 'Institute of Information Security and Dependability'.; The document task.md associates the
  assignment with the Institute of Information Security and Dependability group.
    - AlphaZeta (AZ) RELATES_TO A: AlphaZeta (AZ) includes an artificial intelligence named 'A'.
    - AlphaZeta (AZ) RELATES_TO Z: AlphaZeta (AZ) includes an artificial intelligence named 'A'.
    - AlphaZeta (AZ) RELATES_TO Jahr 2985: The game 'AlphaZeta (AZ)' is set in the year 2985.
    - task.md RELATES_TO Abschlussaufgabe 2 — AlphaZeta (AZ): The document 'task.md' describes the
  assignment 'Abschlussaufgabe 2 — AlphaZeta (AZ)'.
    - Abschlussaufgabe 2 — AlphaZeta (AZ) RELATES_TO Sommersemester 2022: The assignment is in
  'Sommersemester 2022'.
    - task.md RELATES_TO AlphaZeta (AZ): The document task.md describes the game AlphaZeta (AZ) set
  in year 2985 where two AIs (A and Z) compete for asteroid resources.
    - AlphaZeta (AZ) RELATES_TO A: AlphaZeta (AZ) includes an artificial intelligence named 'A'.
    - task.md RELATES_TO AlphaZeta (AZ): The document task.md describes the game AlphaZeta (AZ) set
  in year 2985 where two AIs (A and Z) compete for asteroid resources.
    - AlphaZeta (AZ) RELATES_TO Z: AlphaZeta (AZ) includes an artificial intelligence named 'A'.
    - task.md RELATES_TO AlphaZeta (AZ): The document task.md describes the game AlphaZeta (AZ) set
  in year 2985 where two AIs (A and Z) compete for asteroid resources.
    - AlphaZeta (AZ) RELATES_TO Jahr 2985: The game 'AlphaZeta (AZ)' is set in the year 2985.
    - AlphaZeta (AZ) RELATES_TO A: AlphaZeta (AZ) includes an artificial intelligence named 'A'.
    - A RELATES_TO Asteroidengürtel: AI 'A' is tasked with extracting resources from the asteroid
  belt.
    - AlphaZeta (AZ) RELATES_TO A: AlphaZeta (AZ) includes an artificial intelligence named 'A'.
    - A RELATES_TO Z: The AIs 'A' and 'Z' fight each other (compete).
    - AlphaZeta (AZ) RELATES_TO Z: AlphaZeta (AZ) includes an artificial intelligence named 'A'.
    - Z RELATES_TO Asteroidengürtel: AI 'Z' is tasked with extracting resources from the asteroid
  belt.
  </entity_paths>
  <entity_matches>
    - Abschlussaufgabe 2 — AlphaZeta (AZ) (score: 0.80) — Title of the assignment and game project.
    - task.md (score: 0.70) — Assignment document containing the AlphaZeta (AZ) specification
  (section 1/9).
    - 20 Punkte (score: 0.70) — Point value assigned to the task.
    - Programmieren (score: 0.69) — Course name for which the assignment is specified.
    - AlphaZeta (AZ) (score: 0.68) — Name of the assignment's game world.
  </entity_matches>
  <insights>
    - Agent community around Abschlussaufgabe 2 — AlphaZeta (AZ), Sommersemester 2022. Relevant
  agent facts: The document 'task.md' describes the assignment 'Abschlussaufgabe 2 — AlphaZeta
  (AZ)'.; The assignment is in 'Sommersemester 2022'.; The document task.md lists the semester as
  Sommersemester 2022.
    - Agent community around task.md, 20 Punkte, Programmieren connects Institute of Information
  Security and Dependability. Relevant agent facts: The assignment instructor is Prof. Dr.-Ing. Anne
   Koziolek.; The document 'task.md' describes the assignment 'Abschlussaufgabe 2 — AlphaZeta
  (AZ)'.; The assignment is for the course 'Programmieren'.
    - Agent community around AlphaZeta (AZ), A, Z. Relevant agent facts: AI 'A' is tasked with
  extracting resources from the asteroid belt.; AlphaZeta (AZ) includes an artificial intelligence
  named 'A'.; The AIs 'A' and 'Z' fight each other (compete).
    - Agent community around Abschlussaufgabe 2 — AlphaZeta (AZ), task.md, 20 Punkte connects Prof.
  Dr.-Ing. Anne Koziolek, Version 1.4, Institute of Information Security and Dependability. Relevant
   agent facts: The assignment instructor is Prof. Dr.-Ing. Anne Koziolek.; The document 'task.md'
  describes the assignment 'Abschlussaufgabe 2 — AlphaZeta (AZ)'.; The assignment is for the course
  'Programmieren'.
  </insights>

● adaptive-memory extension active (role=requirements, memorySession=20260725-210644-req) - type
  /memory-help. MCP tools registered (memory=true, backlog=true).







Changes    +0 -0
Duration   1m 23s
Tokens     ↑ 28.8k (1.3k cached) • ↓ 120 (37 reasoning)
[delivery:requirements] Turn 6/11 complete
[delivery:requirements] Turn 7/11: task.md — segment 6/9 — Abschlussaufgabe 2 — AlphaZeta (AZ) > 2 Implementierung von AlphaZeta (AZ) > 2.3 Vorbereitung: Start, Konfiguration
● [adaptive-context] GET
  http://localhost:4444/api/agents/7af7809a-adce-4fa9-9609-fd61059de0ff/sessions/20260725-210644-req
  /context?input=Dokument%3A+task.md%0ASegment%3A+6%2F9%0AAbschnitt%3A+Abschlussaufgabe+2+%E2%80%94+
  AlphaZeta+%28AZ%29+%3E+2+Implementierung+von+AlphaZeta+%28AZ%29+%3E+2.3+Vorbereitung%3A+Start%2C+K
  onfiguration%0A%0ALies+diesen+Abschnitt+sorgf%C3%A4ltig+und+behalte+den+Kontext.+Erstelle+noch+kei
  nen+Backlog+und+noch+keine+Tasks.+Warte+damit+bis+zum+abschlie%C3%9Fenden+%2Ffinalize.%0A%0A%23%23
  %23+2.3+Vorbereitung%3A+Start%2C+Konfiguration%0A%0AAm+Anfang+muss+das+Spiel+konfiguriert+werden.%
  0AHierzu+wird+das+Spiel+mit+genau+drei+Kommandozeilen-Parametern+gestartet.%0ADer+erste+Parameter+
  ist+ein+*Seed*+f%C3%BCr+den+Zufallszahlengenerator%2C+welcher+den+W%C3%BCrfel+ersetzt.%0ADer+Seed+
  soll+hierbei+im+Intervall+von+%5BINT_MIN%2C+INT_MAX%5D+liegen.%0ADer+zweite+Parameter+gibt+die+Sei
  tenl%C3%A4nge+des+Spielfeldes+an.%0AHierbei+w%C3%BCrde+der+Parameter+5+bedeuten%2C+dass+auf+einem+
  5%C3%975+Spielfeld+gespielt+wird.%0ADer+letzte+Parameter+gibt+an%2C+wie+viele+*Container*-Module+d
  ie+Sammler+der+KIs+haben.%0ADieser+Wert+muss+immer+im+geschlossenen+Intervall+%5B0%2C+3%5D+liegen.
  %0A%0A%23%23%23%23+Seed+%26+W%C3%BCrfelwurf%0A%0AEin+deterministischer+Zufallszahlengenerator+ist+
  ein+Verfahren+zur+Erzeugung+einer+Zahlenfolge%2C+deren+Eigenschaften+den+Eigenschaften+von+Zufalls
  zahlenfolgen+nahekommen.%0ADie+von+deterministischen+Zufallszahlengeneratoren+erzeugte+Folge+ist+j
  edoch+nicht+wirklich+zuf%C3%A4llig%2C+da+sie+vollst%C3%A4ndig+durch+einen+Anfangswert%2C+den+sogen
  annten+*Seed*%2C+bestimmt+wird.%0A%0AVerwenden+Sie+nur+den+Konstruktor+%60Random%28long+seed%29%60
  %2C+um+einen+neuen+Zufallszahlengenerator+mit+einem+Anfangswert+zu+instanziieren.%0AEine+Instanz+d
  ieser+Klasse+wird+verwendet%2C+um+eine+Folge+von+deterministischen+Zufallszahlen+zu+erzeugen.%0AVe
  rwenden+Sie+bei+der+Implementierung+Ihres+Spiels+nur+eine+einzige+feste+Instanz+dieses+Zufallszahl
  engenerators%2C+um+eine+feste+deterministische+Folge+von+W%C3%BCrfelw%C3%BCrfen+zu+gew%C3%A4hrleis
  ten.%0A%0AVerwenden+Sie+dann%2C+ausschlie%C3%9Flich+auf+dieser+Instanz%2C+die+Methode+%60nextInt%2
  8int+bound%29%60%2C+um+die+n%C3%A4chste+deterministische+Zahl+aus+der+Folge+dieses+Zufallszahlenge
  nerators+zu+erhalten.%0AF%C3%BCr+die+Berechnung+eines+W%C3%BCrfelwurfs+berechnen+sie+bitte+immer+%
  60random.nextInt%286%29+%2B+1%60.%0AVerwenden+Sie+die+Methode+bei+Ihrer+Implementierung+nur+dann%2
  C+wenn+Sie+einen+W%C3%BCrfelwurf+durchf%C3%BChren+m%C3%BCssen%2C+damit+eine+feste+deterministische
  +Zahlenfolge+gew%C3%A4hrleistet+ist.%0A%0A%23%23%23%23+Programmstart-Interaktion%0A%0AZum+Spielsta
  rt+zeigt+das+System+zun%C3%A4chst+eine+Willkommensbotschaft+an.%0ADiese+wird+in+Zeile+2+der+folgen
  den+Beispielinteraktion+dargestellt.%0AAnschlie%C3%9Fend+fordert+das+System+zur+Konfiguration+der+
  Schiffe+der+KIs+an.%0AHierzu+werden+nacheinander+die+Module+der+verschiedenen+Schiffe+abgefragt.%0
  ADie+Reihenfolge+der+Schiffe+ist+hierbei+wie+in+der+Beispielinteraktion+festgelegt.%0ADas+System+l
  istet+die+m%C3%B6glichen+Module+immer+alphabetisch+auf.%0ABeachten+Sie%2C+dass+fehlerhafte+Konfigu
  rationen+*fr%C3%BChstm%C3%B6glich*+erkannt+werden+sollen.%0ASobald+eine+fehlerhafte+Konfiguration+
  erkannt+wurde%2C+wird+eine+aussagekr%C3%A4ftige+Fehlermeldung+ausgegeben+und+die+Abfrage+der+Konfi
  guration+f%C3%BCr+das+Schiff+wiederholt.%0AHierbei+wird+die+bereits+korrekte+Konfiguration+f%C3%BC
  r+die+vorherigen+Schiffe+*nicht*+erneut+erfragt.%0AEin+Beispiel+hierf%C3%BCr+findet+sich+in+der+zw
  eiten+Beispielinteraktion+in+diesem+Paragraphen.%0ANachdem+alle+Schiffe+konfiguriert+wurden%2C+mus
  s+das+Spielfeld+konfiguriert+werden.%0ADies+wird+durch+eine+Aufforderung+des+Spiels+eingeleitet+%2
  8siehe+Beispielinteraktion%29.%0ADie+Konfiguration+des+Spielfeldes+wird+durch+die+Eingabe+einer+Ze
  ichenfolge+durchgef%C3%BChrt.%0AHierbei+wird+%60.%60+als+freies+Feld%2C+%601%60+f%C3%BCr+halbe+Dec
  kung%2C+%602%60+f%C3%BCr+volle+Deckung+und+die+entsprechenden+Buchstaben+f%C3%BCr+die+Raumschiffe+
  verwendet.%0ADie+Zeichenfolge+beschreibt+hierbei+Zeilenweise+%28von+links+nach+rechts+und+von+oben
  +nach+unten%29+das+Spielfeld.%0AF%C3%BCr+ein+5%C3%975+Spielfeld%2C+m%C3%BCssten+also+25+Zeichen+ei
  ngegeben+werden%2C+wobei+die+ersten+5+Zeichen+die+oberste+Reihe+%28von+links+nach+rechts%29+beschr
  eiben+w%C3%BCrden.%0AFalls+ein+ung%C3%BCltiges+Spielfeld+eingegeben+wird%2C+so+wird+eine+Fehlermel
  dung+ausgegeben+und+das+System+wartet+erneut+auf+eine+Eingabe+des+Spielfelds.%0AEs+wird+insbesonde
  re+nicht+die+Aufforderung+zu+Beginn+der+Konfiguration+wiederholt.%0ANach+der+korrekten+Konfigurati
  on+des+Spielfeldes+beginnt+Alphas+Zug.%0ADies+wird+mit+der+in+der+Interaktion+dargestellten+Ausgab
  e+angek%C3%BCndigt.&project=ProgrammingST22-Final2&role=requirements&task=Understand+the+st22final
  02+and+create+its+backlog+when+prompted.&timestamp=2026-07-25T19%3A10%3A20.425Z&domain=st22final02

● Injected adaptive memory context into system prompt

● <adaptive_rules>
  - Das Spielfeld wird durch eine Zeichenfolge konfiguriert: '.' freie Feld, '1' halbe Deckung, '2'
  volle Deckung, Buchstaben (A,B,C,D,Z,W,X,Y) für Raumschiffe.
  - Die Zeichenfolge beschreibt das Spielfeld zeilenweise (links nach rechts, oben nach unten).
  - Die Seitenlänge (zweiter Parameter) muss mindestens 5 und ungerade sein.
  - Der erste Parameter (Seed) muss im Intervall [INT_MIN, INT_MAX] liegen.
  - Das Spiel endet, sobald ein Sammler (`Sammler`) zerstört wurde; gewonnen hat die KI, deren
  Sammler nicht zerstört wurde; das System gibt aus, welche KI gewonnen hat und beendet das Spiel.
  - Die Deckungen auf dem Spielfeld müssen achsensymmetrisch bezüglich der Südwest-Nordost-Achse
  sein (Schiffe sind ausgenommen).
  - Für ein 5×5-Spielfeld werden 25 Zeichen erwartet; die ersten 5 Zeichen sind die oberste Reihe.
  - Ein Sammler hat genau einen Engine-Antrieb und sonst nur das Spezialmodul Container.
  - Die Methode nextInt darf nur dann aufgerufen werden, wenn tatsächlich ein Würfelwurf
  durchgeführt wird.
  - Es darf nur eine einzige feste Instanz dieses Zufallszahlengenerators verwendet werden.
  - Anzahl der Waffen-Module pro Raumschiff darf höchstens 2 betragen.
  - Maximal 1 Propulsion-Modul pro Raumschiff zulässig.
  - Maximal 1 Rail Gun-Modul pro Raumschiff zulässig.
  - Maximal 1 Shield-Modul pro Raumschiff zulässig.
  - Bei den übrigen Raumschiffen ist das erste Modul immer ein Antrieb (Engine).
  - After printing an error message the program must continue and wait for the next input.
  - Always destroy auxiliary modules first (for Sammler: Container modules) and then the Engine.
  - If a ship has multiple modules of the same type, destroying one module of that type always
  removes the first such module (configuration order).
  - If a ship has only identical auxiliary modules (only one module type destructible), no dialog is
   requested.
  - If all modules or all but the Engine of a ship are destroyed, no dialog is requested; output
  order equals module addition order from configuration phase.
  - On a hit the attacked AI decides module removal; on a critical hit or marked target the
  attacking AI decides.
  - On dialog input errors show an error message and request re-input; do not repeat the initial
  prompt text.
  - Über Dialogsystem wird entschieden. Wahltext: `<Decider> must select <N> of <Ship>s module(s)
  (separated by comma):` Die Auflistung der zur Wahl stehenden Module erfolgt in alphabetischer
  Reihenfolge.
  - Der dritte Parameter (Container) ist die Anzahl der Container-Module der Sammler und muss im
  Intervall [0,3] liegen.
  - Pro Flotte darf maximal 1 Sensor-Modul vorhanden sein.
  - Pro Zug kann die Aktion eines Moduls nur einmal eingesetzt werden; bei mehreren Modulen gleichen
   Typs kann die Aktion je Modul einmal ausgeführt werden.
  - Source code must be written in English and comments must be consistently either English or
  German.
  - Bei ungültiger Spielfeld-Eingabe wird eine Fehlermeldung ausgegeben und auf erneute Eingabe
  gewartet; die einleitende Aufforderung wird nicht wiederholt.
  - Submission for AlphaZeta is automatically graded with zero points if any of the mandatory rules
  are violated; mandatory tests must be passed before other tests are evaluated.
  - Submitted source code must compile without errors.
  - For non-destroyed ships in the 'fleet' output list the remaining intact modules alphabetically,
  modules shown in uppercase letters.
  - The 'board' command displays the board with '.' for empty tiles, cover values '1' or '2', and
  letters for ships; destroyed ships are not displayed.
  - The 'fleet' command lists fleets per AI (e.g., 'Alpha's fleet') and for each ship prints a state
   indicator: '<C>' for Sammler, '<->' for intact attack ship, '~X~' for destroyed ship.
  - Die Aktion 'ramm' darf pro Schiff pro Zug nur einmal eingesetzt werden.
  - Program output must exactly match the specification including letter case, spaces and line
  breaks.
  - Programs must print only the information specified in the assignment and no additional
  information.
  - Koordinaten sind (x,y) mit (0,0) oben links und (l-1,l-1) unten rechts.
  - Fehlerhafte Modulkonfigurationen sollen frühestmöglich erkannt werden; bei Erkennung
  Fehlermeldung ausgeben und Abfrage für dieses Schiff wiederholen; korrekt konfigurierte frühere
  Schiffe bleiben unverändert.
  - Submit your *.java files for task A individually with the correct folder structure in the
  designated directory.
  - JavaDoc documentation rules must be followed and the JavaDoc @author tag must contain only the
  student's u-Kürzel.
  - Keine leere Kachel darf vollständig von Deckung umgeben sein; direkte Nachbarn dürfen nicht alle
   von Deckung belegt sein.
  - The online submission system runs automated Checkstyle checks; certain specially marked
  Checkstyle rules are mandatory and cause a zero-point grade if violated.
  - Interactive user interface must use System.in for input and System.out for output unless
  otherwise specified.
  - Source code must obey a maximum line width of 120 characters.
  - All whitespace rules and naming rules for variables, methods and packages must be followed.
  - Propel action is only available if the ship has a Propulsion module.
  - Solution code must not use Java library elements except the explicitly allowed packages.
  - Solution code must use Java SE 17 only.
  - Appropriate visibilities must be chosen for classes, methods and attributes.
  - Every error message must begin with 'Error,' and must not contain special characters such as
  newlines or umlauts.
  </adaptive_rules>

  <memories>
    - The document 'task.md' describes the assignment 'Abschlussaufgabe 2 — AlphaZeta (AZ)'.
    - The document task.md describes the game AlphaZeta (AZ) set in year 2985 where two AIs (A and
  Z) compete for asteroid resources.
    - The assignment is for the course 'Programmieren'.
    - The document task.md specifies the lecture as 'Programmieren'.
    - The assignment is in 'Sommersemester 2022'.
  </memories>
  <knowledge>
    - Otherwise module destruction is decided via dialog: '<Decider> must select <N> of <Ship>s
  module(s) (separated by comma):' and module choices listed alphabetically.
    - Module destruction is output as '<Ship> looses <Module>' per module in the order of AI
  selection or configuration order.
    - Before module-destroying actions output 'Roll' (actual die roll) and 'Bonus' (difference
  between actual roll and the evaluated attack roll, e.g., reduction from cover).
    - Mark marks any enemy ship until the start of the enemy's turn.
    - A successful action that results in no module destruction prints 'missed' on a new line after
  Bonus.
    - Ramm, Longshot and Strike use an initial attack die roll (six-sided 1–6), minus target cover,
  then apply Shield effect (−1 if target has Shield).
    - Source code must not call System.exit(), Runtime.exit() or similar.
    - Ship destruction is output as '<Ship> was destroyed'.
    - Move target tile must not be occupied by cover or another ship.
    - Source code must not use the default package.
    - Standard input and standard output must never be reassigned.
    - Otherwise a successful action produces no output unless otherwise specified.
    - Module ranges: Engine 1–3; Ramm 1; Longshot 5–6; Strike 1; Mark infinity; Propel 1–3.
    - User input must be handled case-insensitively by the user interface.
    - Do not add any personal data to submissions except the u-Kürzel.
    - When user input does not follow the specified format, an error message must be output.
    - Error messages may be written to System.err instead of System.out.
    - Distanzen werden als Manhattan-Distanz d1 = |xa−xb| + |ya−yb| berechnet; direkte Nachbarn
  haben d1 = 1.
    - Half cover reduces the die roll by 1; full cover reduces by 2.
    - When a ship R is attacked from position P, coverage is computed from the coverings adjacent in
   the direction of P.
    - Ramm may only be used if the attacking ship has no weapon modules.
    - A ship is covered only by its direct neighbors.
    - Move reachability depends only on distance, not on cover or ships on the path.
    - Das Spiel wird mit genau drei Kommandozeilenparametern gestartet.
    - Der Befehl `actions <SHIP>` gibt die in dieser Runde noch nicht verwendeten Aktionen aus
  (alphabetisch sortiert, alle Aktionen mit Großbuchstaben); für Schiffe gegnerischer KIs werden
  alle durch die Module gegebenen Aktionen ausgegeben.
    - Aktions-Schemata: ` <AKTEUR> <AKTION> <ZIEL>` für Aktionen gegen ein Ziel-Raumschiff; `
  <AKTEUR> <AKTION> <X> <Y>` für die Aktionen move und propel.
    - Das Programm muss jederzeit durch Eingabe des Befehls beendet werden.
    - Das Beenden darf nicht über System.exit() oder andere ausgeschlossene Funktionen erfolgen.
    - Automatisierte Tests verwenden `quit` am Ende von Testsequenzen und sind darauf angewiesen.
    - Nur der Konstruktor Random(long seed) darf verwendet werden, um einen neuen
  Zufallszahlengenerator zu instanziieren.
    - Ein Würfelwurf ist immer random.nextInt(6) + 1 zu berechnen.
    - Nur die Methode nextInt(int bound) darf an dieser Random-Instanz verwendet werden.
    - Der Befehl `help` listet alle Befehle des Systems in einer fest vorgegebenen Reihenfolge auf.
    - Für zerstörte Schiffe und Schiffe, die keine Aktionen mehr im Zug ausführen können, muss die
  Meldung `No available actions for <AKTEUR>` ausgegeben werden.
  </knowledge>
  <entity_paths>
    - Abschlussaufgabe 2 — AlphaZeta (AZ) RELATES_TO Sommersemester 2022: The assignment is in
  'Sommersemester 2022'.
    - Program CONSTRAINT quit: Das Programm muss jederzeit durch Eingabe des Befehls beendet werden.
    - Program CONSTRAINT System.exit(): Das Beenden darf nicht über System.exit() oder andere
  ausgeschlossene Funktionen erfolgen.
    - Game implementation CONSTRAINT Random(long seed): Nur der Konstruktor Random(long seed) darf
  verwendet werden, um einen neuen Zufallszahlengenerator zu instanziieren.
    - Game implementation CONSTRAINT single Random instance: Es darf nur eine einzige feste Instanz
  dieses Zufallszahlengenerators verwendet werden.
    - Game implementation CONSTRAINT nextInt call condition: Die Methode nextInt darf nur dann
  aufgerufen werden, wenn tatsächlich ein Würfelwurf durchgeführt wird.
    - AlphaZeta (AZ) RELATES_TO A: AlphaZeta (AZ) includes an artificial intelligence named 'A'.
    - AlphaZeta (AZ) RELATES_TO Z: AlphaZeta (AZ) includes an artificial intelligence named 'A'.
    - AlphaZeta (AZ) RELATES_TO Jahr 2985: The game 'AlphaZeta (AZ)' is set in the year 2985.
    - AlphaZeta (AZ) RELATES_TO A: AlphaZeta (AZ) includes an artificial intelligence named 'A'.
    - A RELATES_TO Asteroidengürtel: AI 'A' is tasked with extracting resources from the asteroid
  belt.
    - AlphaZeta (AZ) RELATES_TO A: AlphaZeta (AZ) includes an artificial intelligence named 'A'.
    - A RELATES_TO Z: The AIs 'A' and 'Z' fight each other (compete).
    - AlphaZeta (AZ) RELATES_TO Z: AlphaZeta (AZ) includes an artificial intelligence named 'A'.
    - Z RELATES_TO Asteroidengürtel: AI 'Z' is tasked with extracting resources from the asteroid
  belt.
  </entity_paths>
  <entity_matches>
    - Abschlussaufgabe 2 — AlphaZeta (AZ) (score: 0.81) — Title of the assignment and game project.
    - Program (score: 0.79) — Die implementierte Spielanwendung
    - Game implementation (score: 0.78) — Code der Spielanwendung
    - 4.9 Aktionen und Würfelmechanik (score: 0.78) — Für *ramm*, *longshot* und *strike* erfolgt
  zunächst ein Angriffswürfelwurf: sechsseitiger Würfel (1–6), abzüglich der Deckung des
  Ziel-Raumschiffs, danach Anwendung des *Shield*-Effekts (−1, falls Ziel hat *Shield*).
    - AlphaZeta (AZ) (score: 0.74) — Game set in year 2985 where two AIs (A and Z) fight over
  asteroid resources.
  </entity_matches>
  <insights>
    - Agent community around Abschlussaufgabe 2 — AlphaZeta (AZ), Sommersemester 2022. Relevant
  agent facts: The document 'task.md' describes the assignment 'Abschlussaufgabe 2 — AlphaZeta
  (AZ)'.; The assignment is in 'Sommersemester 2022'.; The document task.md lists the semester as
  Sommersemester 2022.
    - Agent community around AlphaZeta (AZ), A, Z. Relevant agent facts: AI 'A' is tasked with
  extracting resources from the asteroid belt.; AlphaZeta (AZ) includes an artificial intelligence
  named 'A'.; The AIs 'A' and 'Z' fight each other (compete).
    - Agent community around task.md, Prof. Dr.-Ing. Anne Koziolek, Programmieren connects Institute
   of Information Security and Dependability. Relevant agent facts: The assignment instructor is
  Prof. Dr.-Ing. Anne Koziolek.; The document 'task.md' describes the assignment 'Abschlussaufgabe 2
   — AlphaZeta (AZ)'.; The assignment is for the course 'Programmieren'.
    - Agent community around Abschlussaufgabe 2 — AlphaZeta (AZ), Sommersemester 2022, task.md
  connects 20 Punkte, Version 1.4, Institute of Information Security and Dependability. Relevant
  agent facts: The assignment instructor is Prof. Dr.-Ing. Anne Koziolek.; The document 'task.md'
  describes the assignment 'Abschlussaufgabe 2 — AlphaZeta (AZ)'.; The assignment is for the course
  'Programmieren'.
  </insights>

● adaptive-memory extension active (role=requirements, memorySession=20260725-210644-req) - type
  /memory-help. MCP tools registered (memory=true, backlog=true).







Changes    +0 -0
Duration   1m 39s
Tokens     ↑ 30.2k (1.3k cached) • ↓ 657 (345 reasoning)
[delivery:requirements] Turn 7/11 complete
[delivery:requirements] Turn 8/11: task.md — segment 7/9 — Abschlussaufgabe 2 — AlphaZeta (AZ) > 2 Implementierung von AlphaZeta (AZ) > 2.4 Laufendes Spiel: Alphas und Zetas Zug
● [adaptive-context] GET http://localhost:4444/api/agents/7af7809a-adce-4fa9-9609-fd61059de0ff/sessi
  ons/20260725-210644-req/context?input=Dokument%3A+task.md%0ASegment%3A+7%2F9%0AAbschnitt%3A+Abschl
  ussaufgabe+2+%E2%80%94+AlphaZeta+%28AZ%29+%3E+2+Implementierung+von+AlphaZeta+%28AZ%29+%3E+2.4+Lau
  fendes+Spiel%3A+Alphas+und+Zetas+Zug%0A%0ALies+diesen+Abschnitt+sorgf%C3%A4ltig+und+behalte+den+Ko
  ntext.+Erstelle+noch+keinen+Backlog+und+noch+keine+Tasks.+Warte+damit+bis+zum+abschlie%C3%9Fenden+
  %2Ffinalize.%0A%0A%23%23%23+2.4+Laufendes+Spiel%3A+Alphas+und+Zetas+Zug%0A%0ANachdem+das+Spiel+kon
  figuriert+wurde%2C+kann+mittels+Befehlen+das+Spiel+gesteuert+werden.%0ADie+verschiedenen+Befehle+w
  erden+im+folgenden+erl%C3%A4utert.%0ABeachten+Sie%2C+dass+der+*Quit*-Befehl+von+oben+auch+in+diese
  r+Phase+des+Spiels+weiter+funktionieren+muss%21%0A%0A%23%23%23%23+Befehl%3A+help%0A%0ADer+*help*-B
  efehl+dient+als+%C3%9Cbersicht+%C3%BCber+die+m%C3%B6glichen+Befehle+an+das+System.%0ADie+Ausgabe+d
  es+Befehls+ist+immer+die+Auflistung+aller+Befehle+des+Systems.%0ADie+Reihenfolge+hierbei+ist+fest+
  vorgegeben.%0A%0A%23%23%23%23+Befehl%3A+board%0A%0ADer+*board*-Befehl+zeigt+den+aktuellen+Zustand+
  des+Spielfeldes+an.%0AHierbei+werden+leere+Kacheln+durch+einen+Punkt%2C+Deckung+durch+ihren+jeweil
  igen+Wert+%281+oder+2%29+und+die+Schiffe+der+KIs+durch+ihre+Buchstaben+dargestellt.%0AZerst%C3%B6r
  te+Schiffe+werden+nicht+mehr+angezeigt.%0A%0A%23%23%23%23+Befehl%3A+fleet%0A%0ADer+*fleet*-Befehl+
  listet+den+Zustand+der+Flotten+der+KIs+auf.%0AHierbei+wird+jede+Flotte+mit+dem+Namen+der+KI+eingel
  eitet%3B+z.B.+%60Alpha%27s+fleet%60.%0AAnschlie%C3%9Fend+folgt+die+Auflistung+der+Schiffe+in+feste
  r+Reihenfolge.%0AZuerst+wird+der+Zustand+des+Schiffs+angegeben%3A+%60%3CC%3E%60+steht+f%C3%BCr+ein
  en+*Sammler*%2C+%60%3C-%3E%60+f%C3%BCr+ein+intaktes+Angriffsschiff+und+%60%7EX%7E%60+f%C3%BCr+ein+
  zerst%C3%B6rtes+Schiff.%0AFalls+ein+Schiff+noch+nicht+zerst%C3%B6rt+ist%2C+wird+anschlie%C3%9Fend+
  eine+alphabetisch+sortierte+Liste+der+Module%2C+die+noch+intakt+sind%2C+ausgegeben.%0AModule+werde
  n+nur+mit+Gro%C3%9Fbuchstaben+ausgegeben.%0A%0A%23%23%23%23+Befehl%3A+actions%0A%0ADer+*actions*-B
  efehl+gibt+f%C3%BCr+ein+konkretes+Schiff+diejenigen+Aktionen+aus%2C+die+es+in+dieser+Runde+noch+ni
  cht+verwendet+hat.%0AF%C3%BCr+die+Schiffe+der+gegnerischen+KIs+werden+also+insbesondere+alle+Aktio
  nen+ausgegeben%2C+die+durch+die+jeweiligen+Module+gegeben+sind.%0ADie+Liste+der+Aktionen+ist+hierb
  ei+alphabetisch+sortiert+und+alle+Aktionen+sind+mit+Gro%C3%9Fbuchstaben+auszugeben.%0AF%C3%BCr+zer
  st%C3%B6rte+Schiffe+und+f%C3%BCr+Schiffe%2C+die+keine+Aktionen+mehr+im+Zug+ausf%C3%BChren+k%C3%B6n
  nen%2C+wird+%60No+available+actions+for+%3CAKTEUR%3E%60+ausgegeben.+Hierbei+ist+%60%3CAKTEUR%3E%60
  +der+Platzhalter+f%C3%BCr+den+Namen+eines+Schiffes.%0A%0A%23%23%23%23+Befehl%3A+endturn%0A%0ADer+*
  endturn*-Befehl+beendet+den+Zug+der+aktuellen+KI.%0ADer+Beginn+des+neuen+Zugs+wird+mit+einer+entsp
  rechenden+Einleitung+quittiert%2C+die+Sie+aus+der+Beispielinteraktion+%C3%BCbernehmen+k%C3%B6nnen.
  %0A%0A%23%23%23%23+Aktionen%0A%0AAktionen+k%C3%B6nnen+werden+durch+das+Schema+%60%3CAKTEUR%3E+%3CA
  KTION%3E+%3CZIEL%3E%60+oder+%60%3CAKTEUR%3E+%3CAKTION%3E+%3CX%3E+%3CY%3E%60+ausgef%C3%BChrt+werden
  .%0AHierbei+ist+%60%3CAKTUER%3E%60+ein+Platzhalter+f%C3%BCr+eines+der+Schiffe+der+KI%2C+die+am+Zug
  +ist.%0A%60%3CAKTION%3E%60+ist+ein+Platzhalter%2C+der+die+Aktion+beschreibt%2C+die+das+Schiff+ausf
  %C3%BChren+soll.%0A%60%3CZIEL%3E%60+ist+ein+Platzhalter+f%C3%BCr+ein+gegnerisches+Schiff.%0A%60%3C
  X%3E+%3CY%3E%60+ist+ein+Platzhalter+f%C3%BCr+eine+Koordinate+auf+dem+Spielfeld.%0ASofern+nicht+and
  ers+beschrieben%2C+f%C3%BChrt+eine+Aktion%2C+die+erfolgreich+ist%2C+zu+keiner+Ausgabe.%0A%0AF%C3%B
  Cr+alle+Aktionen%2C+die+gegen+ein+Ziel-Raumschiff+%28vgl.+Tabelle+der+Module%29+ausgef%C3%BChrt+we
  rden%2C+wird+das+erste+Schema+verwendet.%0AF%C3%BCr+die+Aktionen+*move*+und+*propel*+wird+das+zwei
  te+Schema+verwendet.%0A%0AF%C3%BCr+Aktionen%2C+die+Module+zerst%C3%B6ren%2C+wird+zun%C3%A4chst+aus
  gegeben%2C+was+gew%C3%BCrfelt+wurde.%0AHierbei+entspricht+%60Roll%60+dem+tats%C3%A4chlichen+W%C3%B
  Crfelwurf+%28also+Wert+mittels+Zufallszahlengenerator%29.%0A%60Bonus%60+gibt+die+Differenz+zwische
  n+dem+tats%C3%A4chlichen+W%C3%BCrfelwurf+und+dem+Wert+des+Angriffsw%C3%BCrfelwurfs+an%2C+der+gewer
  tet+wird+%28also+z.B.+den+Abzug+durch+Deckung%29.%0A%0AFalls+alle+Module+eines+Schiffs+durch+den+A
  ngriff+zerst%C3%B6rt+werden+oder+alle+Module+bis+auf+die+*Engine*+zerst%C3%B6rt+werden%2C+wird+nic
  ht+nachgefragt%2C+welche+Module+eines+Schiffes+zerst%C3%B6rt+werden.%0AAls+Reihenfolge+f%C3%BCr+di
  e+Ausgabe+der+Zerst%C3%B6rung+der+Module+wird+hierbei+die+Reihenfolge%2C+in+der+die+Module+zum+Rau
  mschiff+in+der+Konfigurationsphase+hinzugef%C3%BCgt+wurden%2C+verwendet.%0AFalls+ein+Schiff+nur+gl
  eiche+Zusatzmodule+hat+und+somit+nur+eine+Modulart+zerst%C3%B6rt+werden+kann%2C+wird+auch+nicht+na
  chgefragt%2C+welches+der+Module+zerst%C3%B6rt+wird.%0AAnsonsten+wird+%C3%BCber+ein+Dialogsystem+en
  tschieden%2C+welche+Module+zerst%C3%B6rt+werden.%0ADer+Text+zur+Aufforderung+ist+immer+nach+folgen
  dem+Schema+aufgebaut%3A+%60%3CDecider%3E+must+select+%3CN%3E+of+%3CShip%3Es+module%28s%29+%28separ
  ated+by+comma%29%3A%60%0AHierbei+ist+%60%3CDecider%3E%60+der+Platzhalter+f%C3%BCr+den+Namen+der+KI
  %2C+die+entscheidet%2C+welche+Module+zerst%C3%B6rt+werden.%0A%60%3CN%3E%60+ist+ein+Platzhalter+f%C
  3%BCr+die+Anzahl+der+zu+w%C3%A4hlenden+Module.%0A%60%3CShip%3E%60+ist+der+Platzhalter+f%C3%BCr+den
  +Namen+des+betroffenen+Schiffs.%0ASollte+w%C3%A4hrend+des+Dialogs+eine+falsche+Auswahl+getroffen+w
  erden%2C+wird+eine+Fehlermeldung+ausgegeben+und+auf+eine+erneute+Eingabe+gewartet.%0AEs+wird+in+di
  esem+Fall+insbesondere+*nicht*+nochmals+der+einleitende+Text+ausgegeben.%0ADie+Auflistung+der+zur+
  Wahl+stehenden+Module+erfolgt+in+alphabetischer+Reihenfolge.%0A%0AWerden+Module+zerst%C3%B6rt%2C+s
  o+wird+dies+f%C3%BCr+jedes+Modul+vom+System+durch+%60%3CShip%3E+looses+%3CModule%3E%60+als+Meldung
  .%0AHierbei+ist+%60%3CModule%3E%60+ein+Platzhalter+f%C3%BCr+den+Namen+des+zerst%C3%B6rten+Moduls+%
  28bestehend+aus+nur+Gro%C3%9Fbuchstaben%29.%0ADie+Reihenfolge+der+Ausgabe+bei+mehreren+zerst%C3%B6
  rten+Modulen+wird+hierbei+durch+die+Reihenfolge+der+Auswahl+der+KI+bestimmt.%0AWird+also+in+der+Au
  swahl+entschieden%2C+dass+%60SWORD%2CSHIELD%60+zerst%C3%B6rt+werden+soll%2C+wird+zuerst+die+Meldun
  g+f%C3%BCr+%60SWORD%60+und+danach+die+andere+Meldung+ausgegeben.%0ABeachten+Sie%3A+Falls+ein+Modul
  +eines+Schiffes+zerst%C3%B6rt+wird%2C+das+Schiff+aber+mehrere+Module+dieses+Typs+noch+besitzt%2C+s
  o+wird+das+erste+dieser+Module+zerst%C3%B6rt.+Die+Reihenfolge+wird+hierbei+durch+die+Auswahl+der+K
  Is+zu+Spielbeginn+definiert.+Dies+ist+wichtig%2C+damit+Sie+entscheiden+k%C3%B6nnen%2C+in+welcher+R
  eihenfolge+Module+zerst%C3%B6rt+werden%2C+falls+in+einem+sp%C3%A4teren+Spielzug+keine+Entscheidung
  +der+KIs+mehr+n%C3%B6tig+ist%2C+sondern+Module+direkt+zerst%C3%B6rt+werden.+Beispiel%3A+Ein+Schiff
  +%60B%60+hat+die+Module+%60ENGINE%2CSWORD%2CSENSOR%2CSWORD%60+und+ein+%60SWORD%60-Modul+wird+zerst
  %C3%B6rt%2C+so+hat+das+Schiff+danach+noch+die+Module+%60ENGINE%2CSENSOR%2CSWORD%60+und+zwar+genau+
  in+dieser+Reihenfolge.+Falls+%60B%60+in+einem+folgenden+Zug+von+einer+%60Railgun%60+z.B.+kritisch+
  getroffen+wird%2C+so+verliert+das+Schiff+automatisch+die+Module+%60SENSOR%60+und+%60SWORD%60+in+di
  eser+Reihenfolge.%0A%0AWird+ein+Schiff+durch+das+zerst%C3%B6ren+der+Module+zerst%C3%B6rt%2C+quitti
  ert+dies+das+System+mit+%60%3CShip%3E+was+destroyed%60+als+Ausgabe.%0A%0AFalls+durch+den+Angriff+k
  ein+Modul+des+Ziels+zerst%C3%B6rt+wird%2C+wird+direkt+nach+der+Ausgabe+des+Bonus+in+einer+neuen+Ze
  ile+die+Nachricht+%60missed%60+ausgegeben.%0A%0ABeachten+Sie+hier+insbesondere+die+Aktion+*ramm*.%
  0AF%C3%BCr+den+Fall%2C+dass+der+Akteur+ein+Modul+verliert%2C+wird+die+gleiche+Abfrage+wie+sonst+ve
  rwendet+%28falls+n%C3%B6tig%29.%0AAuch+die+Ausgabe+der+verloren+Module+erfolgt+auf+die+%C3%BCblich
  e+weise.&project=ProgrammingST22-Final2&role=requirements&task=Understand+the+st22final02+and+crea
  te+its+backlog+when+prompted.&timestamp=2026-07-25T19%3A10%3A36.756Z&domain=st22final02

● Injected adaptive memory context into system prompt

● <adaptive_rules>
  - Das Spielfeld wird durch eine Zeichenfolge konfiguriert: '.' freie Feld, '1' halbe Deckung, '2'
  volle Deckung, Buchstaben (A,B,C,D,Z,W,X,Y) für Raumschiffe.
  - A successful action that results in no module destruction prints 'missed' on a new line after
  Bonus.
  - Before module-destroying actions output 'Roll' (actual die roll) and 'Bonus' (difference between
   actual roll and the evaluated attack roll, e.g., reduction from cover).
  - Module destruction is output as '<Ship> looses <Module>' per module in the order of AI selection
   or configuration order.
  - Otherwise a successful action produces no output unless otherwise specified.
  - Ship destruction is output as '<Ship> was destroyed'.
  - For non-destroyed ships in the 'fleet' output list the remaining intact modules alphabetically,
  modules shown in uppercase letters.
  - The 'board' command displays the board with '.' for empty tiles, cover values '1' or '2', and
  letters for ships; destroyed ships are not displayed.
  - The 'fleet' command lists fleets per AI (e.g., 'Alpha's fleet') and for each ship prints a state
   indicator: '<C>' for Sammler, '<->' for intact attack ship, '~X~' for destroyed ship.
  - Always destroy auxiliary modules first (for Sammler: Container modules) and then the Engine.
  - If a ship has multiple modules of the same type, destroying one module of that type always
  removes the first such module (configuration order).
  - If a ship has only identical auxiliary modules (only one module type destructible), no dialog is
   requested.
  - If all modules or all but the Engine of a ship are destroyed, no dialog is requested; output
  order equals module addition order from configuration phase.
  - On a hit the attacked AI decides module removal; on a critical hit or marked target the
  attacking AI decides.
  - On dialog input errors show an error message and request re-input; do not repeat the initial
  prompt text.
  - Über Dialogsystem wird entschieden. Wahltext: `<Decider> must select <N> of <Ship>s module(s)
  (separated by comma):` Die Auflistung der zur Wahl stehenden Module erfolgt in alphabetischer
  Reihenfolge.
  - Die Zeichenfolge beschreibt das Spielfeld zeilenweise (links nach rechts, oben nach unten).
  - Pro Flotte darf maximal 1 Sensor-Modul vorhanden sein.
  - Die Deckungen auf dem Spielfeld müssen achsensymmetrisch bezüglich der Südwest-Nordost-Achse
  sein (Schiffe sind ausgenommen).
  - After printing an error message the program must continue and wait for the next input.
  - Die Aktion 'ramm' darf pro Schiff pro Zug nur einmal eingesetzt werden.
  - Pro Zug kann die Aktion eines Moduls nur einmal eingesetzt werden; bei mehreren Modulen gleichen
   Typs kann die Aktion je Modul einmal ausgeführt werden.
  - Die Methode nextInt darf nur dann aufgerufen werden, wenn tatsächlich ein Würfelwurf
  durchgeführt wird.
  - Es darf nur eine einzige feste Instanz dieses Zufallszahlengenerators verwendet werden.
  - Anzahl der Waffen-Module pro Raumschiff darf höchstens 2 betragen.
  - Maximal 1 Propulsion-Modul pro Raumschiff zulässig.
  - Maximal 1 Rail Gun-Modul pro Raumschiff zulässig.
  - Maximal 1 Shield-Modul pro Raumschiff zulässig.
  - Das Spiel endet, sobald ein Sammler (`Sammler`) zerstört wurde; gewonnen hat die KI, deren
  Sammler nicht zerstört wurde; das System gibt aus, welche KI gewonnen hat und beendet das Spiel.
  - Für ein 5×5-Spielfeld werden 25 Zeichen erwartet; die ersten 5 Zeichen sind die oberste Reihe.
  - Bei den übrigen Raumschiffen ist das erste Modul immer ein Antrieb (Engine).
  - Source code must be written in English and comments must be consistently either English or
  German.
  - Submission for AlphaZeta is automatically graded with zero points if any of the mandatory rules
  are violated; mandatory tests must be passed before other tests are evaluated.
  - Submitted source code must compile without errors.
  - Bei ungültiger Spielfeld-Eingabe wird eine Fehlermeldung ausgegeben und auf erneute Eingabe
  gewartet; die einleitende Aufforderung wird nicht wiederholt.
  - Koordinaten sind (x,y) mit (0,0) oben links und (l-1,l-1) unten rechts.
  - Keine leere Kachel darf vollständig von Deckung umgeben sein; direkte Nachbarn dürfen nicht alle
   von Deckung belegt sein.
  - Ein Sammler hat genau einen Engine-Antrieb und sonst nur das Spezialmodul Container.
  - Der dritte Parameter (Container) ist die Anzahl der Container-Module der Sammler und muss im
  Intervall [0,3] liegen.
  - Program output must exactly match the specification including letter case, spaces and line
  breaks.
  - Programs must print only the information specified in the assignment and no additional
  information.
  - Source code must obey a maximum line width of 120 characters.
  - Fehlerhafte Modulkonfigurationen sollen frühestmöglich erkannt werden; bei Erkennung
  Fehlermeldung ausgeben und Abfrage für dieses Schiff wiederholen; korrekt konfigurierte frühere
  Schiffe bleiben unverändert.
  - Propel action is only available if the ship has a Propulsion module.
  - Submit your *.java files for task A individually with the correct folder structure in the
  designated directory.
  - Die Seitenlänge (zweiter Parameter) muss mindestens 5 und ungerade sein.
  - The online submission system runs automated Checkstyle checks; certain specially marked
  Checkstyle rules are mandatory and cause a zero-point grade if violated.
  - JavaDoc documentation rules must be followed and the JavaDoc @author tag must contain only the
  student's u-Kürzel.
  - Distanzen werden als Manhattan-Distanz d1 = |xa−xb| + |ya−yb| berechnet; direkte Nachbarn haben
  d1 = 1.
  - All whitespace rules and naming rules for variables, methods and packages must be followed.
  </adaptive_rules>

  <memories>
    - The document 'task.md' describes the assignment 'Abschlussaufgabe 2 — AlphaZeta (AZ)'.
    - The document task.md describes the game AlphaZeta (AZ) set in year 2985 where two AIs (A and
  Z) compete for asteroid resources.
    - The assignment is for the course 'Programmieren'.
    - The document task.md specifies the lecture as 'Programmieren'.
    - The game 'AlphaZeta (AZ)' is set in the year 2985.
    - The assignment is in 'Sommersemester 2022'.
    - The document task.md lists the semester as Sommersemester 2022.
  </memories>
  <knowledge>
    - Otherwise module destruction is decided via dialog: '<Decider> must select <N> of <Ship>s
  module(s) (separated by comma):' and module choices listed alphabetically.
    - Mark marks any enemy ship until the start of the enemy's turn.
    - Ramm may only be used if the attacking ship has no weapon modules.
    - Every hit against a marked ship counts as a critical hit.
    - Ramm, Longshot and Strike use an initial attack die roll (six-sided 1–6), minus target cover,
  then apply Shield effect (−1 if target has Shield).
    - Move target tile must not be occupied by cover or another ship.
    - Module ranges: Engine 1–3; Ramm 1; Longshot 5–6; Strike 1; Mark infinity; Propel 1–3.
    - If the attack die roll for Ramm is ≤ 1, damage to A counts as a hit.
    - When a ship R is attacked from position P, coverage is computed from the coverings adjacent in
   the direction of P.
    - Move requires no attack die roll.
    - Mark requires no attack die roll.
    - Half cover reduces the die roll by 1; full cover reduces by 2.
    - A ship is covered only by its direct neighbors.
    - Solution code must use Java SE 17 only.
    - Solution code must not use Java library elements except the explicitly allowed packages.
    - Appropriate visibilities must be chosen for classes, methods and attributes.
    - Source code must not call System.exit(), Runtime.exit() or similar.
    - Interactive user interface must use System.in for input and System.out for output unless
  otherwise specified.
    - Source code must not use the default package.
    - Der erste Parameter (Seed) muss im Intervall [INT_MIN, INT_MAX] liegen.
    - Standard input and standard output must never be reassigned.
    - User input must be handled case-insensitively by the user interface.
    - Do not add any personal data to submissions except the u-Kürzel.
    - When user input does not follow the specified format, an error message must be output.
    - Error messages may be written to System.err instead of System.out.
    - Move reachability depends only on distance, not on cover or ships on the path.
    - Coverage value is the maximum (by absolute reduction) of the affected coverings.
    - Every error message must begin with 'Error,' and must not contain special characters such as
  newlines or umlauts.
    - Der Befehl `actions <SHIP>` gibt die in dieser Runde noch nicht verwendeten Aktionen aus
  (alphabetisch sortiert, alle Aktionen mit Großbuchstaben); für Schiffe gegnerischer KIs werden
  alle durch die Module gegebenen Aktionen ausgegeben.
    - Aktions-Schemata: ` <AKTEUR> <AKTION> <ZIEL>` für Aktionen gegen ein Ziel-Raumschiff; `
  <AKTEUR> <AKTION> <X> <Y>` für die Aktionen move und propel.
    - Für zerstörte Schiffe und Schiffe, die keine Aktionen mehr im Zug ausführen können, muss die
  Meldung `No available actions for <AKTEUR>` ausgegeben werden.
    - Das Programm muss jederzeit durch Eingabe des Befehls beendet werden.
    - Das Beenden darf nicht über System.exit() oder andere ausgeschlossene Funktionen erfolgen.
    - Automatisierte Tests verwenden `quit` am Ende von Testsequenzen und sind darauf angewiesen.
    - Das Spiel wird mit genau drei Kommandozeilenparametern gestartet.
    - Der Befehl `help` listet alle Befehle des Systems in einer fest vorgegebenen Reihenfolge auf.
    - Ein Würfelwurf ist immer random.nextInt(6) + 1 zu berechnen.
    - Nur der Konstruktor Random(long seed) darf verwendet werden, um einen neuen
  Zufallszahlengenerator zu instanziieren.
    - Nur die Methode nextInt(int bound) darf an dieser Random-Instanz verwendet werden.
  </knowledge>
  <entity_paths>
    - actions RELATES_TO Actions output rules: Der Befehl `actions <SHIP>` gibt die in dieser Runde
  noch nicht verwendeten Aktionen aus (alphabetisch sortiert, alle Aktionen mit Großbuchstaben); für
   Schiffe gegnerischer KIs werden alle durch die Module gegebenen Aktionen ausgegeben.
    - actions CONSTRAINT No available actions for <AKTEUR>: Für zerstörte Schiffe und Schiffe, die
  keine Aktionen mehr im Zug ausführen können, muss die Meldung `No available actions for <AKTEUR>`
  ausgegeben werden.
    - Abschlussaufgabe 2 — AlphaZeta (AZ) RELATES_TO Sommersemester 2022: The assignment is in
  'Sommersemester 2022'.
  </entity_paths>
  <entity_matches>
    - 4.13 Befehl `board` und `fleet` Format (score: 0.83) — Bei nicht zerstörten Schiffen folgt die
   alphabetisch sortierte Liste der noch intakten Module. Module werden nur mit Großbuchstaben
  ausgegeben.
    - 4.11 Modul-Zerstörung (score: 0.82) — Hat ein Schiff mehrere Module desselben Typs, so wird
  beim Zerstören eines Moduls dieses Typs immer das erste solche Modul zerstört (Reihenfolge wie zu
  Spielbeginn konfiguriert).
    - 4.9 Aktionen und Würfelmechanik (score: 0.82) — Für *ramm*, *longshot* und *strike* erfolgt
  zunächst ein Angriffswürfelwurf: sechsseitiger Würfel (1–6), abzüglich der Deckung des
  Ziel-Raumschiffs, danach Anwendung des *Shield*-Effekts (−1, falls Ziel hat *Shield*).
    - actions (score: 0.81) — Konsolenbefehl zur Abfrage verfügbarer Aktionen eines Schiffs
    - Abschlussaufgabe 2 — AlphaZeta (AZ) (score: 0.74) — Title of the assignment and game project.
  </entity_matches>
  <insights>
    - Agent community around Abschlussaufgabe 2 — AlphaZeta (AZ), Sommersemester 2022. Relevant
  agent facts: The document 'task.md' describes the assignment 'Abschlussaufgabe 2 — AlphaZeta
  (AZ)'.; The assignment is in 'Sommersemester 2022'.; The document task.md lists the semester as
  Sommersemester 2022.
    - Agent community around task.md, Prof. Dr.-Ing. Anne Koziolek, Programmieren connects Institute
   of Information Security and Dependability. Relevant agent facts: The assignment instructor is
  Prof. Dr.-Ing. Anne Koziolek.; The document 'task.md' describes the assignment 'Abschlussaufgabe 2
   — AlphaZeta (AZ)'.; The assignment is for the course 'Programmieren'.
    - Agent community around AlphaZeta (AZ) connects A, Asteroidengürtel, Z, Jahr 2985. Relevant
  agent facts: AI 'A' is tasked with extracting resources from the asteroid belt.; AlphaZeta (AZ)
  includes an artificial intelligence named 'A'.; The AIs 'A' and 'Z' fight each other (compete).
    - Agent community around Abschlussaufgabe 2 — AlphaZeta (AZ), Sommersemester 2022, task.md
  connects 20 Punkte, Version 1.4, Institute of Information Security and Dependability. Relevant
  agent facts: The assignment instructor is Prof. Dr.-Ing. Anne Koziolek.; The document 'task.md'
  describes the assignment 'Abschlussaufgabe 2 — AlphaZeta (AZ)'.; The assignment is for the course
  'Programmieren'.
  </insights>

● adaptive-memory extension active (role=requirements, memorySession=20260725-210644-req) - type
  /memory-help. MCP tools registered (memory=true, backlog=true).







Changes    +0 -0
Duration   1m 59s
Tokens     ↑ 32.3k (1.3k cached) • ↓ 937 (450 reasoning)
[delivery:requirements] Turn 8/11 complete
[delivery:requirements] Turn 9/11: task.md — segment 8/9 — Abschlussaufgabe 2 — AlphaZeta (AZ) > 2 Implementierung von AlphaZeta (AZ) > 2.5 Ende des Spiels: Spielzusammenfassung
● [adaptive-context] GET
  http://localhost:4444/api/agents/7af7809a-adce-4fa9-9609-fd61059de0ff/sessions/20260725-210644-req
  /context?input=Dokument%3A+task.md%0ASegment%3A+8%2F9%0AAbschnitt%3A+Abschlussaufgabe+2+%E2%80%94+
  AlphaZeta+%28AZ%29+%3E+2+Implementierung+von+AlphaZeta+%28AZ%29+%3E+2.5+Ende+des+Spiels%3A+Spielzu
  sammenfassung%0A%0ALies+diesen+Abschnitt+sorgf%C3%A4ltig+und+behalte+den+Kontext.+Erstelle+noch+ke
  inen+Backlog+und+noch+keine+Tasks.+Warte+damit+bis+zum+abschlie%C3%9Fenden+%2Ffinalize.%0A%0A%23%2
  3%23+2.5+Ende+des+Spiels%3A+Spielzusammenfassung%0A%0AWird+das+Spiel+durch+das+Zerst%C3%B6ren+eine
  s+Sammlers+beendet%2C+wird+noch+ausgegeben%2C+welche+der+KIs+gewonnen+hat+und+anschlie%C3%9Fend+da
  s+Spiel+beendet.&project=ProgrammingST22-Final2&role=requirements&task=Understand+the+st22final02+
  and+create+its+backlog+when+prompted.&timestamp=2026-07-25T19%3A10%3A57.019Z&domain=st22final02

● Injected adaptive memory context into system prompt

● <adaptive_rules>
  - Das Spiel endet, sobald ein Sammler (`Sammler`) zerstört wurde; gewonnen hat die KI, deren
  Sammler nicht zerstört wurde; das System gibt aus, welche KI gewonnen hat und beendet das Spiel.
  - Source code must be written in English and comments must be consistently either English or
  German.
  - Submission for AlphaZeta is automatically graded with zero points if any of the mandatory rules
  are violated; mandatory tests must be passed before other tests are evaluated.
  - Submitted source code must compile without errors.
  - Das Spielfeld wird durch eine Zeichenfolge konfiguriert: '.' freie Feld, '1' halbe Deckung, '2'
  volle Deckung, Buchstaben (A,B,C,D,Z,W,X,Y) für Raumschiffe.
  - Program output must exactly match the specification including letter case, spaces and line
  breaks.
  - Programs must print only the information specified in the assignment and no additional
  information.
  - Die Zeichenfolge beschreibt das Spielfeld zeilenweise (links nach rechts, oben nach unten).
  - Fehlerhafte Modulkonfigurationen sollen frühestmöglich erkannt werden; bei Erkennung
  Fehlermeldung ausgeben und Abfrage für dieses Schiff wiederholen; korrekt konfigurierte frühere
  Schiffe bleiben unverändert.
  - Submit your *.java files for task A individually with the correct folder structure in the
  designated directory.
  - Bei ungültiger Spielfeld-Eingabe wird eine Fehlermeldung ausgegeben und auf erneute Eingabe
  gewartet; die einleitende Aufforderung wird nicht wiederholt.
  - Der dritte Parameter (Container) ist die Anzahl der Container-Module der Sammler und muss im
  Intervall [0,3] liegen.
  - The online submission system runs automated Checkstyle checks; certain specially marked
  Checkstyle rules are mandatory and cause a zero-point grade if violated.
  - Pro Zug kann die Aktion eines Moduls nur einmal eingesetzt werden; bei mehreren Modulen gleichen
   Typs kann die Aktion je Modul einmal ausgeführt werden.
  - JavaDoc documentation rules must be followed and the JavaDoc @author tag must contain only the
  student's u-Kürzel.
  - Für ein 5×5-Spielfeld werden 25 Zeichen erwartet; die ersten 5 Zeichen sind die oberste Reihe.
  - Die Seitenlänge (zweiter Parameter) muss mindestens 5 und ungerade sein.
  - Die Deckungen auf dem Spielfeld müssen achsensymmetrisch bezüglich der Südwest-Nordost-Achse
  sein (Schiffe sind ausgenommen).
  - Keine leere Kachel darf vollständig von Deckung umgeben sein; direkte Nachbarn dürfen nicht alle
   von Deckung belegt sein.
  - After printing an error message the program must continue and wait for the next input.
  - Pro Flotte darf maximal 1 Sensor-Modul vorhanden sein.
  - A successful action that results in no module destruction prints 'missed' on a new line after
  Bonus.
  - Before module-destroying actions output 'Roll' (actual die roll) and 'Bonus' (difference between
   actual roll and the evaluated attack roll, e.g., reduction from cover).
  - Module destruction is output as '<Ship> looses <Module>' per module in the order of AI selection
   or configuration order.
  - Otherwise a successful action produces no output unless otherwise specified.
  - Ship destruction is output as '<Ship> was destroyed'.
  - Always destroy auxiliary modules first (for Sammler: Container modules) and then the Engine.
  - If a ship has multiple modules of the same type, destroying one module of that type always
  removes the first such module (configuration order).
  - If a ship has only identical auxiliary modules (only one module type destructible), no dialog is
   requested.
  - If all modules or all but the Engine of a ship are destroyed, no dialog is requested; output
  order equals module addition order from configuration phase.
  - On a hit the attacked AI decides module removal; on a critical hit or marked target the
  attacking AI decides.
  - On dialog input errors show an error message and request re-input; do not repeat the initial
  prompt text.
  - Über Dialogsystem wird entschieden. Wahltext: `<Decider> must select <N> of <Ship>s module(s)
  (separated by comma):` Die Auflistung der zur Wahl stehenden Module erfolgt in alphabetischer
  Reihenfolge.
  - Source code must obey a maximum line width of 120 characters.
  - All whitespace rules and naming rules for variables, methods and packages must be followed.
  - For non-destroyed ships in the 'fleet' output list the remaining intact modules alphabetically,
  modules shown in uppercase letters.
  - The 'board' command displays the board with '.' for empty tiles, cover values '1' or '2', and
  letters for ships; destroyed ships are not displayed.
  - The 'fleet' command lists fleets per AI (e.g., 'Alpha's fleet') and for each ship prints a state
   indicator: '<C>' for Sammler, '<->' for intact attack ship, '~X~' for destroyed ship.
  - Anzahl der Waffen-Module pro Raumschiff darf höchstens 2 betragen.
  - Maximal 1 Propulsion-Modul pro Raumschiff zulässig.
  - Maximal 1 Rail Gun-Modul pro Raumschiff zulässig.
  - Maximal 1 Shield-Modul pro Raumschiff zulässig.
  - Interactive user interface must use System.in for input and System.out for output unless
  otherwise specified.
  - Der erste Parameter (Seed) muss im Intervall [INT_MIN, INT_MAX] liegen.
  - Do not add any personal data to submissions except the u-Kürzel.
  - Every hit against a marked ship counts as a critical hit.
  - If the attack die roll for Ramm is ≤ 1, damage to A counts as a hit.
  - Mark marks any enemy ship until the start of the enemy's turn.
  - Mark requires no attack die roll.
  - Module ranges: Engine 1–3; Ramm 1; Longshot 5–6; Strike 1; Mark infinity; Propel 1–3.
  </adaptive_rules>

  <memories>
    - The document 'task.md' describes the assignment 'Abschlussaufgabe 2 — AlphaZeta (AZ)'.
    - The document task.md describes the game AlphaZeta (AZ) set in year 2985 where two AIs (A and
  Z) compete for asteroid resources.
    - The assignment is for the course 'Programmieren'.
    - The document task.md specifies the lecture as 'Programmieren'.
    - The game 'AlphaZeta (AZ)' is set in the year 2985.
    - The assignment is in 'Sommersemester 2022'.
  </memories>
  <knowledge>
    - Otherwise module destruction is decided via dialog: '<Decider> must select <N> of <Ship>s
  module(s) (separated by comma):' and module choices listed alphabetically.
    - Source code must not call System.exit(), Runtime.exit() or similar.
    - Die Methode nextInt darf nur dann aufgerufen werden, wenn tatsächlich ein Würfelwurf
  durchgeführt wird.
    - Solution code must not use Java library elements except the explicitly allowed packages.
    - Bei den übrigen Raumschiffen ist das erste Modul immer ein Antrieb (Engine).
    - Ein Sammler hat genau einen Engine-Antrieb und sonst nur das Spezialmodul Container.
    - Appropriate visibilities must be chosen for classes, methods and attributes.
    - Solution code must use Java SE 17 only.
    - Es darf nur eine einzige feste Instanz dieses Zufallszahlengenerators verwendet werden.
    - Source code must not use the default package.
    - Standard input and standard output must never be reassigned.
    - User input must be handled case-insensitively by the user interface.
    - When user input does not follow the specified format, an error message must be output.
    - Move target tile must not be occupied by cover or another ship.
    - Die Aktion 'ramm' darf pro Schiff pro Zug nur einmal eingesetzt werden.
    - Aktions-Schemata: ` <AKTEUR> <AKTION> <ZIEL>` für Aktionen gegen ein Ziel-Raumschiff; `
  <AKTEUR> <AKTION> <X> <Y>` für die Aktionen move und propel.
    - Der Befehl `actions <SHIP>` gibt die in dieser Runde noch nicht verwendeten Aktionen aus
  (alphabetisch sortiert, alle Aktionen mit Großbuchstaben); für Schiffe gegnerischer KIs werden
  alle durch die Module gegebenen Aktionen ausgegeben.
    - Das Programm muss jederzeit durch Eingabe des Befehls beendet werden.
    - Das Beenden darf nicht über System.exit() oder andere ausgeschlossene Funktionen erfolgen.
    - Automatisierte Tests verwenden `quit` am Ende von Testsequenzen und sind darauf angewiesen.
    - Das Spiel wird mit genau drei Kommandozeilenparametern gestartet.
  </knowledge>
  <entity_paths>
    - Abschlussaufgabe 2 — AlphaZeta (AZ) RELATES_TO Sommersemester 2022: The assignment is in
  'Sommersemester 2022'.
    - AlphaZeta (AZ) RELATES_TO A: AlphaZeta (AZ) includes an artificial intelligence named 'A'.
    - AlphaZeta (AZ) RELATES_TO Z: AlphaZeta (AZ) includes an artificial intelligence named 'A'.
    - AlphaZeta (AZ) RELATES_TO Jahr 2985: The game 'AlphaZeta (AZ)' is set in the year 2985.
    - task.md RELATES_TO Prof. Dr.-Ing. Anne Koziolek: The assignment instructor is Prof. Dr.-Ing.
  Anne Koziolek.; The document task.md names the instructor as Prof. Dr.-Ing. Anne Koziolek.
    - task.md RELATES_TO Abschlussaufgabe 2 — AlphaZeta (AZ): The document 'task.md' describes the
  assignment 'Abschlussaufgabe 2 — AlphaZeta (AZ)'.
    - task.md RELATES_TO AlphaZeta (AZ): The document task.md describes the game AlphaZeta (AZ) set
  in year 2985 where two AIs (A and Z) compete for asteroid resources.
    - task.md RELATES_TO Programmieren: The assignment is for the course 'Programmieren'.; The
  document task.md specifies the lecture as 'Programmieren'.
    - task.md RELATES_TO Sommersemester 2022: The document task.md lists the semester as
  Sommersemester 2022.
    - task.md RELATES_TO 20 Punkte: The assignment is worth 20 points.; The document task.md sets
  the assignment weight to 20 points.
    - task.md RELATES_TO Version 1.4: The assignment document lists version '1.4'.; The document
  task.md is version 1.4.
    - task.md RELATES_TO Institute of Information Security and Dependability: The assignment group
  is 'Institute of Information Security and Dependability'.; The document task.md associates the
  assignment with the Institute of Information Security and Dependability group.
    - Z RELATES_TO Asteroidengürtel: AI 'Z' is tasked with extracting resources from the asteroid
  belt.
    - AlphaZeta (AZ) RELATES_TO A: AlphaZeta (AZ) includes an artificial intelligence named 'A'.
    - A RELATES_TO Asteroidengürtel: AI 'A' is tasked with extracting resources from the asteroid
  belt.
    - AlphaZeta (AZ) RELATES_TO A: AlphaZeta (AZ) includes an artificial intelligence named 'A'.
    - A RELATES_TO Z: The AIs 'A' and 'Z' fight each other (compete).
    - AlphaZeta (AZ) RELATES_TO Z: AlphaZeta (AZ) includes an artificial intelligence named 'A'.
    - Z RELATES_TO Asteroidengürtel: AI 'Z' is tasked with extracting resources from the asteroid
  belt.
    - task.md RELATES_TO Abschlussaufgabe 2 — AlphaZeta (AZ): The document 'task.md' describes the
  assignment 'Abschlussaufgabe 2 — AlphaZeta (AZ)'.
    - Abschlussaufgabe 2 — AlphaZeta (AZ) RELATES_TO Sommersemester 2022: The assignment is in
  'Sommersemester 2022'.
    - task.md RELATES_TO AlphaZeta (AZ): The document task.md describes the game AlphaZeta (AZ) set
  in year 2985 where two AIs (A and Z) compete for asteroid resources.
    - AlphaZeta (AZ) RELATES_TO A: AlphaZeta (AZ) includes an artificial intelligence named 'A'.
    - task.md RELATES_TO AlphaZeta (AZ): The document task.md describes the game AlphaZeta (AZ) set
  in year 2985 where two AIs (A and Z) compete for asteroid resources.
    - AlphaZeta (AZ) RELATES_TO Z: AlphaZeta (AZ) includes an artificial intelligence named 'A'.
    - task.md RELATES_TO AlphaZeta (AZ): The document task.md describes the game AlphaZeta (AZ) set
  in year 2985 where two AIs (A and Z) compete for asteroid resources.
    - AlphaZeta (AZ) RELATES_TO Jahr 2985: The game 'AlphaZeta (AZ)' is set in the year 2985.
  </entity_paths>
  <entity_matches>
    - Abschlussaufgabe 2 — AlphaZeta (AZ) (score: 0.85) — Title of the assignment and game project.
    - AlphaZeta (AZ) (score: 0.75) — Game set in year 2985 where two AIs (A and Z) fight over
  asteroid resources.
    - task.md (score: 0.70) — Assignment document containing the AlphaZeta (AZ) specification
  (section 1/9).
    - Z (score: 0.70) — One of two named AIs in the game.
    - 20 Punkte (score: 0.69) — Point value assigned to the task.
  </entity_matches>
  <insights>
    - Agent community around Abschlussaufgabe 2 — AlphaZeta (AZ), Sommersemester 2022. Relevant
  agent facts: The document 'task.md' describes the assignment 'Abschlussaufgabe 2 — AlphaZeta
  (AZ)'.; The assignment is in 'Sommersemester 2022'.; The document task.md lists the semester as
  Sommersemester 2022.
    - Agent community around AlphaZeta (AZ), Z, A. Relevant agent facts: AI 'A' is tasked with
  extracting resources from the asteroid belt.; AlphaZeta (AZ) includes an artificial intelligence
  named 'A'.; The AIs 'A' and 'Z' fight each other (compete).
    - Agent community around task.md, 20 Punkte, Prof. Dr.-Ing. Anne Koziolek connects Institute of
  Information Security and Dependability. Relevant agent facts: The assignment instructor is Prof.
  Dr.-Ing. Anne Koziolek.; The document 'task.md' describes the assignment 'Abschlussaufgabe 2 —
  AlphaZeta (AZ)'.; The assignment is for the course 'Programmieren'.
    - Agent community around Abschlussaufgabe 2 — AlphaZeta (AZ), task.md, 20 Punkte connects
  Programmieren, Version 1.4, Institute of Information Security and Dependability. Relevant agent
  facts: The assignment instructor is Prof. Dr.-Ing. Anne Koziolek.; The document 'task.md'
  describes the assignment 'Abschlussaufgabe 2 — AlphaZeta (AZ)'.; The assignment is for the course
  'Programmieren'.
  </insights>

● adaptive-memory extension active (role=requirements, memorySession=20260725-210644-req) - type
  /memory-help. MCP tools registered (memory=true, backlog=true).







Changes    +0 -0
Duration   2m 11s
Tokens     ↑ 33.2k (1.3k cached) • ↓ 102 (49 reasoning)
[delivery:requirements] Turn 9/11 complete
[delivery:requirements] Turn 10/11: examples.md — segment 9/9 — Beispiele — Abschlussaufgabe 2 (AlphaZeta)
● [adaptive-context] GET http://localhost:4444/api/agents/7af7809a-adce-4fa9-9609-fd61059de0ff/sessi
  ons/20260725-210644-req/context?input=Dokument%3A+examples.md%0ASegment%3A+9%2F9%0AAbschnitt%3A+Be
  ispiele+%E2%80%94+Abschlussaufgabe+2+%28AlphaZeta%29%0A%0ALies+diesen+Abschnitt+sorgf%C3%A4ltig+un
  d+behalte+den+Kontext.+Erstelle+noch+keinen+Backlog+und+noch+keine+Tasks.+Warte+damit+bis+zum+absc
  hlie%C3%9Fenden+%2Ffinalize.%0A%0A%23+Beispiele+%E2%80%94+Abschlussaufgabe+2+%28AlphaZeta%29%0A%0A
  Dieses+Dokument+enth%C3%A4lt+die+in+der+Aufgabenstellung+verwendeten+Beispielinteraktionen+sowie+d
  ie+vollst%C3%A4ndige+Beispielinteraktion.+In+den+Beispielinteraktionen+stellt+das+Symbol+%60%25%3E
  +%60+%28Prozent-Zeichen+und+Gr%C3%B6%C3%9Fer-Zeichen+gefolgt+von+einem+Leerzeichen%29+die+Kommando
  zeile+dar.+Der+Programmname+ist+frei+gew%C3%A4hlt+und+muss+nicht+*AlphaZeta*+lauten.+Das+Symbol+%6
  0%3E+%60+%28Gr%C3%B6%C3%9Fer-Zeichen+gefolgt+von+einem+Leerzeichen%29+stellt+eine+Benutzereingabe+
  dar+und+ist+selbst+nicht+Teil+der+Eingabe.+Sollte+in+einer+Interaktion+%60%5B...%5D%60+geschrieben
  +werden%2C+so+bedeutet+dies%2C+dass+weitere+Interaktionen+ausgelassen+worden+sind%2C+um+auf+eine+s
  pezielle+Stelle+der+Interaktion+einzugehen.+%60%5B...%5D%60+ist+keine+Ausgabe+Ihres+Spiels.%0A%0A%
  23%23+1+Beispielinteraktionen+je+Befehl+%2F+Phase%0A%0A%23%23%23+1.1+%60setup%60+%28Programmstart-
  Interaktion%29%0A%0A%60%60%60%0A%25%3E+java+AlphaZeta+0+5+0%0AWelcome+to+AlphaZeta%21%0AAlpha+conf
  igures+its+ships%0AChoose+upto+3+modules+for+ship+B+%28separated+by+comma%29%3A%0APROPULSION%2C+RA
  ILGUN%2C+SENSOR%2C+SHIELD%2C+SWORD%0A%3E+shield%2Csensor%2Csword%0AChoose+upto+3+modules+for+ship+
  C+%28separated+by+comma%29%3A%0APROPULSION%2C+RAILGUN%2C+SENSOR%2C+SHIELD%2C+SWORD%0A%3E+SWORD%2CS
  WORD%0AChoose+upto+3+modules+for+ship+D+%28separated+by+comma%29%3A%0APROPULSION%2C+RAILGUN%2C+SEN
  SOR%2C+SHIELD%2C+SWORD%0A%3E+RAILGUN%2CSWORD%0AZeta+configures+its+ships%0AChoose+upto+3+modules+f
  or+ship+W+%28separated+by+comma%29%3A%0APROPULSION%2C+RAILGUN%2C+SENSOR%2C+SHIELD%2C+SWORD%0A%3E+S
  HIELD%2CSENSOR%2CSWORD%0AChoose+upto+3+modules+for+ship+X+%28separated+by+comma%29%3A%0APROPULSION
  %2C+RAILGUN%2C+SENSOR%2C+SHIELD%2C+SWORD%0A%3E+SWORD%2CSWORD%0AChoose+upto+3+modules+for+ship+Y+%2
  8separated+by+comma%29%3A%0APROPULSION%2C+RAILGUN%2C+SENSOR%2C+SHIELD%2C+SWORD%0A%3E+RAILGUN%2CSWO
  RD%0AEnter+the+Board+layout+as+string%3A%0AUse+.+for+free+tiles%3B+1%2C2+for+cover%3B+and+A%2CB%2C
  C%2CD%2CZ%2CW%2CX%2CY+for+ships%0A%3E+A1..W.D...C2..X..2.1B.Y.Z%0AAlpha%27s+turn%0A%5B...%5D%0A%60
  %60%60%0A%0A%23%23%23+1.2+%60setup-errors%60+%28Fehlerbehandlung+Konfiguration%29%0A%0A%60%60%60%0
  A%5B...%5D%0AChoose+upto+3+modules+for+ship+B+%28separated+by+comma%29%3A%0APROPULSION%2C+RAILGUN%
  2C+SENSOR%2C+SHIELD%2C+SWORD%0A%3E+SENSOR%2CRAILGUN%0AChoose+upto+3+modules+for+ship+C+%28separate
  d+by+comma%29%3A%0APROPULSION%2C+RAILGUN%2C+SENSOR%2C+SHIELD%2C+SWORD%0A%3E+SENSOR%0AError%2C+Sens
  or+is+already+module+of+Ship+B%0A%3E+SWORD%0AChoose+upto+3+modules+for+ship+D+%28separated+by+comm
  a%29%3A%0A%5B...%5D%0AUse+.+for+free+tiles%3B+1%2C2+for+cover%3B+and+A%2CB%2CC%2CD%2CZ%2CW%2CX%2CY
  +for+ships%0A%3E+A1..W.D...C2..X..2.1B.YZ%0AError%2C+The+string+must+be+25+characters+long+%0A%3E+
  A1..W.D...C2..X..2.1B.Y.Z%0AAlpha%27s+turn%0A%5B...%5D%0A%60%60%60%0A%0A%23%23%23+1.3+%60help%60%0
  A%0A%60%60%60%0AHELP+-+shows+this+text%0AQUIT+-+quits+the+game%0ABOARD+-+shows+the+whole+board%0AF
  LEET+-+shows+details+of+all+ships+of+the+AIs%0AACTIONS+%5BNAME%5D+-+shows+available+actions+of+shi
  p+%5BNAME%5D%0AENDTURN+-+ends+the+current+player%27s+turn%0A%5BSHIP%5D+%5BACTION%5D+%5BX%5D+%5BY%5
  D+-+let+%5BSHIP%5D+perform+%5BACTION%5D+on+field+%28X%2CY%29%0A%5BSHIP%5D+%5BACTION%5D+%5BTARGET%5
  D+-+let+%5BSHIP%5D+perform+%5BACTION%5D+on+%5BTARGET%5D%0A%60%60%60%0A%0A%23%23%23+1.4+%60board%60
  %0A%0A%60%60%60%0A%5B...%5D%0A%3E+board%0AA1..W%0A.D...%0AC2..X%0A..2.1%0AB.Y.Z%0A%60%60%60%0A%0A%
  23%23%23+1.5+%60fleet%60%0A%0A%60%60%60%0A%5B...%5D%0A%3E+fleet%0AAlpha%27s+fleet%0A%3CC%3E+A%3AEN
  GINE%0A%3C-%3E+B%3AENGINE%2C+SENSOR%2C+SHIELD%2C+SWORD%0A%3C-%3E+C%3AENGINE%2C+SWORD%2C+SWORD%0A%3
  C-%3E+D%3AENGINE%2C+RAILGUN%2C+SWORD%0AZeta%27s+fleet%0A%3CC%3E+Z%3AENGINE%0A%3C-%3E+W%3AENGINE%2C
  +SENSOR%2C+SHIELD%2C+SWORD%0A%3C-%3E+X%3AENGINE%2C+SWORD%2C+SWORD%0A%7EX%7E+Y%0A%5B...%5D%0A%60%60
  %60%0A%0A%23%23%23+1.6+%60actions%60%0A%0A%60%60%60%0A%5B...%5D%0A%3E+actions+A%0AAvailable+action
  s+of+A%3A+MOVE%2C+RAMM%0A%3E+actions+B%0AAvailable+actions+of+B%3A+MARK%2C+MOVE%2C+RAMM%2C+STRIKE%
  0A%3E+actions+Z%0AAvailable+actions+of+Z%3A+MOVE%2C+RAMM%0A%3E+A+move+2+0%0A%3E+actions+A%0AAvaila
  ble+actions+of+A%3A+RAMM%0A%5B...%5D%0A%3E+actions+A%0ANo+available+actions+for+A%0A%5B...%5D%0A%6
  0%60%60%0A%0A%23%23%23+1.7+%60endturn%60%0A%0A%60%60%60%0A%5B...%5D%0A%3E+endturn%0AZeta%27s+turn%
  0A%3E+endturn%0AAlpha%27s+turn%0A%5B...%5D%0A%60%60%60%0A%0A%23%23%23+1.8+Aktion+mit+Koordinaten+%
  28%60action-xy%60%29%0A%0A%60%60%60%0A%5B...%5D%0A%3E+board%0AA1..W%0A.D...%0AC2..X%0A..2.1%0AB.Y.
  Z%0A%3E+d+move+1+3%0A%3E+board%0AA1..W%0A.....%0AC2..X%0A.D2.1%0AB.Y.Z%0A%5B...%5D%0A%60%60%60%0A%
  0A%23%23%23+1.9+Aktion+mit+Ziel+%28%60action-target%60%29%0A%0A%60%60%60%0A%5B...%5D%0AZeta%27s+tu
  rn%0A%3E+y+longshot+d%0ARoll+5%0ABonus+-2%0AAlpha+must+select+1+of+Ds+module%28s%29+%28separated+b
  y+comma%29%3A%0ARAILGUN%2C+SWORD%0A%3E+RAILGUN%0AD+looses+RAILGUN%0A%5B...%5D%0A%60%60%60%0A%0A%23
  %23%23+1.10+Spielende+%28%60end%60%29%0A%0A%60%60%60%0A%5B...%5D%0A%3E+b+strike+z%0ARoll+6%0ABonus
  +0%0AZ+looses+ENGINE%0AZ+was+destroyed%0AAlpha+won%21%0A%60%60%60%0A%0A%23%23%23+1.11+%60quit%60%0
  A%0A%60%60%60%0A%5B...%5D%0A%3E+board%0A.1A.W%0A.D...%0AC2..X%0A..2.1%0AB..YZ%0A%3E+quit%0A%60%60%
  60%0A%0A%23%23+2+Vollst%C3%A4ndige+Beispielinteraktion%0A%0A%60%60%60%0A%25%3E+java+AlphaZeta+1+5+
  2%0AWelcome+to+AlphaZeta%21%0AAlpha+configures+its+ships%0AChoose+upto+3+modules+for+ship+B+%28sep
  arated+by+comma%29%3A%0APROPULSION%2C+RAILGUN%2C+SENSOR%2C+SHIELD%2C+SWORD%0A%3E+RAILGUN%2CSHIELD%
  2CSENSOR%0AChoose+upto+3+modules+for+ship+C+%28separated+by+comma%29%3A%0APROPULSION%2C+RAILGUN%2C
  +SENSOR%2C+SHIELD%2C+SWORD%0A%3E+SWORD%2CSWORD%0AChoose+upto+3+modules+for+ship+D+%28separated+by+
  comma%29%3A%0APROPULSION%2C+RAILGUN%2C+SENSOR%2C+SHIELD%2C+SWORD%0A%3E+SWORD%2CSWORD%0AZeta+config
  ures+its+ships%0AChoose+upto+3+modules+for+ship+W+%28separated+by+comma%29%3A%0APROPULSION%2C+RAIL
  GUN%2C+SENSOR%2C+SHIELD%2C+SWORD%0A%3E+RAILGUN%2CSHIELD%2CSWORD%0AChoose+upto+3+modules+for+ship+X
  +%28separated+by+comma%29%3A%0APROPULSION%2C+RAILGUN%2C+SENSOR%2C+SHIELD%2C+SWORD%0A%3E+SWORD%2CSW
  ORD%0AChoose+upto+3+modules+for+ship+Y+%28separated+by+comma%29%3A%0APROPULSION%2C+RAILGUN%2C+SENS
  OR%2C+SHIELD%2C+SWORD%0A%3E+SWORD%2CSWORD%0AEnter+the+Board+layout+as+string%3A%0AUse+.+for+free+t
  iles%3B+1%2C2+for+cover%3B+and+A%2CB%2CC%2CD%2CZ%2CW%2CX%2CY+for+ships%0A%3E+A1..W.D...C2..X..2.1B
  .Y.Z%0AAlpha%27s+turn%0A%3E+help%0AHELP+-+shows+this+text%0AQUIT+-+quits+the+game%0ABOARD+-+shows+
  the+whole+board%0AFLEET+-+shows+details+of+all+ships+of+the+AIs%0AACTIONS+%5BNAME%5D+-+shows+avail
  able+actions+of+ship+%5BNAME%5D%0AENDTURN+-+ends+the+current+player%27s+turn%0A%5BSHIP%5D+%5BACTIO
  N%5D+%5BX%5D+%5BY%5D+-+let+%5BSHIP%5D+perform+%5BACTION%5D+on+field+%28X%2CY%29%0A%5BSHIP%5D+%5BAC
  TION%5D+%5BTARGET%5D+-+let+%5BSHIP%5D+perform+%5BACTION%5D+on+%5BTARGET%5D%0A%3E+a+move+0+3%0A%3E+
  actions+a%0AAvailable+actions+of+A%3A+RAMM%0A%3E+b+longshot+x%0ARoll+4%0ABonus+-1%0AX+looses+SWORD
  %0A%3E+endturn%0AZeta%27s+turn%0A%3E+w+longshot+c%0ARoll+5%0ABonus+-2%0AC+looses+SWORD%0A%3E+w+mov
  e+2+1%0A%3E+endturn%0AAlpha%27s+turn%0A%3E+b+move+1+4%0A%3E+b+mark+y%0A%3E+b+longshot+x%0ARoll+2%0
  ABonus+-1%0Amissed%0A%3E+endturn%0AZeta%27s+turn%0A%3E+board%0A.1...%0A.DW..%0AC2..X%0AA.2.1%0A.BY
  .Z%0A%3E+w+move+2+0%0A%3E+w+longshot+b%0ARoll+4%0ABonus+-1%0AAlpha+must+select+1+of+Bs+module%28s%
  29+%28separated+by+comma%29%3A%0ARAILGUN%2C+SENSOR%2C+SHIELD%0A%3E+RAILGUN%0AB+looses+RAILGUN%0A%3
  E+endturn%0AAlpha%27s+turn%0A%3E+b+ramm+y%0ARoll+3%0ABonus+0%0Amissed%0A%3E+endturn%0AZeta%27s+tur
  n%0A%3E+w+longshot+a%0ARoll+5%0ABonus+0%0AA+looses+CONTAINER%0AA+looses+CONTAINER%0A%3E+y+move+0+4
  %0A%3E+y+strike+a%0ARoll+3%0ABonus+0%0AA+looses+ENGINE%0AA+was+destroyed%0AZeta+won%21%0A%60%60%60
  &project=ProgrammingST22-Final2&role=requirements&task=Understand+the+st22final02+and+create+its+b
  acklog+when+prompted.&timestamp=2026-07-25T19%3A11%3A08.921Z&domain=st22final02

● Injected adaptive memory context into system prompt

● <adaptive_rules>
  - Das Spielfeld wird durch eine Zeichenfolge konfiguriert: '.' freie Feld, '1' halbe Deckung, '2'
  volle Deckung, Buchstaben (A,B,C,D,Z,W,X,Y) für Raumschiffe.
  - Die Zeichenfolge beschreibt das Spielfeld zeilenweise (links nach rechts, oben nach unten).
  - Das Spiel endet, sobald ein Sammler (`Sammler`) zerstört wurde; gewonnen hat die KI, deren
  Sammler nicht zerstört wurde; das System gibt aus, welche KI gewonnen hat und beendet das Spiel.
  - Pro Zug kann die Aktion eines Moduls nur einmal eingesetzt werden; bei mehreren Modulen gleichen
   Typs kann die Aktion je Modul einmal ausgeführt werden.
  - Always destroy auxiliary modules first (for Sammler: Container modules) and then the Engine.
  - If a ship has multiple modules of the same type, destroying one module of that type always
  removes the first such module (configuration order).
  - If a ship has only identical auxiliary modules (only one module type destructible), no dialog is
   requested.
  - If all modules or all but the Engine of a ship are destroyed, no dialog is requested; output
  order equals module addition order from configuration phase.
  - On a hit the attacked AI decides module removal; on a critical hit or marked target the
  attacking AI decides.
  - On dialog input errors show an error message and request re-input; do not repeat the initial
  prompt text.
  - Über Dialogsystem wird entschieden. Wahltext: `<Decider> must select <N> of <Ship>s module(s)
  (separated by comma):` Die Auflistung der zur Wahl stehenden Module erfolgt in alphabetischer
  Reihenfolge.
  - Die Aktion 'ramm' darf pro Schiff pro Zug nur einmal eingesetzt werden.
  - For non-destroyed ships in the 'fleet' output list the remaining intact modules alphabetically,
  modules shown in uppercase letters.
  - The 'board' command displays the board with '.' for empty tiles, cover values '1' or '2', and
  letters for ships; destroyed ships are not displayed.
  - The 'fleet' command lists fleets per AI (e.g., 'Alpha's fleet') and for each ship prints a state
   indicator: '<C>' for Sammler, '<->' for intact attack ship, '~X~' for destroyed ship.
  - Die Deckungen auf dem Spielfeld müssen achsensymmetrisch bezüglich der Südwest-Nordost-Achse
  sein (Schiffe sind ausgenommen).
  - Submission for AlphaZeta is automatically graded with zero points if any of the mandatory rules
  are violated; mandatory tests must be passed before other tests are evaluated.
  - Submitted source code must compile without errors.
  - Bei den übrigen Raumschiffen ist das erste Modul immer ein Antrieb (Engine).
  - Anzahl der Waffen-Module pro Raumschiff darf höchstens 2 betragen.
  - Maximal 1 Propulsion-Modul pro Raumschiff zulässig.
  - Maximal 1 Rail Gun-Modul pro Raumschiff zulässig.
  - Maximal 1 Shield-Modul pro Raumschiff zulässig.
  - Für ein 5×5-Spielfeld werden 25 Zeichen erwartet; die ersten 5 Zeichen sind die oberste Reihe.
  - Bei ungültiger Spielfeld-Eingabe wird eine Fehlermeldung ausgegeben und auf erneute Eingabe
  gewartet; die einleitende Aufforderung wird nicht wiederholt.
  - Source code must be written in English and comments must be consistently either English or
  German.
  - A successful action that results in no module destruction prints 'missed' on a new line after
  Bonus.
  - Before module-destroying actions output 'Roll' (actual die roll) and 'Bonus' (difference between
   actual roll and the evaluated attack roll, e.g., reduction from cover).
  - Module destruction is output as '<Ship> looses <Module>' per module in the order of AI selection
   or configuration order.
  - Otherwise a successful action produces no output unless otherwise specified.
  - Ship destruction is output as '<Ship> was destroyed'.
  - Solution code must not use Java library elements except the explicitly allowed packages.
  - Solution code must use Java SE 17 only.
  - Propel action is only available if the ship has a Propulsion module.
  - Interactive user interface must use System.in for input and System.out for output unless
  otherwise specified.
  - The online submission system runs automated Checkstyle checks; certain specially marked
  Checkstyle rules are mandatory and cause a zero-point grade if violated.
  - Program output must exactly match the specification including letter case, spaces and line
  breaks.
  - Programs must print only the information specified in the assignment and no additional
  information.
  - Koordinaten sind (x,y) mit (0,0) oben links und (l-1,l-1) unten rechts.
  - Ein Sammler hat genau einen Engine-Antrieb und sonst nur das Spezialmodul Container.
  - After printing an error message the program must continue and wait for the next input.
  - Fehlerhafte Modulkonfigurationen sollen frühestmöglich erkannt werden; bei Erkennung
  Fehlermeldung ausgeben und Abfrage für dieses Schiff wiederholen; korrekt konfigurierte frühere
  Schiffe bleiben unverändert.
  - Der dritte Parameter (Container) ist die Anzahl der Container-Module der Sammler und muss im
  Intervall [0,3] liegen.
  - Submit your *.java files for task A individually with the correct folder structure in the
  designated directory.
  - Every hit against a marked ship counts as a critical hit.
  - If the attack die roll for Ramm is ≤ 1, damage to A counts as a hit.
  - Mark marks any enemy ship until the start of the enemy's turn.
  - Mark requires no attack die roll.
  - Module ranges: Engine 1–3; Ramm 1; Longshot 5–6; Strike 1; Mark infinity; Propel 1–3.
  - Move reachability depends only on distance, not on cover or ships on the path.
  </adaptive_rules>

  <memories>
    - The document task.md describes the game AlphaZeta (AZ) set in year 2985 where two AIs (A and
  Z) compete for asteroid resources.
    - The document 'task.md' describes the assignment 'Abschlussaufgabe 2 — AlphaZeta (AZ)'.
    - The AIs 'A' and 'Z' fight each other (compete).
    - The document task.md specifies the lecture as 'Programmieren'.
    - The assignment is for the course 'Programmieren'.
    - The document task.md lists the semester as Sommersemester 2022.
    - The assignment is in 'Sommersemester 2022'.
    - The game 'AlphaZeta (AZ)' is set in the year 2985.
  </memories>
  <knowledge>
    - Otherwise module destruction is decided via dialog: '<Decider> must select <N> of <Ship>s
  module(s) (separated by comma):' and module choices listed alphabetically.
    - Ramm, Longshot and Strike use an initial attack die roll (six-sided 1–6), minus target cover,
  then apply Shield effect (−1 if target has Shield).
    - Die Methode nextInt darf nur dann aufgerufen werden, wenn tatsächlich ein Würfelwurf
  durchgeführt wird.
    - Keine leere Kachel darf vollständig von Deckung umgeben sein; direkte Nachbarn dürfen nicht
  alle von Deckung belegt sein.
    - Die Seitenlänge (zweiter Parameter) muss mindestens 5 und ungerade sein.
    - Distanzen werden als Manhattan-Distanz d1 = |xa−xb| + |ya−yb| berechnet; direkte Nachbarn
  haben d1 = 1.
    - Es darf nur eine einzige feste Instanz dieses Zufallszahlengenerators verwendet werden.
    - Move target tile must not be occupied by cover or another ship.
    - JavaDoc documentation rules must be followed and the JavaDoc @author tag must contain only the
   student's u-Kürzel.
    - Half cover reduces the die roll by 1; full cover reduces by 2.
    - Ramm may only be used if the attacking ship has no weapon modules.
    - Move requires no attack die roll.
    - Source code must obey a maximum line width of 120 characters.
    - All whitespace rules and naming rules for variables, methods and packages must be followed.
    - Source code must not use the default package.
    - Appropriate visibilities must be chosen for classes, methods and attributes.
    - Source code must not call System.exit(), Runtime.exit() or similar.
    - Standard input and standard output must never be reassigned.
    - Der erste Parameter (Seed) muss im Intervall [INT_MIN, INT_MAX] liegen.
    - Do not add any personal data to submissions except the u-Kürzel.
    - User input must be handled case-insensitively by the user interface.
    - Pro Flotte darf maximal 1 Sensor-Modul vorhanden sein.
    - When user input does not follow the specified format, an error message must be output.
    - Every error message must begin with 'Error,' and must not contain special characters such as
  newlines or umlauts.
    - Error messages may be written to System.err instead of System.out.
    - When a ship R is attacked from position P, coverage is computed from the coverings adjacent in
   the direction of P.
    - A ship is covered only by its direct neighbors.
    - Aktions-Schemata: ` <AKTEUR> <AKTION> <ZIEL>` für Aktionen gegen ein Ziel-Raumschiff; `
  <AKTEUR> <AKTION> <X> <Y>` für die Aktionen move und propel.
    - Der Befehl `actions <SHIP>` gibt die in dieser Runde noch nicht verwendeten Aktionen aus
  (alphabetisch sortiert, alle Aktionen mit Großbuchstaben); für Schiffe gegnerischer KIs werden
  alle durch die Module gegebenen Aktionen ausgegeben.
    - Alpha hat die Schiffe A,B,C,D; Zeta hat die Schiffe Z,W,X,Y; A und Z sind die Sammler.
    - Das Programm muss jederzeit durch Eingabe des Befehls beendet werden.
    - Das Beenden darf nicht über System.exit() oder andere ausgeschlossene Funktionen erfolgen.
    - Automatisierte Tests verwenden `quit` am Ende von Testsequenzen und sind darauf angewiesen.
    - Der Befehl `help` listet alle Befehle des Systems in einer fest vorgegebenen Reihenfolge auf.
    - Das Spiel wird mit genau drei Kommandozeilenparametern gestartet.
  </knowledge>
  <entity_paths>
    - Abschlussaufgabe 2 — AlphaZeta (AZ) RELATES_TO Sommersemester 2022: The assignment is in
  'Sommersemester 2022'.
    - Game implementation CONSTRAINT Random(long seed): Nur der Konstruktor Random(long seed) darf
  verwendet werden, um einen neuen Zufallszahlengenerator zu instanziieren.
    - Game implementation CONSTRAINT single Random instance: Es darf nur eine einzige feste Instanz
  dieses Zufallszahlengenerators verwendet werden.
    - Game implementation CONSTRAINT nextInt call condition: Die Methode nextInt darf nur dann
  aufgerufen werden, wenn tatsächlich ein Würfelwurf durchgeführt wird.
    - AlphaZeta (AZ) RELATES_TO A: AlphaZeta (AZ) includes an artificial intelligence named 'A'.
    - AlphaZeta (AZ) RELATES_TO Z: AlphaZeta (AZ) includes an artificial intelligence named 'A'.
    - AlphaZeta (AZ) RELATES_TO Jahr 2985: The game 'AlphaZeta (AZ)' is set in the year 2985.
    - Z RELATES_TO Asteroidengürtel: AI 'Z' is tasked with extracting resources from the asteroid
  belt.
    - AlphaZeta (AZ) RELATES_TO A: AlphaZeta (AZ) includes an artificial intelligence named 'A'.
    - A RELATES_TO Asteroidengürtel: AI 'A' is tasked with extracting resources from the asteroid
  belt.
    - AlphaZeta (AZ) RELATES_TO A: AlphaZeta (AZ) includes an artificial intelligence named 'A'.
    - A RELATES_TO Z: The AIs 'A' and 'Z' fight each other (compete).
    - AlphaZeta (AZ) RELATES_TO Z: AlphaZeta (AZ) includes an artificial intelligence named 'A'.
    - Z RELATES_TO Asteroidengürtel: AI 'Z' is tasked with extracting resources from the asteroid
  belt.
  </entity_paths>
  <entity_matches>
    - Abschlussaufgabe 2 — AlphaZeta (AZ) (score: 0.80) — Title of the assignment and game project.
    - 4.9 Aktionen und Würfelmechanik (score: 0.80) — Für *ramm*, *longshot* und *strike* erfolgt
  zunächst ein Angriffswürfelwurf: sechsseitiger Würfel (1–6), abzüglich der Deckung des
  Ziel-Raumschiffs, danach Anwendung des *Shield*-Effekts (−1, falls Ziel hat *Shield*).
    - Game implementation (score: 0.78) — Code der Spielanwendung
    - AlphaZeta (AZ) (score: 0.72) — Game set in year 2985 where two AIs (A and Z) fight over
  asteroid resources.
    - Z (score: 0.71) — One of two named AIs in the game.
  </entity_matches>
  <insights>
    - Agent community around Abschlussaufgabe 2 — AlphaZeta (AZ), Sommersemester 2022. Relevant
  agent facts: The document 'task.md' describes the assignment 'Abschlussaufgabe 2 — AlphaZeta
  (AZ)'.; The assignment is in 'Sommersemester 2022'.; The document task.md lists the semester as
  Sommersemester 2022.
    - Agent community around AlphaZeta (AZ), Z, A. Relevant agent facts: AI 'A' is tasked with
  extracting resources from the asteroid belt.; AlphaZeta (AZ) includes an artificial intelligence
  named 'A'.; The AIs 'A' and 'Z' fight each other (compete).
    - Agent community around task.md, Prof. Dr.-Ing. Anne Koziolek, Programmieren connects Institute
   of Information Security and Dependability. Relevant agent facts: The assignment instructor is
  Prof. Dr.-Ing. Anne Koziolek.; The document 'task.md' describes the assignment 'Abschlussaufgabe 2
   — AlphaZeta (AZ)'.; The assignment is for the course 'Programmieren'.
    - Agent community around Abschlussaufgabe 2 — AlphaZeta (AZ), Sommersemester 2022, task.md
  connects 20 Punkte, Version 1.4, Institute of Information Security and Dependability. Relevant
  agent facts: The assignment instructor is Prof. Dr.-Ing. Anne Koziolek.; The document 'task.md'
  describes the assignment 'Abschlussaufgabe 2 — AlphaZeta (AZ)'.; The assignment is for the course
  'Programmieren'.
  </insights>

● adaptive-memory extension active (role=requirements, memorySession=20260725-210644-req) - type
  /memory-help. MCP tools registered (memory=true, backlog=true).







Changes    +0 -0
Duration   2m 35s
Tokens     ↑ 35.5k (1.3k cached) • ↓ 944 (159 reasoning)
[delivery:requirements] Turn 10/11 complete
[delivery:requirements] Turn 11/11: Finalize backlog creation
● [adaptive-context] GET http://localhost:4444/api/agents/7af7809a-adce-4fa9-9609-fd61059de0ff/sessi
  ons/20260725-210644-req/context?input=%2Ffinalize&project=ProgrammingST22-Final2&role=requirements
  &task=Understand+the+st22final02+and+create+its+backlog+when+prompted.&timestamp=2026-07-25T19%3A1
  1%3A32.350Z&domain=st22final02

● Injected adaptive memory context into system prompt

● <adaptive_rules>
  - Program output must exactly match the specification including letter case, spaces and line
  breaks.
  - Programs must print only the information specified in the assignment and no additional
  information.
  - Submit your *.java files for task A individually with the correct folder structure in the
  designated directory.
  - The online submission system runs automated Checkstyle checks; certain specially marked
  Checkstyle rules are mandatory and cause a zero-point grade if violated.
  - After printing an error message the program must continue and wait for the next input.
  - Source code must be written in English and comments must be consistently either English or
  German.
  - Source code must obey a maximum line width of 120 characters.
  - Interactive user interface must use System.in for input and System.out for output unless
  otherwise specified.
  - All whitespace rules and naming rules for variables, methods and packages must be followed.
  - Solution code must not use Java library elements except the explicitly allowed packages.
  - Solution code must use Java SE 17 only.
  - Source code must not call System.exit(), Runtime.exit() or similar.
  - Source code must not use the default package.
  - Standard input and standard output must never be reassigned.
  - Appropriate visibilities must be chosen for classes, methods and attributes.
  - Submission for AlphaZeta is automatically graded with zero points if any of the mandatory rules
  are violated; mandatory tests must be passed before other tests are evaluated.
  - Submitted source code must compile without errors.
  - Always destroy auxiliary modules first (for Sammler: Container modules) and then the Engine.
  - If a ship has multiple modules of the same type, destroying one module of that type always
  removes the first such module (configuration order).
  - If a ship has only identical auxiliary modules (only one module type destructible), no dialog is
   requested.
  - If all modules or all but the Engine of a ship are destroyed, no dialog is requested; output
  order equals module addition order from configuration phase.
  - On a hit the attacked AI decides module removal; on a critical hit or marked target the
  attacking AI decides.
  - On dialog input errors show an error message and request re-input; do not repeat the initial
  prompt text.
  - Über Dialogsystem wird entschieden. Wahltext: `<Decider> must select <N> of <Ship>s module(s)
  (separated by comma):` Die Auflistung der zur Wahl stehenden Module erfolgt in alphabetischer
  Reihenfolge.
  - A successful action that results in no module destruction prints 'missed' on a new line after
  Bonus.
  - Before module-destroying actions output 'Roll' (actual die roll) and 'Bonus' (difference between
   actual roll and the evaluated attack roll, e.g., reduction from cover).
  - Module destruction is output as '<Ship> looses <Module>' per module in the order of AI selection
   or configuration order.
  - Otherwise a successful action produces no output unless otherwise specified.
  - Ship destruction is output as '<Ship> was destroyed'.
  </adaptive_rules>

  <memories>
    - ProgrammingST22-Final2 currently has no backlog or tasks; backlog creation awaits Abschnitt
  4/9.
  </memories>
  <knowledge>
    - Otherwise module destruction is decided via dialog: '<Decider> must select <N> of <Ship>s
  module(s) (separated by comma):' and module choices listed alphabetically.
  </knowledge>
  <entity_paths>
    - ProgrammingST22-Final2 RELATES_TO task.md (Abschnitt 4/9) pending: ProgrammingST22-Final2
  currently has no backlog or tasks; backlog creation awaits Abschnitt 4/9.
    - ProgrammingST22-Final2 CONSTRAINT Exact output matching: ProgrammingST22-Final2 CONSTRAINT:
  all program outputs must exactly match the specified text including capitalization, spaces, and
  newlines; no additional outputs are allowed.
    - ProgrammingST22-Final2 CONSTRAINT Error message format and behavior: ProgrammingST22-Final2
  CONSTRAINT: error messages must begin with 'Error,', contain no special characters (e.g., no
  Umlauts or newlines), may be in English, and may be written to System.err optionally; after an
  error the program continues and waits for next input.
    - task.md RELATES_TO Prof. Dr.-Ing. Anne Koziolek: The assignment instructor is Prof. Dr.-Ing.
  Anne Koziolek.; The document task.md names the instructor as Prof. Dr.-Ing. Anne Koziolek.
    - task.md RELATES_TO Abschlussaufgabe 2 — AlphaZeta (AZ): The document 'task.md' describes the
  assignment 'Abschlussaufgabe 2 — AlphaZeta (AZ)'.
    - task.md RELATES_TO AlphaZeta (AZ): The document task.md describes the game AlphaZeta (AZ) set
  in year 2985 where two AIs (A and Z) compete for asteroid resources.
    - task.md RELATES_TO Programmieren: The assignment is for the course 'Programmieren'.; The
  document task.md specifies the lecture as 'Programmieren'.
    - task.md RELATES_TO Sommersemester 2022: The document task.md lists the semester as
  Sommersemester 2022.
    - task.md RELATES_TO 20 Punkte: The assignment is worth 20 points.; The document task.md sets
  the assignment weight to 20 points.
    - task.md RELATES_TO Version 1.4: The assignment document lists version '1.4'.; The document
  task.md is version 1.4.
    - task.md RELATES_TO Institute of Information Security and Dependability: The assignment group
  is 'Institute of Information Security and Dependability'.; The document task.md associates the
  assignment with the Institute of Information Security and Dependability group.
    - task.md RELATES_TO Abschlussaufgabe 2 — AlphaZeta (AZ): The document 'task.md' describes the
  assignment 'Abschlussaufgabe 2 — AlphaZeta (AZ)'.
    - Abschlussaufgabe 2 — AlphaZeta (AZ) RELATES_TO Sommersemester 2022: The assignment is in
  'Sommersemester 2022'.
    - task.md RELATES_TO AlphaZeta (AZ): The document task.md describes the game AlphaZeta (AZ) set
  in year 2985 where two AIs (A and Z) compete for asteroid resources.
    - AlphaZeta (AZ) USES Manhatten-Distanz d₁: Das Spiel verwendet die Manhattan-Distanz d₁ für
  alle Distanzberechnungen; direkte Nachbarn haben d₁ = 1.
    - task.md RELATES_TO AlphaZeta (AZ): The document task.md describes the game AlphaZeta (AZ) set
  in year 2985 where two AIs (A and Z) compete for asteroid resources.
    - AlphaZeta (AZ) RELATES_TO A: AlphaZeta (AZ) includes an artificial intelligence named 'A'.
    - task.md RELATES_TO AlphaZeta (AZ): The document task.md describes the game AlphaZeta (AZ) set
  in year 2985 where two AIs (A and Z) compete for asteroid resources.
    - AlphaZeta (AZ) RELATES_TO Z: AlphaZeta (AZ) includes an artificial intelligence named 'A'.
    - task.md RELATES_TO AlphaZeta (AZ): The document task.md describes the game AlphaZeta (AZ) set
  in year 2985 where two AIs (A and Z) compete for asteroid resources.
    - AlphaZeta (AZ) RELATES_TO Jahr 2985: The game 'AlphaZeta (AZ)' is set in the year 2985.
    - task.md RELATES_TO AlphaZeta (AZ): The document task.md describes the game AlphaZeta (AZ) set
  in year 2985 where two AIs (A and Z) compete for asteroid resources.
    - AlphaZeta (AZ) RELATES_TO Tile occupancy rule: max one ship or cover per tile: AlphaZeta (AZ)
  is a turn-based two-player strategy board game played on a square tile grid where each tile may
  contain at most one ship or one cover.
    - task.md RELATES_TO AlphaZeta (AZ): The document task.md describes the game AlphaZeta (AZ) set
  in year 2985 where two AIs (A and Z) compete for asteroid resources.
    - AlphaZeta (AZ) RELATES_TO A and Z (KIs): AlphaZeta features two artificial intelligences named
   A and Z created by the two largest companies of Earth.
    - task.md RELATES_TO AlphaZeta (AZ): The document task.md describes the game AlphaZeta (AZ) set
  in year 2985 where two AIs (A and Z) compete for asteroid resources.
    - AlphaZeta (AZ) RELATES_TO Spielfeld (quadratisch): AlphaZeta (AZ) is a turn-based two-player
  strategy board game played on a square board.
  </entity_paths>
  <entity_matches>
    - ProgrammingST22-Final2 (score: 1.00) — Repository and project for the assignment
  'ProgrammingST22-Final2'.
    - Game end rule (score: 0.71) — Regel, die das Spielende definiert
    - task.md (score: 0.70) — Assignment document containing the AlphaZeta (AZ) specification
  (section 1/9).
    - 20 Punkte (score: 0.67) — Point value assigned to the task.
    - Programmieren (score: 0.65) — Named course associated with the assignment.
  </entity_matches>
  <insights>
    - Agent community around task.md, 20 Punkte, Programmieren connects Institute of Information
  Security and Dependability. Relevant agent facts: The assignment instructor is Prof. Dr.-Ing. Anne
   Koziolek.; The document 'task.md' describes the assignment 'Abschlussaufgabe 2 — AlphaZeta
  (AZ)'.; The assignment is for the course 'Programmieren'.
    - Agent community around Abschlussaufgabe 2 — AlphaZeta (AZ), Sommersemester 2022. Relevant
  agent facts: The document 'task.md' describes the assignment 'Abschlussaufgabe 2 — AlphaZeta
  (AZ)'.; The assignment is in 'Sommersemester 2022'.; The document task.md lists the semester as
  Sommersemester 2022.
    - Agent community around AlphaZeta (AZ), A, Z connects Asteroidengürtel. Relevant agent facts:
  AI 'A' is tasked with extracting resources from the asteroid belt.; AlphaZeta (AZ) includes an
  artificial intelligence named 'A'.; The AIs 'A' and 'Z' fight each other (compete).
    - Agent community around task.md, 20 Punkte, Programmieren connects Version 1.4, Institute of
  Information Security and Dependability, Sommersemester 2022. Relevant agent facts: The assignment
  instructor is Prof. Dr.-Ing. Anne Koziolek.; The document 'task.md' describes the assignment
  'Abschlussaufgabe 2 — AlphaZeta (AZ)'.; The assignment is for the course 'Programmieren'.
  </insights>

● adaptive-memory extension active (role=requirements, memorySession=20260725-210644-req) - type
  /memory-help. MCP tools registered (memory=true, backlog=true).



● Create Backlog (MCP: agentic-memory) · Textbasierte Konsolen-Implementierung des rundenbasierten …
  └ Backlog "AlphaZeta (AZ)" created with id: 4c4e32b2-515c-4ec6-aedf-797a20613db9



● Create Tasks (MCP: agentic-memory) · backlogId: "4c4e32b2-515c-4ec6-aedf-797a20613db9", tasks: [2…
  └ Created 25 task(s) in backlog 4c4e32b2-515c-4ec6-aedf-797a20613db9.



● Get Tasks (MCP: agentic-memory) · backlogId: "4c4e32b2-515c-4ec6-aedf-797a20613db9"
  └ Output too large to read at once (31.7 KB). Saved to: /var/folders/fs/p8fxyq6...







Changes    +0 -0
Duration   4m 11s
Tokens     ↑ 169.1k (124.9k cached) • ↓ 6.6k (2.1k reasoning)
[delivery:requirements] Turn 11/11 complete
[delivery:requirements] Exercise requirements stream complete — advancing to backlog discovery
[delivery] Phase B: Backlog discovery
[delivery] Using backlog: "AlphaZeta (AZ)" (4c4e32b2-515c-4ec6-aedf-797a20613db9)
[delivery] Backlog: "AlphaZeta (AZ)" (4c4e32b2-515c-4ec6-aedf-797a20613db9)

[delivery] Phase C: Coding

● [adaptive-context] GET http://localhost:4444/api/agents/7af7809a-adce-4fa9-9609-fd61059de0ff/sessi
  ons/20260725-210644-coding/context?input=Implement+%22AlphaZeta+%28AZ%29%22+backlog%3A+Core+Domain
  +Types%3B+Random+Generator+Setup%3B+CLI+Argument+Parsing+%26+Validation%3B+Ship+Data+Model%3B+Boar
  d+Data+Model+%26+Validation%3B+Welcome+%26+Alpha+Ship+Configuration%3B+Zeta+Ship+Configuration+wit
  h+Fleet-Wide+Validation%3B+Board+Input+Parsing%3B+Help+Command%3B+Board+Display+Command%3B+Fleet+D
  isplay+Command%3B+Actions+Display+Command%3B+Quit+Command%3B+Main+Command+Parser%3B+Move+%26+Prope
  l+Action%3B+Cover+Calculation+for+Attacks%3B+Strike+Action%3B+Longshot+Action%3B+Ramm+Action%3B+Ma
  rk+Action%3B+Module+Destruction+Logic%3B+Module+Destruction+Dialog%3B+End+Turn+Command%3B+Game+Loo
  p+Orchestration%3B+Game+End+%26+Win+Condition&project=ProgrammingST22-Final2&role=coding&task=Impl
  ement+backlog+%22AlphaZeta+%28AZ%29%22+in+the+selected+exercise+repository.&timestamp=2026-07-25T1
  9%3A13%3A07.100Z&domain=st22final02

● Injected adaptive memory context into system prompt

● <adaptive_rules>
  - A successful action that results in no module destruction prints 'missed' on a new line after
  Bonus.
  - Before module-destroying actions output 'Roll' (actual die roll) and 'Bonus' (difference between
   actual roll and the evaluated attack roll, e.g., reduction from cover).
  - Module destruction is output as '<Ship> looses <Module>' per module in the order of AI selection
   or configuration order.
  - Otherwise a successful action produces no output unless otherwise specified.
  - Ship destruction is output as '<Ship> was destroyed'.
  - Submission for AlphaZeta is automatically graded with zero points if any of the mandatory rules
  are violated; mandatory tests must be passed before other tests are evaluated.
  - Submitted source code must compile without errors.
  - Das Spielfeld wird durch eine Zeichenfolge konfiguriert: '.' freie Feld, '1' halbe Deckung, '2'
  volle Deckung, Buchstaben (A,B,C,D,Z,W,X,Y) für Raumschiffe.
  - Always destroy auxiliary modules first (for Sammler: Container modules) and then the Engine.
  - If a ship has multiple modules of the same type, destroying one module of that type always
  removes the first such module (configuration order).
  - If a ship has only identical auxiliary modules (only one module type destructible), no dialog is
   requested.
  - If all modules or all but the Engine of a ship are destroyed, no dialog is requested; output
  order equals module addition order from configuration phase.
  - On a hit the attacked AI decides module removal; on a critical hit or marked target the
  attacking AI decides.
  - On dialog input errors show an error message and request re-input; do not repeat the initial
  prompt text.
  - Über Dialogsystem wird entschieden. Wahltext: `<Decider> must select <N> of <Ship>s module(s)
  (separated by comma):` Die Auflistung der zur Wahl stehenden Module erfolgt in alphabetischer
  Reihenfolge.
  - For non-destroyed ships in the 'fleet' output list the remaining intact modules alphabetically,
  modules shown in uppercase letters.
  - The 'board' command displays the board with '.' for empty tiles, cover values '1' or '2', and
  letters for ships; destroyed ships are not displayed.
  - The 'fleet' command lists fleets per AI (e.g., 'Alpha's fleet') and for each ship prints a state
   indicator: '<C>' for Sammler, '<->' for intact attack ship, '~X~' for destroyed ship.
  - The online submission system runs automated Checkstyle checks; certain specially marked
  Checkstyle rules are mandatory and cause a zero-point grade if violated.
  - Submit your *.java files for task A individually with the correct folder structure in the
  designated directory.
  - Source code must obey a maximum line width of 120 characters.
  - Program output must exactly match the specification including letter case, spaces and line
  breaks.
  - Programs must print only the information specified in the assignment and no additional
  information.
  - Solution code must not use Java library elements except the explicitly allowed packages.
  - Solution code must use Java SE 17 only.
  - Propel action is only available if the ship has a Propulsion module.
  - Source code must be written in English and comments must be consistently either English or
  German.
  - All whitespace rules and naming rules for variables, methods and packages must be followed.
  - Pro Zug kann die Aktion eines Moduls nur einmal eingesetzt werden; bei mehreren Modulen gleichen
   Typs kann die Aktion je Modul einmal ausgeführt werden.
  - Fehlerhafte Modulkonfigurationen sollen frühestmöglich erkannt werden; bei Erkennung
  Fehlermeldung ausgeben und Abfrage für dieses Schiff wiederholen; korrekt konfigurierte frühere
  Schiffe bleiben unverändert.
  - Appropriate visibilities must be chosen for classes, methods and attributes.
  - Every hit against a marked ship counts as a critical hit.
  - If the attack die roll for Ramm is ≤ 1, damage to A counts as a hit.
  - Mark marks any enemy ship until the start of the enemy's turn.
  - Mark requires no attack die roll.
  - Module ranges: Engine 1–3; Ramm 1; Longshot 5–6; Strike 1; Mark infinity; Propel 1–3.
  - Move reachability depends only on distance, not on cover or ships on the path.
  - Move requires no attack die roll.
  - Move target tile must not be occupied by cover or another ship.
  - Ramm may only be used if the attacking ship has no weapon modules.
  - Ramm, Longshot and Strike use an initial attack die roll (six-sided 1–6), minus target cover,
  then apply Shield effect (−1 if target has Shield).
  - Interactive user interface must use System.in for input and System.out for output unless
  otherwise specified.
  - Anzahl der Waffen-Module pro Raumschiff darf höchstens 2 betragen.
  - Maximal 1 Propulsion-Modul pro Raumschiff zulässig.
  - Maximal 1 Rail Gun-Modul pro Raumschiff zulässig.
  - Maximal 1 Shield-Modul pro Raumschiff zulässig.
  - A ship is covered only by its direct neighbors.
  - Coverage value is the maximum (by absolute reduction) of the affected coverings.
  - Half cover reduces the die roll by 1; full cover reduces by 2.
  - When a ship R is attacked from position P, coverage is computed from the coverings adjacent in
  the direction of P.
  </adaptive_rules>

  <memories>
    - ProgrammingST22-Final2 CONSTRAINT Game flow: set field size, seed, container count → select
  modules → place ships → Alpha starts → alternate turns; game ends when a Sammler is destroyed.
    - The task.md requires AlphaZeta (AZ) to be playable via a text-based user interface.
    - The document task.md describes the game AlphaZeta (AZ) set in year 2985 where two AIs (A and
  Z) compete for asteroid resources.
    - ProgrammingST22-Final2 defines action invocation syntax (`<AKTEUR> <AKTION> <ZIEL>` or
  `<AKTEUR> <AKTION> <X> <Y>`), normally produces no output on success, and specifies detailed
  module-destruction and dialog/output conventions (Roll/Bonus output, 'missed', '<Ship> looses
  <Module>' messages, '<Ship> was destroyed', selection prompt format, alphabetical listing for
  choices, re-prompt on invalid selection without reprinting the intro, destruction order follows
  configuration and first-instance rule, and 'ramm' uses same loss handling).
    - ProgrammingST22-Final2 CONSTRAINT: module configuration order during setup is Alpha B→C→D then
   Zeta W→X→Y.
    - Section 3/9 has been recorded for ProgrammingST22-Final2
    - The document 'task.md' describes the assignment 'Abschlussaufgabe 2 — AlphaZeta (AZ)'.
    - ProgrammingST22-Final2 currently has no backlog or tasks; backlog creation awaits Abschnitt
  4/9.
    - ProgrammingST22-Final2 provides a 'fleet' command that prints each AI's fleet (e.g. "Alpha's
  fleet"), ships in fixed order, ship states as '<C>'/'<->'/'~X~' and intact modules as uppercase
  alphabetically.
    - ProgrammingST22-Final2 CONSTRAINT Module actions include move, ramm, longshot, strike, mark,
  propel and modules may have passive effects like Shield and Container.
  </memories>
  <knowledge>
    - Otherwise module destruction is decided via dialog: '<Decider> must select <N> of <Ship>s
  module(s) (separated by comma):' and module choices listed alphabetically.
    - Source code must not use the default package.
    - Source code must not call System.exit(), Runtime.exit() or similar.
    - After printing an error message the program must continue and wait for the next input.
    - JavaDoc documentation rules must be followed and the JavaDoc @author tag must contain only the
   student's u-Kürzel.
    - Standard input and standard output must never be reassigned.
    - Das Spiel endet, sobald ein Sammler (`Sammler`) zerstört wurde; gewonnen hat die KI, deren
  Sammler nicht zerstört wurde; das System gibt aus, welche KI gewonnen hat und beendet das Spiel.
    - Der Befehl `actions <SHIP>` gibt die in dieser Runde noch nicht verwendeten Aktionen aus
  (alphabetisch sortiert, alle Aktionen mit Großbuchstaben); für Schiffe gegnerischer KIs werden
  alle durch die Module gegebenen Aktionen ausgegeben.
    - Aktions-Schemata: ` <AKTEUR> <AKTION> <ZIEL>` für Aktionen gegen ein Ziel-Raumschiff; `
  <AKTEUR> <AKTION> <X> <Y>` für die Aktionen move und propel.
    - Alpha hat die Schiffe A,B,C,D; Zeta hat die Schiffe Z,W,X,Y; A und Z sind die Sammler.
  </knowledge>
  <entity_paths>
    - ProgrammingST22-Final2 USES Angriffswürfelwurf: ProgrammingST22-Final2 USES Angriffswürfelwurf
   rule: roll a die from 1–6, subtract the target's cover and Shield effect, and classify the result
   as miss, hit, or critical hit. On a normal hit the defender chooses the destroyed module; on a
  critical hit, or on any hit against a marked ship, the attacker chooses the destroyed module.
    - ProgrammingST22-Final2 USES System.in: ProgrammingST22-Final2 USES the Java standard input
  stream System.in for all input.; ProgrammingST22-Final2 must use System.in for input, System.out
  for output, and may use System.err for error messages; do not reassign these standard streams.
    - ProgrammingST22-Final2 USES System.out: ProgrammingST22-Final2 USES the Java standard output
  stream System.out for all specified outputs.; ProgrammingST22-Final2 must use System.in for input,
   System.out for output, and may use System.err for error messages; do not reassign these standard
  streams.
    - ProgrammingST22-Final2 USES Text-based user interface: ProgrammingST22-Final2 uses a
  text-based user interface.
    - ProgrammingST22-Final2 USES System.err: ProgrammingST22-Final2 must use System.in for input,
  System.out for output, and may use System.err for error messages; do not reassign these standard
  streams.
    - ProgrammingST22-Final2 USES Random(seed) instance: ProgrammingST22-Final2 USES one fixed
  Random(seed) instance; dice rolls use nextInt(6)+1 only for actual dice rolls.
    - ProgrammingST22-Final2 USES fleet command: ProgrammingST22-Final2 provides a 'fleet' command
  that prints each AI's fleet (e.g. "Alpha's fleet"), ships in fixed order, ship states as
  '<C>'/'<->'/'~X~' and intact modules as uppercase alphabetically.
    - ProgrammingST22-Final2 USES help command: ProgrammingST22-Final2 implements an in-game 'help'
  command that lists all system commands in a fixed order.
    - ProgrammingST22-Final2 USES board command: ProgrammingST22-Final2 provides a 'board' command
  that displays the current board using '.' for empty, '1'/'2' for cover and AI ships by letters;
  destroyed ships are not shown.
    - ProgrammingST22-Final2 USES actions command: ProgrammingST22-Final2 provides an 'actions'
  command that shows a ship's available actions (alphabetically, uppercase); destroyed or exhausted
  ships yield 'No available actions for <AKTEUR>'.
    - ProgrammingST22-Final2 USES endturn command: ProgrammingST22-Final2 provides an 'endturn'
  command that ends the current AI's turn and announces the start of the next turn using the example
   interaction's phrasing.
    - ProgrammingST22-Final2 USES side length parameter (second CLI argument): The second
  command-line parameter specifies the board side length (e.g., 5 → 5×5 board)
    - ProgrammingST22-Final2 RELATES_TO task.md (Abschnitt 4/9) pending: ProgrammingST22-Final2
  currently has no backlog or tasks; backlog creation awaits Abschnitt 4/9.
    - ProgrammingST22-Final2 RELATES_TO Abschnitt 3/9: Section 3/9 has been recorded for
  ProgrammingST22-Final2
    - ProgrammingST22-Final2 RELATES_TO Ship module configuration flow: ProgrammingST22-Final2
  configures AI ships by prompting modules in a fixed ship order; module options are listed
  alphabetically; invalid ship configurations are detected early, trigger an error, and cause
  repetition of configuration only for that ship (previous ships' correct configurations are not
  re-asked).
    - ProgrammingST22-Final2 RELATES_TO Field configuration via row-wise string and subsequent
  behavior: After ship configuration the game requires a board string input using '.' for empty, '1'
   half cover, '2' full cover, and ship letters; the string lists cells row-wise; invalid inputs
  cause an error and re-prompt for the field only; on valid input Alpha's turn begins and is
  announced.
    - ProgrammingST22-Final2 RELATES_TO Welcome message at startup: At program start
  ProgrammingST22-Final2 displays a welcome message before requesting ship/module configuration.
    - ProgrammingST22-Final2 RELATES_TO action & module-destruction conventions:
  ProgrammingST22-Final2 defines action invocation syntax (`<AKTEUR> <AKTION> <ZIEL>` or `<AKTEUR>
  <AKTION> <X> <Y>`), normally produces no output on success, and specifies detailed
  module-destruction and dialog/output conventions (Roll/Bonus output, 'missed', '<Ship> looses
  <Module>' messages, '<Ship> was destroyed', selection prompt format, alphabetical listing for
  choices, re-prompt on invalid selection without reprinting the intro, destruction order follows
  configuration and first-instance rule, and 'ramm' uses same loss handling).
    - ProgrammingST22-Final2 CONSTRAINT Spielfeld: ProgrammingST22-Final2 CONSTRAINT Spielfeld must
  be square, odd side length ≥ 5, SW-NE axis-symmetric, use Manhattan distance, and no empty tile
  may be fully surrounded.
    - ProgrammingST22-Final2 CONSTRAINT Spielablauf: ProgrammingST22-Final2 CONSTRAINT Game flow:
  set field size, seed, container count → select modules → place ships → Alpha starts → alternate
  turns; game ends when a Sammler is destroyed.
  </entity_paths>
  <entity_matches>
    - ProgrammingST22-Final2 (score: 1.00) — Project/repository implementing the AlphaZeta (AZ) game
    - Game flow (score: 0.82) — AlphaZeta runtime sequence
    - AlphaZeta (AZ) implementation (score: 0.81) — game code in ProgrammingST22-Final2 project
    - AlphaZeta (AZ) (score: 0.79) — AlphaZeta game implementation in ProgrammingST22-Final2
    - Text-based user interface (score: 0.79) — Command-line, text-based interface for playing
  AlphaZeta.
  </entity_matches>
  <insights>
    - Agent community around ProgrammingST22-Final2, System.in, System.out connects task.md
  (Abschnitt 4/9) pending, Exact output matching, Error message format and behavior, No reassignment
   of standard streams. Relevant agent facts: ProgrammingST22-Final2 currently has no backlog or
  tasks; backlog creation awaits Abschnitt 4/9.; ProgrammingST22-Final2 CONSTRAINT: all program
  outputs must exactly match the specified text including capitalization, spaces, and newlines; no
  additional outputs are allowed.; ProgrammingST22-Final2 CONSTRAINT: error messages must begin with
   'Error,', contain no special characters (e.g., no Umlauts or newlines), may be in English, and
  may be written to System.err optionally; after an error the program continues and waits for next
  input.
    - Agent community around Game flow, Alpha's turn announcement. Relevant agent facts: After a
  correct board configuration, the game announces the start of Alpha's turn
    - Agent community around AlphaZeta (AZ) implementation, Random usage rule. Relevant agent facts:
   Implementation must instantiate a single Random using Random(long seed) and use only its
  nextInt(int bound) for deterministic random numbers
    - Agent community around AlphaZeta (AZ), Manhatten-Distanz d₁, Manhattan distance (d₁) connects
  Asteroidengürtel, Z, Jahr 2985, Tile occupancy rule: max one ship or cover per tile. Relevant
  agent facts: AI 'A' is tasked with extracting resources from the asteroid belt.; AlphaZeta (AZ)
  includes an artificial intelligence named 'A'.; The AIs 'A' and 'Z' fight each other (compete).
    - Agent community around Text-based user interface, Case-insensitive input. Relevant agent
  facts: The task.md requires AlphaZeta (AZ) to be playable via a text-based user interface.;
  ProgrammingST22-Final2 uses a text-based user interface.; Text-based user interface input must be
  case-insensitive.
  </insights>

● adaptive-memory extension active (role=coding, memorySession=20260725-210644-coding) - type
  /memory-help. MCP tools registered (memory=true, backlog=true).

✗ Get Scratchpad (MCP: agentic-memory) · sessionId: "46ce9331-be7b-4757-bab6-0ef9593b9224"
  └ MCP server 'agentic-memory': Forbidden.

● Claim Next Task (MCP: agentic-memory) · backlogId: "4c4e32b2-515c-4ec6-aedf-797a20613db9"
  └ Claimed task "Core Domain Types" (36fbf78a-7525-4e7e-bd68-a25a62641bf4) and m...

● [turn-persistence] [turn-persistence] turn_end SKIPPED ai: no assistant message with content



● List directory .
  └ 13 files found

● List directory src
  └ 1 file found

● Read pom.xml
  └ 32 lines read

● [turn-persistence] [turn-persistence] turn_end SKIPPED ai: no assistant message with content



● Read task.md
  └ 1 line read

● Read guidelines.md
  └ 165 lines read



● Read task.md
  └ L1:100 (100 lines read)

● Search (grep)
  │ "Tabelle.*Modul|Module|ENGINE|SWORD|RAILGUN|SHIELD|SENSOR|PROPULSION|CONTAINER" (task.md)
  └ 42 lines found

● [turn-persistence] [turn-persistence] turn_end SKIPPED ai: no assistant message with content

● Read task.md
  └ L116:135 (20 lines read)

● [turn-persistence] [turn-persistence] turn_end SKIPPED ai: no assistant message with content



● Create package directory structure (shell)
  │ mkdir -p
  │ /Users/nghalinh2711/Development/student-repos/st22final02/src/edu/kit/kastel/alphazeta/core
  └ 1 line…



● Create Position.java +24
  └ src/edu/kit/kastel/alphazeta/core/Position.java

● Create Action.java +58
  └ src/edu/kit/kastel/alphazeta/core/Action.java

● Create Cover.java +59
  └ src/edu/kit/kastel/alphazeta/core/Cover.java



● Create Module.java +111
  └ src/edu/kit/kastel/alphazeta/core/Module.java

● Create Tile.java +45
  └ src/edu/kit/kastel/alphazeta/core/Tile.java



● Compile with Maven to verify core types (shell)
  │ cd /Users/nghalinh2711/Development/student-repos/st22final02 && mvn compile --quiet 2>&1
  └ 1 line…



● Run checkstyle to verify compliance (shell)
  │ cd /Users/nghalinh2711/Development/student-repos/st22final02 && mvn checkstyle:check --quiet
  │ 2>&1 || true
  └ 38 lines…



● Read checkstyle.xml
  └ 353 lines read



● Create package-info.java +6
  └ src/edu/kit/kastel/alphazeta/core/package-info.java



● Edit Action.java +6 -4
  └ src/edu/kit/kastel/alphazeta/core/Action.java

● Edit Position.java +1 -1
  └ src/edu/kit/kastel/alphazeta/core/Position.java

● Edit Cover.java +8 -6
  └ src/edu/kit/kastel/alphazeta/core/Cover.java



✗ Edit Module.java
  │ src/edu/kit/kastel/alphazeta/core/Module.java
  └ No match found

● Edit Tile.java +22
  └ src/edu/kit/kastel/alphazeta/core/Tile.java

● Read Module.java
  │ src/edu/kit/kastel/alphazeta/core/Module.java
  └ 110 lines read

● [turn-persistence] [turn-persistence] turn_end SKIPPED ai: no assistant message with content

● Rewrite Module.java with checkstyle fixes (shell)
  │ cat > /Users/nghalinh2711/Development/student-repos/st22final02/src/edu/kit/kastel/alphazeta/c
  │ ore/Module.java << 'JAVAEOF'
  │ package edu.kit.kastel.alphazeta.core;
  │
  │ import java.util.Collections;…
  └ 111 lines…

● [turn-persistence] [turn-persistence] turn_end SKIPPED ai: no assistant message with content



● Compile to verify changes (shell)
  │ cd /Users/nghalinh2711/Development/student-repos/st22final02 && mvn compile --quiet 2>&1 && echo
  │ "COMPILE OK"
  └ 2 lines…

● Run checkstyle and filter errors (shell)
  │ cd /Users/nghalinh2711/Development/student-repos/st22final02 && mvn checkstyle:check 2>&1 | grep
  │ -E "ERROR|WARN|violation" | head -40
  └ 14 lines…

● [turn-persistence] [turn-persistence] turn_end SKIPPED ai: no assistant message with content



● Search (glob)
  │ "**/checkstyle*"
  └ 1 file found

● Check Maven effective POM for checkstyle config (shell)
  │ cd /Users/nghalinh2711/Development/student-repos/st22final02 && mvn help:effective-pom 2>&1 |
  │ grep -i checkstyle | head -10
  └ 1 line…

● Run checkstyle with explicit config file (shell)
  │ cd /Users/nghalinh2711/Development/student-repos/st22final02 && mvn checkstyle:check
  │ -Dcheckstyle.config.location=checkstyle.xml 2>&1 | grep -E "ERROR|WARN|violation" | head -40
  └ 8 lines…

● [turn-persistence] [turn-persistence] turn_end SKIPPED ai: no assistant message with content

● Run checkstyle with default config to see all errors (shell)
  │ cd /Users/nghalinh2711/Development/student-repos/st22final02 && mvn checkstyle:check 2>&1 | head
  │ -50
  └ 29 lines…

● [turn-persistence] [turn-persistence] turn_end SKIPPED ai: no assistant message with content



● Edit checkstyle.xml +1 -1

● Edit checkstyle.xml +1 -1



● Edit pom.xml +11

● Run checkstyle with project config (shell)
  │ cd /Users/nghalinh2711/Development/student-repos/st22final02 && mvn checkstyle:check 2>&1
  └ 22 lines…

● [turn-persistence] [turn-persistence] turn_end SKIPPED ai: no assistant message with content



● Edit Cover.java +1
  └ src/edu/kit/kastel/alphazeta/core/Cover.java

● Edit Cover.java +1
  └ src/edu/kit/kastel/alphazeta/core/Cover.java



● Read Tile.java
  │ src/edu/kit/kastel/alphazeta/core/Tile.java
  └ 66 lines read

● Edit Tile.java +3
  └ src/edu/kit/kastel/alphazeta/core/Tile.java

● [turn-persistence] [turn-persistence] turn_end SKIPPED ai: no assistant message with content

● Edit Tile.java -2
  └ src/edu/kit/kastel/alphazeta/core/Tile.java

● [turn-persistence] [turn-persistence] turn_end SKIPPED ai: no assistant message with content

● Compile and run checkstyle (shell)
  │ cd /Users/nghalinh2711/Development/student-repos/st22final02 && mvn compile --quiet 2>&1 && mvn
  │ checkstyle:check 2>&1
  └ 19 lines…

● [turn-persistence] [turn-persistence] turn_end SKIPPED ai: no assistant message with content



● Edit pom.xml -1



● Final verification - checkstyle + file list (shell)
  │ cd /Users/nghalinh2711/Development/student-repos/st22final02 && mvn checkstyle:check 2>&1 &&
  │ echo "---" && find src -name "*.java" | sort
  └ 25 lines…



● Update Task (MCP: agentic-memory) · backlogId: "4c4e32b2-515c-4ec6-aedf-797a20613db9", taskId: "3…
  └ Task "Core Domain Types" (36fbf78a-7525-4e7e-bd68-a25a62641bf4) updated to st...

● Update Scratchpad (MCP: agentic-memory) · sessionId: "46ce9331-be7b-4757-bab6-0ef9593b9224", note…
  └ Scratchpad updated.



● Claim Next Task (MCP: agentic-memory) · backlogId: "4c4e32b2-515c-4ec6-aedf-797a20613db9"
  └ Claimed task "Random Generator Setup" (eba7a918-0bdc-49bf-af11-49ad10e10a0f) ...



● Create DiceRoller.java +35
  └ src/edu/kit/kastel/alphazeta/core/DiceRoller.java

● Compile and verify DiceRoller (shell)
  │ cd /Users/nghalinh2711/Development/student-repos/st22final02 && mvn compile --quiet 2>&1 && mvn
  │ checkstyle:check 2>&1
  └ 18 lines…

● [turn-persistence] [turn-persistence] turn_end SKIPPED ai: no assistant message with content



● Search (grep)
  │ "new Random\(|java\.util\.Random" (src)
  └ 2 lines found



● Update Task (MCP: agentic-memory) · state: "done", taskId: "eba7a918-0bdc-49bf-af11-49ad10e10a0f"…
  └ Task "Random Generator Setup" (eba7a918-0bdc-49bf-af11-49ad10e10a0f) updated ...

● Update Scratchpad (MCP: agentic-memory) · notes: "Task "Random Generator Setup" (eba7a918) done. …
  └ Scratchpad updated.

● Claim Next Task (MCP: agentic-memory) · backlogId: "4c4e32b2-515c-4ec6-aedf-797a20613db9"
  └ Claimed task "CLI Argument Parsing & Validation" (7a38fc20-86fe-4b33-b589-154...

● [turn-persistence] [turn-persistence] turn_end SKIPPED ai: no assistant message with content



● Create GameConfig.java +41
  └ src/edu/kit/kastel/alphazeta/core/GameConfig.java

● Create Main.java +69
  └ src/edu/kit/kastel/alphazeta/Main.java

● Compile and verify CLI parsing (shell)
  │ cd /Users/nghalinh2711/Development/student-repos/st22final02 && mvn compile --quiet 2>&1 && mvn
  │ checkstyle:check 2>&1
  └ 18 lines…

● [turn-persistence] [turn-persistence] turn_end SKIPPED ai: no assistant message with content



● Test CLI argument parsing (shell)
  │ cd /Users/nghalinh2711/Development/student-repos/st22final02 && echo "=== Valid ===" && java
  │ -cp target/classes edu.kit.kastel.alphazeta.Main 42 5 2 2>&1; echo "exit=$?" && echo "===
  │ Invalid seed ===" && java -cp target/classes edu.kit.kastel.alphazeta.Main abc 5 2 2>&1; echo
  │ "exit=$?" && echo "=== Even board ===" && java -cp target/classes
  │ edu.kit.kastel.alphazeta.Main 42 6 2 2>&1; echo "exit=$?" && echo "=== Too many containers …
  └ 18 lines…



● Update Task (MCP: agentic-memory) · state: "done", taskId: "7a38fc20-86fe-4b33-b589-154f94c8f3c1"…
  └ Task "CLI Argument Parsing & Validation" (7a38fc20-86fe-4b33-b589-154f94c8f3c...

● Update Scratchpad (MCP: agentic-memory) · notes: "Task "CLI Argument Parsing" (7a38fc20) done. Cr…
  └ Scratchpad updated.

● Claim Next Task (MCP: agentic-memory) · backlogId: "4c4e32b2-515c-4ec6-aedf-797a20613db9"
  └ Claimed task "Ship Data Model" (cf95947d-1f6a-4a01-b7c4-736370cec441) and mar...

● [turn-persistence] [turn-persistence] turn_end SKIPPED ai: no assistant message with content



● Create Owner.java +24
  └ src/edu/kit/kastel/alphazeta/core/Owner.java

● Create ShipType.java +14
  └ src/edu/kit/kastel/alphazeta/core/ShipType.java



● Create Ship.java +246
  └ src/edu/kit/kastel/alphazeta/core/Ship.java

● Compile and verify Ship model (shell)
  │ cd /Users/nghalinh2711/Development/student-repos/st22final02 && mvn compile --quiet 2>&1 && mvn
  │ checkstyle:check 2>&1
  └ 18 lines…

● [turn-persistence] [turn-persistence] turn_end SKIPPED ai: no assistant message with content



● Update Task (MCP: agentic-memory) · state: "done", taskId: "cf95947d-1f6a-4a01-b7c4-736370cec441"…
  └ Task "Ship Data Model" (cf95947d-1f6a-4a01-b7c4-736370cec441) updated to stat...

● Update Scratchpad (MCP: agentic-memory) · notes: "Task "Ship Data Model" (cf95947d) done. Created…
  └ Scratchpad updated.

● Claim Next Task (MCP: agentic-memory) · backlogId: "4c4e32b2-515c-4ec6-aedf-797a20613db9"
  └ Claimed task "Board Data Model & Validation" (39f695dc-7ce3-4b62-9ae2-e5e9df4...

● [turn-persistence] [turn-persistence] turn_end SKIPPED ai: no assistant message with content



● Create Board.java +270
  └ src/edu/kit/kastel/alphazeta/core/Board.java

● Compile and verify Board (shell)
  │ cd /Users/nghalinh2711/Development/student-repos/st22final02 && mvn compile --quiet 2>&1 && mvn
  │ checkstyle:check 2>&1
  └ 18 lines…

● [turn-persistence] [turn-persistence] turn_end SKIPPED ai: no assistant message with content



● Update Scratchpad (MCP: agentic-memory) · notes: "Task "Board Data Model" (39f695dc) done. Create…
  └ Scratchpad updated.

● Update Task (MCP: agentic-memory) · state: "done", taskId: "39f695dc-7ce3-4b62-9ae2-e5e9df455a10"…
  └ Task "Board Data Model & Validation" (39f695dc-7ce3-4b62-9ae2-e5e9df455a10) u...

● Claim Next Task (MCP: agentic-memory) · backlogId: "4c4e32b2-515c-4ec6-aedf-797a20613db9"
  └ Claimed task "Welcome & Alpha Ship Configuration" (5404a10d-10d6-4d3c-8568-34...

● [turn-persistence] [turn-persistence] turn_end SKIPPED ai: no assistant message with content



● Read examples.md
  └ L1:80 (80 lines read)



● Create Game.java +329
  └ src/edu/kit/kastel/alphazeta/Game.java



● Edit Game.java +2
  └ src/edu/kit/kastel/alphazeta/Game.java

● Edit Game.java +1
  └ src/edu/kit/kastel/alphazeta/Game.java

● Edit Game.java +3
  └ src/edu/kit/kastel/alphazeta/Game.java

● Edit Game.java +4 -1
  └ src/edu/kit/kastel/alphazeta/Game.java



● Edit Main.java +2 -1
  └ src/edu/kit/kastel/alphazeta/Main.java

● Compile and verify Game setup (shell)
  │ cd /Users/nghalinh2711/Development/student-repos/st22final02 && mvn compile --quiet 2>&1 && mvn
  │ checkstyle:check 2>&1
  └ 18 lines…

● [turn-persistence] [turn-persistence] turn_end SKIPPED ai: no assistant message with content



● Test Alpha ship configuration (shell)
  │ cd /Users/nghalinh2711/Development/student-repos/st22final02 && echo -e
  │ "shield,sensor,sword\nsword,sword\nrailgun,sword" | java -cp target/classes
  │ edu.kit.kastel.alphazeta.Main 0 5 0 2>&1
  └ 17 lines…



● Edit Game.java +4 -1
  └ src/edu/kit/kastel/alphazeta/Game.java

● Stop shell
  └ 1 line…

● [turn-persistence] [turn-persistence] turn_end SKIPPED ai: no assistant message with content

● Test Alpha ship config with quit (shell)
  │ cd /Users/nghalinh2711/Development/student-repos/st22final02 && mvn compile --quiet 2>&1 && echo
  │ -e "shield,sensor,sword\nsword,sword\nrailgun,sword\nquit" | java -cp target/classes
  │ edu.kit.kastel.alphazeta.Main 0 5 0 2>&1
  └ 12 lines…

● [turn-persistence] [turn-persistence] turn_end SKIPPED ai: no assistant message with content



● Edit Game.java +1 -6
  └ src/edu/kit/kastel/alphazeta/Game.java



● Test fixed validation (shell)
  │ cd /Users/nghalinh2711/Development/student-repos/st22final02 && mvn compile --quiet 2>&1 && echo
  │ -e "shield,sensor,sword\nsword,sword\nrailgun,sword" | java -cp target/classes
  │ edu.kit.kastel.alphazeta.Main 0 5 0 2>&1
  └ 9 lines…



● Final checkstyle check (shell)
  │ cd /Users/nghalinh2711/Development/student-repos/st22final02 && mvn checkstyle:check 2>&1 | tail
  │ -5
  └ 6 lines…

● Update Task (MCP: agentic-memory) · state: "done", taskId: "5404a10d-10d6-4d3c-8568-342b49b96f26"…
  └ Task "Welcome & Alpha Ship Configuration" (5404a10d-10d6-4d3c-8568-342b49b96f...

● Update Scratchpad (MCP: agentic-memory) · notes: "Task "Welcome & Alpha Ship Configuration" (5404…
  └ Scratchpad updated.

● [turn-persistence] [turn-persistence] turn_end SKIPPED ai: no assistant message with content

● Claim Next Task (MCP: agentic-memory) · backlogId: "4c4e32b2-515c-4ec6-aedf-797a20613db9"
  └ Claimed task "Zeta Ship Configuration with Fleet-Wide Validation" (2636e1f7-2...

● [turn-persistence] [turn-persistence] turn_end SKIPPED ai: no assistant message with content



● Edit Game.java +4
  └ src/edu/kit/kastel/alphazeta/Game.java



● Edit Game.java +23
  └ src/edu/kit/kastel/alphazeta/Game.java

● Compile and verify Zeta config (shell)
  │ cd /Users/nghalinh2711/Development/student-repos/st22final02 && mvn compile --quiet 2>&1 && mvn
  │ checkstyle:check 2>&1 | tail -5
  └ 6 lines…

● [turn-persistence] [turn-persistence] turn_end SKIPPED ai: no assistant message with content



● Test full ship configuration matching example (shell)
  │ cd /Users/nghalinh2711/Development/student-repos/st22final02 && printf "shield,sensor,sword\nSWO
  │ RD,SWORD\nRAILGUN,SWORD\nSHIELD,SENSOR,SWORD\nSWORD,SWORD\nRAILGUN,SWORD\n" | java -cp
  │ target/classes edu.kit.kastel.alphazeta.Main 0 5 0 2>&1
  └ 16 lines…



● Test sensor fleet-wide validation (shell)
  │ cd /Users/nghalinh2711/Development/student-repos/st22final02 && printf
  │ "SENSOR,RAILGUN\nSENSOR\nSWORD\n\n" | java -cp target/classes edu.kit.kastel.alphazeta.Main 0 5
  │ 0 2>&1
  └ 15 lines…



● Update Scratchpad (MCP: agentic-memory) · notes: "Task "Zeta Ship Configuration" (2636e1f7) done.…
  └ Scratchpad updated.

● Update Task (MCP: agentic-memory) · state: "done", taskId: "2636e1f7-262c-4c8e-9d66-8c1e1aca4645"…
  └ Task "Zeta Ship Configuration with Fleet-Wide Validation" (2636e1f7-262c-4c8e...

● Claim Next Task (MCP: agentic-memory) · backlogId: "4c4e32b2-515c-4ec6-aedf-797a20613db9"
  └ Claimed task "Board Input Parsing" (fffead73-7b63-4088-9ea6-a2d20aa148f7) and...

● [turn-persistence] [turn-persistence] turn_end SKIPPED ai: no assistant message with content



● Edit Game.java +6
  └ src/edu/kit/kastel/alphazeta/Game.java

● Edit Game.java +2
  └ src/edu/kit/kastel/alphazeta/Game.java



● Edit Game.java +6 -1
  └ src/edu/kit/kastel/alphazeta/Game.java



● Search (grep)
  │ "private void configureAttackShip" (src/edu/kit/kastel/alphazeta/Game.java)
  └ 1 line found

● Search (grep)
  │ "private String validateModuleSelection" (src/edu/kit/kastel/alphazeta/Game.java)
  └ 1 line found

● [turn-persistence] [turn-persistence] turn_end SKIPPED ai: no assistant message with content

● Read Game.java
  │ src/edu/kit/kastel/alphazeta/Game.java
  └ L270:310 (41 lines read)

● [turn-persistence] [turn-persistence] turn_end SKIPPED ai: no assistant message with content

● Edit Game.java +97
  └ src/edu/kit/kastel/alphazeta/Game.java

● [turn-persistence] [turn-persistence] turn_end SKIPPED ai: no assistant message with content



● Edit Game.java +3
  └ src/edu/kit/kastel/alphazeta/Game.java

● Edit Game.java +4
  └ src/edu/kit/kastel/alphazeta/Game.java

● [turn-persistence] [turn-persistence] turn_end SKIPPED ai: no assistant message with content



● Edit Game.java +2 -2
  └ src/edu/kit/kastel/alphazeta/Game.java

● Edit Game.java +2 -2
  └ src/edu/kit/kastel/alphazeta/Game.java

● Edit Game.java +1 -1
  └ src/edu/kit/kastel/alphazeta/Game.java

● [turn-persistence] [turn-persistence] turn_end SKIPPED ai: no assistant message with content

● Compile board parsing (shell)
  │ cd /Users/nghalinh2711/Development/student-repos/st22final02 && mvn compile --quiet 2>&1
  └ 1 line…

● [turn-persistence] [turn-persistence] turn_end SKIPPED ai: no assistant message with content

● Checkstyle check (shell)
  │ cd /Users/nghalinh2711/Development/student-repos/st22final02 && mvn checkstyle:check 2>&1 | tail
  │ -5
  └ 6 lines…

● [turn-persistence] [turn-persistence] turn_end SKIPPED ai: no assistant message with content

● Full setup test with board parsing (shell)
  │ cd /Users/nghalinh2711/Development/student-repos/st22final02 && printf
  │ "shield,sensor,sword\nSWORD,SWORD\nRAILGUN,SWORD\nSHIELD,SENSOR,SWORD\nSWORD,SWORD\nRAILGUN,SWOR
  │ D\nA1..W.D...C2..X..2.1B.Y.Z\n" | java -cp target/classes edu.kit.kastel.alphazeta.Main 0 5 0
  │ 2>&1
  └ 19 lines…

● [turn-persistence] [turn-persistence] turn_end SKIPPED ai: no assistant message with content



● Edit Board.java +5 -2
  └ src/edu/kit/kastel/alphazeta/core/Board.java

● Test full setup with fixed symmetry (shell)
  │ cd /Users/nghalinh2711/Development/student-repos/st22final02 && mvn compile --quiet 2>&1 &&
  │ printf "shield,sensor,sword\nSWORD,SWORD\nRAILGUN,SWORD\nSHIELD,SENSOR,SWORD\nSWORD,SWORD\nRAILG
  │ UN,SWORD\nA1..W.D...C2..X..2.1B.Y.Z\n" | java -cp target/classes edu.kit.kastel.alphazeta.Main 0
  │ 5 0 2>&1
  └ 19 lines…

● [turn-persistence] [turn-persistence] turn_end SKIPPED ai: no assistant message with content



● Test sensor error + board (shell)
  │ cd /Users/nghalinh2711/Development/student-repos/st22final02 && printf "SENSOR,RAILGUN\nSENSOR\n
  │ SWORD\nSHIELD,SENSOR,SWORD\nSWORD,SWORD\nRAILGUN,SWORD\nA1..W.D...C2..X..2.1B.Y.Z\n" | java -cp
  │ target/classes edu.kit.kastel.alphazeta.Main 0 5 0 2>&1
  └ 23 lines…



● Checkstyle check (shell)
  │ cd /Users/nghalinh2711/Development/student-repos/st22final02 && mvn checkstyle:check 2>&1 | tail
  │ -5
  └ 6 lines…

● Update Task (MCP: agentic-memory) · state: "done", taskId: "fffead73-7b63-4088-9ea6-a2d20aa148f7"…
  └ Task "Board Input Parsing" (fffead73-7b63-4088-9ea6-a2d20aa148f7) updated to ...

● Update Scratchpad (MCP: agentic-memory) · notes: "Task "Board Input Parsing" (fffead73) done. Add…
  └ Scratchpad updated.

● [turn-persistence] [turn-persistence] turn_end SKIPPED ai: no assistant message with content

● Claim Next Task (MCP: agentic-memory) · backlogId: "4c4e32b2-515c-4ec6-aedf-797a20613db9"
  └ Claimed task "Help Command" (9cfe950e-85c2-4234-9dae-95923aaa5d51) and marked...

● [turn-persistence] [turn-persistence] turn_end SKIPPED ai: no assistant message with content



● Edit Game.java +2 -1
  └ src/edu/kit/kastel/alphazeta/Game.java



● Edit Game.java -1
  └ src/edu/kit/kastel/alphazeta/Game.java



● Edit Game.java +54
  └ src/edu/kit/kastel/alphazeta/Game.java



● Test help command (shell)
  │ cd /Users/nghalinh2711/Development/student-repos/st22final02 && mvn compile --quiet 2>&1 &&
  │ printf "shield,sensor,sword\nSWORD,SWORD\nRAILGUN,SWORD\nSHIELD,SENSOR,SWORD\nSWORD,SWORD\nRAILG
  │ UN,SWORD\nA1..W.D...C2..X..2.1B.Y.Z\nhelp\nquit\n" | java -cp target/classes
  │ edu.kit.kastel.alphazeta.Main 0 5 0 2>&1
  └ 27 lines…



● Update Task (MCP: agentic-memory) · state: "done", taskId: "9cfe950e-85c2-4234-9dae-95923aaa5d51"…
  └ Task "Help Command" (9cfe950e-85c2-4234-9dae-95923aaa5d51) updated to state: ...

● Update Scratchpad (MCP: agentic-memory) · notes: "Task "Help Command" (9cfe950e) done. Added game…
  └ Scratchpad updated.

● Claim Next Task (MCP: agentic-memory) · backlogId: "4c4e32b2-515c-4ec6-aedf-797a20613db9"
  └ Claimed task "Board Display Command" (36be4f09-128a-4a4a-b3af-b0fe92e67200) a...

● [turn-persistence] [turn-persistence] turn_end SKIPPED ai: no assistant message with content



● Edit Board.java +23 -3
  └ src/edu/kit/kastel/alphazeta/core/Board.java



● Edit Game.java +1
  └ src/edu/kit/kastel/alphazeta/Game.java



● Edit Game.java +19
  └ src/edu/kit/kastel/alphazeta/Game.java

● Test board command (shell)
  │ cd /Users/nghalinh2711/Development/student-repos/st22final02 && mvn compile --quiet 2>&1 &&
  │ printf "shield,sensor,sword\nSWORD,SWORD\nRAILGUN,SWORD\nSHIELD,SENSOR,SWORD\nSWORD,SWORD\nRAILG
  │ UN,SWORD\nA1..W.D...C2..X..2.1B.Y.Z\nboard\nquit\n" | java -cp target/classes
  │ edu.kit.kastel.alphazeta.Main 0 5 0 2>&1
  └ 24 lines…

● [turn-persistence] [turn-persistence] turn_end SKIPPED ai: no assistant message with content



● Checkstyle check (shell)
  │ cd /Users/nghalinh2711/Development/student-repos/st22final02 && mvn checkstyle:check 2>&1 | tail
  │ -5
  └ 6 lines…

● Update Task (MCP: agentic-memory) · state: "done", taskId: "36be4f09-128a-4a4a-b3af-b0fe92e67200"…
  └ Task "Board Display Command" (36be4f09-128a-4a4a-b3af-b0fe92e67200) updated t...

● Update Scratchpad (MCP: agentic-memory) · notes: "Task "Board Display Command" (36be4f09) done. A…
  └ Scratchpad updated.

● [turn-persistence] [turn-persistence] turn_end SKIPPED ai: no assistant message with content

● Claim Next Task (MCP: agentic-memory) · backlogId: "4c4e32b2-515c-4ec6-aedf-797a20613db9"
  └ Claimed task "Fleet Display Command" (b199c572-86e4-4bb0-8402-0d2a6bf96370) a...

● [turn-persistence] [turn-persistence] turn_end SKIPPED ai: no assistant message with content



● Edit Game.java +1
  └ src/edu/kit/kastel/alphazeta/Game.java

● Edit Game.java +40
  └ src/edu/kit/kastel/alphazeta/Game.java

● [turn-persistence] [turn-persistence] turn_end SKIPPED ai: no assistant message with content

● Test fleet command (shell)
  │ cd /Users/nghalinh2711/Development/student-repos/st22final02 && mvn compile --quiet 2>&1 &&
  │ printf "shield,sensor,sword\nSWORD,SWORD\nRAILGUN,SWORD\nSHIELD,SENSOR,SWORD\nSWORD,SWORD\nRAILG
  │ UN,SWORD\nA1..W.D...C2..X..2.1B.Y.Z\nfleet\nquit\n" | java -cp target/classes
  │ edu.kit.kastel.alphazeta.Main 0 5 0 2>&1
  └ 29 lines…

● [turn-persistence] [turn-persistence] turn_end SKIPPED ai: no assistant message with content



● Test fleet with containers (shell)
  │ cd /Users/nghalinh2711/Development/student-repos/st22final02 && printf
  │ "shield,sensor,sword\nSWORD,SWORD\nRAILGUN,SWORD\nSHIELD,SENSOR,SWORD\nSWORD,SWORD\nRAILGUN,SWOR
  │ D\nA1..W.D...C2..X..2.1B.Y.Z\nfleet\nquit\n" | java -cp target/classes
  │ edu.kit.kastel.alphazeta.Main 0 5 2 2>&1 | tail -10
  └ 11 lines…

● Update Task (MCP: agentic-memory) · state: "done", taskId: "b199c572-86e4-4bb0-8402-0d2a6bf96370"…
  └ Task "Fleet Display Command" (b199c572-86e4-4bb0-8402-0d2a6bf96370) updated t...

● [turn-persistence] [turn-persistence] turn_end SKIPPED ai: no assistant message with content

● Claim Next Task (MCP: agentic-memory) · backlogId: "4c4e32b2-515c-4ec6-aedf-797a20613db9"
  └ Claimed task "Actions Display Command" (4d5156a1-4be3-465d-b3a8-a53b96096916)...

● [turn-persistence] [turn-persistence] turn_end SKIPPED ai: no assistant message with content



● Edit Game.java +2
  └ src/edu/kit/kastel/alphazeta/Game.java

● Edit Game.java +1
  └ src/edu/kit/kastel/alphazeta/Game.java

● [turn-persistence] [turn-persistence] turn_end SKIPPED ai: no assistant message with content



● Edit Ship.java +17
  └ src/edu/kit/kastel/alphazeta/core/Ship.java



● Edit Game.java +1
  └ src/edu/kit/kastel/alphazeta/Game.java



● Edit Game.java +36
  └ src/edu/kit/kastel/alphazeta/Game.java

● Test actions command (shell)
  │ cd /Users/nghalinh2711/Development/student-repos/st22final02 && mvn compile --quiet 2>&1 &&
  │ printf "shield,sensor,sword\nSWORD,SWORD\nRAILGUN,SWORD\nSHIELD,SENSOR,SWORD\nSWORD,SWORD\nRAILG
  │ UN,SWORD\nA1..W.D...C2..X..2.1B.Y.Z\nactions B\nactions Z\nquit\n" | java -cp target/classes
  │ edu.kit.kastel.alphazeta.Main 0 5 0 2>&1 | tail -10
  └ 28 lines…

● [turn-persistence] [turn-persistence] turn_end SKIPPED ai: no assistant message with content



● Edit Game.java +1
  └ src/edu/kit/kastel/alphazeta/Game.java

● Edit Game.java +1 -1
  └ src/edu/kit/kastel/alphazeta/Game.java

● Compile (shell)
  │ cd /Users/nghalinh2711/Development/student-repos/st22final02 && mvn compile --quiet 2>&1
  └ 1 line…

● [turn-persistence] [turn-persistence] turn_end SKIPPED ai: no assistant message with content

● Test actions command (shell)
  │ cd /Users/nghalinh2711/Development/student-repos/st22final02 && printf
  │ "shield,sensor,sword\nSWORD,SWORD\nRAILGUN,SWORD\nSHIELD,SENSOR,SWORD\nSWORD,SWORD\nRAILGUN,SWOR
  │ D\nA1..W.D...C2..X..2.1B.Y.Z\nactions B\nactions Z\nquit\n" | java -cp target/classes
  │ edu.kit.kastel.alphazeta.Main 0 5 0 2>&1 | tail -8
  └ 9 lines…

● [turn-persistence] [turn-persistence] turn_end SKIPPED ai: no assistant message with content



● Edit Game.java +1
  └ src/edu/kit/kastel/alphazeta/Game.java



● Edit Game.java
  └ src/edu/kit/kastel/alphazeta/Game.java

● Edit Game.java +12
  └ src/edu/kit/kastel/alphazeta/Game.java

● [turn-persistence] [turn-persistence] turn_end SKIPPED ai: no assistant message with content

● Test fixed actions command (shell)
  │ cd /Users/nghalinh2711/Development/student-repos/st22final02 && mvn compile --quiet 2>&1 &&
  │ printf "shield,sensor,sword\nSWORD,SWORD\nRAILGUN,SWORD\nSHIELD,SENSOR,SWORD\nSWORD,SWORD\nRAILG
  │ UN,SWORD\nA1..W.D...C2..X..2.1B.Y.Z\nactions B\nactions Z\nquit\n" | java -cp target/classes
  │ edu.kit.kastel.alphazeta.Main 0 5 0 2>&1 | tail -6
  └ 7 lines…

● [turn-persistence] [turn-persistence] turn_end SKIPPED ai: no assistant message with content

● Checkstyle (shell)
  │ cd /Users/nghalinh2711/Development/student-repos/st22final02 && mvn checkstyle:check 2>&1 | tail
  │ -5
  └ 6 lines…

● [turn-persistence] [turn-persistence] turn_end SKIPPED ai: no assistant message with content

● Update Task (MCP: agentic-memory) · state: "done", taskId: "4d5156a1-4be3-465d-b3a8-a53b96096916"…
  └ Task "Actions Display Command" (4d5156a1-4be3-465d-b3a8-a53b96096916) updated...

● [turn-persistence] [turn-persistence] turn_end SKIPPED ai: no assistant message with content

● Claim Next Task (MCP: agentic-memory) · backlogId: "4c4e32b2-515c-4ec6-aedf-797a20613db9"
  └ Claimed task "Quit Command" (77342628-074b-4a73-9cff-b3a584d9fa8f) and marked...

● [turn-persistence] [turn-persistence] turn_end SKIPPED ai: no assistant message with content



● Test quit during ship config (shell)
  │ cd /Users/nghalinh2711/Development/student-repos/st22final02 && printf "quit\n" | java -cp
  │ target/classes edu.kit.kastel.alphazeta.Main 0 5 0 2>&1; echo "EXIT: $?"
  └ 6 lines…

● Test quit during game loop (shell)
  │ cd /Users/nghalinh2711/Development/student-repos/st22final02 && printf
  │ "shield,sensor,sword\nSWORD,SWORD\nRAILGUN,SWORD\nSHIELD,SENSOR,SWORD\nSWORD,SWORD\nRAILGUN,SWOR
  │ D\nA1..W.D...C2..X..2.1B.Y.Z\nquit\n" | java -cp target/classes edu.kit.kastel.alphazeta.Main 0
  │ 5 0 2>&1; echo "EXIT: $?"
  └ 20 lines…

● [turn-persistence] [turn-persistence] turn_end SKIPPED ai: no assistant message with content



● Update Task (MCP: agentic-memory) · state: "done", taskId: "77342628-074b-4a73-9cff-b3a584d9fa8f"…
  └ Task "Quit Command" (77342628-074b-4a73-9cff-b3a584d9fa8f) updated to state: ...

● Claim Next Task (MCP: agentic-memory) · backlogId: "4c4e32b2-515c-4ec6-aedf-797a20613db9"
  └ Claimed task "Main Command Parser" (543ea89f-9e07-4af8-88c3-4ffc2c73d3d1) and...

● [turn-persistence] [turn-persistence] turn_end SKIPPED ai: no assistant message with content



● Edit Game.java +17 -2
  └ src/edu/kit/kastel/alphazeta/Game.java



● Edit Game.java +156
  └ src/edu/kit/kastel/alphazeta/Game.java

● Compile (shell)
  │ cd /Users/nghalinh2711/Development/student-repos/st22final02 && mvn compile --quiet 2>&1
  └ 18 lines…

● [turn-persistence] [turn-persistence] turn_end SKIPPED ai: no assistant message with content

● Edit Game.java +1
  └ src/edu/kit/kastel/alphazeta/Game.java

● [turn-persistence] [turn-persistence] turn_end SKIPPED ai: no assistant message with content

● Compile and checkstyle (shell)
  │ cd /Users/nghalinh2711/Development/student-repos/st22final02 && mvn compile --quiet 2>&1 && mvn
  │ checkstyle:check 2>&1 | tail -5
  └ 6 lines…

● [turn-persistence] [turn-persistence] turn_end SKIPPED ai: no assistant message with content



● Test endturn and actions across turns (shell)
  │ cd /Users/nghalinh2711/Development/student-repos/st22final02 && printf
  │ "shield,sensor,sword\nSWORD,SWORD\nRAILGUN,SWORD\nSHIELD,SENSOR,SWORD\nSWORD,SWORD\nRAILGUN,SWOR
  │ D\nA1..W.D...C2..X..2.1B.Y.Z\nendturn\nactions B\nactions W\nendturn\nquit\n" | java -cp
  │ target/classes edu.kit.kastel.alphazeta.Main 0 5 0 2>&1 | tail -15
  └ 16 lines…



● Test move and error handling (shell)
  │ cd /Users/nghalinh2711/Development/student-repos/st22final02 && printf
  │ "shield,sensor,sword\nSWORD,SWORD\nRAILGUN,SWORD\nSHIELD,SENSOR,SWORD\nSWORD,SWORD\nRAILGUN,SWOR
  │ D\nA1..W.D...C2..X..2.1B.Y.Z\nb move 2 1\nboard\nb move 4 4\nboard\nW mark B\nquit\n" | java -cp
  │ target/classes edu.kit.kastel.alphazeta.Main 0 5 0 2>&1 | tail -12
  └ 13 lines…

● Update Task (MCP: agentic-memory) · state: "done", taskId: "543ea89f-9e07-4af8-88c3-4ffc2c73d3d1"…
  └ Task "Main Command Parser" (543ea89f-9e07-4af8-88c3-4ffc2c73d3d1) updated to ...

● [turn-persistence] [turn-persistence] turn_end SKIPPED ai: no assistant message with content

● Claim Next Task (MCP: agentic-memory) · backlogId: "4c4e32b2-515c-4ec6-aedf-797a20613db9"
  └ Claimed task "Move & Propel Action" (efc4e8ad-cb71-463d-82e7-b79d8c2ac64e) an...

● [turn-persistence] [turn-persistence] turn_end SKIPPED ai: no assistant message with content



● Test move and propel (shell)
  │ cd /Users/nghalinh2711/Development/student-repos/st22final02 && printf
  │ "shield,sensor,sword\nSWORD,SWORD\nRAILGUN,SWORD\nSHIELD,SENSOR,SWORD\nSWORD,SWORD\nRAILGUN,SWOR
  │ D\nA1..W.D...C2..X..2.1B.Y.Z\nb move 0 3\nboard\nactions b\nb move 1 0\npropel b 3 1\nquit\n" |
  │ java -cp target/classes edu.kit.kastel.alphazeta.Main 0 5 0 2>&1 | tail -15
  └ 16 lines…



● Test propel with correct syntax (shell)
  │ cd /Users/nghalinh2711/Development/student-repos/st22final02 && printf "propulsion\nshield,sword
  │ \nRAILGUN,SWORD\nSHIELD,SENSOR,SWORD\nSWORD,SWORD\nRAILGUN,SWORD\nA1..W.D...C2..X..2.1B.Y.Z\nb
  │ propel 1 2\nboard\nactions b\nquit\n" | java -cp target/classes edu.kit.kastel.alphazeta.Main 0
  │ 5 0 2>&1 | tail -8
  └ 9 lines…



● Update Task (MCP: agentic-memory) · state: "done", taskId: "efc4e8ad-cb71-463d-82e7-b79d8c2ac64e"…
  └ Task "Move & Propel Action" (efc4e8ad-cb71-463d-82e7-b79d8c2ac64e) updated to...

● Claim Next Task (MCP: agentic-memory) · backlogId: "4c4e32b2-515c-4ec6-aedf-797a20613db9"
  └ Claimed task "Cover Calculation for Attacks" (d6730f0d-1b73-49af-a8ba-b48a8dc...

● [turn-persistence] [turn-persistence] turn_end SKIPPED ai: no assistant message with content



● Verify cover calculation exists (shell)
  │ cd /Users/nghalinh2711/Development/student-repos/st22final02 && mvn compile --quiet 2>&1 && echo
  │ "Cover calculation already in Board.java. Marking done."
  └ 2 lines…

● Update Task (MCP: agentic-memory) · state: "done", taskId: "d6730f0d-1b73-49af-a8ba-b48a8dc4caf4"…
  └ Task "Cover Calculation for Attacks" (d6730f0d-1b73-49af-a8ba-b48a8dc4caf4) u...

● [turn-persistence] [turn-persistence] turn_end SKIPPED ai: no assistant message with content

● Claim Next Task (MCP: agentic-memory) · backlogId: "4c4e32b2-515c-4ec6-aedf-797a20613db9"
  └ Claimed task "Strike Action" (9657a3c6-94c1-450c-8b9b-4a31aea6f888) and marke...

● [turn-persistence] [turn-persistence] turn_end SKIPPED ai: no assistant message with content



● Edit Game.java +1
  └ src/edu/kit/kastel/alphazeta/Game.java

● Edit Game.java +2
  └ src/edu/kit/kastel/alphazeta/Game.java

● Edit Game.java +1
  └ src/edu/kit/kastel/alphazeta/Game.java



● Edit Game.java +144 -3
  └ src/edu/kit/kastel/alphazeta/Game.java



● Edit Game.java +20 -31
  └ src/edu/kit/kastel/alphazeta/Game.java



● Edit Game.java +2
  └ src/edu/kit/kastel/alphazeta/Game.java

● Edit Game.java +1 -1
  └ src/edu/kit/kastel/alphazeta/Game.java

● [turn-persistence] [turn-persistence] turn_end SKIPPED ai: no assistant message with content



● Edit Game.java +1 -2
  └ src/edu/kit/kastel/alphazeta/Game.java



● Edit Game.java +5 -12
  └ src/edu/kit/kastel/alphazeta/Game.java

✗ Edit Game.java
  │ src/edu/kit/kastel/alphazeta/Game.java
  └ No match found

● [turn-persistence] [turn-persistence] turn_end SKIPPED ai: no assistant message with content

● Compile (shell)
  │ cd /Users/nghalinh2711/Development/student-repos/st22final02 && mvn compile --quiet 2>&1
  └ 1 line…

● [turn-persistence] [turn-persistence] turn_end SKIPPED ai: no assistant message with content

● Test strike (shell)
  │ cd /Users/nghalinh2711/Development/student-repos/st22final02 && printf
  │ "shield,sensor,sword\nSWORD,SWORD\nRAILGUN,SWORD\nSHIELD,SENSOR,SWORD\nSWORD,SWORD\nRAILGUN,SWOR
  │ D\nB...A.......ZZZ.Z.Y.X.W\nb move 1 1\nboard\nb strike z\nfleet\nquit\n" | java -cp
  │ target/classes edu.kit.kastel.alphazeta.Main 0 5 0 2>&1 | tail -12
  └ 13 lines…

● [turn-persistence] [turn-persistence] turn_end SKIPPED ai: no assistant message with content

● Test strike with valid board (shell)
  │ cd /Users/nghalinh2711/Development/student-repos/st22final02 && printf
  │ "shield,sensor,sword\nSWORD,SWORD\nRAILGUN,SWORD\nSHIELD,SENSOR,SWORD\nSWORD,SWORD\nRAILGUN,SWOR
  │ D\nB...A......ZZ.Z.Z.Y.X.W\nb move 2 1\nboard\nb strike z\nfleet\nquit\n" | java -cp
  │ target/classes edu.kit.kastel.alphazeta.Main 0 5 0 2>&1 | tail -12
  └ 13 lines…

● [turn-persistence] [turn-persistence] turn_end SKIPPED ai: no assistant message with content

● Count board string chars (shell)
  │ echo -n "B...A......ZZ.Z.Z.Y.X.W" | wc -c
  └ 2 lines…

● [turn-persistence] [turn-persistence] turn_end SKIPPED ai: no assistant message with content

● Test strike with B adjacent to Z (shell)
  │ cd /Users/nghalinh2711/Development/student-repos/st22final02 && printf
  │ "shield,sensor,sword\nSWORD,SWORD\nRAILGUN,SWORD\nSHIELD,SENSOR,SWORD\nSWORD,SWORD\nRAILGUN,SWOR
  │ D\nBZ........A...............\nb strike z\nfleet\nquit\n" | java -cp target/classes
  │ edu.kit.kastel.alphazeta.Main 0 5 0 2>&1 | tail -12
  └ 13 lines…

● [turn-persistence] [turn-persistence] turn_end SKIPPED ai: no assistant message with content

● Count chars (shell)
  │ echo -n "BZ........A..............." | wc -c
  └ 2 lines…

● [turn-persistence] [turn-persistence] turn_end SKIPPED ai: no assistant message with content

● Count adjusted string (shell)
  │ echo -n "BZ........A.............." | wc -c
  └ 2 lines…

● [turn-persistence] [turn-persistence] turn_end SKIPPED ai: no assistant message with content

● Test strike combat (shell)
  │ cd /Users/nghalinh2711/Development/student-repos/st22final02 && printf
  │ "shield,sensor,sword\nSWORD,SWORD\nRAILGUN,SWORD\nSHIELD,SENSOR,SWORD\nSWORD,SWORD\nRAILGUN,SWOR
  │ D\nBZ........A..............\nb strike z\nfleet\nquit\n" | java -cp target/classes
  │ edu.kit.kastel.alphazeta.Main 0 5 0 2>&1 | tail -10
  └ 11 lines…

● [turn-persistence] [turn-persistence] turn_end SKIPPED ai: no assistant message with content



● Update Task (MCP: agentic-memory) · state: "done", taskId: "9657a3c6-94c1-450c-8b9b-4a31aea6f888"…
  └ Task "Strike Action" (9657a3c6-94c1-450c-8b9b-4a31aea6f888) updated to state:...

● Claim Next Task (MCP: agentic-memory) · backlogId: "4c4e32b2-515c-4ec6-aedf-797a20613db9"
  └ Claimed task "Longshot Action" (366eb043-95dd-456c-b393-c6ab4338a359) and mar...

● [turn-persistence] [turn-persistence] turn_end SKIPPED ai: no assistant message with content



● Update Task (MCP: agentic-memory) · state: "done", taskId: "366eb043-95dd-456c-b393-c6ab4338a359"…
  └ Task "Longshot Action" (366eb043-95dd-456c-b393-c6ab4338a359) updated to stat...

● Claim Next Task (MCP: agentic-memory) · backlogId: "4c4e32b2-515c-4ec6-aedf-797a20613db9"
  └ Claimed task "Ramm Action" (df7fa832-b2dc-4bf0-a4a8-5d1c6580cecf) and marked ...

● [turn-persistence] [turn-persistence] turn_end SKIPPED ai: no assistant message with content



● Edit Game.java +12
  └ src/edu/kit/kastel/alphazeta/Game.java

● Compile and checkstyle (shell)
  │ cd /Users/nghalinh2711/Development/student-repos/st22final02 && mvn compile --quiet 2>&1 && mvn
  │ checkstyle:check 2>&1 | tail -3
  └ 4 lines…

● [turn-persistence] [turn-persistence] turn_end SKIPPED ai: no assistant message with content

● Update Task (MCP: agentic-memory) · state: "done", taskId: "df7fa832-b2dc-4bf0-a4a8-5d1c6580cecf"…
  └ Task "Ramm Action" (df7fa832-b2dc-4bf0-a4a8-5d1c6580cecf) updated to state: d...

● [turn-persistence] [turn-persistence] turn_end SKIPPED ai: no assistant message with content

● Claim Next Task (MCP: agentic-memory) · backlogId: "4c4e32b2-515c-4ec6-aedf-797a20613db9"
  └ Claimed task "Mark Action" (9a614ccb-5971-4327-9ce3-605ddda292b9) and marked ...

● [turn-persistence] [turn-persistence] turn_end SKIPPED ai: no assistant message with content



● Edit Game.java +2
  └ src/edu/kit/kastel/alphazeta/Game.java

● Edit Game.java +1
  └ src/edu/kit/kastel/alphazeta/Game.java



● Edit Game.java +6 -1
  └ src/edu/kit/kastel/alphazeta/Game.java

● Edit Game.java +1
  └ src/edu/kit/kastel/alphazeta/Game.java



● Edit Game.java +1 -1
  └ src/edu/kit/kastel/alphazeta/Game.java

● Compile mark changes (shell)
  │ cd /Users/nghalinh2711/Development/student-repos/st22final02 && mvn compile --quiet 2>&1; echo
  │ $?
  └ 2 lines…

● [turn-persistence] [turn-persistence] turn_end SKIPPED ai: no assistant message with content

● Update Task (MCP: agentic-memory) · state: "done", taskId: "9a614ccb-5971-4327-9ce3-605ddda292b9"…
  └ Task "Mark Action" (9a614ccb-5971-4327-9ce3-605ddda292b9) updated to state: d...

● [turn-persistence] [turn-persistence] turn_end SKIPPED ai: no assistant message with content

● Get Tasks (MCP: agentic-memory) · backlogId: "4c4e32b2-515c-4ec6-aedf-797a20613db9"
  └ Output too large to read at once (31.6 KB). Saved to: /var/folders/fs/p8fxyq6...

● [turn-persistence] [turn-persistence] turn_end SKIPPED ai: no assistant message with content

● Get Tasks (MCP: agentic-memory) · backlogId: "4c4e32b2-515c-4ec6-aedf-797a20613db9", state: "to_d…
  └ 1. [to_do] (p115) Module Destruction Logic — Implement core module destructio...

● [turn-persistence] [turn-persistence] turn_end SKIPPED ai: no assistant message with content



● Claim Next Task (MCP: agentic-memory) · backlogId: "4c4e32b2-515c-4ec6-aedf-797a20613db9"
  └ Claimed task "Module Destruction Logic" (05c52235-5ddb-48b2-99ae-eb80952a221d...



● Update Task (MCP: agentic-memory) · state: "done", taskId: "05c52235-5ddb-48b2-99ae-eb80952a221d"…
  └ Task "Module Destruction Logic" (05c52235-5ddb-48b2-99ae-eb80952a221d) update...

● Claim Next Task (MCP: agentic-memory) · backlogId: "4c4e32b2-515c-4ec6-aedf-797a20613db9"
  └ Claimed task "Module Destruction Dialog" (a6941d08-960c-4406-96c1-96ebe60ea8d...

● [turn-persistence] [turn-persistence] turn_end SKIPPED ai: no assistant message with content



● Edit Game.java +153 -22
  └ src/edu/kit/kastel/alphazeta/Game.java

● Compile dialog changes (shell)
  │ cd /Users/nghalinh2711/Development/student-repos/st22final02 && mvn compile --quiet 2>&1
  └ 1 line…

● [turn-persistence] [turn-persistence] turn_end SKIPPED ai: no assistant message with content



● Edit Game.java +4 -3
  └ src/edu/kit/kastel/alphazeta/Game.java

● Checkstyle check (shell)
  │ cd /Users/nghalinh2711/Development/student-repos/st22final02 && mvn checkstyle:check 2>&1 | grep
  │ -E "ERROR|WARN|violation" | head -10
  └ 11 lines…

● [turn-persistence] [turn-persistence] turn_end SKIPPED ai: no assistant message with content



● Edit Game.java -2
  └ src/edu/kit/kastel/alphazeta/Game.java

● Edit Game.java -2
  └ src/edu/kit/kastel/alphazeta/Game.java



● Edit Game.java +2 -4
  └ src/edu/kit/kastel/alphazeta/Game.java



● Edit Game.java +15
  └ src/edu/kit/kastel/alphazeta/Game.java

● Compile (shell)
  │ cd /Users/nghalinh2711/Development/student-repos/st22final02 && mvn compile --quiet 2>&1; echo
  │ $?
  └ 2 lines…

● [turn-persistence] [turn-persistence] turn_end SKIPPED ai: no assistant message with content

● Update Task (MCP: agentic-memory) · state: "done", taskId: "a6941d08-960c-4406-96c1-96ebe60ea8d6"…
  └ Task "Module Destruction Dialog" (a6941d08-960c-4406-96c1-96ebe60ea8d6) updat...

● [turn-persistence] [turn-persistence] turn_end SKIPPED ai: no assistant message with content

● Claim Next Task (MCP: agentic-memory) · backlogId: "4c4e32b2-515c-4ec6-aedf-797a20613db9"
  └ Claimed task "End Turn Command" (32995a31-2f58-487e-8c5b-097d95934bd7) and ma...

● [turn-persistence] [turn-persistence] turn_end SKIPPED ai: no assistant message with content



● Update Task (MCP: agentic-memory) · state: "done", taskId: "32995a31-2f58-487e-8c5b-097d95934bd7"…
  └ Task "End Turn Command" (32995a31-2f58-487e-8c5b-097d95934bd7) updated to sta...

● Claim Next Task (MCP: agentic-memory) · backlogId: "4c4e32b2-515c-4ec6-aedf-797a20613db9"
  └ Claimed task "Game Loop Orchestration" (0577d927-16dc-4d60-ba30-5f1f0a20aa14)...

● [turn-persistence] [turn-persistence] turn_end SKIPPED ai: no assistant message with content



● Update Task (MCP: agentic-memory) · state: "done", taskId: "0577d927-16dc-4d60-ba30-5f1f0a20aa14"…
  └ Task "Game Loop Orchestration" (0577d927-16dc-4d60-ba30-5f1f0a20aa14) updated...

● Claim Next Task (MCP: agentic-memory) · backlogId: "4c4e32b2-515c-4ec6-aedf-797a20613db9"
  └ Claimed task "Game End & Win Condition" (47a11120-cf92-4c30-a4d3-f6c08466208f...

● [turn-persistence] [turn-persistence] turn_end SKIPPED ai: no assistant message with content



● Edit Game.java +6
  └ src/edu/kit/kastel/alphazeta/Game.java



● Edit Game.java +5 -1
  └ src/edu/kit/kastel/alphazeta/Game.java

● Compile game end changes (shell)
  │ cd /Users/nghalinh2711/Development/student-repos/st22final02 && mvn compile --quiet 2>&1; echo
  │ $?
  └ 2 lines…

● [turn-persistence] [turn-persistence] turn_end SKIPPED ai: no assistant message with content

● Update Task (MCP: agentic-memory) · state: "done", taskId: "47a11120-cf92-4c30-a4d3-f6c08466208f"…
  └ Task "Game End & Win Condition" (47a11120-cf92-4c30-a4d3-f6c08466208f) update...

● [turn-persistence] [turn-persistence] turn_end SKIPPED ai: no assistant message with content



● Get Tasks (MCP: agentic-memory) · state: "to_do", backlogId: "4c4e32b2-515c-4ec6-aedf-797a20613db…
  └ No tasks found with state 'to_do'.

● Get Tasks (MCP: agentic-memory) · state: "in_progress", backlogId: "4c4e32b2-515c-4ec6-aedf-797a2…
  └ No tasks found with state 'in_progress'.

● Get Tasks (MCP: agentic-memory) · state: "blocked", backlogId: "4c4e32b2-515c-4ec6-aedf-797a20613…
  └ No tasks found with state 'blocked'.

● [turn-persistence] [turn-persistence] turn_end SKIPPED ai: no assistant message with content



● Final build verification (shell)
  │ cd /Users/nghalinh2711/Development/student-repos/st22final02 && mvn compile --quiet 2>&1 && echo
  │ "COMPILE OK" && mvn checkstyle:check 2>&1 | grep -E "BUILD|violations|ERROR" | head -5
  └ 4 lines…

● List all source files (shell)
  │ cd /Users/nghalinh2711/Development/student-repos/st22final02 && find src -name "*.java" | sort
  └ 15 lines…

● [turn-persistence] [turn-persistence] turn_end SKIPPED ai: no assistant message with content

● Update Scratchpad (MCP: agentic-memory) · notes: "ALL 22 TASKS COMPLETE. Backlog "AlphaZeta (AZ)"…
  └ Scratchpad updated.

● [turn-persistence] [turn-persistence] turn_end SKIPPED ai: no assistant message with content





Changes    +2329 -126
Duration   25m 12s
Tokens     ↑ 22.9m (22.8m cached) • ↓ 79.0k (21.2k reasoning)
[delivery] Coding agent exited with code 0
[delivery] Backlog verification passed.
[delivery] Phase E: Feedback

[delivery] Feedback agent — interactive session.
[delivery] Provide feedback to the agent. Exit the session (Ctrl+C or /exit) when done.


===== st22final02 started at 2026-07-29T08:08:21Z =====
PROGRAMMING_DIR=/Users/nghalinh2711/Development/student-repos/st22final02
DELIVERY_AGENT_CONTEXT_PROJECT=ProgrammingST22-Final2
DELIVERY_AGENT_CONTEXT_DOMAIN=st22final02
COMMAND=pnpm delivery:run --exercise --skip-kb-ingestion

$ tsx delivery/run.ts --exercise --skip-kb-ingestion
[delivery:knowledgebase] Skipping guidelines knowledgebase ingestion (--skip-kb-ingestion).

[delivery] Run ID: 20260729-100822
[delivery] Assignment: /Users/nghalinh2711/Development/student-repos/st22final02
[delivery] Assignment ID: st22final02
[delivery] Coding session: 20260729-100822-coding
[delivery] Requirements session: 20260729-100822-req
[delivery] Requirements log: /Users/nghalinh2711/Development/eval/programming/20260729-100822/requirements-output.log

[delivery] Phase A: Requirements

[delivery:requirements] Exercise stream: 11 turns for st22final02 (starting at turn 1)
[delivery:requirements] Output log: /Users/nghalinh2711/Development/eval/programming/20260729-100822/requirements-output.log
[delivery:requirements] Turn 1/11: Introduction
● [adaptive-context] GET http://localhost:4444/api/agents/7af7809a-adce-4fa9-9609-fd61059de0ff/sessi
  ons/20260729-100822-req/context?input=Ich+arbeite+an+einer+Abschluss-Programmieraufgabe.+Ich+werde
  +dir+die+Aufgabe+im+Folgenden+abschnittsweise+%C3%BCbermitteln.+Lies+sie+dir+durch+und+verschaffe+
  dir+zun%C3%A4chst+einen+%C3%9Cberblick+%C3%BCber+den+Kontext%2C+bevor+der+Backlog-+und+Task-Erstel
  lung.+Achte+dabei+unbedingt+auf+die+vorgegebenen+Regeln+und+Richtlinien.&project=ProgrammingST22-F
  inal2&role=requirements&task=Understand+the+st22final02+and+create+its+backlog+when+prompted.&time
  stamp=2026-07-29T08%3A08%3A25.434Z&domain=st22final02

● Injected adaptive memory context into system prompt

● <adaptive_rules>
  - The online submission system runs automated Checkstyle checks; certain specially marked
  Checkstyle rules are mandatory and cause a zero-point grade if violated.
  - Source code must be written in English and comments must be consistently either English or
  German.
  - Submit your *.java files for task A individually with the correct folder structure in the
  designated directory.
  - Program output must exactly match the specification including letter case, spaces and line
  breaks.
  - Programs must print only the information specified in the assignment and no additional
  information.
  - Fehlerhafte Modulkonfigurationen sollen frühestmöglich erkannt werden; bei Erkennung
  Fehlermeldung ausgeben und Abfrage für dieses Schiff wiederholen; korrekt konfigurierte frühere
  Schiffe bleiben unverändert.
  - JavaDoc documentation rules must be followed and the JavaDoc @author tag must contain only the
  student's u-Kürzel.
  - Bei ungültiger Spielfeld-Eingabe wird eine Fehlermeldung ausgegeben und auf erneute Eingabe
  gewartet; die einleitende Aufforderung wird nicht wiederholt.
  - Der dritte Parameter (Container) ist die Anzahl der Container-Module der Sammler und muss im
  Intervall [0,3] liegen.
  - Die Seitenlänge (zweiter Parameter) muss mindestens 5 und ungerade sein.
  - Source code must obey a maximum line width of 120 characters.
  - After printing an error message the program must continue and wait for the next input.
  - User input must be handled case-insensitively by the user interface.
  - All whitespace rules and naming rules for variables, methods and packages must be followed.
  - Die Zeichenfolge beschreibt das Spielfeld zeilenweise (links nach rechts, oben nach unten).
  - Das Spielfeld wird durch eine Zeichenfolge konfiguriert: '.' freie Feld, '1' halbe Deckung, '2'
  volle Deckung, Buchstaben (A,B,C,D,Z,W,X,Y) für Raumschiffe.
  - Pro Zug kann die Aktion eines Moduls nur einmal eingesetzt werden; bei mehreren Modulen gleichen
   Typs kann die Aktion je Modul einmal ausgeführt werden.
  - Für ein 5×5-Spielfeld werden 25 Zeichen erwartet; die ersten 5 Zeichen sind die oberste Reihe.
  - Der erste Parameter (Seed) muss im Intervall [INT_MIN, INT_MAX] liegen.
  - When user input does not follow the specified format, an error message must be output.
  - Interactive user interface must use System.in for input and System.out for output unless
  otherwise specified.
  - Always destroy auxiliary modules first (for Sammler: Container modules) and then the Engine.
  - If a ship has multiple modules of the same type, destroying one module of that type always
  removes the first such module (configuration order).
  - If a ship has only identical auxiliary modules (only one module type destructible), no dialog is
   requested.
  - If all modules or all but the Engine of a ship are destroyed, no dialog is requested; output
  order equals module addition order from configuration phase.
  - On a hit the attacked AI decides module removal; on a critical hit or marked target the
  attacking AI decides.
  - On dialog input errors show an error message and request re-input; do not repeat the initial
  prompt text.
  - Über Dialogsystem wird entschieden. Wahltext: `<Decider> must select <N> of <Ship>s module(s)
  (separated by comma):` Die Auflistung der zur Wahl stehenden Module erfolgt in alphabetischer
  Reihenfolge.
  - Appropriate visibilities must be chosen for classes, methods and attributes.
  - Solution code must not use Java library elements except the explicitly allowed packages.
  - Solution code must use Java SE 17 only.
  - Submission for AlphaZeta is automatically graded with zero points if any of the mandatory rules
  are violated; mandatory tests must be passed before other tests are evaluated.
  - Submitted source code must compile without errors.
  - Do not add any personal data to submissions except the u-Kürzel.
  - Bei den übrigen Raumschiffen ist das erste Modul immer ein Antrieb (Engine).
  - Die Aktion 'ramm' darf pro Schiff pro Zug nur einmal eingesetzt werden.
  - A successful action that results in no module destruction prints 'missed' on a new line after
  Bonus.
  - Before module-destroying actions output 'Roll' (actual die roll) and 'Bonus' (difference between
   actual roll and the evaluated attack roll, e.g., reduction from cover).
  - Module destruction is output as '<Ship> looses <Module>' per module in the order of AI selection
   or configuration order.
  - Otherwise a successful action produces no output unless otherwise specified.
  - Ship destruction is output as '<Ship> was destroyed'.
  - Ein Sammler hat genau einen Engine-Antrieb und sonst nur das Spezialmodul Container.
  - Pro Flotte darf maximal 1 Sensor-Modul vorhanden sein.
  - Anzahl der Waffen-Module pro Raumschiff darf höchstens 2 betragen.
  - Maximal 1 Propulsion-Modul pro Raumschiff zulässig.
  - Maximal 1 Rail Gun-Modul pro Raumschiff zulässig.
  - Maximal 1 Shield-Modul pro Raumschiff zulässig.
  - Koordinaten sind (x,y) mit (0,0) oben links und (l-1,l-1) unten rechts.
  - Die Methode nextInt darf nur dann aufgerufen werden, wenn tatsächlich ein Würfelwurf
  durchgeführt wird.
  - Es darf nur eine einzige feste Instanz dieses Zufallszahlengenerators verwendet werden.
  </adaptive_rules>

  <knowledge>
    - Source code must not call System.exit(), Runtime.exit() or similar.
    - Standard input and standard output must never be reassigned.
    - Keine leere Kachel darf vollständig von Deckung umgeben sein; direkte Nachbarn dürfen nicht
  alle von Deckung belegt sein.
    - Die Deckungen auf dem Spielfeld müssen achsensymmetrisch bezüglich der Südwest-Nordost-Achse
  sein (Schiffe sind ausgenommen).
    - Otherwise module destruction is decided via dialog: '<Decider> must select <N> of <Ship>s
  module(s) (separated by comma):' and module choices listed alphabetically.
    - Source code must not use the default package.
    - Das Programm muss jederzeit durch Eingabe des Befehls beendet werden.
    - Aktions-Schemata: ` <AKTEUR> <AKTION> <ZIEL>` für Aktionen gegen ein Ziel-Raumschiff; `
  <AKTEUR> <AKTION> <X> <Y>` für die Aktionen move und propel.
    - Das Beenden darf nicht über System.exit() oder andere ausgeschlossene Funktionen erfolgen.
    - Der Befehl `help` listet alle Befehle des Systems in einer fest vorgegebenen Reihenfolge auf.
  </knowledge>
  <entity_paths>
    - Program CONSTRAINT quit: Das Programm muss jederzeit durch Eingabe des Befehls beendet werden.
    - Program CONSTRAINT System.exit(): Das Beenden darf nicht über System.exit() oder andere
  ausgeschlossene Funktionen erfolgen.
    - Game implementation CONSTRAINT Random(long seed): Nur der Konstruktor Random(long seed) darf
  verwendet werden, um einen neuen Zufallszahlengenerator zu instanziieren.
    - Game implementation CONSTRAINT single Random instance: Es darf nur eine einzige feste Instanz
  dieses Zufallszahlengenerators verwendet werden.
    - Game implementation CONSTRAINT nextInt call condition: Die Methode nextInt darf nur dann
  aufgerufen werden, wenn tatsächlich ein Würfelwurf durchgeführt wird.
    - Automated tests RELATES_TO quit: Automatisierte Tests verwenden `quit` am Ende von
  Testsequenzen und sind darauf angewiesen.
  </entity_paths>
  <entity_matches>
    - Help output ordering (score: 0.72) — Vorgegebene Reihenfolge zur Auflistung der Befehle
    - Program (score: 0.72) — Die implementierte Spielanwendung
    - row-wise left-to-right top-to-bottom (score: 0.71) — Beschreibungsrichtung
    - Game implementation (score: 0.71) — Code der Spielanwendung
    - Automated tests (score: 0.70) — Testsequenzen zur Abgabeprüfung
  </entity_matches>

● adaptive-memory extension active (role=requirements, memorySession=20260729-100822-req) - type
  /memory-help. MCP tools registered (memory=true, backlog=true).







Changes    +0 -0
Duration   13s
Tokens     ↑ 21.3k (1.2k cached) • ↓ 303 (232 reasoning)
[delivery:requirements] Turn 1/11 complete
[delivery:requirements] Turn 2/11: task.md — segment 1/9 — Abschlussaufgabe 2 — AlphaZeta (AZ)
● [adaptive-context] GET http://localhost:4444/api/agents/7af7809a-adce-4fa9-9609-fd61059de0ff/sessi
  ons/20260729-100822-req/context?input=Dokument%3A+task.md%0ASegment%3A+1%2F9%0AAbschnitt%3A+Abschl
  ussaufgabe+2+%E2%80%94+AlphaZeta+%28AZ%29%0A%0ALies+diesen+Abschnitt+sorgf%C3%A4ltig+und+behalte+d
  en+Kontext.+Erstelle+noch+keinen+Backlog+und+noch+keine+Tasks.+Warte+damit+bis+zum+abschlie%C3%9Fe
  nden+%2Ffinalize.%0A%0A%23+Abschlussaufgabe+2+%E2%80%94+AlphaZeta+%28AZ%29%0A%0A**Vorlesung%3A**+P
  rogrammieren%0A**Semester%3A**+Sommersemester+2022%0A**Dozent%3A**+Prof.+Dr.-Ing.+Anne+Koziolek%0A
  **Gruppe%3A**+Institute+of+Information+Security+and+Dependability%0A**Punkte%3A**+20+Punkte%0A**Ve
  rsion%3A**+1.4%0A%0A*AlphaZeta*+%28*AZ*%29+spielt+in+der+fernen+Zukunft+des+Jahres+2985%2C+in+der+
  die+zwei+gr%C3%B6%C3%9Ften+Unternehmen+der+Erde+zwei+k%C3%BCnstliche+Intelligenzen+%28KIs%29+%E2%8
  0%94+*A*+und+*Z*+%E2%80%94+erschaffen+haben.%0ADie+Aufgabe+dieser+KIs+ist+es%2C+Ressourcen+aus+dem
  +Asteroideng%C3%BCrtel+unseres+Sonnensystems+zu+gewinnen%2C+w%C3%A4hrend+sich+die+KIs+gegenseitig+
  bek%C3%A4mpfen.%0A%0AIm+Folgenden+wird+zun%C3%A4chst+das+Spiel+als+solches+erkl%C3%A4rt.%0AAnschli
  e%C3%9Fend+wird+die+zu+programmierende+Benutzerschnittstelle+erl%C3%A4utert.&project=ProgrammingST
  22-Final2&role=requirements&task=Understand+the+st22final02+and+create+its+backlog+when+prompted.&
  timestamp=2026-07-29T08%3A08%3A42.155Z&domain=st22final02

● Injected adaptive memory context into system prompt

● <adaptive_rules>
  - Das Spielfeld wird durch eine Zeichenfolge konfiguriert: '.' freie Feld, '1' halbe Deckung, '2'
  volle Deckung, Buchstaben (A,B,C,D,Z,W,X,Y) für Raumschiffe.
  - Die Zeichenfolge beschreibt das Spielfeld zeilenweise (links nach rechts, oben nach unten).
  - Das Spiel endet, sobald ein Sammler (`Sammler`) zerstört wurde; gewonnen hat die KI, deren
  Sammler nicht zerstört wurde; das System gibt aus, welche KI gewonnen hat und beendet das Spiel.
  - Source code must be written in English and comments must be consistently either English or
  German.
  - Program output must exactly match the specification including letter case, spaces and line
  breaks.
  - Programs must print only the information specified in the assignment and no additional
  information.
  - The online submission system runs automated Checkstyle checks; certain specially marked
  Checkstyle rules are mandatory and cause a zero-point grade if violated.
  - Submission for AlphaZeta is automatically graded with zero points if any of the mandatory rules
  are violated; mandatory tests must be passed before other tests are evaluated.
  - Submitted source code must compile without errors.
  - Anzahl der Waffen-Module pro Raumschiff darf höchstens 2 betragen.
  - Maximal 1 Propulsion-Modul pro Raumschiff zulässig.
  - Maximal 1 Rail Gun-Modul pro Raumschiff zulässig.
  - Maximal 1 Shield-Modul pro Raumschiff zulässig.
  - Submit your *.java files for task A individually with the correct folder structure in the
  designated directory.
  - Fehlerhafte Modulkonfigurationen sollen frühestmöglich erkannt werden; bei Erkennung
  Fehlermeldung ausgeben und Abfrage für dieses Schiff wiederholen; korrekt konfigurierte frühere
  Schiffe bleiben unverändert.
  - Interactive user interface must use System.in for input and System.out for output unless
  otherwise specified.
  - JavaDoc documentation rules must be followed and the JavaDoc @author tag must contain only the
  student's u-Kürzel.
  - Pro Zug kann die Aktion eines Moduls nur einmal eingesetzt werden; bei mehreren Modulen gleichen
   Typs kann die Aktion je Modul einmal ausgeführt werden.
  - Bei ungültiger Spielfeld-Eingabe wird eine Fehlermeldung ausgegeben und auf erneute Eingabe
  gewartet; die einleitende Aufforderung wird nicht wiederholt.
  - Für ein 5×5-Spielfeld werden 25 Zeichen erwartet; die ersten 5 Zeichen sind die oberste Reihe.
  - Die Seitenlänge (zweiter Parameter) muss mindestens 5 und ungerade sein.
  - Der dritte Parameter (Container) ist die Anzahl der Container-Module der Sammler und muss im
  Intervall [0,3] liegen.
  - Solution code must not use Java library elements except the explicitly allowed packages.
  - Solution code must use Java SE 17 only.
  - Source code must obey a maximum line width of 120 characters.
  - Bei den übrigen Raumschiffen ist das erste Modul immer ein Antrieb (Engine).
  - Der erste Parameter (Seed) muss im Intervall [INT_MIN, INT_MAX] liegen.
  - Die Deckungen auf dem Spielfeld müssen achsensymmetrisch bezüglich der Südwest-Nordost-Achse
  sein (Schiffe sind ausgenommen).
  - After printing an error message the program must continue and wait for the next input.
  - For non-destroyed ships in the 'fleet' output list the remaining intact modules alphabetically,
  modules shown in uppercase letters.
  - The 'board' command displays the board with '.' for empty tiles, cover values '1' or '2', and
  letters for ships; destroyed ships are not displayed.
  - The 'fleet' command lists fleets per AI (e.g., 'Alpha's fleet') and for each ship prints a state
   indicator: '<C>' for Sammler, '<->' for intact attack ship, '~X~' for destroyed ship.
  - Koordinaten sind (x,y) mit (0,0) oben links und (l-1,l-1) unten rechts.
  - A successful action that results in no module destruction prints 'missed' on a new line after
  Bonus.
  - Before module-destroying actions output 'Roll' (actual die roll) and 'Bonus' (difference between
   actual roll and the evaluated attack roll, e.g., reduction from cover).
  - Module destruction is output as '<Ship> looses <Module>' per module in the order of AI selection
   or configuration order.
  - Otherwise a successful action produces no output unless otherwise specified.
  - Ship destruction is output as '<Ship> was destroyed'.
  - All whitespace rules and naming rules for variables, methods and packages must be followed.
  - Die Methode nextInt darf nur dann aufgerufen werden, wenn tatsächlich ein Würfelwurf
  durchgeführt wird.
  - Es darf nur eine einzige feste Instanz dieses Zufallszahlengenerators verwendet werden.
  - Die Aktion 'ramm' darf pro Schiff pro Zug nur einmal eingesetzt werden.
  - Ein Sammler hat genau einen Engine-Antrieb und sonst nur das Spezialmodul Container.
  - Appropriate visibilities must be chosen for classes, methods and attributes.
  - Do not add any personal data to submissions except the u-Kürzel.
  - Distanzen werden als Manhattan-Distanz d1 = |xa−xb| + |ya−yb| berechnet; direkte Nachbarn haben
  d1 = 1.
  - Keine leere Kachel darf vollständig von Deckung umgeben sein; direkte Nachbarn dürfen nicht alle
   von Deckung belegt sein.
  - User input must be handled case-insensitively by the user interface.
  - Always destroy auxiliary modules first (for Sammler: Container modules) and then the Engine.
  - If a ship has multiple modules of the same type, destroying one module of that type always
  removes the first such module (configuration order).
  </adaptive_rules>

  <knowledge>
    - Otherwise module destruction is decided via dialog: '<Decider> must select <N> of <Ship>s
  module(s) (separated by comma):' and module choices listed alphabetically.
    - Source code must not call System.exit(), Runtime.exit() or similar.
    - If all modules or all but the Engine of a ship are destroyed, no dialog is requested; output
  order equals module addition order from configuration phase.
    - On a hit the attacked AI decides module removal; on a critical hit or marked target the
  attacking AI decides.
    - Pro Flotte darf maximal 1 Sensor-Modul vorhanden sein.
    - Source code must not use the default package.
    - Standard input and standard output must never be reassigned.
    - On dialog input errors show an error message and request re-input; do not repeat the initial
  prompt text.
    - If a ship has only identical auxiliary modules (only one module type destructible), no dialog
  is requested.
    - Module ranges: Engine 1–3; Ramm 1; Longshot 5–6; Strike 1; Mark infinity; Propel 1–3.
    - Move target tile must not be occupied by cover or another ship.
    - Mark marks any enemy ship until the start of the enemy's turn.
    - Ramm, Longshot and Strike use an initial attack die roll (six-sided 1–6), minus target cover,
  then apply Shield effect (−1 if target has Shield).
    - When user input does not follow the specified format, an error message must be output.
    - Aktions-Schemata: ` <AKTEUR> <AKTION> <ZIEL>` für Aktionen gegen ein Ziel-Raumschiff; `
  <AKTEUR> <AKTION> <X> <Y>` für die Aktionen move und propel.
    - Das Programm muss jederzeit durch Eingabe des Befehls beendet werden.
    - Das Spiel wird mit genau drei Kommandozeilenparametern gestartet.
    - Das Beenden darf nicht über System.exit() oder andere ausgeschlossene Funktionen erfolgen.
    - Automatisierte Tests verwenden `quit` am Ende von Testsequenzen und sind darauf angewiesen.
    - Der Befehl `actions <SHIP>` gibt die in dieser Runde noch nicht verwendeten Aktionen aus
  (alphabetisch sortiert, alle Aktionen mit Großbuchstaben); für Schiffe gegnerischer KIs werden
  alle durch die Module gegebenen Aktionen ausgegeben.
    - Alpha hat die Schiffe A,B,C,D; Zeta hat die Schiffe Z,W,X,Y; A und Z sind die Sammler.
  </knowledge>
  <entity_paths>
    - Submission for AlphaZeta CONSTRAINT Mandatory tests: Submission for AlphaZeta is automatically
   graded with zero points if any of the mandatory rules are violated; mandatory tests must be
  passed before other tests are evaluated.
    - Submission for AlphaZeta CONSTRAINT Compilable code: Submitted source code must compile
  without errors.
    - Program CONSTRAINT quit: Das Programm muss jederzeit durch Eingabe des Befehls beendet werden.
    - Program CONSTRAINT System.exit(): Das Beenden darf nicht über System.exit() oder andere
  ausgeschlossene Funktionen erfolgen.
    - Game implementation CONSTRAINT Random(long seed): Nur der Konstruktor Random(long seed) darf
  verwendet werden, um einen neuen Zufallszahlengenerator zu instanziieren.
    - Game implementation CONSTRAINT single Random instance: Es darf nur eine einzige feste Instanz
  dieses Zufallszahlengenerators verwendet werden.
    - Game implementation CONSTRAINT nextInt call condition: Die Methode nextInt darf nur dann
  aufgerufen werden, wenn tatsächlich ein Würfelwurf durchgeführt wird.
    - Game start CONSTRAINT three command-line parameters: Das Spiel wird mit genau drei
  Kommandozeilenparametern gestartet.
  </entity_paths>
  <entity_matches>
    - Submission for AlphaZeta (score: 0.82) — Student submission for Abschlussaufgabe 2 "AlphaZeta"
    - Program (score: 0.75) — Die implementierte Spielanwendung
    - Game implementation (score: 0.75) — Code der Spielanwendung
    - Game start (score: 0.72) — Programmstart der Spielanwendung
    - '.' '1' '2' 'A,B,C,D,Z,W,X,Y' mapping (score: 0.71) — Bedeutung der Zeichen
  </entity_matches>

● adaptive-memory extension active (role=requirements, memorySession=20260729-100822-req) - type
  /memory-help. MCP tools registered (memory=true, backlog=true).

● Request failed due to a transient API error. Retrying...







Changes    +0 -0
Duration   28s
Tokens     ↑ 22.1k (22.1k cached) • ↓ 330 (165 reasoning)
[delivery:requirements] Turn 2/11 complete
[delivery:requirements] Turn 3/11: task.md — segment 2/9 — Abschlussaufgabe 2 — AlphaZeta (AZ) > 1 Das Spiel
● [adaptive-context] GET http://localhost:4444/api/agents/7af7809a-adce-4fa9-9609-fd61059de0ff/sessi
  ons/20260729-100822-req/context?input=Dokument%3A+task.md%0ASegment%3A+2%2F9%0AAbschnitt%3A+Abschl
  ussaufgabe+2+%E2%80%94+AlphaZeta+%28AZ%29+%3E+1+Das+Spiel%0A%0ALies+diesen+Abschnitt+sorgf%C3%A4lt
  ig+und+behalte+den+Kontext.+Erstelle+noch+keinen+Backlog+und+noch+keine+Tasks.+Warte+damit+bis+zum
  +abschlie%C3%9Fenden+%2Ffinalize.%0A%0A%23%23+1+Das+Spiel%0A%0A*AlphaZeta*+%28*AZ*%29+ist+ein+rund
  en-basiertes+Strategie-+und+Brettspiel+f%C3%BCr+zwei+Personen%2C+welches+auf+einem+quadratischen+S
  pielfeld+gespielt+wird.%0ADas+Spielfeld+besteht+aus+*Kacheln*+%28engl.+*tile*%29.%0AZu+jeder+Zeit+
  kann+sich+auf+einer+der+Kacheln+immer+maximal+ein+Raumschiff+oder+eine+*Deckung*+befinden.%0AJede+
  Person+%C3%BCbernimmt+in+dem+Spiel+die+Rolle+je+einer+der+KIs+der+Unternehmen.%0AJede+der+KIs+*A*+
  und+*Z*+besitzt+genau+eine+*Flotte*%2C+die+aus+genau+vier+*Raumschiffen*+besteht%3A%0AJede+KI+besi
  tzt+zu+Spielbeginn+genau+einen+*Sammler*+%28engl.+*Collector*%29+und+drei+*Angriffsschiffe*.%0AEin
  +Raumschiff+kann+immer+maximal+vier+*Module*+besitzen.%0AModule+definieren%2C+welche+Aktionen+ein+
  Raumschiff+innerhalb+eines+Zuges+ausf%C3%BChren+kann+%28vgl.+Tabelle+der+Module%29.%0APro+Zug+kann
  +die+Aktion+eines+Moduls+nur+einmal+eingesetzt+werden.%0AInnerhalb+eines+Zuges+d%C3%BCrfen+mehrere
  +verschiedene+Aktionen+ausgef%C3%BChrt+werden.%0AHierbei+ist+noch+zu+beachten%2C+dass+falls+ein+Sc
  hiff+mehrere+Module+der+gleichen+Art+hat%2C+die+Aktion+entsprechend+der+Anzahl+der+Module+mehrmals
  +ausgef%C3%BChrt+werden+kann+%28je+Modul+einmal%29.%0ABeachten+Sie+hier%2C+dass+die+Aktion+*ramm*+
  f%C3%BCr+ein+Schiff+pro+Zug+auch+nur+einmal+eingesetzt+werden+darf.%0A%0A%23%23%23+1.1+Spielfeld%0
  A%0AEine+beispielhafte+Darstellung+des+Spielfeldes+der+Seitenl%C3%A4nge+*l*%3D5+%28X-Achse+zeigt+n
  ach+rechts%2C+Y-Achse+zeigt+nach+unten%29%3A%0A%0A%60%60%60%0A+++X+%E2%86%92%0AY++A++B++.++.++.%0A
  %E2%86%93++C++D++1++1++.%0A+++1++.++2++1++.%0A+++.++2++W++.++X%0A+++.++.++1++Y++Z%0A%60%60%60%0A%0
  ADie+Buchstaben+sind+die+Raumschiffe+der+KIs%2C+die+Zahlen+die+Deckung.%0A%0AKoordinaten+von+Kache
  ln+beschreiben+sich+immer+durch+eine+Position+%28x%2C+y%29.%0ADie+Kachel+im+Nord-Westen+des+Spielf
  eldes+hat+die+Koordinate+%280%2C+0%29+und+befindet+sich+in+der+oberen+linken+Ecke.%0ADie+Kachel+im
  +S%C3%BCd-Osten+des+Spielfeldes+hat+als+Koordinate+%28l-1%2C+l-1%29+%3D+%284%2C+4%29+und+befindet+
  sich+in+der+unteren+rechten+Ecke.%0A%0ADamit+das+Spiel+fair+bleibt%2C+muss+bei+der+Definition+des+
  Spielfelds+am+Anfang+folgendes+beachtet+werden%3A%0A%0A-+Das+Spielfeld+ist+achsensymmetrisch+bez%C
  3%BCglich+der+S%C3%BCdwest-Nordost-Achse.+Dies+gilt+nur+f%C3%BCr+die+Deckungen%2C+nicht+f%C3%BCr+d
  ie+Raumschiffe.%0A-+F%C3%BCr+jedes+Feld%2C+das+nicht+von+Deckung+belegt+ist%2C+muss+gelten%2C+dass
  +die+*direkten+Nachbarn*+nicht+alle+von+Deckung+belegt+sind.+D.h.+keine+leere+Kachel+ist+vollst%C3
  %A4ndig+von+Deckung+umgeben.%0A%0A%23%23%23%23+Distanzen%0A%0AWann+immer+es+in+dem+Spiel+um+die+Di
  stanz+zwischen+zwei+Kacheln+geht%2C+ist+die+*Manhatten-Distanz*+*d*%E2%82%81+gemeint.%0AF%C3%BCr+z
  wei+Punkte+*A*+%3D+%28*x*%E2%82%90%2C+*y*%E2%82%90%29+und+*B*+%3D+%28*x*_b%2C+*y*_b%29+ist+die+Man
  hatten-Distanz+wie+folgt+definiert%3A%0A%0A%60%60%60%0Ad%E2%82%81%28A%2C+B%29+%3D+%E2%80%96A+%E2%8
  8%92+B%E2%80%96%E2%82%81+%3D+%7Cx%E2%82%90+%E2%88%92+x_b%7C+%2B+%7Cy%E2%82%90+%E2%88%92+y_b%7C%0A%
  60%60%60%0A%0AAls+*direkter+Nachbar*+einer+Kachel+werden+die+Kacheln+bezeichnet%2C+die+Manhatten-D
  istanz+*d*%E2%82%81+%3D+1+haben.%0A%0A%23%23%23%23+Deckung%0A%0ADas+Konzept+der+Deckung+ist+f%C3%B
  Cr+das+Berechnen+des+Angriffsw%C3%BCrfelwurfes+%28vgl.+Abschnitt+%E2%80%9EAktionen+durchf%C3%BChre
  n%22%29+wichtig.%0ADie+Deckung+wird+immer+vom+Angriffsw%C3%BCrfelwurf+abgezogen.%0ADeckung+kann+in
  +zwei+verschiedenen+Arten+auf+dem+Spielfeld+vorhanden+sein%3A%0A%0A-+Halbe+Deckung+%601%60%0A-+Vol
  le+Deckung+%602%60%0A%0AF%C3%BCr+ein+Raumschiff+*R*+berechnet+sich+die+Deckung+abh%C3%A4ngig+von+d
  er+Position+auf+dem+Spielfeld.+Beispiel+%28kein+g%C3%BCltiges+Spielfeld%2C+dient+nur+der+Erkl%C3%A
  4rung%29%3A%0A%0A%60%60%60%0A+++X+%E2%86%92%0AY++-1++-1+++-1+++-2++-2%0A%E2%86%93++-1++-1+++%5B1%5
  D++-2++-2%0A++++0+++0++++R+++%5B2%5D+-2%0A++++0++%5B2%5D+++0+++-2++-2%0A++++0+++0++++0+++-2++-2%0A
  %60%60%60%0A%0ADie+Zahlen+ohne+Rahmen+%28%60-X%60%29+geben+die+Deckung+von+*R*+an%2C+falls+es+von+
  den+jeweiligen+Positionen+angegriffen+werden+w%C3%BCrde.%0A%0AEin+Raumschiff+wird+nur+durch+seine+
  direkten+Nachbarn+gedeckt.%0AIm+Beispiel+wird+*R*+also+durch+die+halbe+Deckung+bei+%282%2C+1%29+un
  d+die+volle+Deckung+bei+%283%2C+2%29+gedeckt.%0AWird+das+Raumschiff+*R*+von+einer+Position+*P*+%3D
  +%28*x*%2C+*y*%29+angegriffen%2C+so+berechnet+sich+die+Deckung+von+*R*+dadurch%2C+welche+der+direk
  t+anliegenden+Deckungen+in+die+Richtung+von+*P*+liegt.%0A%0A**Beispiel+1%3A**+Wird+also+*R*+von+Po
  sition+%280%2C+0%29+angegriffen%2C+muss+gepr%C3%BCft+werden%2C+wo+sich+diese+Position+relativ+zu+*
  R*+befindet.%0AIm+Beispiel+ist+die+Position+%280%2C+0%29+n%C3%B6rdlich+und+westlich+von+der+Positi
  on+von+*R*.%0ADies+bedeutet%2C+dass+das+Raumschiff+von+*Norden*+und+*Westen*+angegriffen+wird.%0AD
  er+direkte+Nachbar+westlich+von+*R*+ist+leer%3B+der+direkte+Nachbar+n%C3%B6rdlich+von+*R*+ist+die+
  halbe+Deckung.%0ADer+Deckungswert+berechnet+sich+aus+dem+Maximum+der+betroffenen+Deckungen.%0AIn+d
  em+Beispiel+w%C3%BCrde+man+also+eine+Deckung+von+%E2%88%921+erhalten.%0A%0A**Beispiel+2%3A**+Wird+
  *R*+von+Position+%284%2C+2%29+angegriffen%2C+so+bedeutet+dies%2C+dass+das+Raumschiff+von+*Osten*+a
  ngegriffen+wird.%0ADer+direkte+Nachbar+%C3%B6stlich+von+*R*+ist+die+volle+Deckung.%0AIm+zweiten+Be
  ispiel+w%C3%BCrde+man+also+einen+Deckungswert+von+%E2%88%922+erhalten.%0A%0A%23%23%23+1.2+Raumschi
  ffe+%26+Module%0A%0A*A*+und+*Z*+besitzen+als+erstes+Raumschiff+je+einen+*Sammler*+%28engl.+*Collec
  tor*%29.%0AEin+Sammler+hat+als+Module+immer+genau+einen+Antrieb+%28*Engine*-Modul%29+und+sonst+nur
  +das+Spezialmodul+*Container*+%28vgl.+Ende+des+Abschnitts%29.%0ADie+%C3%BCbrigen+Raumschiffe+der+K
  Is+haben+als+erstes+Modul+auch+immer+einen+Antrieb.%0AAu%C3%9Ferdem+gelten+f%C3%BCr+diese+Raumschi
  ffe+noch+folgende+Bedingungen+f%C3%BCr+die+drei+verbleibenden+Module%3A%0A%0A-+Anzahl+der+*Waffen*
  -Module+pro+Raumschiff+%E2%89%A4+2%0A-+Maximal+1+*Rail+Gun*-Modul+pro+Raumschiff%0A-+Maximal+1+*Pr
  opulsion*-Modul+pro+Raumschiff%0A-+Maximal+1+*Shield*-Modul+pro+Raumschiff%0A-+Pro+Flotte%3A+Maxim
  al+1+*Sensor*-Modul%0A%0AIm+Folgenden+werden+die+verschiedenen+Module%2C+Aktionen+und+Effekte+zusa
  mmengefasst.%0A%0A%7C+Modul+%7C+Aktion+%7C+Distanz+%7C+Effekt+%7C%0A%7C---%7C---%7C---%7C---%7C%0A
  %7C+Engine+%7C+move+%7C+1%E2%80%933+%7C+*A*+maximal+3+Felder+bewegen+%7C%0A%7C+%E2%80%94+%7C+ramm+
  %7C+1+%7C+*w*+%E2%89%A4+1%3A+*A*+verliert+1+Modul%3B+*w*+%E2%89%A5+5%3A+*Z*_S+verliert+1+Modul+%7C
  %0A%7C+**Waffen**+%7C+%7C+%7C+%7C%0A%7C+Rail+Gun+%7C+longshot+%7C+5%E2%80%936+%7C+2+%E2%89%A4+*w*+
  %E2%89%A4+3%3A+*Z*_S+verliert+1+Modul%3B+*w*+%E2%89%A5+4%3A+*Z*_S+verliert+2+Module%3B+*w*+%E2%89%
  A5+6%3A+kritischer+Treffer+%7C%0A%7C+Sword+%7C+strike+%7C+1+%7C+*w*+%E2%89%A5+2%3A+*Z*_S+verliert+
  1+Modul%3B+*w*+%E2%89%A5+4%3A+kritischer+Treffer+%7C%0A%7C+**Unterst%C3%BCtzung**+%7C+%7C+%7C+%7C%
  0A%7C+Shield+%7C+%E2%80%94+%7C+%E2%80%94+%7C+Reduziert+*w*+bei+Angriff+des+Gegners+um+1+%7C%0A%7C+
  Sensor+%7C+mark+%7C+%E2%88%9E+%7C+*Z*_S+markieren+%7C%0A%7C+Propulsion+%7C+propel+%7C+1%E2%80%933+
  %7C+*A*+maximal+3+Felder+bewegen+%7C%0A%0AModule+der+Raumschiffe+und+Effekte+f%C3%BCr+Angriffsw%C3
  %BCrfelwurf+*w*%2C+Akteur+*A*%2C+Raumschiff-Ziel+*Z*_S.%0A%0ADas+Modul+*Container*+ist+ein+Spezial
  modul+das+nur+Teil+von+*Sammlern*+ist.%0AEs+hat+insbesondere+keine+Aktionen%2C+die+es+bereitstellt
  .%0A%0AMithilfe+der+Aktion+*move*+kann+ein+Raumschiff+%28Akteur%29+bewegt+werden.%0AHierbei+darf+d
  ie+Ziel-Kachel+nicht+durch+Deckung+oder+ein+anderes+Raumschiff+belegt+sein.%0ABeachten+Sie%2C+dass
  +es+bei+der+Berechnung+der+Erreichbarkeit+einer+Kachel+nur+um+die+Distanz+geht+und+nicht+darum%2C+
  ob+Deckung+oder+andere+Raumschiffe+auf+dem+Weg+liegen.%0AFalls+ein+Raumschiff+das+*Propulsion*-Mod
  ul+besitzt%2C+kann+zus%C3%A4tzlich+die+Aktion+*propel*+verwendet+werden%2C+um+innerhalb+eines+Zuge
  s+das+Raumschiff+ein+zweites+Mal+zu+bewegen.%0A%0ADie+Aktion+*ramm*+kann+nur+dann+verwendet+werden
  %2C+wenn+das+angreifende+Raumschiff+%28Akteur%29+keine+Waffen-Module+mehr+hat.%0A*Ramm*+kann+nicht
  +gegen+*Sammler*+eingesetzt+werden.%0ABeachten+Sie%2C+dass+f%C3%BCr+den+Fall%2C+dass+der+Angriffsw
  %C3%BCrfelwurf+%E2%89%A4+1+betr%C3%A4gt%2C+der+Schaden+an+*A*+als+*hit*+gewertet+wird+%28vgl.+%E2%
  80%9EAktionen+durchf%C3%BChren%22%29.%0A%0ADer+Angriff+*longshot*+kann+ein+oder+zwei+Module+des+an
  gegriffenen+Raumschiffs+zerst%C3%B6ren.%0A%0ADer+Angriff+*strike*+kann+ein+Modul+des+angegriffenen
  +Raumschiffs+zerst%C3%B6ren.%0A%0AWird+ein+Schiff+mit+*Shield*-Modul+angegriffen%2C+so+wird+der+W%
  C3%BCrfelwurf+der+angreifenden+KI+um+1+reduziert.%0A%0ADie+Aktion+*mark*+markiert+ein+beliebiges+g
  egnerisches+Schiff+bis+zum+Beginn+des+gegnerischen+Zuges.%0AJeder+Treffer+auf+ein+markiertes+Schif
  f+z%C3%A4hlt+als+kritischer+Treffer+%28vgl.+%E2%80%9EAlphaZeta+spielen%22%29.%0AEin+*Sammler*+kann
  +nicht+markiert+werden.%0A%0A%23%23%23+1.3+AlphaZeta+spielen%0A%0ANachdem+die+Elemente+des+Spiels+
  und+das+Spielfeld+erl%C3%A4utert+wurden%2C+folgt+hier+jetzt+der+generelle+Spielablauf.%0A%0AZum+St
  art+des+Spiels+wird+festgelegt%2C+wie+gro%C3%9F+das+Spielfeld+ist.%0AHierbei+muss+die+Anzahl+der+K
  acheln+entlang+einer+Achse+mindestens+5+betragen+%28%E2%89%A5+5%29.%0AAu%C3%9Ferdem+muss+gelten%2C
  +dass+die+Anzahl+der+Kacheln+entlang+einer+Achse+ungerade+sein+muss.%0AEin+Spielfeld+hat+also+mind
  estens+25+Kacheln.%0AZuletzt+wird+noch+definiert%2C+wie+viele+*Container*-Module+die+*Sammler*+der
  +KIs+haben+sollen.%0AHierbei+wird+als+Anzahl+aus+dem+geschlossenen+Intervall+von+%5B0%2C+3%5D+gew%
  C3%A4hlt.%0AHinweis%3A+Der+beim+Start+angegebene+*Seed*+ist+f%C3%BCr+die+Implementierung+des+Spiel
  s+wichtig+und+wird+sp%C3%A4ter+erkl%C3%A4rt.%0A%0ANachdem+das+Spiel+soweit+vorbereitet+ist%2C+w%C3
  %A4hlt+jede+KI+die+Module+f%C3%BCr+ihre+Angriffsschiffe.%0AAnschlie%C3%9Fend+werden+Deckung+und+Ra
  umschiffe+auf+dem+Spielfeld+platziert+und+das+Spiel+kann+beginnen.%0AAlpha+hat+die+Schiffe+%60A%2C
  B%2CC%2CD%60.%0AZeta+hat+die+Schiffe+%60Z%2CW%2CX%2CY%60.%0AHierbei+sind+%60A%60+und+%60Z%60+die+S
  ammler+der+jeweiligen+KIs.%0A%0AW%C3%A4hrend+das+Spiel+l%C3%A4uft%2C+k%C3%B6nnen+die+beiden+KIs+ab
  wechselnd+Z%C3%BCge+ausf%C3%BChren%2C+wobei+Alpha+beginnt.%0AInnerhalb+eines+Zuges+kann+eine+KI+di
  e+Aktionen+ihrer+Raumschiffe+ausf%C3%BChren.%0AEin+Zug+ist+beendet%2C+sobald+dies+eine+KI+ansagt.%
  0ADas+Spiel+endet%2C+sobald+der+*Sammler*+einer+KI+zerst%C3%B6rt+wurde.%0A%0A%23%23%23%23+Aktionen
  +durchf%C3%BChren%0A%0AJedes+Raumschiff+kann+gem%C3%A4%C3%9F+der+noch+vorhandenen+Module+dessen+Ak
  tionen+ausf%C3%BChren.%0AW%C3%A4hrend+*move*+und+*mark*+solange+das+Ziel+stimmt+erfolgreich+sein+w
  erden%2C+wird+bei+den+anderen+Aktionen+ein+*Angriffsw%C3%BCrfelwurf*+der+ausf%C3%BChrenden+KI+%28A
  kteur%29+ben%C3%B6tigt.%0ADieser+bestimmt+den+Effekt+einer+Aktion.%0A%0AEin+Raumschiff+kann+einen+
  Angriff+*ramm%2C+longshot%2C+strike*+gegen+Raumschiffe+der+anderen+KI+einsetzen%2C+wenn+die+Distan
  z+*d*%E2%82%81+zu+dem+Raumschiff-Ziel+passt.%0AWenn+eine+KI+entscheidet%2C+dass+sie+angreift%2C+mu
  ss+sie+als+erstes+einen+Angriffsw%C3%BCrfelwurf+ausf%C3%BChren.%0AEin+Angriffsw%C3%BCrfelwurf+l%C3
  %A4uft+immer+gleich+ab%3A%0A%0A-+KI+wirft+einen+sechsseitigen+W%C3%BCrfel+%28Seiten+des+W%C3%BCrfe
  ls%3A+1%2C+2%2C+3%2C+4%2C+5%2C+6%29%0A-+Deckung+des+Ziel-Raumschiffs+*Z*_S+wird+abgezogen%0A-+Effe
  kt+von+*Shield*-Modul+anwenden+%28falls+in+*Z*_S+vorhanden%29%0A%0ADas+Ergebnis+definiert+den+Wert
  +des+Angriffsw%C3%BCrfelwurfs.%0AAbh%C3%A4ngig+vom+Ergebnis+k%C3%B6nnen+folgende+F%C3%A4lle+auftre
  ten%3A%0A%0A-+*miss*%2C+falls+der+Wert+kleiner+als+alle+Bedingungen+der+Effekte+der+Aktion+ist%0A-
  +*hit*%2C+falls+ein+oder+mehrere+Module+zerst%C3%B6rt+werden%0A-+*critical+hit*%2C+falls+die+Bedin
  gung+f%C3%BCr+einen+kritischen+Treffer+erf%C3%BCllt+ist%0A%0AFalls+ein+Raumschiff+von+einem+Angrif
  f+getroffen+wird+%28*hit*+oder+*critical+hit*%29%2C+verliert+es+entsprechend+der+Bedingungen+Modul
  e.%0AFalls+ein+Raumschiff+alle+seine+Module+verliert%2C+ist+es+zerst%C3%B6rt.%0ADie+KIs+entscheide
  n+hierbei%2C+falls+eine+Wahlm%C3%B6glichkeit+besteht%2C+welche+Module+zerst%C3%B6rt+werden.%0AIm+N
  ormalfall+%28*hit*%29+entscheidet+die+angegriffene+KI.%0AFalls+das+angegriffene+Schiff+markiert+is
  t+oder+es+sich+um+einen+*kritischen+Treffer*+handelt%2C+entscheidet+die+angreifende+KI.%0ADabei+gi
  lt%2C+dass+immer+zuerst+alle+Zusatzmodule+%28f%C3%BCr+den+*Sammler*%3A+*Container*-Module%29+und+d
  ann+das+*Engine*-Modul+zerst%C3%B6rt+wird.%0A%0AWie+bereits+beschrieben%2C+endet+das+Spiel+sobald+
  einer+der+*Sammler*+zerst%C3%B6rt+ist.%0AGewonnen+hat+diejenige+KI%2C+deren+*Sammler*+nicht+zerst%
  C3%B6rt+wurde.&project=ProgrammingST22-Final2&role=requirements&task=Understand+the+st22final02+an
  d+create+its+backlog+when+prompted.&timestamp=2026-07-29T08%3A08%3A56.461Z&domain=st22final02

● Injected adaptive memory context into system prompt

● <adaptive_rules>
  - Ein Sammler hat genau einen Engine-Antrieb und sonst nur das Spezialmodul Container.
  - Das Spielfeld wird durch eine Zeichenfolge konfiguriert: '.' freie Feld, '1' halbe Deckung, '2'
  volle Deckung, Buchstaben (A,B,C,D,Z,W,X,Y) für Raumschiffe.
  - Anzahl der Waffen-Module pro Raumschiff darf höchstens 2 betragen.
  - Maximal 1 Propulsion-Modul pro Raumschiff zulässig.
  - Maximal 1 Rail Gun-Modul pro Raumschiff zulässig.
  - Maximal 1 Shield-Modul pro Raumschiff zulässig.
  - Pro Zug kann die Aktion eines Moduls nur einmal eingesetzt werden; bei mehreren Modulen gleichen
   Typs kann die Aktion je Modul einmal ausgeführt werden.
  - Pro Flotte darf maximal 1 Sensor-Modul vorhanden sein.
  - Keine leere Kachel darf vollständig von Deckung umgeben sein; direkte Nachbarn dürfen nicht alle
   von Deckung belegt sein.
  - Koordinaten sind (x,y) mit (0,0) oben links und (l-1,l-1) unten rechts.
  - Die Seitenlänge (zweiter Parameter) muss mindestens 5 und ungerade sein.
  - Das Spiel endet, sobald ein Sammler (`Sammler`) zerstört wurde; gewonnen hat die KI, deren
  Sammler nicht zerstört wurde; das System gibt aus, welche KI gewonnen hat und beendet das Spiel.
  - Bei den übrigen Raumschiffen ist das erste Modul immer ein Antrieb (Engine).
  - A ship is covered only by its direct neighbors.
  - Coverage value is the maximum (by absolute reduction) of the affected coverings.
  - Half cover reduces the die roll by 1; full cover reduces by 2.
  - When a ship R is attacked from position P, coverage is computed from the coverings adjacent in
  the direction of P.
  - Die Aktion 'ramm' darf pro Schiff pro Zug nur einmal eingesetzt werden.
  - Der erste Parameter (Seed) muss im Intervall [INT_MIN, INT_MAX] liegen.
  - Für ein 5×5-Spielfeld werden 25 Zeichen erwartet; die ersten 5 Zeichen sind die oberste Reihe.
  - Distanzen werden als Manhattan-Distanz d1 = |xa−xb| + |ya−yb| berechnet; direkte Nachbarn haben
  d1 = 1.
  - Every hit against a marked ship counts as a critical hit.
  - If the attack die roll for Ramm is ≤ 1, damage to A counts as a hit.
  - Mark marks any enemy ship until the start of the enemy's turn.
  - Mark requires no attack die roll.
  - Module ranges: Engine 1–3; Ramm 1; Longshot 5–6; Strike 1; Mark infinity; Propel 1–3.
  - Move reachability depends only on distance, not on cover or ships on the path.
  - Move requires no attack die roll.
  - Move target tile must not be occupied by cover or another ship.
  - Ramm may only be used if the attacking ship has no weapon modules.
  - Ramm, Longshot and Strike use an initial attack die roll (six-sided 1–6), minus target cover,
  then apply Shield effect (−1 if target has Shield).
  - Die Deckungen auf dem Spielfeld müssen achsensymmetrisch bezüglich der Südwest-Nordost-Achse
  sein (Schiffe sind ausgenommen).
  - Bei ungültiger Spielfeld-Eingabe wird eine Fehlermeldung ausgegeben und auf erneute Eingabe
  gewartet; die einleitende Aufforderung wird nicht wiederholt.
  - Always destroy auxiliary modules first (for Sammler: Container modules) and then the Engine.
  - If a ship has multiple modules of the same type, destroying one module of that type always
  removes the first such module (configuration order).
  - If a ship has only identical auxiliary modules (only one module type destructible), no dialog is
   requested.
  - If all modules or all but the Engine of a ship are destroyed, no dialog is requested; output
  order equals module addition order from configuration phase.
  - On a hit the attacked AI decides module removal; on a critical hit or marked target the
  attacking AI decides.
  - On dialog input errors show an error message and request re-input; do not repeat the initial
  prompt text.
  - Über Dialogsystem wird entschieden. Wahltext: `<Decider> must select <N> of <Ship>s module(s)
  (separated by comma):` Die Auflistung der zur Wahl stehenden Module erfolgt in alphabetischer
  Reihenfolge.
  - Der dritte Parameter (Container) ist die Anzahl der Container-Module der Sammler und muss im
  Intervall [0,3] liegen.
  - For non-destroyed ships in the 'fleet' output list the remaining intact modules alphabetically,
  modules shown in uppercase letters.
  - The 'board' command displays the board with '.' for empty tiles, cover values '1' or '2', and
  letters for ships; destroyed ships are not displayed.
  - The 'fleet' command lists fleets per AI (e.g., 'Alpha's fleet') and for each ship prints a state
   indicator: '<C>' for Sammler, '<->' for intact attack ship, '~X~' for destroyed ship.
  - Die Methode nextInt darf nur dann aufgerufen werden, wenn tatsächlich ein Würfelwurf
  durchgeführt wird.
  - Es darf nur eine einzige feste Instanz dieses Zufallszahlengenerators verwendet werden.
  - Submission for AlphaZeta is automatically graded with zero points if any of the mandatory rules
  are violated; mandatory tests must be passed before other tests are evaluated.
  - Submitted source code must compile without errors.
  - Program output must exactly match the specification including letter case, spaces and line
  breaks.
  - Programs must print only the information specified in the assignment and no additional
  information.
  </adaptive_rules>

  <knowledge>
    - Die Zeichenfolge beschreibt das Spielfeld zeilenweise (links nach rechts, oben nach unten).
    - Fehlerhafte Modulkonfigurationen sollen frühestmöglich erkannt werden; bei Erkennung
  Fehlermeldung ausgeben und Abfrage für dieses Schiff wiederholen; korrekt konfigurierte frühere
  Schiffe bleiben unverändert.
    - Module destruction is output as '<Ship> looses <Module>' per module in the order of AI
  selection or configuration order.
    - Otherwise module destruction is decided via dialog: '<Decider> must select <N> of <Ship>s
  module(s) (separated by comma):' and module choices listed alphabetically.
    - Before module-destroying actions output 'Roll' (actual die roll) and 'Bonus' (difference
  between actual roll and the evaluated attack roll, e.g., reduction from cover).
    - Ship destruction is output as '<Ship> was destroyed'.
    - A successful action that results in no module destruction prints 'missed' on a new line after
  Bonus.
    - JavaDoc documentation rules must be followed and the JavaDoc @author tag must contain only the
   student's u-Kürzel.
    - Source code must be written in English and comments must be consistently either English or
  German.
    - The online submission system runs automated Checkstyle checks; certain specially marked
  Checkstyle rules are mandatory and cause a zero-point grade if violated.
    - Submit your *.java files for task A individually with the correct folder structure in the
  designated directory.
    - Source code must obey a maximum line width of 120 characters.
    - Solution code must use Java SE 17 only.
    - After printing an error message the program must continue and wait for the next input.
    - All whitespace rules and naming rules for variables, methods and packages must be followed.
    - Appropriate visibilities must be chosen for classes, methods and attributes.
    - Source code must not call System.exit(), Runtime.exit() or similar.
    - Interactive user interface must use System.in for input and System.out for output unless
  otherwise specified.
    - Solution code must not use Java library elements except the explicitly allowed packages.
    - Source code must not use the default package.
    - Otherwise a successful action produces no output unless otherwise specified.
    - Standard input and standard output must never be reassigned.
    - User input must be handled case-insensitively by the user interface.
    - Do not add any personal data to submissions except the u-Kürzel.
    - Propel action is only available if the ship has a Propulsion module.
    - When user input does not follow the specified format, an error message must be output.
    - Error messages may be written to System.err instead of System.out.
    - Alpha hat die Schiffe A,B,C,D; Zeta hat die Schiffe Z,W,X,Y; A und Z sind die Sammler.
    - Aktions-Schemata: ` <AKTEUR> <AKTION> <ZIEL>` für Aktionen gegen ein Ziel-Raumschiff; `
  <AKTEUR> <AKTION> <X> <Y>` für die Aktionen move und propel.
    - Der Befehl `actions <SHIP>` gibt die in dieser Runde noch nicht verwendeten Aktionen aus
  (alphabetisch sortiert, alle Aktionen mit Großbuchstaben); für Schiffe gegnerischer KIs werden
  alle durch die Module gegebenen Aktionen ausgegeben.
    - Das Programm muss jederzeit durch Eingabe des Befehls beendet werden.
    - Das Beenden darf nicht über System.exit() oder andere ausgeschlossene Funktionen erfolgen.
    - Automatisierte Tests verwenden `quit` am Ende von Testsequenzen und sind darauf angewiesen.
    - Das Spiel wird mit genau drei Kommandozeilenparametern gestartet.
    - Ein Würfelwurf ist immer random.nextInt(6) + 1 zu berechnen.
    - Nur die Methode nextInt(int bound) darf an dieser Random-Instanz verwendet werden.
    - Sammler cannot be marked.
    - Für zerstörte Schiffe und Schiffe, die keine Aktionen mehr im Zug ausführen können, muss die
  Meldung `No available actions for <AKTEUR>` ausgegeben werden.
    - Ramm cannot be used against Sammler.
    - Nur der Konstruktor Random(long seed) darf verwendet werden, um einen neuen
  Zufallszahlengenerator zu instanziieren.
  </knowledge>
  <entity_paths>
    - Ramm, Longshot, Strike CONSTRAINT 4.9 Aktionen und Würfelmechanik: Ramm, Longshot and Strike
  use an initial attack die roll (six-sided 1–6), minus target cover, then apply Shield effect (−1
  if target has Shield).
  </entity_paths>
  <entity_matches>
    - 4.9 Aktionen und Würfelmechanik (score: 0.83) — Für *ramm*, *longshot* und *strike* erfolgt
  zunächst ein Angriffswürfelwurf: sechsseitiger Würfel (1–6), abzüglich der Deckung des
  Ziel-Raumschiffs, danach Anwendung des *Shield*-Effekts (−1, falls Ziel hat *Shield*).
    - Ramm, Longshot, Strike (score: 0.81) — Für *ramm*, *longshot* und *strike* erfolgt zunächst
  ein Angriffswürfelwurf: sechsseitiger Würfel (1–6), abzüglich der Deckung des Ziel-Raumschiffs,
  danach Anwendung des *Shield*-Effekts (−1, falls Ziel hat *Shield*).
    - 4.11 Modul-Zerstörung (score: 0.78) — Hat ein Schiff mehrere Module desselben Typs, so wird
  beim Zerstören eines Moduls dieses Typs immer das erste solche Modul zerstört (Reihenfolge wie zu
  Spielbeginn konfiguriert).
    - 4.13 Befehl `board` und `fleet` Format (score: 0.75) — Bei nicht zerstörten Schiffen folgt die
   alphabetisch sortierte Liste der noch intakten Module. Module werden nur mit Großbuchstaben
  ausgegeben.
    - ≤1 ramming per ship per turn (score: 0.75) — Limitierung für Ramm-Aktion
  </entity_matches>

● adaptive-memory extension active (role=requirements, memorySession=20260729-100822-req) - type
  /memory-help. MCP tools registered (memory=true, backlog=true).







Changes    +0 -0
Duration   55s
Tokens     ↑ 26.2k (1.3k cached) • ↓ 1.1k (786 reasoning)
[delivery:requirements] Turn 3/11 complete
[delivery:requirements] Turn 4/11: task.md — segment 3/9 — Abschlussaufgabe 2 — AlphaZeta (AZ) > 2 Implementierung von AlphaZeta (AZ)
● [adaptive-context] GET http://localhost:4444/api/agents/7af7809a-adce-4fa9-9609-fd61059de0ff/sessi
  ons/20260729-100822-req/context?input=Dokument%3A+task.md%0ASegment%3A+3%2F9%0AAbschnitt%3A+Abschl
  ussaufgabe+2+%E2%80%94+AlphaZeta+%28AZ%29+%3E+2+Implementierung+von+AlphaZeta+%28AZ%29%0A%0ALies+d
  iesen+Abschnitt+sorgf%C3%A4ltig+und+behalte+den+Kontext.+Erstelle+noch+keinen+Backlog+und+noch+kei
  ne+Tasks.+Warte+damit+bis+zum+abschlie%C3%9Fenden+%2Ffinalize.%0A%0A%23%23+2+Implementierung+von+A
  lphaZeta+%28AZ%29%0A%0AIhre+Aufgabe+ist+es+das+Spiel+mittels+einer+Text-basierten+Schnittstelle+sp
  ielbar+zu+machen.%0ADie+Benutzerschnittstelle+soll+hierbei+*nicht*+die+Gro%C3%9F-Kleinschreibung+d
  es+Nutzers+beachten.%0ADie+daf%C3%BCr+n%C3%B6tigen+Interaktionen+werden+im+Folgenden+dargestellt.%
  0A%0AAchten+Sie+darauf%2C+dass+durch+die+Ausf%C3%BChrung+der+folgenden+Befehle+die+gegebenen+seman
  tischen+und+syntaktischen+Spezifikationen+nicht+verletzt+werden+und+geben+Sie+bei+Verletzung+der+S
  pezifikationen+immer+eine+aussagekr%C3%A4ftige+Fehlermeldung+aus.%0AWenn+die+Benutzereingabe+nicht
  +dem+vorgegebenen+Format+entspricht%2C+ist+auch+eine+Fehlermeldung+auszugeben.+Nach+der+Ausgabe+ei
  ner+Fehlermeldung+soll+das+Programm+wie+erwartet+fortfahren+und+wieder+auf+die+n%C3%A4chste+Eingab
  e+warten.%0ADie+Fehlermeldung+sollte+so+geformt+sein%2C+dass+f%C3%BCr+den+Benutzer+erkenntlich+ist
  %2C+warum+eine+Eingabe+abgelehnt+wurde.%0A%0ADa+wir+automatische+Tests+Ihrer+interaktiven+Benutzer
  schnittstelle+durchf%C3%BChren%2C+m%C3%BCssen+die+Ausgaben+exakt+den+Vorgaben+entsprechen.+Insbeso
  ndere+sollen+sowohl+Klein-+und+Gro%C3%9Fbuchstaben+als+auch+die+Leerzeichen+und+Zeilenumbr%C3%BCch
  e+genau+%C3%BCbereinstimmen.+Setzen+Sie+nur+die+in+der+Aufgabenstellung+angegebenen+Informationen+
  um.+Geben+Sie+auch+keine+zus%C3%A4tzlichen+Informationen+aus.+Bei+Fehlermeldungen+d%C3%BCrfen+Sie+
  den+englischsprachigen+Text+frei+w%C3%A4hlen%2C+er+sollte+jedoch+sinnvoll+sein.+Jede+Fehlermeldung
  +muss+aber+mit+%60Error%2C%60+beginnen+und+darf+keine+Sonderzeichen%2C+wie+beispielsweise+Zeilenum
  br%C3%BCche+oder+Umlaute%2C+enthalten.%0A%0AWenn+nicht+anders+angegeben%2C+ist+f%C3%BCr+Eingabe+im
  mer+die+Standardeingabe+%60System.in%60+zu+verwenden.+Wenn+nicht+anders+angegeben%2C+ist+f%C3%BCr+
  Ausgaben+immer+die+Standardausgabe+%60System.out%60+zu+verwenden.+F%C3%BCr+Fehlermeldungen+kann+an
  stelle+der+Standardausgabe+optional+die+Standardfehlerausgabe+%60System.err%60+verwendet+werden.+W
  eisen+Sie+diese+Standardeingabe+und+-ausgabe+niemals+neu+zu.&project=ProgrammingST22-Final2&role=r
  equirements&task=Understand+the+st22final02+and+create+its+backlog+when+prompted.&timestamp=2026-0
  7-29T08%3A09%3A23.378Z&domain=st22final02

● Injected adaptive memory context into system prompt

● <adaptive_rules>
  - After printing an error message the program must continue and wait for the next input.
  - When user input does not follow the specified format, an error message must be output.
  - Every error message must begin with 'Error,' and must not contain special characters such as
  newlines or umlauts.
  - Bei ungültiger Spielfeld-Eingabe wird eine Fehlermeldung ausgegeben und auf erneute Eingabe
  gewartet; die einleitende Aufforderung wird nicht wiederholt.
  - Source code must be written in English and comments must be consistently either English or
  German.
  - Interactive user interface must use System.in for input and System.out for output unless
  otherwise specified.
  - User input must be handled case-insensitively by the user interface.
  - Das Spielfeld wird durch eine Zeichenfolge konfiguriert: '.' freie Feld, '1' halbe Deckung, '2'
  volle Deckung, Buchstaben (A,B,C,D,Z,W,X,Y) für Raumschiffe.
  - Submission for AlphaZeta is automatically graded with zero points if any of the mandatory rules
  are violated; mandatory tests must be passed before other tests are evaluated.
  - Submitted source code must compile without errors.
  - JavaDoc documentation rules must be followed and the JavaDoc @author tag must contain only the
  student's u-Kürzel.
  - Do not add any personal data to submissions except the u-Kürzel.
  - Die Seitenlänge (zweiter Parameter) muss mindestens 5 und ungerade sein.
  - Program output must exactly match the specification including letter case, spaces and line
  breaks.
  - Programs must print only the information specified in the assignment and no additional
  information.
  - Die Zeichenfolge beschreibt das Spielfeld zeilenweise (links nach rechts, oben nach unten).
  - Submit your *.java files for task A individually with the correct folder structure in the
  designated directory.
  - Fehlerhafte Modulkonfigurationen sollen frühestmöglich erkannt werden; bei Erkennung
  Fehlermeldung ausgeben und Abfrage für dieses Schiff wiederholen; korrekt konfigurierte frühere
  Schiffe bleiben unverändert.
  - The online submission system runs automated Checkstyle checks; certain specially marked
  Checkstyle rules are mandatory and cause a zero-point grade if violated.
  - Für ein 5×5-Spielfeld werden 25 Zeichen erwartet; die ersten 5 Zeichen sind die oberste Reihe.
  - Das Spiel endet, sobald ein Sammler (`Sammler`) zerstört wurde; gewonnen hat die KI, deren
  Sammler nicht zerstört wurde; das System gibt aus, welche KI gewonnen hat und beendet das Spiel.
  - Source code must obey a maximum line width of 120 characters.
  - Pro Zug kann die Aktion eines Moduls nur einmal eingesetzt werden; bei mehreren Modulen gleichen
   Typs kann die Aktion je Modul einmal ausgeführt werden.
  - Der dritte Parameter (Container) ist die Anzahl der Container-Module der Sammler und muss im
  Intervall [0,3] liegen.
  - Der erste Parameter (Seed) muss im Intervall [INT_MIN, INT_MAX] liegen.
  - All whitespace rules and naming rules for variables, methods and packages must be followed.
  - Solution code must not use Java library elements except the explicitly allowed packages.
  - Solution code must use Java SE 17 only.
  - Appropriate visibilities must be chosen for classes, methods and attributes.
  - Die Methode nextInt darf nur dann aufgerufen werden, wenn tatsächlich ein Würfelwurf
  durchgeführt wird.
  - Es darf nur eine einzige feste Instanz dieses Zufallszahlengenerators verwendet werden.
  - Die Deckungen auf dem Spielfeld müssen achsensymmetrisch bezüglich der Südwest-Nordost-Achse
  sein (Schiffe sind ausgenommen).
  - Source code must not call System.exit(), Runtime.exit() or similar.
  - Source code must not use the default package.
  - Standard input and standard output must never be reassigned.
  - A successful action that results in no module destruction prints 'missed' on a new line after
  Bonus.
  - Before module-destroying actions output 'Roll' (actual die roll) and 'Bonus' (difference between
   actual roll and the evaluated attack roll, e.g., reduction from cover).
  - Module destruction is output as '<Ship> looses <Module>' per module in the order of AI selection
   or configuration order.
  - Otherwise a successful action produces no output unless otherwise specified.
  - Ship destruction is output as '<Ship> was destroyed'.
  - Pro Flotte darf maximal 1 Sensor-Modul vorhanden sein.
  - Koordinaten sind (x,y) mit (0,0) oben links und (l-1,l-1) unten rechts.
  - Bei den übrigen Raumschiffen ist das erste Modul immer ein Antrieb (Engine).
  - Distanzen werden als Manhattan-Distanz d1 = |xa−xb| + |ya−yb| berechnet; direkte Nachbarn haben
  d1 = 1.
  - Always destroy auxiliary modules first (for Sammler: Container modules) and then the Engine.
  - If a ship has multiple modules of the same type, destroying one module of that type always
  removes the first such module (configuration order).
  - If a ship has only identical auxiliary modules (only one module type destructible), no dialog is
   requested.
  - If all modules or all but the Engine of a ship are destroyed, no dialog is requested; output
  order equals module addition order from configuration phase.
  - On a hit the attacked AI decides module removal; on a critical hit or marked target the
  attacking AI decides.
  - On dialog input errors show an error message and request re-input; do not repeat the initial
  prompt text.
  </adaptive_rules>

  <memories>
    - task.md describes the Abschlussaufgabe 2 AlphaZeta (AZ).
  </memories>
  <knowledge>
    - Error messages may be written to System.err instead of System.out.
    - Maximal 1 Propulsion-Modul pro Raumschiff zulässig.
    - Otherwise module destruction is decided via dialog: '<Decider> must select <N> of <Ship>s
  module(s) (separated by comma):' and module choices listed alphabetically.
    - Anzahl der Waffen-Module pro Raumschiff darf höchstens 2 betragen.
    - Maximal 1 Shield-Modul pro Raumschiff zulässig.
    - For non-destroyed ships in the 'fleet' output list the remaining intact modules
  alphabetically, modules shown in uppercase letters.
    - Maximal 1 Rail Gun-Modul pro Raumschiff zulässig.
    - Module ranges: Engine 1–3; Ramm 1; Longshot 5–6; Strike 1; Mark infinity; Propel 1–3.
    - Ein Sammler hat genau einen Engine-Antrieb und sonst nur das Spezialmodul Container.
    - Keine leere Kachel darf vollständig von Deckung umgeben sein; direkte Nachbarn dürfen nicht
  alle von Deckung belegt sein.
    - The 'board' command displays the board with '.' for empty tiles, cover values '1' or '2', and
  letters for ships; destroyed ships are not displayed.
    - Die Aktion 'ramm' darf pro Schiff pro Zug nur einmal eingesetzt werden.
    - Das Programm muss jederzeit durch Eingabe des Befehls beendet werden.
    - Aktions-Schemata: ` <AKTEUR> <AKTION> <ZIEL>` für Aktionen gegen ein Ziel-Raumschiff; `
  <AKTEUR> <AKTION> <X> <Y>` für die Aktionen move und propel.
    - Das Beenden darf nicht über System.exit() oder andere ausgeschlossene Funktionen erfolgen.
    - Automatisierte Tests verwenden `quit` am Ende von Testsequenzen und sind darauf angewiesen.
    - Das Spiel wird mit genau drei Kommandozeilenparametern gestartet.
    - Der Befehl `help` listet alle Befehle des Systems in einer fest vorgegebenen Reihenfolge auf.
  </knowledge>
  <entity_paths>
    - Submission for AlphaZeta CONSTRAINT Mandatory tests: Submission for AlphaZeta is automatically
   graded with zero points if any of the mandatory rules are violated; mandatory tests must be
  passed before other tests are evaluated.
    - Submission for AlphaZeta CONSTRAINT Compilable code: Submitted source code must compile
  without errors.
    - task.md RELATES_TO AlphaZeta (AZ): task.md describes the Abschlussaufgabe 2 AlphaZeta (AZ).
    - task.md RELATES_TO 1.4: Document task.md specifies version 1.4.
    - AlphaZeta (AZ) RELATES_TO A: AlphaZeta includes an artificial intelligence named A.
    - AlphaZeta (AZ) RELATES_TO Z: AlphaZeta includes an artificial intelligence named Z.
    - AlphaZeta (AZ) RELATES_TO Year 2985: AlphaZeta (AZ) is set in the in-universe year 2985.
    - Z RELATES_TO Asteroid Belt: AI A is tasked to extract resources from the Asteroid Belt while
  contesting AI Z.
    - task.md RELATES_TO AlphaZeta (AZ): task.md describes the Abschlussaufgabe 2 AlphaZeta (AZ).
    - AlphaZeta (AZ) RELATES_TO A: AlphaZeta includes an artificial intelligence named A.
    - task.md RELATES_TO AlphaZeta (AZ): task.md describes the Abschlussaufgabe 2 AlphaZeta (AZ).
    - AlphaZeta (AZ) RELATES_TO Z: AlphaZeta includes an artificial intelligence named Z.
    - task.md RELATES_TO AlphaZeta (AZ): task.md describes the Abschlussaufgabe 2 AlphaZeta (AZ).
    - AlphaZeta (AZ) RELATES_TO Year 2985: AlphaZeta (AZ) is set in the in-universe year 2985.
    - AlphaZeta (AZ) RELATES_TO A: AlphaZeta includes an artificial intelligence named A.
    - A RELATES_TO Asteroid Belt: AI A is tasked to extract resources from the Asteroid Belt while
  contesting AI Z.
    - AlphaZeta (AZ) RELATES_TO Z: AlphaZeta includes an artificial intelligence named Z.
    - Z RELATES_TO Asteroid Belt: AI A is tasked to extract resources from the Asteroid Belt while
  contesting AI Z.
  </entity_paths>
  <entity_matches>
    - Submission for AlphaZeta (score: 0.81) — Student submission for Abschlussaufgabe 2 "AlphaZeta"
    - task.md (score: 0.77) — Assignment document for AlphaZeta (AZ).
    - AlphaZeta (AZ) (score: 0.73) — Game assignment titled AlphaZeta, abbreviated AZ.
    - Z (score: 0.71) — Artificial intelligence named Z in AlphaZeta.
    - Upload *.java files for task A with folder structure (score: 0.70) — Required submission
  content and organization
  </entity_matches>

● adaptive-memory extension active (role=requirements, memorySession=20260729-100822-req) - type
  /memory-help. MCP tools registered (memory=true, backlog=true).







Changes    +0 -0
Duration   1m 9s
Tokens     ↑ 26.8k (1.3k cached) • ↓ 334 (146 reasoning)
[delivery:requirements] Turn 4/11 complete
[delivery:requirements] Turn 5/11: task.md — segment 4/9 — Abschlussaufgabe 2 — AlphaZeta (AZ) > 2 Implementierung von AlphaZeta (AZ) > 2.1 Darstellung der Beispielinteraktionen
● [adaptive-context] GET
  http://localhost:4444/api/agents/7af7809a-adce-4fa9-9609-fd61059de0ff/sessions/20260729-100822-req
  /context?input=Dokument%3A+task.md%0ASegment%3A+4%2F9%0AAbschnitt%3A+Abschlussaufgabe+2+%E2%80%94+
  AlphaZeta+%28AZ%29+%3E+2+Implementierung+von+AlphaZeta+%28AZ%29+%3E+2.1+Darstellung+der+Beispielin
  teraktionen%0A%0ALies+diesen+Abschnitt+sorgf%C3%A4ltig+und+behalte+den+Kontext.+Erstelle+noch+kein
  en+Backlog+und+noch+keine+Tasks.+Warte+damit+bis+zum+abschlie%C3%9Fenden+%2Ffinalize.%0A%0A%23%23%
  23+2.1+Darstellung+der+Beispielinteraktionen%0A%0AIn+Beispielinteraktionen+stellt+das+Symbol+%60%2
  5%3E+%60+%28Prozent-Zeichen+und+Gr%C3%B6%C3%9Fer-Zeichen+gefolgt+von+einem+Leerzeichen%29+die+Komm
  andozeile+dar.%0ADer+Programmname+ist+frei+gew%C3%A4hlt+und+muss+bei+Ihnen+nicht+*AlphaZeta*+laute
  n.%0ADas+Symbol+%60%3E+%60+%28Gr%C3%B6%C3%9Fer-Zeichen+gefolgt+von+einem+Leerzeichen%29+stellt+ein
  e+Benutzereingabe+dar+und+ist+selbst+nicht+Teil+der+Eingabe.%0ASollte+in+einer+Interaktion+%60%5B.
  ..%5D%60+geschrieben+werden%2C+so+bedeutet+dies%2C+dass+weitere+Interaktionen+ausgelassen+worden+s
  ind%2C+um+auf+eine+spezielle+Stelle+der+Interaktion+einzugehen.%0A%60%5B...%5D%60+ist+keine+Ausgab
  e+Ihres+Spiels.&project=ProgrammingST22-Final2&role=requirements&task=Understand+the+st22final02+a
  nd+create+its+backlog+when+prompted.&timestamp=2026-07-29T08%3A09%3A36.993Z&domain=st22final02

● Injected adaptive memory context into system prompt

● <adaptive_rules>
  - Das Spielfeld wird durch eine Zeichenfolge konfiguriert: '.' freie Feld, '1' halbe Deckung, '2'
  volle Deckung, Buchstaben (A,B,C,D,Z,W,X,Y) für Raumschiffe.
  - Die Zeichenfolge beschreibt das Spielfeld zeilenweise (links nach rechts, oben nach unten).
  - Für ein 5×5-Spielfeld werden 25 Zeichen erwartet; die ersten 5 Zeichen sind die oberste Reihe.
  - JavaDoc documentation rules must be followed and the JavaDoc @author tag must contain only the
  student's u-Kürzel.
  - Submission for AlphaZeta is automatically graded with zero points if any of the mandatory rules
  are violated; mandatory tests must be passed before other tests are evaluated.
  - Submitted source code must compile without errors.
  - Source code must be written in English and comments must be consistently either English or
  German.
  - Interactive user interface must use System.in for input and System.out for output unless
  otherwise specified.
  - Die Seitenlänge (zweiter Parameter) muss mindestens 5 und ungerade sein.
  - Pro Zug kann die Aktion eines Moduls nur einmal eingesetzt werden; bei mehreren Modulen gleichen
   Typs kann die Aktion je Modul einmal ausgeführt werden.
  - Der dritte Parameter (Container) ist die Anzahl der Container-Module der Sammler und muss im
  Intervall [0,3] liegen.
  - Fehlerhafte Modulkonfigurationen sollen frühestmöglich erkannt werden; bei Erkennung
  Fehlermeldung ausgeben und Abfrage für dieses Schiff wiederholen; korrekt konfigurierte frühere
  Schiffe bleiben unverändert.
  - Program output must exactly match the specification including letter case, spaces and line
  breaks.
  - Programs must print only the information specified in the assignment and no additional
  information.
  - The online submission system runs automated Checkstyle checks; certain specially marked
  Checkstyle rules are mandatory and cause a zero-point grade if violated.
  - Das Spiel endet, sobald ein Sammler (`Sammler`) zerstört wurde; gewonnen hat die KI, deren
  Sammler nicht zerstört wurde; das System gibt aus, welche KI gewonnen hat und beendet das Spiel.
  - Bei ungültiger Spielfeld-Eingabe wird eine Fehlermeldung ausgegeben und auf erneute Eingabe
  gewartet; die einleitende Aufforderung wird nicht wiederholt.
  - After printing an error message the program must continue and wait for the next input.
  - Submit your *.java files for task A individually with the correct folder structure in the
  designated directory.
  - Source code must obey a maximum line width of 120 characters.
  - Der erste Parameter (Seed) muss im Intervall [INT_MIN, INT_MAX] liegen.
  - User input must be handled case-insensitively by the user interface.
  - A successful action that results in no module destruction prints 'missed' on a new line after
  Bonus.
  - Before module-destroying actions output 'Roll' (actual die roll) and 'Bonus' (difference between
   actual roll and the evaluated attack roll, e.g., reduction from cover).
  - Module destruction is output as '<Ship> looses <Module>' per module in the order of AI selection
   or configuration order.
  - Otherwise a successful action produces no output unless otherwise specified.
  - Ship destruction is output as '<Ship> was destroyed'.
  - Appropriate visibilities must be chosen for classes, methods and attributes.
  - Do not add any personal data to submissions except the u-Kürzel.
  - All whitespace rules and naming rules for variables, methods and packages must be followed.
  - Bei den übrigen Raumschiffen ist das erste Modul immer ein Antrieb (Engine).
  - Keine leere Kachel darf vollständig von Deckung umgeben sein; direkte Nachbarn dürfen nicht alle
   von Deckung belegt sein.
  - Anzahl der Waffen-Module pro Raumschiff darf höchstens 2 betragen.
  - Maximal 1 Propulsion-Modul pro Raumschiff zulässig.
  - Maximal 1 Rail Gun-Modul pro Raumschiff zulässig.
  - Maximal 1 Shield-Modul pro Raumschiff zulässig.
  - Koordinaten sind (x,y) mit (0,0) oben links und (l-1,l-1) unten rechts.
  - Die Deckungen auf dem Spielfeld müssen achsensymmetrisch bezüglich der Südwest-Nordost-Achse
  sein (Schiffe sind ausgenommen).
  - Solution code must not use Java library elements except the explicitly allowed packages.
  - Solution code must use Java SE 17 only.
  - Die Methode nextInt darf nur dann aufgerufen werden, wenn tatsächlich ein Würfelwurf
  durchgeführt wird.
  - Es darf nur eine einzige feste Instanz dieses Zufallszahlengenerators verwendet werden.
  - When user input does not follow the specified format, an error message must be output.
  - Pro Flotte darf maximal 1 Sensor-Modul vorhanden sein.
  - Die Aktion 'ramm' darf pro Schiff pro Zug nur einmal eingesetzt werden.
  - Always destroy auxiliary modules first (for Sammler: Container modules) and then the Engine.
  - If a ship has multiple modules of the same type, destroying one module of that type always
  removes the first such module (configuration order).
  - If a ship has only identical auxiliary modules (only one module type destructible), no dialog is
   requested.
  - If all modules or all but the Engine of a ship are destroyed, no dialog is requested; output
  order equals module addition order from configuration phase.
  - On a hit the attacked AI decides module removal; on a critical hit or marked target the
  attacking AI decides.
  </adaptive_rules>

  <memories>
    - task.md describes the Abschlussaufgabe 2 AlphaZeta (AZ).
  </memories>
  <knowledge>
    - Otherwise module destruction is decided via dialog: '<Decider> must select <N> of <Ship>s
  module(s) (separated by comma):' and module choices listed alphabetically.
    - Source code must not call System.exit(), Runtime.exit() or similar.
    - On dialog input errors show an error message and request re-input; do not repeat the initial
  prompt text.
    - The 'board' command displays the board with '.' for empty tiles, cover values '1' or '2', and
  letters for ships; destroyed ships are not displayed.
    - The 'fleet' command lists fleets per AI (e.g., 'Alpha's fleet') and for each ship prints a
  state indicator: '<C>' for Sammler, '<->' for intact attack ship, '~X~' for destroyed ship.
    - Standard input and standard output must never be reassigned.
    - Source code must not use the default package.
    - For non-destroyed ships in the 'fleet' output list the remaining intact modules
  alphabetically, modules shown in uppercase letters.
    - Ein Sammler hat genau einen Engine-Antrieb und sonst nur das Spezialmodul Container.
    - Error messages may be written to System.err instead of System.out.
    - Every error message must begin with 'Error,' and must not contain special characters such as
  newlines or umlauts.
    - Aktions-Schemata: ` <AKTEUR> <AKTION> <ZIEL>` für Aktionen gegen ein Ziel-Raumschiff; `
  <AKTEUR> <AKTION> <X> <Y>` für die Aktionen move und propel.
    - Das Programm muss jederzeit durch Eingabe des Befehls beendet werden.
    - Das Spiel wird mit genau drei Kommandozeilenparametern gestartet.
    - Der Befehl `actions <SHIP>` gibt die in dieser Runde noch nicht verwendeten Aktionen aus
  (alphabetisch sortiert, alle Aktionen mit Großbuchstaben); für Schiffe gegnerischer KIs werden
  alle durch die Module gegebenen Aktionen ausgegeben.
    - Das Beenden darf nicht über System.exit() oder andere ausgeschlossene Funktionen erfolgen.
    - Automatisierte Tests verwenden `quit` am Ende von Testsequenzen und sind darauf angewiesen.
    - Der Befehl `help` listet alle Befehle des Systems in einer fest vorgegebenen Reihenfolge auf.
  </knowledge>
  <entity_paths>
    - Submission for AlphaZeta CONSTRAINT Mandatory tests: Submission for AlphaZeta is automatically
   graded with zero points if any of the mandatory rules are violated; mandatory tests must be
  passed before other tests are evaluated.
    - Submission for AlphaZeta CONSTRAINT Compilable code: Submitted source code must compile
  without errors.
    - task.md RELATES_TO AlphaZeta (AZ): task.md describes the Abschlussaufgabe 2 AlphaZeta (AZ).
    - task.md RELATES_TO 1.4: Document task.md specifies version 1.4.
    - AlphaZeta (AZ) RELATES_TO A: AlphaZeta includes an artificial intelligence named A.
    - AlphaZeta (AZ) RELATES_TO Z: AlphaZeta includes an artificial intelligence named Z.
    - AlphaZeta (AZ) RELATES_TO Year 2985: AlphaZeta (AZ) is set in the in-universe year 2985.
    - Z RELATES_TO Asteroid Belt: AI A is tasked to extract resources from the Asteroid Belt while
  contesting AI Z.
    - task.md RELATES_TO AlphaZeta (AZ): task.md describes the Abschlussaufgabe 2 AlphaZeta (AZ).
    - AlphaZeta (AZ) RELATES_TO A: AlphaZeta includes an artificial intelligence named A.
    - task.md RELATES_TO AlphaZeta (AZ): task.md describes the Abschlussaufgabe 2 AlphaZeta (AZ).
    - AlphaZeta (AZ) RELATES_TO Z: AlphaZeta includes an artificial intelligence named Z.
    - task.md RELATES_TO AlphaZeta (AZ): task.md describes the Abschlussaufgabe 2 AlphaZeta (AZ).
    - AlphaZeta (AZ) RELATES_TO Year 2985: AlphaZeta (AZ) is set in the in-universe year 2985.
    - AlphaZeta (AZ) RELATES_TO A: AlphaZeta includes an artificial intelligence named A.
    - A RELATES_TO Asteroid Belt: AI A is tasked to extract resources from the Asteroid Belt while
  contesting AI Z.
    - AlphaZeta (AZ) RELATES_TO Z: AlphaZeta includes an artificial intelligence named Z.
    - Z RELATES_TO Asteroid Belt: AI A is tasked to extract resources from the Asteroid Belt while
  contesting AI Z.
  </entity_paths>
  <entity_matches>
    - Submission for AlphaZeta (score: 0.79) — Student submission for Abschlussaufgabe 2 "AlphaZeta"
    - task.md (score: 0.77) — Assignment document for AlphaZeta (AZ).
    - AlphaZeta (AZ) (score: 0.72) — Game assignment titled AlphaZeta, abbreviated AZ.
    - Z (score: 0.71) — Artificial intelligence named Z in AlphaZeta.
    - Upload *.java files for task A with folder structure (score: 0.70) — Required submission
  content and organization
  </entity_matches>
  <insights>
    - Agent community around task.md, 1.4. Relevant agent facts: task.md describes the
  Abschlussaufgabe 2 AlphaZeta (AZ).; Document task.md specifies version 1.4.
    - Agent community around AlphaZeta (AZ), Z, A. Relevant agent facts: AI A is tasked to extract
  resources from the Asteroid Belt while contesting AI Z.; AlphaZeta includes an artificial
  intelligence named A.; AlphaZeta includes an artificial intelligence named Z.
    - Agent community around task.md, AlphaZeta (AZ), Z connects Asteroid Belt, Year 2985. Relevant
  agent facts: AI A is tasked to extract resources from the Asteroid Belt while contesting AI Z.;
  AlphaZeta includes an artificial intelligence named A.; AlphaZeta includes an artificial
  intelligence named Z.
  </insights>

● adaptive-memory extension active (role=requirements, memorySession=20260729-100822-req) - type
  /memory-help. MCP tools registered (memory=true, backlog=true).







Changes    +0 -0
Duration   1m 20s
Tokens     ↑ 27.6k (1.3k cached) • ↓ 183 (83 reasoning)
[delivery:requirements] Turn 5/11 complete
[delivery:requirements] Turn 6/11: task.md — segment 5/9 — Abschlussaufgabe 2 — AlphaZeta (AZ) > 2 Implementierung von AlphaZeta (AZ) > 2.2 Quit-Befehl
● [adaptive-context] GET http://localhost:4444/api/agents/7af7809a-adce-4fa9-9609-fd61059de0ff/sessi
  ons/20260729-100822-req/context?input=Dokument%3A+task.md%0ASegment%3A+5%2F9%0AAbschnitt%3A+Abschl
  ussaufgabe+2+%E2%80%94+AlphaZeta+%28AZ%29+%3E+2+Implementierung+von+AlphaZeta+%28AZ%29+%3E+2.2+Qui
  t-Befehl%0A%0ALies+diesen+Abschnitt+sorgf%C3%A4ltig+und+behalte+den+Kontext.+Erstelle+noch+keinen+
  Backlog+und+noch+keine+Tasks.+Warte+damit+bis+zum+abschlie%C3%9Fenden+%2Ffinalize.%0A%0A%23%23%23+
  2.2+Quit-Befehl%0A%0AGenerell+muss+Ihr+Programm+jederzeit+mit+der+Eingabe+des+Befehls+%60quit%60+b
  eendet+werden+k%C3%B6nnen.%0ABeachten+Sie%2C+dass+f%C3%BCr+das+Testen+Ihrer+Abgabe+dieser+Befehl+e
  ssenziell+ist%2C+da+viele+der+Tests+%60quit%60+am+Ende+einer+Testsequenz+verwenden%2C+um+Ihr+Progr
  amm+zu+beenden.%0AStellen+Sie+daher+sicher%2C+dass+der+Befehl+in+jeder+Situation+funktioniert.%0AB
  eachten+Sie+bitte+nochmals%2C+dass+Sie+hierf%C3%BCr+nicht+%60System.exit%28%29%60+oder+andere+ausg
  eschlossene+Funktionen+verwenden+d%C3%BCrfen.&project=ProgrammingST22-Final2&role=requirements&tas
  k=Understand+the+st22final02+and+create+its+backlog+when+prompted.&timestamp=2026-07-29T08%3A09%3A
  47.641Z&domain=st22final02

● Injected adaptive memory context into system prompt

● <adaptive_rules>
  - Source code must not call System.exit(), Runtime.exit() or similar.
  - Source code must not use the default package.
  - Standard input and standard output must never be reassigned.
  - Source code must be written in English and comments must be consistently either English or
  German.
  - Submission for AlphaZeta is automatically graded with zero points if any of the mandatory rules
  are violated; mandatory tests must be passed before other tests are evaluated.
  - Submitted source code must compile without errors.
  - Program output must exactly match the specification including letter case, spaces and line
  breaks.
  - Programs must print only the information specified in the assignment and no additional
  information.
  - After printing an error message the program must continue and wait for the next input.
  - Fehlerhafte Modulkonfigurationen sollen frühestmöglich erkannt werden; bei Erkennung
  Fehlermeldung ausgeben und Abfrage für dieses Schiff wiederholen; korrekt konfigurierte frühere
  Schiffe bleiben unverändert.
  - The online submission system runs automated Checkstyle checks; certain specially marked
  Checkstyle rules are mandatory and cause a zero-point grade if violated.
  - Submit your *.java files for task A individually with the correct folder structure in the
  designated directory.
  - Bei ungültiger Spielfeld-Eingabe wird eine Fehlermeldung ausgegeben und auf erneute Eingabe
  gewartet; die einleitende Aufforderung wird nicht wiederholt.
  - Die Seitenlänge (zweiter Parameter) muss mindestens 5 und ungerade sein.
  - JavaDoc documentation rules must be followed and the JavaDoc @author tag must contain only the
  student's u-Kürzel.
  - Pro Zug kann die Aktion eines Moduls nur einmal eingesetzt werden; bei mehreren Modulen gleichen
   Typs kann die Aktion je Modul einmal ausgeführt werden.
  - Interactive user interface must use System.in for input and System.out for output unless
  otherwise specified.
  - Das Spiel endet, sobald ein Sammler (`Sammler`) zerstört wurde; gewonnen hat die KI, deren
  Sammler nicht zerstört wurde; das System gibt aus, welche KI gewonnen hat und beendet das Spiel.
  - Source code must obey a maximum line width of 120 characters.
  - Das Spielfeld wird durch eine Zeichenfolge konfiguriert: '.' freie Feld, '1' halbe Deckung, '2'
  volle Deckung, Buchstaben (A,B,C,D,Z,W,X,Y) für Raumschiffe.
  - All whitespace rules and naming rules for variables, methods and packages must be followed.
  - Der dritte Parameter (Container) ist die Anzahl der Container-Module der Sammler und muss im
  Intervall [0,3] liegen.
  - Der erste Parameter (Seed) muss im Intervall [INT_MIN, INT_MAX] liegen.
  - Solution code must not use Java library elements except the explicitly allowed packages.
  - Solution code must use Java SE 17 only.
  - Die Zeichenfolge beschreibt das Spielfeld zeilenweise (links nach rechts, oben nach unten).
  - A successful action that results in no module destruction prints 'missed' on a new line after
  Bonus.
  - Before module-destroying actions output 'Roll' (actual die roll) and 'Bonus' (difference between
   actual roll and the evaluated attack roll, e.g., reduction from cover).
  - Module destruction is output as '<Ship> looses <Module>' per module in the order of AI selection
   or configuration order.
  - Otherwise a successful action produces no output unless otherwise specified.
  - Ship destruction is output as '<Ship> was destroyed'.
  - Pro Flotte darf maximal 1 Sensor-Modul vorhanden sein.
  - Für ein 5×5-Spielfeld werden 25 Zeichen erwartet; die ersten 5 Zeichen sind die oberste Reihe.
  - Do not add any personal data to submissions except the u-Kürzel.
  - User input must be handled case-insensitively by the user interface.
  - Die Methode nextInt darf nur dann aufgerufen werden, wenn tatsächlich ein Würfelwurf
  durchgeführt wird.
  - Es darf nur eine einzige feste Instanz dieses Zufallszahlengenerators verwendet werden.
  - Appropriate visibilities must be chosen for classes, methods and attributes.
  - Keine leere Kachel darf vollständig von Deckung umgeben sein; direkte Nachbarn dürfen nicht alle
   von Deckung belegt sein.
  - Die Deckungen auf dem Spielfeld müssen achsensymmetrisch bezüglich der Südwest-Nordost-Achse
  sein (Schiffe sind ausgenommen).
  - Every error message must begin with 'Error,' and must not contain special characters such as
  newlines or umlauts.
  - For non-destroyed ships in the 'fleet' output list the remaining intact modules alphabetically,
  modules shown in uppercase letters.
  - The 'board' command displays the board with '.' for empty tiles, cover values '1' or '2', and
  letters for ships; destroyed ships are not displayed.
  - The 'fleet' command lists fleets per AI (e.g., 'Alpha's fleet') and for each ship prints a state
   indicator: '<C>' for Sammler, '<->' for intact attack ship, '~X~' for destroyed ship.
  - Anzahl der Waffen-Module pro Raumschiff darf höchstens 2 betragen.
  - Maximal 1 Propulsion-Modul pro Raumschiff zulässig.
  - Maximal 1 Rail Gun-Modul pro Raumschiff zulässig.
  - Maximal 1 Shield-Modul pro Raumschiff zulässig.
  - Bei den übrigen Raumschiffen ist das erste Modul immer ein Antrieb (Engine).
  - Ein Sammler hat genau einen Engine-Antrieb und sonst nur das Spezialmodul Container.
  </adaptive_rules>

  <memories>
    - task.md describes the Abschlussaufgabe 2 AlphaZeta (AZ).
  </memories>
  <knowledge>
    - Always destroy auxiliary modules first (for Sammler: Container modules) and then the Engine.
    - Otherwise module destruction is decided via dialog: '<Decider> must select <N> of <Ship>s
  module(s) (separated by comma):' and module choices listed alphabetically.
    - If all modules or all but the Engine of a ship are destroyed, no dialog is requested; output
  order equals module addition order from configuration phase.
    - On dialog input errors show an error message and request re-input; do not repeat the initial
  prompt text.
    - Error messages may be written to System.err instead of System.out.
    - When user input does not follow the specified format, an error message must be output.
    - Die Aktion 'ramm' darf pro Schiff pro Zug nur einmal eingesetzt werden.
    - Module ranges: Engine 1–3; Ramm 1; Longshot 5–6; Strike 1; Mark infinity; Propel 1–3.
    - If a ship has only identical auxiliary modules (only one module type destructible), no dialog
  is requested.
    - Das Programm muss jederzeit durch Eingabe des Befehls beendet werden.
    - Automatisierte Tests verwenden `quit` am Ende von Testsequenzen und sind darauf angewiesen.
    - Das Beenden darf nicht über System.exit() oder andere ausgeschlossene Funktionen erfolgen.
    - Aktions-Schemata: ` <AKTEUR> <AKTION> <ZIEL>` für Aktionen gegen ein Ziel-Raumschiff; `
  <AKTEUR> <AKTION> <X> <Y>` für die Aktionen move und propel.
    - Der Befehl `help` listet alle Befehle des Systems in einer fest vorgegebenen Reihenfolge auf.
  </knowledge>
  <entity_paths>
    - Submission for AlphaZeta CONSTRAINT Mandatory tests: Submission for AlphaZeta is automatically
   graded with zero points if any of the mandatory rules are violated; mandatory tests must be
  passed before other tests are evaluated.
    - Submission for AlphaZeta CONSTRAINT Compilable code: Submitted source code must compile
  without errors.
    - task.md RELATES_TO AlphaZeta (AZ): task.md describes the Abschlussaufgabe 2 AlphaZeta (AZ).
    - task.md RELATES_TO 1.4: Document task.md specifies version 1.4.
    - AlphaZeta (AZ) RELATES_TO A: AlphaZeta includes an artificial intelligence named A.
    - AlphaZeta (AZ) RELATES_TO Z: AlphaZeta includes an artificial intelligence named Z.
    - AlphaZeta (AZ) RELATES_TO Year 2985: AlphaZeta (AZ) is set in the in-universe year 2985.
    - task.md RELATES_TO AlphaZeta (AZ): task.md describes the Abschlussaufgabe 2 AlphaZeta (AZ).
    - AlphaZeta (AZ) RELATES_TO A: AlphaZeta includes an artificial intelligence named A.
    - task.md RELATES_TO AlphaZeta (AZ): task.md describes the Abschlussaufgabe 2 AlphaZeta (AZ).
    - AlphaZeta (AZ) RELATES_TO Z: AlphaZeta includes an artificial intelligence named Z.
    - task.md RELATES_TO AlphaZeta (AZ): task.md describes the Abschlussaufgabe 2 AlphaZeta (AZ).
    - AlphaZeta (AZ) RELATES_TO Year 2985: AlphaZeta (AZ) is set in the in-universe year 2985.
    - AlphaZeta (AZ) RELATES_TO A: AlphaZeta includes an artificial intelligence named A.
    - A RELATES_TO Asteroid Belt: AI A is tasked to extract resources from the Asteroid Belt while
  contesting AI Z.
    - AlphaZeta (AZ) RELATES_TO Z: AlphaZeta includes an artificial intelligence named Z.
    - Z RELATES_TO Asteroid Belt: AI A is tasked to extract resources from the Asteroid Belt while
  contesting AI Z.
  </entity_paths>
  <entity_matches>
    - Submission for AlphaZeta (score: 0.78) — Student submission for Abschlussaufgabe 2 "AlphaZeta"
    - quit (score: 0.78) — Beendigungsbefehl
    - task.md (score: 0.75) — Assignment document for AlphaZeta (AZ).
    - Upload *.java files for task A with folder structure (score: 0.70) — Required submission
  content and organization
    - AlphaZeta (AZ) (score: 0.68) — Game assignment titled AlphaZeta, abbreviated AZ.
  </entity_matches>
  <insights>
    - Agent community around task.md, 1.4. Relevant agent facts: task.md describes the
  Abschlussaufgabe 2 AlphaZeta (AZ).; Document task.md specifies version 1.4.
    - Agent community around AlphaZeta (AZ), A, Z. Relevant agent facts: AI A is tasked to extract
  resources from the Asteroid Belt while contesting AI Z.; AlphaZeta includes an artificial
  intelligence named A.; AlphaZeta includes an artificial intelligence named Z.
    - Agent community around task.md, AlphaZeta (AZ), 1.4 connects Asteroid Belt, Year 2985.
  Relevant agent facts: AI A is tasked to extract resources from the Asteroid Belt while contesting
  AI Z.; AlphaZeta includes an artificial intelligence named A.; AlphaZeta includes an artificial
  intelligence named Z.
  </insights>

● adaptive-memory extension active (role=requirements, memorySession=20260729-100822-req) - type
  /memory-help. MCP tools registered (memory=true, backlog=true).







Changes    +0 -0
Duration   1m 30s
Tokens     ↑ 27.8k (1.3k cached) • ↓ 141 (64 reasoning)
[delivery:requirements] Turn 6/11 complete
[delivery:requirements] Turn 7/11: task.md — segment 6/9 — Abschlussaufgabe 2 — AlphaZeta (AZ) > 2 Implementierung von AlphaZeta (AZ) > 2.3 Vorbereitung: Start, Konfiguration
● [adaptive-context] GET
  http://localhost:4444/api/agents/7af7809a-adce-4fa9-9609-fd61059de0ff/sessions/20260729-100822-req
  /context?input=Dokument%3A+task.md%0ASegment%3A+6%2F9%0AAbschnitt%3A+Abschlussaufgabe+2+%E2%80%94+
  AlphaZeta+%28AZ%29+%3E+2+Implementierung+von+AlphaZeta+%28AZ%29+%3E+2.3+Vorbereitung%3A+Start%2C+K
  onfiguration%0A%0ALies+diesen+Abschnitt+sorgf%C3%A4ltig+und+behalte+den+Kontext.+Erstelle+noch+kei
  nen+Backlog+und+noch+keine+Tasks.+Warte+damit+bis+zum+abschlie%C3%9Fenden+%2Ffinalize.%0A%0A%23%23
  %23+2.3+Vorbereitung%3A+Start%2C+Konfiguration%0A%0AAm+Anfang+muss+das+Spiel+konfiguriert+werden.%
  0AHierzu+wird+das+Spiel+mit+genau+drei+Kommandozeilen-Parametern+gestartet.%0ADer+erste+Parameter+
  ist+ein+*Seed*+f%C3%BCr+den+Zufallszahlengenerator%2C+welcher+den+W%C3%BCrfel+ersetzt.%0ADer+Seed+
  soll+hierbei+im+Intervall+von+%5BINT_MIN%2C+INT_MAX%5D+liegen.%0ADer+zweite+Parameter+gibt+die+Sei
  tenl%C3%A4nge+des+Spielfeldes+an.%0AHierbei+w%C3%BCrde+der+Parameter+5+bedeuten%2C+dass+auf+einem+
  5%C3%975+Spielfeld+gespielt+wird.%0ADer+letzte+Parameter+gibt+an%2C+wie+viele+*Container*-Module+d
  ie+Sammler+der+KIs+haben.%0ADieser+Wert+muss+immer+im+geschlossenen+Intervall+%5B0%2C+3%5D+liegen.
  %0A%0A%23%23%23%23+Seed+%26+W%C3%BCrfelwurf%0A%0AEin+deterministischer+Zufallszahlengenerator+ist+
  ein+Verfahren+zur+Erzeugung+einer+Zahlenfolge%2C+deren+Eigenschaften+den+Eigenschaften+von+Zufalls
  zahlenfolgen+nahekommen.%0ADie+von+deterministischen+Zufallszahlengeneratoren+erzeugte+Folge+ist+j
  edoch+nicht+wirklich+zuf%C3%A4llig%2C+da+sie+vollst%C3%A4ndig+durch+einen+Anfangswert%2C+den+sogen
  annten+*Seed*%2C+bestimmt+wird.%0A%0AVerwenden+Sie+nur+den+Konstruktor+%60Random%28long+seed%29%60
  %2C+um+einen+neuen+Zufallszahlengenerator+mit+einem+Anfangswert+zu+instanziieren.%0AEine+Instanz+d
  ieser+Klasse+wird+verwendet%2C+um+eine+Folge+von+deterministischen+Zufallszahlen+zu+erzeugen.%0AVe
  rwenden+Sie+bei+der+Implementierung+Ihres+Spiels+nur+eine+einzige+feste+Instanz+dieses+Zufallszahl
  engenerators%2C+um+eine+feste+deterministische+Folge+von+W%C3%BCrfelw%C3%BCrfen+zu+gew%C3%A4hrleis
  ten.%0A%0AVerwenden+Sie+dann%2C+ausschlie%C3%9Flich+auf+dieser+Instanz%2C+die+Methode+%60nextInt%2
  8int+bound%29%60%2C+um+die+n%C3%A4chste+deterministische+Zahl+aus+der+Folge+dieses+Zufallszahlenge
  nerators+zu+erhalten.%0AF%C3%BCr+die+Berechnung+eines+W%C3%BCrfelwurfs+berechnen+sie+bitte+immer+%
  60random.nextInt%286%29+%2B+1%60.%0AVerwenden+Sie+die+Methode+bei+Ihrer+Implementierung+nur+dann%2
  C+wenn+Sie+einen+W%C3%BCrfelwurf+durchf%C3%BChren+m%C3%BCssen%2C+damit+eine+feste+deterministische
  +Zahlenfolge+gew%C3%A4hrleistet+ist.%0A%0A%23%23%23%23+Programmstart-Interaktion%0A%0AZum+Spielsta
  rt+zeigt+das+System+zun%C3%A4chst+eine+Willkommensbotschaft+an.%0ADiese+wird+in+Zeile+2+der+folgen
  den+Beispielinteraktion+dargestellt.%0AAnschlie%C3%9Fend+fordert+das+System+zur+Konfiguration+der+
  Schiffe+der+KIs+an.%0AHierzu+werden+nacheinander+die+Module+der+verschiedenen+Schiffe+abgefragt.%0
  ADie+Reihenfolge+der+Schiffe+ist+hierbei+wie+in+der+Beispielinteraktion+festgelegt.%0ADas+System+l
  istet+die+m%C3%B6glichen+Module+immer+alphabetisch+auf.%0ABeachten+Sie%2C+dass+fehlerhafte+Konfigu
  rationen+*fr%C3%BChstm%C3%B6glich*+erkannt+werden+sollen.%0ASobald+eine+fehlerhafte+Konfiguration+
  erkannt+wurde%2C+wird+eine+aussagekr%C3%A4ftige+Fehlermeldung+ausgegeben+und+die+Abfrage+der+Konfi
  guration+f%C3%BCr+das+Schiff+wiederholt.%0AHierbei+wird+die+bereits+korrekte+Konfiguration+f%C3%BC
  r+die+vorherigen+Schiffe+*nicht*+erneut+erfragt.%0AEin+Beispiel+hierf%C3%BCr+findet+sich+in+der+zw
  eiten+Beispielinteraktion+in+diesem+Paragraphen.%0ANachdem+alle+Schiffe+konfiguriert+wurden%2C+mus
  s+das+Spielfeld+konfiguriert+werden.%0ADies+wird+durch+eine+Aufforderung+des+Spiels+eingeleitet+%2
  8siehe+Beispielinteraktion%29.%0ADie+Konfiguration+des+Spielfeldes+wird+durch+die+Eingabe+einer+Ze
  ichenfolge+durchgef%C3%BChrt.%0AHierbei+wird+%60.%60+als+freies+Feld%2C+%601%60+f%C3%BCr+halbe+Dec
  kung%2C+%602%60+f%C3%BCr+volle+Deckung+und+die+entsprechenden+Buchstaben+f%C3%BCr+die+Raumschiffe+
  verwendet.%0ADie+Zeichenfolge+beschreibt+hierbei+Zeilenweise+%28von+links+nach+rechts+und+von+oben
  +nach+unten%29+das+Spielfeld.%0AF%C3%BCr+ein+5%C3%975+Spielfeld%2C+m%C3%BCssten+also+25+Zeichen+ei
  ngegeben+werden%2C+wobei+die+ersten+5+Zeichen+die+oberste+Reihe+%28von+links+nach+rechts%29+beschr
  eiben+w%C3%BCrden.%0AFalls+ein+ung%C3%BCltiges+Spielfeld+eingegeben+wird%2C+so+wird+eine+Fehlermel
  dung+ausgegeben+und+das+System+wartet+erneut+auf+eine+Eingabe+des+Spielfelds.%0AEs+wird+insbesonde
  re+nicht+die+Aufforderung+zu+Beginn+der+Konfiguration+wiederholt.%0ANach+der+korrekten+Konfigurati
  on+des+Spielfeldes+beginnt+Alphas+Zug.%0ADies+wird+mit+der+in+der+Interaktion+dargestellten+Ausgab
  e+angek%C3%BCndigt.&project=ProgrammingST22-Final2&role=requirements&task=Understand+the+st22final
  02+and+create+its+backlog+when+prompted.&timestamp=2026-07-29T08%3A09%3A58.054Z&domain=st22final02

● Injected adaptive memory context into system prompt

● <adaptive_rules>
  - Das Spielfeld wird durch eine Zeichenfolge konfiguriert: '.' freie Feld, '1' halbe Deckung, '2'
  volle Deckung, Buchstaben (A,B,C,D,Z,W,X,Y) für Raumschiffe.
  - Die Zeichenfolge beschreibt das Spielfeld zeilenweise (links nach rechts, oben nach unten).
  - Die Seitenlänge (zweiter Parameter) muss mindestens 5 und ungerade sein.
  - Der erste Parameter (Seed) muss im Intervall [INT_MIN, INT_MAX] liegen.
  - Das Spiel endet, sobald ein Sammler (`Sammler`) zerstört wurde; gewonnen hat die KI, deren
  Sammler nicht zerstört wurde; das System gibt aus, welche KI gewonnen hat und beendet das Spiel.
  - Die Deckungen auf dem Spielfeld müssen achsensymmetrisch bezüglich der Südwest-Nordost-Achse
  sein (Schiffe sind ausgenommen).
  - Für ein 5×5-Spielfeld werden 25 Zeichen erwartet; die ersten 5 Zeichen sind die oberste Reihe.
  - Ein Sammler hat genau einen Engine-Antrieb und sonst nur das Spezialmodul Container.
  - Die Methode nextInt darf nur dann aufgerufen werden, wenn tatsächlich ein Würfelwurf
  durchgeführt wird.
  - Es darf nur eine einzige feste Instanz dieses Zufallszahlengenerators verwendet werden.
  - Bei den übrigen Raumschiffen ist das erste Modul immer ein Antrieb (Engine).
  - After printing an error message the program must continue and wait for the next input.
  - Anzahl der Waffen-Module pro Raumschiff darf höchstens 2 betragen.
  - Maximal 1 Propulsion-Modul pro Raumschiff zulässig.
  - Maximal 1 Rail Gun-Modul pro Raumschiff zulässig.
  - Maximal 1 Shield-Modul pro Raumschiff zulässig.
  - Der dritte Parameter (Container) ist die Anzahl der Container-Module der Sammler und muss im
  Intervall [0,3] liegen.
  - Always destroy auxiliary modules first (for Sammler: Container modules) and then the Engine.
  - If a ship has multiple modules of the same type, destroying one module of that type always
  removes the first such module (configuration order).
  - If a ship has only identical auxiliary modules (only one module type destructible), no dialog is
   requested.
  - If all modules or all but the Engine of a ship are destroyed, no dialog is requested; output
  order equals module addition order from configuration phase.
  - On a hit the attacked AI decides module removal; on a critical hit or marked target the
  attacking AI decides.
  - On dialog input errors show an error message and request re-input; do not repeat the initial
  prompt text.
  - Über Dialogsystem wird entschieden. Wahltext: `<Decider> must select <N> of <Ship>s module(s)
  (separated by comma):` Die Auflistung der zur Wahl stehenden Module erfolgt in alphabetischer
  Reihenfolge.
  - Pro Flotte darf maximal 1 Sensor-Modul vorhanden sein.
  - Pro Zug kann die Aktion eines Moduls nur einmal eingesetzt werden; bei mehreren Modulen gleichen
   Typs kann die Aktion je Modul einmal ausgeführt werden.
  - Bei ungültiger Spielfeld-Eingabe wird eine Fehlermeldung ausgegeben und auf erneute Eingabe
  gewartet; die einleitende Aufforderung wird nicht wiederholt.
  - Submission for AlphaZeta is automatically graded with zero points if any of the mandatory rules
  are violated; mandatory tests must be passed before other tests are evaluated.
  - Submitted source code must compile without errors.
  - For non-destroyed ships in the 'fleet' output list the remaining intact modules alphabetically,
  modules shown in uppercase letters.
  - The 'board' command displays the board with '.' for empty tiles, cover values '1' or '2', and
  letters for ships; destroyed ships are not displayed.
  - The 'fleet' command lists fleets per AI (e.g., 'Alpha's fleet') and for each ship prints a state
   indicator: '<C>' for Sammler, '<->' for intact attack ship, '~X~' for destroyed ship.
  - Die Aktion 'ramm' darf pro Schiff pro Zug nur einmal eingesetzt werden.
  - The online submission system runs automated Checkstyle checks; certain specially marked
  Checkstyle rules are mandatory and cause a zero-point grade if violated.
  - Program output must exactly match the specification including letter case, spaces and line
  breaks.
  - Programs must print only the information specified in the assignment and no additional
  information.
  - Source code must be written in English and comments must be consistently either English or
  German.
  - Submit your *.java files for task A individually with the correct folder structure in the
  designated directory.
  - Fehlerhafte Modulkonfigurationen sollen frühestmöglich erkannt werden; bei Erkennung
  Fehlermeldung ausgeben und Abfrage für dieses Schiff wiederholen; korrekt konfigurierte frühere
  Schiffe bleiben unverändert.
  - Koordinaten sind (x,y) mit (0,0) oben links und (l-1,l-1) unten rechts.
  - JavaDoc documentation rules must be followed and the JavaDoc @author tag must contain only the
  student's u-Kürzel.
  - Interactive user interface must use System.in for input and System.out for output unless
  otherwise specified.
  - Keine leere Kachel darf vollständig von Deckung umgeben sein; direkte Nachbarn dürfen nicht alle
   von Deckung belegt sein.
  - Source code must obey a maximum line width of 120 characters.
  - All whitespace rules and naming rules for variables, methods and packages must be followed.
  - Propel action is only available if the ship has a Propulsion module.
  - Solution code must not use Java library elements except the explicitly allowed packages.
  - Solution code must use Java SE 17 only.
  - Appropriate visibilities must be chosen for classes, methods and attributes.
  - Every error message must begin with 'Error,' and must not contain special characters such as
  newlines or umlauts.
  </adaptive_rules>

  <memories>
    - task.md describes the Abschlussaufgabe 2 AlphaZeta (AZ).
  </memories>
  <knowledge>
    - Otherwise module destruction is decided via dialog: '<Decider> must select <N> of <Ship>s
  module(s) (separated by comma):' and module choices listed alphabetically.
    - Module destruction is output as '<Ship> looses <Module>' per module in the order of AI
  selection or configuration order.
    - Before module-destroying actions output 'Roll' (actual die roll) and 'Bonus' (difference
  between actual roll and the evaluated attack roll, e.g., reduction from cover).
    - Mark marks any enemy ship until the start of the enemy's turn.
    - A successful action that results in no module destruction prints 'missed' on a new line after
  Bonus.
    - Ramm, Longshot and Strike use an initial attack die roll (six-sided 1–6), minus target cover,
  then apply Shield effect (−1 if target has Shield).
    - Source code must not call System.exit(), Runtime.exit() or similar.
    - Ship destruction is output as '<Ship> was destroyed'.
    - Move target tile must not be occupied by cover or another ship.
    - Source code must not use the default package.
    - Standard input and standard output must never be reassigned.
    - Module ranges: Engine 1–3; Ramm 1; Longshot 5–6; Strike 1; Mark infinity; Propel 1–3.
    - Otherwise a successful action produces no output unless otherwise specified.
    - Do not add any personal data to submissions except the u-Kürzel.
    - User input must be handled case-insensitively by the user interface.
    - Error messages may be written to System.err instead of System.out.
    - When user input does not follow the specified format, an error message must be output.
    - Distanzen werden als Manhattan-Distanz d1 = |xa−xb| + |ya−yb| berechnet; direkte Nachbarn
  haben d1 = 1.
    - Half cover reduces the die roll by 1; full cover reduces by 2.
    - When a ship R is attacked from position P, coverage is computed from the coverings adjacent in
   the direction of P.
    - Ramm may only be used if the attacking ship has no weapon modules.
    - A ship is covered only by its direct neighbors.
    - Move reachability depends only on distance, not on cover or ships on the path.
    - Das Spiel wird mit genau drei Kommandozeilenparametern gestartet.
    - Der Befehl `actions <SHIP>` gibt die in dieser Runde noch nicht verwendeten Aktionen aus
  (alphabetisch sortiert, alle Aktionen mit Großbuchstaben); für Schiffe gegnerischer KIs werden
  alle durch die Module gegebenen Aktionen ausgegeben.
    - Aktions-Schemata: ` <AKTEUR> <AKTION> <ZIEL>` für Aktionen gegen ein Ziel-Raumschiff; `
  <AKTEUR> <AKTION> <X> <Y>` für die Aktionen move und propel.
    - Das Programm muss jederzeit durch Eingabe des Befehls beendet werden.
    - Das Beenden darf nicht über System.exit() oder andere ausgeschlossene Funktionen erfolgen.
    - Automatisierte Tests verwenden `quit` am Ende von Testsequenzen und sind darauf angewiesen.
    - Nur der Konstruktor Random(long seed) darf verwendet werden, um einen neuen
  Zufallszahlengenerator zu instanziieren.
    - Ein Würfelwurf ist immer random.nextInt(6) + 1 zu berechnen.
    - Nur die Methode nextInt(int bound) darf an dieser Random-Instanz verwendet werden.
    - Der Befehl `help` listet alle Befehle des Systems in einer fest vorgegebenen Reihenfolge auf.
    - Für zerstörte Schiffe und Schiffe, die keine Aktionen mehr im Zug ausführen können, muss die
  Meldung `No available actions for <AKTEUR>` ausgegeben werden.
  </knowledge>
  <entity_paths>
    - Program CONSTRAINT quit: Das Programm muss jederzeit durch Eingabe des Befehls beendet werden.
    - Program CONSTRAINT System.exit(): Das Beenden darf nicht über System.exit() oder andere
  ausgeschlossene Funktionen erfolgen.
    - Game implementation CONSTRAINT Random(long seed): Nur der Konstruktor Random(long seed) darf
  verwendet werden, um einen neuen Zufallszahlengenerator zu instanziieren.
    - Game implementation CONSTRAINT single Random instance: Es darf nur eine einzige feste Instanz
  dieses Zufallszahlengenerators verwendet werden.
    - Game implementation CONSTRAINT nextInt call condition: Die Methode nextInt darf nur dann
  aufgerufen werden, wenn tatsächlich ein Würfelwurf durchgeführt wird.
    - AlphaZeta (AZ) RELATES_TO A: AlphaZeta includes an artificial intelligence named A.
    - AlphaZeta (AZ) RELATES_TO Z: AlphaZeta includes an artificial intelligence named Z.
    - AlphaZeta (AZ) RELATES_TO Year 2985: AlphaZeta (AZ) is set in the in-universe year 2985.
    - task.md RELATES_TO AlphaZeta (AZ): task.md describes the Abschlussaufgabe 2 AlphaZeta (AZ).
    - task.md RELATES_TO 1.4: Document task.md specifies version 1.4.
    - Z RELATES_TO Asteroid Belt: AI A is tasked to extract resources from the Asteroid Belt while
  contesting AI Z.
    - AlphaZeta (AZ) RELATES_TO A: AlphaZeta includes an artificial intelligence named A.
    - A RELATES_TO Asteroid Belt: AI A is tasked to extract resources from the Asteroid Belt while
  contesting AI Z.
    - AlphaZeta (AZ) RELATES_TO Z: AlphaZeta includes an artificial intelligence named Z.
    - Z RELATES_TO Asteroid Belt: AI A is tasked to extract resources from the Asteroid Belt while
  contesting AI Z.
    - task.md RELATES_TO AlphaZeta (AZ): task.md describes the Abschlussaufgabe 2 AlphaZeta (AZ).
    - AlphaZeta (AZ) RELATES_TO A: AlphaZeta includes an artificial intelligence named A.
    - task.md RELATES_TO AlphaZeta (AZ): task.md describes the Abschlussaufgabe 2 AlphaZeta (AZ).
    - AlphaZeta (AZ) RELATES_TO Z: AlphaZeta includes an artificial intelligence named Z.
    - task.md RELATES_TO AlphaZeta (AZ): task.md describes the Abschlussaufgabe 2 AlphaZeta (AZ).
    - AlphaZeta (AZ) RELATES_TO Year 2985: AlphaZeta (AZ) is set in the in-universe year 2985.
  </entity_paths>
  <entity_matches>
    - Program (score: 0.79) — Die implementierte Spielanwendung
    - Game implementation (score: 0.78) — Code der Spielanwendung
    - AlphaZeta (AZ) (score: 0.71) — Game assignment titled AlphaZeta, abbreviated AZ.
    - task.md (score: 0.71) — Assignment document for AlphaZeta (AZ).
    - Z (score: 0.70) — Artificial intelligence named Z in AlphaZeta.
  </entity_matches>
  <insights>
    - Agent community around AlphaZeta (AZ), Z, A. Relevant agent facts: AI A is tasked to extract
  resources from the Asteroid Belt while contesting AI Z.; AlphaZeta includes an artificial
  intelligence named A.; AlphaZeta includes an artificial intelligence named Z.
    - Agent community around task.md, 1.4. Relevant agent facts: task.md describes the
  Abschlussaufgabe 2 AlphaZeta (AZ).; Document task.md specifies version 1.4.
    - Agent community around AlphaZeta (AZ), task.md, Z connects Asteroid Belt, 1.4. Relevant agent
  facts: AI A is tasked to extract resources from the Asteroid Belt while contesting AI Z.;
  AlphaZeta includes an artificial intelligence named A.; AlphaZeta includes an artificial
  intelligence named Z.
  </insights>

● adaptive-memory extension active (role=requirements, memorySession=20260729-100822-req) - type
  /memory-help. MCP tools registered (memory=true, backlog=true).







Changes    +0 -0
Duration   1m 46s
Tokens     ↑ 29.7k (1.3k cached) • ↓ 609 (350 reasoning)
[delivery:requirements] Turn 7/11 complete
[delivery:requirements] Turn 8/11: task.md — segment 7/9 — Abschlussaufgabe 2 — AlphaZeta (AZ) > 2 Implementierung von AlphaZeta (AZ) > 2.4 Laufendes Spiel: Alphas und Zetas Zug
● [adaptive-context] GET http://localhost:4444/api/agents/7af7809a-adce-4fa9-9609-fd61059de0ff/sessi
  ons/20260729-100822-req/context?input=Dokument%3A+task.md%0ASegment%3A+7%2F9%0AAbschnitt%3A+Abschl
  ussaufgabe+2+%E2%80%94+AlphaZeta+%28AZ%29+%3E+2+Implementierung+von+AlphaZeta+%28AZ%29+%3E+2.4+Lau
  fendes+Spiel%3A+Alphas+und+Zetas+Zug%0A%0ALies+diesen+Abschnitt+sorgf%C3%A4ltig+und+behalte+den+Ko
  ntext.+Erstelle+noch+keinen+Backlog+und+noch+keine+Tasks.+Warte+damit+bis+zum+abschlie%C3%9Fenden+
  %2Ffinalize.%0A%0A%23%23%23+2.4+Laufendes+Spiel%3A+Alphas+und+Zetas+Zug%0A%0ANachdem+das+Spiel+kon
  figuriert+wurde%2C+kann+mittels+Befehlen+das+Spiel+gesteuert+werden.%0ADie+verschiedenen+Befehle+w
  erden+im+folgenden+erl%C3%A4utert.%0ABeachten+Sie%2C+dass+der+*Quit*-Befehl+von+oben+auch+in+diese
  r+Phase+des+Spiels+weiter+funktionieren+muss%21%0A%0A%23%23%23%23+Befehl%3A+help%0A%0ADer+*help*-B
  efehl+dient+als+%C3%9Cbersicht+%C3%BCber+die+m%C3%B6glichen+Befehle+an+das+System.%0ADie+Ausgabe+d
  es+Befehls+ist+immer+die+Auflistung+aller+Befehle+des+Systems.%0ADie+Reihenfolge+hierbei+ist+fest+
  vorgegeben.%0A%0A%23%23%23%23+Befehl%3A+board%0A%0ADer+*board*-Befehl+zeigt+den+aktuellen+Zustand+
  des+Spielfeldes+an.%0AHierbei+werden+leere+Kacheln+durch+einen+Punkt%2C+Deckung+durch+ihren+jeweil
  igen+Wert+%281+oder+2%29+und+die+Schiffe+der+KIs+durch+ihre+Buchstaben+dargestellt.%0AZerst%C3%B6r
  te+Schiffe+werden+nicht+mehr+angezeigt.%0A%0A%23%23%23%23+Befehl%3A+fleet%0A%0ADer+*fleet*-Befehl+
  listet+den+Zustand+der+Flotten+der+KIs+auf.%0AHierbei+wird+jede+Flotte+mit+dem+Namen+der+KI+eingel
  eitet%3B+z.B.+%60Alpha%27s+fleet%60.%0AAnschlie%C3%9Fend+folgt+die+Auflistung+der+Schiffe+in+feste
  r+Reihenfolge.%0AZuerst+wird+der+Zustand+des+Schiffs+angegeben%3A+%60%3CC%3E%60+steht+f%C3%BCr+ein
  en+*Sammler*%2C+%60%3C-%3E%60+f%C3%BCr+ein+intaktes+Angriffsschiff+und+%60%7EX%7E%60+f%C3%BCr+ein+
  zerst%C3%B6rtes+Schiff.%0AFalls+ein+Schiff+noch+nicht+zerst%C3%B6rt+ist%2C+wird+anschlie%C3%9Fend+
  eine+alphabetisch+sortierte+Liste+der+Module%2C+die+noch+intakt+sind%2C+ausgegeben.%0AModule+werde
  n+nur+mit+Gro%C3%9Fbuchstaben+ausgegeben.%0A%0A%23%23%23%23+Befehl%3A+actions%0A%0ADer+*actions*-B
  efehl+gibt+f%C3%BCr+ein+konkretes+Schiff+diejenigen+Aktionen+aus%2C+die+es+in+dieser+Runde+noch+ni
  cht+verwendet+hat.%0AF%C3%BCr+die+Schiffe+der+gegnerischen+KIs+werden+also+insbesondere+alle+Aktio
  nen+ausgegeben%2C+die+durch+die+jeweiligen+Module+gegeben+sind.%0ADie+Liste+der+Aktionen+ist+hierb
  ei+alphabetisch+sortiert+und+alle+Aktionen+sind+mit+Gro%C3%9Fbuchstaben+auszugeben.%0AF%C3%BCr+zer
  st%C3%B6rte+Schiffe+und+f%C3%BCr+Schiffe%2C+die+keine+Aktionen+mehr+im+Zug+ausf%C3%BChren+k%C3%B6n
  nen%2C+wird+%60No+available+actions+for+%3CAKTEUR%3E%60+ausgegeben.+Hierbei+ist+%60%3CAKTEUR%3E%60
  +der+Platzhalter+f%C3%BCr+den+Namen+eines+Schiffes.%0A%0A%23%23%23%23+Befehl%3A+endturn%0A%0ADer+*
  endturn*-Befehl+beendet+den+Zug+der+aktuellen+KI.%0ADer+Beginn+des+neuen+Zugs+wird+mit+einer+entsp
  rechenden+Einleitung+quittiert%2C+die+Sie+aus+der+Beispielinteraktion+%C3%BCbernehmen+k%C3%B6nnen.
  %0A%0A%23%23%23%23+Aktionen%0A%0AAktionen+k%C3%B6nnen+werden+durch+das+Schema+%60%3CAKTEUR%3E+%3CA
  KTION%3E+%3CZIEL%3E%60+oder+%60%3CAKTEUR%3E+%3CAKTION%3E+%3CX%3E+%3CY%3E%60+ausgef%C3%BChrt+werden
  .%0AHierbei+ist+%60%3CAKTUER%3E%60+ein+Platzhalter+f%C3%BCr+eines+der+Schiffe+der+KI%2C+die+am+Zug
  +ist.%0A%60%3CAKTION%3E%60+ist+ein+Platzhalter%2C+der+die+Aktion+beschreibt%2C+die+das+Schiff+ausf
  %C3%BChren+soll.%0A%60%3CZIEL%3E%60+ist+ein+Platzhalter+f%C3%BCr+ein+gegnerisches+Schiff.%0A%60%3C
  X%3E+%3CY%3E%60+ist+ein+Platzhalter+f%C3%BCr+eine+Koordinate+auf+dem+Spielfeld.%0ASofern+nicht+and
  ers+beschrieben%2C+f%C3%BChrt+eine+Aktion%2C+die+erfolgreich+ist%2C+zu+keiner+Ausgabe.%0A%0AF%C3%B
  Cr+alle+Aktionen%2C+die+gegen+ein+Ziel-Raumschiff+%28vgl.+Tabelle+der+Module%29+ausgef%C3%BChrt+we
  rden%2C+wird+das+erste+Schema+verwendet.%0AF%C3%BCr+die+Aktionen+*move*+und+*propel*+wird+das+zwei
  te+Schema+verwendet.%0A%0AF%C3%BCr+Aktionen%2C+die+Module+zerst%C3%B6ren%2C+wird+zun%C3%A4chst+aus
  gegeben%2C+was+gew%C3%BCrfelt+wurde.%0AHierbei+entspricht+%60Roll%60+dem+tats%C3%A4chlichen+W%C3%B
  Crfelwurf+%28also+Wert+mittels+Zufallszahlengenerator%29.%0A%60Bonus%60+gibt+die+Differenz+zwische
  n+dem+tats%C3%A4chlichen+W%C3%BCrfelwurf+und+dem+Wert+des+Angriffsw%C3%BCrfelwurfs+an%2C+der+gewer
  tet+wird+%28also+z.B.+den+Abzug+durch+Deckung%29.%0A%0AFalls+alle+Module+eines+Schiffs+durch+den+A
  ngriff+zerst%C3%B6rt+werden+oder+alle+Module+bis+auf+die+*Engine*+zerst%C3%B6rt+werden%2C+wird+nic
  ht+nachgefragt%2C+welche+Module+eines+Schiffes+zerst%C3%B6rt+werden.%0AAls+Reihenfolge+f%C3%BCr+di
  e+Ausgabe+der+Zerst%C3%B6rung+der+Module+wird+hierbei+die+Reihenfolge%2C+in+der+die+Module+zum+Rau
  mschiff+in+der+Konfigurationsphase+hinzugef%C3%BCgt+wurden%2C+verwendet.%0AFalls+ein+Schiff+nur+gl
  eiche+Zusatzmodule+hat+und+somit+nur+eine+Modulart+zerst%C3%B6rt+werden+kann%2C+wird+auch+nicht+na
  chgefragt%2C+welches+der+Module+zerst%C3%B6rt+wird.%0AAnsonsten+wird+%C3%BCber+ein+Dialogsystem+en
  tschieden%2C+welche+Module+zerst%C3%B6rt+werden.%0ADer+Text+zur+Aufforderung+ist+immer+nach+folgen
  dem+Schema+aufgebaut%3A+%60%3CDecider%3E+must+select+%3CN%3E+of+%3CShip%3Es+module%28s%29+%28separ
  ated+by+comma%29%3A%60%0AHierbei+ist+%60%3CDecider%3E%60+der+Platzhalter+f%C3%BCr+den+Namen+der+KI
  %2C+die+entscheidet%2C+welche+Module+zerst%C3%B6rt+werden.%0A%60%3CN%3E%60+ist+ein+Platzhalter+f%C
  3%BCr+die+Anzahl+der+zu+w%C3%A4hlenden+Module.%0A%60%3CShip%3E%60+ist+der+Platzhalter+f%C3%BCr+den
  +Namen+des+betroffenen+Schiffs.%0ASollte+w%C3%A4hrend+des+Dialogs+eine+falsche+Auswahl+getroffen+w
  erden%2C+wird+eine+Fehlermeldung+ausgegeben+und+auf+eine+erneute+Eingabe+gewartet.%0AEs+wird+in+di
  esem+Fall+insbesondere+*nicht*+nochmals+der+einleitende+Text+ausgegeben.%0ADie+Auflistung+der+zur+
  Wahl+stehenden+Module+erfolgt+in+alphabetischer+Reihenfolge.%0A%0AWerden+Module+zerst%C3%B6rt%2C+s
  o+wird+dies+f%C3%BCr+jedes+Modul+vom+System+durch+%60%3CShip%3E+looses+%3CModule%3E%60+als+Meldung
  .%0AHierbei+ist+%60%3CModule%3E%60+ein+Platzhalter+f%C3%BCr+den+Namen+des+zerst%C3%B6rten+Moduls+%
  28bestehend+aus+nur+Gro%C3%9Fbuchstaben%29.%0ADie+Reihenfolge+der+Ausgabe+bei+mehreren+zerst%C3%B6
  rten+Modulen+wird+hierbei+durch+die+Reihenfolge+der+Auswahl+der+KI+bestimmt.%0AWird+also+in+der+Au
  swahl+entschieden%2C+dass+%60SWORD%2CSHIELD%60+zerst%C3%B6rt+werden+soll%2C+wird+zuerst+die+Meldun
  g+f%C3%BCr+%60SWORD%60+und+danach+die+andere+Meldung+ausgegeben.%0ABeachten+Sie%3A+Falls+ein+Modul
  +eines+Schiffes+zerst%C3%B6rt+wird%2C+das+Schiff+aber+mehrere+Module+dieses+Typs+noch+besitzt%2C+s
  o+wird+das+erste+dieser+Module+zerst%C3%B6rt.+Die+Reihenfolge+wird+hierbei+durch+die+Auswahl+der+K
  Is+zu+Spielbeginn+definiert.+Dies+ist+wichtig%2C+damit+Sie+entscheiden+k%C3%B6nnen%2C+in+welcher+R
  eihenfolge+Module+zerst%C3%B6rt+werden%2C+falls+in+einem+sp%C3%A4teren+Spielzug+keine+Entscheidung
  +der+KIs+mehr+n%C3%B6tig+ist%2C+sondern+Module+direkt+zerst%C3%B6rt+werden.+Beispiel%3A+Ein+Schiff
  +%60B%60+hat+die+Module+%60ENGINE%2CSWORD%2CSENSOR%2CSWORD%60+und+ein+%60SWORD%60-Modul+wird+zerst
  %C3%B6rt%2C+so+hat+das+Schiff+danach+noch+die+Module+%60ENGINE%2CSENSOR%2CSWORD%60+und+zwar+genau+
  in+dieser+Reihenfolge.+Falls+%60B%60+in+einem+folgenden+Zug+von+einer+%60Railgun%60+z.B.+kritisch+
  getroffen+wird%2C+so+verliert+das+Schiff+automatisch+die+Module+%60SENSOR%60+und+%60SWORD%60+in+di
  eser+Reihenfolge.%0A%0AWird+ein+Schiff+durch+das+zerst%C3%B6ren+der+Module+zerst%C3%B6rt%2C+quitti
  ert+dies+das+System+mit+%60%3CShip%3E+was+destroyed%60+als+Ausgabe.%0A%0AFalls+durch+den+Angriff+k
  ein+Modul+des+Ziels+zerst%C3%B6rt+wird%2C+wird+direkt+nach+der+Ausgabe+des+Bonus+in+einer+neuen+Ze
  ile+die+Nachricht+%60missed%60+ausgegeben.%0A%0ABeachten+Sie+hier+insbesondere+die+Aktion+*ramm*.%
  0AF%C3%BCr+den+Fall%2C+dass+der+Akteur+ein+Modul+verliert%2C+wird+die+gleiche+Abfrage+wie+sonst+ve
  rwendet+%28falls+n%C3%B6tig%29.%0AAuch+die+Ausgabe+der+verloren+Module+erfolgt+auf+die+%C3%BCblich
  e+weise.&project=ProgrammingST22-Final2&role=requirements&task=Understand+the+st22final02+and+crea
  te+its+backlog+when+prompted.&timestamp=2026-07-29T08%3A10%3A13.978Z&domain=st22final02

● Injected adaptive memory context into system prompt

● <adaptive_rules>
  - Das Spielfeld wird durch eine Zeichenfolge konfiguriert: '.' freie Feld, '1' halbe Deckung, '2'
  volle Deckung, Buchstaben (A,B,C,D,Z,W,X,Y) für Raumschiffe.
  - A successful action that results in no module destruction prints 'missed' on a new line after
  Bonus.
  - Before module-destroying actions output 'Roll' (actual die roll) and 'Bonus' (difference between
   actual roll and the evaluated attack roll, e.g., reduction from cover).
  - Module destruction is output as '<Ship> looses <Module>' per module in the order of AI selection
   or configuration order.
  - Otherwise a successful action produces no output unless otherwise specified.
  - Ship destruction is output as '<Ship> was destroyed'.
  - For non-destroyed ships in the 'fleet' output list the remaining intact modules alphabetically,
  modules shown in uppercase letters.
  - The 'board' command displays the board with '.' for empty tiles, cover values '1' or '2', and
  letters for ships; destroyed ships are not displayed.
  - The 'fleet' command lists fleets per AI (e.g., 'Alpha's fleet') and for each ship prints a state
   indicator: '<C>' for Sammler, '<->' for intact attack ship, '~X~' for destroyed ship.
  - Always destroy auxiliary modules first (for Sammler: Container modules) and then the Engine.
  - If a ship has multiple modules of the same type, destroying one module of that type always
  removes the first such module (configuration order).
  - If a ship has only identical auxiliary modules (only one module type destructible), no dialog is
   requested.
  - If all modules or all but the Engine of a ship are destroyed, no dialog is requested; output
  order equals module addition order from configuration phase.
  - On a hit the attacked AI decides module removal; on a critical hit or marked target the
  attacking AI decides.
  - On dialog input errors show an error message and request re-input; do not repeat the initial
  prompt text.
  - Über Dialogsystem wird entschieden. Wahltext: `<Decider> must select <N> of <Ship>s module(s)
  (separated by comma):` Die Auflistung der zur Wahl stehenden Module erfolgt in alphabetischer
  Reihenfolge.
  - Die Zeichenfolge beschreibt das Spielfeld zeilenweise (links nach rechts, oben nach unten).
  - Pro Flotte darf maximal 1 Sensor-Modul vorhanden sein.
  - Die Deckungen auf dem Spielfeld müssen achsensymmetrisch bezüglich der Südwest-Nordost-Achse
  sein (Schiffe sind ausgenommen).
  - After printing an error message the program must continue and wait for the next input.
  - Die Methode nextInt darf nur dann aufgerufen werden, wenn tatsächlich ein Würfelwurf
  durchgeführt wird.
  - Es darf nur eine einzige feste Instanz dieses Zufallszahlengenerators verwendet werden.
  - Anzahl der Waffen-Module pro Raumschiff darf höchstens 2 betragen.
  - Maximal 1 Propulsion-Modul pro Raumschiff zulässig.
  - Maximal 1 Rail Gun-Modul pro Raumschiff zulässig.
  - Maximal 1 Shield-Modul pro Raumschiff zulässig.
  - Pro Zug kann die Aktion eines Moduls nur einmal eingesetzt werden; bei mehreren Modulen gleichen
   Typs kann die Aktion je Modul einmal ausgeführt werden.
  - Für ein 5×5-Spielfeld werden 25 Zeichen erwartet; die ersten 5 Zeichen sind die oberste Reihe.
  - Das Spiel endet, sobald ein Sammler (`Sammler`) zerstört wurde; gewonnen hat die KI, deren
  Sammler nicht zerstört wurde; das System gibt aus, welche KI gewonnen hat und beendet das Spiel.
  - Bei den übrigen Raumschiffen ist das erste Modul immer ein Antrieb (Engine).
  - Submission for AlphaZeta is automatically graded with zero points if any of the mandatory rules
  are violated; mandatory tests must be passed before other tests are evaluated.
  - Submitted source code must compile without errors.
  - Bei ungültiger Spielfeld-Eingabe wird eine Fehlermeldung ausgegeben und auf erneute Eingabe
  gewartet; die einleitende Aufforderung wird nicht wiederholt.
  - Koordinaten sind (x,y) mit (0,0) oben links und (l-1,l-1) unten rechts.
  - Keine leere Kachel darf vollständig von Deckung umgeben sein; direkte Nachbarn dürfen nicht alle
   von Deckung belegt sein.
  - Die Aktion 'ramm' darf pro Schiff pro Zug nur einmal eingesetzt werden.
  - Ein Sammler hat genau einen Engine-Antrieb und sonst nur das Spezialmodul Container.
  - Der dritte Parameter (Container) ist die Anzahl der Container-Module der Sammler und muss im
  Intervall [0,3] liegen.
  - Program output must exactly match the specification including letter case, spaces and line
  breaks.
  - Programs must print only the information specified in the assignment and no additional
  information.
  - Source code must be written in English and comments must be consistently either English or
  German.
  - The online submission system runs automated Checkstyle checks; certain specially marked
  Checkstyle rules are mandatory and cause a zero-point grade if violated.
  - Fehlerhafte Modulkonfigurationen sollen frühestmöglich erkannt werden; bei Erkennung
  Fehlermeldung ausgeben und Abfrage für dieses Schiff wiederholen; korrekt konfigurierte frühere
  Schiffe bleiben unverändert.
  - Propel action is only available if the ship has a Propulsion module.
  - Submit your *.java files for task A individually with the correct folder structure in the
  designated directory.
  - Die Seitenlänge (zweiter Parameter) muss mindestens 5 und ungerade sein.
  - JavaDoc documentation rules must be followed and the JavaDoc @author tag must contain only the
  student's u-Kürzel.
  - Source code must obey a maximum line width of 120 characters.
  - Distanzen werden als Manhattan-Distanz d1 = |xa−xb| + |ya−yb| berechnet; direkte Nachbarn haben
  d1 = 1.
  - All whitespace rules and naming rules for variables, methods and packages must be followed.
  </adaptive_rules>

  <memories>
    - task.md describes the Abschlussaufgabe 2 AlphaZeta (AZ).
    - The assignment is part of the course 'Programmieren'.
    - The assignment is for Sommersemester 2022.
  </memories>
  <knowledge>
    - Otherwise module destruction is decided via dialog: '<Decider> must select <N> of <Ship>s
  module(s) (separated by comma):' and module choices listed alphabetically.
    - Mark marks any enemy ship until the start of the enemy's turn.
    - Ramm may only be used if the attacking ship has no weapon modules.
    - Every hit against a marked ship counts as a critical hit.
    - Ramm, Longshot and Strike use an initial attack die roll (six-sided 1–6), minus target cover,
  then apply Shield effect (−1 if target has Shield).
    - Move target tile must not be occupied by cover or another ship.
    - Module ranges: Engine 1–3; Ramm 1; Longshot 5–6; Strike 1; Mark infinity; Propel 1–3.
    - If the attack die roll for Ramm is ≤ 1, damage to A counts as a hit.
    - When a ship R is attacked from position P, coverage is computed from the coverings adjacent in
   the direction of P.
    - Move requires no attack die roll.
    - Mark requires no attack die roll.
    - Half cover reduces the die roll by 1; full cover reduces by 2.
    - A ship is covered only by its direct neighbors.
    - Solution code must use Java SE 17 only.
    - Solution code must not use Java library elements except the explicitly allowed packages.
    - Appropriate visibilities must be chosen for classes, methods and attributes.
    - Source code must not call System.exit(), Runtime.exit() or similar.
    - Interactive user interface must use System.in for input and System.out for output unless
  otherwise specified.
    - Source code must not use the default package.
    - Der erste Parameter (Seed) muss im Intervall [INT_MIN, INT_MAX] liegen.
    - Standard input and standard output must never be reassigned.
    - User input must be handled case-insensitively by the user interface.
    - Do not add any personal data to submissions except the u-Kürzel.
    - When user input does not follow the specified format, an error message must be output.
    - Error messages may be written to System.err instead of System.out.
    - Move reachability depends only on distance, not on cover or ships on the path.
    - Coverage value is the maximum (by absolute reduction) of the affected coverings.
    - Every error message must begin with 'Error,' and must not contain special characters such as
  newlines or umlauts.
    - Der Befehl `actions <SHIP>` gibt die in dieser Runde noch nicht verwendeten Aktionen aus
  (alphabetisch sortiert, alle Aktionen mit Großbuchstaben); für Schiffe gegnerischer KIs werden
  alle durch die Module gegebenen Aktionen ausgegeben.
    - Aktions-Schemata: ` <AKTEUR> <AKTION> <ZIEL>` für Aktionen gegen ein Ziel-Raumschiff; `
  <AKTEUR> <AKTION> <X> <Y>` für die Aktionen move und propel.
    - Für zerstörte Schiffe und Schiffe, die keine Aktionen mehr im Zug ausführen können, muss die
  Meldung `No available actions for <AKTEUR>` ausgegeben werden.
    - Das Programm muss jederzeit durch Eingabe des Befehls beendet werden.
    - Das Beenden darf nicht über System.exit() oder andere ausgeschlossene Funktionen erfolgen.
    - Automatisierte Tests verwenden `quit` am Ende von Testsequenzen und sind darauf angewiesen.
    - Das Spiel wird mit genau drei Kommandozeilenparametern gestartet.
    - Der Befehl `help` listet alle Befehle des Systems in einer fest vorgegebenen Reihenfolge auf.
    - Ein Würfelwurf ist immer random.nextInt(6) + 1 zu berechnen.
    - Nur der Konstruktor Random(long seed) darf verwendet werden, um einen neuen
  Zufallszahlengenerator zu instanziieren.
    - Nur die Methode nextInt(int bound) darf an dieser Random-Instanz verwendet werden.
  </knowledge>
  <entity_paths>
    - actions RELATES_TO Actions output rules: Der Befehl `actions <SHIP>` gibt die in dieser Runde
  noch nicht verwendeten Aktionen aus (alphabetisch sortiert, alle Aktionen mit Großbuchstaben); für
   Schiffe gegnerischer KIs werden alle durch die Module gegebenen Aktionen ausgegeben.
    - actions CONSTRAINT No available actions for <AKTEUR>: Für zerstörte Schiffe und Schiffe, die
  keine Aktionen mehr im Zug ausführen können, muss die Meldung `No available actions for <AKTEUR>`
  ausgegeben werden.
    - Ramm, Longshot, Strike CONSTRAINT 4.9 Aktionen und Würfelmechanik: Ramm, Longshot and Strike
  use an initial attack die roll (six-sided 1–6), minus target cover, then apply Shield effect (−1
  if target has Shield).
  </entity_paths>
  <entity_matches>
    - 4.13 Befehl `board` und `fleet` Format (score: 0.83) — Bei nicht zerstörten Schiffen folgt die
   alphabetisch sortierte Liste der noch intakten Module. Module werden nur mit Großbuchstaben
  ausgegeben.
    - 4.11 Modul-Zerstörung (score: 0.82) — Hat ein Schiff mehrere Module desselben Typs, so wird
  beim Zerstören eines Moduls dieses Typs immer das erste solche Modul zerstört (Reihenfolge wie zu
  Spielbeginn konfiguriert).
    - 4.9 Aktionen und Würfelmechanik (score: 0.82) — Für *ramm*, *longshot* und *strike* erfolgt
  zunächst ein Angriffswürfelwurf: sechsseitiger Würfel (1–6), abzüglich der Deckung des
  Ziel-Raumschiffs, danach Anwendung des *Shield*-Effekts (−1, falls Ziel hat *Shield*).
    - actions (score: 0.81) — Konsolenbefehl zur Abfrage verfügbarer Aktionen eines Schiffs
    - Ramm, Longshot, Strike (score: 0.80) — Für *ramm*, *longshot* und *strike* erfolgt zunächst
  ein Angriffswürfelwurf: sechsseitiger Würfel (1–6), abzüglich der Deckung des Ziel-Raumschiffs,
  danach Anwendung des *Shield*-Effekts (−1, falls Ziel hat *Shield*).
  </entity_matches>

● adaptive-memory extension active (role=requirements, memorySession=20260729-100822-req) - type
  /memory-help. MCP tools registered (memory=true, backlog=true).







Changes    +0 -0
Duration   2m 9s
Tokens     ↑ 31.6k (1.3k cached) • ↓ 908 (461 reasoning)
[delivery:requirements] Turn 8/11 complete
[delivery:requirements] Turn 9/11: task.md — segment 8/9 — Abschlussaufgabe 2 — AlphaZeta (AZ) > 2 Implementierung von AlphaZeta (AZ) > 2.5 Ende des Spiels: Spielzusammenfassung
● [adaptive-context] GET
  http://localhost:4444/api/agents/7af7809a-adce-4fa9-9609-fd61059de0ff/sessions/20260729-100822-req
  /context?input=Dokument%3A+task.md%0ASegment%3A+8%2F9%0AAbschnitt%3A+Abschlussaufgabe+2+%E2%80%94+
  AlphaZeta+%28AZ%29+%3E+2+Implementierung+von+AlphaZeta+%28AZ%29+%3E+2.5+Ende+des+Spiels%3A+Spielzu
  sammenfassung%0A%0ALies+diesen+Abschnitt+sorgf%C3%A4ltig+und+behalte+den+Kontext.+Erstelle+noch+ke
  inen+Backlog+und+noch+keine+Tasks.+Warte+damit+bis+zum+abschlie%C3%9Fenden+%2Ffinalize.%0A%0A%23%2
  3%23+2.5+Ende+des+Spiels%3A+Spielzusammenfassung%0A%0AWird+das+Spiel+durch+das+Zerst%C3%B6ren+eine
  s+Sammlers+beendet%2C+wird+noch+ausgegeben%2C+welche+der+KIs+gewonnen+hat+und+anschlie%C3%9Fend+da
  s+Spiel+beendet.&project=ProgrammingST22-Final2&role=requirements&task=Understand+the+st22final02+
  and+create+its+backlog+when+prompted.&timestamp=2026-07-29T08%3A10%3A37.115Z&domain=st22final02

● Injected adaptive memory context into system prompt

● <adaptive_rules>
  - Das Spiel endet, sobald ein Sammler (`Sammler`) zerstört wurde; gewonnen hat die KI, deren
  Sammler nicht zerstört wurde; das System gibt aus, welche KI gewonnen hat und beendet das Spiel.
  - Das Spielfeld wird durch eine Zeichenfolge konfiguriert: '.' freie Feld, '1' halbe Deckung, '2'
  volle Deckung, Buchstaben (A,B,C,D,Z,W,X,Y) für Raumschiffe.
  - Submission for AlphaZeta is automatically graded with zero points if any of the mandatory rules
  are violated; mandatory tests must be passed before other tests are evaluated.
  - Submitted source code must compile without errors.
  - Program output must exactly match the specification including letter case, spaces and line
  breaks.
  - Programs must print only the information specified in the assignment and no additional
  information.
  - Source code must be written in English and comments must be consistently either English or
  German.
  - Die Zeichenfolge beschreibt das Spielfeld zeilenweise (links nach rechts, oben nach unten).
  - Fehlerhafte Modulkonfigurationen sollen frühestmöglich erkannt werden; bei Erkennung
  Fehlermeldung ausgeben und Abfrage für dieses Schiff wiederholen; korrekt konfigurierte frühere
  Schiffe bleiben unverändert.
  - The online submission system runs automated Checkstyle checks; certain specially marked
  Checkstyle rules are mandatory and cause a zero-point grade if violated.
  - Submit your *.java files for task A individually with the correct folder structure in the
  designated directory.
  - Bei ungültiger Spielfeld-Eingabe wird eine Fehlermeldung ausgegeben und auf erneute Eingabe
  gewartet; die einleitende Aufforderung wird nicht wiederholt.
  - Der dritte Parameter (Container) ist die Anzahl der Container-Module der Sammler und muss im
  Intervall [0,3] liegen.
  - JavaDoc documentation rules must be followed and the JavaDoc @author tag must contain only the
  student's u-Kürzel.
  - Pro Zug kann die Aktion eines Moduls nur einmal eingesetzt werden; bei mehreren Modulen gleichen
   Typs kann die Aktion je Modul einmal ausgeführt werden.
  - Für ein 5×5-Spielfeld werden 25 Zeichen erwartet; die ersten 5 Zeichen sind die oberste Reihe.
  - Die Seitenlänge (zweiter Parameter) muss mindestens 5 und ungerade sein.
  - Die Deckungen auf dem Spielfeld müssen achsensymmetrisch bezüglich der Südwest-Nordost-Achse
  sein (Schiffe sind ausgenommen).
  - Keine leere Kachel darf vollständig von Deckung umgeben sein; direkte Nachbarn dürfen nicht alle
   von Deckung belegt sein.
  - After printing an error message the program must continue and wait for the next input.
  - Source code must obey a maximum line width of 120 characters.
  - User input must be handled case-insensitively by the user interface.
  - Pro Flotte darf maximal 1 Sensor-Modul vorhanden sein.
  - Source code must not call System.exit(), Runtime.exit() or similar.
  - Source code must not use the default package.
  - Standard input and standard output must never be reassigned.
  - A successful action that results in no module destruction prints 'missed' on a new line after
  Bonus.
  - Before module-destroying actions output 'Roll' (actual die roll) and 'Bonus' (difference between
   actual roll and the evaluated attack roll, e.g., reduction from cover).
  - Module destruction is output as '<Ship> looses <Module>' per module in the order of AI selection
   or configuration order.
  - Otherwise a successful action produces no output unless otherwise specified.
  - Ship destruction is output as '<Ship> was destroyed'.
  - Always destroy auxiliary modules first (for Sammler: Container modules) and then the Engine.
  - If a ship has multiple modules of the same type, destroying one module of that type always
  removes the first such module (configuration order).
  - If a ship has only identical auxiliary modules (only one module type destructible), no dialog is
   requested.
  - If all modules or all but the Engine of a ship are destroyed, no dialog is requested; output
  order equals module addition order from configuration phase.
  - On a hit the attacked AI decides module removal; on a critical hit or marked target the
  attacking AI decides.
  - On dialog input errors show an error message and request re-input; do not repeat the initial
  prompt text.
  - Über Dialogsystem wird entschieden. Wahltext: `<Decider> must select <N> of <Ship>s module(s)
  (separated by comma):` Die Auflistung der zur Wahl stehenden Module erfolgt in alphabetischer
  Reihenfolge.
  - For non-destroyed ships in the 'fleet' output list the remaining intact modules alphabetically,
  modules shown in uppercase letters.
  - The 'board' command displays the board with '.' for empty tiles, cover values '1' or '2', and
  letters for ships; destroyed ships are not displayed.
  - The 'fleet' command lists fleets per AI (e.g., 'Alpha's fleet') and for each ship prints a state
   indicator: '<C>' for Sammler, '<->' for intact attack ship, '~X~' for destroyed ship.
  - All whitespace rules and naming rules for variables, methods and packages must be followed.
  - Anzahl der Waffen-Module pro Raumschiff darf höchstens 2 betragen.
  - Maximal 1 Propulsion-Modul pro Raumschiff zulässig.
  - Maximal 1 Rail Gun-Modul pro Raumschiff zulässig.
  - Maximal 1 Shield-Modul pro Raumschiff zulässig.
  - Interactive user interface must use System.in for input and System.out for output unless
  otherwise specified.
  - Der erste Parameter (Seed) muss im Intervall [INT_MIN, INT_MAX] liegen.
  - Do not add any personal data to submissions except the u-Kürzel.
  - Ein Sammler hat genau einen Engine-Antrieb und sonst nur das Spezialmodul Container.
  </adaptive_rules>

  <memories>
    - task.md describes the Abschlussaufgabe 2 AlphaZeta (AZ).
    - The assignment is part of the course 'Programmieren'.
    - The assignment is for Sommersemester 2022.
  </memories>
  <knowledge>
    - Otherwise module destruction is decided via dialog: '<Decider> must select <N> of <Ship>s
  module(s) (separated by comma):' and module choices listed alphabetically.
    - Die Methode nextInt darf nur dann aufgerufen werden, wenn tatsächlich ein Würfelwurf
  durchgeführt wird.
    - Mark marks any enemy ship until the start of the enemy's turn.
    - Appropriate visibilities must be chosen for classes, methods and attributes.
    - Solution code must not use Java library elements except the explicitly allowed packages.
    - Solution code must use Java SE 17 only.
    - Bei den übrigen Raumschiffen ist das erste Modul immer ein Antrieb (Engine).
    - Es darf nur eine einzige feste Instanz dieses Zufallszahlengenerators verwendet werden.
    - Module ranges: Engine 1–3; Ramm 1; Longshot 5–6; Strike 1; Mark infinity; Propel 1–3.
    - Move target tile must not be occupied by cover or another ship.
    - Die Aktion 'ramm' darf pro Schiff pro Zug nur einmal eingesetzt werden.
    - Aktions-Schemata: ` <AKTEUR> <AKTION> <ZIEL>` für Aktionen gegen ein Ziel-Raumschiff; `
  <AKTEUR> <AKTION> <X> <Y>` für die Aktionen move und propel.
    - Der Befehl `actions <SHIP>` gibt die in dieser Runde noch nicht verwendeten Aktionen aus
  (alphabetisch sortiert, alle Aktionen mit Großbuchstaben); für Schiffe gegnerischer KIs werden
  alle durch die Module gegebenen Aktionen ausgegeben.
    - Das Programm muss jederzeit durch Eingabe des Befehls beendet werden.
    - Das Beenden darf nicht über System.exit() oder andere ausgeschlossene Funktionen erfolgen.
    - Automatisierte Tests verwenden `quit` am Ende von Testsequenzen und sind darauf angewiesen.
    - Das Spiel wird mit genau drei Kommandozeilenparametern gestartet.
  </knowledge>
  <entity_paths>
    - Submission for AlphaZeta CONSTRAINT Mandatory tests: Submission for AlphaZeta is automatically
   graded with zero points if any of the mandatory rules are violated; mandatory tests must be
  passed before other tests are evaluated.
    - Submission for AlphaZeta CONSTRAINT Compilable code: Submitted source code must compile
  without errors.
    - task.md RELATES_TO AlphaZeta (AZ): task.md describes the Abschlussaufgabe 2 AlphaZeta (AZ).
    - task.md RELATES_TO 1.4: Document task.md specifies version 1.4.
    - AlphaZeta (AZ) RELATES_TO A: AlphaZeta includes an artificial intelligence named A.
    - AlphaZeta (AZ) RELATES_TO Z: AlphaZeta includes an artificial intelligence named Z.
    - AlphaZeta (AZ) RELATES_TO Year 2985: AlphaZeta (AZ) is set in the in-universe year 2985.
    - Z RELATES_TO Asteroid Belt: AI A is tasked to extract resources from the Asteroid Belt while
  contesting AI Z.
    - task.md RELATES_TO AlphaZeta (AZ): task.md describes the Abschlussaufgabe 2 AlphaZeta (AZ).
    - AlphaZeta (AZ) RELATES_TO A: AlphaZeta includes an artificial intelligence named A.
    - task.md RELATES_TO AlphaZeta (AZ): task.md describes the Abschlussaufgabe 2 AlphaZeta (AZ).
    - AlphaZeta (AZ) RELATES_TO Z: AlphaZeta includes an artificial intelligence named Z.
    - task.md RELATES_TO AlphaZeta (AZ): task.md describes the Abschlussaufgabe 2 AlphaZeta (AZ).
    - AlphaZeta (AZ) RELATES_TO Year 2985: AlphaZeta (AZ) is set in the in-universe year 2985.
    - AlphaZeta (AZ) RELATES_TO A: AlphaZeta includes an artificial intelligence named A.
    - A RELATES_TO Asteroid Belt: AI A is tasked to extract resources from the Asteroid Belt while
  contesting AI Z.
    - AlphaZeta (AZ) RELATES_TO Z: AlphaZeta includes an artificial intelligence named Z.
    - Z RELATES_TO Asteroid Belt: AI A is tasked to extract resources from the Asteroid Belt while
  contesting AI Z.
  </entity_paths>
  <entity_matches>
    - Submission for AlphaZeta (score: 0.78) — Student submission for Abschlussaufgabe 2 "AlphaZeta"
    - task.md (score: 0.76) — Assignment document for AlphaZeta (AZ).
    - AlphaZeta (AZ) (score: 0.74) — Game assignment titled AlphaZeta, abbreviated AZ.
    - Z (score: 0.70) — Artificial intelligence named Z in AlphaZeta.
    - Upload *.java files for task A with folder structure (score: 0.70) — Required submission
  content and organization
  </entity_matches>
  <insights>
    - Agent community around task.md, 1.4. Relevant agent facts: task.md describes the
  Abschlussaufgabe 2 AlphaZeta (AZ).; Document task.md specifies version 1.4.
    - Agent community around AlphaZeta (AZ), Z, A. Relevant agent facts: AI A is tasked to extract
  resources from the Asteroid Belt while contesting AI Z.; AlphaZeta includes an artificial
  intelligence named A.; AlphaZeta includes an artificial intelligence named Z.
    - Agent community around task.md, AlphaZeta (AZ), Z connects Asteroid Belt, Year 2985. Relevant
  agent facts: AI A is tasked to extract resources from the Asteroid Belt while contesting AI Z.;
  AlphaZeta includes an artificial intelligence named A.; AlphaZeta includes an artificial
  intelligence named Z.
  </insights>

● adaptive-memory extension active (role=requirements, memorySession=20260729-100822-req) - type
  /memory-help. MCP tools registered (memory=true, backlog=true).







Changes    +0 -0
Duration   2m 19s
Tokens     ↑ 32.1k (1.3k cached) • ↓ 92 (43 reasoning)
[delivery:requirements] Turn 9/11 complete
[delivery:requirements] Turn 10/11: examples.md — segment 9/9 — Beispiele — Abschlussaufgabe 2 (AlphaZeta)
● [adaptive-context] GET http://localhost:4444/api/agents/7af7809a-adce-4fa9-9609-fd61059de0ff/sessi
  ons/20260729-100822-req/context?input=Dokument%3A+examples.md%0ASegment%3A+9%2F9%0AAbschnitt%3A+Be
  ispiele+%E2%80%94+Abschlussaufgabe+2+%28AlphaZeta%29%0A%0ALies+diesen+Abschnitt+sorgf%C3%A4ltig+un
  d+behalte+den+Kontext.+Erstelle+noch+keinen+Backlog+und+noch+keine+Tasks.+Warte+damit+bis+zum+absc
  hlie%C3%9Fenden+%2Ffinalize.%0A%0A%23+Beispiele+%E2%80%94+Abschlussaufgabe+2+%28AlphaZeta%29%0A%0A
  Dieses+Dokument+enth%C3%A4lt+die+in+der+Aufgabenstellung+verwendeten+Beispielinteraktionen+sowie+d
  ie+vollst%C3%A4ndige+Beispielinteraktion.+In+den+Beispielinteraktionen+stellt+das+Symbol+%60%25%3E
  +%60+%28Prozent-Zeichen+und+Gr%C3%B6%C3%9Fer-Zeichen+gefolgt+von+einem+Leerzeichen%29+die+Kommando
  zeile+dar.+Der+Programmname+ist+frei+gew%C3%A4hlt+und+muss+nicht+*AlphaZeta*+lauten.+Das+Symbol+%6
  0%3E+%60+%28Gr%C3%B6%C3%9Fer-Zeichen+gefolgt+von+einem+Leerzeichen%29+stellt+eine+Benutzereingabe+
  dar+und+ist+selbst+nicht+Teil+der+Eingabe.+Sollte+in+einer+Interaktion+%60%5B...%5D%60+geschrieben
  +werden%2C+so+bedeutet+dies%2C+dass+weitere+Interaktionen+ausgelassen+worden+sind%2C+um+auf+eine+s
  pezielle+Stelle+der+Interaktion+einzugehen.+%60%5B...%5D%60+ist+keine+Ausgabe+Ihres+Spiels.%0A%0A%
  23%23+1+Beispielinteraktionen+je+Befehl+%2F+Phase%0A%0A%23%23%23+1.1+%60setup%60+%28Programmstart-
  Interaktion%29%0A%0A%60%60%60%0A%25%3E+java+AlphaZeta+0+5+0%0AWelcome+to+AlphaZeta%21%0AAlpha+conf
  igures+its+ships%0AChoose+upto+3+modules+for+ship+B+%28separated+by+comma%29%3A%0APROPULSION%2C+RA
  ILGUN%2C+SENSOR%2C+SHIELD%2C+SWORD%0A%3E+shield%2Csensor%2Csword%0AChoose+upto+3+modules+for+ship+
  C+%28separated+by+comma%29%3A%0APROPULSION%2C+RAILGUN%2C+SENSOR%2C+SHIELD%2C+SWORD%0A%3E+SWORD%2CS
  WORD%0AChoose+upto+3+modules+for+ship+D+%28separated+by+comma%29%3A%0APROPULSION%2C+RAILGUN%2C+SEN
  SOR%2C+SHIELD%2C+SWORD%0A%3E+RAILGUN%2CSWORD%0AZeta+configures+its+ships%0AChoose+upto+3+modules+f
  or+ship+W+%28separated+by+comma%29%3A%0APROPULSION%2C+RAILGUN%2C+SENSOR%2C+SHIELD%2C+SWORD%0A%3E+S
  HIELD%2CSENSOR%2CSWORD%0AChoose+upto+3+modules+for+ship+X+%28separated+by+comma%29%3A%0APROPULSION
  %2C+RAILGUN%2C+SENSOR%2C+SHIELD%2C+SWORD%0A%3E+SWORD%2CSWORD%0AChoose+upto+3+modules+for+ship+Y+%2
  8separated+by+comma%29%3A%0APROPULSION%2C+RAILGUN%2C+SENSOR%2C+SHIELD%2C+SWORD%0A%3E+RAILGUN%2CSWO
  RD%0AEnter+the+Board+layout+as+string%3A%0AUse+.+for+free+tiles%3B+1%2C2+for+cover%3B+and+A%2CB%2C
  C%2CD%2CZ%2CW%2CX%2CY+for+ships%0A%3E+A1..W.D...C2..X..2.1B.Y.Z%0AAlpha%27s+turn%0A%5B...%5D%0A%60
  %60%60%0A%0A%23%23%23+1.2+%60setup-errors%60+%28Fehlerbehandlung+Konfiguration%29%0A%0A%60%60%60%0
  A%5B...%5D%0AChoose+upto+3+modules+for+ship+B+%28separated+by+comma%29%3A%0APROPULSION%2C+RAILGUN%
  2C+SENSOR%2C+SHIELD%2C+SWORD%0A%3E+SENSOR%2CRAILGUN%0AChoose+upto+3+modules+for+ship+C+%28separate
  d+by+comma%29%3A%0APROPULSION%2C+RAILGUN%2C+SENSOR%2C+SHIELD%2C+SWORD%0A%3E+SENSOR%0AError%2C+Sens
  or+is+already+module+of+Ship+B%0A%3E+SWORD%0AChoose+upto+3+modules+for+ship+D+%28separated+by+comm
  a%29%3A%0A%5B...%5D%0AUse+.+for+free+tiles%3B+1%2C2+for+cover%3B+and+A%2CB%2CC%2CD%2CZ%2CW%2CX%2CY
  +for+ships%0A%3E+A1..W.D...C2..X..2.1B.YZ%0AError%2C+The+string+must+be+25+characters+long+%0A%3E+
  A1..W.D...C2..X..2.1B.Y.Z%0AAlpha%27s+turn%0A%5B...%5D%0A%60%60%60%0A%0A%23%23%23+1.3+%60help%60%0
  A%0A%60%60%60%0AHELP+-+shows+this+text%0AQUIT+-+quits+the+game%0ABOARD+-+shows+the+whole+board%0AF
  LEET+-+shows+details+of+all+ships+of+the+AIs%0AACTIONS+%5BNAME%5D+-+shows+available+actions+of+shi
  p+%5BNAME%5D%0AENDTURN+-+ends+the+current+player%27s+turn%0A%5BSHIP%5D+%5BACTION%5D+%5BX%5D+%5BY%5
  D+-+let+%5BSHIP%5D+perform+%5BACTION%5D+on+field+%28X%2CY%29%0A%5BSHIP%5D+%5BACTION%5D+%5BTARGET%5
  D+-+let+%5BSHIP%5D+perform+%5BACTION%5D+on+%5BTARGET%5D%0A%60%60%60%0A%0A%23%23%23+1.4+%60board%60
  %0A%0A%60%60%60%0A%5B...%5D%0A%3E+board%0AA1..W%0A.D...%0AC2..X%0A..2.1%0AB.Y.Z%0A%60%60%60%0A%0A%
  23%23%23+1.5+%60fleet%60%0A%0A%60%60%60%0A%5B...%5D%0A%3E+fleet%0AAlpha%27s+fleet%0A%3CC%3E+A%3AEN
  GINE%0A%3C-%3E+B%3AENGINE%2C+SENSOR%2C+SHIELD%2C+SWORD%0A%3C-%3E+C%3AENGINE%2C+SWORD%2C+SWORD%0A%3
  C-%3E+D%3AENGINE%2C+RAILGUN%2C+SWORD%0AZeta%27s+fleet%0A%3CC%3E+Z%3AENGINE%0A%3C-%3E+W%3AENGINE%2C
  +SENSOR%2C+SHIELD%2C+SWORD%0A%3C-%3E+X%3AENGINE%2C+SWORD%2C+SWORD%0A%7EX%7E+Y%0A%5B...%5D%0A%60%60
  %60%0A%0A%23%23%23+1.6+%60actions%60%0A%0A%60%60%60%0A%5B...%5D%0A%3E+actions+A%0AAvailable+action
  s+of+A%3A+MOVE%2C+RAMM%0A%3E+actions+B%0AAvailable+actions+of+B%3A+MARK%2C+MOVE%2C+RAMM%2C+STRIKE%
  0A%3E+actions+Z%0AAvailable+actions+of+Z%3A+MOVE%2C+RAMM%0A%3E+A+move+2+0%0A%3E+actions+A%0AAvaila
  ble+actions+of+A%3A+RAMM%0A%5B...%5D%0A%3E+actions+A%0ANo+available+actions+for+A%0A%5B...%5D%0A%6
  0%60%60%0A%0A%23%23%23+1.7+%60endturn%60%0A%0A%60%60%60%0A%5B...%5D%0A%3E+endturn%0AZeta%27s+turn%
  0A%3E+endturn%0AAlpha%27s+turn%0A%5B...%5D%0A%60%60%60%0A%0A%23%23%23+1.8+Aktion+mit+Koordinaten+%
  28%60action-xy%60%29%0A%0A%60%60%60%0A%5B...%5D%0A%3E+board%0AA1..W%0A.D...%0AC2..X%0A..2.1%0AB.Y.
  Z%0A%3E+d+move+1+3%0A%3E+board%0AA1..W%0A.....%0AC2..X%0A.D2.1%0AB.Y.Z%0A%5B...%5D%0A%60%60%60%0A%
  0A%23%23%23+1.9+Aktion+mit+Ziel+%28%60action-target%60%29%0A%0A%60%60%60%0A%5B...%5D%0AZeta%27s+tu
  rn%0A%3E+y+longshot+d%0ARoll+5%0ABonus+-2%0AAlpha+must+select+1+of+Ds+module%28s%29+%28separated+b
  y+comma%29%3A%0ARAILGUN%2C+SWORD%0A%3E+RAILGUN%0AD+looses+RAILGUN%0A%5B...%5D%0A%60%60%60%0A%0A%23
  %23%23+1.10+Spielende+%28%60end%60%29%0A%0A%60%60%60%0A%5B...%5D%0A%3E+b+strike+z%0ARoll+6%0ABonus
  +0%0AZ+looses+ENGINE%0AZ+was+destroyed%0AAlpha+won%21%0A%60%60%60%0A%0A%23%23%23+1.11+%60quit%60%0
  A%0A%60%60%60%0A%5B...%5D%0A%3E+board%0A.1A.W%0A.D...%0AC2..X%0A..2.1%0AB..YZ%0A%3E+quit%0A%60%60%
  60%0A%0A%23%23+2+Vollst%C3%A4ndige+Beispielinteraktion%0A%0A%60%60%60%0A%25%3E+java+AlphaZeta+1+5+
  2%0AWelcome+to+AlphaZeta%21%0AAlpha+configures+its+ships%0AChoose+upto+3+modules+for+ship+B+%28sep
  arated+by+comma%29%3A%0APROPULSION%2C+RAILGUN%2C+SENSOR%2C+SHIELD%2C+SWORD%0A%3E+RAILGUN%2CSHIELD%
  2CSENSOR%0AChoose+upto+3+modules+for+ship+C+%28separated+by+comma%29%3A%0APROPULSION%2C+RAILGUN%2C
  +SENSOR%2C+SHIELD%2C+SWORD%0A%3E+SWORD%2CSWORD%0AChoose+upto+3+modules+for+ship+D+%28separated+by+
  comma%29%3A%0APROPULSION%2C+RAILGUN%2C+SENSOR%2C+SHIELD%2C+SWORD%0A%3E+SWORD%2CSWORD%0AZeta+config
  ures+its+ships%0AChoose+upto+3+modules+for+ship+W+%28separated+by+comma%29%3A%0APROPULSION%2C+RAIL
  GUN%2C+SENSOR%2C+SHIELD%2C+SWORD%0A%3E+RAILGUN%2CSHIELD%2CSWORD%0AChoose+upto+3+modules+for+ship+X
  +%28separated+by+comma%29%3A%0APROPULSION%2C+RAILGUN%2C+SENSOR%2C+SHIELD%2C+SWORD%0A%3E+SWORD%2CSW
  ORD%0AChoose+upto+3+modules+for+ship+Y+%28separated+by+comma%29%3A%0APROPULSION%2C+RAILGUN%2C+SENS
  OR%2C+SHIELD%2C+SWORD%0A%3E+SWORD%2CSWORD%0AEnter+the+Board+layout+as+string%3A%0AUse+.+for+free+t
  iles%3B+1%2C2+for+cover%3B+and+A%2CB%2CC%2CD%2CZ%2CW%2CX%2CY+for+ships%0A%3E+A1..W.D...C2..X..2.1B
  .Y.Z%0AAlpha%27s+turn%0A%3E+help%0AHELP+-+shows+this+text%0AQUIT+-+quits+the+game%0ABOARD+-+shows+
  the+whole+board%0AFLEET+-+shows+details+of+all+ships+of+the+AIs%0AACTIONS+%5BNAME%5D+-+shows+avail
  able+actions+of+ship+%5BNAME%5D%0AENDTURN+-+ends+the+current+player%27s+turn%0A%5BSHIP%5D+%5BACTIO
  N%5D+%5BX%5D+%5BY%5D+-+let+%5BSHIP%5D+perform+%5BACTION%5D+on+field+%28X%2CY%29%0A%5BSHIP%5D+%5BAC
  TION%5D+%5BTARGET%5D+-+let+%5BSHIP%5D+perform+%5BACTION%5D+on+%5BTARGET%5D%0A%3E+a+move+0+3%0A%3E+
  actions+a%0AAvailable+actions+of+A%3A+RAMM%0A%3E+b+longshot+x%0ARoll+4%0ABonus+-1%0AX+looses+SWORD
  %0A%3E+endturn%0AZeta%27s+turn%0A%3E+w+longshot+c%0ARoll+5%0ABonus+-2%0AC+looses+SWORD%0A%3E+w+mov
  e+2+1%0A%3E+endturn%0AAlpha%27s+turn%0A%3E+b+move+1+4%0A%3E+b+mark+y%0A%3E+b+longshot+x%0ARoll+2%0
  ABonus+-1%0Amissed%0A%3E+endturn%0AZeta%27s+turn%0A%3E+board%0A.1...%0A.DW..%0AC2..X%0AA.2.1%0A.BY
  .Z%0A%3E+w+move+2+0%0A%3E+w+longshot+b%0ARoll+4%0ABonus+-1%0AAlpha+must+select+1+of+Bs+module%28s%
  29+%28separated+by+comma%29%3A%0ARAILGUN%2C+SENSOR%2C+SHIELD%0A%3E+RAILGUN%0AB+looses+RAILGUN%0A%3
  E+endturn%0AAlpha%27s+turn%0A%3E+b+ramm+y%0ARoll+3%0ABonus+0%0Amissed%0A%3E+endturn%0AZeta%27s+tur
  n%0A%3E+w+longshot+a%0ARoll+5%0ABonus+0%0AA+looses+CONTAINER%0AA+looses+CONTAINER%0A%3E+y+move+0+4
  %0A%3E+y+strike+a%0ARoll+3%0ABonus+0%0AA+looses+ENGINE%0AA+was+destroyed%0AZeta+won%21%0A%60%60%60
  &project=ProgrammingST22-Final2&role=requirements&task=Understand+the+st22final02+and+create+its+b
  acklog+when+prompted.&timestamp=2026-07-29T08%3A10%3A46.485Z&domain=st22final02

● Injected adaptive memory context into system prompt

● <adaptive_rules>
  - Das Spielfeld wird durch eine Zeichenfolge konfiguriert: '.' freie Feld, '1' halbe Deckung, '2'
  volle Deckung, Buchstaben (A,B,C,D,Z,W,X,Y) für Raumschiffe.
  - Das Spiel endet, sobald ein Sammler (`Sammler`) zerstört wurde; gewonnen hat die KI, deren
  Sammler nicht zerstört wurde; das System gibt aus, welche KI gewonnen hat und beendet das Spiel.
  - Die Zeichenfolge beschreibt das Spielfeld zeilenweise (links nach rechts, oben nach unten).
  - Always destroy auxiliary modules first (for Sammler: Container modules) and then the Engine.
  - If a ship has multiple modules of the same type, destroying one module of that type always
  removes the first such module (configuration order).
  - If a ship has only identical auxiliary modules (only one module type destructible), no dialog is
   requested.
  - If all modules or all but the Engine of a ship are destroyed, no dialog is requested; output
  order equals module addition order from configuration phase.
  - On a hit the attacked AI decides module removal; on a critical hit or marked target the
  attacking AI decides.
  - On dialog input errors show an error message and request re-input; do not repeat the initial
  prompt text.
  - Über Dialogsystem wird entschieden. Wahltext: `<Decider> must select <N> of <Ship>s module(s)
  (separated by comma):` Die Auflistung der zur Wahl stehenden Module erfolgt in alphabetischer
  Reihenfolge.
  - Pro Zug kann die Aktion eines Moduls nur einmal eingesetzt werden; bei mehreren Modulen gleichen
   Typs kann die Aktion je Modul einmal ausgeführt werden.
  - For non-destroyed ships in the 'fleet' output list the remaining intact modules alphabetically,
  modules shown in uppercase letters.
  - The 'board' command displays the board with '.' for empty tiles, cover values '1' or '2', and
  letters for ships; destroyed ships are not displayed.
  - The 'fleet' command lists fleets per AI (e.g., 'Alpha's fleet') and for each ship prints a state
   indicator: '<C>' for Sammler, '<->' for intact attack ship, '~X~' for destroyed ship.
  - Die Aktion 'ramm' darf pro Schiff pro Zug nur einmal eingesetzt werden.
  - Die Deckungen auf dem Spielfeld müssen achsensymmetrisch bezüglich der Südwest-Nordost-Achse
  sein (Schiffe sind ausgenommen).
  - Submission for AlphaZeta is automatically graded with zero points if any of the mandatory rules
  are violated; mandatory tests must be passed before other tests are evaluated.
  - Submitted source code must compile without errors.
  - Bei den übrigen Raumschiffen ist das erste Modul immer ein Antrieb (Engine).
  - Für ein 5×5-Spielfeld werden 25 Zeichen erwartet; die ersten 5 Zeichen sind die oberste Reihe.
  - Anzahl der Waffen-Module pro Raumschiff darf höchstens 2 betragen.
  - Maximal 1 Propulsion-Modul pro Raumschiff zulässig.
  - Maximal 1 Rail Gun-Modul pro Raumschiff zulässig.
  - Maximal 1 Shield-Modul pro Raumschiff zulässig.
  - Bei ungültiger Spielfeld-Eingabe wird eine Fehlermeldung ausgegeben und auf erneute Eingabe
  gewartet; die einleitende Aufforderung wird nicht wiederholt.
  - Source code must be written in English and comments must be consistently either English or
  German.
  - Solution code must not use Java library elements except the explicitly allowed packages.
  - Solution code must use Java SE 17 only.
  - A successful action that results in no module destruction prints 'missed' on a new line after
  Bonus.
  - Before module-destroying actions output 'Roll' (actual die roll) and 'Bonus' (difference between
   actual roll and the evaluated attack roll, e.g., reduction from cover).
  - Module destruction is output as '<Ship> looses <Module>' per module in the order of AI selection
   or configuration order.
  - Otherwise a successful action produces no output unless otherwise specified.
  - Ship destruction is output as '<Ship> was destroyed'.
  - Propel action is only available if the ship has a Propulsion module.
  - Interactive user interface must use System.in for input and System.out for output unless
  otherwise specified.
  - The online submission system runs automated Checkstyle checks; certain specially marked
  Checkstyle rules are mandatory and cause a zero-point grade if violated.
  - Submit your *.java files for task A individually with the correct folder structure in the
  designated directory.
  - Program output must exactly match the specification including letter case, spaces and line
  breaks.
  - Programs must print only the information specified in the assignment and no additional
  information.
  - After printing an error message the program must continue and wait for the next input.
  - Ein Sammler hat genau einen Engine-Antrieb und sonst nur das Spezialmodul Container.
  - Fehlerhafte Modulkonfigurationen sollen frühestmöglich erkannt werden; bei Erkennung
  Fehlermeldung ausgeben und Abfrage für dieses Schiff wiederholen; korrekt konfigurierte frühere
  Schiffe bleiben unverändert.
  - Koordinaten sind (x,y) mit (0,0) oben links und (l-1,l-1) unten rechts.
  - Der dritte Parameter (Container) ist die Anzahl der Container-Module der Sammler und muss im
  Intervall [0,3] liegen.
  - Every hit against a marked ship counts as a critical hit.
  - If the attack die roll for Ramm is ≤ 1, damage to A counts as a hit.
  - Mark marks any enemy ship until the start of the enemy's turn.
  - Mark requires no attack die roll.
  - Module ranges: Engine 1–3; Ramm 1; Longshot 5–6; Strike 1; Mark infinity; Propel 1–3.
  - Move reachability depends only on distance, not on cover or ships on the path.
  </adaptive_rules>

  <memories>
    - task.md describes the Abschlussaufgabe 2 AlphaZeta (AZ).
    - AlphaZeta (AZ) is a turn-based two-player strategy board game played on a square tile grid.
    - task.md specifies the implementation order: Spiellogik (game logic) before
  Benutzerschnittstelle (user interface)
    - Alpha controls ships A, B, C, D (A is the Collector); Zeta controls ships Z, W, X, Y (Z is the
   Collector).
    - Zeta controls ships Z, W, X, Y (Z is the Collector).
    - The assignment is part of the course 'Programmieren'.
    - The assignment is for Sommersemester 2022.
    - Attack ships have Engine as first module; per-ship limits: ≤2 weapon modules, ≤1 Rail Gun, ≤1
  Propulsion, ≤1 Shield; per fleet maximum 1 Sensor.
    - Action and movement rules: each module action can be used once per turn (per module);
  duplicate modules allow repeated use; move uses Manhattan distance and cannot target a tile
  occupied by cover or another ship; Propulsion allows a second move in the same turn; ramm can only
   be used if the attacker has no weapon modules, not against Collectors, and ramm can be used only
  once per ship per turn.
    - AI A is tasked to extract resources from the Asteroid Belt while contesting AI Z.
    - Attack resolution: attacker rolls a six-sided die, subtracts target cover and Shield effect
  (Shield reduces attack by 1); the result determines miss, hit, or critical hit and module
  destruction; when modules are destroyed, auxiliary modules are removed first (for Collector:
  Container), then the Engine; normally the defender chooses which modules are lost, but if the
  target is marked or the hit is critical the attacker chooses.
  </memories>
  <knowledge>
    - Otherwise module destruction is decided via dialog: '<Decider> must select <N> of <Ship>s
  module(s) (separated by comma):' and module choices listed alphabetically.
    - Ramm, Longshot and Strike use an initial attack die roll (six-sided 1–6), minus target cover,
  then apply Shield effect (−1 if target has Shield).
    - Die Methode nextInt darf nur dann aufgerufen werden, wenn tatsächlich ein Würfelwurf
  durchgeführt wird.
    - Die Seitenlänge (zweiter Parameter) muss mindestens 5 und ungerade sein.
    - Keine leere Kachel darf vollständig von Deckung umgeben sein; direkte Nachbarn dürfen nicht
  alle von Deckung belegt sein.
    - Distanzen werden als Manhattan-Distanz d1 = |xa−xb| + |ya−yb| berechnet; direkte Nachbarn
  haben d1 = 1.
    - Es darf nur eine einzige feste Instanz dieses Zufallszahlengenerators verwendet werden.
    - JavaDoc documentation rules must be followed and the JavaDoc @author tag must contain only the
   student's u-Kürzel.
    - Move target tile must not be occupied by cover or another ship.
    - Half cover reduces the die roll by 1; full cover reduces by 2.
    - Ramm may only be used if the attacking ship has no weapon modules.
    - Move requires no attack die roll.
    - Source code must obey a maximum line width of 120 characters.
    - All whitespace rules and naming rules for variables, methods and packages must be followed.
    - Appropriate visibilities must be chosen for classes, methods and attributes.
    - Source code must not use the default package.
    - Source code must not call System.exit(), Runtime.exit() or similar.
    - Standard input and standard output must never be reassigned.
    - Do not add any personal data to submissions except the u-Kürzel.
    - Der erste Parameter (Seed) muss im Intervall [INT_MIN, INT_MAX] liegen.
    - User input must be handled case-insensitively by the user interface.
    - Pro Flotte darf maximal 1 Sensor-Modul vorhanden sein.
    - When user input does not follow the specified format, an error message must be output.
    - Every error message must begin with 'Error,' and must not contain special characters such as
  newlines or umlauts.
    - Error messages may be written to System.err instead of System.out.
    - When a ship R is attacked from position P, coverage is computed from the coverings adjacent in
   the direction of P.
    - A ship is covered only by its direct neighbors.
    - Aktions-Schemata: ` <AKTEUR> <AKTION> <ZIEL>` für Aktionen gegen ein Ziel-Raumschiff; `
  <AKTEUR> <AKTION> <X> <Y>` für die Aktionen move und propel.
    - Der Befehl `actions <SHIP>` gibt die in dieser Runde noch nicht verwendeten Aktionen aus
  (alphabetisch sortiert, alle Aktionen mit Großbuchstaben); für Schiffe gegnerischer KIs werden
  alle durch die Module gegebenen Aktionen ausgegeben.
    - Alpha hat die Schiffe A,B,C,D; Zeta hat die Schiffe Z,W,X,Y; A und Z sind die Sammler.
    - Das Programm muss jederzeit durch Eingabe des Befehls beendet werden.
    - Das Beenden darf nicht über System.exit() oder andere ausgeschlossene Funktionen erfolgen.
    - Automatisierte Tests verwenden `quit` am Ende von Testsequenzen und sind darauf angewiesen.
    - Der Befehl `help` listet alle Befehle des Systems in einer fest vorgegebenen Reihenfolge auf.
    - Das Spiel wird mit genau drei Kommandozeilenparametern gestartet.
  </knowledge>
  <entity_paths>
    - Game implementation CONSTRAINT Random(long seed): Nur der Konstruktor Random(long seed) darf
  verwendet werden, um einen neuen Zufallszahlengenerator zu instanziieren.
    - Game implementation CONSTRAINT single Random instance: Es darf nur eine einzige feste Instanz
  dieses Zufallszahlengenerators verwendet werden.
    - Game implementation CONSTRAINT nextInt call condition: Die Methode nextInt darf nur dann
  aufgerufen werden, wenn tatsächlich ein Würfelwurf durchgeführt wird.
    - Program CONSTRAINT quit: Das Programm muss jederzeit durch Eingabe des Befehls beendet werden.
    - Program CONSTRAINT System.exit(): Das Beenden darf nicht über System.exit() oder andere
  ausgeschlossene Funktionen erfolgen.
    - Z RELATES_TO Asteroid Belt: AI A is tasked to extract resources from the Asteroid Belt while
  contesting AI Z.
    - AlphaZeta (AZ) RELATES_TO A: AlphaZeta includes an artificial intelligence named A.
    - AlphaZeta (AZ) RELATES_TO Z: AlphaZeta includes an artificial intelligence named Z.
    - AlphaZeta (AZ) RELATES_TO Year 2985: AlphaZeta (AZ) is set in the in-universe year 2985.
    - AlphaZeta (AZ) RELATES_TO quadratic Spielfeld (square tile grid): AlphaZeta (AZ) is a
  turn-based two-player strategy board game played on a square tile grid.
    - AlphaZeta (AZ) RELATES_TO A: AlphaZeta includes an artificial intelligence named A.
    - A RELATES_TO Asteroid Belt: AI A is tasked to extract resources from the Asteroid Belt while
  contesting AI Z.
    - AlphaZeta (AZ) RELATES_TO Z: AlphaZeta includes an artificial intelligence named Z.
    - Z RELATES_TO Asteroid Belt: AI A is tasked to extract resources from the Asteroid Belt while
  contesting AI Z.
  </entity_paths>
  <entity_matches>
    - 4.9 Aktionen und Würfelmechanik (score: 0.79) — Für *ramm*, *longshot* und *strike* erfolgt
  zunächst ein Angriffswürfelwurf: sechsseitiger Würfel (1–6), abzüglich der Deckung des
  Ziel-Raumschiffs, danach Anwendung des *Shield*-Effekts (−1, falls Ziel hat *Shield*).
    - Game implementation (score: 0.78) — Code der Spielanwendung
    - Program (score: 0.77) — Die implementierte Spielanwendung
    - Z (score: 0.71) — Artificial intelligence named Z in AlphaZeta.
    - AlphaZeta (AZ) (score: 0.71) — The game AlphaZeta (AZ).
  </entity_matches>
  <insights>
    - Agent community around Z, AlphaZeta (AZ), Asteroid Belt. Relevant agent facts: AI A is tasked
  to extract resources from the Asteroid Belt while contesting AI Z.; AlphaZeta includes an
  artificial intelligence named A.; AlphaZeta includes an artificial intelligence named Z.
    - Agent community around task.md, 1.4. Relevant agent facts: task.md describes the
  Abschlussaufgabe 2 AlphaZeta (AZ).; Document task.md specifies version 1.4.; task.md specifies the
   implementation order: Spiellogik (game logic) before Benutzerschnittstelle (user interface)
    - Agent community around Z, AlphaZeta (AZ), Asteroid Belt connects task.md, 1.4. Relevant agent
  facts: AI A is tasked to extract resources from the Asteroid Belt while contesting AI Z.;
  AlphaZeta includes an artificial intelligence named A.; AlphaZeta includes an artificial
  intelligence named Z.
  </insights>

● adaptive-memory extension active (role=requirements, memorySession=20260729-100822-req) - type
  /memory-help. MCP tools registered (memory=true, backlog=true).







Changes    +0 -0
Duration   2m 41s
Tokens     ↑ 35.2k (1.3k cached) • ↓ 758 (237 reasoning)
[delivery:requirements] Turn 10/11 complete
[delivery:requirements] Turn 11/11: Finalize backlog creation
● [adaptive-context] GET http://localhost:4444/api/agents/7af7809a-adce-4fa9-9609-fd61059de0ff/sessi
  ons/20260729-100822-req/context?input=%2Ffinalize&project=ProgrammingST22-Final2&role=requirements
  &task=Understand+the+st22final02+and+create+its+backlog+when+prompted.&timestamp=2026-07-29T08%3A1
  1%3A08.863Z&domain=st22final02

● Injected adaptive memory context into system prompt

● <adaptive_rules>
  - Program output must exactly match the specification including letter case, spaces and line
  breaks.
  - Programs must print only the information specified in the assignment and no additional
  information.
  - Submit your *.java files for task A individually with the correct folder structure in the
  designated directory.
  - The online submission system runs automated Checkstyle checks; certain specially marked
  Checkstyle rules are mandatory and cause a zero-point grade if violated.
  - Submission for AlphaZeta is automatically graded with zero points if any of the mandatory rules
  are violated; mandatory tests must be passed before other tests are evaluated.
  - Submitted source code must compile without errors.
  - Source code must be written in English and comments must be consistently either English or
  German.
  - After printing an error message the program must continue and wait for the next input.
  - Source code must obey a maximum line width of 120 characters.
  - Interactive user interface must use System.in for input and System.out for output unless
  otherwise specified.
  - All whitespace rules and naming rules for variables, methods and packages must be followed.
  - Solution code must not use Java library elements except the explicitly allowed packages.
  - Solution code must use Java SE 17 only.
  - Source code must not call System.exit(), Runtime.exit() or similar.
  - Source code must not use the default package.
  - Standard input and standard output must never be reassigned.
  - Appropriate visibilities must be chosen for classes, methods and attributes.
  - Always destroy auxiliary modules first (for Sammler: Container modules) and then the Engine.
  - If a ship has multiple modules of the same type, destroying one module of that type always
  removes the first such module (configuration order).
  - If a ship has only identical auxiliary modules (only one module type destructible), no dialog is
   requested.
  - If all modules or all but the Engine of a ship are destroyed, no dialog is requested; output
  order equals module addition order from configuration phase.
  - On a hit the attacked AI decides module removal; on a critical hit or marked target the
  attacking AI decides.
  - On dialog input errors show an error message and request re-input; do not repeat the initial
  prompt text.
  - Über Dialogsystem wird entschieden. Wahltext: `<Decider> must select <N> of <Ship>s module(s)
  (separated by comma):` Die Auflistung der zur Wahl stehenden Module erfolgt in alphabetischer
  Reihenfolge.
  - A successful action that results in no module destruction prints 'missed' on a new line after
  Bonus.
  - Before module-destroying actions output 'Roll' (actual die roll) and 'Bonus' (difference between
   actual roll and the evaluated attack roll, e.g., reduction from cover).
  - Module destruction is output as '<Ship> looses <Module>' per module in the order of AI selection
   or configuration order.
  - Otherwise a successful action produces no output unless otherwise specified.
  - Ship destruction is output as '<Ship> was destroyed'.
  </adaptive_rules>

  <knowledge>
    - Otherwise module destruction is decided via dialog: '<Decider> must select <N> of <Ship>s
  module(s) (separated by comma):' and module choices listed alphabetically.
  </knowledge>
  <entity_paths>
    - Submission process CONSTRAINT Upload *.java files for task A with folder structure: Submit
  your *.java files for task A individually with the correct folder structure in the designated
  directory.
    - Solution code USES Java SE 17: Solution code must use Java SE 17 only.
    - Solution code CONSTRAINT Allowed Java packages: Solution code must not use Java library
  elements except the explicitly allowed packages.
  </entity_paths>
  <entity_matches>
    - Game end rule (score: 0.72) — Regel, die das Spielende definiert
    - quit (score: 0.71) — Beendigungsbefehl
    - Upload *.java files for task A with folder structure (score: 0.70) — Required submission
  content and organization
    - Submission process (score: 0.67) — How to submit assignment files
    - Solution code (score: 0.67) — Source code submitted for the assignment
  </entity_matches>

● adaptive-memory extension active (role=requirements, memorySession=20260729-100822-req) - type
  /memory-help. MCP tools registered (memory=true, backlog=true).



● Create Backlog (MCP: agentic-memory) · Text-basiertes, rundenbasiertes Strategie-Brettspiel. Zwei…
  └ Backlog "AlphaZeta (AZ) — Abschlussaufgabe 2" created with id: 3bddbb06-5261-...



● Create Tasks (MCP: agentic-memory) · backlogId: "3bddbb06-5261-4ef7-83f4-85e5705d2890", tasks: [2…
  └ Created 24 task(s) in backlog 3bddbb06-5261-4ef7-83f4-85e5705d2890.



● Get Tasks (MCP: agentic-memory) · backlogId: "3bddbb06-5261-4ef7-83f4-85e5705d2890"
  └ Output too large to read at once (34.6 KB). Saved to: /var/folders/fs/p8fxyq6...







Changes    +0 -0
Duration   4m 52s
Tokens     ↑ 162.1k (119.4k cached) • ↓ 7.0k (2.2k reasoning)
[delivery:requirements] Turn 11/11 complete
[delivery:requirements] Exercise requirements stream complete — advancing to backlog discovery
[delivery] Phase B: Backlog discovery
[delivery] Using backlog: "AlphaZeta (AZ) — Abschlussaufgabe 2" (3bddbb06-5261-4ef7-83f4-85e5705d2890)
[delivery] Backlog: "AlphaZeta (AZ) — Abschlussaufgabe 2" (3bddbb06-5261-4ef7-83f4-85e5705d2890)

[delivery] Phase C: Coding

● [adaptive-context] GET
  http://localhost:4444/api/agents/7af7809a-adce-4fa9-9609-fd61059de0ff/sessions/20260729-100822-cod
  ing/context?input=Implement+%22AlphaZeta+%28AZ%29+%E2%80%94+Abschlussaufgabe+2%22+backlog%3A+Proje
  ct+scaffolding%3A+package%2C+Main+class%2C+Random+singleton%3B+Core+data+model%3A+Position%2C+Modu
  le+enum%2C+Tile%2C+Ship+skeleton%3B+Board+grid%3A+placement%2C+Manhattan+distance%2C+display%3B+Bo
  ard+validation%3A+symmetry+and+no-isolated-empty+check%3B+Ship+and+module+system%3A+constraints%2C
  +module+management%2C+destruction+ordering%3B+Fleet+system%3A+fleet+composition%2C+game-end+condit
  ion%3B+CLI+argument+parsing%3A+seed%2C+size%2C+containers+validation%3B+Ship+configuration+dialog%
  3A+interactive+module+selection+with+error+handling%3B+Board+layout+input%3A+parsing%2C+validation
  %2C+placement%3B+Game+state+machine+and+command+parser%3B+Help+command%3B+Board+command%3B+Fleet+c
  ommand%3B+Actions+and+endturn+commands%3B+Quit+command%3B+Move+and+propel+actions%3B+Mark+action%3
  B+Combat+dice+and+cover+system%3A+roll%2C+bonus+calculation%3B+Strike+action%3B+Longshot+action%3B
  +Ramm+action%3B+Module+destruction+dialog+and+combat+output+system%3B+Game+end+detection+and+winne
  r+announcement%3B+Main+loop+integration+and+comprehensive+error+handling&project=ProgrammingST22-F
  inal2&role=coding&task=Implement+backlog+%22AlphaZeta+%28AZ%29+%E2%80%94+Abschlussaufgabe+2%22+in+
  the+selected+exercise+repository.&timestamp=2026-07-29T08%3A13%3A19.506Z&domain=st22final02

● Injected adaptive memory context into system prompt

● <adaptive_rules>
  - Das Spielfeld wird durch eine Zeichenfolge konfiguriert: '.' freie Feld, '1' halbe Deckung, '2'
  volle Deckung, Buchstaben (A,B,C,D,Z,W,X,Y) für Raumschiffe.
  - The online submission system runs automated Checkstyle checks; certain specially marked
  Checkstyle rules are mandatory and cause a zero-point grade if violated.
  - Submit your *.java files for task A individually with the correct folder structure in the
  designated directory.
  - Fehlerhafte Modulkonfigurationen sollen frühestmöglich erkannt werden; bei Erkennung
  Fehlermeldung ausgeben und Abfrage für dieses Schiff wiederholen; korrekt konfigurierte frühere
  Schiffe bleiben unverändert.
  - Source code must be written in English and comments must be consistently either English or
  German.
  - Program output must exactly match the specification including letter case, spaces and line
  breaks.
  - Programs must print only the information specified in the assignment and no additional
  information.
  - Source code must obey a maximum line width of 120 characters.
  - Submission for AlphaZeta is automatically graded with zero points if any of the mandatory rules
  are violated; mandatory tests must be passed before other tests are evaluated.
  - Submitted source code must compile without errors.
  - Solution code must not use Java library elements except the explicitly allowed packages.
  - Solution code must use Java SE 17 only.
  - Die Deckungen auf dem Spielfeld müssen achsensymmetrisch bezüglich der Südwest-Nordost-Achse
  sein (Schiffe sind ausgenommen).
  - Pro Zug kann die Aktion eines Moduls nur einmal eingesetzt werden; bei mehreren Modulen gleichen
   Typs kann die Aktion je Modul einmal ausgeführt werden.
  - Anzahl der Waffen-Module pro Raumschiff darf höchstens 2 betragen.
  - Maximal 1 Propulsion-Modul pro Raumschiff zulässig.
  - Maximal 1 Rail Gun-Modul pro Raumschiff zulässig.
  - Maximal 1 Shield-Modul pro Raumschiff zulässig.
  - For non-destroyed ships in the 'fleet' output list the remaining intact modules alphabetically,
  modules shown in uppercase letters.
  - The 'board' command displays the board with '.' for empty tiles, cover values '1' or '2', and
  letters for ships; destroyed ships are not displayed.
  - The 'fleet' command lists fleets per AI (e.g., 'Alpha's fleet') and for each ship prints a state
   indicator: '<C>' for Sammler, '<->' for intact attack ship, '~X~' for destroyed ship.
  - All whitespace rules and naming rules for variables, methods and packages must be followed.
  - Bei den übrigen Raumschiffen ist das erste Modul immer ein Antrieb (Engine).
  - Das Spiel endet, sobald ein Sammler (`Sammler`) zerstört wurde; gewonnen hat die KI, deren
  Sammler nicht zerstört wurde; das System gibt aus, welche KI gewonnen hat und beendet das Spiel.
  - JavaDoc documentation rules must be followed and the JavaDoc @author tag must contain only the
  student's u-Kürzel.
  - Die Zeichenfolge beschreibt das Spielfeld zeilenweise (links nach rechts, oben nach unten).
  - Propel action is only available if the ship has a Propulsion module.
  - Always destroy auxiliary modules first (for Sammler: Container modules) and then the Engine.
  - If a ship has multiple modules of the same type, destroying one module of that type always
  removes the first such module (configuration order).
  - If a ship has only identical auxiliary modules (only one module type destructible), no dialog is
   requested.
  - If all modules or all but the Engine of a ship are destroyed, no dialog is requested; output
  order equals module addition order from configuration phase.
  - On a hit the attacked AI decides module removal; on a critical hit or marked target the
  attacking AI decides.
  - On dialog input errors show an error message and request re-input; do not repeat the initial
  prompt text.
  - Über Dialogsystem wird entschieden. Wahltext: `<Decider> must select <N> of <Ship>s module(s)
  (separated by comma):` Die Auflistung der zur Wahl stehenden Module erfolgt in alphabetischer
  Reihenfolge.
  - Ein Sammler hat genau einen Engine-Antrieb und sonst nur das Spezialmodul Container.
  - Die Aktion 'ramm' darf pro Schiff pro Zug nur einmal eingesetzt werden.
  - Appropriate visibilities must be chosen for classes, methods and attributes.
  - Interactive user interface must use System.in for input and System.out for output unless
  otherwise specified.
  - Pro Flotte darf maximal 1 Sensor-Modul vorhanden sein.
  - Für ein 5×5-Spielfeld werden 25 Zeichen erwartet; die ersten 5 Zeichen sind die oberste Reihe.
  - Source code must not call System.exit(), Runtime.exit() or similar.
  - Source code must not use the default package.
  - Standard input and standard output must never be reassigned.
  - User input must be handled case-insensitively by the user interface.
  - When user input does not follow the specified format, an error message must be output.
  - After printing an error message the program must continue and wait for the next input.
  - A successful action that results in no module destruction prints 'missed' on a new line after
  Bonus.
  - Before module-destroying actions output 'Roll' (actual die roll) and 'Bonus' (difference between
   actual roll and the evaluated attack roll, e.g., reduction from cover).
  - Module destruction is output as '<Ship> looses <Module>' per module in the order of AI selection
   or configuration order.
  - Otherwise a successful action produces no output unless otherwise specified.
  </adaptive_rules>

  <memories>
    - task.md describes the Abschlussaufgabe 2 AlphaZeta (AZ).
    - ProgrammingST22-Final2 must provide a text-based, case-insensitive user interface for
  AlphaZeta (AZ).
    - ProgrammingST22-Final2 provides these CLI commands and action syntax: help, board, fleet,
  actions, endturn, quit, and action forms '<ACTOR> <ACTION> <TARGET>' or '<ACTOR> <ACTION> <X>
  <Y>'.
    - ProgrammingST22-Final2 specifies module-destruction dialog rules: Decider selects N modules
  from a ship (alphabetical listing), outputs include Roll/Bonus/missed and messages like '<Ship>
  looses <Module>' or '<Ship> was destroyed'; no dialog when all modules/all-but-Engine destroyed or
   only one module type remains.
    - The assignment is part of the course 'Programmieren'.
    - The assignment AlphaZeta (AZ) is worth 20 points
    - ProgrammingST22-Final2 outputs must exactly match the specification (case, spaces, newlines)
  and must not include any additional information.
    - ProgrammingST22-Final2 enforces strict error and output formatting: error messages must begin
  with 'Error,', be English, contain no special characters/umlauts/newlines, and all outputs must
  exactly match specified case, spaces, and line breaks with no additional information.
    - ProgrammingST22-Final2 must use a square game board with odd side length l >= 5.
    - ProgrammingST22-Final2 defines two AIs (Alpha & Zeta), each with 4 ships: 1 Collector and 3
  attack ships.
    - ProgrammingST22-Final2 ends the game and prints the winner when a Collector (Sammler) is
  destroyed.
    - ProgrammingST22-Final2 must print an error message for malformed input and then continue
  running, waiting for the next input.
  </memories>
  <knowledge>
    - Otherwise module destruction is decided via dialog: '<Decider> must select <N> of <Ship>s
  module(s) (separated by comma):' and module choices listed alphabetically.
    - Module ranges: Engine 1–3; Ramm 1; Longshot 5–6; Strike 1; Mark infinity; Propel 1–3.
    - Ship destruction is output as '<Ship> was destroyed'.
    - Move target tile must not be occupied by cover or another ship.
    - When a ship R is attacked from position P, coverage is computed from the coverings adjacent in
   the direction of P.
    - Mark marks any enemy ship until the start of the enemy's turn.
    - Der dritte Parameter (Container) ist die Anzahl der Container-Module der Sammler und muss im
  Intervall [0,3] liegen.
    - Die Seitenlänge (zweiter Parameter) muss mindestens 5 und ungerade sein.
    - Bei ungültiger Spielfeld-Eingabe wird eine Fehlermeldung ausgegeben und auf erneute Eingabe
  gewartet; die einleitende Aufforderung wird nicht wiederholt.
    - Do not add any personal data to submissions except the u-Kürzel.
    - Move reachability depends only on distance, not on cover or ships on the path.
    - A ship is covered only by its direct neighbors.
    - Ramm may only be used if the attacking ship has no weapon modules.
    - Error messages may be written to System.err instead of System.out.
    - Ramm, Longshot and Strike use an initial attack die roll (six-sided 1–6), minus target cover,
  then apply Shield effect (−1 if target has Shield).
    - Move requires no attack die roll.
    - Mark requires no attack die roll.
    - If the attack die roll for Ramm is ≤ 1, damage to A counts as a hit.
    - Half cover reduces the die roll by 1; full cover reduces by 2.
    - Every error message must begin with 'Error,' and must not contain special characters such as
  newlines or umlauts.
    - Aktions-Schemata: ` <AKTEUR> <AKTION> <ZIEL>` für Aktionen gegen ein Ziel-Raumschiff; `
  <AKTEUR> <AKTION> <X> <Y>` für die Aktionen move und propel.
  </knowledge>
  <entity_paths>
    - ProgrammingST22-Final2 USES Text-based, case-insensitive user interface:
  ProgrammingST22-Final2 uses a text-based, case-insensitive user interface.
    - ProgrammingST22-Final2 USES CLI startup parameters: ProgrammingST22-Final2 uses three CLI
  startup parameters: seed, board side length, and container count (0–3).
    - ProgrammingST22-Final2 RELATES_TO Alpha & Zeta fleet configuration: ProgrammingST22-Final2
  defines two AIs (Alpha & Zeta), each with 4 ships: 1 Collector and 3 attack ships.
    - ProgrammingST22-Final2 RELATES_TO CLI commands and action syntax: ProgrammingST22-Final2
  provides these CLI commands and action syntax: help, board, fleet, actions, endturn, quit, and
  action forms '<ACTOR> <ACTION> <TARGET>' or '<ACTOR> <ACTION> <X> <Y>'.
    - ProgrammingST22-Final2 CONSTRAINT Standard stream usage constraint: ProgrammingST22-Final2
  constrains standard I/O usage to System.in for input and System.out for output; System.err may
  optionally be used for error messages; standard streams must not be reassigned.
    - ProgrammingST22-Final2 CONSTRAINT Error and output formatting constraint:
  ProgrammingST22-Final2 enforces strict error and output formatting: error messages must begin with
   'Error,', be English, contain no special characters/umlauts/newlines, and all outputs must
  exactly match specified case, spaces, and line breaks with no additional information.
    - ProgrammingST22-Final2 CONSTRAINT Text-based, case-insensitive user interface:
  ProgrammingST22-Final2 must provide a text-based, case-insensitive user interface for AlphaZeta
  (AZ).
    - ProgrammingST22-Final2 CONSTRAINT Error message format: ProgrammingST22-Final2 must emit error
   messages that begin with 'Error,' are in English, meaningful, and contain no special characters,
  umlauts, or newlines.
    - ProgrammingST22-Final2 CONSTRAINT Output exactness: ProgrammingST22-Final2 outputs must
  exactly match the specification (case, spaces, newlines) and must not include any additional
  information.
    - ProgrammingST22-Final2 CONSTRAINT Invalid input handling: ProgrammingST22-Final2 must print an
   error message for malformed input and then continue running, waiting for the next input.
    - ProgrammingST22-Final2 CONSTRAINT System.in / System.out / System.err usage:
  ProgrammingST22-Final2 must use System.in for input and System.out for output; System.err may
  optionally be used for error messages; these streams must never be reassigned.
    - ProgrammingST22-Final2 CONSTRAINT Single Random usage convention: ProgrammingST22-Final2
  requires a single Random instance and nextInt may be called only for actual dice rolls.
    - ProgrammingST22-Final2 CONSTRAINT Module destruction dialog rules: ProgrammingST22-Final2
  specifies module-destruction dialog rules: Decider selects N modules from a ship (alphabetical
  listing), outputs include Roll/Bonus/missed and messages like '<Ship> looses <Module>' or '<Ship>
  was destroyed'; no dialog when all modules/all-but-Engine destroyed or only one module type
  remains.
    - ProgrammingST22-Final2 CONSTRAINT Collector destruction end-condition: ProgrammingST22-Final2
  ends the game and prints the winner when a Collector (Sammler) is destroyed.
    - ProgrammingST22-Final2 CONSTRAINT Square grid side length constraint: ProgrammingST22-Final2
  must use a square game board with odd side length l >= 5.
    - Spielende condition RELATES_TO Alpha starts: The game ends as soon as a collector (Sammler) is
   destroyed; the other KI wins; Alpha takes the first turn.
    - task.md RELATES_TO AlphaZeta (AZ): task.md describes the Abschlussaufgabe 2 AlphaZeta (AZ).
    - task.md RELATES_TO 1.4: Document task.md specifies version 1.4.
    - task.md RELATES_TO Spiellogik: task.md specifies the implementation order: Spiellogik (game
  logic) before Benutzerschnittstelle (user interface)
    - task.md RELATES_TO Benutzerschnittstelle: task.md specifies the implementation order:
  Spiellogik (game logic) before Benutzerschnittstelle (user interface)
  </entity_paths>
  <entity_matches>
    - ProgrammingST22-Final2 (score: 1.00) — Repository for the AlphaZeta (AZ) assignment
  implementation.
    - Abschlussaufgabe 2 — AlphaZeta (AZ) (score: 0.84) — Course assignment / project named
  AlphaZeta (AZ).
    - Spielende condition (score: 0.77) — End condition and winning rule for AlphaZeta.
    - task.md (score: 0.77) — Assignment specification document describing AlphaZeta (AZ) tasks and
  rules.
    - Program name (score: 0.76) — The game's executable name; may be chosen freely and need not be
  AlphaZeta.
  </entity_matches>
  <insights>
    - Agent community around ProgrammingST22-Final2, Text-based, case-insensitive user interface,
  CLI startup parameters connects Standard stream usage constraint, Error and output formatting
  constraint, Error message format, Output exactness. Relevant agent facts: ProgrammingST22-Final2
  constrains standard I/O usage to System.in for input and System.out for output; System.err may
  optionally be used for error messages; standard streams must not be reassigned.;
  ProgrammingST22-Final2 enforces strict error and output formatting: error messages must begin with
   'Error,', be English, contain no special characters/umlauts/newlines, and all outputs must
  exactly match specified case, spaces, and line breaks with no additional information.;
  ProgrammingST22-Final2 uses a text-based, case-insensitive user interface.
    - Agent community around Abschlussaufgabe 2 — AlphaZeta (AZ), Prof. Dr.-Ing. Anne Koziolek,
  Institute of Information Security and Dependability. Relevant agent facts: Prof. Dr.-Ing. Anne
  Koziolek is the instructor for the assignment.; The course 'Programmieren' is associated with
  Prof. Dr.-Ing. Anne Koziolek; The 'Institute of Information Security and Dependability' is the
  group associated with the assignment.
    - Agent community around Spielende condition, Alpha starts. Relevant agent facts: The game ends
  as soon as a collector (Sammler) is destroyed; the other KI wins; Alpha takes the first turn.
    - Agent community around task.md, Program name, 1.4 connects Example interaction "> " user-input
   notation, Program name freedom (not required to be AlphaZeta), Example interaction "[...]"
  omission notation. Relevant agent facts: task.md describes the Abschlussaufgabe 2 AlphaZeta (AZ).;
   Document task.md specifies version 1.4.; task.md specifies the implementation order: Spiellogik
  (game logic) before Benutzerschnittstelle (user interface)
    - Agent community around Sommersemester 2022, Programmieren. Relevant agent facts: The
  assignment is for Sommersemester 2022.; The course 'Programmieren' is for the semester
  Sommersemester 2022; The assignment is part of the course 'Programmieren'.
  </insights>

● adaptive-memory extension active (role=coding, memorySession=20260729-100822-coding) - type
  /memory-help. MCP tools registered (memory=true, backlog=true).

● Claim Next Task (MCP: agentic-memory) · backlogId: "3bddbb06-5261-4ef7-83f4-85e5705d2890"
  └ Claimed task "Project scaffolding: package, Main class, Random singleton" (a0...

● [turn-persistence] [turn-persistence] turn_end SKIPPED ai: no assistant message with content

● List directory .
  └ 12 files found

✗ Get Scratchpad (MCP: agentic-memory) · sessionId: "45941a92-878b-4d0e-b3d7-10113648448c"
  └ MCP server 'agentic-memory': Forbidden.

● [turn-persistence] [turn-persistence] turn_end SKIPPED ai: no assistant message with content

● List directory src
  └ 1 file found

● Read pom.xml
  └ 32 lines read

● [turn-persistence] [turn-persistence] turn_end SKIPPED ai: no assistant message with content

● Read task.md
  └ 1 line read

● [turn-persistence] [turn-persistence] turn_end SKIPPED ai: no assistant message with content

● Read task.md
  └ L1:100 (100 lines read)

● [turn-persistence] [turn-persistence] turn_end SKIPPED ai: no assistant message with content



● Create package directory structure (shell)
  │ mkdir -p /Users/nghalinh2711/Development/student-repos/st22final02/src/edu/kit/kastel/alphazeta
  └ 1 line…

● Create Main.java +65
  └ src/edu/kit/kastel/alphazeta/Main.java

● [turn-persistence] [turn-persistence] turn_end SKIPPED ai: no assistant message with content



● Read guidelines.md
  └ 165 lines read

● Compile the project with Maven (shell)
  │ cd /Users/nghalinh2711/Development/student-repos/st22final02 && mvn compile 2>&1 | tail -20
  └ 21 lines…



● Edit Main.java +22 -10
  └ src/edu/kit/kastel/alphazeta/Main.java

● Read checkstyle.xml
  └ 353 lines read

● [turn-persistence] [turn-persistence] turn_end SKIPPED ai: no assistant message with content

● Edit Main.java -1
  └ src/edu/kit/kastel/alphazeta/Main.java

● [turn-persistence] [turn-persistence] turn_end SKIPPED ai: no assistant message with content



● Read Main.java
  │ src/edu/kit/kastel/alphazeta/Main.java
  └ 75 lines read

● Recompile after edits (shell)
  │ cd /Users/nghalinh2711/Development/student-repos/st22final02 && mvn compile 2>&1 | tail -10
  └ 11 lines…



● Edit Main.java +3 -3
  └ src/edu/kit/kastel/alphazeta/Main.java

● Quick compile verification (shell)
  │ cd /Users/nghalinh2711/Development/student-repos/st22final02 && mvn compile 2>&1 | grep -E
  │ "(BUILD|ERROR|WARNING)" | head -5
  └ 3 lines…

● [turn-persistence] [turn-persistence] turn_end SKIPPED ai: no assistant message with content



● Update Task (MCP: agentic-memory) · backlogId: "3bddbb06-5261-4ef7-83f4-85e5705d2890", taskId: "a…
  └ Task "Project scaffolding: package, Main class, Random singleton" (a0da3924-f...

● Claim Next Task (MCP: agentic-memory) · backlogId: "3bddbb06-5261-4ef7-83f4-85e5705d2890"
  └ Claimed task "Core data model: Position, Module enum, Tile, Ship skeleton" (9...

● [turn-persistence] [turn-persistence] turn_end SKIPPED ai: no assistant message with content



● Read task.md
  └ L200:400 (168 lines read)

● Read task.md
  └ L100:200 (101 lines read)

● [turn-persistence] [turn-persistence] turn_end SKIPPED ai: no assistant message with content



● Create Position.java +21
  └ src/edu/kit/kastel/alphazeta/Position.java

● Create Module.java +58
  └ src/edu/kit/kastel/alphazeta/Module.java

● Create Tile.java +79
  └ src/edu/kit/kastel/alphazeta/Tile.java

● Create Ship.java +147
  └ src/edu/kit/kastel/alphazeta/Ship.java

● Compile all new classes (shell)
  │ cd /Users/nghalinh2711/Development/student-repos/st22final02 && mvn compile 2>&1 | tail -15
  └ 16 lines…

● [turn-persistence] [turn-persistence] turn_end SKIPPED ai: no assistant message with content



● Update Task (MCP: agentic-memory) · state: "done", taskId: "99e0dc35-f20d-4cf2-9c5f-cd3e6dd41e24"…
  └ Task "Core data model: Position, Module enum, Tile, Ship skeleton" (99e0dc35-...

● Claim Next Task (MCP: agentic-memory) · backlogId: "3bddbb06-5261-4ef7-83f4-85e5705d2890"
  └ Claimed task "Board grid: placement, Manhattan distance, display" (aa41d8eb-9...



● Create Board.java +174
  └ src/edu/kit/kastel/alphazeta/Board.java

● Compile Board class (shell)
  │ cd /Users/nghalinh2711/Development/student-repos/st22final02 && mvn compile 2>&1 | grep -E
  │ "(BUILD|ERROR|Compiling)" | head -5
  └ 3 lines…

● [turn-persistence] [turn-persistence] turn_end SKIPPED ai: no assistant message with content



● Update Task (MCP: agentic-memory) · state: "done", taskId: "aa41d8eb-90cb-4dde-ab16-d78a7ab926f9"…
  └ Task "Board grid: placement, Manhattan distance, display" (aa41d8eb-90cb-4dde...

● Claim Next Task (MCP: agentic-memory) · backlogId: "3bddbb06-5261-4ef7-83f4-85e5705d2890"
  └ Claimed task "Board validation: symmetry and no-isolated-empty check" (e5661d...



● Edit Board.java +53
  └ src/edu/kit/kastel/alphazeta/Board.java

● Compile after adding validation (shell)
  │ cd /Users/nghalinh2711/Development/student-repos/st22final02 && mvn compile 2>&1 | grep -E
  │ "(BUILD|ERROR)" | head -3
  └ 2 lines…

● [turn-persistence] [turn-persistence] turn_end SKIPPED ai: no assistant message with content

● Claim Next Task (MCP: agentic-memory) · backlogId: "3bddbb06-5261-4ef7-83f4-85e5705d2890"
  └ Cannot claim the next task — unresolved tasks are blocking:

● Update Task (MCP: agentic-memory) · state: "done", taskId: "e5661d5e-7642-46ee-932a-0245546c9827"…
  └ Task "Board validation: symmetry and no-isolated-empty check" (e5661d5e-7642-...

● [turn-persistence] [turn-persistence] turn_end SKIPPED ai: no assistant message with content



● Claim Next Task (MCP: agentic-memory) · backlogId: "3bddbb06-5261-4ef7-83f4-85e5705d2890"
  └ Claimed task "Ship and module system: constraints, module management, destruc...

● Request failed due to a transient API error. Retrying...



● Edit Ship.java +158 -1
  └ src/edu/kit/kastel/alphazeta/Ship.java

● Compile enhanced Ship (shell)
  │ cd /Users/nghalinh2711/Development/student-repos/st22final02 && mvn compile 2>&1 | grep -E
  │ "(BUILD|ERROR)" | head -5
  └ 2 lines…

● [turn-persistence] [turn-persistence] turn_end SKIPPED ai: no assistant message with content

● Update Task (MCP: agentic-memory) · state: "done", taskId: "9fe0e487-6861-416b-a887-1b8d1bf6e089"…
  └ Task "Ship and module system: constraints, module management, destruction ord...

● Claim Next Task (MCP: agentic-memory) · backlogId: "3bddbb06-5261-4ef7-83f4-85e5705d2890"
  └ Claimed task "Fleet system: fleet composition, game-end condition" (8b2ffa60-...

● [turn-persistence] [turn-persistence] turn_end SKIPPED ai: no assistant message with content

● Create Fleet.java +115
  └ src/edu/kit/kastel/alphazeta/Fleet.java

● [turn-persistence] [turn-persistence] turn_end SKIPPED ai: no assistant message with content

● Compile Fleet class (shell)
  │ cd /Users/nghalinh2711/Development/student-repos/st22final02 && mvn compile 2>&1 | grep -E
  │ "(BUILD|ERROR)" | head -5
  └ 2 lines…

● [turn-persistence] [turn-persistence] turn_end SKIPPED ai: no assistant message with content

● Update Task (MCP: agentic-memory) · state: "done", taskId: "8b2ffa60-917c-495c-98a6-c8d6f0eee863"…
  └ Task "Fleet system: fleet composition, game-end condition" (8b2ffa60-917c-495...

● Claim Next Task (MCP: agentic-memory) · backlogId: "3bddbb06-5261-4ef7-83f4-85e5705d2890"
  └ Claimed task "CLI argument parsing: seed, size, containers validation" (f2c8a...

● [turn-persistence] [turn-persistence] turn_end SKIPPED ai: no assistant message with content



✗ Edit Main.java
  │ src/edu/kit/kastel/alphazeta/Main.java
  └ No match found

● Read Main.java
  │ src/edu/kit/kastel/alphazeta/Main.java
  └ 75 lines read

● [turn-persistence] [turn-persistence] turn_end SKIPPED ai: no assistant message with content

● Edit Main.java +56 -3
  └ src/edu/kit/kastel/alphazeta/Main.java

● [turn-persistence] [turn-persistence] turn_end SKIPPED ai: no assistant message with content

● Compile updated Main (shell)
  │ cd /Users/nghalinh2711/Development/student-repos/st22final02 && mvn compile 2>&1 | grep -E
  │ "(BUILD|ERROR)" | head -5
  └ 2 lines…

● [turn-persistence] [turn-persistence] turn_end SKIPPED ai: no assistant message with content

● Update Task (MCP: agentic-memory) · state: "done", taskId: "f2c8af69-4e94-458d-86ed-8dee50dba14b"…
  └ Task "CLI argument parsing: seed, size, containers validation" (f2c8af69-4e94...

● Claim Next Task (MCP: agentic-memory) · backlogId: "3bddbb06-5261-4ef7-83f4-85e5705d2890"
  └ Claimed task "Ship configuration dialog: interactive module selection with er...

● [turn-persistence] [turn-persistence] turn_end SKIPPED ai: no assistant message with content



● Read task.md

● Read task.md

● [turn-persistence] [turn-persistence] turn_end SKIPPED ai: no assistant message with content

● Read examples.md
  └ 290 lines read

● [turn-persistence] [turn-persistence] turn_end SKIPPED ai: no assistant message with content



● Create Game.java +317
  └ src/edu/kit/kastel/alphazeta/Game.java

● Compile Game class (shell)
  │ cd /Users/nghalinh2711/Development/student-repos/st22final02 && mvn compile 2>&1 | tail -20
  └ 21 lines…

● [turn-persistence] [turn-persistence] turn_end SKIPPED ai: no assistant message with content



● Edit Main.java +3
  └ src/edu/kit/kastel/alphazeta/Main.java

● Read Main.java
  │ src/edu/kit/kastel/alphazeta/Main.java
  └ 131 lines read

● [turn-persistence] [turn-persistence] turn_end SKIPPED ai: no assistant message with content

● Edit Main.java +1 -1
  └ src/edu/kit/kastel/alphazeta/Main.java

● [turn-persistence] [turn-persistence] turn_end SKIPPED ai: no assistant message with content

● Edit Main.java +3
  └ src/edu/kit/kastel/alphazeta/Main.java

● [turn-persistence] [turn-persistence] turn_end SKIPPED ai: no assistant message with content

● Edit Main.java +1 -1
  └ src/edu/kit/kastel/alphazeta/Main.java

● [turn-persistence] [turn-persistence] turn_end SKIPPED ai: no assistant message with content

● Edit Main.java +9
  └ src/edu/kit/kastel/alphazeta/Main.java

● [turn-persistence] [turn-persistence] turn_end SKIPPED ai: no assistant message with content

● Compile after integration (shell)
  │ cd /Users/nghalinh2711/Development/student-repos/st22final02 && mvn compile 2>&1 | grep -E
  │ "(BUILD|ERROR)" | head -5
  └ 2 lines…

● [turn-persistence] [turn-persistence] turn_end SKIPPED ai: no assistant message with content

● Update Task (MCP: agentic-memory) · state: "done", taskId: "b7b36625-09b2-4274-a6ff-0bd90a75fc75"…
  └ Task "Ship configuration dialog: interactive module selection with error hand...

● Claim Next Task (MCP: agentic-memory) · backlogId: "3bddbb06-5261-4ef7-83f4-85e5705d2890"
  └ Claimed task "Board layout input: parsing, validation, placement" (fc680bf5-8...

● [turn-persistence] [turn-persistence] turn_end SKIPPED ai: no assistant message with content



● Edit Game.java +36 -10
  └ src/edu/kit/kastel/alphazeta/Game.java

● Compile after board validation enhancement (shell)
  │ cd /Users/nghalinh2711/Development/student-repos/st22final02 && mvn compile 2>&1 | grep -E
  │ "(BUILD|ERROR)" | head -5
  └ 2 lines…

● [turn-persistence] [turn-persistence] turn_end SKIPPED ai: no assistant message with content

● Update Task (MCP: agentic-memory) · state: "done", taskId: "fc680bf5-8060-4d15-a2dc-5043724f5a99"…
  └ Task "Board layout input: parsing, validation, placement" (fc680bf5-8060-4d15...

● Claim Next Task (MCP: agentic-memory) · backlogId: "3bddbb06-5261-4ef7-83f4-85e5705d2890"
  └ Claimed task "Game state machine and command parser" (cc2cd848-6909-46c0-833f...

● [turn-persistence] [turn-persistence] turn_end SKIPPED ai: no assistant message with content



● Edit Game.java +3
  └ src/edu/kit/kastel/alphazeta/Game.java

● Edit Game.java +207
  └ src/edu/kit/kastel/alphazeta/Game.java

● [turn-persistence] [turn-persistence] turn_end SKIPPED ai: no assistant message with content



● Edit Main.java +1 -1
  └ src/edu/kit/kastel/alphazeta/Main.java

● Compile command parser (shell)
  │ cd /Users/nghalinh2711/Development/student-repos/st22final02 && mvn compile 2>&1 | grep -E
  │ "(BUILD|ERROR)" | head -5
  └ 2 lines…

● [turn-persistence] [turn-persistence] turn_end SKIPPED ai: no assistant message with content

● Update Task (MCP: agentic-memory) · state: "done", taskId: "cc2cd848-6909-46c0-833f-a1762eb2669e"…
  └ Task "Game state machine and command parser" (cc2cd848-6909-46c0-833f-a1762eb...

● Claim Next Task (MCP: agentic-memory) · backlogId: "3bddbb06-5261-4ef7-83f4-85e5705d2890"
  └ Claimed task "Help command" (3b60313c-4043-41a2-b256-9520b5287a31) and marked...

● [turn-persistence] [turn-persistence] turn_end SKIPPED ai: no assistant message with content



● Search (grep)
  │ "printHelp"
  └ 21 lines found



● Update Task (MCP: agentic-memory) · state: "done", taskId: "3b60313c-4043-41a2-b256-9520b5287a31"…
  └ Task "Help command" (3b60313c-4043-41a2-b256-9520b5287a31) updated to state: ...

● Claim Next Task (MCP: agentic-memory) · backlogId: "3bddbb06-5261-4ef7-83f4-85e5705d2890"
  └ Claimed task "Board command" (89bc8bbe-fb71-48bf-a615-59db53b2444c) and marke...



● Search (grep)
  │ "BOARD"
  └ 7 lines found



● Update Task (MCP: agentic-memory) · state: "done", taskId: "89bc8bbe-fb71-48bf-a615-59db53b2444c"…
  └ Task "Board command" (89bc8bbe-fb71-48bf-a615-59db53b2444c) updated to state:...

● Claim Next Task (MCP: agentic-memory) · backlogId: "3bddbb06-5261-4ef7-83f4-85e5705d2890"
  └ Claimed task "Fleet command" (8d646691-4e43-4899-9c9e-632454fd4beb) and marke...



● Search (grep)
  │ "private void printFleetFor"
  └ 21 lines found



● Update Task (MCP: agentic-memory) · state: "done", taskId: "8d646691-4e43-4899-9c9e-632454fd4beb"…
  └ Task "Fleet command" (8d646691-4e43-4899-9c9e-632454fd4beb) updated to state:...

● Claim Next Task (MCP: agentic-memory) · backlogId: "3bddbb06-5261-4ef7-83f4-85e5705d2890"
  └ Claimed task "Actions and endturn commands" (5307c6dc-51ac-4f59-952a-cbf925f8...



● Edit Game.java +16 -1
  └ src/edu/kit/kastel/alphazeta/Game.java



● Edit Ship.java +21
  └ src/edu/kit/kastel/alphazeta/Ship.java

● Compile after actions fix (shell)
  │ cd /Users/nghalinh2711/Development/student-repos/st22final02 && mvn compile 2>&1 | grep -E
  │ "(BUILD|ERROR)" | head -5
  └ 2 lines…

● [turn-persistence] [turn-persistence] turn_end SKIPPED ai: no assistant message with content

● Update Task (MCP: agentic-memory) · state: "done", taskId: "5307c6dc-51ac-4f59-952a-cbf925f8271f"…
  └ Task "Actions and endturn commands" (5307c6dc-51ac-4f59-952a-cbf925f8271f) up...

● Claim Next Task (MCP: agentic-memory) · backlogId: "3bddbb06-5261-4ef7-83f4-85e5705d2890"
  └ Claimed task "Quit command" (5ca87f19-e1ea-46f4-8564-d6dbaa631b82) and marked...

● [turn-persistence] [turn-persistence] turn_end SKIPPED ai: no assistant message with content



● Edit Game.java +3
  └ src/edu/kit/kastel/alphazeta/Game.java



● Edit Game.java +5 -1
  └ src/edu/kit/kastel/alphazeta/Game.java

● Edit Game.java +5 -1
  └ src/edu/kit/kastel/alphazeta/Game.java

● [turn-persistence] [turn-persistence] turn_end SKIPPED ai: no assistant message with content

● Edit Game.java +11 -1
  └ src/edu/kit/kastel/alphazeta/Game.java

● [turn-persistence] [turn-persistence] turn_end SKIPPED ai: no assistant message with content

● Edit Game.java +7 -1
  └ src/edu/kit/kastel/alphazeta/Game.java

● [turn-persistence] [turn-persistence] turn_end SKIPPED ai: no assistant message with content



● Edit Game.java +5 -2
  └ src/edu/kit/kastel/alphazeta/Game.java

● Search (grep)
  │ "Error, unknown command"
  └ 3 lines found

● [turn-persistence] [turn-persistence] turn_end SKIPPED ai: no assistant message with content

● Edit Game.java +1
  └ src/edu/kit/kastel/alphazeta/Game.java

● [turn-persistence] [turn-persistence] turn_end SKIPPED ai: no assistant message with content

● Edit Game.java +9
  └ src/edu/kit/kastel/alphazeta/Game.java

● [turn-persistence] [turn-persistence] turn_end SKIPPED ai: no assistant message with content

● Edit Main.java +3 -1
  └ src/edu/kit/kastel/alphazeta/Main.java

● [turn-persistence] [turn-persistence] turn_end SKIPPED ai: no assistant message with content

● Edit Main.java +3 -1
  └ src/edu/kit/kastel/alphazeta/Main.java

● [turn-persistence] [turn-persistence] turn_end SKIPPED ai: no assistant message with content

● Compile quit handling (shell)
  │ cd /Users/nghalinh2711/Development/student-repos/st22final02 && mvn compile 2>&1 | grep -E
  │ "(BUILD|ERROR)" | head -5
  └ 2 lines…

● [turn-persistence] [turn-persistence] turn_end SKIPPED ai: no assistant message with content

● Update Task (MCP: agentic-memory) · state: "done", taskId: "5ca87f19-e1ea-46f4-8564-d6dbaa631b82"…
  └ Task "Quit command" (5ca87f19-e1ea-46f4-8564-d6dbaa631b82) updated to state: ...

● Claim Next Task (MCP: agentic-memory) · backlogId: "3bddbb06-5261-4ef7-83f4-85e5705d2890"
  └ Claimed task "Move and propel actions" (37fc7639-a3ce-4c8a-9ca7-8933a9defdfd)...

● [turn-persistence] [turn-persistence] turn_end SKIPPED ai: no assistant message with content



● Edit Board.java +17
  └ src/edu/kit/kastel/alphazeta/Board.java



● Edit Game.java +47 -2
  └ src/edu/kit/kastel/alphazeta/Game.java

● Compile move/propel (shell)
  │ cd /Users/nghalinh2711/Development/student-repos/st22final02 && mvn compile 2>&1 | grep -E
  │ "(BUILD|ERROR)" | head -5
  └ 2 lines…

● [turn-persistence] [turn-persistence] turn_end SKIPPED ai: no assistant message with content

● Update Task (MCP: agentic-memory) · state: "done", taskId: "37fc7639-a3ce-4c8a-9ca7-8933a9defdfd"…
  └ Task "Move and propel actions" (37fc7639-a3ce-4c8a-9ca7-8933a9defdfd) updated...

● Claim Next Task (MCP: agentic-memory) · backlogId: "3bddbb06-5261-4ef7-83f4-85e5705d2890"
  └ Claimed task "Mark action" (51cf107a-0c8e-40a9-9f5c-b19d18260804) and marked ...

● [turn-persistence] [turn-persistence] turn_end SKIPPED ai: no assistant message with content

● Edit Game.java +32 -2
  └ src/edu/kit/kastel/alphazeta/Game.java

● [turn-persistence] [turn-persistence] turn_end SKIPPED ai: no assistant message with content

● Compile mark action (shell)
  │ cd /Users/nghalinh2711/Development/student-repos/st22final02 && mvn compile 2>&1 | grep -E
  │ "(BUILD|ERROR)" | head -5
  └ 2 lines…

● [turn-persistence] [turn-persistence] turn_end SKIPPED ai: no assistant message with content

● Update Task (MCP: agentic-memory) · state: "done", taskId: "51cf107a-0c8e-40a9-9f5c-b19d18260804"…
  └ Task "Mark action" (51cf107a-0c8e-40a9-9f5c-b19d18260804) updated to state: d...

● Claim Next Task (MCP: agentic-memory) · backlogId: "3bddbb06-5261-4ef7-83f4-85e5705d2890"
  └ Claimed task "Combat dice and cover system: roll, bonus calculation" (9419abf...

● [turn-persistence] [turn-persistence] turn_end SKIPPED ai: no assistant message with content



● Create AttackRoll.java +17
  └ src/edu/kit/kastel/alphazeta/AttackRoll.java



● Edit Game.java +34
  └ src/edu/kit/kastel/alphazeta/Game.java

● Compile combat dice (shell)
  │ cd /Users/nghalinh2711/Development/student-repos/st22final02 && mvn compile 2>&1 | grep -E
  │ "(BUILD|ERROR)" | head -5
  └ 2 lines…

● [turn-persistence] [turn-persistence] turn_end SKIPPED ai: no assistant message with content

● Update Task (MCP: agentic-memory) · state: "done", taskId: "9419abf5-d9b7-4659-9b3c-1e37b5630f9f"…
  └ Task "Combat dice and cover system: roll, bonus calculation" (9419abf5-d9b7-4...

● Claim Next Task (MCP: agentic-memory) · backlogId: "3bddbb06-5261-4ef7-83f4-85e5705d2890"
  └ Claimed task "Strike action" (0362807d-824e-4d3b-b435-6cbc35f7bc3c) and marke...

● [turn-persistence] [turn-persistence] turn_end SKIPPED ai: no assistant message with content



● Edit Game.java +157 -3
  └ src/edu/kit/kastel/alphazeta/Game.java



✗ Edit Game.java
  │ src/edu/kit/kastel/alphazeta/Game.java
  └ No match found

● Search (grep)
  │ "private void handleTargetAction"
  └ 1 line found

● [turn-persistence] [turn-persistence] turn_end SKIPPED ai: no assistant message with content

● Read Game.java
  │ src/edu/kit/kastel/alphazeta/Game.java
  └ L680:730 (51 lines read)

● [turn-persistence] [turn-persistence] turn_end SKIPPED ai: no assistant message with content

● Read Game.java
  │ src/edu/kit/kastel/alphazeta/Game.java
  └ L730:790 (61 lines read)

● [turn-persistence] [turn-persistence] turn_end SKIPPED ai: no assistant message with content

● Read Game.java
  │ src/edu/kit/kastel/alphazeta/Game.java
  └ L790:830 (41 lines read)

● [turn-persistence] [turn-persistence] turn_end SKIPPED ai: no assistant message with content

● Edit Game.java +111
  └ src/edu/kit/kastel/alphazeta/Game.java

● [turn-persistence] [turn-persistence] turn_end SKIPPED ai: no assistant message with content

● Search (grep)
  │ "^import"
  └ 1 line found

● [turn-persistence] [turn-persistence] turn_end SKIPPED ai: no assistant message with content

● Compile combat actions (shell)
  │ cd /Users/nghalinh2711/Development/student-repos/st22final02 && mvn compile 2>&1 | tail -20
  └ 21 lines…

● [turn-persistence] [turn-persistence] turn_end SKIPPED ai: no assistant message with content



● Update Task (MCP: agentic-memory) · state: "done", taskId: "0362807d-824e-4d3b-b435-6cbc35f7bc3c"…
  └ Task "Strike action" (0362807d-824e-4d3b-b435-6cbc35f7bc3c) updated to state:...

● Claim Next Task (MCP: agentic-memory) · backlogId: "3bddbb06-5261-4ef7-83f4-85e5705d2890"
  └ Claimed task "Longshot action" (a021f368-3275-49d6-8600-cdc3ceb5c65e) and mar...



● Update Task (MCP: agentic-memory) · state: "done", taskId: "a021f368-3275-49d6-8600-cdc3ceb5c65e"…
  └ Task "Longshot action" (a021f368-3275-49d6-8600-cdc3ceb5c65e) updated to stat...

● Claim Next Task (MCP: agentic-memory) · backlogId: "3bddbb06-5261-4ef7-83f4-85e5705d2890"
  └ Claimed task "Ramm action" (116058bd-5fcc-46c9-a54e-2112f938edc9) and marked ...



● Update Task (MCP: agentic-memory) · state: "done", taskId: "116058bd-5fcc-46c9-a54e-2112f938edc9"…
  └ Task "Ramm action" (116058bd-5fcc-46c9-a54e-2112f938edc9) updated to state: d...

● Claim Next Task (MCP: agentic-memory) · backlogId: "3bddbb06-5261-4ef7-83f4-85e5705d2890"
  └ Claimed task "Module destruction dialog and combat output system" (cba0e072-9...



● Claim Next Task (MCP: agentic-memory) · backlogId: "3bddbb06-5261-4ef7-83f4-85e5705d2890"
  └ Cannot claim the next task — unresolved tasks are blocking:

● Update Task (MCP: agentic-memory) · state: "done", taskId: "cba0e072-9113-496f-a2a5-0682636b820c"…
  └ Task "Module destruction dialog and combat output system" (cba0e072-9113-496f...

● Claim Next Task (MCP: agentic-memory) · backlogId: "3bddbb06-5261-4ef7-83f4-85e5705d2890"
  └ Claimed task "Game end detection and winner announcement" (408e9cb2-3865-4e71...

● [turn-persistence] [turn-persistence] turn_end SKIPPED ai: no assistant message with content



● Update Task (MCP: agentic-memory) · state: "done", taskId: "408e9cb2-3865-4e71-b9a2-d600edbba268"…
  └ Task "Game end detection and winner announcement" (408e9cb2-3865-4e71-b9a2-d6...

● Claim Next Task (MCP: agentic-memory) · backlogId: "3bddbb06-5261-4ef7-83f4-85e5705d2890"
  └ Claimed task "Main loop integration and comprehensive error handling" (552dfc...



● Final compilation check (shell)
  │ cd /Users/nghalinh2711/Development/student-repos/st22final02 && mvn compile 2>&1 | grep -E
  │ "(BUILD|ERROR|Compiling)" | head -5
  └ 2 lines…



● Quick smoke test with example input (shell)
  │ cd /Users/nghalinh2711/Development/student-repos/st22final02 && echo 'RAILGUN,SHIELD,SENSOR
  │ SWORD,SWORD
  │ SWORD,SWORD
  │ RAILGUN,SHIELD,SWORD
  │ SWORD,SWORD…
  └ 31 lines…



● Full interaction test (shell)
  │ cd /Users/nghalinh2711/Development/student-repos/st22final02 && echo 'RAILGUN,SHIELD,SENSOR
  │ SWORD,SWORD
  │ SWORD,SWORD
  │ RAILGUN,SHIELD,SWORD
  │ SWORD,SWORD…
  └ 53 lines…



● Edit Ship.java +2 -2
  └ src/edu/kit/kastel/alphazeta/Ship.java



● Edit Game.java +1 -1
  └ src/edu/kit/kastel/alphazeta/Game.java

● Compile fixes (shell)
  │ cd /Users/nghalinh2711/Development/student-repos/st22final02 && mvn compile 2>&1 | grep -E
  │ "(BUILD|ERROR)" | head -5
  └ 2 lines…

● [turn-persistence] [turn-persistence] turn_end SKIPPED ai: no assistant message with content

● Full example test (shell)
  │ cd /Users/nghalinh2711/Development/student-repos/st22final02 && echo 'RAILGUN,SHIELD,SENSOR
  │ SWORD,SWORD
  │ SWORD,SWORD
  │ RAILGUN,SHIELD,SWORD
  │ SWORD,SWORD…
  └ 70 lines…

● [turn-persistence] [turn-persistence] turn_end SKIPPED ai: no assistant message with content



● Update Task (MCP: agentic-memory) · state: "done", taskId: "552dfc4d-c62e-4611-8367-3cf973fe1d48"…
  └ Task "Main loop integration and comprehensive error handling" (552dfc4d-c62e-...

● Get Tasks (MCP: agentic-memory) · backlogId: "3bddbb06-5261-4ef7-83f4-85e5705d2890"
  └ Output too large to read at once (34.6 KB). Saved to: /var/folders/fs/p8fxyq6...

● Check remaining task states (shell)
  │ cat
  │ /var/folders/fs/p8fxyq611_d7_glm0yth2st80000gn/T/1785313805426-copilot-tool-output-8w8ex1.txt |
  │ grep -E '\[(to_do|in_progress|blocked)\]'
  └ 1 line…

● [turn-persistence] [turn-persistence] turn_end SKIPPED ai: no assistant message with content

● Count task states (shell)
  │ cat
  │ /var/folders/fs/p8fxyq611_d7_glm0yth2st80000gn/T/1785313805426-copilot-tool-output-8w8ex1.txt |
  │ grep -o '\[[a-z_]*\]' | sort | uniq -c
  └ 4 lines…

● [turn-persistence] [turn-persistence] turn_end SKIPPED ai: no assistant message with content

● Claim Next Task (MCP: agentic-memory) · backlogId: "3bddbb06-5261-4ef7-83f4-85e5705d2890"
  └ No claimable to_do task remains in this backlog.

● [turn-persistence] [turn-persistence] turn_end SKIPPED ai: no assistant message with content



● Final build and file listing (shell)
  │ cd /Users/nghalinh2711/Development/student-repos/st22final02 && mvn compile 2>&1 | grep -E
  │ "(BUILD|WARNING)" | head -5 && echo "---" && find src -name "*.java" | sort
  └ 12 lines…





Changes    +2039 -50
Duration   17m 17s
Tokens     ↑ 11.3m (11.2m cached) • ↓ 55.7k (14.8k reasoning)
[delivery] Coding agent exited with code 0
[delivery] Backlog verification passed.
[delivery] Phase E: Feedback

[delivery] Feedback agent — interactive session.
[delivery] Provide feedback to the agent. Exit the session (Ctrl+C or /exit) when done.

