
===== st22final01 started at 2026-07-16T07:22:52Z =====
PROGRAMMING_DIR=/Users/nghalinh2711/Development/student-repos/st22final01
COMMAND=pnpm delivery:run -- --exercise --dry-run

$ tsx delivery/run.ts -- --exercise --dry-run
/Users/nghalinh2711/Development/ha-linh-nguyen/Implementierung/delivery/lib/cli/args.ts:82
        throw new Error(`Unknown argument: ${arg}`);
              ^

Error: Unknown argument: --
    at parseCoordinatorArgs (/Users/nghalinh2711/Development/ha-linh-nguyen/Implementierung/delivery/lib/cli/args.ts:82:15)
    at <anonymous> (/Users/nghalinh2711/Development/ha-linh-nguyen/Implementierung/delivery/run.ts:169:14)
    at ModuleJob.run (node:internal/modules/esm/module_job:413:25)
    at async onImport.tracePromise.__proto__ (node:internal/modules/esm/loader:660:26)
    at async asyncRunEntryPointWithESMLoader (node:internal/modules/run_main:101:5)

Node.js v24.12.0
[ELIFECYCLE] Command failed with exit code 1.

===== st22final01 started at 2026-07-16T07:23:23Z =====
PROGRAMMING_DIR=/Users/nghalinh2711/Development/student-repos/st22final01
COMMAND=pnpm delivery:run -- --exercise --dry-run

$ tsx delivery/run.ts -- --exercise --dry-run
/Users/nghalinh2711/Development/ha-linh-nguyen/Implementierung/delivery/lib/cli/args.ts:82
        throw new Error(`Unknown argument: ${arg}`);
              ^

Error: Unknown argument: --
    at parseCoordinatorArgs (/Users/nghalinh2711/Development/ha-linh-nguyen/Implementierung/delivery/lib/cli/args.ts:82:15)
    at <anonymous> (/Users/nghalinh2711/Development/ha-linh-nguyen/Implementierung/delivery/run.ts:169:14)
    at ModuleJob.run (node:internal/modules/esm/module_job:413:25)
    at async onImport.tracePromise.__proto__ (node:internal/modules/esm/loader:660:26)
    at async asyncRunEntryPointWithESMLoader (node:internal/modules/run_main:101:5)

Node.js v24.12.0
[ELIFECYCLE] Command failed with exit code 1.

===== st22final01 started at 2026-07-16T07:27:11Z =====
PROGRAMMING_DIR=/Users/nghalinh2711/Development/student-repos/st22final01
COMMAND=pnpm delivery:run -- --exercise 

delivery/scripts/run-exercises.sh: line 382: DELIVERY_ARGS[@]: unbound variable

===== st22final01 started at 2026-07-16T07:28:31Z =====
PROGRAMMING_DIR=/Users/nghalinh2711/Development/student-repos/st22final01
COMMAND=pnpm delivery:run --exercise 

delivery/scripts/run-exercises.sh: line 382: DELIVERY_ARGS[@]: unbound variable

===== st22final01 started at 2026-07-16T07:29:30Z =====
PROGRAMMING_DIR=/Users/nghalinh2711/Development/student-repos/st22final01
COMMAND=pnpm delivery:run --exercise 

delivery/scripts/run-exercises.sh: line 382: DELIVERY_ARGS[@]: unbound variable

===== st22final01 started at 2026-07-16T07:31:57Z =====
PROGRAMMING_DIR=/Users/nghalinh2711/Development/student-repos/st22final01
COMMAND=pnpm delivery:run -- --exercise 

$ tsx delivery/run.ts -- --exercise
/Users/nghalinh2711/Development/ha-linh-nguyen/Implementierung/delivery/lib/cli/args.ts:82
        throw new Error(`Unknown argument: ${arg}`);
              ^

Error: Unknown argument: --
    at parseCoordinatorArgs (/Users/nghalinh2711/Development/ha-linh-nguyen/Implementierung/delivery/lib/cli/args.ts:82:15)
    at <anonymous> (/Users/nghalinh2711/Development/ha-linh-nguyen/Implementierung/delivery/run.ts:169:14)
    at ModuleJob.run (node:internal/modules/esm/module_job:413:25)
    at async onImport.tracePromise.__proto__ (node:internal/modules/esm/loader:660:26)
    at async asyncRunEntryPointWithESMLoader (node:internal/modules/run_main:101:5)

Node.js v24.12.0
[ELIFECYCLE] Command failed with exit code 1.

===== st22final01 started at 2026-07-17T08:03:51Z =====
PROGRAMMING_DIR=/Users/nghalinh2711/Development/student-repos/st22final01
DELIVERY_AGENT_CONTEXT_PROJECT=ProgrammingST22-Final1
COMMAND=pnpm delivery:run --exercise 

$ tsx delivery/run.ts --exercise

[delivery] Run ID: 20260717-100352
[delivery] Assignment: /Users/nghalinh2711/Development/student-repos/st22final01
[delivery] Assignment ID: st22final01
[delivery] Coding session: 20260717-100352-coding
[delivery] Requirements session: 20260717-100352-req
[delivery] Requirements log: /Users/nghalinh2711/Development/eval/programming/20260717-100352/requirements-output.log

[delivery] Phase A: Requirements

[delivery:requirements] Exercise stream: 12 turns for st22final01 (starting at turn 1)
[delivery:requirements] Output log: /Users/nghalinh2711/Development/eval/programming/20260717-100352/requirements-output.log
[delivery:requirements] Turn 1/12: Introduction
● adaptive-memory extension active (role=requirements, memorySession=20260717-100352-req) - type
  /memory-help. MCP tools registered (memory=false, backlog=true).







Changes    +0 -0
Duration   6s
Tokens     ↑ 16.5k (16.3k cached) • ↓ 198 (64 reasoning)
[delivery:requirements] Turn 1/12 complete
[delivery:requirements] Turn 2/12: task.md — segment 1/10 — Abschlussaufgabe 1 — KastelScholar
● adaptive-memory extension active (role=requirements, memorySession=20260717-100352-req) - type
  /memory-help. MCP tools registered (memory=false, backlog=true).







Changes    +0 -0
Duration   15s
Tokens     ↑ 16.9k (16.5k cached) • ↓ 238 (116 reasoning)
[delivery:requirements] Turn 2/12 complete
[delivery:requirements] Turn 3/12: task.md — segment 2/10 — Abschlussaufgabe 1 — KastelScholar > 1 Einführung
● adaptive-memory extension active (role=requirements, memorySession=20260717-100352-req) - type
  /memory-help. MCP tools registered (memory=false, backlog=true).







Changes    +0 -0
Duration   26s
Tokens     ↑ 17.4k (16.8k cached) • ↓ 342 (135 reasoning)
[delivery:requirements] Turn 3/12 complete
[delivery:requirements] Turn 4/12: task.md — segment 3/10 — Abschlussaufgabe 1 — KastelScholar > 2 Konzepte
● adaptive-memory extension active (role=requirements, memorySession=20260717-100352-req) - type
  /memory-help. MCP tools registered (memory=false, backlog=true).







Changes    +0 -0
Duration   44s
Tokens     ↑ 20.3k (17.3k cached) • ↓ 770 (343 reasoning)
[delivery:requirements] Turn 4/12 complete
[delivery:requirements] Turn 5/12: task.md — segment 4/10 — Abschlussaufgabe 1 — KastelScholar > 3 Hinweise zur Implementierung
● adaptive-memory extension active (role=requirements, memorySession=20260717-100352-req) - type
  /memory-help. MCP tools registered (memory=false, backlog=true).







Changes    +0 -0
Duration   1m 0s
Tokens     ↑ 21.5k (20.2k cached) • ↓ 596 (343 reasoning)
[delivery:requirements] Turn 5/12 complete
[delivery:requirements] Turn 6/12: task.md — segment 5/10 — Abschlussaufgabe 1 — KastelScholar > 4 Funktionalität
● adaptive-memory extension active (role=requirements, memorySession=20260717-100352-req) - type
  /memory-help. MCP tools registered (memory=false, backlog=true).







Changes    +0 -0
Duration   1m 9s
Tokens     ↑ 22.0k (21.4k cached) • ↓ 217 (107 reasoning)
[delivery:requirements] Turn 6/12 complete
[delivery:requirements] Turn 7/12: task.md — segment 6/10 — Abschlussaufgabe 1 — KastelScholar > 4 Funktionalität > 4.1 Platzhalter
● adaptive-memory extension active (role=requirements, memorySession=20260717-100352-req) - type
  /memory-help. MCP tools registered (memory=false, backlog=true).







Changes    +0 -0
Duration   1m 22s
Tokens     ↑ 23.2k (21.9k cached) • ↓ 616 (336 reasoning)
[delivery:requirements] Turn 7/12 complete
[delivery:requirements] Turn 8/12: task.md — segment 7/10 — Abschlussaufgabe 1 — KastelScholar > 4 Funktionalität > 4.2 Datenbestand
● adaptive-memory extension active (role=requirements, memorySession=20260717-100352-req) - type
  /memory-help. MCP tools registered (memory=false, backlog=true).







Changes    +0 -0
Duration   1m 36s
Tokens     ↑ 24.4k (23.0k cached) • ↓ 612 (311 reasoning)
[delivery:requirements] Turn 8/12 complete
[delivery:requirements] Turn 9/12: task.md — segment 8/10 — Abschlussaufgabe 1 — KastelScholar > 4 Funktionalität > 4.3 Anfragen
● adaptive-memory extension active (role=requirements, memorySession=20260717-100352-req) - type
  /memory-help. MCP tools registered (memory=false, backlog=true).







Changes    +0 -0
Duration   1m 49s
Tokens     ↑ 26.6k (24.3k cached) • ↓ 535 (11 reasoning)
[delivery:requirements] Turn 9/12 complete
[delivery:requirements] Turn 10/12: examples.md — segment 9/10 — Beispiele — Abschlussaufgabe 1 (KastelScholar)
● adaptive-memory extension active (role=requirements, memorySession=20260717-100352-req) - type
  /memory-help. MCP tools registered (memory=false, backlog=true).







Changes    +0 -0
Duration   2m 3s
Tokens     ↑ 29.6k (26.5k cached) • ↓ 529 (233 reasoning)
[delivery:requirements] Turn 10/12 complete
[delivery:requirements] Turn 11/12: guidelines.md — segment 10/10 — Implementierungsrichtlinien — Abschlussaufgabe 1 (SS 2022)
● adaptive-memory extension active (role=requirements, memorySession=20260717-100352-req) - type
  /memory-help. MCP tools registered (memory=false, backlog=true).







Changes    +0 -0
Duration   2m 29s
Tokens     ↑ 32.6k (29.6k cached) • ↓ 1.2k (556 reasoning)
[delivery:requirements] Turn 11/12 complete
[delivery:requirements] Turn 12/12: Finalize backlog creation
● adaptive-memory extension active (role=requirements, memorySession=20260717-100352-req) - type
  /memory-help. MCP tools registered (memory=false, backlog=true).



● Create Backlog (MCP: agentic-memory) · A command-line literature and citation management system t…
  └ Backlog "KastelScholar" created with id: 4154fb96-2cd2-41ff-aab3-f838ae189569



● Create Tasks (MCP: agentic-memory) · backlogId: "4154fb96-2cd2-41ff-aab3-f838ae189569", tasks: [1…
  └ Created 18 task(s) in backlog 4154fb96-2cd2-41ff-aab3-f838ae189569.



● Get Tasks (MCP: agentic-memory) · backlogId: "4154fb96-2cd2-41ff-aab3-f838ae189569"
  └ Output too large to read at once (35.3 KB). Saved to: /var/folders/fs/p8fxyq6...







Changes    +0 -0
Duration   5m 28s
Tokens     ↑ 173.9k (162.4k cached) • ↓ 11.4k (6.4k reasoning)
[delivery:requirements] Turn 12/12 complete
[delivery:requirements] Exercise requirements stream complete — advancing to backlog discovery
[delivery] Phase B: Backlog discovery
[delivery] Using backlog: "KastelScholar" (4154fb96-2cd2-41ff-aab3-f838ae189569)
[delivery] Backlog: "KastelScholar" (4154fb96-2cd2-41ff-aab3-f838ae189569)

[delivery] Phase C: Coding

● adaptive-memory extension active (role=coding, memorySession=20260717-100352-coding) - type
  /memory-help. MCP tools registered (memory=false, backlog=true).

● Claim Next Task (MCP: agentic-memory) · backlogId: "4154fb96-2cd2-41ff-aab3-f838ae189569"
  └ Claimed task "Project Setup & Main Command Loop" (1b8cf1dc-91ee-4b6e-9b51-06b...



● List directory .
  └ 11 files found

● Read task.md
  └ 1 line read

● Read pom.xml
  └ 32 lines read

● List directory src
  └ 1 file found

● Read guidelines.md
  └ 97 lines read

● Read examples.md
  └ 298 lines read

● Read checkstyle.xml
  └ 353 lines read

● List all files in src directory (shell)
  │ find /Users/nghalinh2711/Development/student-repos/st22final01/src -type f 2>/dev/null
  └ 2 lines…



● Create kastelscholar package directory (shell)
  │ mkdir -p /Users/nghalinh2711/Development/student-repos/st22final01/src/kastelscholar
  └ 1 line…

● Create Main.java +60
  └ src/kastelscholar/Main.java



● Remove README from src directory and compile (shell)
  │ rm /Users/nghalinh2711/Development/student-repos/st22final01/src/README.md && cd
  │ /Users/nghalinh2711/Development/student-repos/st22final01 && mvn compile --quiet 2>&1
  └ 1 line…



● Run checkstyle validation (shell)
  │ cd /Users/nghalinh2711/Development/student-repos/st22final01 && mvn checkstyle:check
  │ -Dcheckstyle.config.location=checkstyle.xml --quiet 2>&1 || true
  └ 8 lines…



● Check checkstyle plugin version (shell)
  │ cd /Users/nghalinh2711/Development/student-repos/st22final01 && mvn checkstyle:check
  │ -Dcheckstyle.config.location=checkstyle.xml 2>&1 | grep -i 'checkstyle' | head -5
  └ 3 lines…



● Edit checkstyle.xml +1 -1

● Run checkstyle again after fix (shell)
  │ cd /Users/nghalinh2711/Development/student-repos/st22final01 && mvn checkstyle:check
  │ -Dcheckstyle.config.location=checkstyle.xml --quiet 2>&1
  └ 1 line…



● Test Main with basic inputs (shell)
  │ cd /Users/nghalinh2711/Development/student-repos/st22final01 && echo -e "\n   \nhello\nquit" |
  │ java -cp target/classes kastelscholar.Main 2>&1
  └ 4 lines…



● Check line lengths in Main.java (shell)
  │ awk 'length > 120 {print NR": "length" chars: "$0}'
  │ /Users/nghalinh2711/Development/student-repos/st22final01/src/kastelscholar/Main.java
  └ 1 line…



● Update Task (MCP: agentic-memory) · backlogId: "4154fb96-2cd2-41ff-aab3-f838ae189569", taskId: "1…
  └ Task "Project Setup & Main Command Loop" (1b8cf1dc-91ee-4b6e-9b51-06ba20cb8ef...



● Claim Next Task (MCP: agentic-memory) · backlogId: "4154fb96-2cd2-41ff-aab3-f838ae189569"
  └ Claimed task "Author Entity & add author Command" (a329049e-60cc-434e-bf03-db...



● Create Author.java +53
  └ src/kastelscholar/Author.java



● Edit Main.java +47 -1
  └ src/kastelscholar/Main.java

● Compile and run checkstyle (shell)
  │ cd /Users/nghalinh2711/Development/student-repos/st22final01 && mvn compile --quiet 2>&1 && mvn
  │ checkstyle:check -Dcheckstyle.config.location=checkstyle.xml --quiet 2>&1
  └ 1 line…



● Test add author command (shell)
  │ cd /Users/nghalinh2711/Development/student-repos/st22final01 && printf 'add author Eniola
  │ Lowry\nadd author Richard Rhinelander\nadd author Eniola Lowry\nadd author eniola lowry\nquit\n'
  │ | java -cp target/classes kastelscholar.Main 2>&1
  └ 2 lines…



● Test edge cases for add author (shell)
  │ cd /Users/nghalinh2711/Development/student-repos/st22final01 && printf 'add author\nadd author
  │ John\nadd author First,Name Last\nquit\n' | java -cp target/classes kastelscholar.Main 2>&1
  └ 9 lines…



● Edit Author.java +7 -16
  └ src/kastelscholar/Author.java



● Edit Main.java +4
  └ src/kastelscholar/Main.java

● Compile, checkstyle, and test all scenarios (shell)
  │ cd /Users/nghalinh2711/Development/student-repos/st22final01 && mvn compile --quiet 2>&1 && mvn
  │ checkstyle:check -Dcheckstyle.config.location=checkstyle.xml --quiet 2>&1 && echo "===
  │ CHECKSTYLE PASSED ===" && printf 'add author Eniola Lowry\nadd author Richard Rhinelander\nadd
  │ author Eniola Lowry\nadd author eniola lowry\nadd author\nadd author John\nadd author First,Name
  │ Last\nquit\n' | java -cp target/classes kastelscholar.Main 2>&1
  └ 6 lines…



● Update Task (MCP: agentic-memory) · backlogId: "4154fb96-2cd2-41ff-aab3-f838ae189569", state: "do…
  └ Task "Author Entity & add author Command" (a329049e-60cc-434e-bf03-db7d8c1614...

● Claim Next Task (MCP: agentic-memory) · backlogId: "4154fb96-2cd2-41ff-aab3-f838ae189569"
  └ Claimed task "Journal & Series Entities + Commands" (49d935a5-18d7-4768-9fe8-...



● Create Journal.java +25
  └ src/kastelscholar/Journal.java

● Create ConferenceSeries.java +22
  └ src/kastelscholar/ConferenceSeries.java



● Read Main.java
  │ src/kastelscholar/Main.java
  └ 109 lines read

● Edit Main.java +4
  └ src/kastelscholar/Main.java

● Edit Main.java +4
  └ src/kastelscholar/Main.java

✗ Edit Main.java
  │ src/kastelscholar/Main.java
  └ Multiple matches found

● Edit Main.java +40
  └ src/kastelscholar/Main.java

● Compile, checkstyle, and test journal/series commands (shell)
  │ cd /Users/nghalinh2711/Development/student-repos/st22final01 && mvn compile --quiet 2>&1 && mvn
  │ checkstyle:check -Dcheckstyle.config.location=checkstyle.xml --quiet 2>&1 && echo "===
  │ CHECKSTYLE PASSED ===" && printf 'add journal TSE,IEEE\nadd series ICSA\nadd series ICSA\nadd
  │ journal TSE,Wrong\nadd journal\nadd series\nquit\n' | java -cp target/classes kastelscholar.Main
  │ 2>&1
  └ 5 lines…



● Edit Journal.java +17
  └ src/kastelscholar/Journal.java

● Compile, checkstyle, and re-test with fix (shell)
  │ cd /Users/nghalinh2711/Development/student-repos/st22final01 && mvn compile --quiet 2>&1 && mvn
  │ checkstyle:check -Dcheckstyle.config.location=checkstyle.xml --quiet 2>&1 && echo "===
  │ CHECKSTYLE PASSED ===" && printf 'add journal TSE,IEEE\nadd series ICSA\nadd series ICSA\nadd
  │ journal TSE,Wrong\nadd journal\nadd series\nquit\n' | java -cp target/classes kastelscholar.Main
  │ 2>&1
  └ 6 lines…



● Update Task (MCP: agentic-memory) · state: "done", backlogId: "4154fb96-2cd2-41ff-aab3-f838ae1895…
  └ Task "Journal & Series Entities + Commands" (49d935a5-18d7-4768-9fe8-075d4476...

● Claim Next Task (MCP: agentic-memory) · backlogId: "4154fb96-2cd2-41ff-aab3-f838ae189569"
  └ Claimed task "Conference Entity & add conference Command" (de78be19-eb09-478d...



● Create Conference.java +48
  └ src/kastelscholar/Conference.java



● Edit Conference.java +16 -4
  └ src/kastelscholar/Conference.java



● Read Main.java
  │ src/kastelscholar/Main.java
  └ 157 lines read

● Edit Main.java +2
  └ src/kastelscholar/Main.java

● Edit Main.java +2
  └ src/kastelscholar/Main.java

● Edit Main.java +59
  └ src/kastelscholar/Main.java

● Compile, checkstyle, and test conference commands (shell)
  │ cd /Users/nghalinh2711/Development/student-repos/st22final01 && mvn compile --quiet 2>&1 &&
  │ mvn checkstyle:check -Dcheckstyle.config.location=checkstyle.xml --quiet 2>&1 && echo "===
  │ CHECKSTYLE PASSED ===" && printf 'add series ICSA\nadd conference ICSA,2017,Gothenburg\nadd
  │ conference QoSA,2016,Venice\nadd conference ICSA,2017,Limassol\nadd conference
  │ ICSA,notayear,Gothenburg\nadd conference ICSA,10000,Gothenburg\nadd conference\nquit\n' | java…
  └ 8 lines…



● Update Task (MCP: agentic-memory) · state: "done", backlogId: "4154fb96-2cd2-41ff-aab3-f838ae1895…
  └ Task "Conference Entity & add conference Command" (de78be19-eb09-478d-b86e-92...

● Claim Next Task (MCP: agentic-memory) · backlogId: "4154fb96-2cd2-41ff-aab3-f838ae189569"
  └ Claimed task "Article Entity & add article to Command" (20492bf4-e798-4263-95...



● Create Article.java +130
  └ src/kastelscholar/Article.java



● Edit Main.java +4 -1
  └ src/kastelscholar/Main.java

● Edit Main.java +1
  └ src/kastelscholar/Main.java

● Edit Main.java +2
  └ src/kastelscholar/Main.java

● Edit Main.java +97
  └ src/kastelscholar/Main.java

● Compile, checkstyle, and test article commands (shell)
  │ cd /Users/nghalinh2711/Development/student-repos/st22final01 && mvn compile --quiet 2>&1 &&
  │ mvn checkstyle:check -Dcheckstyle.config.location=checkstyle.xml --quiet 2>&1 && echo "===
  │ CHECKSTYLE PASSED ===" && printf 'add series ICSA\nadd journal TSE,IEEE\nadd article to series
  │ ICSA:rr2017,2017,Components still have no interfaces\nadd article to journal
  │ TSE:mvp2015,2015,Model Consistency\nadd article to journal TSE:mvp2016,2016,Better Model …
  └ 9 lines…



● Update Task (MCP: agentic-memory) · state: "done", backlogId: "4154fb96-2cd2-41ff-aab3-f838ae1895…
  └ Task "Article Entity & add article to Command" (20492bf4-e798-4263-9597-08a97...

● Claim Next Task (MCP: agentic-memory) · backlogId: "4154fb96-2cd2-41ff-aab3-f838ae189569"
  └ Claimed task "written by Command" (c5f5170b-ea14-42ad-9217-19b241ee14c1) and ...



● Read Article.java
  │ src/kastelscholar/Article.java
  └ 129 lines read

● Edit Article.java +33
  └ src/kastelscholar/Article.java



● Read Main.java
  │ src/kastelscholar/Main.java
  └ 323 lines read

● Edit Main.java +3
  └ src/kastelscholar/Main.java



● Edit Main.java +92
  └ src/kastelscholar/Main.java

● Compile, checkstyle, and test written by command (shell)
  │ cd /Users/nghalinh2711/Development/student-repos/st22final01 && mvn compile --quiet 2>&1 &&
  │ mvn checkstyle:check -Dcheckstyle.config.location=checkstyle.xml --quiet 2>&1 && echo "===
  │ CHECKSTYLE PASSED ===" && printf 'add author Eniola Lowry\nadd author Richard Rhinelander\nadd
  │ author Shashi Afolabi\nadd series ICSA\nadd journal TSE,IEEE\nadd article to series
  │ ICSA:rr2017,2017,Components still have no interfaces\nadd article to journal …
  └ 9 lines…



● Update Task (MCP: agentic-memory) · state: "done", backlogId: "4154fb96-2cd2-41ff-aab3-f838ae1895…
  └ Task "written by Command" (c5f5170b-ea14-42ad-9217-19b241ee14c1) updated to s...

● Claim Next Task (MCP: agentic-memory) · backlogId: "4154fb96-2cd2-41ff-aab3-f838ae189569"
  └ Claimed task "cites Command" (34824e18-5792-41c9-bb38-3aeb0daeca7f) and marke...



● Edit Article.java +1
  └ src/kastelscholar/Article.java

● Edit Article.java +2
  └ src/kastelscholar/Article.java

● Edit Article.java +1
  └ src/kastelscholar/Article.java

● Edit Article.java +28
  └ src/kastelscholar/Article.java



● Edit Main.java +2
  └ src/kastelscholar/Main.java

● Edit Main.java +47
  └ src/kastelscholar/Main.java

● Compile, checkstyle, and test cites command (shell)
  │ cd /Users/nghalinh2711/Development/student-repos/st22final01 && mvn compile --quiet 2>&1 &&
  │ mvn checkstyle:check -Dcheckstyle.config.location=checkstyle.xml --quiet 2>&1 && echo "===
  │ CHECKSTYLE PASSED ===" && printf 'add author Richard Rhinelander\nadd author Shashi
  │ Afolabi\nadd author Eniola Lowry\nadd series ICSA\nadd journal TSE,IEEE\nadd article to series
  │ ICSA:rr2017,2017,Components still have no interfaces\nadd article to journal …
  └ 13 lines…



● Update Task (MCP: agentic-memory) · state: "done", backlogId: "4154fb96-2cd2-41ff-aab3-f838ae1895…
  └ Task "cites Command" (34824e18-5792-41c9-bb38-3aeb0daeca7f) updated to state:...

● Claim Next Task (MCP: agentic-memory) · backlogId: "4154fb96-2cd2-41ff-aab3-f838ae189569"
  └ Claimed task "Keywords System & add keywords to Command" (cf30ef7f-9060-427d-...



● Edit ConferenceSeries.java +23
  └ src/kastelscholar/ConferenceSeries.java



● Edit ConferenceSeries.java +32 -6
  └ src/kastelscholar/ConferenceSeries.java

● Edit Journal.java +49 -6
  └ src/kastelscholar/Journal.java



● Edit Article.java +1
  └ src/kastelscholar/Article.java

● Edit Article.java +1
  └ src/kastelscholar/Article.java

● Edit Article.java +38
  └ src/kastelscholar/Article.java



● Compile to find broken references (shell)
  │ cd /Users/nghalinh2711/Development/student-repos/st22final01 && mvn compile 2>&1 | grep -E
  │ "error:|cannot find"
  └ 5 lines…

● Edit Main.java +1 -1
  └ src/kastelscholar/Main.java

● Edit Main.java +1 -1
  └ src/kastelscholar/Main.java

● Compile after fixing getter references (shell)
  │ cd /Users/nghalinh2711/Development/student-repos/st22final01 && mvn compile --quiet 2>&1
  └ 1 line…



● Edit Main.java +3
  └ src/kastelscholar/Main.java

● Edit Main.java +66
  └ src/kastelscholar/Main.java

● Compile, checkstyle, and test keywords command (shell)
  │ cd /Users/nghalinh2711/Development/student-repos/st22final01 && mvn compile --quiet 2>&1 &&
  │ mvn checkstyle:check -Dcheckstyle.config.location=checkstyle.xml --quiet 2>&1 && echo "===
  │ CHECKSTYLE PASSED ===" && printf 'add author Richard Rhinelander\nadd series ICSA\nadd journal
  │ TSE,IEEE\nadd article to series ICSA:rr2017,2017,Components still have no interfaces\nadd
  │ article to journal TSE:mvp2016,2016,Better Model Consistency\nadd keywords to …
  └ 10 lines…



● Update Task (MCP: agentic-memory) · state: "done", backlogId: "4154fb96-2cd2-41ff-aab3-f838ae1895…
  └ Task "Keywords System & add keywords to Command" (cf30ef7f-9060-427d-9847-e1d...

● Claim Next Task (MCP: agentic-memory) · backlogId: "4154fb96-2cd2-41ff-aab3-f838ae189569"
  └ Claimed task "find by keywords Command" (c94c0b06-966e-47ba-9180-5b1f67bf78cd...

● Edit Main.java +3
  └ src/kastelscholar/Main.java

● Edit Main.java +68
  └ src/kastelscholar/Main.java

● Edit Main.java +3
  └ src/kastelscholar/Main.java

● Edit Main.java +1 -1
  └ src/kastelscholar/Main.java

● Edit Main.java +1 -1
  └ src/kastelscholar/Main.java

● Compile, checkstyle, and test find by keywords (shell)
  │ cd /Users/nghalinh2711/Development/student-repos/st22final01 && mvn compile --quiet 2>&1 &&
  │ mvn checkstyle:check -Dcheckstyle.config.location=checkstyle.xml --quiet 2>&1 && echo "===
  │ CHECKSTYLE PASSED ===" && printf 'add author Richard Rhinelander\nadd author Shashi
  │ Afolabi\nadd author Eniola Lowry\nadd series ICSA\nadd journal TSE,IEEE\nadd article to series
  │ ICSA:rr2017,2017,Components still have no interfaces\nadd article to journal …
  └ 15 lines…



● Debug find by keywords behavior (shell)
  │ cd /Users/nghalinh2711/Development/student-repos/st22final01 && printf 'add journal
  │ TSE,IEEE\nadd article to journal TSE:test1,2020,Test Article\nadd keywords to journal
  │ TSE:swe\nadd keywords to test1:java\nfind by keywords swe;reference\nfind by keywords swe\nfind
  │ by keywords java;swe\nquit\n' | java -cp target/classes kastelscholar.Main 2>&1
  └ 3 lines…

● Force clean compile and re-test (shell)
  │ cd /Users/nghalinh2711/Development/student-repos/st22final01 && mvn clean compile --quiet 2>&1
  │ && printf 'add journal TSE,IEEE\nadd article to journal TSE:test1,2020,Test Article\nadd
  │ keywords to journal TSE:swe\nadd keywords to test1:java\nfind by keywords swe;reference\nquit\n'
  │ | java -cp target/classes kastelscholar.Main 2>&1
  └ 1 line…



● Full test of find by keywords after clean compile (shell)
  │ cd /Users/nghalinh2711/Development/student-repos/st22final01 && printf 'add author Richard
  │ Rhinelander\nadd author Shashi Afolabi\nadd author Eniola Lowry\nadd series ICSA\nadd journal
  │ TSE,IEEE\nadd article to series ICSA:rr2017,2017,Components still have no interfaces\nadd
  │ article to journal TSE:mvp2015,2015,Model Consistency\nadd article to journal
  │ TSE:mvp2016,2016,Better Model Consistency\nwritten by rr2017,Richard Rhinelander\nwritten by …
  └ 11 lines…

● Run checkstyle verification (shell)
  │ cd /Users/nghalinh2711/Development/student-repos/st22final01 && mvn checkstyle:check
  │ -Dcheckstyle.config.location=checkstyle.xml --quiet 2>&1 && echo "CHECKSTYLE PASSED"
  └ 2 lines…



● Update Task (MCP: agentic-memory) · state: "done", backlogId: "4154fb96-2cd2-41ff-aab3-f838ae1895…
  └ Task "find by keywords Command" (c94c0b06-966e-47ba-9180-5b1f67bf78cd) update...

● Claim Next Task (MCP: agentic-memory) · backlogId: "4154fb96-2cd2-41ff-aab3-f838ae189569"
  └ Claimed task "jaccard Command" (42da3c6d-edad-4c33-b71e-f9332ebdd079) and mar...

● Edit Main.java +2
  └ src/kastelscholar/Main.java

● Edit Main.java +52
  └ src/kastelscholar/Main.java

● Compile, checkstyle, and test jaccard (shell)
  │ cd /Users/nghalinh2711/Development/student-repos/st22final01 && mvn clean compile --quiet 2>&1
  │ && mvn checkstyle:check -Dcheckstyle.config.location=checkstyle.xml --quiet 2>&1 && echo "===
  │ CHECKSTYLE PASSED ===" && printf 'jaccard a;b;c d;e\njaccard a;b;c;d;e b;c;d;e;f\njaccard
  │ \njaccard a;b;c d;e;f;g\njaccard a;b;c;a;a;b b;c;d;e;b;b\nquit\n' | java -cp target/classes
  │ kastelscholar.Main 2>&1
  └ 7 lines…

● Test jaccard with empty lists (shell)
  │ cd /Users/nghalinh2711/Development/student-repos/st22final01 && printf 'jaccard \nquit\n' | java
  │ -cp target/classes kastelscholar.Main 2>&1
  └ 2 lines…

● Test jaccard edge case with empty lists (shell)
  │ cd /Users/nghalinh2711/Development/student-repos/st22final01 && printf 'jaccard ; \nquit\n' |
  │ java -cp target/classes kastelscholar.Main 2>&1
  └ 2 lines…



● Update Task (MCP: agentic-memory) · state: "done", backlogId: "4154fb96-2cd2-41ff-aab3-f838ae1895…
  └ Task "jaccard Command" (42da3c6d-edad-4c33-b71e-f9332ebdd079) updated to stat...

● Claim Next Task (MCP: agentic-memory) · backlogId: "4154fb96-2cd2-41ff-aab3-f838ae189569"
  └ Claimed task "Simple Query Commands (all publications, list invalid, publicat...



● Edit Main.java +12
  └ src/kastelscholar/Main.java

● Edit Main.java +129
  └ src/kastelscholar/Main.java

● Compile, checkstyle, and test query commands (shell)
  │ cd /Users/nghalinh2711/Development/student-repos/st22final01 && mvn clean compile --quiet 2>&1
  │ && mvn checkstyle:check -Dcheckstyle.config.location=checkstyle.xml --quiet 2>&1 && echo "===
  │ CHECKSTYLE PASSED ===" && printf 'add author Eniola Lowry\nadd author Richard
  │ Rhinelander\nadd author Shashi Afolabi\nadd series ICSA\nadd journal TSE,IEEE\nadd article to
  │ series ICSA:rr2017,2017,Components still have no interfaces\nadd article to journal …
  └ 20 lines…



● Update Task (MCP: agentic-memory) · state: "done", backlogId: "4154fb96-2cd2-41ff-aab3-f838ae1895…
  └ Task "Simple Query Commands (all publications, list invalid, publications by,...

● Claim Next Task (MCP: agentic-memory) · backlogId: "4154fb96-2cd2-41ff-aab3-f838ae189569"
  └ Claimed task "similarity Command" (25c25d74-5385-4b25-8960-a8de6f8221f8) and ...

✗ Edit Main.java
  │ src/kastelscholar/Main.java
  └ Multiple matches found

● Read Main.java
  │ src/kastelscholar/Main.java
  └ L95:115 (21 lines read)

● Edit Main.java +2
  └ src/kastelscholar/Main.java

● Edit Main.java +53
  └ src/kastelscholar/Main.java

● Compile, checkstyle, and test similarity (shell)
  │ cd /Users/nghalinh2711/Development/student-repos/st22final01 && mvn clean compile --quiet 2>&1
  │ && mvn checkstyle:check -Dcheckstyle.config.location=checkstyle.xml --quiet 2>&1 && echo "===
  │ CHECKSTYLE PASSED ===" && printf 'add author Richard Rhinelander\nadd author Shashi
  │ Afolabi\nadd author Eniola Lowry\nadd series ICSA\nadd journal TSE,IEEE\nadd article to series
  │ ICSA:rr2017,2017,Components still have no interfaces\nadd article to journal …
  └ 9 lines…

● Update Task (MCP: agentic-memory) · state: "done", backlogId: "4154fb96-2cd2-41ff-aab3-f838ae1895…
  └ Task "similarity Command" (25c25d74-5385-4b25-8960-a8de6f8221f8) updated to s...

● Claim Next Task (MCP: agentic-memory) · backlogId: "4154fb96-2cd2-41ff-aab3-f838ae189569"
  └ Claimed task "g-index Command" (adbd21c9-697e-4afc-94b2-139b1d9f1c07) and mar...

● Edit Main.java +2
  └ src/kastelscholar/Main.java

● Edit Main.java +64
  └ src/kastelscholar/Main.java

● Compile, checkstyle, and test g-index (shell)
  │ cd /Users/nghalinh2711/Development/student-repos/st22final01 && mvn clean compile --quiet 2>&1
  │ && mvn checkstyle:check -Dcheckstyle.config.location=checkstyle.xml --quiet 2>&1 && echo "===
  │ CHECKSTYLE PASSED ===" && printf 'add author Eniola Lowry\nadd author Richard
  │ Rhinelander\nadd author Shashi Afolabi\nadd series ICSA\nadd journal TSE,IEEE\nadd article to
  │ series ICSA:rr2017,2017,Components still have no interfaces\nadd article to journal …
  └ 11 lines…



● Update Task (MCP: agentic-memory) · state: "done", backlogId: "4154fb96-2cd2-41ff-aab3-f838ae1895…
  └ Task "g-index Command" (adbd21c9-697e-4afc-94b2-139b1d9f1c07) updated to stat...

● Claim Next Task (MCP: agentic-memory) · backlogId: "4154fb96-2cd2-41ff-aab3-f838ae189569"
  └ Claimed task "foreign citations of Command" (3fc7c541-29aa-4967-9923-675d4f8e...

● Edit Main.java +3
  └ src/kastelscholar/Main.java

● Edit Main.java +79
  └ src/kastelscholar/Main.java

● Compile, checkstyle, and test foreign citations (shell)
  │ cd /Users/nghalinh2711/Development/student-repos/st22final01 && mvn clean compile --quiet 2>&1
  │ && mvn checkstyle:check -Dcheckstyle.config.location=checkstyle.xml --quiet 2>&1 && echo "===
  │ CHECKSTYLE PASSED ===" && printf 'add author Eniola Lowry\nadd author Richard
  │ Rhinelander\nadd author Shashi Afolabi\nadd author Doctor Meta\nadd series ICSA\nadd journal
  │ TSE,IEEE\nadd article to series ICSA:rr2017,2017,Components still have no interfaces\nadd …
  └ 13 lines…



● Edit Main.java +3 -3
  └ src/kastelscholar/Main.java

● Recompile and test foreign citations (shell)
  │ cd /Users/nghalinh2711/Development/student-repos/st22final01 && mvn clean compile --quiet 2>&1
  │ && printf 'add author Eniola Lowry\nadd author Richard Rhinelander\nadd author Shashi
  │ Afolabi\nadd author Doctor Meta\nadd series ICSA\nadd journal TSE,IEEE\nadd article to series
  │ ICSA:rr2017,2017,Components still have no interfaces\nadd article to journal
  │ TSE:mvp2015,2015,Model Consistency\nadd article to journal TSE:mvp2016,2016,Better Model …
  └ 11 lines…

● Verify checkstyle passes (shell)
  │ cd /Users/nghalinh2711/Development/student-repos/st22final01 && mvn checkstyle:check
  │ -Dcheckstyle.config.location=checkstyle.xml --quiet 2>&1 && echo "CHECKSTYLE PASSED"
  └ 2 lines…



● Update Task (MCP: agentic-memory) · state: "done", backlogId: "4154fb96-2cd2-41ff-aab3-f838ae1895…
  └ Task "foreign citations of Command" (3fc7c541-29aa-4967-9923-675d4f8edf83) up...

● Claim Next Task (MCP: agentic-memory) · backlogId: "4154fb96-2cd2-41ff-aab3-f838ae189569"
  └ Claimed task "coauthors of Command" (ef68a924-59b6-41bb-9ab8-81a33817f2b7) an...

● Edit Main.java +3
  └ src/kastelscholar/Main.java

● Edit Main.java +39
  └ src/kastelscholar/Main.java

● Compile, checkstyle, and test coauthors (shell)
  │ cd /Users/nghalinh2711/Development/student-repos/st22final01 && mvn clean compile --quiet 2>&1
  │ && mvn checkstyle:check -Dcheckstyle.config.location=checkstyle.xml --quiet 2>&1 && echo "===
  │ CHECKSTYLE PASSED ===" && printf 'add author Eniola Lowry\nadd author Richard
  │ Rhinelander\nadd author Shashi Afolabi\nadd series ICSA\nadd journal TSE,IEEE\nadd article to
  │ series ICSA:rr2017,2017,Components still have no interfaces\nadd article to journal …
  └ 12 lines…

● Update Task (MCP: agentic-memory) · state: "done", backlogId: "4154fb96-2cd2-41ff-aab3-f838ae1895…
  └ Task "coauthors of Command" (ef68a924-59b6-41bb-9ab8-81a33817f2b7) updated to...

● Claim Next Task (MCP: agentic-memory) · backlogId: "4154fb96-2cd2-41ff-aab3-f838ae189569"
  └ Claimed task "Bibliography Sorting Algorithm" (386aec8b-4896-4903-9e86-7b45a1...



● Edit Article.java +1
  └ src/kastelscholar/Article.java

● Edit Article.java +48
  └ src/kastelscholar/Article.java

● Compile, checkstyle, and test bibliography sort (shell)
  │ cd /Users/nghalinh2711/Development/student-repos/st22final01 && mvn clean compile --quiet 2>&1
  │ && mvn checkstyle:check -Dcheckstyle.config.location=checkstyle.xml --quiet 2>&1 && echo "===
  │ CHECKSTYLE PASSED ==="
  └ 2 lines…



● Test bibliography sort order (shell)
  │ cd /Users/nghalinh2711/Development/student-repos/st22final01 && printf 'add author A\nadd
  │ author B\nadd author C\nadd author D\nadd journal J,Pub\nadd article to journal
  │ J:p1,2020,T\nadd article to journal J:p2,2020,T\nadd article to journal J:p3,2020,T\nadd
  │ article to journal J:p4,2020,T\nadd article to journal J:p5,2020,T\nwritten by p1,A\nwritten
  │ by p2,A;B\nwritten by p3,B\nwritten by p4,B;C;D\nwritten by p5,B;D\nall publications\nquit\n' …
  └ 16 lines…

● Test bibliography comparator directly (shell)
  │ cd /Users/nghalinh2711/Development/student-repos/st22final01 && cat > /tmp/TestBibSort.java <<
  │ 'EOF'
  │ import kastelscholar.*;
  │ import java.util.*;…
  └ 56 lines…



● Clean up temp test file (shell)
  │ rm -f /tmp/TestBibSort.java /tmp/TestBibSort.class /tmp/kastelscholar
  └ 1 line…

● Update Task (MCP: agentic-memory) · state: "done", backlogId: "4154fb96-2cd2-41ff-aab3-f838ae1895…
  └ Task "Bibliography Sorting Algorithm" (386aec8b-4896-4903-9e86-7b45a179bdae) ...

● Claim Next Task (MCP: agentic-memory) · backlogId: "4154fb96-2cd2-41ff-aab3-f838ae189569"
  └ Claimed task "ACM & APA Styles + print bibliography Command" (285828b8-18f4-4...



● Edit Main.java +3
  └ src/kastelscholar/Main.java



● Edit Main.java +191
  └ src/kastelscholar/Main.java

● Edit Main.java +1
  └ src/kastelscholar/Main.java

● Compile, checkstyle, and test print bibliography (shell)
  │ cd /Users/nghalinh2711/Development/student-repos/st22final01 && mvn clean compile --quiet 2>&1
  │ && mvn checkstyle:check -Dcheckstyle.config.location=checkstyle.xml --quiet 2>&1 && echo "===
  │ CHECKSTYLE PASSED ===" && printf 'add author Eniola Lowry\nadd author Richard
  │ Rhinelander\nadd author Shashi Afolabi\nadd series ICSA\nadd journal TSE,IEEE\nadd conference
  │ ICSA,2017,Gothenburg\nadd article to series ICSA:rr2017,2017,Components still have no …
  └ 13 lines…



● Run full mandatory example interaction (shell)
  │ cd /Users/nghalinh2711/Development/student-repos/st22final01 && printf 'add series ICSME
  │ add keywords to series ICSME:software;maintenance;architecture
  │ add conference ICSME,2022,Limassol
  │ add journal TACO,ACM
  │ add author Max Musterperson…
  └ 20 lines…



● Run full optional example interaction (shell)
  │ cd /Users/nghalinh2711/Development/student-repos/st22final01 && printf 'add author Eniola
  │ Lowry
  │ add author Richard Rhinelander
  │ add author Eniola Lowry
  │ add author Shashi Afolabi…
  └ 73 lines…



● Update Task (MCP: agentic-memory) · state: "done", backlogId: "4154fb96-2cd2-41ff-aab3-f838ae1895…
  └ Task "ACM & APA Styles + print bibliography Command" (285828b8-18f4-4d34-be12...



● Claim Next Task (MCP: agentic-memory) · backlogId: "4154fb96-2cd2-41ff-aab3-f838ae189569"
  └ Claimed task "Integration Testing & Polish" (153e1a13-50ed-4fc7-9d9a-66e72c6e...



● Test float truncation edge cases (shell)
  │ cd /Users/nghalinh2711/Development/student-repos/st22final01 && printf 'add journal J,P\nadd
  │ article to journal J:a,2020,A\nwritten by a,Author Person\nadd author Author Person\nadd author
  │ Author Two\nwritten by a,Author Two\njaccard a;b;c;d;e b;c;d;e;f\nsimilarity a,a\nquit\n' | java
  │ -cp target/classes kastelscholar.Main 2>&1
  └ 4 lines…

● Test float truncation 5/9 and 1/3 (shell)
  │ cd /Users/nghalinh2711/Development/student-repos/st22final01 && printf 'jaccard a;b;c;d;e
  │ a;b;c;d;f\njaccard a;b;c;d a;b;c;e\nquit\n' | java -cp target/classes kastelscholar.Main 2>&1
  └ 3 lines…

● Verify no System.exit or Runtime.exit usage (shell)
  │ grep -rn "System.exit\|Runtime.exit\|Runtime.getRuntime().exit"
  │ /Users/nghalinh2711/Development/student-repos/st22final01/src/ 2>/dev/null || echo "No
  │ System/Runtime.exit() found"
  └ 2 lines…

● Final checkstyle verification (shell)
  │ cd /Users/nghalinh2711/Development/student-repos/st22final01 && mvn checkstyle:check
  │ -Dcheckstyle.config.location=checkstyle.xml 2>&1
  └ 16 lines…



● Read README.md
  └ 3 lines read

● skill(delivery-port-check)



● Edit README.md +53 -3



● Final compile and checkstyle check (shell)
  │ cd /Users/nghalinh2711/Development/student-repos/st22final01 && mvn clean compile --quiet 2>&1
  │ && echo "BUILD OK" && mvn checkstyle:check -Dcheckstyle.config.location=checkstyle.xml --quiet
  │ 2>&1 && echo "CHECKSTYLE OK"
  └ 3 lines…

● Update Task (MCP: agentic-memory) · state: "done", backlogId: "4154fb96-2cd2-41ff-aab3-f838ae1895…
  └ Task "Integration Testing & Polish" (153e1a13-50ed-4fc7-9d9a-66e72c6e570a) up...



● Get Tasks (MCP: agentic-memory) · backlogId: "4154fb96-2cd2-41ff-aab3-f838ae189569"
  └ Output too large to read at once (35.3 KB). Saved to: /var/folders/fs/p8fxyq6...

● Get Tasks (MCP: agentic-memory) · backlogId: "4154fb96-2cd2-41ff-aab3-f838ae189569", state: "bloc…
  └ No tasks found with state 'blocked'.

● Get Tasks (MCP: agentic-memory) · backlogId: "4154fb96-2cd2-41ff-aab3-f838ae189569", state: "to_d…
  └ No tasks found with state 'to_do'.

● Get Tasks (MCP: agentic-memory) · backlogId: "4154fb96-2cd2-41ff-aab3-f838ae189569", state: "in_p…
  └ No tasks found with state 'in_progress'.







Changes    +1885 -45
Duration   23m 40s
Tokens     ↑ 14.1m (14.1m cached) • ↓ 72.8k (26.9k reasoning)
[delivery] Coding agent exited with code 0
[delivery] Backlog verification passed.
[delivery] Phase E: Feedback

[delivery] Feedback agent — interactive session.
[delivery] Provide feedback to the agent. Exit the session (Ctrl+C or /exit) when done.


===== st22final01 started at 2026-07-23T10:14:43Z =====
PROGRAMMING_DIR=/Users/nghalinh2711/Development/student-repos/st22final01
DELIVERY_AGENT_CONTEXT_PROJECT=ProgrammingST22-Final1
DELIVERY_AGENT_CONTEXT_DOMAIN=st22final01
COMMAND=pnpm delivery:run --exercise 

$ tsx delivery/run.ts --exercise
[delivery:knowledgebase] Ensuring guidelines.md is ingested for domain st22final01 before exercise requirements
[delivery:knowledgebase] Uploading guidelines.md to Vercel Blob for domain st22final01
[delivery:knowledgebase] Registered guidelines upload job d2f19774-7327-43d4-842c-12c8de458eea; waiting for ingestion
[delivery:knowledgebase] Guidelines ingestion job d2f19774-7327-43d4-842c-12c8de458eea: processing
[delivery:knowledgebase] Guidelines ingestion job d2f19774-7327-43d4-842c-12c8de458eea: processing
[delivery:knowledgebase] Guidelines ingestion job d2f19774-7327-43d4-842c-12c8de458eea: processing
[delivery:knowledgebase] Guidelines ingestion job d2f19774-7327-43d4-842c-12c8de458eea: processing
[delivery:knowledgebase] Guidelines ingestion job d2f19774-7327-43d4-842c-12c8de458eea: processing
[delivery:knowledgebase] Guidelines ingestion job d2f19774-7327-43d4-842c-12c8de458eea: processing
[delivery:knowledgebase] Guidelines ingestion job d2f19774-7327-43d4-842c-12c8de458eea: processing
[delivery:knowledgebase] Guidelines ingestion job d2f19774-7327-43d4-842c-12c8de458eea: processing
[delivery:knowledgebase] Guidelines ingestion job d2f19774-7327-43d4-842c-12c8de458eea: processing
[delivery:knowledgebase] Guidelines ingestion job d2f19774-7327-43d4-842c-12c8de458eea: processing
[delivery:knowledgebase] Guidelines ingestion job d2f19774-7327-43d4-842c-12c8de458eea: processing
[delivery:knowledgebase] Guidelines ingestion job d2f19774-7327-43d4-842c-12c8de458eea: processing
[delivery:knowledgebase] Guidelines ingestion job d2f19774-7327-43d4-842c-12c8de458eea: processing
[delivery:knowledgebase] Guidelines ingestion job d2f19774-7327-43d4-842c-12c8de458eea: processing
[delivery:knowledgebase] Guidelines ingestion job d2f19774-7327-43d4-842c-12c8de458eea: processing
[delivery:knowledgebase] Guidelines ingestion job d2f19774-7327-43d4-842c-12c8de458eea: processing
[delivery:knowledgebase] Guidelines ingestion job d2f19774-7327-43d4-842c-12c8de458eea: processing
[delivery:knowledgebase] Guidelines ingestion job d2f19774-7327-43d4-842c-12c8de458eea: processing
[delivery:knowledgebase] Guidelines ingestion job d2f19774-7327-43d4-842c-12c8de458eea: processing
[delivery:knowledgebase] Guidelines ingestion job d2f19774-7327-43d4-842c-12c8de458eea: processing
[delivery:knowledgebase] Guidelines ingestion job d2f19774-7327-43d4-842c-12c8de458eea: succeeded
[delivery:knowledgebase] Guidelines ingestion succeeded for domain st22final01 (job d2f19774-7327-43d4-842c-12c8de458eea)

[delivery] Run ID: 20260723-121444
[delivery] Assignment: /Users/nghalinh2711/Development/student-repos/st22final01
[delivery] Assignment ID: st22final01
[delivery] Coding session: 20260723-121444-coding
[delivery] Requirements session: 20260723-121444-req
[delivery] Requirements log: /Users/nghalinh2711/Development/eval/programming/20260723-121444/requirements-output.log

[delivery] Phase A: Requirements

[delivery:requirements] Exercise stream: 11 turns for st22final01 (starting at turn 1)
[delivery:requirements] Output log: /Users/nghalinh2711/Development/eval/programming/20260723-121444/requirements-output.log
[delivery:requirements] Turn 1/11: Introduction
● [adaptive-context] GET http://localhost:4444/api/agents/7af7809a-adce-4fa9-9609-fd61059de0ff/sessi
  ons/20260723-121444-req/context?input=Ich+arbeite+an+einer+Abschluss-Programmieraufgabe.+Ich+werde
  +dir+die+Aufgabe+im+Folgenden+abschnittsweise+%C3%BCbermitteln.+Lies+sie+dir+durch+und+verschaffe+
  dir+zun%C3%A4chst+einen+%C3%9Cberblick+%C3%BCber+den+Kontext%2C+bevor+der+Backlog-+und+Task-Erstel
  lung.+Achte+dabei+unbedingt+auf+die+vorgegebenen+Regeln+und+Richtlinien.&project=ProgrammingST22-F
  inal1&role=requirements&task=Understand+the+st22final01+and+create+its+backlog+when+prompted.&time
  stamp=2026-07-23T10%3A16%3A31.801Z&domain=st22final01

● Injected adaptive memory context into system prompt

● <adaptive_rules>
  - Adhere to JavaDoc documentation rules.
  - After printing an error message, the program should continue and wait for the next input.
  - All whitespace rules must be followed.
  - Allowed Java library packages: java.lang, java.io, java.util, java.util.regex, java.util.stream,
   java.util.function unless otherwise stated.
  - Choose appropriate visibilities for classes, methods, and attributes.
  - Do not call System.exit(), Runtime.exit(), or similar.
  - Do not use the default package.
  - Error messages may be free-form English text but should be meaningful.
  - Error messages must begin with 'Error,' and must not contain special characters such as newlines
   or umlauts.
  - Error messages should make clear to the user why an input was rejected.
  - Follow rules for variable, method, and package naming.
  - For error messages, using System.err instead of System.out is allowed.
  - If user input does not match the required format, output an error message.
  - Interactive program output must exactly match the specification including case, spaces, and line
   breaks.
  - Maximum line width of 120 characters must be enforced.
  - Never reassign standard input or standard output streams.
  - On semantic or syntactic specification violations always output a meaningful error message.
  - Only produce the information specified in the task; do not print any additional information.
  - Program code must compile without errors.
  - Requires passing mandatory tests before other tests are evaluated; violation yields automatic
  zero points.
  - Solutions must use Java SE 17.
  - Some Checkstyle rules are specially marked and their violation causes automatic zero points.
  - Submit *.java files for task A in individual work with corresponding folder structure in the
  designated directory.
  - Use System.in for input unless otherwise stated.
  - Use System.out for output unless otherwise stated.
  - Implementing quit must not use System.exit() or Runtime.exit().
  - Publication set outputs are printed line-by-line, ascending lexicographic order by identifier;
  empty set produces no output.
  </adaptive_rules>

  <knowledge>
    - Online submission system automatically checks source code for Checkstyle rules during
  submission.
  </knowledge>
  <entity_paths>
    - Implementierungsrichtlinien — Abschlussaufgabe 1 (SS 2022) USES Java SE 17: Solutions must use
   Java SE 17.
    - Implementierungsrichtlinien — Abschlussaufgabe 1 (SS 2022) RELATES_TO Mandatory tests:
  Requires passing mandatory tests before other tests are evaluated; violation yields automatic zero
   points.
    - Implementierungsrichtlinien — Abschlussaufgabe 1 (SS 2022) RELATES_TO Compiling without
  errors: Program code must compile without errors.
    - Implementierungsrichtlinien — Abschlussaufgabe 1 (SS 2022) RELATES_TO Allowed Java packages:
  Allowed Java library packages: java.lang, java.io, java.util, java.util.regex, java.util.stream,
  java.util.function unless otherwise stated.
    - Implementierungsrichtlinien — Abschlussaufgabe 1 (SS 2022) RELATES_TO Max line width 120:
  Maximum line width of 120 characters must be enforced.
    - Implementierungsrichtlinien — Abschlussaufgabe 1 (SS 2022) RELATES_TO Whitespace rules: All
  whitespace rules must be followed.
    - Implementierungsrichtlinien — Abschlussaufgabe 1 (SS 2022) RELATES_TO Naming rules: Follow
  rules for variable, method, and package naming.
    - Implementierungsrichtlinien — Abschlussaufgabe 1 (SS 2022) RELATES_TO Visibility choices:
  Choose appropriate visibilities for classes, methods, and attributes.
    - Implementierungsrichtlinien — Abschlussaufgabe 1 (SS 2022) RELATES_TO Do not use default
  package: Do not use the default package.
    - Implementierungsrichtlinien — Abschlussaufgabe 1 (SS 2022) RELATES_TO No System.exit or
  Runtime.exit: Do not call System.exit(), Runtime.exit(), or similar.
    - Implementierungsrichtlinien — Abschlussaufgabe 1 (SS 2022) RELATES_TO JavaDoc rules: Adhere to
   JavaDoc documentation rules.
    - Implementierungsrichtlinien — Abschlussaufgabe 1 (SS 2022) RELATES_TO Mandatory Checkstyle
  rules: Some Checkstyle rules are specially marked and their violation causes automatic zero
  points.
    - Implementierungsrichtlinien — Abschlussaufgabe 1 (SS 2022) RELATES_TO Submission of Java files
   with folder structure: Submit *.java files for task A in individual work with corresponding
  folder structure in the designated directory.
    - Implementierungsrichtlinien — Abschlussaufgabe 1 (SS 2022) RELATES_TO Exact output matching:
  Interactive program output must exactly match the specification including case, spaces, and line
  breaks.
    - Implementierungsrichtlinien — Abschlussaufgabe 1 (SS 2022) RELATES_TO No additional output:
  Only produce the information specified in the task; do not print any additional information.
    - Implementierungsrichtlinien — Abschlussaufgabe 1 (SS 2022) RELATES_TO Use System.in for input:
   Use System.in for input unless otherwise stated.
    - Implementierungsrichtlinien — Abschlussaufgabe 1 (SS 2022) RELATES_TO Use System.out for
  output: Use System.out for output unless otherwise stated.
    - Implementierungsrichtlinien — Abschlussaufgabe 1 (SS 2022) RELATES_TO Optional use of
  System.err: For error messages, using System.err instead of System.out is allowed.
    - Implementierungsrichtlinien — Abschlussaufgabe 1 (SS 2022) RELATES_TO Do not reassign standard
   streams: Never reassign standard input or standard output streams.
    - Implementierungsrichtlinien — Abschlussaufgabe 1 (SS 2022) RELATES_TO Error message
  formatting: Error messages must begin with 'Error,' and must not contain special characters such
  as newlines or umlauts.
  </entity_paths>
  <entity_matches>
    - Implementierungsrichtlinien — Abschlussaufgabe 1 (SS 2022) (score: 0.77) — Die Fehlermeldung
  sollte so geformt sein, dass für den Benutzer erkenntlich ist, warum eine Eingabe abgelehnt wurde.
    - Leading prompt '> ' (score: 0.66) — Characters used to mark example input lines
    - Whitespace rules (score: 0.66) — Whitespace formatting requirements
    - Exact output matching (score: 0.65) — Output must exactly match expected formatting
    - Compiling without errors (score: 0.65) — Submission must compile successfully
  </entity_matches>

● adaptive-memory extension active (role=requirements, memorySession=20260723-121444-req) - type
  /memory-help. MCP tools registered (memory=true, backlog=true).



● List directory .
  └ 6 files found

● List directory context
  └ 1 file found

● Read pipeline-state.json
  └ 26 lines read

● [turn-persistence] [turn-persistence] turn_end SKIPPED ai: no assistant message with content

● Read agent-context.json
  │ context/agent-context.json
  └ 5 lines read

● List directory ~/Development/student-repos/st22final01
  └ 15 files found

● [turn-persistence] [turn-persistence] turn_end SKIPPED ai: no assistant message with content



● Read task.md
  │ ~/Development/student-repos/st22final01/task.md
  └ 1 line read

● Read guidelines.md
  │ ~/Development/student-repos/st22final01/guidelines.md
  └ 97 lines read

● Read examples.md
  │ ~/Development/student-repos/st22final01/examples.md
  └ 298 lines read



● Read task.md
  │ ~/Development/student-repos/st22final01/task.md
  └ L1:100 (100 lines read)

● Read task.md
  │ ~/Development/student-repos/st22final01/task.md
  └ L100:200 (101 lines read)

● [turn-persistence] [turn-persistence] turn_end SKIPPED ai: no assistant message with content

● Read task.md
  │ ~/Development/student-repos/st22final01/task.md
  └ L200:300 (101 lines read)

● [turn-persistence] [turn-persistence] turn_end SKIPPED ai: no assistant message with content

● Read task.md
  │ ~/Development/student-repos/st22final01/task.md
  └ L300:400 (100 lines read)

● [turn-persistence] [turn-persistence] turn_end SKIPPED ai: no assistant message with content

● Read task.md
  │ ~/Development/student-repos/st22final01/task.md
  └ L400:500 (43 lines read)

● [turn-persistence] [turn-persistence] turn_end SKIPPED ai: no assistant message with content



● List directory ~/Development/student-repos/st22final01/src
  └ 1 file found

● Search (glob)
  │ "**/*.java" in ~/Development/student-repos/st22final01/src
  └ 6 files found

● [turn-persistence] [turn-persistence] turn_end SKIPPED ai: no assistant message with content



● Read Main.java
  │ ~/Development/student-repos/st22final01/src/kastelscholar/Main.java
  └ 1 line read

● Read Author.java
  │ ~/Development/student-repos/st22final01/src/kastelscholar/Author.java
  └ 42 lines read

● Read Article.java
  │ ~/Development/student-repos/st22final01/src/kastelscholar/Article.java
  └ 283 lines read

● Read Conference.java
  │ ~/Development/student-repos/st22final01/src/kastelscholar/Conference.java
  └ 59 lines read

● Read ConferenceSeries.java
  │ ~/Development/student-repos/st22final01/src/kastelscholar/ConferenceSeries.java
  └ 70 lines read

● Read Journal.java
  │ ~/Development/student-repos/st22final01/src/kastelscholar/Journal.java
  └ 84 lines read

● [turn-persistence] [turn-persistence] turn_end SKIPPED ai: no assistant message with content



● Read Main.java
  │ ~/Development/student-repos/st22final01/src/kastelscholar/Main.java
  └ L1:150 (150 lines read)

● Read Main.java
  │ ~/Development/student-repos/st22final01/src/kastelscholar/Main.java
  └ L150:300 (151 lines read)

● [turn-persistence] [turn-persistence] turn_end SKIPPED ai: no assistant message with content

● Read Main.java
  │ ~/Development/student-repos/st22final01/src/kastelscholar/Main.java
  └ L300:450 (151 lines read)

● [turn-persistence] [turn-persistence] turn_end SKIPPED ai: no assistant message with content

● Read Main.java
  │ ~/Development/student-repos/st22final01/src/kastelscholar/Main.java
  └ L450:600 (151 lines read)

● [turn-persistence] [turn-persistence] turn_end SKIPPED ai: no assistant message with content

● Read Main.java
  │ ~/Development/student-repos/st22final01/src/kastelscholar/Main.java
  └ L600:750 (151 lines read)

● [turn-persistence] [turn-persistence] turn_end SKIPPED ai: no assistant message with content

● Read Main.java
  │ ~/Development/student-repos/st22final01/src/kastelscholar/Main.java
  └ L750:900 (151 lines read)

● [turn-persistence] [turn-persistence] turn_end SKIPPED ai: no assistant message with content

● Read Main.java
  │ ~/Development/student-repos/st22final01/src/kastelscholar/Main.java
  └ L900:1050 (150 lines read)

● [turn-persistence] [turn-persistence] turn_end SKIPPED ai: no assistant message with content

● Read Main.java
  │ ~/Development/student-repos/st22final01/src/kastelscholar/Main.java
  └ L1050:1200 (151 lines read)

● [turn-persistence] [turn-persistence] turn_end SKIPPED ai: no assistant message with content

● Read Main.java
  │ ~/Development/student-repos/st22final01/src/kastelscholar/Main.java
  └ L1200:1350 (127 lines read)

● [turn-persistence] [turn-persistence] turn_end SKIPPED ai: no assistant message with content







Changes    +0 -0
Duration   1m 48s
Tokens     ↑ 900.3k (845.8k cached) • ↓ 6.1k (2.9k reasoning)
[delivery:requirements] Turn 1/11 complete
[delivery:requirements] Turn 2/11: task.md — segment 1/9 — Abschlussaufgabe 1 — KastelScholar
● [adaptive-context] GET http://localhost:4444/api/agents/7af7809a-adce-4fa9-9609-fd61059de0ff/sessi
  ons/20260723-121444-req/context?input=Dokument%3A+task.md%0ASegment%3A+1%2F9%0AAbschnitt%3A+Abschl
  ussaufgabe+1+%E2%80%94+KastelScholar%0A%0ALies+diesen+Abschnitt+sorgf%C3%A4ltig+und+behalte+den+Ko
  ntext.+Erstelle+noch+keinen+Backlog+und+noch+keine+Tasks.+Warte+damit+bis+zum+abschlie%C3%9Fenden+
  %2Ffinalize.%0A%0A%23+Abschlussaufgabe+1+%E2%80%94+KastelScholar%0A%0A**Vorlesung%3A**+Programmier
  en%0A**Semester%3A**+Sommersemester+2022%0A**Dozent%3A**+Prof.+Dr.-Ing.+Anne+Koziolek%0A**Gruppe%3
  A**+Institute+of+Information+Security+and+Dependability%0A**Punkte%3A**+20+Punkte%0A**Version%3A**
  +1.3&project=ProgrammingST22-Final1&role=requirements&task=Understand+the+st22final01+and+create+i
  ts+backlog+when+prompted.&timestamp=2026-07-23T10%3A18%3A22.308Z&domain=st22final01

● Injected adaptive memory context into system prompt

● <adaptive_rules>
  - Adhere to JavaDoc documentation rules.
  - After printing an error message, the program should continue and wait for the next input.
  - All whitespace rules must be followed.
  - Allowed Java library packages: java.lang, java.io, java.util, java.util.regex, java.util.stream,
   java.util.function unless otherwise stated.
  - Choose appropriate visibilities for classes, methods, and attributes.
  - Do not call System.exit(), Runtime.exit(), or similar.
  - Do not use the default package.
  - Error messages may be free-form English text but should be meaningful.
  - Error messages must begin with 'Error,' and must not contain special characters such as newlines
   or umlauts.
  - Error messages should make clear to the user why an input was rejected.
  - Follow rules for variable, method, and package naming.
  - For error messages, using System.err instead of System.out is allowed.
  - If user input does not match the required format, output an error message.
  - Interactive program output must exactly match the specification including case, spaces, and line
   breaks.
  - Maximum line width of 120 characters must be enforced.
  - Never reassign standard input or standard output streams.
  - On semantic or syntactic specification violations always output a meaningful error message.
  - Only produce the information specified in the task; do not print any additional information.
  - Program code must compile without errors.
  - Requires passing mandatory tests before other tests are evaluated; violation yields automatic
  zero points.
  - Solutions must use Java SE 17.
  - Some Checkstyle rules are specially marked and their violation causes automatic zero points.
  - Submit *.java files for task A in individual work with corresponding folder structure in the
  designated directory.
  - Use System.in for input unless otherwise stated.
  - Use System.out for output unless otherwise stated.
  - Publication set outputs are printed line-by-line, ascending lexicographic order by identifier;
  empty set produces no output.
  - Author set outputs are printed line-by-line, ascending lexicographic order by last name (then
  first name); empty set produces no output.
  - Implementing quit must not use System.exit() or Runtime.exit().
  </adaptive_rules>

  <knowledge>
    - Online submission system automatically checks source code for Checkstyle rules during
  submission.
    - Leading characters "> " in examples are not part of the entered command.
  </knowledge>
  <entity_paths>
    - Implementierungsrichtlinien — Abschlussaufgabe 1 (SS 2022) USES Java SE 17: Solutions must use
   Java SE 17.
    - Implementierungsrichtlinien — Abschlussaufgabe 1 (SS 2022) RELATES_TO Mandatory tests:
  Requires passing mandatory tests before other tests are evaluated; violation yields automatic zero
   points.
    - Implementierungsrichtlinien — Abschlussaufgabe 1 (SS 2022) RELATES_TO Compiling without
  errors: Program code must compile without errors.
    - Implementierungsrichtlinien — Abschlussaufgabe 1 (SS 2022) RELATES_TO Allowed Java packages:
  Allowed Java library packages: java.lang, java.io, java.util, java.util.regex, java.util.stream,
  java.util.function unless otherwise stated.
    - Implementierungsrichtlinien — Abschlussaufgabe 1 (SS 2022) RELATES_TO Max line width 120:
  Maximum line width of 120 characters must be enforced.
    - Implementierungsrichtlinien — Abschlussaufgabe 1 (SS 2022) RELATES_TO Whitespace rules: All
  whitespace rules must be followed.
    - Implementierungsrichtlinien — Abschlussaufgabe 1 (SS 2022) RELATES_TO Naming rules: Follow
  rules for variable, method, and package naming.
    - Implementierungsrichtlinien — Abschlussaufgabe 1 (SS 2022) RELATES_TO Visibility choices:
  Choose appropriate visibilities for classes, methods, and attributes.
    - Implementierungsrichtlinien — Abschlussaufgabe 1 (SS 2022) RELATES_TO Do not use default
  package: Do not use the default package.
    - Implementierungsrichtlinien — Abschlussaufgabe 1 (SS 2022) RELATES_TO No System.exit or
  Runtime.exit: Do not call System.exit(), Runtime.exit(), or similar.
    - Implementierungsrichtlinien — Abschlussaufgabe 1 (SS 2022) RELATES_TO JavaDoc rules: Adhere to
   JavaDoc documentation rules.
    - Implementierungsrichtlinien — Abschlussaufgabe 1 (SS 2022) RELATES_TO Mandatory Checkstyle
  rules: Some Checkstyle rules are specially marked and their violation causes automatic zero
  points.
    - Implementierungsrichtlinien — Abschlussaufgabe 1 (SS 2022) RELATES_TO Submission of Java files
   with folder structure: Submit *.java files for task A in individual work with corresponding
  folder structure in the designated directory.
    - Implementierungsrichtlinien — Abschlussaufgabe 1 (SS 2022) RELATES_TO Exact output matching:
  Interactive program output must exactly match the specification including case, spaces, and line
  breaks.
    - Implementierungsrichtlinien — Abschlussaufgabe 1 (SS 2022) RELATES_TO No additional output:
  Only produce the information specified in the task; do not print any additional information.
    - Implementierungsrichtlinien — Abschlussaufgabe 1 (SS 2022) RELATES_TO Use System.in for input:
   Use System.in for input unless otherwise stated.
    - Implementierungsrichtlinien — Abschlussaufgabe 1 (SS 2022) RELATES_TO Use System.out for
  output: Use System.out for output unless otherwise stated.
    - Implementierungsrichtlinien — Abschlussaufgabe 1 (SS 2022) RELATES_TO Optional use of
  System.err: For error messages, using System.err instead of System.out is allowed.
    - Implementierungsrichtlinien — Abschlussaufgabe 1 (SS 2022) RELATES_TO Do not reassign standard
   streams: Never reassign standard input or standard output streams.
    - Implementierungsrichtlinien — Abschlussaufgabe 1 (SS 2022) RELATES_TO Error message
  formatting: Error messages must begin with 'Error,' and must not contain special characters such
  as newlines or umlauts.
  </entity_paths>
  <entity_matches>
    - Implementierungsrichtlinien — Abschlussaufgabe 1 (SS 2022) (score: 0.75) — Die Fehlermeldung
  sollte so geformt sein, dass für den Benutzer erkenntlich ist, warum eine Eingabe abgelehnt wurde.
    - Online submission system (score: 0.68) — The automated system used to submit assignments
    - Leading prompt '> ' (score: 0.66) — Characters used to mark example input lines
    - Whitespace rules (score: 0.66) — Whitespace formatting requirements
    - Compiling without errors (score: 0.65) — Submission must compile successfully
  </entity_matches>

● adaptive-memory extension active (role=requirements, memorySession=20260723-121444-req) - type
  /memory-help. MCP tools registered (memory=true, backlog=true).







Changes    +0 -0
Duration   1m 59s
Tokens     ↑ 57.5k (1.2k cached) • ↓ 217 (93 reasoning)
[delivery:requirements] Turn 2/11 complete
[delivery:requirements] Turn 3/11: task.md — segment 2/9 — Abschlussaufgabe 1 — KastelScholar > 1 Einführung
● [adaptive-context] GET http://localhost:4444/api/agents/7af7809a-adce-4fa9-9609-fd61059de0ff/sessi
  ons/20260723-121444-req/context?input=Dokument%3A+task.md%0ASegment%3A+2%2F9%0AAbschnitt%3A+Abschl
  ussaufgabe+1+%E2%80%94+KastelScholar+%3E+1+Einf%C3%BChrung%0A%0ALies+diesen+Abschnitt+sorgf%C3%A4l
  tig+und+behalte+den+Kontext.+Erstelle+noch+keinen+Backlog+und+noch+keine+Tasks.+Warte+damit+bis+zu
  m+abschlie%C3%9Fenden+%2Ffinalize.%0A%0A%23%23+1+Einf%C3%BChrung%0A%0AIn+dieser+Aufgabe+implementi
  eren+Sie+ein+System+zur+Literatur-+und+Zitatverwaltung.%0ADas+System+erlaubt+die+Verwaltung+einer+
  Literatursammlung+mit+Dokumenten+unterschiedlicher+Art+und+erlaubt+auf+Basis+der+verwalteten+Daten
  +einerseits+die+Suche+nach+Dokumenten%2C+die+bestimmte+Kriterien+erf%C3%BCllen%2C+als+auch+die+Ber
  echnung+von+abgeleiteten+Metriken+%C3%BCber+Autoren+oder+Dokumente.%0AZus%C3%A4tzlich+kann+f%C3%BC
  r+eine+geplante+schriftliche+Ausarbeitung+ein+Literaturverzeichnis+mit+einem+durch+den+Benutzer+ge
  w%C3%A4hlten+Format+generiert+werden.%0AReale+Systeme+und+Software%2C+die+teilweise+%C3%A4hnliche+
  Funktionalit%C3%A4ten+wie+das+hier+beschriebene+zu+implementierende+Programm+anbieten+sind+bspw.+C
  iteSeer%5EX%2C+Google+Scholar%2C+BibTeX%2C+JabRef+oder+Citavi.%0A%0AIm+Folgenden+werden+zun%C3%A4c
  hst+die+vorkommenden+Konzepte+kurz+erkl%C3%A4rt.%0AIm+Anschluss+werden+die+geforderten+Befehle%2C+
  die+das+von+Ihnen+implementierte+System+unterst%C3%BCtzen+soll%2C+mit+beispielhaften+Ein-+und+Ausg
  aben+beschrieben.&project=ProgrammingST22-Final1&role=requirements&task=Understand+the+st22final01
  +and+create+its+backlog+when+prompted.&timestamp=2026-07-23T10%3A18%3A33.656Z&domain=st22final01

● Injected adaptive memory context into system prompt

● <adaptive_rules>
  - Publication set outputs are printed line-by-line, ascending lexicographic order by identifier;
  empty set produces no output.
  - Adhere to JavaDoc documentation rules.
  - After printing an error message, the program should continue and wait for the next input.
  - All whitespace rules must be followed.
  - Allowed Java library packages: java.lang, java.io, java.util, java.util.regex, java.util.stream,
   java.util.function unless otherwise stated.
  - Choose appropriate visibilities for classes, methods, and attributes.
  - Do not call System.exit(), Runtime.exit(), or similar.
  - Do not use the default package.
  - Error messages may be free-form English text but should be meaningful.
  - Error messages must begin with 'Error,' and must not contain special characters such as newlines
   or umlauts.
  - Error messages should make clear to the user why an input was rejected.
  - Follow rules for variable, method, and package naming.
  - For error messages, using System.err instead of System.out is allowed.
  - If user input does not match the required format, output an error message.
  - Interactive program output must exactly match the specification including case, spaces, and line
   breaks.
  - Maximum line width of 120 characters must be enforced.
  - Never reassign standard input or standard output streams.
  - On semantic or syntactic specification violations always output a meaningful error message.
  - Only produce the information specified in the task; do not print any additional information.
  - Program code must compile without errors.
  - Requires passing mandatory tests before other tests are evaluated; violation yields automatic
  zero points.
  - Solutions must use Java SE 17.
  - Some Checkstyle rules are specially marked and their violation causes automatic zero points.
  - Submit *.java files for task A in individual work with corresponding folder structure in the
  designated directory.
  - Use System.in for input unless otherwise stated.
  - Use System.out for output unless otherwise stated.
  - Keywords propagate automatically: from conference series to conferences, from conferences to
  articles presented there, and from journals to articles published there; duplicate keywords are
  counted/mentioned only once.
  - Author set outputs are printed line-by-line, ascending lexicographic order by last name (then
  first name); empty set produces no output.
  - A Publication has a unique identifier (only lowercase letters and digits), a title, a
  publication year, and at least one author.
  - An Article can be published in exactly one publication venue (Conference or Journal).
  - Implementing quit must not use System.exit() or Runtime.exit().
  - Conference series and journals are uniquely identified by their type (series or journal) and
  their name; conferences are uniquely identified by conference series and year.
  </adaptive_rules>

  <knowledge>
    - Online submission system automatically checks source code for Checkstyle rules during
  submission.
    - Leading characters "> " in examples are not part of the entered command.
    - The bibliography is uniquely sorted by priority: last name of first author, first name of
  first author, last name of second author, first name of second author, …, title, year, publication
   identifier.
  </knowledge>
  <entity_paths>
    - Implementierungsrichtlinien — Abschlussaufgabe 1 (SS 2022) USES Java SE 17: Solutions must use
   Java SE 17.
    - Implementierungsrichtlinien — Abschlussaufgabe 1 (SS 2022) RELATES_TO Mandatory tests:
  Requires passing mandatory tests before other tests are evaluated; violation yields automatic zero
   points.
    - Implementierungsrichtlinien — Abschlussaufgabe 1 (SS 2022) RELATES_TO Compiling without
  errors: Program code must compile without errors.
    - Implementierungsrichtlinien — Abschlussaufgabe 1 (SS 2022) RELATES_TO Allowed Java packages:
  Allowed Java library packages: java.lang, java.io, java.util, java.util.regex, java.util.stream,
  java.util.function unless otherwise stated.
    - Implementierungsrichtlinien — Abschlussaufgabe 1 (SS 2022) RELATES_TO Max line width 120:
  Maximum line width of 120 characters must be enforced.
    - Implementierungsrichtlinien — Abschlussaufgabe 1 (SS 2022) RELATES_TO Whitespace rules: All
  whitespace rules must be followed.
    - Implementierungsrichtlinien — Abschlussaufgabe 1 (SS 2022) RELATES_TO Naming rules: Follow
  rules for variable, method, and package naming.
    - Implementierungsrichtlinien — Abschlussaufgabe 1 (SS 2022) RELATES_TO Visibility choices:
  Choose appropriate visibilities for classes, methods, and attributes.
    - Implementierungsrichtlinien — Abschlussaufgabe 1 (SS 2022) RELATES_TO Do not use default
  package: Do not use the default package.
    - Implementierungsrichtlinien — Abschlussaufgabe 1 (SS 2022) RELATES_TO No System.exit or
  Runtime.exit: Do not call System.exit(), Runtime.exit(), or similar.
    - Implementierungsrichtlinien — Abschlussaufgabe 1 (SS 2022) RELATES_TO JavaDoc rules: Adhere to
   JavaDoc documentation rules.
    - Implementierungsrichtlinien — Abschlussaufgabe 1 (SS 2022) RELATES_TO Mandatory Checkstyle
  rules: Some Checkstyle rules are specially marked and their violation causes automatic zero
  points.
    - Implementierungsrichtlinien — Abschlussaufgabe 1 (SS 2022) RELATES_TO Submission of Java files
   with folder structure: Submit *.java files for task A in individual work with corresponding
  folder structure in the designated directory.
    - Implementierungsrichtlinien — Abschlussaufgabe 1 (SS 2022) RELATES_TO Exact output matching:
  Interactive program output must exactly match the specification including case, spaces, and line
  breaks.
    - Implementierungsrichtlinien — Abschlussaufgabe 1 (SS 2022) RELATES_TO No additional output:
  Only produce the information specified in the task; do not print any additional information.
    - Implementierungsrichtlinien — Abschlussaufgabe 1 (SS 2022) RELATES_TO Use System.in for input:
   Use System.in for input unless otherwise stated.
    - Implementierungsrichtlinien — Abschlussaufgabe 1 (SS 2022) RELATES_TO Use System.out for
  output: Use System.out for output unless otherwise stated.
    - Implementierungsrichtlinien — Abschlussaufgabe 1 (SS 2022) RELATES_TO Optional use of
  System.err: For error messages, using System.err instead of System.out is allowed.
    - Implementierungsrichtlinien — Abschlussaufgabe 1 (SS 2022) RELATES_TO Do not reassign standard
   streams: Never reassign standard input or standard output streams.
    - Implementierungsrichtlinien — Abschlussaufgabe 1 (SS 2022) RELATES_TO Error message
  formatting: Error messages must begin with 'Error,' and must not contain special characters such
  as newlines or umlauts.
  </entity_paths>
  <entity_matches>
    - Implementierungsrichtlinien — Abschlussaufgabe 1 (SS 2022) (score: 0.74) — Die Fehlermeldung
  sollte so geformt sein, dass für den Benutzer erkenntlich ist, warum eine Eingabe abgelehnt wurde.
    - print bibliography command (score: 0.69) — Operation to create a bibliography from identifiers
    - Online submission system (score: 0.69) — The automated system used to submit assignments
    - Leading prompt '> ' (score: 0.66) — Characters used to mark example input lines
    - Bibliography sorting priority (score: 0.66) — Ordered tuple of properties used for sorting
  bibliography
  </entity_matches>

● adaptive-memory extension active (role=requirements, memorySession=20260723-121444-req) - type
  /memory-help. MCP tools registered (memory=true, backlog=true).







Changes    +0 -0
Duration   2m 13s
Tokens     ↑ 58.2k (1.3k cached) • ↓ 214 (44 reasoning)
[delivery:requirements] Turn 3/11 complete
[delivery:requirements] Turn 4/11: task.md — segment 3/9 — Abschlussaufgabe 1 — KastelScholar > 2 Konzepte
● [adaptive-context] GET http://localhost:4444/api/agents/7af7809a-adce-4fa9-9609-fd61059de0ff/sessi
  ons/20260723-121444-req/context?input=Dokument%3A+task.md%0ASegment%3A+3%2F9%0AAbschnitt%3A+Abschl
  ussaufgabe+1+%E2%80%94+KastelScholar+%3E+2+Konzepte%0A%0ALies+diesen+Abschnitt+sorgf%C3%A4ltig+und
  +behalte+den+Kontext.+Erstelle+noch+keinen+Backlog+und+noch+keine+Tasks.+Warte+damit+bis+zum+absch
  lie%C3%9Fenden+%2Ffinalize.%0A%0A%23%23+2+Konzepte%0A%0AIst+eine+Entit%C3%A4t+im+System+durch+ein+
  Attribut+oder+eine+Kombination+von+Attributen+im+Folgenden+als+%E2%80%9Eeindeutig+%28identifiziert
  %29%22+bezeichnet%2C+beispielsweise+durch+ihren+Namen%2C+muss+ihre+Implementierung+beim+Versuch+ei
  ne+weitere+Entit%C3%A4t+mit+dem+gleichen+eindeutigen+Identifier+im+System+anzulegen+eine+geeignete
  +Fehlermeldung+ausgegeben.%0AHierbei+ist+die+Gro%C3%9F-+und+Kleinschreibung+von+Zeichenfolgen+**re
  levant**%2C+also+ist+%60example%60+ein+anderer+Identifier+als+%60Example%60.%0ABeachten+Sie+dies+i
  nsbesondere+im+Folgenden+bei+der+Implementierung+von+Befehlen%2C+die+dem+System+Entit%C3%A4ten+hin
  zuf%C3%BCgen%2C+wie+zum+Beispiel+%60add+author%60+oder+%60add+journal%60.%0A%0A%23%23%23+2.1+Ver%C
  3%B6ffentlichung%0A%0AEine+wissenschaftliche+Ver%C3%B6ffentlichung%2C+auch+Publikation+genannt%2C+
  hat+immer%3A%0A%0A-+einen+eindeutigen+Identifier%2C+der+nur+aus+Kleinbuchstaben+und+Zahlen+besteht
  %2C%0A-+einen+Titel%2C%0A-+ein+Ver%C3%B6ffentlichungsjahr+und%0A-+mindestens+einen+Autor.%0A%0AF%C
  3%BCr+diese+Abschlussaufgabe+gibt+es+nur+eine+Art+von+Ver%C3%B6ffentlichung%3A+Artikel.%0AArtikel+
  werden+f%C3%BCr+eine+Konferenz+oder+f%C3%BCr+eine+Fachzeitschrift+%28engl.+*journal*%29+geschriebe
  n.%0A%0A%23%23%23+2.2+Konferenzen%2C+Konferenzserien+und+Fachzeitschriften%0A%0AEine+**%28wissensc
  haftliche%29+Konferenz**+ist+eine+Tagung%2C+auf+der+Wissenschaftler+zusammenkommen+und+auf+der+wis
  senschaftliche+Beitr%C3%A4ge%2C+also+Artikel%2C+in+Vortr%C3%A4gen+vorgestellt+und+diskutiert+werde
  n.%0ADie+vorgestellten+Artikel+werden+in+der+Regel+in+sogenannten+**Tagungsb%C3%A4ndern**+%28engl.
  +*proceedings*%29+ver%C3%B6ffentlicht.%0A%0AKonferenzen+zu+einem+Themenbereich+finden+h%C3%A4ufig+
  wiederkehrend+unter+dem+gleichen+Titel+und+Themenbereich+an+m%C3%B6glicherweise+unterschiedlichen+
  Orten+statt.+Dies+wird+als+**Konferenzserie**+bezeichnet.+In+einem+bestimmten+Jahr+findet+maximal+
  eine+Konferenz+einer+Konferenzserie+statt.+Es+gibt+auch+Konferenzen%2C+die+nur+einmalig+stattfinde
  n.+Dann+besteht+eine+Konferenzserie+aus+nur+genau+einer+Konferenz.%0AEine+Konferenz+ist+somit+eine
  +konkrete+Auspr%C3%A4gung+der+Konferenzserie+in+einem+bestimmten+Jahr+an+einem+festgelegten+Ort.%0
  AWissenschaftliche+Ver%C3%B6ffentlichungen+auf+Konferenzserien+sind+durch+ihr+Ver%C3%B6ffentlichun
  gsjahr+immer+genau+einer+konkreten+Konferenz+zugeordnet.%0A%0AEine+**Fachzeitschrift**+%28engl.+*j
  ournal*%29+ist+eine+regelm%C3%A4%C3%9Fig+erscheinende+Zeitschrift+zu+einem+bestimmten+Fachthema.%0
  AEine+Fachzeitschrift+besitzt+im+Folgenden+immer+genau+einen+Verleger.%0A%0AZur+einfacheren+Bezeic
  hnung+werden+im+Folgenden+Konferenzen+und+Fachzeitschriften+unter+dem+Begriff+**Publikationsort**+
  %28engl.+*venue*%29+zusammengefasst.%0AAlle+Konferenzserien+und+Fachzeitschriften+sind+durch+ihren
  +Typ+%28Serie+oder+Journal%29+und+durch+ihren+Namen+eindeutig+identifiziert.+Konferenzen+sind+durc
  h+die+Konferenzserie+und+das+Jahr+eindeutig+identifiziert.%0AEin+Artikel+kann+in+genau+einem+Publi
  kationsort+ver%C3%B6ffentlicht+sein.%0A%0A%23%23%23+2.3+Keyword%0A%0AUm+die+Suche+nach+relevanten+
  Artikeln%2C+Konferenzserien%2C+Konferenzen+und+Journals+zu+vereinfachen%2C+sind+diese+oft+mit+Schl
  %C3%BCsselw%C3%B6rtern+%28*keywords*%29+versehen.%0AEin+Schl%C3%BCsselwort+ist+eine+Zeichenkette%2
  C+die+nur+aus+Kleinbuchstaben+und+keinen+Sonderzeichen+besteht.%0ABeispiele+f%C3%BCr+Schl%C3%BCsse
  lw%C3%B6rter+sind%3A+%60java%60%2C+%60softwareengineering%60+oder+%60performance%60.%0A%0ASchl%C3%
  BCsselw%C3%B6rter+%C3%BCbertragen+sich+automatisch+von+Konferenzserien+auf+Konferenzen%2C+von+Konf
  erenzen+auf+dort+vorgestellte+Artikel+und+von+Journals+auf+darin+ver%C3%B6ffentlichte+Artikel.%0AD
  as+bedeutet+beispielsweise%2C+dass+eine+Konferenz+*zus%C3%A4tzlich+zu+den+eigenen+Schl%C3%BCsselw%
  C3%B6rtern*+auch+automatisch+die+Schl%C3%BCsselw%C3%B6rter+der+Konferenzserie+hat.%0AM%C3%B6gliche
  rweise+doppelt+vorkommende+Schl%C3%BCsselw%C3%B6rter+werden+nur+einmal+gez%C3%A4hlt+oder+erw%C3%A4
  hnt%2C+beispielsweise+bei+der+Auflistung+aller+Schl%C3%BCsselworte+eines+Artikels.%0A%0A%23%23%23+
  2.4+Autor%0A%0AAutoren+haben+einen+Vor-+und+einen+Nachnamen.%0AMehrere+Autoren+k%C3%B6nnen+gemeins
  am+eine+Ver%C3%B6ffentlichung+verfassen+und+haben+dann+eine+definierte+Reihenfolge.%0ADiese+Reihen
  folge+wird+in+Ihrer+Software+durch+die+Reihenfolge%2C+in+der+Autoren+zu+einer+Ver%C3%B6ffentlichun
  g+hinzugef%C3%BCgt+werden+festgelegt.%0ADer+erste+Autor+wird+als+Erstautor%2C+der+zweite+als+Zweit
  autor%2C+und+so+weiter+bezeichnet.%0A%0AAutoren+sind+im+System+durch+die+Kombination+aus+Vor-+und+
  Nachname+eindeutig+identifiziert.+Es+kann+sein%2C+dass+mehrere+Autoren+denselben+Vornamen+oder+den
  selben+Nachnamen+haben%2C+jedoch+niemals+beides.%0ADie+Gro%C3%9F-+und+Kleinschreibung+der+Namen+is
  t+relevant+und+wird+entsprechend+gepr%C3%BCft.+Folglich+sind+zwei+Autoren+auch+**unterschiedlich**
  %2C+wenn+sich+ihre+Namen+nur+durch+die+Gro%C3%9F-+und+Kleinschreibung+unterscheiden.%0A%0A%23%23%2
  3+2.5+Referenz%0A%0AVer%C3%B6ffentlichungen+k%C3%B6nnen+andere+Ver%C3%B6ffentlichungen+referenzier
  en.%0AEs+k%C3%B6nnen+nur+Ver%C3%B6ffentlichungen+mit+einem+echt+fr%C3%BCheren+Ver%C3%B6ffentlichun
  gsdatum+referenziert+werden.%0A%0A%23%23%23+2.6+Literaturverzeichnis+und+Formate%0A%0ADie+von+eine
  r+Ver%C3%B6ffentlichung+ausgehenden+Referenzen+werden+in+der+Regel+in+einem+f%C3%BCr+die+Ver%C3%B6
  ffentlichung+spezifischen+*Literaturverzeichnis*+dargestellt.%0AIn+der+Regel+wird+hierbei+im+Text+
  der+Ver%C3%B6ffentlichung+die+referenzierende+Stelle+mit+einem+K%C3%BCrzel+markiert+und+f%C3%BCr+d
  as+entsprechende+K%C3%BCrzel+werden+im+Literaturverzeichnis+weitere+Informationen+dargestellt.%0AD
  ie+Elemente+in+einem+Literaturverzeichnis+haben+eine+festgelegte+*Sortierung*+und+einen+w%C3%A4hlb
  aren+*Stil*.%0ABeide+werden+im+Folgenden+n%C3%A4her+erl%C3%A4utert.%0A%0A%23%23%23%23+Sortierung%0
  A%0AEin+Literaturverzeichnis+ist+immer+eindeutig+sortiert.+Die+Reihenfolge+zweier+Ver%C3%B6ffentli
  chungen+im+Literaturverzeichnis+wird+anhand+ihrer+Eigenschaften+bestimmt.+Jede+Eigenschaft+hat+dab
  ei+eine+bestimmte+Priorit%C3%A4t%2C+die+durch+die+folgende+Liste+beschrieben+ist.+Hierbei+wird+nur
  +zur+n%C3%A4chsten+Eigenschaft+in+der+Liste+fortgeschritten%2C+falls+zwei+Ver%C3%B6ffentlichungen+
  hinsichtlich+der+vorhergehenden+Eigenschaft+gleich+sind.%0ADas+bedeutet%2C+dass+f%C3%BCr+zwei+Ver%
  C3%B6ffentlichungen+gilt%3A+Liegt+der+Nachname+eines+ersten+Autors+lexikographisch+vor+einem+ander
  en%2C+so+wird+auch+die+Ver%C3%B6ffentlichung+vor+der+anderen+Ver%C3%B6ffentlichung+angeordnet.+Bei
  +gleichen+Nachnamen+der+ersten+Autoren+wird+der+Vorname+der+ersten+Autoren+verglichen.+Bei+gleiche
  n+Nach-+und+Vornamen+des+ersten+Autors+wird+analog+mit+dem+Vergleich+der+zweiten+Autoren+fortgefah
  ren%2C+und+so+weiter.%0AZudem+gelte%2C+dass+eine+Ver%C3%B6ffentlichung+mit+einem+nicht+vorhandenen
  +*n*-ten+Autor+in+dieser+Sortierung+vor+einer+Ver%C3%B6ffentlichung+mit+einem+existierenden+*n*-te
  n+Autor+liegt.%0A%0A1.+Nachname+des+ersten+Autors%2C%0A2.+Vorname+des+ersten+Autors%2C%0A3.+Nachna
  me+des+zweiten+Autors%2C%0A4.+Vorname+des+zweiten+Autors%2C%0A5.+%E2%80%A6%2C%0A6.+Nachname+des+le
  tzten+Autors%2C%0A7.+Vorname+des+letzten+Autors%2C%0A8.+Titel%2C%0A9.+Jahr+der+Ver%C3%B6ffentlichu
  ng%2C%0A10.+der+eindeutige+Identifier+der+Ver%C3%B6ffentlichung.%0A%0AF%C3%BCr+Texte+%28z.B.+Namen
  %29+ist+jeweils+die+aufsteigende+lexikographische+Ordnung+gemeint+%28z.B.+%60a%60+vor+%60aa%60+vor
  +%60ab%60+vor+%60bb%60%29.%0AZahlen+werden+gem%C3%A4%C3%9F+ihrer+nat%C3%BCrlichen+Ordnung+aufsteig
  end+sortiert+%28z.B.+%60-1%60+vor+%600%60+vor+%601%60+vor+%6042.5%60%29.%0ABeispielhaft+werden+Pub
  likationen+wie+folgt+sortiert+%28---+dr%C3%BCckt+aus%2C+dass+es+keinen+Zweit-+oder+Drittautor+gibt
  %29%3A%0A%0A%7C+Publikationsidentifier+%7C+Autor+1+%7C+Autor+2+%7C+Autor+3+%7C%0A%7C---%7C---%7C--
  -%7C---%7C%0A%7C+1+%7C+A+%7C+---+%7C+---+%7C%0A%7C+2+%7C+A+%7C+B+%7C+---+%7C%0A%7C+3+%7C+B+%7C+---
  +%7C+---+%7C%0A%7C+4+%7C+B+%7C+C+%7C+D+%7C%0A%7C+5+%7C+B+%7C+D+%7C+---+%7C%0A%0A%23%23%23%23+Liter
  aturverzeichnisstile%0A%0AEs+gibt+verschiedene+Stile%2C+in+denen+Referenzen+dargestellt+werden+k%C
  3%B6nnen.%0AIm+Rahmen+dieser+Aufgabe+sollen+die+beiden+Stile+*ACM+Simplified*+und+*APA+Simplified*
  +implementiert+werden.%0ADie+hier+vorgestellten+Zitierstile+sind+vereinfachte+und+angepasste+Versi
  onen+h%C3%A4ufig+verwendeter+Zitierstile.%0AJeder+Zitierstil+verf%C3%BCgt+%C3%BCber+einen+Identifi
  er%2C+%C3%BCber+den+der+Stil+durch+den+Benutzer+Ihres+Systems+referenziert+werden+kann+%28%60acm%6
  0+und+%60apa%60%29.%0AIm+Folgenden+wird+f%C3%BCr+jede+Art+von+Publikation+beschrieben%2C+wie+diese
  +im+jeweiligen+Stil+im+Literaturverzeichnis+dargestellt+wird.%0A%0AZur+vereinfachten+Lesbarkeit%2C
  +Verst%C3%A4ndlichkeit+und+Eindeutigkeit+werden+im+Folgenden+zwei+spezielle+Symbole+genutzt%3A+Das
  +Zeichen+%60%E2%90%A3%60+ist+ein+Leerzeichen+%28ASCII-Zeichen+32+bzw.+Unicode+U%2B0020%29.%0A%0A%2
  3%23%23%23%23+ACM+Simplified+%28%60acm%60%29%0A%0A%7C+Typ+%7C+Formatierung+%7C%0A%7C---%7C---%7C%0
  A%7C+Konferenzartikel%3A+%7C+%60%3Cbibidentifier%3E%E2%90%A3%3Cauthor+list%3E.%E2%90%A3%3Ctitle%3E
  .%E2%90%A3In%E2%90%A3Proceedings%E2%90%A3of%E2%90%A3%3Cconference+series+name%3E%2C%E2%90%A3%3Cyea
  r+of+conference%3E%2C%E2%90%A3%3Cconference+location%3E.%60+%7C%0A%7C+Journalartikel%3A+%7C+%60%3C
  bibidentifier%3E%E2%90%A3%3Cauthor+list%3E.%E2%90%A3%3Cyear%3E.%E2%90%A3%3Ctitle%3E.%E2%90%A3%3Cjo
  urnal+title%3E.%60+%7C%0A%0A%60%3Cbibidentifier%3E%60+ist+f%C3%BCr+diesen+Stil+so+definiert%3A+%60
  %5B%3Corder%3E%5D%60%2C+wobei+%60%3Corder%3E%60+die+Position+des+referenzierten+Werks+im+wie+oben+
  beschrieben+sortierten+Literaturverzeichnis+ist.%0ASomit+ist+%60%3Cbibidentifier%3E%60+f%C3%BCr+da
  s+an+erster+Stelle+stehende+Werk+%60%5B1%5D%60%2C+f%C3%BCr+das+zweite+%60%5B2%5D%60%2C+und+so+weit
  er.%0A%0A%60%3Cauthor+list%3E%60+ist+f%C3%BCr+diesen+Stil+so+definiert%3A%0A%0A%7C+Fall+%7C+%60%3C
  author+list%3E%60+%7C%0A%7C---%7C---%7C%0A%7C+Genau+ein+Autor%3A+%7C+%60%3Cauthor+1+name%3E%60+%7C
  %0A%7C+Genau+zwei+Autoren%3A+%7C+%60%3Cauthor+1+name%3E%E2%90%A3and%E2%90%A3%3Cauthor+2+name%3E%60
  +%7C%0A%7C+Mehr+als+zwei+Autoren%3A+%7C+%60%3Cauthor+1+name%3E%2C%E2%90%A3%3Cauthor+2+name%3E%2C%E
  2%90%A3%3Cauthor+3+name%3E%2C%60+%E2%8B%AF+%60%2C%E2%90%A3and%E2%90%A3%3Clast+author+name%3E%60+%7
  C%0A%0AHierbei+ist+%60%3Cauthor+i+name%3E%60+wie+folgt+definiert%3A+%60%3Cfirst+name%3E%E2%90%A3%3
  Clast+name%3E%60%0A%0A%23%23%23%23%23+APA+Simplified+%28%60apa%60%29%0A%0A%7C+Typ+%7C+Formatierung
  +%7C%0A%7C---%7C---%7C%0A%7C+Konferenzartikel%3A+%7C+%60%3Cauthor+list%3E%E2%90%A3%28%3Cyear+of+co
  nference%3E%29.%E2%90%A3%3Ctitle%3E.%E2%90%A3%3Cconference+series+name%3E%2C%E2%90%A3%3Cconference
  +location%3E.%60+%7C%0A%7C+Journalartikel%3A+%7C+%60%3Cauthor+list%3E%E2%90%A3%28%3Cyear%3E%29.%E2
  %90%A3%3Ctitle%3E.%E2%90%A3%3Cjournal+title%3E.%60+%7C%0A%0A%60%3Cauthor+list%3E%60+ist+f%C3%BCr+d
  iesen+Stil+so+definiert%3A%0A%0A%7C+Fall+%7C+%60%3Cauthor+list%3E%60+%7C%0A%7C---%7C---%7C%0A%7C+G
  enau+ein+Autor%3A+%7C+%60%3Cauthor+1+name%3E%60+%7C%0A%7C+Genau+zwei+Autoren%3A+%7C+%60%3Cauthor+1
  +name%3E%2C%E2%90%A3%26%E2%90%A3%3Cauthor+2+name%3E%60+%7C%0A%7C+Mehr+als+zwei+Autoren%3A+%7C+%60%
  3Cauthor+1+name%3E%2C%E2%90%A3%3Cauthor+2+name%3E%2C%60+%E2%8B%AF+%60%2C%E2%90%A3%26%E2%90%A3%3Cau
  thor+n+name%3E%60+%7C%0A%0AHierbei+ist+%60%3Cauthor+i+name%3E%60+wie+folgt+definiert%3A+%60%3Clast
  +name%3E%2C%E2%90%A3%3Cuppercase+first+letter+of+first+name%3E.%60&project=ProgrammingST22-Final1&
  role=requirements&task=Understand+the+st22final01+and+create+its+backlog+when+prompted.&timestamp=
  2026-07-23T10%3A18%3A47.814Z&domain=st22final01

● Injected adaptive memory context into system prompt

● <adaptive_rules>
  - A Publication has a unique identifier (only lowercase letters and digits), a title, a
  publication year, and at least one author.
  - Conference series and journals are uniquely identified by their type (series or journal) and
  their name; conferences are uniquely identified by conference series and year.
  - If an entity is declared unique by attribute(s), creating another entity with the same unique
  identifier must produce an appropriate error message.
  - An Article can be published in exactly one publication venue (Conference or Journal).
  - Publication set outputs are printed line-by-line, ascending lexicographic order by identifier;
  empty set produces no output.
  - A Journal always has exactly one publisher.
  - Author set outputs are printed line-by-line, ascending lexicographic order by last name (then
  first name); empty set produces no output.
  - Adhere to JavaDoc documentation rules.
  - After printing an error message, the program should continue and wait for the next input.
  - All whitespace rules must be followed.
  - Allowed Java library packages: java.lang, java.io, java.util, java.util.regex, java.util.stream,
   java.util.function unless otherwise stated.
  - Choose appropriate visibilities for classes, methods, and attributes.
  - Do not call System.exit(), Runtime.exit(), or similar.
  - Do not use the default package.
  - Error messages may be free-form English text but should be meaningful.
  - Error messages must begin with 'Error,' and must not contain special characters such as newlines
   or umlauts.
  - Error messages should make clear to the user why an input was rejected.
  - Follow rules for variable, method, and package naming.
  - For error messages, using System.err instead of System.out is allowed.
  - If user input does not match the required format, output an error message.
  - Interactive program output must exactly match the specification including case, spaces, and line
   breaks.
  - Maximum line width of 120 characters must be enforced.
  - Never reassign standard input or standard output streams.
  - On semantic or syntactic specification violations always output a meaningful error message.
  - Only produce the information specified in the task; do not print any additional information.
  - Program code must compile without errors.
  - Requires passing mandatory tests before other tests are evaluated; violation yields automatic
  zero points.
  - Solutions must use Java SE 17.
  - Some Checkstyle rules are specially marked and their violation causes automatic zero points.
  - Submit *.java files for task A in individual work with corresponding folder structure in the
  designated directory.
  - Use System.in for input unless otherwise stated.
  - Use System.out for output unless otherwise stated.
  - Keywords propagate automatically: from conference series to conferences, from conferences to
  articles presented there, and from journals to articles published there; duplicate keywords are
  counted/mentioned only once.
  - For a given year, at most one conference of a conference series may take place.
  - <float> values are always output with exactly three decimal places in format X.XXX using '.' as
  separator, truncated (not rounded); values are <= 10^6.
  - Implementing quit must not use System.exit() or Runtime.exit().
  </adaptive_rules>

  <knowledge>
    - Online submission system automatically checks source code for Checkstyle rules during
  submission.
    - The bibliography is uniquely sorted by priority: last name of first author, first name of
  first author, last name of second author, first name of second author, …, title, year, publication
   identifier.
    - A publication missing the n-th author sorts before a publication that has an n-th author when
  comparing at that author position.
    - Authors are uniquely identified by the combination of given name and family name; names
  differing only by case denote different authors.
    - Leading characters "> " in examples are not part of the entered command.
    - Publications may only reference publications with a strictly earlier publication year; not
  themselves and not publications in the same year.
    - A publication may reference the same publication at most once.
    - For 'add keywords to', already present keywords are ignored; the remaining keywords are added
  normally.
    - Keywords consist only of lowercase letters and contain no special characters.
    - Words between angle brackets are placeholders; actual input/output values do not include angle
   brackets.
    - For 'written by', if an author is added multiple times to the same publication or if any
  passed author is missing in the system, then none of the provided authors are added and an error
  is output.
    - Placeholder lists are given as <list of Xs>, are non-empty, single element appears as <X>,
  multiple elements use the form <X>;<X>;…;<X>.
  </knowledge>
  <entity_paths>
    - print bibliography command RELATES_TO Error on missing/invalid ids; duplicates printed once:
  For 'print bibliography': if any publication identifier is not present or an entry is invalid,
  only an error message is output and no bibliography is created; if a publication appears multiple
  times it is printed only once.
    - Bibliography sorting priority RELATES_TO Sort keys: authors, title, year, identifier: The
  bibliography is uniquely sorted by priority: last name of first author, first name of first
  author, last name of second author, first name of second author, …, title, year, publication
  identifier.
    - Conference series / Journal / Conference RELATES_TO Identification by type+name or
  series+year: Conference series and journals are uniquely identified by their type (series or
  journal) and their name; conferences are uniquely identified by conference series and year.
  </entity_paths>
  <entity_matches>
    - Identifier/title/year/≥1 author (score: 0.73) — Required publication attributes
    - print bibliography command (score: 0.72) — Operation to create a bibliography from identifiers
    - Bibliography sorting priority (score: 0.71) — Ordered tuple of properties used for sorting
  bibliography
    - Conference series / Journal / Conference (score: 0.71) — Publication venue types and
  uniqueness keys
    - Sort keys: authors, title, year, identifier (score: 0.71) — Exact sequence of sorting keys
  </entity_matches>

● adaptive-memory extension active (role=requirements, memorySession=20260723-121444-req) - type
  /memory-help. MCP tools registered (memory=true, backlog=true).







Changes    +0 -0
Duration   2m 40s
Tokens     ↑ 60.6k (1.3k cached) • ↓ 1.1k (611 reasoning)
[delivery:requirements] Turn 4/11 complete
[delivery:requirements] Turn 5/11: task.md — segment 4/9 — Abschlussaufgabe 1 — KastelScholar > 3 Hinweise zur Implementierung
● [adaptive-context] GET http://localhost:4444/api/agents/7af7809a-adce-4fa9-9609-fd61059de0ff/sessi
  ons/20260723-121444-req/context?input=Dokument%3A+task.md%0ASegment%3A+4%2F9%0AAbschnitt%3A+Abschl
  ussaufgabe+1+%E2%80%94+KastelScholar+%3E+3+Hinweise+zur+Implementierung%0A%0ALies+diesen+Abschnitt
  +sorgf%C3%A4ltig+und+behalte+den+Kontext.+Erstelle+noch+keinen+Backlog+und+noch+keine+Tasks.+Warte
  +damit+bis+zum+abschlie%C3%9Fenden+%2Ffinalize.%0A%0A%23%23+3+Hinweise+zur+Implementierung%0A%0ANa
  ch+dem+Start+nimmt+Ihr+Programm+%C3%BCber+die+Kommandozeile+mittels+der+Standardeingabe+Eingaben+e
  ntgegen%2C+die+im+Folgenden+n%C3%A4her+spezifiziert+werden.+Alle+Befehle+werden+auf+dem+aktuellen+
  Zustand+des+Programms+ausgef%C3%BChrt.+Nach+Abarbeitung+einer+Eingabe+wartet+Ihr+Programm+auf+weit
  ere+Eingaben%2C+bis+das+Programm+irgendwann+durch+die+Eingabe+der+Zeichenfolge+%60quit%60+beendet+
  wird.%0A%0AIn+Beispielen+werden+Eingabezeilen+mit+einer+schlie%C3%9Fenden+spitzen+Klammer+%28%60%3
  E%60%29+gefolgt+von+einem+Leerzeichen+eingeleitet.+Diese+beiden+Zeichen+sind+kein+Bestandteil+des+
  eingegebenen+Befehls%2C+sondern+dienen+der+Unterscheidung+von+Ein-+und+Ausgabezeilen.%0A%0AAchten+
  Sie+darauf%2C+dass+durch+die+Ausf%C3%BChrung+der+folgenden+Befehle+die+gegebenen+semantischen+und+
  syntaktischen+Spezifikationen+nicht+verletzt+werden+und+geben+Sie+bei+Verletzung+der+Spezifikation
  en+immer+eine+aussagekr%C3%A4ftige+Fehlermeldung+aus.%0AWenn+die+Benutzereingabe+nicht+dem+vorgege
  benen+Format+entspricht%2C+ist+auch+eine+Fehlermeldung+auszugeben.+Nach+der+Ausgabe+einer+Fehlerme
  ldung+soll+das+Programm+wie+erwartet+fortfahren+und+wieder+auf+die+n%C3%A4chste+Eingabe+warten.%0A
  Die+Fehlermeldung+sollte+so+geformt+sein%2C+dass+f%C3%BCr+den+Benutzer+erkenntlich+ist%2C+warum+ei
  ne+Eingabe+abgelehnt+wurde.%0A%0ADa+wir+automatische+Tests+Ihrer+interaktiven+Benutzerschnittstell
  e+durchf%C3%BChren%2C+m%C3%BCssen+die+Ausgaben+exakt+den+Vorgaben+entsprechen.+Insbesondere+sollen
  +sowohl+Klein-+und+Gro%C3%9Fbuchstaben+als+auch+die+Leerzeichen+und+Zeilenumbr%C3%BCche+genau+%C3%
  BCbereinstimmen.+Setzen+Sie+nur+die+in+der+Aufgabenstellung+angegebenen+Informationen+um.+Geben+Si
  e+auch+keine+zus%C3%A4tzlichen+Informationen+aus.+Bei+Fehlermeldungen+d%C3%BCrfen+Sie+den+englisch
  sprachigen+Text+frei+w%C3%A4hlen%2C+er+sollte+jedoch+sinnvoll+sein.+Jede+Fehlermeldung+muss+aber+m
  it+%60Error%2C%60+beginnen+und+darf+keine+Sonderzeichen%2C+wie+beispielsweise+Zeilenumbr%C3%BCche+
  oder+Umlaute%2C+enthalten.%0A%0AWenn+nicht+anders+angegeben%2C+ist+f%C3%BCr+Eingabe+immer+die+Stan
  dardeingabe+%60System.in%60+zu+verwenden.+Wenn+nicht+anders+angegeben%2C+ist+f%C3%BCr+Ausgaben+imm
  er+die+Standardausgabe+%60System.out%60+zu+verwenden.+F%C3%BCr+Fehlermeldungen+kann+anstelle+der+S
  tandardausgabe+optional+die+Standardfehlerausgabe+%60System.err%60+verwendet+werden.+Weisen+Sie+di
  ese+Standardeingabe+und+-ausgabe+niemals+neu+zu.%0A%0ABeachten+Sie%2C+dass+bei+der+Beschreibung+de
  r+Eingabe-+und+Ausgabeformate+die+W%C3%B6rter+zwischen+spitzen+Klammen+f%C3%BCr+Platzhalter+stehen
  %2C+die+bei+der+konkreten+Ein-+und+Ausgabe+durch+Werte+ersetzt+werden.+Diese+eigentlichen+Werte+en
  thalten+bei+der+Ein-+und+Ausgabe+keine+spitzen+Klammern.+Vergleichen+Sie+hierzu+auch+den+Beispiela
  blauf.&project=ProgrammingST22-Final1&role=requirements&task=Understand+the+st22final01+and+create
  +its+backlog+when+prompted.&timestamp=2026-07-23T10%3A19%3A14.607Z&domain=st22final01

● Injected adaptive memory context into system prompt

● <adaptive_rules>
  - Adhere to JavaDoc documentation rules.
  - After printing an error message, the program should continue and wait for the next input.
  - All whitespace rules must be followed.
  - Allowed Java library packages: java.lang, java.io, java.util, java.util.regex, java.util.stream,
   java.util.function unless otherwise stated.
  - Choose appropriate visibilities for classes, methods, and attributes.
  - Do not call System.exit(), Runtime.exit(), or similar.
  - Do not use the default package.
  - Error messages may be free-form English text but should be meaningful.
  - Error messages must begin with 'Error,' and must not contain special characters such as newlines
   or umlauts.
  - Error messages should make clear to the user why an input was rejected.
  - Follow rules for variable, method, and package naming.
  - For error messages, using System.err instead of System.out is allowed.
  - If user input does not match the required format, output an error message.
  - Interactive program output must exactly match the specification including case, spaces, and line
   breaks.
  - Maximum line width of 120 characters must be enforced.
  - Never reassign standard input or standard output streams.
  - On semantic or syntactic specification violations always output a meaningful error message.
  - Only produce the information specified in the task; do not print any additional information.
  - Program code must compile without errors.
  - Requires passing mandatory tests before other tests are evaluated; violation yields automatic
  zero points.
  - Solutions must use Java SE 17.
  - Some Checkstyle rules are specially marked and their violation causes automatic zero points.
  - Submit *.java files for task A in individual work with corresponding folder structure in the
  designated directory.
  - Use System.in for input unless otherwise stated.
  - Use System.out for output unless otherwise stated.
  - Implementing quit must not use System.exit() or Runtime.exit().
  - Publication set outputs are printed line-by-line, ascending lexicographic order by identifier;
  empty set produces no output.
  - Author set outputs are printed line-by-line, ascending lexicographic order by last name (then
  first name); empty set produces no output.
  - <float> values are always output with exactly three decimal places in format X.XXX using '.' as
  separator, truncated (not rounded); values are <= 10^6.
  - If an entity is declared unique by attribute(s), creating another entity with the same unique
  identifier must produce an appropriate error message.
  </adaptive_rules>

  <memories>
    - ProgrammingST22-Final1 includes the specification documents and source files: task.md,
  guidelines.md, examples.md, Main.java, Author.java, Article.java, Journal.java,
  ConferenceSeries.java, Conference.java.
    - ProgrammingST22-Final1 uses Java SE 17 as the required Java version for the project.
    - Main.java in the repository is the implemented CLI for KastelScholar and contains an extensive
   implementation of all 20 specified commands (~1326 lines).
  </memories>
  <knowledge>
    - Online submission system automatically checks source code for Checkstyle rules during
  submission.
    - Leading characters "> " in examples are not part of the entered command.
    - The program is terminated by the parameterless command `quit`.
    - Words between angle brackets are placeholders; actual input/output values do not include angle
   brackets.
  </knowledge>
  <entity_paths>
    - ProgrammingST22-Final1 USES Java SE 17: ProgrammingST22-Final1 uses Java SE 17 as the required
   Java version for the project.
    - ProgrammingST22-Final1 RELATES_TO task.md: ProgrammingST22-Final1 includes the specification
  documents and source files: task.md, guidelines.md, examples.md, Main.java, Author.java,
  Article.java, Journal.java, ConferenceSeries.java, Conference.java.
    - ProgrammingST22-Final1 RELATES_TO guidelines.md: ProgrammingST22-Final1 includes the
  specification documents and source files: task.md, guidelines.md, examples.md, Main.java,
  Author.java, Article.java, Journal.java, ConferenceSeries.java, Conference.java.
    - ProgrammingST22-Final1 RELATES_TO examples.md: ProgrammingST22-Final1 includes the
  specification documents and source files: task.md, guidelines.md, examples.md, Main.java,
  Author.java, Article.java, Journal.java, ConferenceSeries.java, Conference.java.
    - ProgrammingST22-Final1 RELATES_TO Main.java: ProgrammingST22-Final1 includes the specification
   documents and source files: task.md, guidelines.md, examples.md, Main.java, Author.java,
  Article.java, Journal.java, ConferenceSeries.java, Conference.java.
    - ProgrammingST22-Final1 RELATES_TO Author.java: ProgrammingST22-Final1 includes the
  specification documents and source files: task.md, guidelines.md, examples.md, Main.java,
  Author.java, Article.java, Journal.java, ConferenceSeries.java, Conference.java.
    - ProgrammingST22-Final1 RELATES_TO Article.java: ProgrammingST22-Final1 includes the
  specification documents and source files: task.md, guidelines.md, examples.md, Main.java,
  Author.java, Article.java, Journal.java, ConferenceSeries.java, Conference.java.
    - ProgrammingST22-Final1 RELATES_TO Journal.java: ProgrammingST22-Final1 includes the
  specification documents and source files: task.md, guidelines.md, examples.md, Main.java,
  Author.java, Article.java, Journal.java, ConferenceSeries.java, Conference.java.
    - ProgrammingST22-Final1 RELATES_TO ConferenceSeries.java: ProgrammingST22-Final1 includes the
  specification documents and source files: task.md, guidelines.md, examples.md, Main.java,
  Author.java, Article.java, Journal.java, ConferenceSeries.java, Conference.java.
    - ProgrammingST22-Final1 RELATES_TO Conference.java: ProgrammingST22-Final1 includes the
  specification documents and source files: task.md, guidelines.md, examples.md, Main.java,
  Author.java, Article.java, Journal.java, ConferenceSeries.java, Conference.java.
    - Implementierungsrichtlinien — Abschlussaufgabe 1 (SS 2022) USES Java SE 17: Solutions must use
   Java SE 17.
    - Implementierungsrichtlinien — Abschlussaufgabe 1 (SS 2022) RELATES_TO Mandatory tests:
  Requires passing mandatory tests before other tests are evaluated; violation yields automatic zero
   points.
    - Implementierungsrichtlinien — Abschlussaufgabe 1 (SS 2022) RELATES_TO Compiling without
  errors: Program code must compile without errors.
    - Implementierungsrichtlinien — Abschlussaufgabe 1 (SS 2022) RELATES_TO Allowed Java packages:
  Allowed Java library packages: java.lang, java.io, java.util, java.util.regex, java.util.stream,
  java.util.function unless otherwise stated.
    - Implementierungsrichtlinien — Abschlussaufgabe 1 (SS 2022) RELATES_TO Max line width 120:
  Maximum line width of 120 characters must be enforced.
    - Implementierungsrichtlinien — Abschlussaufgabe 1 (SS 2022) RELATES_TO Whitespace rules: All
  whitespace rules must be followed.
    - Implementierungsrichtlinien — Abschlussaufgabe 1 (SS 2022) RELATES_TO Naming rules: Follow
  rules for variable, method, and package naming.
    - Implementierungsrichtlinien — Abschlussaufgabe 1 (SS 2022) RELATES_TO Visibility choices:
  Choose appropriate visibilities for classes, methods, and attributes.
    - Implementierungsrichtlinien — Abschlussaufgabe 1 (SS 2022) RELATES_TO Do not use default
  package: Do not use the default package.
    - Implementierungsrichtlinien — Abschlussaufgabe 1 (SS 2022) RELATES_TO No System.exit or
  Runtime.exit: Do not call System.exit(), Runtime.exit(), or similar.
  </entity_paths>
  <entity_matches>
    - ProgrammingST22-Final1 (score: 1.00) — Repository/project for the KastelScholar assignment.
    - Implementierungsrichtlinien — Abschlussaufgabe 1 (SS 2022) (score: 0.81) — Die Fehlermeldung
  sollte so geformt sein, dass für den Benutzer erkenntlich ist, warum eine Eingabe abgelehnt wurde.
    - JavaDoc rules (score: 0.69) — Required JavaDoc documentation conventions
    - Use System.in for input (score: 0.68) — Standard input must be System.in
    - Continue after error (score: 0.68) — Program must continue and wait for further input after
  errors
  </entity_matches>

● adaptive-memory extension active (role=requirements, memorySession=20260723-121444-req) - type
  /memory-help. MCP tools registered (memory=true, backlog=true).







Changes    +0 -0
Duration   2m 58s
Tokens     ↑ 62.5k (1.3k cached) • ↓ 439 (58 reasoning)
[delivery:requirements] Turn 5/11 complete
[delivery:requirements] Turn 6/11: task.md — segment 5/9 — Abschlussaufgabe 1 — KastelScholar > 4 Funktionalität
● [adaptive-context] GET http://localhost:4444/api/agents/7af7809a-adce-4fa9-9609-fd61059de0ff/sessi
  ons/20260723-121444-req/context?input=Dokument%3A+task.md%0ASegment%3A+5%2F9%0AAbschnitt%3A+Abschl
  ussaufgabe+1+%E2%80%94+KastelScholar+%3E+4+Funktionalit%C3%A4t%0A%0ALies+diesen+Abschnitt+sorgf%C3
  %A4ltig+und+behalte+den+Kontext.+Erstelle+noch+keinen+Backlog+und+noch+keine+Tasks.+Warte+damit+bi
  s+zum+abschlie%C3%9Fenden+%2Ffinalize.%0A%0A%23%23+4+Funktionalit%C3%A4t%0A%0AIm+Folgenden+wird+di
  e+erforderliche+Funktionalit%C3%A4t+des+Systems+beschrieben.%0ADie+Beschreibung+der+Funktionalit%C
  3%A4t+des+Systems+ist+in+die+folgenden+Kategorien+von+Kommandos+gegliedert%3A%0A%0A-+**Datenbestan
  d%3A**+Hinzuf%C3%BCgen%2C+%C3%84ndern+und+L%C3%B6schen+von+Entit%C3%A4ten+oder+der+Beziehung+zwisc
  hen+Entit%C3%A4ten.%0A-+**Anfragen%3A**+Informationen+%C3%BCber+Entit%C3%A4ten%2C+Auflisten+von+En
  tit%C3%A4ten+die+gegebene+Eigenschaften+erf%C3%BCllen.&project=ProgrammingST22-Final1&role=require
  ments&task=Understand+the+st22final01+and+create+its+backlog+when+prompted.&timestamp=2026-07-23T1
  0%3A19%3A32.898Z&domain=st22final01

● Injected adaptive memory context into system prompt

● <adaptive_rules>
  - Adhere to JavaDoc documentation rules.
  - After printing an error message, the program should continue and wait for the next input.
  - All whitespace rules must be followed.
  - Allowed Java library packages: java.lang, java.io, java.util, java.util.regex, java.util.stream,
   java.util.function unless otherwise stated.
  - Choose appropriate visibilities for classes, methods, and attributes.
  - Do not call System.exit(), Runtime.exit(), or similar.
  - Do not use the default package.
  - Error messages may be free-form English text but should be meaningful.
  - Error messages must begin with 'Error,' and must not contain special characters such as newlines
   or umlauts.
  - Error messages should make clear to the user why an input was rejected.
  - Follow rules for variable, method, and package naming.
  - For error messages, using System.err instead of System.out is allowed.
  - If user input does not match the required format, output an error message.
  - Interactive program output must exactly match the specification including case, spaces, and line
   breaks.
  - Maximum line width of 120 characters must be enforced.
  - Never reassign standard input or standard output streams.
  - On semantic or syntactic specification violations always output a meaningful error message.
  - Only produce the information specified in the task; do not print any additional information.
  - Program code must compile without errors.
  - Requires passing mandatory tests before other tests are evaluated; violation yields automatic
  zero points.
  - Solutions must use Java SE 17.
  - Some Checkstyle rules are specially marked and their violation causes automatic zero points.
  - Submit *.java files for task A in individual work with corresponding folder structure in the
  designated directory.
  - Use System.in for input unless otherwise stated.
  - Use System.out for output unless otherwise stated.
  - Publication set outputs are printed line-by-line, ascending lexicographic order by identifier;
  empty set produces no output.
  - Implementing quit must not use System.exit() or Runtime.exit().
  </adaptive_rules>

  <memories>
    - ProgrammingST22-Final1 includes the specification documents and source files: task.md,
  guidelines.md, examples.md, Main.java, Author.java, Article.java, Journal.java,
  ConferenceSeries.java, Conference.java.
    - task.md relates to the instructor Prof. Dr.-Ing. Anne Koziolek
    - Main.java in the repository is the implemented CLI for KastelScholar and contains an extensive
   implementation of all 20 specified commands (~1326 lines).
    - ProgrammingST22-Final1 uses Java SE 17 as the required Java version for the project.
    - task.md relates to the lecture Programmieren
  </memories>
  <knowledge>
    - Online submission system automatically checks source code for Checkstyle rules during
  submission.
    - Leading characters "> " in examples are not part of the entered command.
    - Placeholder lists are given as <list of Xs>, are non-empty, single element appears as <X>,
  multiple elements use the form <X>;<X>;…;<X>.
  </knowledge>
  <entity_paths>
    - ProgrammingST22-Final1 USES Java SE 17: ProgrammingST22-Final1 uses Java SE 17 as the required
   Java version for the project.
    - ProgrammingST22-Final1 RELATES_TO task.md: ProgrammingST22-Final1 includes the specification
  documents and source files: task.md, guidelines.md, examples.md, Main.java, Author.java,
  Article.java, Journal.java, ConferenceSeries.java, Conference.java.
    - ProgrammingST22-Final1 RELATES_TO guidelines.md: ProgrammingST22-Final1 includes the
  specification documents and source files: task.md, guidelines.md, examples.md, Main.java,
  Author.java, Article.java, Journal.java, ConferenceSeries.java, Conference.java.
    - ProgrammingST22-Final1 RELATES_TO examples.md: ProgrammingST22-Final1 includes the
  specification documents and source files: task.md, guidelines.md, examples.md, Main.java,
  Author.java, Article.java, Journal.java, ConferenceSeries.java, Conference.java.
    - ProgrammingST22-Final1 RELATES_TO Main.java: ProgrammingST22-Final1 includes the specification
   documents and source files: task.md, guidelines.md, examples.md, Main.java, Author.java,
  Article.java, Journal.java, ConferenceSeries.java, Conference.java.
    - ProgrammingST22-Final1 RELATES_TO Author.java: ProgrammingST22-Final1 includes the
  specification documents and source files: task.md, guidelines.md, examples.md, Main.java,
  Author.java, Article.java, Journal.java, ConferenceSeries.java, Conference.java.
    - ProgrammingST22-Final1 RELATES_TO Article.java: ProgrammingST22-Final1 includes the
  specification documents and source files: task.md, guidelines.md, examples.md, Main.java,
  Author.java, Article.java, Journal.java, ConferenceSeries.java, Conference.java.
    - ProgrammingST22-Final1 RELATES_TO Journal.java: ProgrammingST22-Final1 includes the
  specification documents and source files: task.md, guidelines.md, examples.md, Main.java,
  Author.java, Article.java, Journal.java, ConferenceSeries.java, Conference.java.
    - ProgrammingST22-Final1 RELATES_TO ConferenceSeries.java: ProgrammingST22-Final1 includes the
  specification documents and source files: task.md, guidelines.md, examples.md, Main.java,
  Author.java, Article.java, Journal.java, ConferenceSeries.java, Conference.java.
    - ProgrammingST22-Final1 RELATES_TO Conference.java: ProgrammingST22-Final1 includes the
  specification documents and source files: task.md, guidelines.md, examples.md, Main.java,
  Author.java, Article.java, Journal.java, ConferenceSeries.java, Conference.java.
    - Implementierungsrichtlinien — Abschlussaufgabe 1 (SS 2022) USES Java SE 17: Solutions must use
   Java SE 17.
    - Implementierungsrichtlinien — Abschlussaufgabe 1 (SS 2022) RELATES_TO Mandatory tests:
  Requires passing mandatory tests before other tests are evaluated; violation yields automatic zero
   points.
    - Implementierungsrichtlinien — Abschlussaufgabe 1 (SS 2022) RELATES_TO Compiling without
  errors: Program code must compile without errors.
    - Implementierungsrichtlinien — Abschlussaufgabe 1 (SS 2022) RELATES_TO Allowed Java packages:
  Allowed Java library packages: java.lang, java.io, java.util, java.util.regex, java.util.stream,
  java.util.function unless otherwise stated.
    - Implementierungsrichtlinien — Abschlussaufgabe 1 (SS 2022) RELATES_TO Max line width 120:
  Maximum line width of 120 characters must be enforced.
    - Implementierungsrichtlinien — Abschlussaufgabe 1 (SS 2022) RELATES_TO Whitespace rules: All
  whitespace rules must be followed.
    - Implementierungsrichtlinien — Abschlussaufgabe 1 (SS 2022) RELATES_TO Naming rules: Follow
  rules for variable, method, and package naming.
    - Implementierungsrichtlinien — Abschlussaufgabe 1 (SS 2022) RELATES_TO Visibility choices:
  Choose appropriate visibilities for classes, methods, and attributes.
    - Implementierungsrichtlinien — Abschlussaufgabe 1 (SS 2022) RELATES_TO Do not use default
  package: Do not use the default package.
    - Implementierungsrichtlinien — Abschlussaufgabe 1 (SS 2022) RELATES_TO No System.exit or
  Runtime.exit: Do not call System.exit(), Runtime.exit(), or similar.
  </entity_paths>
  <entity_matches>
    - ProgrammingST22-Final1 (score: 1.00) — Repository/project for the KastelScholar assignment.
    - Implementierungsrichtlinien — Abschlussaufgabe 1 (SS 2022) (score: 0.74) — Die Fehlermeldung
  sollte so geformt sein, dass für den Benutzer erkenntlich ist, warum eine Eingabe abgelehnt wurde.
    - Leading prompt '> ' (score: 0.66) — Characters used to mark example input lines
    - Whitespace rules (score: 0.66) — Whitespace formatting requirements
    - Exact output matching (score: 0.65) — Output must exactly match expected formatting
  </entity_matches>

● adaptive-memory extension active (role=requirements, memorySession=20260723-121444-req) - type
  /memory-help. MCP tools registered (memory=true, backlog=true).







Changes    +0 -0
Duration   3m 12s
Tokens     ↑ 63.0k (1.3k cached) • ↓ 195 (87 reasoning)
[delivery:requirements] Turn 6/11 complete
[delivery:requirements] Turn 7/11: task.md — segment 6/9 — Abschlussaufgabe 1 — KastelScholar > 4 Funktionalität > 4.1 Platzhalter
● [adaptive-context] GET http://localhost:4444/api/agents/7af7809a-adce-4fa9-9609-fd61059de0ff/sessi
  ons/20260723-121444-req/context?input=Dokument%3A+task.md%0ASegment%3A+6%2F9%0AAbschnitt%3A+Abschl
  ussaufgabe+1+%E2%80%94+KastelScholar+%3E+4+Funktionalit%C3%A4t+%3E+4.1+Platzhalter%0A%0ALies+diese
  n+Abschnitt+sorgf%C3%A4ltig+und+behalte+den+Kontext.+Erstelle+noch+keinen+Backlog+und+noch+keine+T
  asks.+Warte+damit+bis+zum+abschlie%C3%9Fenden+%2Ffinalize.%0A%0A%23%23%23+4.1+Platzhalter%0A%0ALis
  ten+von+Platzhaltern+sind+immer+in+der+Form+%60%3Clist+of+Xs%3E%60+angegeben.%0AEine+Liste+kann+ei
  n+oder+mehrere+Elemente+enthalten+%28also+nicht+leer+sein%29.%0AWird+nur+ein+Element+angegeben%2C+
  hat+die+Eingabe+die+Form+%60%3CX%3E%60.%0AEs+k%C3%B6nnen+beliebig+viele+weitere+Elemente+durch+%60
  %3B%3CX%3E%60+angeh%C3%A4ngt+werden%2C+wodurch+sich+insgesamt+die+Form+%60%3CX%3E%3B%3CX%3E%3B%E2%
  80%A6%3B%3CX%3E%60+ergibt.%0A%0A**%60%3Cvenue%3E%60**+Referenziert+im+Folgenden+immer+einen+existi
  erenden+Publikationsort%2C+also+eine+Konferenzserie+oder+ein+Journal.%0AFalls+es+sich+um+ein+Journ
  al+handelt%2C+entspricht+%60%3Cvenue%3E%60+dem+Format+%60journal%E2%90%A3%3Cjournal%3E%60.%0AFalls
  +es+sich+um+eine+Konferenzserie+handelt%2C+entspricht+%60%3Cvenue%3E%60+dem+Format+%60series%E2%90
  %A3%3Cseries%3E%60.%0A%0A**%60%3Cfloat%3E%60**+Eine+Gleitkommazahl%2C+die+**immer**+mit+genau+drei
  +Nachkommastellen+im+Format+%60X.XXX%60+ausgegeben+wird.%0ABeachten+Sie%2C+dass+hierbei+ein+Punkt+
  %28%60.%60%29+als+Trennzeichen+genutzt+wird.%0ANach+der+dritten+Nachkommastelle+wird+die+Zahl+**ab
  geschnitten**%2C+es+wird+also+**nicht+gerundet**.%0ADie+Zahl+5%2F9+w%C3%BCrde+beispielsweise+als+%
  600.555%60+ausgegeben.%0A*Hinweis%3A*+Sie+k%C3%B6nnen+davon+ausgehen%2C+dass+die+Zahlen+nicht+gr%C
  3%B6%C3%9Fer+als+10%5E6+sind.%0A%0A**%60%3Cindex%3E%60**+Eine+Ganzzahl+gr%C3%B6%C3%9Fer+oder+gleic
  h+null.%0A%0A**%60%3Cyear%3E%60**+Eine+Ganzzahl+aus+dem+geschlossenen+Intervall+%5B0%2C+9999%5D.%0
  A%0A**%60%3Cstyle%3E%60**+Der+Identifier+eines+Literaturverzeichnisstils%2C+gem%C3%A4%C3%9F+Abschn
  itt+%E2%80%9ELiteraturverzeichnis+und+Formate%22+entweder+%60acm%60+oder+%60apa%60.%0A%0A**%60%3Ck
  eyword%3E%60**+Ein+Schl%C3%BCsselwort+in+Form+einer+Zeichenkette%2C+die+nur+aus+Kleinbuchstaben+be
  steht.%0A%0A**%60%3Cauthor%3E%60**+Repr%C3%A4sentiert+einen+Autor+in+der+Form+%60%3Cfirstname%3E%E
  2%90%A3%3Clastname%3E%60%0A%0A**%60%3Cfirstname%3E%60**+Der+Vorname+eines+Autors+in+Form+einer+Zei
  chenkette+ohne+Leerzeichen%2C+Zeilenumbr%C3%BCche%2C+Kommata+oder+Semikola.%0A%0A**%60%3Clastname%
  3E%60**+Der+Nachname+eines+Autors+in+Form+einer+Zeichenkette+ohne+Leerzeichen%2C+Zeilenumbr%C3%BCc
  he%2C+Kommata+oder+Semikola.%0A%0A**%60%3Cpublisher%3E%60**+Der+Name+eines+Verlegers+in+Form+einer
  +Zeichenkette+ohne+Zeilenumbr%C3%BCche%2C+Kommata+oder+Semikola.%0A%0A**%60%3Cjournal%3E%60**+Der+
  Name+eines+Journals+in+Form+einer+Zeichenkette+ohne+Zeilenumbr%C3%BCche%2C+Kommata+oder+Semikola.%
  0A%0A**%60%3Cseries%3E%60**+Der+Name+einer+Konferenzserie+in+Form+einer+Zeichenkette+ohne+Zeilenum
  br%C3%BCche%2C+Kommata+oder+Semikola.%0A%0A**%60%3Clocation%3E%60**+Der+Name+eines+geografischen+S
  tandortes+in+Form+einer+Zeichenkette+ohne+Zeilenumbr%C3%BCche%2C+Kommata+oder+Semikola.%0A%0A**%60
  %3Cid%3E%60**+Der+Identifier+einer+Publikation+in+Form+einer+Zeichenkette%2C+die+nur+Kleinbuchstab
  en+und+Zahlen+beinhalten+darf.%0A%0A**%60%3Ctitle%3E%60**+Der+Titel+einer+Publikation+in+Form+eine
  r+Zeichenkette+ohne+Zeilenumbr%C3%BCche%2C+Kommata+oder+Semikola.%0A%0A**%60%3Cpublications%3E%60*
  *+Zeilenweise+Ausgabe+der+Identifier+einer+Menge+von+Publikationen.+Die+Ausgabe+erfolgt+aufsteigen
  d+lexikografisch+sortiert+auf+Grundlage+der+Identifier.+Falls+die+Menge+der+auszugebenden+Publikat
  ionen+leer+ist%2C+findet+keine+Ausgabe+statt.%0A%0A**%60%3Cauthors%3E%60**+Zeilenweise+Ausgabe+ein
  er+Menge+von+Autoren+in+der+Form+von+%60%3Cauthor%3E%60.+Die+Ausgabe+erfolgt+aufsteigend+lexikogra
  fisch+sortiert+auf+Grundlage+des+Nachnamens.+Bei+gleichem+Nachnamen+wird+aufsteigend+lexikografisc
  h+sortiert+auf+Grundlage+des+Vornamens.+Falls+die+Menge+der+auszugebenden+Autoren+leer+ist%2C+find
  et+keine+Ausgabe+statt.%0A%0A**%60%3Cbibliography%3E%60**+Repr%C3%A4sentiert+die+Ausgabe+eines+sor
  tierten+Literaturverzeichnisses+%28siehe+Abschnitt+%E2%80%9ELiteraturverzeichnis+und+Formate%22%29
  .+Jeder+Eintrag+im+Literaturverzeichnis+wird+in+einer+eigenen+Zeile+ausgegeben.+Das+Format+der+aus
  zugebenden+Eintr%C3%A4ge+richtet+sich+nach+dem+gew%C3%A4hlten+Literaturverzeichnisstil.&project=Pr
  ogrammingST22-Final1&role=requirements&task=Understand+the+st22final01+and+create+its+backlog+when
  +prompted.&timestamp=2026-07-23T10%3A19%3A47.416Z&domain=st22final01

● Injected adaptive memory context into system prompt

● <adaptive_rules>
  - Publication set outputs are printed line-by-line, ascending lexicographic order by identifier;
  empty set produces no output.
  - A Publication has a unique identifier (only lowercase letters and digits), a title, a
  publication year, and at least one author.
  - Author set outputs are printed line-by-line, ascending lexicographic order by last name (then
  first name); empty set produces no output.
  - Conference series and journals are uniquely identified by their type (series or journal) and
  their name; conferences are uniquely identified by conference series and year.
  - An Article can be published in exactly one publication venue (Conference or Journal).
  - <float> values are always output with exactly three decimal places in format X.XXX using '.' as
  separator, truncated (not rounded); values are <= 10^6.
  - Adhere to JavaDoc documentation rules.
  - After printing an error message, the program should continue and wait for the next input.
  - All whitespace rules must be followed.
  - Allowed Java library packages: java.lang, java.io, java.util, java.util.regex, java.util.stream,
   java.util.function unless otherwise stated.
  - Choose appropriate visibilities for classes, methods, and attributes.
  - Do not call System.exit(), Runtime.exit(), or similar.
  - Do not use the default package.
  - Error messages may be free-form English text but should be meaningful.
  - Error messages must begin with 'Error,' and must not contain special characters such as newlines
   or umlauts.
  - Error messages should make clear to the user why an input was rejected.
  - Follow rules for variable, method, and package naming.
  - For error messages, using System.err instead of System.out is allowed.
  - If user input does not match the required format, output an error message.
  - Interactive program output must exactly match the specification including case, spaces, and line
   breaks.
  - Maximum line width of 120 characters must be enforced.
  - Never reassign standard input or standard output streams.
  - On semantic or syntactic specification violations always output a meaningful error message.
  - Only produce the information specified in the task; do not print any additional information.
  - Program code must compile without errors.
  - Requires passing mandatory tests before other tests are evaluated; violation yields automatic
  zero points.
  - Solutions must use Java SE 17.
  - Some Checkstyle rules are specially marked and their violation causes automatic zero points.
  - Submit *.java files for task A in individual work with corresponding folder structure in the
  designated directory.
  - Use System.in for input unless otherwise stated.
  - Use System.out for output unless otherwise stated.
  - For a given year, at most one conference of a conference series may take place.
  - Keywords propagate automatically: from conference series to conferences, from conferences to
  articles presented there, and from journals to articles published there; duplicate keywords are
  counted/mentioned only once.
  - A Journal always has exactly one publisher.
  - Implementing quit must not use System.exit() or Runtime.exit().
  </adaptive_rules>

  <memories>
    - ProgrammingST22-Final1 includes the specification documents and source files: task.md,
  guidelines.md, examples.md, Main.java, Author.java, Article.java, Journal.java,
  ConferenceSeries.java, Conference.java.
    - ProgrammingST22-Final1 includes domain model source files Author.java, Article.java,
  Journal.java, ConferenceSeries.java, and Conference.java implemented as records or final classes.
    - task.md is the assignment document for the course 'Programmieren' (Abschlussaufgabe 1 —
  KastelScholar).
    - ProgrammingST22-Final1 follows the rules and constraints specified in guidelines.md (coding,
  output formatting, error formatting).
    - task.md relates to the system KastelScholar (assignment title)
    - ProgrammingST22-Final1 contains Main.java which implements all 20 commands in a single main
  program (~1326 lines).
    - ProgrammingST22-Final1 uses Java SE 17 as the required Java platform for the assignment.
    - ProgrammingST22-Final1 uses Java SE 17 as the required Java version for the project.
  </memories>
  <knowledge>
    - Online submission system automatically checks source code for Checkstyle rules during
  submission.
    - The bibliography is uniquely sorted by priority: last name of first author, first name of
  first author, last name of second author, first name of second author, …, title, year, publication
   identifier.
    - A publication missing the n-th author sorts before a publication that has an n-th author when
  comparing at that author position.
    - Placeholder lists are given as <list of Xs>, are non-empty, single element appears as <X>,
  multiple elements use the form <X>;<X>;…;<X>.
    - Leading characters "> " in examples are not part of the entered command.
    - <year> is an integer in the closed interval [0, 9999].
  </knowledge>
  <entity_paths>
    - ProgrammingST22-Final1 USES Java SE 17: ProgrammingST22-Final1 uses Java SE 17 as the required
   Java version for the project.; ProgrammingST22-Final1 uses Java SE 17 as the required Java
  platform for the assignment.
    - ProgrammingST22-Final1 RELATES_TO task.md: ProgrammingST22-Final1 includes the specification
  documents and source files: task.md, guidelines.md, examples.md, Main.java, Author.java,
  Article.java, Journal.java, ConferenceSeries.java, Conference.java.
    - ProgrammingST22-Final1 RELATES_TO guidelines.md: ProgrammingST22-Final1 includes the
  specification documents and source files: task.md, guidelines.md, examples.md, Main.java,
  Author.java, Article.java, Journal.java, ConferenceSeries.java, Conference.java.;
  ProgrammingST22-Final1 follows the rules and constraints specified in guidelines.md (coding,
  output formatting, error formatting).
    - ProgrammingST22-Final1 RELATES_TO examples.md: ProgrammingST22-Final1 includes the
  specification documents and source files: task.md, guidelines.md, examples.md, Main.java,
  Author.java, Article.java, Journal.java, ConferenceSeries.java, Conference.java.
    - ProgrammingST22-Final1 RELATES_TO Main.java: ProgrammingST22-Final1 includes the specification
   documents and source files: task.md, guidelines.md, examples.md, Main.java, Author.java,
  Article.java, Journal.java, ConferenceSeries.java, Conference.java.; ProgrammingST22-Final1
  contains Main.java which implements all 20 commands in a single main program (~1326 lines).
    - ProgrammingST22-Final1 RELATES_TO Author.java: ProgrammingST22-Final1 includes the
  specification documents and source files: task.md, guidelines.md, examples.md, Main.java,
  Author.java, Article.java, Journal.java, ConferenceSeries.java, Conference.java.
    - ProgrammingST22-Final1 RELATES_TO Article.java: ProgrammingST22-Final1 includes the
  specification documents and source files: task.md, guidelines.md, examples.md, Main.java,
  Author.java, Article.java, Journal.java, ConferenceSeries.java, Conference.java.
    - ProgrammingST22-Final1 RELATES_TO Journal.java: ProgrammingST22-Final1 includes the
  specification documents and source files: task.md, guidelines.md, examples.md, Main.java,
  Author.java, Article.java, Journal.java, ConferenceSeries.java, Conference.java.
    - ProgrammingST22-Final1 RELATES_TO ConferenceSeries.java: ProgrammingST22-Final1 includes the
  specification documents and source files: task.md, guidelines.md, examples.md, Main.java,
  Author.java, Article.java, Journal.java, ConferenceSeries.java, Conference.java.
    - ProgrammingST22-Final1 RELATES_TO Conference.java: ProgrammingST22-Final1 includes the
  specification documents and source files: task.md, guidelines.md, examples.md, Main.java,
  Author.java, Article.java, Journal.java, ConferenceSeries.java, Conference.java.
    - ProgrammingST22-Final1 RELATES_TO Author.java, Article.java, Journal.java,
  ConferenceSeries.java, Conference.java: ProgrammingST22-Final1 includes domain model source files
  Author.java, Article.java, Journal.java, ConferenceSeries.java, and Conference.java implemented as
   records or final classes.
    - task.md RELATES_TO guidelines.md: ProgrammingST22-Final1 includes the specification documents
  and source files: task.md, guidelines.md, examples.md, Main.java, Author.java, Article.java,
  Journal.java, ConferenceSeries.java, Conference.java.
    - task.md RELATES_TO examples.md: ProgrammingST22-Final1 includes the specification documents
  and source files: task.md, guidelines.md, examples.md, Main.java, Author.java, Article.java,
  Journal.java, ConferenceSeries.java, Conference.java.
    - task.md RELATES_TO Main.java: ProgrammingST22-Final1 includes the specification documents and
  source files: task.md, guidelines.md, examples.md, Main.java, Author.java, Article.java,
  Journal.java, ConferenceSeries.java, Conference.java.
    - task.md RELATES_TO Author.java: ProgrammingST22-Final1 includes the specification documents
  and source files: task.md, guidelines.md, examples.md, Main.java, Author.java, Article.java,
  Journal.java, ConferenceSeries.java, Conference.java.
    - task.md RELATES_TO Article.java: ProgrammingST22-Final1 includes the specification documents
  and source files: task.md, guidelines.md, examples.md, Main.java, Author.java, Article.java,
  Journal.java, ConferenceSeries.java, Conference.java.
    - task.md RELATES_TO Journal.java: ProgrammingST22-Final1 includes the specification documents
  and source files: task.md, guidelines.md, examples.md, Main.java, Author.java, Article.java,
  Journal.java, ConferenceSeries.java, Conference.java.
    - task.md RELATES_TO ConferenceSeries.java: ProgrammingST22-Final1 includes the specification
  documents and source files: task.md, guidelines.md, examples.md, Main.java, Author.java,
  Article.java, Journal.java, ConferenceSeries.java, Conference.java.
    - task.md RELATES_TO Conference.java: ProgrammingST22-Final1 includes the specification
  documents and source files: task.md, guidelines.md, examples.md, Main.java, Author.java,
  Article.java, Journal.java, ConferenceSeries.java, Conference.java.
    - task.md RELATES_TO KastelScholar: task.md relates to the system KastelScholar (assignment
  title)
  </entity_paths>
  <entity_matches>
    - ProgrammingST22-Final1 (score: 1.00) — Course project repository for the Sommersemester 2022
  assignment.
    - task.md (score: 0.78) — Assignment file containing Abschlussaufgabe 1 — KastelScholar.
    - guidelines.md (score: 0.70) — Project coding and style guidelines
    - KastelScholar (score: 0.70) — Name of the assignment target application
    - Sommersemester 2022 (score: 0.68) — Academic term for the assignment.
  </entity_matches>
  <insights>
    - Agent community around ProgrammingST22-Final1, guidelines.md, Java SE 17 connects Author.java,
   Article.java, Journal.java, ConferenceSeries.java. Relevant agent facts: ProgrammingST22-Final1
  includes the specification documents and source files: task.md, guidelines.md, examples.md,
  Main.java, Author.java, Article.java, Journal.java, ConferenceSeries.java, Conference.java.;
  ProgrammingST22-Final1 uses Java SE 17 as the required Java version for the project.;
  ProgrammingST22-Final1 follows the rules and constraints specified in guidelines.md (coding,
  output formatting, error formatting).
    - Agent community around task.md, KastelScholar, Sommersemester 2022. Relevant agent facts:
  ProgrammingST22-Final1 includes the specification documents and source files: task.md,
  guidelines.md, examples.md, Main.java, Author.java, Article.java, Journal.java,
  ConferenceSeries.java, Conference.java.; task.md relates to the assignment points value 20;
  task.md relates to the instructor Prof. Dr.-Ing. Anne Koziolek
    - Agent community around Prof. Dr.-Ing. Anne Koziolek, Programmieren, Institute of Information
  Security and Dependability. Relevant agent facts: task.md relates to the instructor Prof. Dr.-Ing.
   Anne Koziolek; Prof. Dr.-Ing. Anne Koziolek is the instructor for the course 'Programmieren'.;
  task.md relates to the lecture Programmieren
    - Agent community around task.md, KastelScholar, Sommersemester 2022 connects Version 1.3,
  Programmieren, Institute of Information Security and Dependability. Relevant agent facts:
  ProgrammingST22-Final1 includes the specification documents and source files: task.md,
  guidelines.md, examples.md, Main.java, Author.java, Article.java, Journal.java,
  ConferenceSeries.java, Conference.java.; task.md relates to the assignment points value 20;
  task.md relates to the instructor Prof. Dr.-Ing. Anne Koziolek
  </insights>

● adaptive-memory extension active (role=requirements, memorySession=20260723-121444-req) - type
  /memory-help. MCP tools registered (memory=true, backlog=true).







Changes    +0 -0
Duration   3m 31s
Tokens     ↑ 65.2k (1.3k cached) • ↓ 508 (18 reasoning)
[delivery:requirements] Turn 7/11 complete
[delivery:requirements] Turn 8/11: task.md — segment 7/9 — Abschlussaufgabe 1 — KastelScholar > 4 Funktionalität > 4.2 Datenbestand
● [adaptive-context] GET http://localhost:4444/api/agents/7af7809a-adce-4fa9-9609-fd61059de0ff/sessi
  ons/20260723-121444-req/context?input=Dokument%3A+task.md%0ASegment%3A+7%2F9%0AAbschnitt%3A+Abschl
  ussaufgabe+1+%E2%80%94+KastelScholar+%3E+4+Funktionalit%C3%A4t+%3E+4.2+Datenbestand%0A%0ALies+dies
  en+Abschnitt+sorgf%C3%A4ltig+und+behalte+den+Kontext.+Erstelle+noch+keinen+Backlog+und+noch+keine+
  Tasks.+Warte+damit+bis+zum+abschlie%C3%9Fenden+%2Ffinalize.%0A%0A%23%23%23+4.2+Datenbestand%0A%0A%
  23%23%23%23+Der+%60quit%60-Befehl%0A%0ADer+parameterlose+Befehl+erm%C3%B6glicht+es+das+Programm+vo
  llst%C3%A4ndig+zu+beenden.+Beachten+Sie%2C+dass+hierf%C3%BCr+keine+Methoden+wie+%60System.exit%28%
  29%60+oder+%60Runtime.exit%28%29%60+verwendet+werden+d%C3%BCrfen.%0A%0A**Eingabe%3A**+%60quit%60%0
  A%0A%23%23%23%23+Der+%60add+author%60-Befehl%0A%0AF%C3%BCgt+dem+System+einen+Autor+hinzu.%0A%0A**E
  ingabe%3A**+%60add%E2%90%A3author%E2%90%A3%3Cauthor%3E%60%0A%0A%23%23%23%23+Der+%60add+journal%60-
  Befehl%0A%0ALegt+ein+Journal+mit+dem+gegebenen+Namen+und+dem+gegebenen+Verleger+an.%0A%0A**Eingabe
  %3A**+%60add%E2%90%A3journal%E2%90%A3%3Cjournal%3E%2C%3Cpublisher%3E%60%0A%0A%23%23%23%23+Der+%60a
  dd+series%60-Befehl%0A%0ALegt+eine+Konferenzserie+mit+dem+gegebenen+Namen+an.%0A%0A**Eingabe%3A**+
  %60add%E2%90%A3series%E2%90%A3%3Cseries%3E%60%0A%0A%23%23%23%23+Der+%60add+conference%60-Befehl%0A
  %0ALegt+eine+Konferenz+an%2C+die+zur+gegebenen+Serie+geh%C3%B6rt+und+im+gegebene+Jahr+am+gegebenen
  +Ort+stattgefunden+hat.%0AFalls+die+Konferenzserie+nicht+existiert%2C+gebe+einen+Fehler+aus.%0A%0A
  **Eingabe%3A**+%60add%E2%90%A3conference%E2%90%A3%3Cseries%3E%2C%3Cyear%3E%2C%3Clocation%3E%60%0A%
  0A%23%23%23%23+Der+%60add+article+to%60-Befehl%0A%0AF%C3%BCgt+einen+wissenschaftlichen+Artikel+zu+
  einem+Publikationsort+hinzu.%0A%0A**Eingabe%3A**+%60add%E2%90%A3article%E2%90%A3to%E2%90%A3%3Cvenu
  e%3E%3A%3Cid%3E%2C%3Cyear%3E%2C%3Ctitle%3E%60%0A%0A%23%23%23%23+Der+%60written+by%60-Befehl%0A%0AL
  egt+fest%2C+dass+die+angegebenen+Autoren+an+der+gegebenen+Publikation+mitgeschrieben+haben.%0ADies
  er+Befehl+kann+auch+mehrfach+f%C3%BCr+die+gleiche+Publikation+aufgerufen+werden%2C+dann+werden+imm
  er+weitere+Autoren+hinzugef%C3%BCgt.%0AEin+Autor+kann+nur+einmal+zur+gleichen+Publikation+hinzugef
  %C3%BCgt+werden%2C+ansonsten+wird+ein+Fehler+ausgegeben+und+keiner+der+%C3%BCbergebenen+Autoren+wi
  rd+hinzugef%C3%BCgt.%0ADas+gleiche+gilt%2C+falls+einer+der+Autoren+nicht+im+System+vorhanden+ist.%
  0ADie+Reihenfolge+der+Autoren+ist+bei+einem+Aufruf+durch+die+Reihenfolge+in+der+gegebenen+Liste+fe
  stgelegt.%0ABei+einem+weiteren+Aufruf+des+Kommandos+werden+die+weiteren+Autoren+am+Ende+der+Liste+
  der+Autoren+hinzugef%C3%BCgt.%0A%0A**Eingabe%3A**+%60written%E2%90%A3by%E2%90%A3%3Cid%3E%2C%3Clist
  +of+authors%3E%60%0A%0A%23%23%23%23+Der+%60cites%60-Befehl%0A%0ALegt+fest%2C+dass+die+Publikation+
  mit+dem+ersten+gegebenen+Identifier+die+Publikation+mit+dem+zweiten+gegebenen+Identifier+zitiert.%
  0APublikationen+k%C3%B6nnen+nur+Publikationen+zitieren%2C+die+echt+vor+ihnen+ver%C3%B6ffentlicht+w
  urden.%0ADamit+k%C3%B6nnen+Publikationen+insbesondere+nicht+sich+selbst+zitieren+und+auch+keine+Pu
  blikationen%2C+die+im+selben+Jahr+ver%C3%B6ffentlicht+wurden.%0AEine+Publikation+kann+dieselbe+Pub
  likation+maximal+einmal+referenzieren.%0AEine+Publikation+kann+beliebig+viele+andere+Publikationen
  +referenzieren+und+kann+beliebig+oft+referenziert+werden.%0A%0A**Eingabe%3A**+%60cites%E2%90%A3%3C
  id%3E%2C%3Cid%3E%60%0A%0A%23%23%23%23+Der+%60add+keywords+to%60-Befehl%0A%0AF%C3%BCgt+die+gegebene
  n+Keywords+zu+einer+existierenden+Publikation%2C+Konferenzserie+oder+Fachzeitschrift+hinzu.%0AIst+
  eines+der+Keywords+bereits+zu+der+Entit%C3%A4t+hinzugef%C3%BCgt%2C+wird+dieses+Keyword+ignoriert%2
  C+die+anderen+jedoch+normal+hinzugef%C3%BCgt.%0A%0A**Eingabe%3A**+%60add%E2%90%A3keywords%E2%90%A3
  to%E2%90%A3%3Cid%2Fvenue%3E%3A%3Clist+of+keywords%3E%60&project=ProgrammingST22-Final1&role=requir
  ements&task=Understand+the+st22final01+and+create+its+backlog+when+prompted.&timestamp=2026-07-23T
  10%3A20%3A05.890Z&domain=st22final01

● Injected adaptive memory context into system prompt

● <adaptive_rules>
  - A Journal always has exactly one publisher.
  - Implementing quit must not use System.exit() or Runtime.exit().
  - Publication set outputs are printed line-by-line, ascending lexicographic order by identifier;
  empty set produces no output.
  - A Publication has a unique identifier (only lowercase letters and digits), a title, a
  publication year, and at least one author.
  - For a given year, at most one conference of a conference series may take place.
  - Keywords propagate automatically: from conference series to conferences, from conferences to
  articles presented there, and from journals to articles published there; duplicate keywords are
  counted/mentioned only once.
  - An Article can be published in exactly one publication venue (Conference or Journal).
  - Adhere to JavaDoc documentation rules.
  - After printing an error message, the program should continue and wait for the next input.
  - All whitespace rules must be followed.
  - Allowed Java library packages: java.lang, java.io, java.util, java.util.regex, java.util.stream,
   java.util.function unless otherwise stated.
  - Choose appropriate visibilities for classes, methods, and attributes.
  - Do not call System.exit(), Runtime.exit(), or similar.
  - Do not use the default package.
  - Error messages may be free-form English text but should be meaningful.
  - Error messages must begin with 'Error,' and must not contain special characters such as newlines
   or umlauts.
  - Error messages should make clear to the user why an input was rejected.
  - Follow rules for variable, method, and package naming.
  - For error messages, using System.err instead of System.out is allowed.
  - If user input does not match the required format, output an error message.
  - Interactive program output must exactly match the specification including case, spaces, and line
   breaks.
  - Maximum line width of 120 characters must be enforced.
  - Never reassign standard input or standard output streams.
  - On semantic or syntactic specification violations always output a meaningful error message.
  - Only produce the information specified in the task; do not print any additional information.
  - Program code must compile without errors.
  - Requires passing mandatory tests before other tests are evaluated; violation yields automatic
  zero points.
  - Solutions must use Java SE 17.
  - Some Checkstyle rules are specially marked and their violation causes automatic zero points.
  - Submit *.java files for task A in individual work with corresponding folder structure in the
  designated directory.
  - Use System.in for input unless otherwise stated.
  - Use System.out for output unless otherwise stated.
  - Author set outputs are printed line-by-line, ascending lexicographic order by last name (then
  first name); empty set produces no output.
  - Conference series and journals are uniquely identified by their type (series or journal) and
  their name; conferences are uniquely identified by conference series and year.
  - If an entity is declared unique by attribute(s), creating another entity with the same unique
  identifier must produce an appropriate error message.
  </adaptive_rules>

  <memories>
    - Document 'task.md' describes the assignment 'Abschlussaufgabe 1 — KastelScholar' and includes
  metadata: course, semester, instructor, group, points, and version.
    - ProgrammingST22-Final1 includes the specification documents and source files: task.md,
  guidelines.md, examples.md, Main.java, Author.java, Article.java, Journal.java,
  ConferenceSeries.java, Conference.java.
    - task.md is the assignment document for the course 'Programmieren' (Abschlussaufgabe 1 —
  KastelScholar).
    - ProgrammingST22-Final1 includes the domain model of six entities: Author, Article, Journal,
  ConferenceSeries, Conference, and Keywords with the described uniqueness rules and attributes
    - task.md relates to the system KastelScholar (assignment title)
    - ProgrammingST22-Final1 follows the rules and constraints specified in guidelines.md (coding,
  output formatting, error formatting).
    - ProgrammingST22-Final1 contains Main.java which implements all 20 commands in a single main
  program (~1326 lines).
    - ProgrammingST22-Final1 uses Java SE 17 as the required Java platform for the assignment.
    - ProgrammingST22-Final1 uses Java SE 17 as the required Java version for the project.
    - ProgrammingST22-Final1 includes domain model source files Author.java, Article.java,
  Journal.java, ConferenceSeries.java, and Conference.java implemented as records or final classes.
    - task.md relates to the lecture Programmieren
  </memories>
  <knowledge>
    - Online submission system automatically checks source code for Checkstyle rules during
  submission.
    - For 'add keywords to', already present keywords are ignored; the remaining keywords are added
  normally.
    - The program is terminated by the parameterless command `quit`.
    - Leading characters "> " in examples are not part of the entered command.
    - For 'written by', if an author is added multiple times to the same publication or if any
  passed author is missing in the system, then none of the provided authors are added and an error
  is output.
    - Publications may only reference publications with a strictly earlier publication year; not
  themselves and not publications in the same year.
    - A publication may reference the same publication at most once.
    - A publication missing the n-th author sorts before a publication that has an n-th author when
  comparing at that author position.
    - The bibliography is uniquely sorted by priority: last name of first author, first name of
  first author, last name of second author, first name of second author, …, title, year, publication
   identifier.
  </knowledge>
  <entity_paths>
    - ProgrammingST22-Final1 USES Java SE 17: ProgrammingST22-Final1 uses Java SE 17 as the required
   Java version for the project.; ProgrammingST22-Final1 uses Java SE 17 as the required Java
  platform for the assignment.
    - ProgrammingST22-Final1 RELATES_TO task.md: ProgrammingST22-Final1 includes the specification
  documents and source files: task.md, guidelines.md, examples.md, Main.java, Author.java,
  Article.java, Journal.java, ConferenceSeries.java, Conference.java.
    - ProgrammingST22-Final1 RELATES_TO guidelines.md: ProgrammingST22-Final1 includes the
  specification documents and source files: task.md, guidelines.md, examples.md, Main.java,
  Author.java, Article.java, Journal.java, ConferenceSeries.java, Conference.java.;
  ProgrammingST22-Final1 follows the rules and constraints specified in guidelines.md (coding,
  output formatting, error formatting).
    - ProgrammingST22-Final1 RELATES_TO examples.md: ProgrammingST22-Final1 includes the
  specification documents and source files: task.md, guidelines.md, examples.md, Main.java,
  Author.java, Article.java, Journal.java, ConferenceSeries.java, Conference.java.
    - ProgrammingST22-Final1 RELATES_TO Main.java: ProgrammingST22-Final1 includes the specification
   documents and source files: task.md, guidelines.md, examples.md, Main.java, Author.java,
  Article.java, Journal.java, ConferenceSeries.java, Conference.java.; ProgrammingST22-Final1
  contains Main.java which implements all 20 commands in a single main program (~1326 lines).
    - ProgrammingST22-Final1 RELATES_TO Author.java: ProgrammingST22-Final1 includes the
  specification documents and source files: task.md, guidelines.md, examples.md, Main.java,
  Author.java, Article.java, Journal.java, ConferenceSeries.java, Conference.java.
    - ProgrammingST22-Final1 RELATES_TO Article.java: ProgrammingST22-Final1 includes the
  specification documents and source files: task.md, guidelines.md, examples.md, Main.java,
  Author.java, Article.java, Journal.java, ConferenceSeries.java, Conference.java.
    - ProgrammingST22-Final1 RELATES_TO Journal.java: ProgrammingST22-Final1 includes the
  specification documents and source files: task.md, guidelines.md, examples.md, Main.java,
  Author.java, Article.java, Journal.java, ConferenceSeries.java, Conference.java.
    - ProgrammingST22-Final1 RELATES_TO ConferenceSeries.java: ProgrammingST22-Final1 includes the
  specification documents and source files: task.md, guidelines.md, examples.md, Main.java,
  Author.java, Article.java, Journal.java, ConferenceSeries.java, Conference.java.
    - ProgrammingST22-Final1 RELATES_TO Conference.java: ProgrammingST22-Final1 includes the
  specification documents and source files: task.md, guidelines.md, examples.md, Main.java,
  Author.java, Article.java, Journal.java, ConferenceSeries.java, Conference.java.
    - ProgrammingST22-Final1 RELATES_TO Author.java, Article.java, Journal.java,
  ConferenceSeries.java, Conference.java: ProgrammingST22-Final1 includes domain model source files
  Author.java, Article.java, Journal.java, ConferenceSeries.java, and Conference.java implemented as
   records or final classes.
    - ProgrammingST22-Final1 RELATES_TO Domain model (Author, Article, Journal, ConferenceSeries,
  Conference, Keywords): ProgrammingST22-Final1 includes the domain model of six entities: Author,
  Article, Journal, ConferenceSeries, Conference, and Keywords with the described uniqueness rules
  and attributes
    - task.md RELATES_TO guidelines.md: ProgrammingST22-Final1 includes the specification documents
  and source files: task.md, guidelines.md, examples.md, Main.java, Author.java, Article.java,
  Journal.java, ConferenceSeries.java, Conference.java.
    - task.md RELATES_TO examples.md: ProgrammingST22-Final1 includes the specification documents
  and source files: task.md, guidelines.md, examples.md, Main.java, Author.java, Article.java,
  Journal.java, ConferenceSeries.java, Conference.java.
    - task.md RELATES_TO Main.java: ProgrammingST22-Final1 includes the specification documents and
  source files: task.md, guidelines.md, examples.md, Main.java, Author.java, Article.java,
  Journal.java, ConferenceSeries.java, Conference.java.
    - task.md RELATES_TO Author.java: ProgrammingST22-Final1 includes the specification documents
  and source files: task.md, guidelines.md, examples.md, Main.java, Author.java, Article.java,
  Journal.java, ConferenceSeries.java, Conference.java.
    - task.md RELATES_TO Article.java: ProgrammingST22-Final1 includes the specification documents
  and source files: task.md, guidelines.md, examples.md, Main.java, Author.java, Article.java,
  Journal.java, ConferenceSeries.java, Conference.java.
    - task.md RELATES_TO Journal.java: ProgrammingST22-Final1 includes the specification documents
  and source files: task.md, guidelines.md, examples.md, Main.java, Author.java, Article.java,
  Journal.java, ConferenceSeries.java, Conference.java.
    - task.md RELATES_TO ConferenceSeries.java: ProgrammingST22-Final1 includes the specification
  documents and source files: task.md, guidelines.md, examples.md, Main.java, Author.java,
  Article.java, Journal.java, ConferenceSeries.java, Conference.java.
    - task.md RELATES_TO Conference.java: ProgrammingST22-Final1 includes the specification
  documents and source files: task.md, guidelines.md, examples.md, Main.java, Author.java,
  Article.java, Journal.java, ConferenceSeries.java, Conference.java.
  </entity_paths>
  <entity_matches>
    - ProgrammingST22-Final1 (score: 1.00) — Repository for the ProgrammingST22-Final1 project
    - task.md (score: 0.78) — Assignment file containing the KastelScholar task metadata
    - KastelScholar (score: 0.69) — Name of the assignment target application
    - guidelines.md (score: 0.69) — Project coding and style guidelines
    - examples.md (score: 0.68) — Example inputs/outputs for the assignment.
  </entity_matches>
  <insights>
    - Agent community around ProgrammingST22-Final1, guidelines.md, examples.md connects
  Author.java, Article.java, Journal.java, ConferenceSeries.java. Relevant agent facts:
  ProgrammingST22-Final1 includes the specification documents and source files: task.md,
  guidelines.md, examples.md, Main.java, Author.java, Article.java, Journal.java,
  ConferenceSeries.java, Conference.java.; ProgrammingST22-Final1 uses Java SE 17 as the required
  Java version for the project.; ProgrammingST22-Final1 follows the rules and constraints specified
  in guidelines.md (coding, output formatting, error formatting).
    - Agent community around task.md, KastelScholar, 20 Punkte. Relevant agent facts:
  ProgrammingST22-Final1 includes the specification documents and source files: task.md,
  guidelines.md, examples.md, Main.java, Author.java, Article.java, Journal.java,
  ConferenceSeries.java, Conference.java.; task.md relates to the assignment points value 20;
  task.md relates to the instructor Prof. Dr.-Ing. Anne Koziolek
    - Agent community around Prof. Dr.-Ing. Anne Koziolek, Programmieren, Institute of Information
  Security and Dependability. Relevant agent facts: task.md relates to the instructor Prof. Dr.-Ing.
   Anne Koziolek; Prof. Dr.-Ing. Anne Koziolek is the instructor for the course 'Programmieren'.;
  Document 'task.md' describes the assignment 'Abschlussaufgabe 1 — KastelScholar' and includes
  metadata: course, semester, instructor, group, points, and version.
    - Agent community around task.md, KastelScholar, 20 Punkte connects Version 1.3, Sommersemester
  2022, Institute of Information Security and Dependability. Relevant agent facts:
  ProgrammingST22-Final1 includes the specification documents and source files: task.md,
  guidelines.md, examples.md, Main.java, Author.java, Article.java, Journal.java,
  ConferenceSeries.java, Conference.java.; task.md relates to the assignment points value 20;
  task.md relates to the instructor Prof. Dr.-Ing. Anne Koziolek
  </insights>

● adaptive-memory extension active (role=requirements, memorySession=20260723-121444-req) - type
  /memory-help. MCP tools registered (memory=true, backlog=true).







Changes    +0 -0
Duration   3m 54s
Tokens     ↑ 66.8k (1.3k cached) • ↓ 579 (30 reasoning)
[delivery:requirements] Turn 8/11 complete
[delivery:requirements] Turn 9/11: task.md — segment 8/9 — Abschlussaufgabe 1 — KastelScholar > 4 Funktionalität > 4.3 Anfragen
● [adaptive-context] GET http://localhost:4444/api/agents/7af7809a-adce-4fa9-9609-fd61059de0ff/sessi
  ons/20260723-121444-req/context?input=Dokument%3A+task.md%0ASegment%3A+8%2F9%0AAbschnitt%3A+Abschl
  ussaufgabe+1+%E2%80%94+KastelScholar+%3E+4+Funktionalit%C3%A4t+%3E+4.3+Anfragen%0A%0ALies+diesen+A
  bschnitt+sorgf%C3%A4ltig+und+behalte+den+Kontext.+Erstelle+noch+keinen+Backlog+und+noch+keine+Task
  s.+Warte+damit+bis+zum+abschlie%C3%9Fenden+%2Ffinalize.%0A%0A%23%23%23+4.3+Anfragen%0A%0A%23%23%23
  %23+Der+%60all+publications%60-Befehl%0A%0AGibt+die+Identifier+aller+Publikationen+aus.%0AGibt+es+
  keine+Publikationen%2C+wird+nichts+ausgegeben.%0A%0A**Eingabe%3A**+%60all%E2%90%A3publications%60%
  0A**Ausgabe%3A**+%60%3Cpublications%3E%60%0A%0AIst+beispielsweise+die+Menge+aller+vorhandenen+Publ
  ikationsidentifier+%7B%60mk2017%60%2C+%60ky2017a%60%2C+%60ky2017b%60%7D%2C+so+gibt+das+Kommando+%6
  0all%E2%90%A3publications%60+aus%3A%0A%0A%60%60%60%0A%3E+all+publications%0Aky2017a%0Aky2017b%0Amk
  2017%0A%60%60%60%0A%0A%23%23%23%23+Der+%60list+invalid+publications%60-Befehl%0A%0AGibt+die+Identi
  fier+der+Publikationen+aus%2C+die+keinen+Autor+zugewiesen+haben.%0AGibt+es+keine+solchen+Publikati
  onen%2C+wird+nichts+ausgegeben.%0A%0A**Eingabe%3A**+%60list%E2%90%A3invalid%E2%90%A3publications%6
  0%0A**Ausgabe%3A**+%60%3Cpublications%3E%60%0A%0A%23%23%23%23+Der+%60publications+by%60-Befehl%0A%
  0AGibt+die+Identifier+aller+Publikationen+aus%2C+an+denen+mindestens+einer+der+gegebenen+Autoren+b
  eteiligt+ist.%0AExistiert+einer+der+Autoren+nicht+im+System%2C+wird+eine+passende+Fehlermeldung+au
  sgegeben+und+das+Kommando+gibt+sonst+nichts+aus.%0ADie+Ausgabe+beinhaltet+sowohl+Publikationen+in+
  denen+nur+einer+oder+eine+Untermenge+der+gegebenen+Autoren+beteiligt+sind%2C+als+auch+Publikatione
  n%2C+in+denen+alle+Autoren+beteiligt+sind.%0AJede+Publikation+wird+maximal+einmal+ausgegeben.%0AGi
  bt+es+keine+solchen+Publikationen%2C+wird+nichts+ausgegeben.%0A%0A**Eingabe%3A**+%60publications%E
  2%90%A3by%E2%90%A3%3Clist+of+authors%3E%60%0A**Ausgabe%3A**+%60%3Cpublications%3E%60%0A%0A%23%23%2
  3%23+Der+%60in+proceedings%60-Befehl%0A%0AGibt+die+Identifier+aller+Publikationen+aus%2C+die+in+de
  r+angegebenen+Konferenzserie+im+angegebenen+Jahr+ver%C3%B6ffentlicht+wurden.%0AGibt+es+keine+solch
  en+Publikationen%2C+wird+nichts+ausgegeben.%0AGibt+es+die+angegebene+Konferenzserie+nicht+oder+kei
  ne+Konferenz+dieser+Serie+im+gegebenen+Jahr%2C+wird+eine+passende+Fehlermeldung+ausgegeben.%0A%0A*
  *Eingabe%3A**+%60in%E2%90%A3proceedings%E2%90%A3%3Cseries%3E%2C%3Cyear%3E%60%0A**Ausgabe%3A**+%60%
  3Cpublications%3E%60%0A%0A%23%23%23%23+Der+%60find+by+keywords%60-Befehl%0A%0AGibt+die+Identifier+
  aller+Publikationen+aus%2C+die+**alle**+der+angegebenen+Keywords+besitzen.%0AEs+m%C3%BCssen+nicht+
  alle+angegebenen+Keywords+bereits+im+System+verwendet+sein.%0AFalls+Keywords+in+diesem+Befehl+verw
  endet+werden%2C+die+keiner+Publikation+zugeordnet+sind%2C+wird+nichts+ausgegeben.%0A%0A**Eingabe%3
  A**+%60find%E2%90%A3by%E2%90%A3keywords%E2%90%A3%3Clist+of+keywords%3E%60%0A**Ausgabe%3A**+%60%3Cp
  ublications%3E%60%0A%0A%23%23%23%23+Der+%60jaccard%60-Befehl%0A%0ABerechnet+den+sogenannten+*Jacca
  rd-Koeffizienten*+f%C3%BCr+zwei+Mengen+von+Schl%C3%BCsselw%C3%B6rtern.%0ADieser+ist+wie+folgt+defi
  niert%3A%0A%0A%60%60%60%0A++++++++++++%E2%94%8C+1%2C+++++++++++++++++++++++falls+A+und+B+beide+lee
  r+sind+%28A+%E2%88%AA+B+%3D+%E2%88%85%29%0AJ%28A%2CB%29+%3D+++%E2%94%80%E2%94%A4%0A++++++++++++%E2
  %94%94+%7CA+%E2%88%A9+B%7C+%2F+%7CA+%E2%88%AA+B%7C%2C+++++++sonst%0A%60%60%60%0A%0AHierbei+sind+A+
  und+B+zwei+Mengen%2C+A+%E2%88%A9+B+und+A+%E2%88%AA+B+sind+die+Schnittmenge+%28%E2%88%A9%29+beziehu
  ngsweise+Vereinigung+%28%E2%88%AA%29+der+beiden+Mengen+und+%7CA%7C+ist+die+Anzahl+der+Elemente+der
  +Menge+A.%0A%0A**Eingabe%3A**+%60jaccard%E2%90%A3%3Clist+of+keywords%3E%E2%90%A3%3Clist+of+keyword
  s%3E%60%0A**Ausgabe%3A**+%60%3Cfloat%3E%60%0A%0A%23%23%23%23+Der+%60similarity%60-Befehl%0A%0AGibt
  +an%2C+wie+%C3%A4hnlich+sich+zwei+Publikationen+bez%C3%BCglich+ihrer+Keywords+sind.%0ADie+beiden+P
  ublikationen+sind+hierbei+durch+ihre+Publikationsidentifier+gegeben.%0AExistiert+eine+der+beiden+P
  ublikationen+nicht%2C+wird+eine+passende+Fehlermeldung+ausgegeben.%0A%0AAls+%C3%84hnlichkeitsma%C3
  %9F+wird+der+*Jaccard-Koeffizient*+der+Keywordmengen+der+beiden+Publikationen+verwendet.%0ADie+Men
  gen+A+und+B+im+obengenannten+J%28A%2CB%29+sind+also+die+Mengen+der+Keywords+der+jeweiligen+Publika
  tion.%0ABeachten+Sie%2C+dass+sich+Keywords+von+Konferenzserien+auf+Konferenzen+und+von+Konferenzen
  +und+Journals+auf+Artikel+%C3%BCbertragen%2C+wie+in+Abschnitt+%E2%80%9EKeyword%22+beschrieben.%0A%
  0A**Eingabe%3A**+%60similarity%E2%90%A3%3Cid%3E%2C%3Cid%3E%60%0A**Ausgabe%3A**+%60%3Cfloat%3E%60%0
  A%0A%23%23%23%23+Der+%60g-index%60-Befehl%0A%0AGibt+den+*g*-Index+eines+Autors+auf+Grundlage+der+i
  m+System+gespeicherten+Ver%C3%B6ffentlichungen+aus.%0AF%C3%BCr+nicht+definierte+Autoren+wird+eine+
  passende+Fehlermeldung+ausgegeben.%0AWurden+keine+Publikationen+des+Autors+zitiert%2C+wird+%600%60
  +ausgegeben.%0A%0ADer+*g*-Index+ist+eine+Angabe+f%C3%BCr+die+Anzahl+und+den+Einfluss+von+Ver%C3%B6
  ffentlichungen+eines+Autors.%0AEr+ist+wie+folgt+definiert%3A%0A%0A%3E+Ein+Autor+hat+den+%28ganzzah
  ligen%29+*g*-Index+*i*%2C+wenn+die+ersten+*i*+Publikationen+des+Autors%2C+absteigend+geordnet+nach
  +der+Anzahl+ihrer+Zitierung%2C+zusammen+mindestens+*i*%C2%B2+mal+zitiert+wurden+und+dies+f%C3%BCr+
  keine+gr%C3%B6%C3%9Fere+Zahl+*i*+gilt.%0A%0A**Eingabe%3A**+%60g-index%E2%90%A3%3Cauthor%3E%60%0A**
  Ausgabe%3A**+%60%3Cindex%3E%60%0A%0A%23%23%23%23+Der+%60coauthors+of%60-Befehl%0A%0AGibt+die+Namen
  +aller+Mitautoren+des+gegebenen+Autors+aus.%0AF%C3%BCr+nicht+definierte+Autoren+wird+eine+passende
  +Fehlermeldung+ausgegeben.%0AMitautoren+sind+dabei+Autoren%2C+die+in+irgendeiner+Publikation+gemei
  nsam+beteiligt+sind.%0AEin+Autor+ist+nicht+Mitautor+zu+sich+selbst.%0AJeder+Autor+wird+maximal+ein
  mal+ausgegeben.%0AGibt+es+keine+Mitautoren+zum+gegebenen+Autor%2C+wird+nichts+ausgegeben.%0A%0A**E
  ingabe%3A**+%60coauthors%E2%90%A3of%E2%90%A3%3Cauthor%3E%60%0A**Ausgabe%3A**+%60%3Cauthors%3E%60%0
  A%0A%23%23%23%23+Der+%60foreign+citations+of%60-Befehl%0A%0AGibt+die+*Fremdzitate*+auf+den+gegeben
  en+Autor+aus%2C+in+Form+der+Identifier+der+zitierenden+Publikationen.%0AF%C3%BCr+gegebene+nicht+de
  finierte+Autoren+wird+eine+passende+Fehlermeldung+ausgegeben.%0AFremdzitate+sind+hierbei+definiert
  +als+Zitate%2C+die+nicht+aus+Publikationen+stammen%2C+an+denen+Autoren+mitgeschrieben+haben%2C+die
  +bereits+%28m%C3%B6glicherweise+in+anderen+Publikationen%29+mit+dem+gegebenen+Autor+zusammen+an+Pu
  blikationen+gearbeitet+haben.%0APublikationen%2C+die+im+Sinne+des+%60list+invalid+publications%60-
  Befehls+*invalid*+sind%2C+gelten+nicht+als+Fremdzitate+und+werden+nicht+ausgegeben.%0A%0A%7C+Publi
  kationsidentifier+%7C+Autoren+%7C+Referenz+auf+%7C%0A%7C---%7C---%7C---%7C%0A%7C+p0+%7C+Author+A+%
  7C+---+%7C%0A%7C+p1+%7C+Author+A%2C+Author+B+%7C+p0+%7C%0A%7C+p2+%7C+Author+B%2C+Author+C+%7C+p0+%
  7C%0A%7C+p3+%7C+Author+C%2C+Author+D+%7C+p0+%7C%0A%0AIn+diesem+Fall+hat+Publikation+%60p0%60+nur+e
  in+Fremdzitat%2C+da+Publikationen%2C+an+denen+Autor+B+%28hier%3A+%60p2%60%29+beteiligt+ist+nicht+g
  ez%C3%A4hlt+werden.%0A%0A**Eingabe%3A**+%60foreign%E2%90%A3citations%E2%90%A3of%E2%90%A3%3Cauthor%
  3E%60%0A**Ausgabe%3A**+%60%3Cpublications%3E%60%0A%0A%23%23%23%23+Der+%60print+bibliography%60-Bef
  ehl%0A%0AGibt+ein+sortiertes+Literaturverzeichnis+aus+%28siehe+Abschnitt+%E2%80%9ELiteraturverzeic
  hnis+und+Formate%22%29.%0AF%C3%BCr+jeden+Eintrag+wird+eine+Zeile+ausgegeben%2C+die+wie+im+Stil+def
  iniert+formatiert+ist.%0A%0AIst+einer+der+Publikationsidentifier+nicht+im+System+vorhanden%2C+wird
  +nur+eine+entsprechende+Fehlermeldung+ausgegeben+und+kein+Literaturverzeichnis+erstellt.%0ADas+Gle
  iche+gilt%2C+falls+ein+Eintrag+im+Sinne+des+%60list+invalid+publications%60-Befehls+*invalid*+ist.
  %0AKommt+eine+Publikation+in+der+gegebenen+Liste+mehrfach+vor%2C+wird+die+Publikation+nur+einmal+i
  m+Literaturverzeichnis+ausgegeben.%0A%0A**Eingabe%3A**+%60print%E2%90%A3bibliography%E2%90%A3%3Cst
  yle%3E%3A%3Clist+of+ids%3E%60%0A**Ausgabe%3A**+%60%3Cbibliography%3E%60&project=ProgrammingST22-Fi
  nal1&role=requirements&task=Understand+the+st22final01+and+create+its+backlog+when+prompted.&times
  tamp=2026-07-23T10%3A20%3A29.882Z&domain=st22final01

● Injected adaptive memory context into system prompt

● <adaptive_rules>
  - A Publication has a unique identifier (only lowercase letters and digits), a title, a
  publication year, and at least one author.
  - Publication set outputs are printed line-by-line, ascending lexicographic order by identifier;
  empty set produces no output.
  - Keywords propagate automatically: from conference series to conferences, from conferences to
  articles presented there, and from journals to articles published there; duplicate keywords are
  counted/mentioned only once.
  - Author set outputs are printed line-by-line, ascending lexicographic order by last name (then
  first name); empty set produces no output.
  - Conference series and journals are uniquely identified by their type (series or journal) and
  their name; conferences are uniquely identified by conference series and year.
  - Adhere to JavaDoc documentation rules.
  - After printing an error message, the program should continue and wait for the next input.
  - All whitespace rules must be followed.
  - Allowed Java library packages: java.lang, java.io, java.util, java.util.regex, java.util.stream,
   java.util.function unless otherwise stated.
  - Choose appropriate visibilities for classes, methods, and attributes.
  - Do not call System.exit(), Runtime.exit(), or similar.
  - Do not use the default package.
  - Error messages may be free-form English text but should be meaningful.
  - Error messages must begin with 'Error,' and must not contain special characters such as newlines
   or umlauts.
  - Error messages should make clear to the user why an input was rejected.
  - Follow rules for variable, method, and package naming.
  - For error messages, using System.err instead of System.out is allowed.
  - If user input does not match the required format, output an error message.
  - Interactive program output must exactly match the specification including case, spaces, and line
   breaks.
  - Maximum line width of 120 characters must be enforced.
  - Never reassign standard input or standard output streams.
  - On semantic or syntactic specification violations always output a meaningful error message.
  - Only produce the information specified in the task; do not print any additional information.
  - Program code must compile without errors.
  - Requires passing mandatory tests before other tests are evaluated; violation yields automatic
  zero points.
  - Solutions must use Java SE 17.
  - Some Checkstyle rules are specially marked and their violation causes automatic zero points.
  - Submit *.java files for task A in individual work with corresponding folder structure in the
  designated directory.
  - Use System.in for input unless otherwise stated.
  - Use System.out for output unless otherwise stated.
  - An Article can be published in exactly one publication venue (Conference or Journal).
  - A Journal always has exactly one publisher.
  - <float> values are always output with exactly three decimal places in format X.XXX using '.' as
  separator, truncated (not rounded); values are <= 10^6.
  - For a given year, at most one conference of a conference series may take place.
  - If an entity is declared unique by attribute(s), creating another entity with the same unique
  identifier must produce an appropriate error message.
  - Implementing quit must not use System.exit() or Runtime.exit().
  </adaptive_rules>

  <memories>
    - Document 'task.md' describes the assignment 'Abschlussaufgabe 1 — KastelScholar' and includes
  metadata: course, semester, instructor, group, points, and version.
    - ProgrammingST22-Final1 includes the specification documents and source files: task.md,
  guidelines.md, examples.md, Main.java, Author.java, Article.java, Journal.java,
  ConferenceSeries.java, Conference.java.
    - ProgrammingST22-Final1 follows the rules and constraints specified in guidelines.md (coding,
  output formatting, error formatting).
    - task.md is the assignment document for the course 'Programmieren' (Abschlussaufgabe 1 —
  KastelScholar).
    - ProgrammingST22-Final1 contains Main.java which implements all 20 commands in a single main
  program (~1326 lines).
    - ProgrammingST22-Final1 uses Java SE 17 as the required Java platform for the assignment.
    - ProgrammingST22-Final1 uses Java SE 17 as the required Java version for the project.
    - ProgrammingST22-Final1 includes domain model source files Author.java, Article.java,
  Journal.java, ConferenceSeries.java, and Conference.java implemented as records or final classes.
    - ProgrammingST22-Final1 includes the domain model of six entities: Author, Article, Journal,
  ConferenceSeries, Conference, and Keywords with the described uniqueness rules and attributes
  </memories>
  <knowledge>
    - Online submission system automatically checks source code for Checkstyle rules during
  submission.
    - For 'print bibliography': if any publication identifier is not present or an entry is invalid,
   only an error message is output and no bibliography is created; if a publication appears multiple
   times it is printed only once.
    - The bibliography is uniquely sorted by priority: last name of first author, first name of
  first author, last name of second author, first name of second author, …, title, year, publication
   identifier.
    - A publication missing the n-th author sorts before a publication that has an n-th author when
  comparing at that author position.
    - Publications may only reference publications with a strictly earlier publication year; not
  themselves and not publications in the same year.
    - Placeholder lists are given as <list of Xs>, are non-empty, single element appears as <X>,
  multiple elements use the form <X>;<X>;…;<X>.
    - A publication may reference the same publication at most once.
  </knowledge>
  <entity_paths>
    - ProgrammingST22-Final1 USES Java SE 17: ProgrammingST22-Final1 uses Java SE 17 as the required
   Java version for the project.; ProgrammingST22-Final1 uses Java SE 17 as the required Java
  platform for the assignment.
    - ProgrammingST22-Final1 RELATES_TO task.md: ProgrammingST22-Final1 includes the specification
  documents and source files: task.md, guidelines.md, examples.md, Main.java, Author.java,
  Article.java, Journal.java, ConferenceSeries.java, Conference.java.
    - ProgrammingST22-Final1 RELATES_TO guidelines.md: ProgrammingST22-Final1 includes the
  specification documents and source files: task.md, guidelines.md, examples.md, Main.java,
  Author.java, Article.java, Journal.java, ConferenceSeries.java, Conference.java.;
  ProgrammingST22-Final1 follows the rules and constraints specified in guidelines.md (coding,
  output formatting, error formatting).
    - ProgrammingST22-Final1 RELATES_TO examples.md: ProgrammingST22-Final1 includes the
  specification documents and source files: task.md, guidelines.md, examples.md, Main.java,
  Author.java, Article.java, Journal.java, ConferenceSeries.java, Conference.java.
    - ProgrammingST22-Final1 RELATES_TO Main.java: ProgrammingST22-Final1 includes the specification
   documents and source files: task.md, guidelines.md, examples.md, Main.java, Author.java,
  Article.java, Journal.java, ConferenceSeries.java, Conference.java.; ProgrammingST22-Final1
  contains Main.java which implements all 20 commands in a single main program (~1326 lines).
    - ProgrammingST22-Final1 RELATES_TO Author.java: ProgrammingST22-Final1 includes the
  specification documents and source files: task.md, guidelines.md, examples.md, Main.java,
  Author.java, Article.java, Journal.java, ConferenceSeries.java, Conference.java.
    - ProgrammingST22-Final1 RELATES_TO Article.java: ProgrammingST22-Final1 includes the
  specification documents and source files: task.md, guidelines.md, examples.md, Main.java,
  Author.java, Article.java, Journal.java, ConferenceSeries.java, Conference.java.
    - ProgrammingST22-Final1 RELATES_TO Journal.java: ProgrammingST22-Final1 includes the
  specification documents and source files: task.md, guidelines.md, examples.md, Main.java,
  Author.java, Article.java, Journal.java, ConferenceSeries.java, Conference.java.
    - ProgrammingST22-Final1 RELATES_TO ConferenceSeries.java: ProgrammingST22-Final1 includes the
  specification documents and source files: task.md, guidelines.md, examples.md, Main.java,
  Author.java, Article.java, Journal.java, ConferenceSeries.java, Conference.java.
    - ProgrammingST22-Final1 RELATES_TO Conference.java: ProgrammingST22-Final1 includes the
  specification documents and source files: task.md, guidelines.md, examples.md, Main.java,
  Author.java, Article.java, Journal.java, ConferenceSeries.java, Conference.java.
    - ProgrammingST22-Final1 RELATES_TO Author.java, Article.java, Journal.java,
  ConferenceSeries.java, Conference.java: ProgrammingST22-Final1 includes domain model source files
  Author.java, Article.java, Journal.java, ConferenceSeries.java, and Conference.java implemented as
   records or final classes.
    - ProgrammingST22-Final1 RELATES_TO Domain model (Author, Article, Journal, ConferenceSeries,
  Conference, Keywords): ProgrammingST22-Final1 includes the domain model of six entities: Author,
  Article, Journal, ConferenceSeries, Conference, and Keywords with the described uniqueness rules
  and attributes
    - task.md RELATES_TO guidelines.md: ProgrammingST22-Final1 includes the specification documents
  and source files: task.md, guidelines.md, examples.md, Main.java, Author.java, Article.java,
  Journal.java, ConferenceSeries.java, Conference.java.
    - task.md RELATES_TO examples.md: ProgrammingST22-Final1 includes the specification documents
  and source files: task.md, guidelines.md, examples.md, Main.java, Author.java, Article.java,
  Journal.java, ConferenceSeries.java, Conference.java.
    - task.md RELATES_TO Main.java: ProgrammingST22-Final1 includes the specification documents and
  source files: task.md, guidelines.md, examples.md, Main.java, Author.java, Article.java,
  Journal.java, ConferenceSeries.java, Conference.java.
    - task.md RELATES_TO Author.java: ProgrammingST22-Final1 includes the specification documents
  and source files: task.md, guidelines.md, examples.md, Main.java, Author.java, Article.java,
  Journal.java, ConferenceSeries.java, Conference.java.
    - task.md RELATES_TO Article.java: ProgrammingST22-Final1 includes the specification documents
  and source files: task.md, guidelines.md, examples.md, Main.java, Author.java, Article.java,
  Journal.java, ConferenceSeries.java, Conference.java.
    - task.md RELATES_TO Journal.java: ProgrammingST22-Final1 includes the specification documents
  and source files: task.md, guidelines.md, examples.md, Main.java, Author.java, Article.java,
  Journal.java, ConferenceSeries.java, Conference.java.
    - task.md RELATES_TO ConferenceSeries.java: ProgrammingST22-Final1 includes the specification
  documents and source files: task.md, guidelines.md, examples.md, Main.java, Author.java,
  Article.java, Journal.java, ConferenceSeries.java, Conference.java.
    - task.md RELATES_TO Conference.java: ProgrammingST22-Final1 includes the specification
  documents and source files: task.md, guidelines.md, examples.md, Main.java, Author.java,
  Article.java, Journal.java, ConferenceSeries.java, Conference.java.
  </entity_paths>
  <entity_matches>
    - ProgrammingST22-Final1 (score: 1.00) — Repository for the ProgrammingST22-Final1 project
    - task.md (score: 0.78) — Assignment file containing the KastelScholar task metadata
    - examples.md (score: 0.68) — Example inputs/outputs for the assignment.
    - Java SE 17 (score: 0.67) — Required Java language/runtime version for the project.
    - guidelines.md (score: 0.67) — Project coding and style guidelines
  </entity_matches>
  <insights>
    - Agent community around ProgrammingST22-Final1, examples.md, Java SE 17 connects Author.java,
  Article.java, Journal.java, ConferenceSeries.java. Relevant agent facts: ProgrammingST22-Final1
  includes the specification documents and source files: task.md, guidelines.md, examples.md,
  Main.java, Author.java, Article.java, Journal.java, ConferenceSeries.java, Conference.java.;
  ProgrammingST22-Final1 uses Java SE 17 as the required Java version for the project.;
  ProgrammingST22-Final1 follows the rules and constraints specified in guidelines.md (coding,
  output formatting, error formatting).
    - Agent community around task.md, KastelScholar, 20 Punkte. Relevant agent facts:
  ProgrammingST22-Final1 includes the specification documents and source files: task.md,
  guidelines.md, examples.md, Main.java, Author.java, Article.java, Journal.java,
  ConferenceSeries.java, Conference.java.; task.md relates to the assignment points value 20;
  task.md relates to the instructor Prof. Dr.-Ing. Anne Koziolek
    - Agent community around Prof. Dr.-Ing. Anne Koziolek, Programmieren, Institute of Information
  Security and Dependability. Relevant agent facts: task.md relates to the instructor Prof. Dr.-Ing.
   Anne Koziolek; Prof. Dr.-Ing. Anne Koziolek is the instructor for the course 'Programmieren'.;
  Document 'task.md' describes the assignment 'Abschlussaufgabe 1 — KastelScholar' and includes
  metadata: course, semester, instructor, group, points, and version.
    - Agent community around task.md, KastelScholar, 20 Punkte connects Version 1.3, Sommersemester
  2022, Institute of Information Security and Dependability. Relevant agent facts:
  ProgrammingST22-Final1 includes the specification documents and source files: task.md,
  guidelines.md, examples.md, Main.java, Author.java, Article.java, Journal.java,
  ConferenceSeries.java, Conference.java.; task.md relates to the assignment points value 20;
  task.md relates to the instructor Prof. Dr.-Ing. Anne Koziolek
  </insights>

● adaptive-memory extension active (role=requirements, memorySession=20260723-121444-req) - type
  /memory-help. MCP tools registered (memory=true, backlog=true).







Changes    +0 -0
Duration   4m 21s
Tokens     ↑ 69.3k (1.3k cached) • ↓ 797 (28 reasoning)
[delivery:requirements] Turn 9/11 complete
[delivery:requirements] Turn 10/11: examples.md — segment 9/9 — Beispiele — Abschlussaufgabe 1 (KastelScholar)
● [adaptive-context] GET http://localhost:4444/api/agents/7af7809a-adce-4fa9-9609-fd61059de0ff/sessi
  ons/20260723-121444-req/context?input=Dokument%3A+examples.md%0ASegment%3A+9%2F9%0AAbschnitt%3A+Be
  ispiele+%E2%80%94+Abschlussaufgabe+1+%28KastelScholar%29%0A%0ALies+diesen+Abschnitt+sorgf%C3%A4lti
  g+und+behalte+den+Kontext.+Erstelle+noch+keinen+Backlog+und+noch+keine+Tasks.+Warte+damit+bis+zum+
  abschlie%C3%9Fenden+%2Ffinalize.%0A%0A%23+Beispiele+%E2%80%94+Abschlussaufgabe+1+%28KastelScholar%
  29%0A%0ADieses+Dokument+enth%C3%A4lt+die+in+der+Aufgabenstellung+verwendeten+Beispielinteraktionen
  +sowie+die+vollst%C3%A4ndigen+Beispielinteraktionen.+Die+Zeilennummern+und+die+Trennlinie+sind+kei
  n+Bestandteil+der+Benutzerschnittstelle%2C+sie+dienen+lediglich+zur+Orientierung.+Nutzereingaben+s
  ind+mit+dem+Zeichen+%60%3E%60+gefolgt+von+einem+Leerzeichen+gekennzeichnet%3B+diese+beiden+Zeichen
  +sind+nicht+Bestandteil+der+Eingabe.%0A%0A%23%23+1+Beispielinteraktionen+je+Befehl%0A%0A%23%23%23+
  1.1+%60quit%60%0A%0A%60%60%60%0A%3E+quit%0A%60%60%60%0A%0A%23%23%23+1.2+%60add+author%60%0A%0A%60%
  60%60%0A%3E+add+author+Eniola+Lowry%0A%3E+add+author+Richard+Rhinelander%0A%3E+add+author+Eniola+L
  owry%0AError%2C+author+with+same+name+already+added.%0A%3E+add+author+Shashi+Afolabi%0A%60%60%60%0
  A%0A%23%23%23+1.3+%60add+journal%60%0A%0A%60%60%60%0A%3E+add+journal+TSE%2CIEEE%0A%60%60%60%0A%0A%
  23%23%23+1.4+%60add+series%60%0A%0A%60%60%60%0A%3E+add+series+ICSA%0A%60%60%60%0A%0A%23%23%23+1.5+
  %60add+conference%60%0A%0A%60%60%60%0A%3E+add+conference+ICSA%2C2017%2CGothenburg%0A%3E+add+confer
  ence+QoSA%2C2016%2CVenice%0AError%2C+conference+series+not+found.%0A%60%60%60%0A%0A%23%23%23+1.6+%
  60add+article+to%60%0A%0A%60%60%60%0A%3E+add+article+to+series+ICSA%3Arr2017%2C2017%2CComponents+s
  till+have+no+interfaces%0A%3E+add+article+to+journal+TSE%3Amvp2015%2C2015%2CModel+Consistency%0A%3
  E+add+article+to+journal+TSE%3Amvp2016%2C2016%2CBetter+Model+Consistency%0A%60%60%60%0A%0A%23%23%2
  3+1.7+%60written+by%60%0A%0A%60%60%60%0A%3E+written+by+rr2017%2CRichard+Rhinelander%0A%3E+written+
  by+nngrade%2CEniola+Lowry%0A%3E+written+by+mvp2016%2CShashi+Afolabi%3BEniola+Lowry%0A%3E+written+b
  y+mvp2015%2CShashi+Afolabi%3BRichard+Rhinelander%0A%60%60%60%0A%0A%23%23%23+1.8+%60cites%60%0A%0A%
  60%60%60%0A%3E+cites+rr2017%2Cmvp2016%0A%3E+cites+rr2017%2Csommerville2015%0A%3E+cites+rr2017%2Cmv
  p2015%0A%3E+cites+rr2017%2Crr2017%0AError%2C+publications+cannot+cite+themselves%0A%60%60%60%0A%0A
  %23%23%23+1.9+%60add+keywords+to%60%0A%0A%60%60%60%0A%3E+add+keywords+to+sommerville2015%3Aswe%3Br
  eference%3Bjava%3Boop%0A%3E+add+keywords+to+rr2017%3Amdsd%3Bcomponents%3Bjava%0A%3E+add+keywords+t
  o+mvp2016%3Amdsd%3Bjava%3Boop%0A%3E+add+keywords+to+journal+TSE%3Aswe%0A%3E+add+keywords+to+series
  +ICPE%3Aswe%3Bperformance%0A%60%60%60%0A%0A%23%23%23+1.10+%60all+publications%60%0A%0A%60%60%60%0A
  %3E+all+publications%0Aky2017a%0Aky2017b%0Amk2017%0A%60%60%60%0A%0A%23%23%23+1.11+%60list+invalid+
  publications%60%0A%0A%60%60%60%0A%3E+list+invalid+publications%0Amk2017%0A%60%60%60%0A%0A%23%23%23
  +1.12+%60publications+by%60%0A%0A%60%60%60%0A%3E+publications+by+Eniola+Lowry%0Amvp2015%0Amvp2016%
  0Anngrade%0A%3E+publications+by+unnamed+author%3BEniola+Lowry%0AError%2C+author+%22unnamed+author%
  22+not+found.%0A%3E+publications+by+unnamed+author%0AError%2C+author+%22unnamed+author%22+not+foun
  d.%0A%60%60%60%0A%0A%23%23%23+1.13+%60in+proceedings%60%0A%0A%60%60%60%0A%3E+in+proceedings+ICSA%2
  C2017%0Arr2017%0A%3E+in+proceedings+QoSA%2C2016%0A%3E+in+proceedings+uksa%2C2016%0AError%2C+series
  +%22uksa%22+not+found.%0A%3E+in+proceedings+QoSA%2C2015%0Abspblication2015a%0Abspblication2015b%0A
  %60%60%60%0A%0A%23%23%23+1.14+%60find+by+keywords%60%0A%0A%60%60%60%0A%3E+find+by+keywords+swe%3Br
  eference%0Asomerville2015%0A%3E+find+by+keywords+swe%3Breference%3Btrivial%0A%3E+find+by+keywords+
  mdsd%0Amvp2016%0Arr2016%0A%60%60%60%0A%0A%23%23%23+1.15+%60jaccard%60%0A%0A%60%60%60%0A%3E+jaccard
  +a%3Bb%3Bc+d%3Be%0A0.000%0A%3E+jaccard+a%3Bb%3Bc%3Bd%3Be+b%3Bc%3Bd%3Be%3Bf%0A0.666%0A%60%60%60%0A%
  0A%23%23%23+1.16+%60similarity%60%0A%0A%60%60%60%0A%3E+similarity+rr2017%2Cmvp2016%0A0.500%0A%60%6
  0%60%0A%0A%23%23%23+1.17+%60g-index%60%0A%0A%60%60%60%0A%3E+g-index+Jun+Martz%0A3%0A%3E+g-index+No
  or+Vilhjalmsson%0A7%0A%60%60%60%0A%0A%23%23%23+1.18+%60coauthors+of%60%0A%0A%60%60%60%0A%3E+coauth
  ors+of+Shashi+Afolabi%0AEniola+Lowry%0ARichard+Rhinelander%0A%3E+coauthors+of+Eniola+Lowry%0AShash
  i+Afolabi%0A%60%60%60%0A%0A%23%23%23+1.19+%60foreign+citations+of%60%0A%0A%60%60%60%0A%3E+foreign+
  citations+of+Author+A%0Ap3%0A%60%60%60%0A%0A%23%23%23+1.20+%60print+bibliography%60%0A%0A%60%60%60
  %0A%3E+print+bibliography+acm%3Amvp2016%3Bmvp2015%3Brr2017%0A%5B1%5D+Shashi+Afolabi+and+Eniola+Low
  ry.+2016.+Better+Model+Consistency.+TSE.%0A%5B2%5D+Shashi+Afolabi+and+Richard+Rhinelander.+2015.+M
  odel+Consistency.+TSE.%0A%5B3%5D+Richard+Rhinelander.+Components+still+have+no+interfaces.+In+Proc
  eedings+of+ICSA%2C+2017%2C+Gothenburg.%0A%3E+print+bibliography+apa%3Arr2017%3Bmvp2016%3Bmvp2015%0
  AAfolabi%2C+S.%2C+%26+Lowry%2C+E.+%282016%29.+Better+Model+Consistency.+TSE.%0AAfolabi%2C+S.%2C+%2
  6+Rhinelander%2C+R.+%282015%29.+Model+Consistency.+TSE.%0ARhinelander%2C+R.+%282017%29.+Components
  +still+have+no+interfaces.+ICSA%2C+Gothenburg.%0A%60%60%60%0A%0A%23%23+2+%C3%96ffentliche+verpflic
  htende+Beispielinteraktion%0A%0AErste+%C3%B6ffentliche+verpflichtende+Beispielinteraktion%2C+welch
  e+die+Mindestanforderung+f%C3%BCr+eine+Bewertung+vorsieht.%0A%0A%60%60%60%0A%3E+add+series+ICSME%0
  A%3E+add+keywords+to+series+ICSME%3Asoftware%3Bmaintenance%3Barchitecture%0A%3E+add+conference+ICS
  ME%2C2022%2CLimassol%0A%3E+add+journal+TACO%2CACM%0A%3E+add+author+Max+Musterperson%0A%3E+add+auth
  or+Erika+Informatik%0A%3E+add+article+to+series+ICSME%3Aevo22%2C2022%2CSoftware+Evolution%0A%3E+wr
  itten+by+evo22%2CErika+Informatik%0A%3E+all+publications%0Aevo22%0A%3E+add+article+to+series+ICSME
  %3Acomponent2022%2C2022%2CSorting+Components%0A%3E+written+by+component2022%2CMax+Musterperson%0A%
  3E+add+article+to+journal+TACO%3Atacotaco%2C2012%2CGreat+Architecture%0A%3E+written+by+tacotaco%2C
  Erika+Informatik%3BMax+Musterperson%0A%3E+all+publications%0Acomponent2022%0Aevo22%0Atacotaco%0A%3
  E+cites+evo22%2Ctacotaco%0A%3E+print+bibliography+acm%3Aevo22%3Btacotaco%0A%5B1%5D+Erika+Informati
  k.+Software+Evolution.+In+Proceedings+of+ICSME%2C+2022%2C+Limassol.%0A%5B2%5D+Erika+Informatik+and
  +Max+Musterperson.+2012.+Great+Architecture.+TACO.%0A%3E+quit%0A%60%60%60%0A%0A%23%23+3+%C3%96ffen
  tliche+optionale+Beispielinteraktion%0A%0AZweite+%C3%B6ffentliche+optionale+Beispielinteraktion%2C
  +welche+f%C3%BCr+die+weitere+Bewertung+herangezogen+wird%2C+jedoch+%C3%BCber+die+Mindestanforderun
  g+hinausgeht.%0A%0A%60%60%60%0A%3E+add+author+Eniola+Lowry%0A%3E+add+author+Richard+Rhinelander%0A
  %3E+add+author+Eniola+Lowry%0AError%2C+author+with+same+name+already+added.%0A%3E+add+author+Shash
  i+Afolabi%0A%3E+add+journal+TSE%2CIEEE%0A%3E+add+series+ICSA%0A%3E+add+conference+ICSA%2C2017%2CGo
  thenburg%0A%3E+add+conference+QoSA%2C2016%2CVenice%0AError%2C+conference+series+not+found.%0A%3E+a
  dd+article+to+series+ICSA%3Arr2017%2C2017%2CComponents+still+have+no+interfaces%0A%3E+add+article+
  to+journal+TSE%3Amvp2015%2C2015%2CModel+Consistency%0A%3E+add+article+to+journal+TSE%3Amvp2016%2C2
  016%2CBetter+Model+Consistency%0A%3E+written+by+rr2017%2CRichard+Rhinelander%0A%3E+written+by+mvp2
  016%2CShashi+Afolabi%3BEniola+Lowry%0A%3E+written+by+mvp2015%2CShashi+Afolabi%3BRichard+Rhinelande
  r%0A%3E+cites+rr2017%2Cmvp2016%0A%3E+cites+rr2017%2Cmvp2015%0A%3E+cites+rr2017%2Crr2017%0AError%2C
  +publications+cannot+cite+themselves%0A%3E+add+keywords+to+rr2017%3Amdsd%3Bcomponents%3Bjava%0A%3E
  +add+keywords+to+mvp2016%3Amdsd%3Bjava%3Boop%0A%3E+add+keywords+to+journal+TSE%3Aswe%0A%3E+add+key
  words+to+series+ICSA%3Amdsd%0A%3E+all+publications%0Amvp2015%0Amvp2016%0Arr2017%0A%3E+publications
  +by+Eniola+Lowry%0Amvp2016%0A%3E+publications+by+unnamed+author%3BEniola+Lowry%0AError%2C+author+%
  22unnamed+author%22+not+found.%0A%3E+publications+by+unnamed+author%0AError%2C+author+%22unnamed+a
  uthor%22+not+found.%0A%3E+in+proceedings+ICSA%2C2017%0Arr2017%0A%3E+in+proceedings+QoSA%2C2016+%0A
  Error%2C+series+%22QoSA%22+not+found.%0A%3E+in+proceedings+uksa%2C2016%0AError%2C+series+%22uksa%2
  2+not+found.%0A%3E+find+by+keywords+swe%3Breference%3Btrivial%0A%3E+find+by+keywords+mdsd%0Amvp201
  6%0Arr2017%0A%3E+jaccard+a%3Bb%3Bc+d%3Be%0A0.000%0A%3E+jaccard+a%3Bb%3Bc%3Bd%3Be+b%3Bc%3Bd%3Be%3Bf
  %0A0.666%0A%3E+similarity+rr2017%2Cmvp2016%0A0.400%0A%3E+g-index+Eniola+Lowry%0A1%0A%3E+coauthors+
  of+Shashi+Afolabi%0AEniola+Lowry%0ARichard+Rhinelander%0A%3E+coauthors+of+Eniola+Lowry%0AShashi+Af
  olabi%0A%3E+add+article+to+journal+TSE%3Aabc2017%2C2017%2CClasses+Methods+and+More%0A%3E+list+inva
  lid+publications%0Aabc2017%0A%3E+add+author+Doctor+Meta%0A%3E+written+by+abc2017%2CDoctor+Meta%0A%
  3E+cites+abc2017%2Cmvp2016%0A%3E+foreign+citations+of+Eniola+Lowry%0Aabc2017%0Arr2017%0A%3E+print+
  bibliography+acm%3Amvp2016%3Bmvp2015%3Brr2017%0A%5B1%5D+Shashi+Afolabi+and+Eniola+Lowry.+2016.+Bet
  ter+Model+Consistency.+TSE.%0A%5B2%5D+Shashi+Afolabi+and+Richard+Rhinelander.+2015.+Model+Consiste
  ncy.+TSE.%0A%5B3%5D+Richard+Rhinelander.+Components+still+have+no+interfaces.+In+Proceedings+of+IC
  SA%2C+2017%2C+Gothenburg.%0A%3E+print+bibliography+apa%3Arr2017%3Bmvp2016%3Bmvp2015%0AAfolabi%2C+S
  .%2C+%26+Lowry%2C+E.+%282016%29.+Better+Model+Consistency.+TSE.%0AAfolabi%2C+S.%2C+%26+Rhinelander
  %2C+R.+%282015%29.+Model+Consistency.+TSE.%0ARhinelander%2C+R.+%282017%29.+Components+still+have+n
  o+interfaces.+ICSA%2C+Gothenburg.%0A%3E+quit%0A%60%60%60&project=ProgrammingST22-Final1&role=requi
  rements&task=Understand+the+st22final01+and+create+its+backlog+when+prompted.&timestamp=2026-07-23
  T10%3A20%3A55.931Z&domain=st22final01

● Injected adaptive memory context into system prompt

● <adaptive_rules>
  - Conference series and journals are uniquely identified by their type (series or journal) and
  their name; conferences are uniquely identified by conference series and year.
  - Adhere to JavaDoc documentation rules.
  - After printing an error message, the program should continue and wait for the next input.
  - All whitespace rules must be followed.
  - Allowed Java library packages: java.lang, java.io, java.util, java.util.regex, java.util.stream,
   java.util.function unless otherwise stated.
  - Choose appropriate visibilities for classes, methods, and attributes.
  - Do not call System.exit(), Runtime.exit(), or similar.
  - Do not use the default package.
  - Error messages may be free-form English text but should be meaningful.
  - Error messages must begin with 'Error,' and must not contain special characters such as newlines
   or umlauts.
  - Error messages should make clear to the user why an input was rejected.
  - Follow rules for variable, method, and package naming.
  - For error messages, using System.err instead of System.out is allowed.
  - If user input does not match the required format, output an error message.
  - Interactive program output must exactly match the specification including case, spaces, and line
   breaks.
  - Maximum line width of 120 characters must be enforced.
  - Never reassign standard input or standard output streams.
  - On semantic or syntactic specification violations always output a meaningful error message.
  - Only produce the information specified in the task; do not print any additional information.
  - Program code must compile without errors.
  - Requires passing mandatory tests before other tests are evaluated; violation yields automatic
  zero points.
  - Solutions must use Java SE 17.
  - Some Checkstyle rules are specially marked and their violation causes automatic zero points.
  - Submit *.java files for task A in individual work with corresponding folder structure in the
  designated directory.
  - Use System.in for input unless otherwise stated.
  - Use System.out for output unless otherwise stated.
  - Keywords propagate automatically: from conference series to conferences, from conferences to
  articles presented there, and from journals to articles published there; duplicate keywords are
  counted/mentioned only once.
  - Author set outputs are printed line-by-line, ascending lexicographic order by last name (then
  first name); empty set produces no output.
  - An Article can be published in exactly one publication venue (Conference or Journal).
  - A Publication has a unique identifier (only lowercase letters and digits), a title, a
  publication year, and at least one author.
  - Publication set outputs are printed line-by-line, ascending lexicographic order by identifier;
  empty set produces no output.
  - A Journal always has exactly one publisher.
  - Implementing quit must not use System.exit() or Runtime.exit().
  - For a given year, at most one conference of a conference series may take place.
  </adaptive_rules>

  <memories>
    - ProgrammingST22-Final1 describes 'Abschlussaufgabe 1 — KastelScholar' as a literature and
  citation management system.
    - The document 'task.md (segment 1/9)' has the title 'Abschlussaufgabe 1 — KastelScholar'.
    - task.md (segment 2/9) RELATES_TO the example/reference systems CiteSeer^X, Google Scholar,
  BibTeX, JabRef, and Citavi.
    - The task document references existing systems with similar functionality: CiteSeer^X, Google
  Scholar, BibTeX, JabRef, and Citavi.
    - task.md references example external systems and tools (CiteSeerX, Google Scholar, BibTeX,
  JabRef, Citavi) as related real-world references
    - ProgrammingST22-Final1 includes the specification documents and source files: task.md,
  guidelines.md, examples.md, Main.java, Author.java, Article.java, Journal.java,
  ConferenceSeries.java, Conference.java.
    - ProgrammingST22-Final1 follows the rules and constraints specified in guidelines.md (coding,
  output formatting, error formatting).
    - The document 'task.md (segment 1/9)' relates to the course 'Programmieren'.
    - ProgrammingST22-Final1 contains Main.java which implements all 20 commands in a single main
  program (~1326 lines).
    - ProgrammingST22-Final1 uses Java SE 17 as the required Java platform for the assignment.
    - ProgrammingST22-Final1 uses Java SE 17 as the required Java version for the project.
    - ProgrammingST22-Final1 includes domain model source files Author.java, Article.java,
  Journal.java, ConferenceSeries.java, and Conference.java implemented as records or final classes.
    - ProgrammingST22-Final1 includes the domain model of six entities: Author, Article, Journal,
  ConferenceSeries, Conference, and Keywords with the described uniqueness rules and attributes
    - ProgrammingST22-Final1 USES a literature-and-citation-management system that manages
  documents, provides search and metrics, and generates user-formatted bibliographies.
    - ProgrammingST22-Final1 uses Java SE 17 as the required Java platform.
  </memories>
  <knowledge>
    - Online submission system automatically checks source code for Checkstyle rules during
  submission.
    - For 'written by', if an author is added multiple times to the same publication or if any
  passed author is missing in the system, then none of the provided authors are added and an error
  is output.
    - A publication missing the n-th author sorts before a publication that has an n-th author when
  comparing at that author position.
  </knowledge>
  <entity_paths>
    - ProgrammingST22-Final1 USES Main.java: The project's Main.java contains an extensive
  implementation of all 20 commands (≈1326 lines).
    - ProgrammingST22-Final1 USES Java SE 17: ProgrammingST22-Final1 uses Java SE 17 as the required
   Java version for the project.; ProgrammingST22-Final1 uses Java SE 17 as the required Java
  platform for the assignment.; ProgrammingST22-Final1 uses Java SE 17 as the required Java
  platform.
    - ProgrammingST22-Final1 USES Author.java, Article.java, Journal.java, ConferenceSeries.java,
  Conference.java: The repository includes domain source files Author.java, Article.java,
  Journal.java, ConferenceSeries.java, and Conference.java in package kastelscholar.
    - ProgrammingST22-Final1 USES Literature and citation management features:
  ProgrammingST22-Final1 USES a literature-and-citation-management system that manages documents,
  provides search and metrics, and generates user-formatted bibliographies.
    - ProgrammingST22-Final1 RELATES_TO task.md: ProgrammingST22-Final1 includes the specification
  documents and source files: task.md, guidelines.md, examples.md, Main.java, Author.java,
  Article.java, Journal.java, ConferenceSeries.java, Conference.java.
    - ProgrammingST22-Final1 RELATES_TO guidelines.md: ProgrammingST22-Final1 includes the
  specification documents and source files: task.md, guidelines.md, examples.md, Main.java,
  Author.java, Article.java, Journal.java, ConferenceSeries.java, Conference.java.;
  ProgrammingST22-Final1 follows the rules and constraints specified in guidelines.md (coding,
  output formatting, error formatting).
    - ProgrammingST22-Final1 RELATES_TO examples.md: ProgrammingST22-Final1 includes the
  specification documents and source files: task.md, guidelines.md, examples.md, Main.java,
  Author.java, Article.java, Journal.java, ConferenceSeries.java, Conference.java.
    - ProgrammingST22-Final1 RELATES_TO Main.java: ProgrammingST22-Final1 includes the specification
   documents and source files: task.md, guidelines.md, examples.md, Main.java, Author.java,
  Article.java, Journal.java, ConferenceSeries.java, Conference.java.; ProgrammingST22-Final1
  contains Main.java which implements all 20 commands in a single main program (~1326 lines).
    - ProgrammingST22-Final1 RELATES_TO Author.java: ProgrammingST22-Final1 includes the
  specification documents and source files: task.md, guidelines.md, examples.md, Main.java,
  Author.java, Article.java, Journal.java, ConferenceSeries.java, Conference.java.
    - ProgrammingST22-Final1 RELATES_TO Article.java: ProgrammingST22-Final1 includes the
  specification documents and source files: task.md, guidelines.md, examples.md, Main.java,
  Author.java, Article.java, Journal.java, ConferenceSeries.java, Conference.java.
    - ProgrammingST22-Final1 RELATES_TO Journal.java: ProgrammingST22-Final1 includes the
  specification documents and source files: task.md, guidelines.md, examples.md, Main.java,
  Author.java, Article.java, Journal.java, ConferenceSeries.java, Conference.java.
    - ProgrammingST22-Final1 RELATES_TO ConferenceSeries.java: ProgrammingST22-Final1 includes the
  specification documents and source files: task.md, guidelines.md, examples.md, Main.java,
  Author.java, Article.java, Journal.java, ConferenceSeries.java, Conference.java.
    - ProgrammingST22-Final1 RELATES_TO Conference.java: ProgrammingST22-Final1 includes the
  specification documents and source files: task.md, guidelines.md, examples.md, Main.java,
  Author.java, Article.java, Journal.java, ConferenceSeries.java, Conference.java.
    - ProgrammingST22-Final1 RELATES_TO Author.java, Article.java, Journal.java,
  ConferenceSeries.java, Conference.java: ProgrammingST22-Final1 includes domain model source files
  Author.java, Article.java, Journal.java, ConferenceSeries.java, and Conference.java implemented as
   records or final classes.
    - ProgrammingST22-Final1 RELATES_TO Java records and final classes: The project's domain classes
   are modeled as Java records or final classes.
    - ProgrammingST22-Final1 RELATES_TO Domain model (Author, Article, Journal, ConferenceSeries,
  Conference, Keywords): ProgrammingST22-Final1 includes the domain model of six entities: Author,
  Article, Journal, ConferenceSeries, Conference, and Keywords with the described uniqueness rules
  and attributes
    - ProgrammingST22-Final1 RELATES_TO Abschlussaufgabe 1 — KastelScholar: ProgrammingST22-Final1
  describes 'Abschlussaufgabe 1 — KastelScholar' as a literature and citation management system.
    - ProgrammingST22-Final1 RELATES_TO CiteSeer^X: The task document references existing systems
  with similar functionality: CiteSeer^X, Google Scholar, BibTeX, JabRef, and Citavi.
    - ProgrammingST22-Final1 RELATES_TO Google Scholar: The task document references existing
  systems with similar functionality: CiteSeer^X, Google Scholar, BibTeX, JabRef, and Citavi.
    - ProgrammingST22-Final1 RELATES_TO BibTeX: The task document references existing systems with
  similar functionality: CiteSeer^X, Google Scholar, BibTeX, JabRef, and Citavi.
  </entity_paths>
  <entity_matches>
    - ProgrammingST22-Final1 (score: 1.00) — Course project repository for the final assignment.
    - task.md (score: 0.78) — Assignment specification document for the Programmieren course
    - examples.md (score: 0.68) — Example inputs/outputs for the assignment.
    - Author.java, Article.java, Journal.java, ConferenceSeries.java, Conference.java (score: 0.68)
  — Domain model source files present in the repository's kastelscholar package.
    - KastelScholar (score: 0.67) — Name of the assignment target application
  </entity_matches>
  <insights>
    - Agent community around ProgrammingST22-Final1, examples.md, Author.java, Article.java,
  Journal.java, ConferenceSeries.java, Conference.java connects guidelines.md, Author.java,
  Article.java, Journal.java. Relevant agent facts: The project's Main.java contains an extensive
  implementation of all 20 commands (≈1326 lines).; The repository includes domain source files
  Author.java, Article.java, Journal.java, ConferenceSeries.java, and Conference.java in package
  kastelscholar.; ProgrammingST22-Final1 includes the specification documents and source files:
  task.md, guidelines.md, examples.md, Main.java, Author.java, Article.java, Journal.java,
  ConferenceSeries.java, Conference.java.
    - Agent community around task.md, KastelScholar, 20 Punkte. Relevant agent facts: task.md
  defines the bibliography sorting: compare authors pairwise by last then first name (missing n-th
  author sorts before existing), then title, year, and finally identifier; task.md models venues as
  conferences or journals; conferences are identified by series+year, journals have exactly one
  publisher, and an article is published in exactly one venue; task.md requires identifiers to be
  case-sensitive so different capitalization yields distinct identifiers
    - Agent community around Prof. Dr.-Ing. Anne Koziolek, Programmieren, Institute of Information
  Security and Dependability. Relevant agent facts: task.md relates to the instructor Prof. Dr.-Ing.
   Anne Koziolek; Prof. Dr.-Ing. Anne Koziolek is the instructor for the course 'Programmieren'.;
  The document 'task.md (segment 1/9)' lists the instructor 'Prof. Dr.-Ing. Anne Koziolek'.
    - Agent community around task.md, KastelScholar, 20 Punkte connects Version: 1.3, Sommersemester
   2022, Institute of Information Security and Dependability. Relevant agent facts: task.md defines
  the bibliography sorting: compare authors pairwise by last then first name (missing n-th author
  sorts before existing), then title, year, and finally identifier; task.md models venues as
  conferences or journals; conferences are identified by series+year, journals have exactly one
  publisher, and an article is published in exactly one venue; task.md requires identifiers to be
  case-sensitive so different capitalization yields distinct identifiers
  </insights>

● adaptive-memory extension active (role=requirements, memorySession=20260723-121444-req) - type
  /memory-help. MCP tools registered (memory=true, backlog=true).







Changes    +0 -0
Duration   5m 9s
Tokens     ↑ 72.5k (1.3k cached) • ↓ 2.0k (1.4k reasoning)
[delivery:requirements] Turn 10/11 complete
[delivery:requirements] Turn 11/11: Finalize backlog creation
● [adaptive-context] GET http://localhost:4444/api/agents/7af7809a-adce-4fa9-9609-fd61059de0ff/sessi
  ons/20260723-121444-req/context?input=%2Ffinalize&project=ProgrammingST22-Final1&role=requirements
  &task=Understand+the+st22final01+and+create+its+backlog+when+prompted.&timestamp=2026-07-23T10%3A2
  1%3A43.471Z&domain=st22final01

● Injected adaptive memory context into system prompt

● <adaptive_rules>
  - Publication set outputs are printed line-by-line, ascending lexicographic order by identifier;
  empty set produces no output.
  - Adhere to JavaDoc documentation rules.
  - After printing an error message, the program should continue and wait for the next input.
  - All whitespace rules must be followed.
  - Allowed Java library packages: java.lang, java.io, java.util, java.util.regex, java.util.stream,
   java.util.function unless otherwise stated.
  - Choose appropriate visibilities for classes, methods, and attributes.
  - Do not call System.exit(), Runtime.exit(), or similar.
  - Do not use the default package.
  - Error messages may be free-form English text but should be meaningful.
  - Error messages must begin with 'Error,' and must not contain special characters such as newlines
   or umlauts.
  - Error messages should make clear to the user why an input was rejected.
  - Follow rules for variable, method, and package naming.
  - For error messages, using System.err instead of System.out is allowed.
  - If user input does not match the required format, output an error message.
  - Interactive program output must exactly match the specification including case, spaces, and line
   breaks.
  - Maximum line width of 120 characters must be enforced.
  - Never reassign standard input or standard output streams.
  - On semantic or syntactic specification violations always output a meaningful error message.
  - Only produce the information specified in the task; do not print any additional information.
  - Program code must compile without errors.
  - Requires passing mandatory tests before other tests are evaluated; violation yields automatic
  zero points.
  - Solutions must use Java SE 17.
  - Some Checkstyle rules are specially marked and their violation causes automatic zero points.
  - Submit *.java files for task A in individual work with corresponding folder structure in the
  designated directory.
  - Use System.in for input unless otherwise stated.
  - Use System.out for output unless otherwise stated.
  - Implementing quit must not use System.exit() or Runtime.exit().
  - Author set outputs are printed line-by-line, ascending lexicographic order by last name (then
  first name); empty set produces no output.
  </adaptive_rules>

  <memories>
    - ProgrammingST22-Final1 follows the rules and constraints specified in guidelines.md (coding,
  output formatting, error formatting).
    - ProgrammingST22-Final1 includes the specification documents and source files: task.md,
  guidelines.md, examples.md, Main.java, Author.java, Article.java, Journal.java,
  ConferenceSeries.java, Conference.java.
    - ProgrammingST22-Final1 contains Main.java which implements all 20 commands in a single main
  program (~1326 lines).
    - ProgrammingST22-Final1 must emit meaningful error messages on specification or format
  violations and continue running afterwards
    - ProgrammingST22-Final1 writes regular program output to the standard output stream System.out
  </memories>
  <knowledge>
    - Online submission system automatically checks source code for Checkstyle rules during
  submission.
    - The program is terminated by the parameterless command `quit`.
  </knowledge>
  <entity_paths>
    - ProgrammingST22-Final1 USES Main.java: The project's Main.java contains an extensive
  implementation of all 20 commands (≈1326 lines).
    - ProgrammingST22-Final1 USES Java SE 17: ProgrammingST22-Final1 uses Java SE 17 as the required
   Java version for the project.
    - ProgrammingST22-Final1 USES Author.java, Article.java, Journal.java, ConferenceSeries.java,
  Conference.java: The repository includes domain source files Author.java, Article.java,
  Journal.java, ConferenceSeries.java, and Conference.java in package kastelscholar.
    - ProgrammingST22-Final1 USES System.out: ProgrammingST22-Final1 writes regular program output
  to the standard output stream System.out
    - ProgrammingST22-Final1 USES System.err: ProgrammingST22-Final1 may use the standard error
  stream System.err optionally for error messages
    - ProgrammingST22-Final1 USES Literature and citation management features:
  ProgrammingST22-Final1 USES a literature-and-citation-management system that manages documents,
  provides search and metrics, and generates user-formatted bibliographies.
    - ProgrammingST22-Final1 USES System.in: ProgrammingST22-Final1 reads user commands from the
  standard input stream System.in
    - ProgrammingST22-Final1 RELATES_TO quit: ProgrammingST22-Final1 must terminate when the exact
  input string `quit` is entered
    - ProgrammingST22-Final1 RELATES_TO task.md: ProgrammingST22-Final1 includes the specification
  documents and source files: task.md, guidelines.md, examples.md, Main.java, Author.java,
  Article.java, Journal.java, ConferenceSeries.java, Conference.java.
    - ProgrammingST22-Final1 RELATES_TO guidelines.md: ProgrammingST22-Final1 includes the
  specification documents and source files: task.md, guidelines.md, examples.md, Main.java,
  Author.java, Article.java, Journal.java, ConferenceSeries.java, Conference.java.;
  ProgrammingST22-Final1 follows the rules and constraints specified in guidelines.md (coding,
  output formatting, error formatting).
    - ProgrammingST22-Final1 RELATES_TO examples.md: ProgrammingST22-Final1 includes the
  specification documents and source files: task.md, guidelines.md, examples.md, Main.java,
  Author.java, Article.java, Journal.java, ConferenceSeries.java, Conference.java.
    - ProgrammingST22-Final1 RELATES_TO Main.java: ProgrammingST22-Final1 includes the specification
   documents and source files: task.md, guidelines.md, examples.md, Main.java, Author.java,
  Article.java, Journal.java, ConferenceSeries.java, Conference.java.; ProgrammingST22-Final1
  contains Main.java which implements all 20 commands in a single main program (~1326 lines).
    - ProgrammingST22-Final1 RELATES_TO Author.java: ProgrammingST22-Final1 includes the
  specification documents and source files: task.md, guidelines.md, examples.md, Main.java,
  Author.java, Article.java, Journal.java, ConferenceSeries.java, Conference.java.
    - ProgrammingST22-Final1 RELATES_TO Article.java: ProgrammingST22-Final1 includes the
  specification documents and source files: task.md, guidelines.md, examples.md, Main.java,
  Author.java, Article.java, Journal.java, ConferenceSeries.java, Conference.java.
    - ProgrammingST22-Final1 RELATES_TO Journal.java: ProgrammingST22-Final1 includes the
  specification documents and source files: task.md, guidelines.md, examples.md, Main.java,
  Author.java, Article.java, Journal.java, ConferenceSeries.java, Conference.java.
    - ProgrammingST22-Final1 RELATES_TO ConferenceSeries.java: ProgrammingST22-Final1 includes the
  specification documents and source files: task.md, guidelines.md, examples.md, Main.java,
  Author.java, Article.java, Journal.java, ConferenceSeries.java, Conference.java.
    - ProgrammingST22-Final1 RELATES_TO Conference.java: ProgrammingST22-Final1 includes the
  specification documents and source files: task.md, guidelines.md, examples.md, Main.java,
  Author.java, Article.java, Journal.java, ConferenceSeries.java, Conference.java.
    - ProgrammingST22-Final1 RELATES_TO Author.java, Article.java, Journal.java,
  ConferenceSeries.java, Conference.java: ProgrammingST22-Final1 includes domain model source files
  Author.java, Article.java, Journal.java, ConferenceSeries.java, and Conference.java implemented as
   records or final classes.
    - ProgrammingST22-Final1 RELATES_TO Java records and final classes: The project's domain classes
   are modeled as Java records or final classes.
    - ProgrammingST22-Final1 RELATES_TO Domain model (Author, Article, Journal, ConferenceSeries,
  Conference, Keywords): ProgrammingST22-Final1 includes the domain model of six entities: Author,
  Article, Journal, ConferenceSeries, Conference, and Keywords with the described uniqueness rules
  and attributes
  </entity_paths>
  <entity_matches>
    - ProgrammingST22-Final1 (score: 1.00) — Repository and codebase for the final assignment
  'ProgrammingST22-Final1'.
    - task.md (score: 0.78) — Assignment document for Abschlussaufgabe 1 — KastelScholar
    - task.md (segment 2/9) (score: 0.74) — Task document segment introducing the assignment and its
   goals.
    - Java records and final classes (score: 0.73) — Java language features (record or final class)
  used to model domain classes.
    - task.md (segment 5/9) (score: 0.72) — Document segment describing required system
  functionality and command categories
  </entity_matches>
  <insights>
    - Agent community around ProgrammingST22-Final1, Java records and final classes, Java SE 17
  connects Domain model (Author, Article, Journal, ConferenceSeries, Conference, Keywords),
  System.in, Source files: Main.java, Author.java, Article.java, Journal.java,
  ConferenceSeries.java, Conference.java (package kastelscholar). Relevant agent facts: The
  project's Main.java contains an extensive implementation of all 20 commands (≈1326 lines).; The
  repository includes domain source files Author.java, Article.java, Journal.java,
  ConferenceSeries.java, and Conference.java in package kastelscholar.; ProgrammingST22-Final1
  includes the specification documents and source files: task.md, guidelines.md, examples.md,
  Main.java, Author.java, Article.java, Journal.java, ConferenceSeries.java, Conference.java.
    - Agent community around task.md, KastelScholar, bibliography sorting connects publication
  identifier format, article attributes, reference date constraint, bibliography styles (acm, apa).
  Relevant agent facts: task.md defines the bibliography sorting: compare authors pairwise by last
  then first name (missing n-th author sorts before existing), then title, year, and finally
  identifier; task.md models venues as conferences or journals; conferences are identified by
  series+year, journals have exactly one publisher, and an article is published in exactly one
  venue; task.md requires identifiers to be case-sensitive so different capitalization yields
  distinct identifiers
    - Agent community around task.md (segment 2/9), CiteSeer^X, Google Scholar connects Citavi.
  Relevant agent facts: task.md (segment 2/9) RELATES_TO the example/reference systems CiteSeer^X,
  Google Scholar, BibTeX, JabRef, and Citavi.; The task document references existing systems with
  similar functionality: CiteSeer^X, Google Scholar, BibTeX, JabRef, and Citavi.; task.md references
   example external systems and tools (CiteSeerX, Google Scholar, BibTeX, JabRef, Citavi) as related
   real-world references
    - Agent community around task.md (segment 5/9), Datenbestand, Anfragen. Relevant agent facts:
  task.md (segment 5/9) RELATES_TO two command categories for the system: 'Datenbestand'
  (add/change/delete entities and relationships) and 'Anfragen' (retrieve information and list
  entities by criteria).
    - Agent community around Main.java, examples.md, Author.java connects ConferenceSeries.java,
  Conference.java, Implementation: 20 commands (~1326 lines). Relevant agent facts:
  ProgrammingST22-Final1 includes the specification documents and source files: task.md,
  guidelines.md, examples.md, Main.java, Author.java, Article.java, Journal.java,
  ConferenceSeries.java, Conference.java.; The examples.md document contains both a required public
  example interaction and an optional public example interaction illustrating minimum and extended
  behaviours.; The project's Main.java contains an extensive implementation of all 20 commands
  (≈1326 lines).
  </insights>

● adaptive-memory extension active (role=requirements, memorySession=20260723-121444-req) - type
  /memory-help. MCP tools registered (memory=true, backlog=true).



● Create Backlog (MCP: agentic-memory) · Final assignment: Interactive command-line system for mana…
  └ Backlog "KastelScholar - Literature & Citation Management" created with id: 5...



● Create Tasks (MCP: agentic-memory) · backlogId: "50726cc6-62a8-4927-adaa-bb1033bee389", tasks: [1…
  └ Created 13 task(s) in backlog 50726cc6-62a8-4927-adaa-bb1033bee389.



● Get Tasks (MCP: agentic-memory) · backlogId: "50726cc6-62a8-4927-adaa-bb1033bee389"
  └ 1. [to_do] (p10) Verify mandatory example interaction end-to-end — Run the pr...







Changes    +0 -0
Duration   7m 16s
Tokens     ↑ 317.8k (236.4k cached) • ↓ 6.9k (4.8k reasoning)
[delivery:requirements] Turn 11/11 complete
[delivery:requirements] Exercise requirements stream complete — advancing to backlog discovery
[delivery] Phase B: Backlog discovery
[delivery] Using backlog: "KastelScholar - Literature & Citation Management" (50726cc6-62a8-4927-adaa-bb1033bee389)
[delivery] Backlog: "KastelScholar - Literature & Citation Management" (50726cc6-62a8-4927-adaa-bb1033bee389)

[delivery] Phase C: Coding

[delivery] Killed leftover process PID 86285 on port 3001
● [adaptive-context] GET http://localhost:4444/api/agents/7af7809a-adce-4fa9-9609-fd61059de0ff/sessi
  ons/20260723-121444-coding/context?input=Implement+%22KastelScholar+-+Literature+%26+Citation+Mana
  gement%22+backlog%3A+Verify+mandatory+example+interaction+end-to-end%3B+Verify+optional+example+in
  teraction+end-to-end%3B+Fix+empty+or+whitespace-only+input+handling%3B+Verify+and+fix+%27in+procee
  dings%27+error+messages%3B+Verify+keyword+inheritance+in+similarity+and+find+queries%3B+Verify+bib
  liography+sort+order+%2810-level+priority%29%3B+Verify+float+truncation+%28not+rounding%29+in+jacc
  ard+and+similarity%3B+Verify+g-index+algorithm+correctness%3B+Verify+foreign+citations+logic+with+
  co-author+exclusion%3B+Run+Checkstyle+and+fix+all+violations%3B+Verify+all+error+messages+are+prop
  erly+formatted%3B+Verify+quit+command+terminates+without+System.exit%28%29%2FRuntime.exit%28%29%3B
  +Final+integration+test+and+output+verification&project=ProgrammingST22-Final1&role=coding&task=Im
  plement+backlog+%22KastelScholar+-+Literature+%26+Citation+Management%22+in+the+selected+exercise+
  repository.&timestamp=2026-07-23T10%3A23%3A49.835Z&domain=st22final01

● Injected adaptive memory context into system prompt

● <adaptive_rules>
  - Adhere to JavaDoc documentation rules.
  - After printing an error message, the program should continue and wait for the next input.
  - All whitespace rules must be followed.
  - Allowed Java library packages: java.lang, java.io, java.util, java.util.regex, java.util.stream,
   java.util.function unless otherwise stated.
  - Choose appropriate visibilities for classes, methods, and attributes.
  - Do not call System.exit(), Runtime.exit(), or similar.
  - Do not use the default package.
  - Error messages may be free-form English text but should be meaningful.
  - Error messages must begin with 'Error,' and must not contain special characters such as newlines
   or umlauts.
  - Error messages should make clear to the user why an input was rejected.
  - Follow rules for variable, method, and package naming.
  - For error messages, using System.err instead of System.out is allowed.
  - If user input does not match the required format, output an error message.
  - Interactive program output must exactly match the specification including case, spaces, and line
   breaks.
  - Maximum line width of 120 characters must be enforced.
  - Never reassign standard input or standard output streams.
  - On semantic or syntactic specification violations always output a meaningful error message.
  - Only produce the information specified in the task; do not print any additional information.
  - Program code must compile without errors.
  - Requires passing mandatory tests before other tests are evaluated; violation yields automatic
  zero points.
  - Solutions must use Java SE 17.
  - Some Checkstyle rules are specially marked and their violation causes automatic zero points.
  - Submit *.java files for task A in individual work with corresponding folder structure in the
  designated directory.
  - Use System.in for input unless otherwise stated.
  - Use System.out for output unless otherwise stated.
  - Implementing quit must not use System.exit() or Runtime.exit().
  - Keywords propagate automatically: from conference series to conferences, from conferences to
  articles presented there, and from journals to articles published there; duplicate keywords are
  counted/mentioned only once.
  - Publication set outputs are printed line-by-line, ascending lexicographic order by identifier;
  empty set produces no output.
  - Author set outputs are printed line-by-line, ascending lexicographic order by last name (then
  first name); empty set produces no output.
  - <float> values are always output with exactly three decimal places in format X.XXX using '.' as
  separator, truncated (not rounded); values are <= 10^6.
  </adaptive_rules>

  <memories>
    - ProgrammingST22-Final1 describes 'Abschlussaufgabe 1 — KastelScholar' as a literature and
  citation management system.
    - ProgrammingST22-Final1 contains Java source files Main.java, Author.java, Article.java,
  Journal.java, ConferenceSeries.java, Conference.java in package kastelscholar
    - ProgrammingST22-Final1 includes the specification documents and source files: task.md,
  guidelines.md, examples.md, Main.java, Author.java, Article.java, Journal.java,
  ConferenceSeries.java, Conference.java.
    - ProgrammingST22-Final1 USES a literature-and-citation-management system that manages
  documents, provides search and metrics, and generates user-formatted bibliographies.
    - ProgrammingST22-Final1 enforces strict guidelines: Java 17, Checkstyle, and exact output and
  error formatting.
    - Main.java in the repository is the implemented CLI for KastelScholar and contains an extensive
   implementation of all 20 specified commands (~1326 lines).
    - ProgrammingST22-Final1 follows the rules and constraints specified in guidelines.md (coding,
  output formatting, error formatting).
    - ProgrammingST22-Final1 includes domain model source files Author.java, Article.java,
  Journal.java, ConferenceSeries.java, and Conference.java implemented as records or final classes.
    - ProgrammingST22-Final1 specifies bibliography sorting order and supports ACM (`acm`) and APA
  (`apa`) styles.
    - ProgrammingST22-Final1 must implement the two citation styles: ACM Simplified ('acm') and APA
  Simplified ('apa').
    - ProgrammingST22-Final1 must terminate when the exact input string `quit` is entered
  </memories>
  <knowledge>
    - Online submission system automatically checks source code for Checkstyle rules during
  submission.
  </knowledge>
  <entity_paths>
    - ProgrammingST22-Final1 USES Main.java: The project's Main.java contains an extensive
  implementation of all 20 commands (≈1326 lines).
    - ProgrammingST22-Final1 USES Java SE 17: ProgrammingST22-Final1 uses Java SE 17 as the required
   Java version for the project.
    - ProgrammingST22-Final1 USES Author.java, Article.java, Journal.java, ConferenceSeries.java,
  Conference.java: The repository includes domain source files Author.java, Article.java,
  Journal.java, ConferenceSeries.java, and Conference.java in package kastelscholar.
    - ProgrammingST22-Final1 USES System.out: ProgrammingST22-Final1 writes regular program output
  to the standard output stream System.out; ProgrammingST22-Final1 USES System.out for standard
  program output.
    - ProgrammingST22-Final1 USES System.err: ProgrammingST22-Final1 may use the standard error
  stream System.err optionally for error messages; ProgrammingST22-Final1 MAY USE System.err
  optionally for error messages.
    - ProgrammingST22-Final1 USES Literature and citation management features:
  ProgrammingST22-Final1 USES a literature-and-citation-management system that manages documents,
  provides search and metrics, and generates user-formatted bibliographies.
    - ProgrammingST22-Final1 USES System.in: ProgrammingST22-Final1 reads user commands from the
  standard input stream System.in; ProgrammingST22-Final1 USES System.in for line-oriented command
  input (REPL).
    - ProgrammingST22-Final1 RELATES_TO Bibliography sorting: ProgrammingST22-Final1 RELATES_TO
  bibliography sorting uses author last/first pairwise, then title, year, then ID; missing nth
  author sorts before existing.
    - ProgrammingST22-Final1 RELATES_TO quit: ProgrammingST22-Final1 must terminate when the exact
  input string `quit` is entered; ProgrammingST22-Final1 RELATES_TO the COMMAND quit which
  terminates the program when entered.; ProgrammingST22-Final1 RELATES_TO the parameterless command
  'quit' which cleanly terminates the program; use of System.exit()/Runtime.exit() is forbidden.
    - ProgrammingST22-Final1 RELATES_TO Bibliography styles (acm, apa): ProgrammingST22-Final1
  RELATES_TO provides ACM (acm) and APA (apa) bibliography output styles.
    - ProgrammingST22-Final1 RELATES_TO Keywords: ProgrammingST22-Final1 RELATES_TO Keywords must be
   lowercase, contain no special characters, and duplicates count once.
    - ProgrammingST22-Final1 RELATES_TO task.md: ProgrammingST22-Final1 includes the specification
  documents and source files: task.md, guidelines.md, examples.md, Main.java, Author.java,
  Article.java, Journal.java, ConferenceSeries.java, Conference.java.
    - ProgrammingST22-Final1 RELATES_TO guidelines.md: ProgrammingST22-Final1 includes the
  specification documents and source files: task.md, guidelines.md, examples.md, Main.java,
  Author.java, Article.java, Journal.java, ConferenceSeries.java, Conference.java.;
  ProgrammingST22-Final1 follows the rules and constraints specified in guidelines.md (coding,
  output formatting, error formatting).
    - ProgrammingST22-Final1 RELATES_TO examples.md: ProgrammingST22-Final1 includes the
  specification documents and source files: task.md, guidelines.md, examples.md, Main.java,
  Author.java, Article.java, Journal.java, ConferenceSeries.java, Conference.java.
    - ProgrammingST22-Final1 RELATES_TO Main.java: ProgrammingST22-Final1 includes the specification
   documents and source files: task.md, guidelines.md, examples.md, Main.java, Author.java,
  Article.java, Journal.java, ConferenceSeries.java, Conference.java.; ProgrammingST22-Final1
  contains Main.java which implements all 20 commands in a single main program (~1326 lines).
    - ProgrammingST22-Final1 RELATES_TO Author.java: ProgrammingST22-Final1 includes the
  specification documents and source files: task.md, guidelines.md, examples.md, Main.java,
  Author.java, Article.java, Journal.java, ConferenceSeries.java, Conference.java.
    - ProgrammingST22-Final1 RELATES_TO Article.java: ProgrammingST22-Final1 includes the
  specification documents and source files: task.md, guidelines.md, examples.md, Main.java,
  Author.java, Article.java, Journal.java, ConferenceSeries.java, Conference.java.
    - ProgrammingST22-Final1 RELATES_TO Journal.java: ProgrammingST22-Final1 includes the
  specification documents and source files: task.md, guidelines.md, examples.md, Main.java,
  Author.java, Article.java, Journal.java, ConferenceSeries.java, Conference.java.
    - ProgrammingST22-Final1 RELATES_TO ConferenceSeries.java: ProgrammingST22-Final1 includes the
  specification documents and source files: task.md, guidelines.md, examples.md, Main.java,
  Author.java, Article.java, Journal.java, ConferenceSeries.java, Conference.java.
    - ProgrammingST22-Final1 RELATES_TO Conference.java: ProgrammingST22-Final1 includes the
  specification documents and source files: task.md, guidelines.md, examples.md, Main.java,
  Author.java, Article.java, Journal.java, ConferenceSeries.java, Conference.java.
  </entity_paths>
  <entity_matches>
    - ProgrammingST22-Final1 (score: 1.00) — Course project repository for the assignment.
    - Abschlussaufgabe 1 — KastelScholar (score: 0.82) — Title of the assignment described in
  task.md.
    - Source files: Main.java, Author.java, Article.java, Journal.java, ConferenceSeries.java,
  Conference.java (package kastelscholar) (score: 0.79) — Java source files implementing the
  KastelScholar application in package kastelscholar
    - LiteratureAndCitationManagementSystemRequirements (score: 0.78) — Requirements: collection
  management, search & metrics, bibliography generation
    - Title: Abschlussaufgabe 1 — KastelScholar (score: 0.76) — Assignment title.
  </entity_matches>
  <insights>
    - Agent community around ProgrammingST22-Final1, Source files: Main.java, Author.java,
  Article.java, Journal.java, ConferenceSeries.java, Conference.java (package kastelscholar), Java
  SE 17 connects Java records and final classes, Domain model (Author, Article, Journal,
  ConferenceSeries, Conference, Keywords), Domain classes modeled as records and final classes.
  Relevant agent facts: The project's Main.java contains an extensive implementation of all 20
  commands (≈1326 lines).; The repository includes domain source files Author.java, Article.java,
  Journal.java, ConferenceSeries.java, and Conference.java in package kastelscholar.;
  ProgrammingST22-Final1 includes the specification documents and source files: task.md,
  guidelines.md, examples.md, Main.java, Author.java, Article.java, Journal.java,
  ConferenceSeries.java, Conference.java.
    - Agent community around Abschlussaufgabe 1 — KastelScholar, Literatur- und Zitatverwaltung,
  Generierung eines Literaturverzeichnisses. Relevant agent facts: KastelScholar implements
  management of a literature and citation collection.; KastelScholar can generate a bibliography in
  a user-chosen format for a planned written work.; KastelScholar computes derived metrics over
  authors and documents.
    - Agent community around LiteratureAndCitationManagementSystemRequirements, Bibliography
  sorting, Bibliography styles (acm, apa) connects venue model, case-sensitive identifier rule,
  article attributes, > (prompt marker). Relevant agent facts: task.md defines the bibliography
  sorting: compare authors pairwise by last then first name (missing n-th author sorts before
  existing), then title, year, and finally identifier; ProgrammingST22-Final1 RELATES_TO
  bibliography sorting uses author last/first pairwise, then title, year, then ID; missing nth
  author sorts before existing.; task.md models venues as conferences or journals; conferences are
  identified by series+year, journals have exactly one publisher, and an article is published in
  exactly one venue
    - Agent community around Title: Abschlussaufgabe 1 — KastelScholar, 20 Punkte, Prof. Dr.-Ing.
  Anne Koziolek connects Institute of Information Security and Dependability, Sommersemester 2022,
  task.md (segment 1/9). Relevant agent facts: task.md relates to the assignment points value 20;
  task.md awards 20 points for the assignment.; Document 'task.md' describes the assignment
  'Abschlussaufgabe 1 — KastelScholar' and includes metadata: course, semester, instructor, group,
  points, and version.
    - Agent community around CiteSeer^X, Google Scholar, BibTeX connects task.md (segment 2/9).
  Relevant agent facts: task.md (segment 2/9) RELATES_TO the example/reference systems CiteSeer^X,
  Google Scholar, BibTeX, JabRef, and Citavi.; The task document references existing systems with
  similar functionality: CiteSeer^X, Google Scholar, BibTeX, JabRef, and Citavi.; task.md references
   example external systems and tools (CiteSeerX, Google Scholar, BibTeX, JabRef, Citavi) as related
   real-world references
  </insights>

● adaptive-memory extension active (role=coding, memorySession=20260723-121444-coding) - type
  /memory-help. MCP tools registered (memory=true, backlog=true).

● List directory .
  └ 15 files found

✗ Get Scratchpad (MCP: agentic-memory) · sessionId: "6be72084-91ec-4a59-8163-d112ec250190"
  └ MCP server 'agentic-memory': Forbidden.

● [turn-persistence] [turn-persistence] turn_end SKIPPED ai: no assistant message with content

● List directory src
  └ 1 file found

● Claim Next Task (MCP: agentic-memory) · backlogId: "50726cc6-62a8-4927-adaa-bb1033bee389"
  └ Claimed task "Verify mandatory example interaction end-to-end" (c31a25c8-cdc4...

● Search (glob)
  │ "**/*.java" in src
  └ 6 files found

● [turn-persistence] [turn-persistence] turn_end SKIPPED ai: no assistant message with content



● Read task.md
  └ 1 line read

● Read examples.md
  └ 298 lines read

● Read guidelines.md
  └ 97 lines read



● Read Main.java
  │ src/kastelscholar/Main.java
  └ 1 line read

● Read Author.java
  │ src/kastelscholar/Author.java
  └ 42 lines read

● Read Article.java
  │ src/kastelscholar/Article.java
  └ 283 lines read

● Read Journal.java
  │ src/kastelscholar/Journal.java
  └ 84 lines read

● Read ConferenceSeries.java
  │ src/kastelscholar/ConferenceSeries.java
  └ 70 lines read

● Read Conference.java
  │ src/kastelscholar/Conference.java
  └ 59 lines read



✗ view_range /Users/nghalinh2711/Development/student-repos/st22final01/src/kastelscholar/Main.java …
  └ Tool 'view_range' does not exist.

● Compile the Java project (shell)
  │ cd /Users/nghalinh2711/Development/student-repos/st22final01 && mvn compile -q 2>&1
  └ 1 line…



● Count lines in Main.java (shell)
  │ wc -l /Users/nghalinh2711/Development/student-repos/st22final01/src/kastelscholar/Main.java
  └ 2 lines…

● Search (grep)
  │ "class Main" (src/kastelscholar/Main.java)
  └ 1 line found

● Read Main.java
  │ src/kastelscholar/Main.java
  └ L300:600 (301 lines read)

● Read Main.java
  │ src/kastelscholar/Main.java
  └ L1:300 (300 lines read)

● Read Main.java
  │ src/kastelscholar/Main.java
  └ L600:900 (301 lines read)

● Read Main.java
  │ src/kastelscholar/Main.java
  └ L900:1326 (427 lines read)

● [turn-persistence] [turn-persistence] turn_end SKIPPED ai: no assistant message with content



● Run mandatory example test (shell)
  │ cd /Users/nghalinh2711/Development/student-repos/st22final01 && cat > /tmp/test_section2.txt
  │ << 'EOF'
  │ add series ICSME
  │ add keywords to series ICSME:software;maintenance;architecture
  │ add conference ICSME,2022,Limassol…
  └ 24 lines…



● Update Task (MCP: agentic-memory) · backlogId: "50726cc6-62a8-4927-adaa-bb1033bee389", taskId: "c…
  └ Task "Verify mandatory example interaction end-to-end" (c31a25c8-cdc4-4f60-91...

● Run optional example test (Section 3) (shell)
  │ cd /Users/nghalinh2711/Development/student-repos/st22final01 && cat > /tmp/test_section3.txt
  │ << 'EOF'
  │ add author Eniola Lowry
  │ add author Richard Rhinelander
  │ add author Eniola Lowry…
  └ 75 lines…



● Claim Next Task (MCP: agentic-memory) · backlogId: "50726cc6-62a8-4927-adaa-bb1033bee389"
  └ Claimed task "Verify optional example interaction end-to-end" (847886e1-5213-...



● Update Task (MCP: agentic-memory) · state: "done", taskId: "847886e1-5213-48b4-a477-17d0eab850ad"…
  └ Task "Verify optional example interaction end-to-end" (847886e1-5213-48b4-a47...

● Claim Next Task (MCP: agentic-memory) · backlogId: "50726cc6-62a8-4927-adaa-bb1033bee389"
  └ Claimed task "Fix empty or whitespace-only input handling" (503a814e-271f-4fd...


===== st22final01 started at 2026-07-23T10:29:11Z =====
PROGRAMMING_DIR=/Users/nghalinh2711/Development/student-repos/st22final01
DELIVERY_AGENT_CONTEXT_PROJECT=ProgrammingST22-Final1
DELIVERY_AGENT_CONTEXT_DOMAIN=st22final01
COMMAND=pnpm delivery:run --exercise 

$ tsx delivery/run.ts --exercise
[delivery:knowledgebase] Ensuring guidelines.md is ingested for domain st22final01 before exercise requirements
[delivery:knowledgebase] Deleting prior knowledgebase job d2f19774-7327-43d4-842c-12c8de458eea for domain st22final01
[delivery:knowledgebase] Uploading guidelines.md to Vercel Blob for domain st22final01
[delivery:knowledgebase] Registered guidelines upload job 76342fd6-f3f2-4538-b7d7-6e1e5cf3d1d1; waiting for ingestion
[delivery:knowledgebase] Guidelines ingestion job 76342fd6-f3f2-4538-b7d7-6e1e5cf3d1d1: processing
[delivery:knowledgebase] Guidelines ingestion job 76342fd6-f3f2-4538-b7d7-6e1e5cf3d1d1: processing
[delivery:knowledgebase] Guidelines ingestion job 76342fd6-f3f2-4538-b7d7-6e1e5cf3d1d1: processing
[delivery:knowledgebase] Guidelines ingestion job 76342fd6-f3f2-4538-b7d7-6e1e5cf3d1d1: processing
[delivery:knowledgebase] Guidelines ingestion job 76342fd6-f3f2-4538-b7d7-6e1e5cf3d1d1: processing
[delivery:knowledgebase] Guidelines ingestion job 76342fd6-f3f2-4538-b7d7-6e1e5cf3d1d1: processing
[delivery:knowledgebase] Guidelines ingestion job 76342fd6-f3f2-4538-b7d7-6e1e5cf3d1d1: processing
[delivery:knowledgebase] Guidelines ingestion job 76342fd6-f3f2-4538-b7d7-6e1e5cf3d1d1: processing
[delivery:knowledgebase] Guidelines ingestion job 76342fd6-f3f2-4538-b7d7-6e1e5cf3d1d1: processing
[delivery:knowledgebase] Guidelines ingestion job 76342fd6-f3f2-4538-b7d7-6e1e5cf3d1d1: processing
[delivery:knowledgebase] Guidelines ingestion job 76342fd6-f3f2-4538-b7d7-6e1e5cf3d1d1: processing
[delivery:knowledgebase] Guidelines ingestion job 76342fd6-f3f2-4538-b7d7-6e1e5cf3d1d1: processing
[delivery:knowledgebase] Guidelines ingestion job 76342fd6-f3f2-4538-b7d7-6e1e5cf3d1d1: processing
[delivery:knowledgebase] Guidelines ingestion job 76342fd6-f3f2-4538-b7d7-6e1e5cf3d1d1: processing
[delivery:knowledgebase] Guidelines ingestion job 76342fd6-f3f2-4538-b7d7-6e1e5cf3d1d1: processing
[delivery:knowledgebase] Guidelines ingestion job 76342fd6-f3f2-4538-b7d7-6e1e5cf3d1d1: processing
[delivery:knowledgebase] Guidelines ingestion job 76342fd6-f3f2-4538-b7d7-6e1e5cf3d1d1: processing
[delivery:knowledgebase] Guidelines ingestion job 76342fd6-f3f2-4538-b7d7-6e1e5cf3d1d1: processing
[delivery:knowledgebase] Guidelines ingestion job 76342fd6-f3f2-4538-b7d7-6e1e5cf3d1d1: processing
[delivery:knowledgebase] Guidelines ingestion job 76342fd6-f3f2-4538-b7d7-6e1e5cf3d1d1: processing
[delivery:knowledgebase] Guidelines ingestion job 76342fd6-f3f2-4538-b7d7-6e1e5cf3d1d1: processing
[delivery:knowledgebase] Guidelines ingestion job 76342fd6-f3f2-4538-b7d7-6e1e5cf3d1d1: processing
[delivery:knowledgebase] Guidelines ingestion job 76342fd6-f3f2-4538-b7d7-6e1e5cf3d1d1: processing
[delivery:knowledgebase] Guidelines ingestion job 76342fd6-f3f2-4538-b7d7-6e1e5cf3d1d1: processing
[delivery:knowledgebase] Guidelines ingestion job 76342fd6-f3f2-4538-b7d7-6e1e5cf3d1d1: processing
[delivery:knowledgebase] Guidelines ingestion job 76342fd6-f3f2-4538-b7d7-6e1e5cf3d1d1: processing
[delivery:knowledgebase] Guidelines ingestion job 76342fd6-f3f2-4538-b7d7-6e1e5cf3d1d1: processing
[delivery:knowledgebase] Guidelines ingestion job 76342fd6-f3f2-4538-b7d7-6e1e5cf3d1d1: processing
[delivery:knowledgebase] Guidelines ingestion job 76342fd6-f3f2-4538-b7d7-6e1e5cf3d1d1: processing
[delivery:knowledgebase] Guidelines ingestion job 76342fd6-f3f2-4538-b7d7-6e1e5cf3d1d1: processing
[delivery:knowledgebase] Guidelines ingestion job 76342fd6-f3f2-4538-b7d7-6e1e5cf3d1d1: succeeded
[delivery:knowledgebase] Guidelines ingestion succeeded for domain st22final01 (job 76342fd6-f3f2-4538-b7d7-6e1e5cf3d1d1)

[delivery] Run ID: 20260723-122911
[delivery] Assignment: /Users/nghalinh2711/Development/student-repos/st22final01
[delivery] Assignment ID: st22final01
[delivery] Coding session: 20260723-122911-coding
[delivery] Requirements session: 20260723-122911-req
[delivery] Requirements log: /Users/nghalinh2711/Development/eval/programming/20260723-122911/requirements-output.log

[delivery] Phase A: Requirements

[delivery:requirements] Exercise stream: 11 turns for st22final01 (starting at turn 1)
[delivery:requirements] Output log: /Users/nghalinh2711/Development/eval/programming/20260723-122911/requirements-output.log
[delivery:requirements] Turn 1/11: Introduction
● [adaptive-context] GET http://localhost:4444/api/agents/7af7809a-adce-4fa9-9609-fd61059de0ff/sessi
  ons/20260723-122911-req/context?input=Ich+arbeite+an+einer+Abschluss-Programmieraufgabe.+Ich+werde
  +dir+die+Aufgabe+im+Folgenden+abschnittsweise+%C3%BCbermitteln.+Lies+sie+dir+durch+und+verschaffe+
  dir+zun%C3%A4chst+einen+%C3%9Cberblick+%C3%BCber+den+Kontext%2C+bevor+der+Backlog-+und+Task-Erstel
  lung.+Achte+dabei+unbedingt+auf+die+vorgegebenen+Regeln+und+Richtlinien.&project=ProgrammingST22-F
  inal1&role=requirements&task=Understand+the+st22final01+and+create+its+backlog+when+prompted.&time
  stamp=2026-07-23T10%3A31%3A46.812Z&domain=st22final01

● Injected adaptive memory context into system prompt

● <adaptive_rules>
  - Program code must be written in English; comments may be in English or German.
  - Interactive user interface outputs must match the specification exactly, including case, spaces,
   and line breaks.
  - Only produce the information specified by the task; do not print any additional information.
  - A submission will be automatically scored zero if any of the mandatory rules in these guidelines
   are violated.
  - All other Checkstyle rules must be observed.
  - All solutions must use Java SE 17.
  - All submitted code must compile without errors.
  - All variable, method, and package naming rules from the guidelines must be followed.
  - All whitespace rules specified by the guidelines must be followed.
  - Appropriate visibility modifiers must be chosen for classes, methods, and attributes.
  - Code must not exceed a maximum line width of 120 characters.
  - JavaDoc documentation rules specified by the guidelines must be followed.
  - Standard error (System.err) may optionally be used for error messages, but standard streams must
   never be reassigned.
  - Submissions must not use System.exit(), Runtime.exit(), or similar termination methods when
  exiting the program.
  - The default (unnamed) package must not be used.
  - Unless otherwise stated, input must come from System.in and output must go to System.out.
  - Students should plan time for the first submission because mandatory tests must be passed first.
  - Do not include personal data other than your u-Kürzel; the JavaDoc @author tag must contain only
   the u-Kürzel.
  - After printing an error message, the program must continue and wait for the next input.
  - Passing the mandatory tests is required before other tests are evaluated.
  - Error messages should indicate why an input was rejected.
  - Every error message must begin with 'Error,' and must not contain special characters such as
  line breaks or umlauts.
  </adaptive_rules>

  <knowledge>
    - Violation of specially marked Checkstyle rules causes the submission to be awarded zero points
   automatically.
    - Submit individual *.java files for task A with the corresponding folder structure.
    - Eingabezeilen in Beispielen beginnen mit `>` gefolgt von Leerzeichen; diese Zeichen gehören
  nicht zum eingegebenen Befehl.
    - Wörter zwischen spitzen Klammern in Formatbeschreibungen sind Platzhalter und bei konkreter
  Ein-/Ausgabe ohne spitze Klammern zu ersetzen.
    - Die Groß- und Kleinschreibung von Zeichenfolgen ist relevant (case-sensitive).
    - Der parameterlose Befehl `quit` beendet das Programm vollständig.
    - Listen von Platzhaltern werden als `<list of Xs>` angegeben; eine Liste ist nie leer;
  Einzel-Element als `<X>`; weitere Elemente als `;<X>` angehängt.
  </knowledge>
  <entity_paths>
    - Implementierungsrichtlinien — Abschlussaufgabe 1 (SS 2022) DEPENDS_ON mandatory tests: Passing
   the mandatory tests is required before other tests are evaluated.
    - written by RELATES_TO author add atomicity and validation: Bei `written by` darf ein Autor
  nicht mehrmals zur selben Publikation hinzugefügt werden; bei doppelten Einträgen oder fehlenden
  Autoren wird keiner der übergebenen Autoren hinzugefügt und ein Fehler ausgegeben.
    - example input prompt RELATES_TO input commands: Eingabezeilen in Beispielen beginnen mit `>`
  gefolgt von Leerzeichen; diese Zeichen gehören nicht zum eingegebenen Befehl.
  </entity_paths>
  <entity_matches>
    - Implementierungsrichtlinien — Abschlussaufgabe 1 (SS 2022) (score: 0.78) — Submission
  guideline document for assignment KastelScholar
    - task specification (score: 0.75) — the assignment's output requirements
    - submission format: *.java files with folder structure (score: 0.70) — required file format and
   directory layout for task A
    - written by (score: 0.70) — Befehl/Operation zum Hinzufügen von Autoren
    - example input prompt (score: 0.70) — Leitzeichen `>` am Zeilenanfang in Beispielen
  </entity_matches>

● adaptive-memory extension active (role=requirements, memorySession=20260723-122911-req) - type
  /memory-help. MCP tools registered (memory=true, backlog=true).



● List directory .
  └ 6 files found

✗ Get Scratchpad (MCP: agentic-memory) · sessionId: "be641c06-05b5-43ad-a625-3da33173fefc"
  └ MCP server 'agentic-memory': Forbidden.

● List directory context
  └ 1 file found

● List directory .github
  └ 1 file found

● [turn-persistence] [turn-persistence] turn_end SKIPPED ai: no assistant message with content

● Read requirements-output.log
  └ 96 lines read

● Read agent-context.json
  │ context/agent-context.json
  └ 5 lines read

● [turn-persistence] [turn-persistence] turn_end SKIPPED ai: no assistant message with content







Changes    +0 -0
Duration   23s
Tokens     ↑ 84.6k (63.5k cached) • ↓ 952 (333 reasoning)
[delivery:requirements] Turn 1/11 complete
[delivery:requirements] Turn 2/11: task.md — segment 1/9 — Abschlussaufgabe 1 — KastelScholar
● [adaptive-context] GET http://localhost:4444/api/agents/7af7809a-adce-4fa9-9609-fd61059de0ff/sessi
  ons/20260723-122911-req/context?input=Dokument%3A+task.md%0ASegment%3A+1%2F9%0AAbschnitt%3A+Abschl
  ussaufgabe+1+%E2%80%94+KastelScholar%0A%0ALies+diesen+Abschnitt+sorgf%C3%A4ltig+und+behalte+den+Ko
  ntext.+Erstelle+noch+keinen+Backlog+und+noch+keine+Tasks.+Warte+damit+bis+zum+abschlie%C3%9Fenden+
  %2Ffinalize.%0A%0A%23+Abschlussaufgabe+1+%E2%80%94+KastelScholar%0A%0A**Vorlesung%3A**+Programmier
  en%0A**Semester%3A**+Sommersemester+2022%0A**Dozent%3A**+Prof.+Dr.-Ing.+Anne+Koziolek%0A**Gruppe%3
  A**+Institute+of+Information+Security+and+Dependability%0A**Punkte%3A**+20+Punkte%0A**Version%3A**
  +1.3&project=ProgrammingST22-Final1&role=requirements&task=Understand+the+st22final01+and+create+i
  ts+backlog+when+prompted.&timestamp=2026-07-23T10%3A32%3A13.943Z&domain=st22final01

● Injected adaptive memory context into system prompt

● <adaptive_rules>
  - Program code must be written in English; comments may be in English or German.
  - Do not include personal data other than your u-Kürzel; the JavaDoc @author tag must contain only
   the u-Kürzel.
  - Interactive user interface outputs must match the specification exactly, including case, spaces,
   and line breaks.
  - Only produce the information specified by the task; do not print any additional information.
  - A submission will be automatically scored zero if any of the mandatory rules in these guidelines
   are violated.
  - Passing the mandatory tests is required before other tests are evaluated.
  - Students should plan time for the first submission because mandatory tests must be passed first.
  - All other Checkstyle rules must be observed.
  - All solutions must use Java SE 17.
  - All submitted code must compile without errors.
  - All variable, method, and package naming rules from the guidelines must be followed.
  - All whitespace rules specified by the guidelines must be followed.
  - Appropriate visibility modifiers must be chosen for classes, methods, and attributes.
  - Code must not exceed a maximum line width of 120 characters.
  - JavaDoc documentation rules specified by the guidelines must be followed.
  - Standard error (System.err) may optionally be used for error messages, but standard streams must
   never be reassigned.
  - Submissions must not use System.exit(), Runtime.exit(), or similar termination methods when
  exiting the program.
  - The default (unnamed) package must not be used.
  - Unless otherwise stated, input must come from System.in and output must go to System.out.
  - After printing an error message, the program must continue and wait for the next input.
  - Error messages should indicate why an input was rejected.
  - Every error message must begin with 'Error,' and must not contain special characters such as
  line breaks or umlauts.
  </adaptive_rules>

  <knowledge>
    - Violation of specially marked Checkstyle rules causes the submission to be awarded zero points
   automatically.
    - Submit individual *.java files for task A with the corresponding folder structure.
    - Listen von Platzhaltern werden als `<list of Xs>` angegeben; eine Liste ist nie leer;
  Einzel-Element als `<X>`; weitere Elemente als `;<X>` angehängt.
    - Wörter zwischen spitzen Klammern in Formatbeschreibungen sind Platzhalter und bei konkreter
  Ein-/Ausgabe ohne spitze Klammern zu ersetzen.
    - Die Groß- und Kleinschreibung von Zeichenfolgen ist relevant (case-sensitive).
    - Eingabezeilen in Beispielen beginnen mit `>` gefolgt von Leerzeichen; diese Zeichen gehören
  nicht zum eingegebenen Befehl.
    - Der parameterlose Befehl `quit` beendet das Programm vollständig.
  </knowledge>
  <entity_paths>
    - Implementierungsrichtlinien — Abschlussaufgabe 1 (SS 2022) DEPENDS_ON mandatory tests: Passing
   the mandatory tests is required before other tests are evaluated.
    - Submission USES Java SE 17: All solutions must use Java SE 17.
    - Submission USES Allowed Java packages: java.lang, java.io, java.util, java.util.regex,
  java.util.stream, java.util.function: Solutions may only use elements from the allowed Java
  packages: java.lang, java.io, java.util, java.util.regex, java.util.stream, java.util.function.
    - Submission USES Checkstyle: All other Checkstyle rules must be observed.
    - Submission USES System.in / System.out: Unless otherwise stated, input must come from
  System.in and output must go to System.out.
    - Submission RELATES_TO System.exit()/Runtime.exit() or similar termination methods: Submissions
   must not use System.exit(), Runtime.exit(), or similar termination methods when exiting the
  program.
    - Submission RELATES_TO Implementierungsrichtlinien — Abschlussaufgabe 1 (SS 2022): A submission
   will be automatically scored zero if any of the mandatory rules in these guidelines are violated.
    - Submission RELATES_TO compilable code: All submitted code must compile without errors.
    - Submission RELATES_TO max line width 120 characters: Code must not exceed a maximum line width
   of 120 characters.
    - Submission RELATES_TO whitespace rules: All whitespace rules specified by the guidelines must
  be followed.
    - Submission RELATES_TO naming rules: All variable, method, and package naming rules from the
  guidelines must be followed.
    - Submission RELATES_TO visibility modifiers: Appropriate visibility modifiers must be chosen
  for classes, methods, and attributes.
    - Submission RELATES_TO default package: The default (unnamed) package must not be used.
    - Submission RELATES_TO JavaDoc rules: JavaDoc documentation rules specified by the guidelines
  must be followed.
    - Submission RELATES_TO System.err and standard stream reassignment: Standard error (System.err)
   may optionally be used for error messages, but standard streams must never be reassigned.
    - Submission RELATES_TO meaningful identifier names: Choose meaningful identifier names for all
  identifiers.
    - Submission code RELATES_TO language rules: code English, comments English or German: Program
  code must be written in English; comments may be in English or German.
    - written by RELATES_TO author add atomicity and validation: Bei `written by` darf ein Autor
  nicht mehrmals zur selben Publikation hinzugefügt werden; bei doppelten Einträgen oder fehlenden
  Autoren wird keiner der übergebenen Autoren hinzugefügt und ein Fehler ausgegeben.
    - Submission RELATES_TO Implementierungsrichtlinien — Abschlussaufgabe 1 (SS 2022): A submission
   will be automatically scored zero if any of the mandatory rules in these guidelines are violated.
    - Implementierungsrichtlinien — Abschlussaufgabe 1 (SS 2022) DEPENDS_ON mandatory tests: Passing
   the mandatory tests is required before other tests are evaluated.
  </entity_paths>
  <entity_matches>
    - Implementierungsrichtlinien — Abschlussaufgabe 1 (SS 2022) (score: 0.83) — Submission
  guideline document for assignment KastelScholar
    - task specification (score: 0.75) — the assignment's output requirements
    - Submission (score: 0.70) — Student's solution submission for the assignment
    - Submission code (score: 0.70) — source code content authored by student
    - written by (score: 0.70) — Befehl/Operation zum Hinzufügen von Autoren
  </entity_matches>

● adaptive-memory extension active (role=requirements, memorySession=20260723-122911-req) - type
  /memory-help. MCP tools registered (memory=true, backlog=true).







Changes    +0 -0
Duration   34s
Tokens     ↑ 23.5k (1.3k cached) • ↓ 160 (73 reasoning)
[delivery:requirements] Turn 2/11 complete
[delivery:requirements] Turn 3/11: task.md — segment 2/9 — Abschlussaufgabe 1 — KastelScholar > 1 Einführung
● [adaptive-context] GET http://localhost:4444/api/agents/7af7809a-adce-4fa9-9609-fd61059de0ff/sessi
  ons/20260723-122911-req/context?input=Dokument%3A+task.md%0ASegment%3A+2%2F9%0AAbschnitt%3A+Abschl
  ussaufgabe+1+%E2%80%94+KastelScholar+%3E+1+Einf%C3%BChrung%0A%0ALies+diesen+Abschnitt+sorgf%C3%A4l
  tig+und+behalte+den+Kontext.+Erstelle+noch+keinen+Backlog+und+noch+keine+Tasks.+Warte+damit+bis+zu
  m+abschlie%C3%9Fenden+%2Ffinalize.%0A%0A%23%23+1+Einf%C3%BChrung%0A%0AIn+dieser+Aufgabe+implementi
  eren+Sie+ein+System+zur+Literatur-+und+Zitatverwaltung.%0ADas+System+erlaubt+die+Verwaltung+einer+
  Literatursammlung+mit+Dokumenten+unterschiedlicher+Art+und+erlaubt+auf+Basis+der+verwalteten+Daten
  +einerseits+die+Suche+nach+Dokumenten%2C+die+bestimmte+Kriterien+erf%C3%BCllen%2C+als+auch+die+Ber
  echnung+von+abgeleiteten+Metriken+%C3%BCber+Autoren+oder+Dokumente.%0AZus%C3%A4tzlich+kann+f%C3%BC
  r+eine+geplante+schriftliche+Ausarbeitung+ein+Literaturverzeichnis+mit+einem+durch+den+Benutzer+ge
  w%C3%A4hlten+Format+generiert+werden.%0AReale+Systeme+und+Software%2C+die+teilweise+%C3%A4hnliche+
  Funktionalit%C3%A4ten+wie+das+hier+beschriebene+zu+implementierende+Programm+anbieten+sind+bspw.+C
  iteSeer%5EX%2C+Google+Scholar%2C+BibTeX%2C+JabRef+oder+Citavi.%0A%0AIm+Folgenden+werden+zun%C3%A4c
  hst+die+vorkommenden+Konzepte+kurz+erkl%C3%A4rt.%0AIm+Anschluss+werden+die+geforderten+Befehle%2C+
  die+das+von+Ihnen+implementierte+System+unterst%C3%BCtzen+soll%2C+mit+beispielhaften+Ein-+und+Ausg
  aben+beschrieben.&project=ProgrammingST22-Final1&role=requirements&task=Understand+the+st22final01
  +and+create+its+backlog+when+prompted.&timestamp=2026-07-23T10%3A32%3A24.169Z&domain=st22final01

● Injected adaptive memory context into system prompt

● <adaptive_rules>
  - Program code must be written in English; comments may be in English or German.
  - A submission will be automatically scored zero if any of the mandatory rules in these guidelines
   are violated.
  - All other Checkstyle rules must be observed.
  - All solutions must use Java SE 17.
  - All submitted code must compile without errors.
  - All variable, method, and package naming rules from the guidelines must be followed.
  - All whitespace rules specified by the guidelines must be followed.
  - Appropriate visibility modifiers must be chosen for classes, methods, and attributes.
  - Code must not exceed a maximum line width of 120 characters.
  - JavaDoc documentation rules specified by the guidelines must be followed.
  - Standard error (System.err) may optionally be used for error messages, but standard streams must
   never be reassigned.
  - Submissions must not use System.exit(), Runtime.exit(), or similar termination methods when
  exiting the program.
  - The default (unnamed) package must not be used.
  - Unless otherwise stated, input must come from System.in and output must go to System.out.
  - Interactive user interface outputs must match the specification exactly, including case, spaces,
   and line breaks.
  - Only produce the information specified by the task; do not print any additional information.
  - Students should plan time for the first submission because mandatory tests must be passed first.
  - Do not include personal data other than your u-Kürzel; the JavaDoc @author tag must contain only
   the u-Kürzel.
  - After printing an error message, the program must continue and wait for the next input.
  - Passing the mandatory tests is required before other tests are evaluated.
  - Error messages should indicate why an input was rejected.
  - Every error message must begin with 'Error,' and must not contain special characters such as
  line breaks or umlauts.
  </adaptive_rules>

  <knowledge>
    - Violation of specially marked Checkstyle rules causes the submission to be awarded zero points
   automatically.
    - Bei `print bibliography` führt das Fehlen eines Publikationsidentifiers im System oder ein
  `invalid`-Eintrag dazu, dass nur eine Fehlermeldung ausgegeben wird und kein Literaturverzeichnis
  erstellt wird; mehrfach vorkommende Publikationen werden nur einmal ausgegeben.
    - Mengenausgaben von Publikationen erfolgen zeilenweise, aufsteigend lexikografisch sortiert
  nach Identifier; bei leerer Menge erfolgt keine Ausgabe.
    - Wörter zwischen spitzen Klammern in Formatbeschreibungen sind Platzhalter und bei konkreter
  Ein-/Ausgabe ohne spitze Klammern zu ersetzen.
    - Das Literaturverzeichnis ist eindeutig sortiert nach Eigenschaftspriorität: Nachname
  Erstautor, Vorname Erstautor, Nachname Zweitautor, Vorname Zweitautor, …, Titel, Jahr, eindeutiger
   Identifier; Veröffentlichungen mit nicht vorhandenem n-ten Autor liegen vor Veröffentlichungen
  mit existierendem n-tem Autor.
    - Submit individual *.java files for task A with the corresponding folder structure.
    - Die Groß- und Kleinschreibung von Zeichenfolgen ist relevant (case-sensitive).
    - Eingabezeilen in Beispielen beginnen mit `>` gefolgt von Leerzeichen; diese Zeichen gehören
  nicht zum eingegebenen Befehl.
    - Der parameterlose Befehl `quit` beendet das Programm vollständig.
    - Mengenausgaben von Autoren erfolgen zeilenweise, aufsteigend lexikografisch sortiert nach
  Nachname (bei Gleichheit nach Vorname); bei leerer Menge erfolgt keine Ausgabe.
    - The online submission system automatically checks source files for Checkstyle compliance
  during submission.
    - Schlüsselwörter übertragen sich automatisch: von Konferenzserien auf Konferenzen, von
  Konferenzen auf dort vorgestellte Artikel und von Journals auf darin veröffentlichte Artikel;
  doppelte Keywords werden nur einmal gezählt/erwähnt.
    - Listen von Platzhaltern werden als `<list of Xs>` angegeben; eine Liste ist nie leer;
  Einzel-Element als `<X>`; weitere Elemente als `;<X>` angehängt.
    - Eine Publikation hat einen eindeutigen Identifier (nur Kleinbuchstaben und Zahlen), einen
  Titel, ein Veröffentlichungsjahr und mindestens einen Autor.
  </knowledge>
  <entity_paths>
    - Implementierungsrichtlinien — Abschlussaufgabe 1 (SS 2022) DEPENDS_ON mandatory tests: Passing
   the mandatory tests is required before other tests are evaluated.
    - print bibliography RELATES_TO failure on missing/invalid ids; deduplicate entries: Bei `print
  bibliography` führt das Fehlen eines Publikationsidentifiers im System oder ein `invalid`-Eintrag
  dazu, dass nur eine Fehlermeldung ausgegeben wird und kein Literaturverzeichnis erstellt wird;
  mehrfach vorkommende Publikationen werden nur einmal ausgegeben.
    - bibliography sort priority RELATES_TO sort keys and missing-author rule: Das
  Literaturverzeichnis ist eindeutig sortiert nach Eigenschaftspriorität: Nachname Erstautor,
  Vorname Erstautor, Nachname Zweitautor, Vorname Zweitautor, …, Titel, Jahr, eindeutiger
  Identifier; Veröffentlichungen mit nicht vorhandenem n-ten Autor liegen vor Veröffentlichungen mit
   existierendem n-tem Autor.
    - written by RELATES_TO author add atomicity and validation: Bei `written by` darf ein Autor
  nicht mehrmals zur selben Publikation hinzugefügt werden; bei doppelten Einträgen oder fehlenden
  Autoren wird keiner der übergebenen Autoren hinzugefügt und ein Fehler ausgegeben.
  </entity_paths>
  <entity_matches>
    - Implementierungsrichtlinien — Abschlussaufgabe 1 (SS 2022) (score: 0.79) — Submission
  guideline document for assignment KastelScholar
    - print bibliography (score: 0.78) — Befehl zur Erstellung eines Literaturverzeichnisses
    - bibliography sort priority (score: 0.75) — mehrstufige Sortierpriorität für
  Literaturverzeichnis
    - task specification (score: 0.75) — the assignment's output requirements
    - written by (score: 0.72) — Befehl/Operation zum Hinzufügen von Autoren
  </entity_matches>

● adaptive-memory extension active (role=requirements, memorySession=20260723-122911-req) - type
  /memory-help. MCP tools registered (memory=true, backlog=true).







Changes    +0 -0
Duration   47s
Tokens     ↑ 24.0k (1.3k cached) • ↓ 303 (147 reasoning)
[delivery:requirements] Turn 3/11 complete
[delivery:requirements] Turn 4/11: task.md — segment 3/9 — Abschlussaufgabe 1 — KastelScholar > 2 Konzepte
● [adaptive-context] GET http://localhost:4444/api/agents/7af7809a-adce-4fa9-9609-fd61059de0ff/sessi
  ons/20260723-122911-req/context?input=Dokument%3A+task.md%0ASegment%3A+3%2F9%0AAbschnitt%3A+Abschl
  ussaufgabe+1+%E2%80%94+KastelScholar+%3E+2+Konzepte%0A%0ALies+diesen+Abschnitt+sorgf%C3%A4ltig+und
  +behalte+den+Kontext.+Erstelle+noch+keinen+Backlog+und+noch+keine+Tasks.+Warte+damit+bis+zum+absch
  lie%C3%9Fenden+%2Ffinalize.%0A%0A%23%23+2+Konzepte%0A%0AIst+eine+Entit%C3%A4t+im+System+durch+ein+
  Attribut+oder+eine+Kombination+von+Attributen+im+Folgenden+als+%E2%80%9Eeindeutig+%28identifiziert
  %29%22+bezeichnet%2C+beispielsweise+durch+ihren+Namen%2C+muss+ihre+Implementierung+beim+Versuch+ei
  ne+weitere+Entit%C3%A4t+mit+dem+gleichen+eindeutigen+Identifier+im+System+anzulegen+eine+geeignete
  +Fehlermeldung+ausgegeben.%0AHierbei+ist+die+Gro%C3%9F-+und+Kleinschreibung+von+Zeichenfolgen+**re
  levant**%2C+also+ist+%60example%60+ein+anderer+Identifier+als+%60Example%60.%0ABeachten+Sie+dies+i
  nsbesondere+im+Folgenden+bei+der+Implementierung+von+Befehlen%2C+die+dem+System+Entit%C3%A4ten+hin
  zuf%C3%BCgen%2C+wie+zum+Beispiel+%60add+author%60+oder+%60add+journal%60.%0A%0A%23%23%23+2.1+Ver%C
  3%B6ffentlichung%0A%0AEine+wissenschaftliche+Ver%C3%B6ffentlichung%2C+auch+Publikation+genannt%2C+
  hat+immer%3A%0A%0A-+einen+eindeutigen+Identifier%2C+der+nur+aus+Kleinbuchstaben+und+Zahlen+besteht
  %2C%0A-+einen+Titel%2C%0A-+ein+Ver%C3%B6ffentlichungsjahr+und%0A-+mindestens+einen+Autor.%0A%0AF%C
  3%BCr+diese+Abschlussaufgabe+gibt+es+nur+eine+Art+von+Ver%C3%B6ffentlichung%3A+Artikel.%0AArtikel+
  werden+f%C3%BCr+eine+Konferenz+oder+f%C3%BCr+eine+Fachzeitschrift+%28engl.+*journal*%29+geschriebe
  n.%0A%0A%23%23%23+2.2+Konferenzen%2C+Konferenzserien+und+Fachzeitschriften%0A%0AEine+**%28wissensc
  haftliche%29+Konferenz**+ist+eine+Tagung%2C+auf+der+Wissenschaftler+zusammenkommen+und+auf+der+wis
  senschaftliche+Beitr%C3%A4ge%2C+also+Artikel%2C+in+Vortr%C3%A4gen+vorgestellt+und+diskutiert+werde
  n.%0ADie+vorgestellten+Artikel+werden+in+der+Regel+in+sogenannten+**Tagungsb%C3%A4ndern**+%28engl.
  +*proceedings*%29+ver%C3%B6ffentlicht.%0A%0AKonferenzen+zu+einem+Themenbereich+finden+h%C3%A4ufig+
  wiederkehrend+unter+dem+gleichen+Titel+und+Themenbereich+an+m%C3%B6glicherweise+unterschiedlichen+
  Orten+statt.+Dies+wird+als+**Konferenzserie**+bezeichnet.+In+einem+bestimmten+Jahr+findet+maximal+
  eine+Konferenz+einer+Konferenzserie+statt.+Es+gibt+auch+Konferenzen%2C+die+nur+einmalig+stattfinde
  n.+Dann+besteht+eine+Konferenzserie+aus+nur+genau+einer+Konferenz.%0AEine+Konferenz+ist+somit+eine
  +konkrete+Auspr%C3%A4gung+der+Konferenzserie+in+einem+bestimmten+Jahr+an+einem+festgelegten+Ort.%0
  AWissenschaftliche+Ver%C3%B6ffentlichungen+auf+Konferenzserien+sind+durch+ihr+Ver%C3%B6ffentlichun
  gsjahr+immer+genau+einer+konkreten+Konferenz+zugeordnet.%0A%0AEine+**Fachzeitschrift**+%28engl.+*j
  ournal*%29+ist+eine+regelm%C3%A4%C3%9Fig+erscheinende+Zeitschrift+zu+einem+bestimmten+Fachthema.%0
  AEine+Fachzeitschrift+besitzt+im+Folgenden+immer+genau+einen+Verleger.%0A%0AZur+einfacheren+Bezeic
  hnung+werden+im+Folgenden+Konferenzen+und+Fachzeitschriften+unter+dem+Begriff+**Publikationsort**+
  %28engl.+*venue*%29+zusammengefasst.%0AAlle+Konferenzserien+und+Fachzeitschriften+sind+durch+ihren
  +Typ+%28Serie+oder+Journal%29+und+durch+ihren+Namen+eindeutig+identifiziert.+Konferenzen+sind+durc
  h+die+Konferenzserie+und+das+Jahr+eindeutig+identifiziert.%0AEin+Artikel+kann+in+genau+einem+Publi
  kationsort+ver%C3%B6ffentlicht+sein.%0A%0A%23%23%23+2.3+Keyword%0A%0AUm+die+Suche+nach+relevanten+
  Artikeln%2C+Konferenzserien%2C+Konferenzen+und+Journals+zu+vereinfachen%2C+sind+diese+oft+mit+Schl
  %C3%BCsselw%C3%B6rtern+%28*keywords*%29+versehen.%0AEin+Schl%C3%BCsselwort+ist+eine+Zeichenkette%2
  C+die+nur+aus+Kleinbuchstaben+und+keinen+Sonderzeichen+besteht.%0ABeispiele+f%C3%BCr+Schl%C3%BCsse
  lw%C3%B6rter+sind%3A+%60java%60%2C+%60softwareengineering%60+oder+%60performance%60.%0A%0ASchl%C3%
  BCsselw%C3%B6rter+%C3%BCbertragen+sich+automatisch+von+Konferenzserien+auf+Konferenzen%2C+von+Konf
  erenzen+auf+dort+vorgestellte+Artikel+und+von+Journals+auf+darin+ver%C3%B6ffentlichte+Artikel.%0AD
  as+bedeutet+beispielsweise%2C+dass+eine+Konferenz+*zus%C3%A4tzlich+zu+den+eigenen+Schl%C3%BCsselw%
  C3%B6rtern*+auch+automatisch+die+Schl%C3%BCsselw%C3%B6rter+der+Konferenzserie+hat.%0AM%C3%B6gliche
  rweise+doppelt+vorkommende+Schl%C3%BCsselw%C3%B6rter+werden+nur+einmal+gez%C3%A4hlt+oder+erw%C3%A4
  hnt%2C+beispielsweise+bei+der+Auflistung+aller+Schl%C3%BCsselworte+eines+Artikels.%0A%0A%23%23%23+
  2.4+Autor%0A%0AAutoren+haben+einen+Vor-+und+einen+Nachnamen.%0AMehrere+Autoren+k%C3%B6nnen+gemeins
  am+eine+Ver%C3%B6ffentlichung+verfassen+und+haben+dann+eine+definierte+Reihenfolge.%0ADiese+Reihen
  folge+wird+in+Ihrer+Software+durch+die+Reihenfolge%2C+in+der+Autoren+zu+einer+Ver%C3%B6ffentlichun
  g+hinzugef%C3%BCgt+werden+festgelegt.%0ADer+erste+Autor+wird+als+Erstautor%2C+der+zweite+als+Zweit
  autor%2C+und+so+weiter+bezeichnet.%0A%0AAutoren+sind+im+System+durch+die+Kombination+aus+Vor-+und+
  Nachname+eindeutig+identifiziert.+Es+kann+sein%2C+dass+mehrere+Autoren+denselben+Vornamen+oder+den
  selben+Nachnamen+haben%2C+jedoch+niemals+beides.%0ADie+Gro%C3%9F-+und+Kleinschreibung+der+Namen+is
  t+relevant+und+wird+entsprechend+gepr%C3%BCft.+Folglich+sind+zwei+Autoren+auch+**unterschiedlich**
  %2C+wenn+sich+ihre+Namen+nur+durch+die+Gro%C3%9F-+und+Kleinschreibung+unterscheiden.%0A%0A%23%23%2
  3+2.5+Referenz%0A%0AVer%C3%B6ffentlichungen+k%C3%B6nnen+andere+Ver%C3%B6ffentlichungen+referenzier
  en.%0AEs+k%C3%B6nnen+nur+Ver%C3%B6ffentlichungen+mit+einem+echt+fr%C3%BCheren+Ver%C3%B6ffentlichun
  gsdatum+referenziert+werden.%0A%0A%23%23%23+2.6+Literaturverzeichnis+und+Formate%0A%0ADie+von+eine
  r+Ver%C3%B6ffentlichung+ausgehenden+Referenzen+werden+in+der+Regel+in+einem+f%C3%BCr+die+Ver%C3%B6
  ffentlichung+spezifischen+*Literaturverzeichnis*+dargestellt.%0AIn+der+Regel+wird+hierbei+im+Text+
  der+Ver%C3%B6ffentlichung+die+referenzierende+Stelle+mit+einem+K%C3%BCrzel+markiert+und+f%C3%BCr+d
  as+entsprechende+K%C3%BCrzel+werden+im+Literaturverzeichnis+weitere+Informationen+dargestellt.%0AD
  ie+Elemente+in+einem+Literaturverzeichnis+haben+eine+festgelegte+*Sortierung*+und+einen+w%C3%A4hlb
  aren+*Stil*.%0ABeide+werden+im+Folgenden+n%C3%A4her+erl%C3%A4utert.%0A%0A%23%23%23%23+Sortierung%0
  A%0AEin+Literaturverzeichnis+ist+immer+eindeutig+sortiert.+Die+Reihenfolge+zweier+Ver%C3%B6ffentli
  chungen+im+Literaturverzeichnis+wird+anhand+ihrer+Eigenschaften+bestimmt.+Jede+Eigenschaft+hat+dab
  ei+eine+bestimmte+Priorit%C3%A4t%2C+die+durch+die+folgende+Liste+beschrieben+ist.+Hierbei+wird+nur
  +zur+n%C3%A4chsten+Eigenschaft+in+der+Liste+fortgeschritten%2C+falls+zwei+Ver%C3%B6ffentlichungen+
  hinsichtlich+der+vorhergehenden+Eigenschaft+gleich+sind.%0ADas+bedeutet%2C+dass+f%C3%BCr+zwei+Ver%
  C3%B6ffentlichungen+gilt%3A+Liegt+der+Nachname+eines+ersten+Autors+lexikographisch+vor+einem+ander
  en%2C+so+wird+auch+die+Ver%C3%B6ffentlichung+vor+der+anderen+Ver%C3%B6ffentlichung+angeordnet.+Bei
  +gleichen+Nachnamen+der+ersten+Autoren+wird+der+Vorname+der+ersten+Autoren+verglichen.+Bei+gleiche
  n+Nach-+und+Vornamen+des+ersten+Autors+wird+analog+mit+dem+Vergleich+der+zweiten+Autoren+fortgefah
  ren%2C+und+so+weiter.%0AZudem+gelte%2C+dass+eine+Ver%C3%B6ffentlichung+mit+einem+nicht+vorhandenen
  +*n*-ten+Autor+in+dieser+Sortierung+vor+einer+Ver%C3%B6ffentlichung+mit+einem+existierenden+*n*-te
  n+Autor+liegt.%0A%0A1.+Nachname+des+ersten+Autors%2C%0A2.+Vorname+des+ersten+Autors%2C%0A3.+Nachna
  me+des+zweiten+Autors%2C%0A4.+Vorname+des+zweiten+Autors%2C%0A5.+%E2%80%A6%2C%0A6.+Nachname+des+le
  tzten+Autors%2C%0A7.+Vorname+des+letzten+Autors%2C%0A8.+Titel%2C%0A9.+Jahr+der+Ver%C3%B6ffentlichu
  ng%2C%0A10.+der+eindeutige+Identifier+der+Ver%C3%B6ffentlichung.%0A%0AF%C3%BCr+Texte+%28z.B.+Namen
  %29+ist+jeweils+die+aufsteigende+lexikographische+Ordnung+gemeint+%28z.B.+%60a%60+vor+%60aa%60+vor
  +%60ab%60+vor+%60bb%60%29.%0AZahlen+werden+gem%C3%A4%C3%9F+ihrer+nat%C3%BCrlichen+Ordnung+aufsteig
  end+sortiert+%28z.B.+%60-1%60+vor+%600%60+vor+%601%60+vor+%6042.5%60%29.%0ABeispielhaft+werden+Pub
  likationen+wie+folgt+sortiert+%28---+dr%C3%BCckt+aus%2C+dass+es+keinen+Zweit-+oder+Drittautor+gibt
  %29%3A%0A%0A%7C+Publikationsidentifier+%7C+Autor+1+%7C+Autor+2+%7C+Autor+3+%7C%0A%7C---%7C---%7C--
  -%7C---%7C%0A%7C+1+%7C+A+%7C+---+%7C+---+%7C%0A%7C+2+%7C+A+%7C+B+%7C+---+%7C%0A%7C+3+%7C+B+%7C+---
  +%7C+---+%7C%0A%7C+4+%7C+B+%7C+C+%7C+D+%7C%0A%7C+5+%7C+B+%7C+D+%7C+---+%7C%0A%0A%23%23%23%23+Liter
  aturverzeichnisstile%0A%0AEs+gibt+verschiedene+Stile%2C+in+denen+Referenzen+dargestellt+werden+k%C
  3%B6nnen.%0AIm+Rahmen+dieser+Aufgabe+sollen+die+beiden+Stile+*ACM+Simplified*+und+*APA+Simplified*
  +implementiert+werden.%0ADie+hier+vorgestellten+Zitierstile+sind+vereinfachte+und+angepasste+Versi
  onen+h%C3%A4ufig+verwendeter+Zitierstile.%0AJeder+Zitierstil+verf%C3%BCgt+%C3%BCber+einen+Identifi
  er%2C+%C3%BCber+den+der+Stil+durch+den+Benutzer+Ihres+Systems+referenziert+werden+kann+%28%60acm%6
  0+und+%60apa%60%29.%0AIm+Folgenden+wird+f%C3%BCr+jede+Art+von+Publikation+beschrieben%2C+wie+diese
  +im+jeweiligen+Stil+im+Literaturverzeichnis+dargestellt+wird.%0A%0AZur+vereinfachten+Lesbarkeit%2C
  +Verst%C3%A4ndlichkeit+und+Eindeutigkeit+werden+im+Folgenden+zwei+spezielle+Symbole+genutzt%3A+Das
  +Zeichen+%60%E2%90%A3%60+ist+ein+Leerzeichen+%28ASCII-Zeichen+32+bzw.+Unicode+U%2B0020%29.%0A%0A%2
  3%23%23%23%23+ACM+Simplified+%28%60acm%60%29%0A%0A%7C+Typ+%7C+Formatierung+%7C%0A%7C---%7C---%7C%0
  A%7C+Konferenzartikel%3A+%7C+%60%3Cbibidentifier%3E%E2%90%A3%3Cauthor+list%3E.%E2%90%A3%3Ctitle%3E
  .%E2%90%A3In%E2%90%A3Proceedings%E2%90%A3of%E2%90%A3%3Cconference+series+name%3E%2C%E2%90%A3%3Cyea
  r+of+conference%3E%2C%E2%90%A3%3Cconference+location%3E.%60+%7C%0A%7C+Journalartikel%3A+%7C+%60%3C
  bibidentifier%3E%E2%90%A3%3Cauthor+list%3E.%E2%90%A3%3Cyear%3E.%E2%90%A3%3Ctitle%3E.%E2%90%A3%3Cjo
  urnal+title%3E.%60+%7C%0A%0A%60%3Cbibidentifier%3E%60+ist+f%C3%BCr+diesen+Stil+so+definiert%3A+%60
  %5B%3Corder%3E%5D%60%2C+wobei+%60%3Corder%3E%60+die+Position+des+referenzierten+Werks+im+wie+oben+
  beschrieben+sortierten+Literaturverzeichnis+ist.%0ASomit+ist+%60%3Cbibidentifier%3E%60+f%C3%BCr+da
  s+an+erster+Stelle+stehende+Werk+%60%5B1%5D%60%2C+f%C3%BCr+das+zweite+%60%5B2%5D%60%2C+und+so+weit
  er.%0A%0A%60%3Cauthor+list%3E%60+ist+f%C3%BCr+diesen+Stil+so+definiert%3A%0A%0A%7C+Fall+%7C+%60%3C
  author+list%3E%60+%7C%0A%7C---%7C---%7C%0A%7C+Genau+ein+Autor%3A+%7C+%60%3Cauthor+1+name%3E%60+%7C
  %0A%7C+Genau+zwei+Autoren%3A+%7C+%60%3Cauthor+1+name%3E%E2%90%A3and%E2%90%A3%3Cauthor+2+name%3E%60
  +%7C%0A%7C+Mehr+als+zwei+Autoren%3A+%7C+%60%3Cauthor+1+name%3E%2C%E2%90%A3%3Cauthor+2+name%3E%2C%E
  2%90%A3%3Cauthor+3+name%3E%2C%60+%E2%8B%AF+%60%2C%E2%90%A3and%E2%90%A3%3Clast+author+name%3E%60+%7
  C%0A%0AHierbei+ist+%60%3Cauthor+i+name%3E%60+wie+folgt+definiert%3A+%60%3Cfirst+name%3E%E2%90%A3%3
  Clast+name%3E%60%0A%0A%23%23%23%23%23+APA+Simplified+%28%60apa%60%29%0A%0A%7C+Typ+%7C+Formatierung
  +%7C%0A%7C---%7C---%7C%0A%7C+Konferenzartikel%3A+%7C+%60%3Cauthor+list%3E%E2%90%A3%28%3Cyear+of+co
  nference%3E%29.%E2%90%A3%3Ctitle%3E.%E2%90%A3%3Cconference+series+name%3E%2C%E2%90%A3%3Cconference
  +location%3E.%60+%7C%0A%7C+Journalartikel%3A+%7C+%60%3Cauthor+list%3E%E2%90%A3%28%3Cyear%3E%29.%E2
  %90%A3%3Ctitle%3E.%E2%90%A3%3Cjournal+title%3E.%60+%7C%0A%0A%60%3Cauthor+list%3E%60+ist+f%C3%BCr+d
  iesen+Stil+so+definiert%3A%0A%0A%7C+Fall+%7C+%60%3Cauthor+list%3E%60+%7C%0A%7C---%7C---%7C%0A%7C+G
  enau+ein+Autor%3A+%7C+%60%3Cauthor+1+name%3E%60+%7C%0A%7C+Genau+zwei+Autoren%3A+%7C+%60%3Cauthor+1
  +name%3E%2C%E2%90%A3%26%E2%90%A3%3Cauthor+2+name%3E%60+%7C%0A%7C+Mehr+als+zwei+Autoren%3A+%7C+%60%
  3Cauthor+1+name%3E%2C%E2%90%A3%3Cauthor+2+name%3E%2C%60+%E2%8B%AF+%60%2C%E2%90%A3%26%E2%90%A3%3Cau
  thor+n+name%3E%60+%7C%0A%0AHierbei+ist+%60%3Cauthor+i+name%3E%60+wie+folgt+definiert%3A+%60%3Clast
  +name%3E%2C%E2%90%A3%3Cuppercase+first+letter+of+first+name%3E.%60&project=ProgrammingST22-Final1&
  role=requirements&task=Understand+the+st22final01+and+create+its+backlog+when+prompted.&timestamp=
  2026-07-23T10%3A32%3A36.747Z&domain=st22final01

● Injected adaptive memory context into system prompt

● <adaptive_rules>
  - Program code must be written in English; comments may be in English or German.
  - A submission will be automatically scored zero if any of the mandatory rules in these guidelines
   are violated.
  - All solutions must use Java SE 17.
  - All submitted code must compile without errors.
  - All variable, method, and package naming rules from the guidelines must be followed.
  - All whitespace rules specified by the guidelines must be followed.
  - Appropriate visibility modifiers must be chosen for classes, methods, and attributes.
  - Code must not exceed a maximum line width of 120 characters.
  - JavaDoc documentation rules specified by the guidelines must be followed.
  - Standard error (System.err) may optionally be used for error messages, but standard streams must
   never be reassigned.
  - Submissions must not use System.exit(), Runtime.exit(), or similar termination methods when
  exiting the program.
  - The default (unnamed) package must not be used.
  - Unless otherwise stated, input must come from System.in and output must go to System.out.
  - All other Checkstyle rules must be observed.
  - Interactive user interface outputs must match the specification exactly, including case, spaces,
   and line breaks.
  - Only produce the information specified by the task; do not print any additional information.
  - After printing an error message, the program must continue and wait for the next input.
  - Students should plan time for the first submission because mandatory tests must be passed first.
  - Do not include personal data other than your u-Kürzel; the JavaDoc @author tag must contain only
   the u-Kürzel.
  - Error messages should indicate why an input was rejected.
  - Every error message must begin with 'Error,' and must not contain special characters such as
  line breaks or umlauts.
  - Passing the mandatory tests is required before other tests are evaluated.
  </adaptive_rules>

  <knowledge>
    - Violation of specially marked Checkstyle rules causes the submission to be awarded zero points
   automatically.
    - Das Literaturverzeichnis ist eindeutig sortiert nach Eigenschaftspriorität: Nachname
  Erstautor, Vorname Erstautor, Nachname Zweitautor, Vorname Zweitautor, …, Titel, Jahr, eindeutiger
   Identifier; Veröffentlichungen mit nicht vorhandenem n-ten Autor liegen vor Veröffentlichungen
  mit existierendem n-tem Autor.
    - Eine Publikation hat einen eindeutigen Identifier (nur Kleinbuchstaben und Zahlen), einen
  Titel, ein Veröffentlichungsjahr und mindestens einen Autor.
    - Bei `print bibliography` führt das Fehlen eines Publikationsidentifiers im System oder ein
  `invalid`-Eintrag dazu, dass nur eine Fehlermeldung ausgegeben wird und kein Literaturverzeichnis
  erstellt wird; mehrfach vorkommende Publikationen werden nur einmal ausgegeben.
    - Konferenzserien und Fachzeitschriften sind durch Typ (Serie oder Journal) und Namen eindeutig
  identifiziert.
    - Autoren sind durch Vor- und Nachname eindeutig identifiziert; Namen unterscheiden sich auch
  bei reiner Groß-/Kleinschreibungsänderung.
    - Submit individual *.java files for task A with the corresponding folder structure.
    - Wörter zwischen spitzen Klammern in Formatbeschreibungen sind Platzhalter und bei konkreter
  Ein-/Ausgabe ohne spitze Klammern zu ersetzen.
    - Die Groß- und Kleinschreibung von Zeichenfolgen ist relevant (case-sensitive).
    - Eingabezeilen in Beispielen beginnen mit `>` gefolgt von Leerzeichen; diese Zeichen gehören
  nicht zum eingegebenen Befehl.
    - Der parameterlose Befehl `quit` beendet das Programm vollständig.
    - Choose meaningful identifier names for all identifiers.
    - Listen von Platzhaltern werden als `<list of Xs>` angegeben; eine Liste ist nie leer;
  Einzel-Element als `<X>`; weitere Elemente als `;<X>` angehängt.
    - Veröffentlichungen können nur Veröffentlichungen mit einem echt früheren
  Veröffentlichungsdatum referenzieren; nicht sich selbst und nicht Publikationen im selben Jahr;
  eine Publikation kann dieselbe Publikation maximal einmal referenzieren.
    - Mengenausgaben von Publikationen erfolgen zeilenweise, aufsteigend lexikografisch sortiert
  nach Identifier; bei leerer Menge erfolgt keine Ausgabe.
    - Ein Artikel kann in genau einem Publikationsort (Konferenz oder Journal) veröffentlicht sein.
    - Schlüsselwörter übertragen sich automatisch: von Konferenzserien auf Konferenzen, von
  Konferenzen auf dort vorgestellte Artikel und von Journals auf darin veröffentlichte Artikel;
  doppelte Keywords werden nur einmal gezählt/erwähnt.
    - Konferenzen sind durch Konferenzserie und Jahr eindeutig identifiziert.
    - In einem bestimmten Jahr findet maximal eine Konferenz einer Konferenzserie statt.
    - Eine Fachzeitschrift besitzt immer genau einen Verleger (Publisher).
    - Bei `add keywords to` werden bereits vorhandene Keywords ignoriert; die übrigen werden normal
  hinzugefügt.
    - Schlüsselwörter bestehen nur aus Kleinbuchstaben und keinen Sonderzeichen.
    - Bei `written by` darf ein Autor nicht mehrmals zur selben Publikation hinzugefügt werden; bei
  doppelten Einträgen oder fehlenden Autoren wird keiner der übergebenen Autoren hinzugefügt und ein
   Fehler ausgegeben.
    - Mengenausgaben von Autoren erfolgen zeilenweise, aufsteigend lexikografisch sortiert nach
  Nachname (bei Gleichheit nach Vorname); bei leerer Menge erfolgt keine Ausgabe.
    - Für Gleitkommazahlen wird immer mit genau drei Nachkommastellen im Format `X.XXX` ausgegeben;
  als Trenner wird `.` verwendet; nach der dritten Stelle wird abgeschnitten (nicht gerundet).
    - The online submission system automatically checks source files for Checkstyle compliance
  during submission.
    - `<year>` ist eine Ganzzahl im geschlossenen Intervall [0, 9999].
  </knowledge>
  <entity_paths>
    - authors output RELATES_TO sorted by last name then first name: Mengenausgaben von Autoren
  erfolgen zeilenweise, aufsteigend lexikografisch sortiert nach Nachname (bei Gleichheit nach
  Vorname); bei leerer Menge erfolgt keine Ausgabe.
    - print bibliography RELATES_TO failure on missing/invalid ids; deduplicate entries: Bei `print
  bibliography` führt das Fehlen eines Publikationsidentifiers im System oder ein `invalid`-Eintrag
  dazu, dass nur eine Fehlermeldung ausgegeben wird und kein Literaturverzeichnis erstellt wird;
  mehrfach vorkommende Publikationen werden nur einmal ausgegeben.
    - References RELATES_TO temporal and uniqueness constraints: Veröffentlichungen können nur
  Veröffentlichungen mit einem echt früheren Veröffentlichungsdatum referenzieren; nicht sich selbst
   und nicht Publikationen im selben Jahr; eine Publikation kann dieselbe Publikation maximal einmal
   referenzieren.
    - bibliography sort priority RELATES_TO sort keys and missing-author rule: Das
  Literaturverzeichnis ist eindeutig sortiert nach Eigenschaftspriorität: Nachname Erstautor,
  Vorname Erstautor, Nachname Zweitautor, Vorname Zweitautor, …, Titel, Jahr, eindeutiger
  Identifier; Veröffentlichungen mit nicht vorhandenem n-ten Autor liegen vor Veröffentlichungen mit
   existierendem n-tem Autor.
  </entity_paths>
  <entity_matches>
    - authors output (score: 0.79) — Ausgabeformat für Mengen von Autoren
    - print bibliography (score: 0.78) — Befehl zur Erstellung eines Literaturverzeichnisses
    - References (score: 0.78) — Referenzen/Querverweise zwischen Publikationen
    - bibliography sort priority (score: 0.78) — mehrstufige Sortierpriorität für
  Literaturverzeichnis
    - sort keys and missing-author rule (score: 0.77) — Reihenfolge: Autorennamen..., Titel, Jahr,
  Identifier; fehlender n-ter Autor kommt vorher
  </entity_matches>

● adaptive-memory extension active (role=requirements, memorySession=20260723-122911-req) - type
  /memory-help. MCP tools registered (memory=true, backlog=true).







Changes    +0 -0
Duration   1m 18s
Tokens     ↑ 27.3k (1.3k cached) • ↓ 1.2k (866 reasoning)
[delivery:requirements] Turn 4/11 complete
[delivery:requirements] Turn 5/11: task.md — segment 4/9 — Abschlussaufgabe 1 — KastelScholar > 3 Hinweise zur Implementierung
● [adaptive-context] GET http://localhost:4444/api/agents/7af7809a-adce-4fa9-9609-fd61059de0ff/sessi
  ons/20260723-122911-req/context?input=Dokument%3A+task.md%0ASegment%3A+4%2F9%0AAbschnitt%3A+Abschl
  ussaufgabe+1+%E2%80%94+KastelScholar+%3E+3+Hinweise+zur+Implementierung%0A%0ALies+diesen+Abschnitt
  +sorgf%C3%A4ltig+und+behalte+den+Kontext.+Erstelle+noch+keinen+Backlog+und+noch+keine+Tasks.+Warte
  +damit+bis+zum+abschlie%C3%9Fenden+%2Ffinalize.%0A%0A%23%23+3+Hinweise+zur+Implementierung%0A%0ANa
  ch+dem+Start+nimmt+Ihr+Programm+%C3%BCber+die+Kommandozeile+mittels+der+Standardeingabe+Eingaben+e
  ntgegen%2C+die+im+Folgenden+n%C3%A4her+spezifiziert+werden.+Alle+Befehle+werden+auf+dem+aktuellen+
  Zustand+des+Programms+ausgef%C3%BChrt.+Nach+Abarbeitung+einer+Eingabe+wartet+Ihr+Programm+auf+weit
  ere+Eingaben%2C+bis+das+Programm+irgendwann+durch+die+Eingabe+der+Zeichenfolge+%60quit%60+beendet+
  wird.%0A%0AIn+Beispielen+werden+Eingabezeilen+mit+einer+schlie%C3%9Fenden+spitzen+Klammer+%28%60%3
  E%60%29+gefolgt+von+einem+Leerzeichen+eingeleitet.+Diese+beiden+Zeichen+sind+kein+Bestandteil+des+
  eingegebenen+Befehls%2C+sondern+dienen+der+Unterscheidung+von+Ein-+und+Ausgabezeilen.%0A%0AAchten+
  Sie+darauf%2C+dass+durch+die+Ausf%C3%BChrung+der+folgenden+Befehle+die+gegebenen+semantischen+und+
  syntaktischen+Spezifikationen+nicht+verletzt+werden+und+geben+Sie+bei+Verletzung+der+Spezifikation
  en+immer+eine+aussagekr%C3%A4ftige+Fehlermeldung+aus.%0AWenn+die+Benutzereingabe+nicht+dem+vorgege
  benen+Format+entspricht%2C+ist+auch+eine+Fehlermeldung+auszugeben.+Nach+der+Ausgabe+einer+Fehlerme
  ldung+soll+das+Programm+wie+erwartet+fortfahren+und+wieder+auf+die+n%C3%A4chste+Eingabe+warten.%0A
  Die+Fehlermeldung+sollte+so+geformt+sein%2C+dass+f%C3%BCr+den+Benutzer+erkenntlich+ist%2C+warum+ei
  ne+Eingabe+abgelehnt+wurde.%0A%0ADa+wir+automatische+Tests+Ihrer+interaktiven+Benutzerschnittstell
  e+durchf%C3%BChren%2C+m%C3%BCssen+die+Ausgaben+exakt+den+Vorgaben+entsprechen.+Insbesondere+sollen
  +sowohl+Klein-+und+Gro%C3%9Fbuchstaben+als+auch+die+Leerzeichen+und+Zeilenumbr%C3%BCche+genau+%C3%
  BCbereinstimmen.+Setzen+Sie+nur+die+in+der+Aufgabenstellung+angegebenen+Informationen+um.+Geben+Si
  e+auch+keine+zus%C3%A4tzlichen+Informationen+aus.+Bei+Fehlermeldungen+d%C3%BCrfen+Sie+den+englisch
  sprachigen+Text+frei+w%C3%A4hlen%2C+er+sollte+jedoch+sinnvoll+sein.+Jede+Fehlermeldung+muss+aber+m
  it+%60Error%2C%60+beginnen+und+darf+keine+Sonderzeichen%2C+wie+beispielsweise+Zeilenumbr%C3%BCche+
  oder+Umlaute%2C+enthalten.%0A%0AWenn+nicht+anders+angegeben%2C+ist+f%C3%BCr+Eingabe+immer+die+Stan
  dardeingabe+%60System.in%60+zu+verwenden.+Wenn+nicht+anders+angegeben%2C+ist+f%C3%BCr+Ausgaben+imm
  er+die+Standardausgabe+%60System.out%60+zu+verwenden.+F%C3%BCr+Fehlermeldungen+kann+anstelle+der+S
  tandardausgabe+optional+die+Standardfehlerausgabe+%60System.err%60+verwendet+werden.+Weisen+Sie+di
  ese+Standardeingabe+und+-ausgabe+niemals+neu+zu.%0A%0ABeachten+Sie%2C+dass+bei+der+Beschreibung+de
  r+Eingabe-+und+Ausgabeformate+die+W%C3%B6rter+zwischen+spitzen+Klammen+f%C3%BCr+Platzhalter+stehen
  %2C+die+bei+der+konkreten+Ein-+und+Ausgabe+durch+Werte+ersetzt+werden.+Diese+eigentlichen+Werte+en
  thalten+bei+der+Ein-+und+Ausgabe+keine+spitzen+Klammern.+Vergleichen+Sie+hierzu+auch+den+Beispiela
  blauf.&project=ProgrammingST22-Final1&role=requirements&task=Understand+the+st22final01+and+create
  +its+backlog+when+prompted.&timestamp=2026-07-23T10%3A33%3A07.025Z&domain=st22final01

● Injected adaptive memory context into system prompt

● <adaptive_rules>
  - Program code must be written in English; comments may be in English or German.
  - Error messages should indicate why an input was rejected.
  - Every error message must begin with 'Error,' and must not contain special characters such as
  line breaks or umlauts.
  - Passing the mandatory tests is required before other tests are evaluated.
  - After printing an error message, the program must continue and wait for the next input.
  - A submission will be automatically scored zero if any of the mandatory rules in these guidelines
   are violated.
  - All other Checkstyle rules must be observed.
  - All solutions must use Java SE 17.
  - All submitted code must compile without errors.
  - All variable, method, and package naming rules from the guidelines must be followed.
  - All whitespace rules specified by the guidelines must be followed.
  - Appropriate visibility modifiers must be chosen for classes, methods, and attributes.
  - Code must not exceed a maximum line width of 120 characters.
  - JavaDoc documentation rules specified by the guidelines must be followed.
  - Standard error (System.err) may optionally be used for error messages, but standard streams must
   never be reassigned.
  - Submissions must not use System.exit(), Runtime.exit(), or similar termination methods when
  exiting the program.
  - The default (unnamed) package must not be used.
  - Unless otherwise stated, input must come from System.in and output must go to System.out.
  - Interactive user interface outputs must match the specification exactly, including case, spaces,
   and line breaks.
  - Only produce the information specified by the task; do not print any additional information.
  - Students should plan time for the first submission because mandatory tests must be passed first.
  - Do not include personal data other than your u-Kürzel; the JavaDoc @author tag must contain only
   the u-Kürzel.
  </adaptive_rules>

  <memories>
    - The repository ProgrammingST22-Final1 is the SS 2022 final assignment named "KastelScholar".
    - ProgrammingST22-Final1 uses System.out for program output.
    - ProgrammingST22-Final1 is required to be Checkstyle-conformant.
    - ProgrammingST22-Final1 uses System.in for program input.
    - ProgrammingST22-Final1 requires error messages to begin with the prefix "Error,".
    - ProgrammingST22-Final1 uses Java SE 17 as its language/runtime.
    - In ProgrammingST22-Final1 the command 'quit' terminates the program.
  </memories>
  <knowledge>
    - Violation of specially marked Checkstyle rules causes the submission to be awarded zero points
   automatically.
    - Eingabezeilen in Beispielen beginnen mit `>` gefolgt von Leerzeichen; diese Zeichen gehören
  nicht zum eingegebenen Befehl.
    - Wörter zwischen spitzen Klammern in Formatbeschreibungen sind Platzhalter und bei konkreter
  Ein-/Ausgabe ohne spitze Klammern zu ersetzen.
    - Die Groß- und Kleinschreibung von Zeichenfolgen ist relevant (case-sensitive).
    - Submit individual *.java files for task A with the corresponding folder structure.
    - Der parameterlose Befehl `quit` beendet das Programm vollständig.
    - Listen von Platzhaltern werden als `<list of Xs>` angegeben; eine Liste ist nie leer;
  Einzel-Element als `<X>`; weitere Elemente als `;<X>` angehängt.
    - The online submission system automatically checks source files for Checkstyle compliance
  during submission.
    - Für Gleitkommazahlen wird immer mit genau drei Nachkommastellen im Format `X.XXX` ausgegeben;
  als Trenner wird `.` verwendet; nach der dritten Stelle wird abgeschnitten (nicht gerundet).
  </knowledge>
  <entity_paths>
    - ProgrammingST22-Final1 USES Java SE 17: ProgrammingST22-Final1 uses Java SE 17 as its
  language/runtime.
    - ProgrammingST22-Final1 USES System.in: ProgrammingST22-Final1 uses System.in for program
  input.
    - ProgrammingST22-Final1 USES System.out: ProgrammingST22-Final1 uses System.out for program
  output.
    - ProgrammingST22-Final1 RELATES_TO quit: In ProgrammingST22-Final1 the command 'quit'
  terminates the program.
    - ProgrammingST22-Final1 RELATES_TO Error message prefix 'Error,': ProgrammingST22-Final1
  requires error messages to begin with the prefix "Error,".
    - ProgrammingST22-Final1 RELATES_TO Checkstyle: ProgrammingST22-Final1 is required to be
  Checkstyle-conformant.
    - ProgrammingST22-Final1 RELATES_TO written by: The 'written by' command in
  ProgrammingST22-Final1 enforces atomic validation: no duplicate authors; errors on duplicates or
  missing authors.
    - ProgrammingST22-Final1 RELATES_TO KastelScholar: The repository ProgrammingST22-Final1 is the
  SS 2022 final assignment named "KastelScholar".
    - Implementierungsrichtlinien — Abschlussaufgabe 1 (SS 2022) DEPENDS_ON mandatory tests: Passing
   the mandatory tests is required before other tests are evaluated.
    - example input prompt RELATES_TO input commands: Eingabezeilen in Beispielen beginnen mit `>`
  gefolgt von Leerzeichen; diese Zeichen gehören nicht zum eingegebenen Befehl.
  </entity_paths>
  <entity_matches>
    - ProgrammingST22-Final1 (score: 1.00) — Course final project repository for the assignment.
    - Implementierungsrichtlinien — Abschlussaufgabe 1 (SS 2022) (score: 0.81) — Submission
  guideline document for assignment KastelScholar
    - example input prompt (score: 0.76) — Leitzeichen `>` am Zeilenanfang in Beispielen
    - input commands (score: 0.74) — tatsächliche eingegebene Befehle ohne Prompt
    - KastelScholar (score: 0.73) — Project title of the final assignment (SS 2022).
  </entity_matches>
  <insights>
    - Agent community around ProgrammingST22-Final1, KastelScholar, Java SE 17 connects quit, Error
  message prefix 'Error,', Checkstyle, written by. Relevant agent facts: ProgrammingST22-Final1 uses
   Java SE 17 as its language/runtime.; In ProgrammingST22-Final1 the command 'quit' terminates the
  program.; ProgrammingST22-Final1 requires error messages to begin with the prefix "Error,".
  </insights>

● adaptive-memory extension active (role=requirements, memorySession=20260723-122911-req) - type
  /memory-help. MCP tools registered (memory=true, backlog=true).







Changes    +0 -0
Duration   1m 33s
Tokens     ↑ 28.0k (1.3k cached) • ↓ 411 (217 reasoning)
[delivery:requirements] Turn 5/11 complete
[delivery:requirements] Turn 6/11: task.md — segment 5/9 — Abschlussaufgabe 1 — KastelScholar > 4 Funktionalität
● [adaptive-context] GET http://localhost:4444/api/agents/7af7809a-adce-4fa9-9609-fd61059de0ff/sessi
  ons/20260723-122911-req/context?input=Dokument%3A+task.md%0ASegment%3A+5%2F9%0AAbschnitt%3A+Abschl
  ussaufgabe+1+%E2%80%94+KastelScholar+%3E+4+Funktionalit%C3%A4t%0A%0ALies+diesen+Abschnitt+sorgf%C3
  %A4ltig+und+behalte+den+Kontext.+Erstelle+noch+keinen+Backlog+und+noch+keine+Tasks.+Warte+damit+bi
  s+zum+abschlie%C3%9Fenden+%2Ffinalize.%0A%0A%23%23+4+Funktionalit%C3%A4t%0A%0AIm+Folgenden+wird+di
  e+erforderliche+Funktionalit%C3%A4t+des+Systems+beschrieben.%0ADie+Beschreibung+der+Funktionalit%C
  3%A4t+des+Systems+ist+in+die+folgenden+Kategorien+von+Kommandos+gegliedert%3A%0A%0A-+**Datenbestan
  d%3A**+Hinzuf%C3%BCgen%2C+%C3%84ndern+und+L%C3%B6schen+von+Entit%C3%A4ten+oder+der+Beziehung+zwisc
  hen+Entit%C3%A4ten.%0A-+**Anfragen%3A**+Informationen+%C3%BCber+Entit%C3%A4ten%2C+Auflisten+von+En
  tit%C3%A4ten+die+gegebene+Eigenschaften+erf%C3%BCllen.&project=ProgrammingST22-Final1&role=require
  ments&task=Understand+the+st22final01+and+create+its+backlog+when+prompted.&timestamp=2026-07-23T1
  0%3A33%3A23.300Z&domain=st22final01

● Injected adaptive memory context into system prompt

● <adaptive_rules>
  - Program code must be written in English; comments may be in English or German.
  - Do not include personal data other than your u-Kürzel; the JavaDoc @author tag must contain only
   the u-Kürzel.
  - Interactive user interface outputs must match the specification exactly, including case, spaces,
   and line breaks.
  - Only produce the information specified by the task; do not print any additional information.
  - Students should plan time for the first submission because mandatory tests must be passed first.
  - A submission will be automatically scored zero if any of the mandatory rules in these guidelines
   are violated.
  - All other Checkstyle rules must be observed.
  - All solutions must use Java SE 17.
  - All submitted code must compile without errors.
  - All variable, method, and package naming rules from the guidelines must be followed.
  - All whitespace rules specified by the guidelines must be followed.
  - Appropriate visibility modifiers must be chosen for classes, methods, and attributes.
  - Code must not exceed a maximum line width of 120 characters.
  - JavaDoc documentation rules specified by the guidelines must be followed.
  - Standard error (System.err) may optionally be used for error messages, but standard streams must
   never be reassigned.
  - Submissions must not use System.exit(), Runtime.exit(), or similar termination methods when
  exiting the program.
  - The default (unnamed) package must not be used.
  - Unless otherwise stated, input must come from System.in and output must go to System.out.
  - Passing the mandatory tests is required before other tests are evaluated.
  - After printing an error message, the program must continue and wait for the next input.
  - Error messages should indicate why an input was rejected.
  - Every error message must begin with 'Error,' and must not contain special characters such as
  line breaks or umlauts.
  </adaptive_rules>

  <memories>
    - The repository ProgrammingST22-Final1 is the SS 2022 final assignment named "KastelScholar".
    - ProgrammingST22-Final1 is required to be Checkstyle-conformant.
    - ProgrammingST22-Final1 uses System.out for program output.
    - ProgrammingST22-Final1 uses System.in for program input.
    - ProgrammingST22-Final1 uses Java SE 17 as its language/runtime.
    - ProgrammingST22-Final1 requires error messages to begin with the prefix "Error,".
    - In ProgrammingST22-Final1 the command 'quit' terminates the program.
  </memories>
  <knowledge>
    - Submit individual *.java files for task A with the corresponding folder structure.
    - Wörter zwischen spitzen Klammern in Formatbeschreibungen sind Platzhalter und bei konkreter
  Ein-/Ausgabe ohne spitze Klammern zu ersetzen.
    - Die Groß- und Kleinschreibung von Zeichenfolgen ist relevant (case-sensitive).
    - Eingabezeilen in Beispielen beginnen mit `>` gefolgt von Leerzeichen; diese Zeichen gehören
  nicht zum eingegebenen Befehl.
    - Der parameterlose Befehl `quit` beendet das Programm vollständig.
    - Listen von Platzhaltern werden als `<list of Xs>` angegeben; eine Liste ist nie leer;
  Einzel-Element als `<X>`; weitere Elemente als `;<X>` angehängt.
  </knowledge>
  <entity_paths>
    - ProgrammingST22-Final1 USES Java SE 17: ProgrammingST22-Final1 uses Java SE 17 as its
  language/runtime.
    - ProgrammingST22-Final1 USES System.in: ProgrammingST22-Final1 uses System.in for program
  input.
    - ProgrammingST22-Final1 USES System.out: ProgrammingST22-Final1 uses System.out for program
  output.
    - ProgrammingST22-Final1 RELATES_TO quit: In ProgrammingST22-Final1 the command 'quit'
  terminates the program.
    - ProgrammingST22-Final1 RELATES_TO Error message prefix 'Error,': ProgrammingST22-Final1
  requires error messages to begin with the prefix "Error,".
    - ProgrammingST22-Final1 RELATES_TO Checkstyle: ProgrammingST22-Final1 is required to be
  Checkstyle-conformant.
    - ProgrammingST22-Final1 RELATES_TO written by: The 'written by' command in
  ProgrammingST22-Final1 enforces atomic validation: no duplicate authors; errors on duplicates or
  missing authors.
    - ProgrammingST22-Final1 RELATES_TO KastelScholar: The repository ProgrammingST22-Final1 is the
  SS 2022 final assignment named "KastelScholar".
    - Implementierungsrichtlinien — Abschlussaufgabe 1 (SS 2022) DEPENDS_ON mandatory tests: Passing
   the mandatory tests is required before other tests are evaluated.
    - written by RELATES_TO author add atomicity and validation: Bei `written by` darf ein Autor
  nicht mehrmals zur selben Publikation hinzugefügt werden; bei doppelten Einträgen oder fehlenden
  Autoren wird keiner der übergebenen Autoren hinzugefügt und ein Fehler ausgegeben.
  </entity_paths>
  <entity_matches>
    - ProgrammingST22-Final1 (score: 1.00) — Course final project repository for the assignment.
    - Implementierungsrichtlinien — Abschlussaufgabe 1 (SS 2022) (score: 0.77) — Submission
  guideline document for assignment KastelScholar
    - KastelScholar (score: 0.73) — Project title of the final assignment (SS 2022).
    - written by (score: 0.71) — Befehl/Operation zum Hinzufügen von Autoren
    - author add atomicity and validation (score: 0.70) — Keine Duplikate; bei Fehler kein Teil-Add;
   Fehlerausgabe
  </entity_matches>
  <insights>
    - Agent community around ProgrammingST22-Final1, KastelScholar, Java SE 17 connects quit, Error
  message prefix 'Error,', Checkstyle, written by. Relevant agent facts: ProgrammingST22-Final1 uses
   Java SE 17 as its language/runtime.; In ProgrammingST22-Final1 the command 'quit' terminates the
  program.; ProgrammingST22-Final1 requires error messages to begin with the prefix "Error,".
  </insights>

● adaptive-memory extension active (role=requirements, memorySession=20260723-122911-req) - type
  /memory-help. MCP tools registered (memory=true, backlog=true).







Changes    +0 -0
Duration   1m 45s
Tokens     ↑ 28.4k (1.3k cached) • ↓ 145 (64 reasoning)
[delivery:requirements] Turn 6/11 complete
[delivery:requirements] Turn 7/11: task.md — segment 6/9 — Abschlussaufgabe 1 — KastelScholar > 4 Funktionalität > 4.1 Platzhalter
● [adaptive-context] GET http://localhost:4444/api/agents/7af7809a-adce-4fa9-9609-fd61059de0ff/sessi
  ons/20260723-122911-req/context?input=Dokument%3A+task.md%0ASegment%3A+6%2F9%0AAbschnitt%3A+Abschl
  ussaufgabe+1+%E2%80%94+KastelScholar+%3E+4+Funktionalit%C3%A4t+%3E+4.1+Platzhalter%0A%0ALies+diese
  n+Abschnitt+sorgf%C3%A4ltig+und+behalte+den+Kontext.+Erstelle+noch+keinen+Backlog+und+noch+keine+T
  asks.+Warte+damit+bis+zum+abschlie%C3%9Fenden+%2Ffinalize.%0A%0A%23%23%23+4.1+Platzhalter%0A%0ALis
  ten+von+Platzhaltern+sind+immer+in+der+Form+%60%3Clist+of+Xs%3E%60+angegeben.%0AEine+Liste+kann+ei
  n+oder+mehrere+Elemente+enthalten+%28also+nicht+leer+sein%29.%0AWird+nur+ein+Element+angegeben%2C+
  hat+die+Eingabe+die+Form+%60%3CX%3E%60.%0AEs+k%C3%B6nnen+beliebig+viele+weitere+Elemente+durch+%60
  %3B%3CX%3E%60+angeh%C3%A4ngt+werden%2C+wodurch+sich+insgesamt+die+Form+%60%3CX%3E%3B%3CX%3E%3B%E2%
  80%A6%3B%3CX%3E%60+ergibt.%0A%0A**%60%3Cvenue%3E%60**+Referenziert+im+Folgenden+immer+einen+existi
  erenden+Publikationsort%2C+also+eine+Konferenzserie+oder+ein+Journal.%0AFalls+es+sich+um+ein+Journ
  al+handelt%2C+entspricht+%60%3Cvenue%3E%60+dem+Format+%60journal%E2%90%A3%3Cjournal%3E%60.%0AFalls
  +es+sich+um+eine+Konferenzserie+handelt%2C+entspricht+%60%3Cvenue%3E%60+dem+Format+%60series%E2%90
  %A3%3Cseries%3E%60.%0A%0A**%60%3Cfloat%3E%60**+Eine+Gleitkommazahl%2C+die+**immer**+mit+genau+drei
  +Nachkommastellen+im+Format+%60X.XXX%60+ausgegeben+wird.%0ABeachten+Sie%2C+dass+hierbei+ein+Punkt+
  %28%60.%60%29+als+Trennzeichen+genutzt+wird.%0ANach+der+dritten+Nachkommastelle+wird+die+Zahl+**ab
  geschnitten**%2C+es+wird+also+**nicht+gerundet**.%0ADie+Zahl+5%2F9+w%C3%BCrde+beispielsweise+als+%
  600.555%60+ausgegeben.%0A*Hinweis%3A*+Sie+k%C3%B6nnen+davon+ausgehen%2C+dass+die+Zahlen+nicht+gr%C
  3%B6%C3%9Fer+als+10%5E6+sind.%0A%0A**%60%3Cindex%3E%60**+Eine+Ganzzahl+gr%C3%B6%C3%9Fer+oder+gleic
  h+null.%0A%0A**%60%3Cyear%3E%60**+Eine+Ganzzahl+aus+dem+geschlossenen+Intervall+%5B0%2C+9999%5D.%0
  A%0A**%60%3Cstyle%3E%60**+Der+Identifier+eines+Literaturverzeichnisstils%2C+gem%C3%A4%C3%9F+Abschn
  itt+%E2%80%9ELiteraturverzeichnis+und+Formate%22+entweder+%60acm%60+oder+%60apa%60.%0A%0A**%60%3Ck
  eyword%3E%60**+Ein+Schl%C3%BCsselwort+in+Form+einer+Zeichenkette%2C+die+nur+aus+Kleinbuchstaben+be
  steht.%0A%0A**%60%3Cauthor%3E%60**+Repr%C3%A4sentiert+einen+Autor+in+der+Form+%60%3Cfirstname%3E%E
  2%90%A3%3Clastname%3E%60%0A%0A**%60%3Cfirstname%3E%60**+Der+Vorname+eines+Autors+in+Form+einer+Zei
  chenkette+ohne+Leerzeichen%2C+Zeilenumbr%C3%BCche%2C+Kommata+oder+Semikola.%0A%0A**%60%3Clastname%
  3E%60**+Der+Nachname+eines+Autors+in+Form+einer+Zeichenkette+ohne+Leerzeichen%2C+Zeilenumbr%C3%BCc
  he%2C+Kommata+oder+Semikola.%0A%0A**%60%3Cpublisher%3E%60**+Der+Name+eines+Verlegers+in+Form+einer
  +Zeichenkette+ohne+Zeilenumbr%C3%BCche%2C+Kommata+oder+Semikola.%0A%0A**%60%3Cjournal%3E%60**+Der+
  Name+eines+Journals+in+Form+einer+Zeichenkette+ohne+Zeilenumbr%C3%BCche%2C+Kommata+oder+Semikola.%
  0A%0A**%60%3Cseries%3E%60**+Der+Name+einer+Konferenzserie+in+Form+einer+Zeichenkette+ohne+Zeilenum
  br%C3%BCche%2C+Kommata+oder+Semikola.%0A%0A**%60%3Clocation%3E%60**+Der+Name+eines+geografischen+S
  tandortes+in+Form+einer+Zeichenkette+ohne+Zeilenumbr%C3%BCche%2C+Kommata+oder+Semikola.%0A%0A**%60
  %3Cid%3E%60**+Der+Identifier+einer+Publikation+in+Form+einer+Zeichenkette%2C+die+nur+Kleinbuchstab
  en+und+Zahlen+beinhalten+darf.%0A%0A**%60%3Ctitle%3E%60**+Der+Titel+einer+Publikation+in+Form+eine
  r+Zeichenkette+ohne+Zeilenumbr%C3%BCche%2C+Kommata+oder+Semikola.%0A%0A**%60%3Cpublications%3E%60*
  *+Zeilenweise+Ausgabe+der+Identifier+einer+Menge+von+Publikationen.+Die+Ausgabe+erfolgt+aufsteigen
  d+lexikografisch+sortiert+auf+Grundlage+der+Identifier.+Falls+die+Menge+der+auszugebenden+Publikat
  ionen+leer+ist%2C+findet+keine+Ausgabe+statt.%0A%0A**%60%3Cauthors%3E%60**+Zeilenweise+Ausgabe+ein
  er+Menge+von+Autoren+in+der+Form+von+%60%3Cauthor%3E%60.+Die+Ausgabe+erfolgt+aufsteigend+lexikogra
  fisch+sortiert+auf+Grundlage+des+Nachnamens.+Bei+gleichem+Nachnamen+wird+aufsteigend+lexikografisc
  h+sortiert+auf+Grundlage+des+Vornamens.+Falls+die+Menge+der+auszugebenden+Autoren+leer+ist%2C+find
  et+keine+Ausgabe+statt.%0A%0A**%60%3Cbibliography%3E%60**+Repr%C3%A4sentiert+die+Ausgabe+eines+sor
  tierten+Literaturverzeichnisses+%28siehe+Abschnitt+%E2%80%9ELiteraturverzeichnis+und+Formate%22%29
  .+Jeder+Eintrag+im+Literaturverzeichnis+wird+in+einer+eigenen+Zeile+ausgegeben.+Das+Format+der+aus
  zugebenden+Eintr%C3%A4ge+richtet+sich+nach+dem+gew%C3%A4hlten+Literaturverzeichnisstil.&project=Pr
  ogrammingST22-Final1&role=requirements&task=Understand+the+st22final01+and+create+its+backlog+when
  +prompted.&timestamp=2026-07-23T10%3A33%3A34.061Z&domain=st22final01

● Injected adaptive memory context into system prompt

● <adaptive_rules>
  - Program code must be written in English; comments may be in English or German.
  - Do not include personal data other than your u-Kürzel; the JavaDoc @author tag must contain only
   the u-Kürzel.
  - Interactive user interface outputs must match the specification exactly, including case, spaces,
   and line breaks.
  - Only produce the information specified by the task; do not print any additional information.
  - After printing an error message, the program must continue and wait for the next input.
  - Error messages should indicate why an input was rejected.
  - Every error message must begin with 'Error,' and must not contain special characters such as
  line breaks or umlauts.
  - Students should plan time for the first submission because mandatory tests must be passed first.
  - A submission will be automatically scored zero if any of the mandatory rules in these guidelines
   are violated.
  - All other Checkstyle rules must be observed.
  - All solutions must use Java SE 17.
  - All submitted code must compile without errors.
  - All variable, method, and package naming rules from the guidelines must be followed.
  - All whitespace rules specified by the guidelines must be followed.
  - Appropriate visibility modifiers must be chosen for classes, methods, and attributes.
  - Code must not exceed a maximum line width of 120 characters.
  - JavaDoc documentation rules specified by the guidelines must be followed.
  - Passing the mandatory tests is required before other tests are evaluated.
  - Standard error (System.err) may optionally be used for error messages, but standard streams must
   never be reassigned.
  - Submissions must not use System.exit(), Runtime.exit(), or similar termination methods when
  exiting the program.
  - The default (unnamed) package must not be used.
  - Unless otherwise stated, input must come from System.in and output must go to System.out.
  </adaptive_rules>

  <memories>
    - The repository ProgrammingST22-Final1 is the SS 2022 final assignment named "KastelScholar".
    - task.md contains the header 'Abschlussaufgabe 1 — KastelScholar' with metadata (course,
  semester, instructor, group, points, version).
    - The 'written by' command in ProgrammingST22-Final1 enforces atomic validation: no duplicate
  authors; errors on duplicates or missing authors.
    - ProgrammingST22-Final1 is required to be Checkstyle-conformant.
    - ProgrammingST22-Final1 uses Checkstyle compliance as a core constraint
    - ProgrammingST22-Final1 uses System.out for program output
    - ProgrammingST22-Final1 uses System.in for program input
    - ProgrammingST22-Final1 uses System.out for program output.
    - ProgrammingST22-Final1 uses System.in for program input.
    - ProgrammingST22-Final1 relates to an error message format where error lines begin with
  'Error,'
  </memories>
  <knowledge>
    - Violation of specially marked Checkstyle rules causes the submission to be awarded zero points
   automatically.
    - Mengenausgaben von Publikationen erfolgen zeilenweise, aufsteigend lexikografisch sortiert
  nach Identifier; bei leerer Menge erfolgt keine Ausgabe.
    - Bei `print bibliography` führt das Fehlen eines Publikationsidentifiers im System oder ein
  `invalid`-Eintrag dazu, dass nur eine Fehlermeldung ausgegeben wird und kein Literaturverzeichnis
  erstellt wird; mehrfach vorkommende Publikationen werden nur einmal ausgegeben.
    - Das Literaturverzeichnis ist eindeutig sortiert nach Eigenschaftspriorität: Nachname
  Erstautor, Vorname Erstautor, Nachname Zweitautor, Vorname Zweitautor, …, Titel, Jahr, eindeutiger
   Identifier; Veröffentlichungen mit nicht vorhandenem n-ten Autor liegen vor Veröffentlichungen
  mit existierendem n-tem Autor.
    - Eine Publikation hat einen eindeutigen Identifier (nur Kleinbuchstaben und Zahlen), einen
  Titel, ein Veröffentlichungsjahr und mindestens einen Autor.
    - Wörter zwischen spitzen Klammern in Formatbeschreibungen sind Platzhalter und bei konkreter
  Ein-/Ausgabe ohne spitze Klammern zu ersetzen.
    - Listen von Platzhaltern werden als `<list of Xs>` angegeben; eine Liste ist nie leer;
  Einzel-Element als `<X>`; weitere Elemente als `;<X>` angehängt.
    - Eingabezeilen in Beispielen beginnen mit `>` gefolgt von Leerzeichen; diese Zeichen gehören
  nicht zum eingegebenen Befehl.
    - Konferenzserien und Fachzeitschriften sind durch Typ (Serie oder Journal) und Namen eindeutig
  identifiziert.
    - Konferenzen sind durch Konferenzserie und Jahr eindeutig identifiziert.
    - In einem bestimmten Jahr findet maximal eine Konferenz einer Konferenzserie statt.
    - Für Gleitkommazahlen wird immer mit genau drei Nachkommastellen im Format `X.XXX` ausgegeben;
  als Trenner wird `.` verwendet; nach der dritten Stelle wird abgeschnitten (nicht gerundet).
    - `<index>` ist eine Ganzzahl größer oder gleich null.
    - `<year>` ist eine Ganzzahl im geschlossenen Intervall [0, 9999].
    - Die Groß- und Kleinschreibung von Zeichenfolgen ist relevant (case-sensitive).
    - Veröffentlichungen können nur Veröffentlichungen mit einem echt früheren
  Veröffentlichungsdatum referenzieren; nicht sich selbst und nicht Publikationen im selben Jahr;
  eine Publikation kann dieselbe Publikation maximal einmal referenzieren.
    - Schlüsselwörter bestehen nur aus Kleinbuchstaben und keinen Sonderzeichen.
    - Mengenausgaben von Autoren erfolgen zeilenweise, aufsteigend lexikografisch sortiert nach
  Nachname (bei Gleichheit nach Vorname); bei leerer Menge erfolgt keine Ausgabe.
  </knowledge>
  <entity_paths>
    - ProgrammingST22-Final1 USES Java SE 17: ProgrammingST22-Final1 uses Java SE 17 as its
  language/runtime.; ProgrammingST22-Final1 uses Java SE 17 as the runtime/language
    - ProgrammingST22-Final1 USES Checkstyle: ProgrammingST22-Final1 uses Checkstyle compliance as a
   core constraint
    - ProgrammingST22-Final1 USES System.in: ProgrammingST22-Final1 uses System.in for program
  input.; ProgrammingST22-Final1 uses System.in for program input
    - ProgrammingST22-Final1 USES System.out: ProgrammingST22-Final1 uses System.out for program
  output.; ProgrammingST22-Final1 uses System.out for program output
    - ProgrammingST22-Final1 RELATES_TO quit: In ProgrammingST22-Final1 the command 'quit'
  terminates the program.; ProgrammingST22-Final1 relates to a 'quit' command that terminates the
  program
    - ProgrammingST22-Final1 RELATES_TO Error message prefix 'Error,': ProgrammingST22-Final1
  requires error messages to begin with the prefix "Error,".
    - ProgrammingST22-Final1 RELATES_TO Checkstyle: ProgrammingST22-Final1 is required to be
  Checkstyle-conformant.
    - ProgrammingST22-Final1 RELATES_TO written by: The 'written by' command in
  ProgrammingST22-Final1 enforces atomic validation: no duplicate authors; errors on duplicates or
  missing authors.
    - ProgrammingST22-Final1 RELATES_TO KastelScholar: The repository ProgrammingST22-Final1 is the
  SS 2022 final assignment named "KastelScholar".
    - ProgrammingST22-Final1 RELATES_TO Error, prefix: ProgrammingST22-Final1 relates to an error
  message format where error lines begin with 'Error,'
    - publications output RELATES_TO sorted by identifier lexicographically ascending:
  Mengenausgaben von Publikationen erfolgen zeilenweise, aufsteigend lexikografisch sortiert nach
  Identifier; bei leerer Menge erfolgt keine Ausgabe.
    - Implementierungsrichtlinien — Abschlussaufgabe 1 (SS 2022) DEPENDS_ON mandatory tests: Passing
   the mandatory tests is required before other tests are evaluated.
    - bibliography sort priority RELATES_TO sort keys and missing-author rule: Das
  Literaturverzeichnis ist eindeutig sortiert nach Eigenschaftspriorität: Nachname Erstautor,
  Vorname Erstautor, Nachname Zweitautor, Vorname Zweitautor, …, Titel, Jahr, eindeutiger
  Identifier; Veröffentlichungen mit nicht vorhandenem n-ten Autor liegen vor Veröffentlichungen mit
   existierendem n-tem Autor.
    - print bibliography RELATES_TO failure on missing/invalid ids; deduplicate entries: Bei `print
  bibliography` führt das Fehlen eines Publikationsidentifiers im System oder ein `invalid`-Eintrag
  dazu, dass nur eine Fehlermeldung ausgegeben wird und kein Literaturverzeichnis erstellt wird;
  mehrfach vorkommende Publikationen werden nur einmal ausgegeben.
  </entity_paths>
  <entity_matches>
    - ProgrammingST22-Final1 (score: 1.00) — Repository for the final project 'KastelScholar'
  assignment (SS2022).
    - publications output (score: 0.77) — Ausgabeformat für Mengen von Publikationen
    - Implementierungsrichtlinien — Abschlussaufgabe 1 (SS 2022) (score: 0.76) — Submission
  guideline document for assignment KastelScholar
    - bibliography sort priority (score: 0.76) — mehrstufige Sortierpriorität für
  Literaturverzeichnis
    - print bibliography (score: 0.76) — Befehl zur Erstellung eines Literaturverzeichnisses
  </entity_matches>
  <insights>
    - Agent community around ProgrammingST22-Final1, Java SE 17, Checkstyle connects quit, Error
  message prefix 'Error,', written by. Relevant agent facts: ProgrammingST22-Final1 uses Java SE 17
  as its language/runtime.; In ProgrammingST22-Final1 the command 'quit' terminates the program.;
  ProgrammingST22-Final1 requires error messages to begin with the prefix "Error,".
  </insights>

● adaptive-memory extension active (role=requirements, memorySession=20260723-122911-req) - type
  /memory-help. MCP tools registered (memory=true, backlog=true).







Changes    +0 -0
Duration   2m 1s
Tokens     ↑ 30.5k (1.3k cached) • ↓ 555 (321 reasoning)
[delivery:requirements] Turn 7/11 complete
[delivery:requirements] Turn 8/11: task.md — segment 7/9 — Abschlussaufgabe 1 — KastelScholar > 4 Funktionalität > 4.2 Datenbestand
● [adaptive-context] GET http://localhost:4444/api/agents/7af7809a-adce-4fa9-9609-fd61059de0ff/sessi
  ons/20260723-122911-req/context?input=Dokument%3A+task.md%0ASegment%3A+7%2F9%0AAbschnitt%3A+Abschl
  ussaufgabe+1+%E2%80%94+KastelScholar+%3E+4+Funktionalit%C3%A4t+%3E+4.2+Datenbestand%0A%0ALies+dies
  en+Abschnitt+sorgf%C3%A4ltig+und+behalte+den+Kontext.+Erstelle+noch+keinen+Backlog+und+noch+keine+
  Tasks.+Warte+damit+bis+zum+abschlie%C3%9Fenden+%2Ffinalize.%0A%0A%23%23%23+4.2+Datenbestand%0A%0A%
  23%23%23%23+Der+%60quit%60-Befehl%0A%0ADer+parameterlose+Befehl+erm%C3%B6glicht+es+das+Programm+vo
  llst%C3%A4ndig+zu+beenden.+Beachten+Sie%2C+dass+hierf%C3%BCr+keine+Methoden+wie+%60System.exit%28%
  29%60+oder+%60Runtime.exit%28%29%60+verwendet+werden+d%C3%BCrfen.%0A%0A**Eingabe%3A**+%60quit%60%0
  A%0A%23%23%23%23+Der+%60add+author%60-Befehl%0A%0AF%C3%BCgt+dem+System+einen+Autor+hinzu.%0A%0A**E
  ingabe%3A**+%60add%E2%90%A3author%E2%90%A3%3Cauthor%3E%60%0A%0A%23%23%23%23+Der+%60add+journal%60-
  Befehl%0A%0ALegt+ein+Journal+mit+dem+gegebenen+Namen+und+dem+gegebenen+Verleger+an.%0A%0A**Eingabe
  %3A**+%60add%E2%90%A3journal%E2%90%A3%3Cjournal%3E%2C%3Cpublisher%3E%60%0A%0A%23%23%23%23+Der+%60a
  dd+series%60-Befehl%0A%0ALegt+eine+Konferenzserie+mit+dem+gegebenen+Namen+an.%0A%0A**Eingabe%3A**+
  %60add%E2%90%A3series%E2%90%A3%3Cseries%3E%60%0A%0A%23%23%23%23+Der+%60add+conference%60-Befehl%0A
  %0ALegt+eine+Konferenz+an%2C+die+zur+gegebenen+Serie+geh%C3%B6rt+und+im+gegebene+Jahr+am+gegebenen
  +Ort+stattgefunden+hat.%0AFalls+die+Konferenzserie+nicht+existiert%2C+gebe+einen+Fehler+aus.%0A%0A
  **Eingabe%3A**+%60add%E2%90%A3conference%E2%90%A3%3Cseries%3E%2C%3Cyear%3E%2C%3Clocation%3E%60%0A%
  0A%23%23%23%23+Der+%60add+article+to%60-Befehl%0A%0AF%C3%BCgt+einen+wissenschaftlichen+Artikel+zu+
  einem+Publikationsort+hinzu.%0A%0A**Eingabe%3A**+%60add%E2%90%A3article%E2%90%A3to%E2%90%A3%3Cvenu
  e%3E%3A%3Cid%3E%2C%3Cyear%3E%2C%3Ctitle%3E%60%0A%0A%23%23%23%23+Der+%60written+by%60-Befehl%0A%0AL
  egt+fest%2C+dass+die+angegebenen+Autoren+an+der+gegebenen+Publikation+mitgeschrieben+haben.%0ADies
  er+Befehl+kann+auch+mehrfach+f%C3%BCr+die+gleiche+Publikation+aufgerufen+werden%2C+dann+werden+imm
  er+weitere+Autoren+hinzugef%C3%BCgt.%0AEin+Autor+kann+nur+einmal+zur+gleichen+Publikation+hinzugef
  %C3%BCgt+werden%2C+ansonsten+wird+ein+Fehler+ausgegeben+und+keiner+der+%C3%BCbergebenen+Autoren+wi
  rd+hinzugef%C3%BCgt.%0ADas+gleiche+gilt%2C+falls+einer+der+Autoren+nicht+im+System+vorhanden+ist.%
  0ADie+Reihenfolge+der+Autoren+ist+bei+einem+Aufruf+durch+die+Reihenfolge+in+der+gegebenen+Liste+fe
  stgelegt.%0ABei+einem+weiteren+Aufruf+des+Kommandos+werden+die+weiteren+Autoren+am+Ende+der+Liste+
  der+Autoren+hinzugef%C3%BCgt.%0A%0A**Eingabe%3A**+%60written%E2%90%A3by%E2%90%A3%3Cid%3E%2C%3Clist
  +of+authors%3E%60%0A%0A%23%23%23%23+Der+%60cites%60-Befehl%0A%0ALegt+fest%2C+dass+die+Publikation+
  mit+dem+ersten+gegebenen+Identifier+die+Publikation+mit+dem+zweiten+gegebenen+Identifier+zitiert.%
  0APublikationen+k%C3%B6nnen+nur+Publikationen+zitieren%2C+die+echt+vor+ihnen+ver%C3%B6ffentlicht+w
  urden.%0ADamit+k%C3%B6nnen+Publikationen+insbesondere+nicht+sich+selbst+zitieren+und+auch+keine+Pu
  blikationen%2C+die+im+selben+Jahr+ver%C3%B6ffentlicht+wurden.%0AEine+Publikation+kann+dieselbe+Pub
  likation+maximal+einmal+referenzieren.%0AEine+Publikation+kann+beliebig+viele+andere+Publikationen
  +referenzieren+und+kann+beliebig+oft+referenziert+werden.%0A%0A**Eingabe%3A**+%60cites%E2%90%A3%3C
  id%3E%2C%3Cid%3E%60%0A%0A%23%23%23%23+Der+%60add+keywords+to%60-Befehl%0A%0AF%C3%BCgt+die+gegebene
  n+Keywords+zu+einer+existierenden+Publikation%2C+Konferenzserie+oder+Fachzeitschrift+hinzu.%0AIst+
  eines+der+Keywords+bereits+zu+der+Entit%C3%A4t+hinzugef%C3%BCgt%2C+wird+dieses+Keyword+ignoriert%2
  C+die+anderen+jedoch+normal+hinzugef%C3%BCgt.%0A%0A**Eingabe%3A**+%60add%E2%90%A3keywords%E2%90%A3
  to%E2%90%A3%3Cid%2Fvenue%3E%3A%3Clist+of+keywords%3E%60&project=ProgrammingST22-Final1&role=requir
  ements&task=Understand+the+st22final01+and+create+its+backlog+when+prompted.&timestamp=2026-07-23T
  10%3A33%3A50.133Z&domain=st22final01

● Injected adaptive memory context into system prompt

● <adaptive_rules>
  - A submission will be automatically scored zero if any of the mandatory rules in these guidelines
   are violated.
  - All other Checkstyle rules must be observed.
  - All solutions must use Java SE 17.
  - All submitted code must compile without errors.
  - All variable, method, and package naming rules from the guidelines must be followed.
  - All whitespace rules specified by the guidelines must be followed.
  - Appropriate visibility modifiers must be chosen for classes, methods, and attributes.
  - Code must not exceed a maximum line width of 120 characters.
  - JavaDoc documentation rules specified by the guidelines must be followed.
  - Standard error (System.err) may optionally be used for error messages, but standard streams must
   never be reassigned.
  - Submissions must not use System.exit(), Runtime.exit(), or similar termination methods when
  exiting the program.
  - The default (unnamed) package must not be used.
  - Unless otherwise stated, input must come from System.in and output must go to System.out.
  - Program code must be written in English; comments may be in English or German.
  - Do not include personal data other than your u-Kürzel; the JavaDoc @author tag must contain only
   the u-Kürzel.
  - Interactive user interface outputs must match the specification exactly, including case, spaces,
   and line breaks.
  - Only produce the information specified by the task; do not print any additional information.
  - Students should plan time for the first submission because mandatory tests must be passed first.
  - Passing the mandatory tests is required before other tests are evaluated.
  - After printing an error message, the program must continue and wait for the next input.
  - Error messages should indicate why an input was rejected.
  - Every error message must begin with 'Error,' and must not contain special characters such as
  line breaks or umlauts.
  </adaptive_rules>

  <memories>
    - task.md contains the header 'Abschlussaufgabe 1 — KastelScholar' with metadata (course,
  semester, instructor, group, points, version).
    - The repository ProgrammingST22-Final1 is the SS 2022 final assignment named "KastelScholar".
    - The 'written by' command in ProgrammingST22-Final1 enforces atomic validation: no duplicate
  authors; errors on duplicates or missing authors.
    - ProgrammingST22-Final1 is required to be Checkstyle-conformant.
    - ProgrammingST22-Final1 uses System.out for program output
    - ProgrammingST22-Final1 uses Checkstyle compliance as a core constraint
    - ProgrammingST22-Final1 uses System.in for program input
    - ProgrammingST22-Final1 uses System.out for program output.
    - ProgrammingST22-Final1 uses System.in for program input.
    - ProgrammingST22-Final1 relates to a 'quit' command that terminates the program
    - In ProgrammingST22-Final1 the command 'quit' terminates the program.
    - ProgrammingST22-Final1 relates to an error message format where error lines begin with
  'Error,'
    - ProgrammingST22-Final1 requires error messages to begin with the prefix "Error,".
  </memories>
  <knowledge>
    - Violation of specially marked Checkstyle rules causes the submission to be awarded zero points
   automatically.
    - Schlüsselwörter übertragen sich automatisch: von Konferenzserien auf Konferenzen, von
  Konferenzen auf dort vorgestellte Artikel und von Journals auf darin veröffentlichte Artikel;
  doppelte Keywords werden nur einmal gezählt/erwähnt.
    - Bei `written by` darf ein Autor nicht mehrmals zur selben Publikation hinzugefügt werden; bei
  doppelten Einträgen oder fehlenden Autoren wird keiner der übergebenen Autoren hinzugefügt und ein
   Fehler ausgegeben.
    - Bei `add keywords to` werden bereits vorhandene Keywords ignoriert; die übrigen werden normal
  hinzugefügt.
    - Bei `print bibliography` führt das Fehlen eines Publikationsidentifiers im System oder ein
  `invalid`-Eintrag dazu, dass nur eine Fehlermeldung ausgegeben wird und kein Literaturverzeichnis
  erstellt wird; mehrfach vorkommende Publikationen werden nur einmal ausgegeben.
    - Eine Publikation hat einen eindeutigen Identifier (nur Kleinbuchstaben und Zahlen), einen
  Titel, ein Veröffentlichungsjahr und mindestens einen Autor.
    - Der parameterlose Befehl `quit` beendet das Programm vollständig.
    - Eine Fachzeitschrift besitzt immer genau einen Verleger (Publisher).
    - Konferenzserien und Fachzeitschriften sind durch Typ (Serie oder Journal) und Namen eindeutig
  identifiziert.
    - Konferenzen sind durch Konferenzserie und Jahr eindeutig identifiziert.
    - In einem bestimmten Jahr findet maximal eine Konferenz einer Konferenzserie statt.
    - Ein Artikel kann in genau einem Publikationsort (Konferenz oder Journal) veröffentlicht sein.
    - Mengenausgaben von Publikationen erfolgen zeilenweise, aufsteigend lexikografisch sortiert
  nach Identifier; bei leerer Menge erfolgt keine Ausgabe.
    - Veröffentlichungen können nur Veröffentlichungen mit einem echt früheren
  Veröffentlichungsdatum referenzieren; nicht sich selbst und nicht Publikationen im selben Jahr;
  eine Publikation kann dieselbe Publikation maximal einmal referenzieren.
  </knowledge>
  <entity_paths>
    - ProgrammingST22-Final1 USES Java SE 17: ProgrammingST22-Final1 uses Java SE 17 as its
  language/runtime.; ProgrammingST22-Final1 uses Java SE 17 as the runtime/language
    - ProgrammingST22-Final1 USES Checkstyle: ProgrammingST22-Final1 uses Checkstyle compliance as a
   core constraint
    - ProgrammingST22-Final1 USES System.in: ProgrammingST22-Final1 uses System.in for program
  input.; ProgrammingST22-Final1 uses System.in for program input
    - ProgrammingST22-Final1 USES System.out: ProgrammingST22-Final1 uses System.out for program
  output.; ProgrammingST22-Final1 uses System.out for program output
    - ProgrammingST22-Final1 RELATES_TO quit: In ProgrammingST22-Final1 the command 'quit'
  terminates the program.; ProgrammingST22-Final1 relates to a 'quit' command that terminates the
  program
    - ProgrammingST22-Final1 RELATES_TO Error message prefix 'Error,': ProgrammingST22-Final1
  requires error messages to begin with the prefix "Error,".
    - ProgrammingST22-Final1 RELATES_TO Checkstyle: ProgrammingST22-Final1 is required to be
  Checkstyle-conformant.
    - ProgrammingST22-Final1 RELATES_TO written by: The 'written by' command in
  ProgrammingST22-Final1 enforces atomic validation: no duplicate authors; errors on duplicates or
  missing authors.
    - ProgrammingST22-Final1 RELATES_TO KastelScholar: The repository ProgrammingST22-Final1 is the
  SS 2022 final assignment named "KastelScholar".
    - ProgrammingST22-Final1 RELATES_TO Error, prefix: ProgrammingST22-Final1 relates to an error
  message format where error lines begin with 'Error,'
    - written by RELATES_TO author add atomicity and validation: Bei `written by` darf ein Autor
  nicht mehrmals zur selben Publikation hinzugefügt werden; bei doppelten Einträgen oder fehlenden
  Autoren wird keiner der übergebenen Autoren hinzugefügt und ein Fehler ausgegeben.
    - add keywords to RELATES_TO ignore existing keywords, add others: Bei `add keywords to` werden
  bereits vorhandene Keywords ignoriert; die übrigen werden normal hinzugefügt.
    - print bibliography RELATES_TO failure on missing/invalid ids; deduplicate entries: Bei `print
  bibliography` führt das Fehlen eines Publikationsidentifiers im System oder ein `invalid`-Eintrag
  dazu, dass nur eine Fehlermeldung ausgegeben wird und kein Literaturverzeichnis erstellt wird;
  mehrfach vorkommende Publikationen werden nur einmal ausgegeben.
  </entity_paths>
  <entity_matches>
    - ProgrammingST22-Final1 (score: 1.00) — Repository for the final project 'KastelScholar'
  assignment (SS2022).
    - written by (score: 0.78) — Befehl/Operation zum Hinzufügen von Autoren
    - add keywords to (score: 0.75) — Befehl/Operation zum Hinzufügen von Schlüsselwörtern
    - print bibliography (score: 0.75) — Befehl zur Erstellung eines Literaturverzeichnisses
    - KastelScholar (score: 0.71) — Project title of the final assignment (SS 2022).
  </entity_matches>
  <insights>
    - Agent community around ProgrammingST22-Final1, KastelScholar, Java SE 17 connects quit, Error
  message prefix 'Error,', System.out, written by. Relevant agent facts: ProgrammingST22-Final1 uses
   Java SE 17 as its language/runtime.; In ProgrammingST22-Final1 the command 'quit' terminates the
  program.; ProgrammingST22-Final1 requires error messages to begin with the prefix "Error,".
  </insights>

● adaptive-memory extension active (role=requirements, memorySession=20260723-122911-req) - type
  /memory-help. MCP tools registered (memory=true, backlog=true).







Changes    +0 -0
Duration   2m 21s
Tokens     ↑ 31.4k (1.3k cached) • ↓ 765 (439 reasoning)
[delivery:requirements] Turn 8/11 complete
[delivery:requirements] Turn 9/11: task.md — segment 8/9 — Abschlussaufgabe 1 — KastelScholar > 4 Funktionalität > 4.3 Anfragen
● [adaptive-context] GET http://localhost:4444/api/agents/7af7809a-adce-4fa9-9609-fd61059de0ff/sessi
  ons/20260723-122911-req/context?input=Dokument%3A+task.md%0ASegment%3A+8%2F9%0AAbschnitt%3A+Abschl
  ussaufgabe+1+%E2%80%94+KastelScholar+%3E+4+Funktionalit%C3%A4t+%3E+4.3+Anfragen%0A%0ALies+diesen+A
  bschnitt+sorgf%C3%A4ltig+und+behalte+den+Kontext.+Erstelle+noch+keinen+Backlog+und+noch+keine+Task
  s.+Warte+damit+bis+zum+abschlie%C3%9Fenden+%2Ffinalize.%0A%0A%23%23%23+4.3+Anfragen%0A%0A%23%23%23
  %23+Der+%60all+publications%60-Befehl%0A%0AGibt+die+Identifier+aller+Publikationen+aus.%0AGibt+es+
  keine+Publikationen%2C+wird+nichts+ausgegeben.%0A%0A**Eingabe%3A**+%60all%E2%90%A3publications%60%
  0A**Ausgabe%3A**+%60%3Cpublications%3E%60%0A%0AIst+beispielsweise+die+Menge+aller+vorhandenen+Publ
  ikationsidentifier+%7B%60mk2017%60%2C+%60ky2017a%60%2C+%60ky2017b%60%7D%2C+so+gibt+das+Kommando+%6
  0all%E2%90%A3publications%60+aus%3A%0A%0A%60%60%60%0A%3E+all+publications%0Aky2017a%0Aky2017b%0Amk
  2017%0A%60%60%60%0A%0A%23%23%23%23+Der+%60list+invalid+publications%60-Befehl%0A%0AGibt+die+Identi
  fier+der+Publikationen+aus%2C+die+keinen+Autor+zugewiesen+haben.%0AGibt+es+keine+solchen+Publikati
  onen%2C+wird+nichts+ausgegeben.%0A%0A**Eingabe%3A**+%60list%E2%90%A3invalid%E2%90%A3publications%6
  0%0A**Ausgabe%3A**+%60%3Cpublications%3E%60%0A%0A%23%23%23%23+Der+%60publications+by%60-Befehl%0A%
  0AGibt+die+Identifier+aller+Publikationen+aus%2C+an+denen+mindestens+einer+der+gegebenen+Autoren+b
  eteiligt+ist.%0AExistiert+einer+der+Autoren+nicht+im+System%2C+wird+eine+passende+Fehlermeldung+au
  sgegeben+und+das+Kommando+gibt+sonst+nichts+aus.%0ADie+Ausgabe+beinhaltet+sowohl+Publikationen+in+
  denen+nur+einer+oder+eine+Untermenge+der+gegebenen+Autoren+beteiligt+sind%2C+als+auch+Publikatione
  n%2C+in+denen+alle+Autoren+beteiligt+sind.%0AJede+Publikation+wird+maximal+einmal+ausgegeben.%0AGi
  bt+es+keine+solchen+Publikationen%2C+wird+nichts+ausgegeben.%0A%0A**Eingabe%3A**+%60publications%E
  2%90%A3by%E2%90%A3%3Clist+of+authors%3E%60%0A**Ausgabe%3A**+%60%3Cpublications%3E%60%0A%0A%23%23%2
  3%23+Der+%60in+proceedings%60-Befehl%0A%0AGibt+die+Identifier+aller+Publikationen+aus%2C+die+in+de
  r+angegebenen+Konferenzserie+im+angegebenen+Jahr+ver%C3%B6ffentlicht+wurden.%0AGibt+es+keine+solch
  en+Publikationen%2C+wird+nichts+ausgegeben.%0AGibt+es+die+angegebene+Konferenzserie+nicht+oder+kei
  ne+Konferenz+dieser+Serie+im+gegebenen+Jahr%2C+wird+eine+passende+Fehlermeldung+ausgegeben.%0A%0A*
  *Eingabe%3A**+%60in%E2%90%A3proceedings%E2%90%A3%3Cseries%3E%2C%3Cyear%3E%60%0A**Ausgabe%3A**+%60%
  3Cpublications%3E%60%0A%0A%23%23%23%23+Der+%60find+by+keywords%60-Befehl%0A%0AGibt+die+Identifier+
  aller+Publikationen+aus%2C+die+**alle**+der+angegebenen+Keywords+besitzen.%0AEs+m%C3%BCssen+nicht+
  alle+angegebenen+Keywords+bereits+im+System+verwendet+sein.%0AFalls+Keywords+in+diesem+Befehl+verw
  endet+werden%2C+die+keiner+Publikation+zugeordnet+sind%2C+wird+nichts+ausgegeben.%0A%0A**Eingabe%3
  A**+%60find%E2%90%A3by%E2%90%A3keywords%E2%90%A3%3Clist+of+keywords%3E%60%0A**Ausgabe%3A**+%60%3Cp
  ublications%3E%60%0A%0A%23%23%23%23+Der+%60jaccard%60-Befehl%0A%0ABerechnet+den+sogenannten+*Jacca
  rd-Koeffizienten*+f%C3%BCr+zwei+Mengen+von+Schl%C3%BCsselw%C3%B6rtern.%0ADieser+ist+wie+folgt+defi
  niert%3A%0A%0A%60%60%60%0A++++++++++++%E2%94%8C+1%2C+++++++++++++++++++++++falls+A+und+B+beide+lee
  r+sind+%28A+%E2%88%AA+B+%3D+%E2%88%85%29%0AJ%28A%2CB%29+%3D+++%E2%94%80%E2%94%A4%0A++++++++++++%E2
  %94%94+%7CA+%E2%88%A9+B%7C+%2F+%7CA+%E2%88%AA+B%7C%2C+++++++sonst%0A%60%60%60%0A%0AHierbei+sind+A+
  und+B+zwei+Mengen%2C+A+%E2%88%A9+B+und+A+%E2%88%AA+B+sind+die+Schnittmenge+%28%E2%88%A9%29+beziehu
  ngsweise+Vereinigung+%28%E2%88%AA%29+der+beiden+Mengen+und+%7CA%7C+ist+die+Anzahl+der+Elemente+der
  +Menge+A.%0A%0A**Eingabe%3A**+%60jaccard%E2%90%A3%3Clist+of+keywords%3E%E2%90%A3%3Clist+of+keyword
  s%3E%60%0A**Ausgabe%3A**+%60%3Cfloat%3E%60%0A%0A%23%23%23%23+Der+%60similarity%60-Befehl%0A%0AGibt
  +an%2C+wie+%C3%A4hnlich+sich+zwei+Publikationen+bez%C3%BCglich+ihrer+Keywords+sind.%0ADie+beiden+P
  ublikationen+sind+hierbei+durch+ihre+Publikationsidentifier+gegeben.%0AExistiert+eine+der+beiden+P
  ublikationen+nicht%2C+wird+eine+passende+Fehlermeldung+ausgegeben.%0A%0AAls+%C3%84hnlichkeitsma%C3
  %9F+wird+der+*Jaccard-Koeffizient*+der+Keywordmengen+der+beiden+Publikationen+verwendet.%0ADie+Men
  gen+A+und+B+im+obengenannten+J%28A%2CB%29+sind+also+die+Mengen+der+Keywords+der+jeweiligen+Publika
  tion.%0ABeachten+Sie%2C+dass+sich+Keywords+von+Konferenzserien+auf+Konferenzen+und+von+Konferenzen
  +und+Journals+auf+Artikel+%C3%BCbertragen%2C+wie+in+Abschnitt+%E2%80%9EKeyword%22+beschrieben.%0A%
  0A**Eingabe%3A**+%60similarity%E2%90%A3%3Cid%3E%2C%3Cid%3E%60%0A**Ausgabe%3A**+%60%3Cfloat%3E%60%0
  A%0A%23%23%23%23+Der+%60g-index%60-Befehl%0A%0AGibt+den+*g*-Index+eines+Autors+auf+Grundlage+der+i
  m+System+gespeicherten+Ver%C3%B6ffentlichungen+aus.%0AF%C3%BCr+nicht+definierte+Autoren+wird+eine+
  passende+Fehlermeldung+ausgegeben.%0AWurden+keine+Publikationen+des+Autors+zitiert%2C+wird+%600%60
  +ausgegeben.%0A%0ADer+*g*-Index+ist+eine+Angabe+f%C3%BCr+die+Anzahl+und+den+Einfluss+von+Ver%C3%B6
  ffentlichungen+eines+Autors.%0AEr+ist+wie+folgt+definiert%3A%0A%0A%3E+Ein+Autor+hat+den+%28ganzzah
  ligen%29+*g*-Index+*i*%2C+wenn+die+ersten+*i*+Publikationen+des+Autors%2C+absteigend+geordnet+nach
  +der+Anzahl+ihrer+Zitierung%2C+zusammen+mindestens+*i*%C2%B2+mal+zitiert+wurden+und+dies+f%C3%BCr+
  keine+gr%C3%B6%C3%9Fere+Zahl+*i*+gilt.%0A%0A**Eingabe%3A**+%60g-index%E2%90%A3%3Cauthor%3E%60%0A**
  Ausgabe%3A**+%60%3Cindex%3E%60%0A%0A%23%23%23%23+Der+%60coauthors+of%60-Befehl%0A%0AGibt+die+Namen
  +aller+Mitautoren+des+gegebenen+Autors+aus.%0AF%C3%BCr+nicht+definierte+Autoren+wird+eine+passende
  +Fehlermeldung+ausgegeben.%0AMitautoren+sind+dabei+Autoren%2C+die+in+irgendeiner+Publikation+gemei
  nsam+beteiligt+sind.%0AEin+Autor+ist+nicht+Mitautor+zu+sich+selbst.%0AJeder+Autor+wird+maximal+ein
  mal+ausgegeben.%0AGibt+es+keine+Mitautoren+zum+gegebenen+Autor%2C+wird+nichts+ausgegeben.%0A%0A**E
  ingabe%3A**+%60coauthors%E2%90%A3of%E2%90%A3%3Cauthor%3E%60%0A**Ausgabe%3A**+%60%3Cauthors%3E%60%0
  A%0A%23%23%23%23+Der+%60foreign+citations+of%60-Befehl%0A%0AGibt+die+*Fremdzitate*+auf+den+gegeben
  en+Autor+aus%2C+in+Form+der+Identifier+der+zitierenden+Publikationen.%0AF%C3%BCr+gegebene+nicht+de
  finierte+Autoren+wird+eine+passende+Fehlermeldung+ausgegeben.%0AFremdzitate+sind+hierbei+definiert
  +als+Zitate%2C+die+nicht+aus+Publikationen+stammen%2C+an+denen+Autoren+mitgeschrieben+haben%2C+die
  +bereits+%28m%C3%B6glicherweise+in+anderen+Publikationen%29+mit+dem+gegebenen+Autor+zusammen+an+Pu
  blikationen+gearbeitet+haben.%0APublikationen%2C+die+im+Sinne+des+%60list+invalid+publications%60-
  Befehls+*invalid*+sind%2C+gelten+nicht+als+Fremdzitate+und+werden+nicht+ausgegeben.%0A%0A%7C+Publi
  kationsidentifier+%7C+Autoren+%7C+Referenz+auf+%7C%0A%7C---%7C---%7C---%7C%0A%7C+p0+%7C+Author+A+%
  7C+---+%7C%0A%7C+p1+%7C+Author+A%2C+Author+B+%7C+p0+%7C%0A%7C+p2+%7C+Author+B%2C+Author+C+%7C+p0+%
  7C%0A%7C+p3+%7C+Author+C%2C+Author+D+%7C+p0+%7C%0A%0AIn+diesem+Fall+hat+Publikation+%60p0%60+nur+e
  in+Fremdzitat%2C+da+Publikationen%2C+an+denen+Autor+B+%28hier%3A+%60p2%60%29+beteiligt+ist+nicht+g
  ez%C3%A4hlt+werden.%0A%0A**Eingabe%3A**+%60foreign%E2%90%A3citations%E2%90%A3of%E2%90%A3%3Cauthor%
  3E%60%0A**Ausgabe%3A**+%60%3Cpublications%3E%60%0A%0A%23%23%23%23+Der+%60print+bibliography%60-Bef
  ehl%0A%0AGibt+ein+sortiertes+Literaturverzeichnis+aus+%28siehe+Abschnitt+%E2%80%9ELiteraturverzeic
  hnis+und+Formate%22%29.%0AF%C3%BCr+jeden+Eintrag+wird+eine+Zeile+ausgegeben%2C+die+wie+im+Stil+def
  iniert+formatiert+ist.%0A%0AIst+einer+der+Publikationsidentifier+nicht+im+System+vorhanden%2C+wird
  +nur+eine+entsprechende+Fehlermeldung+ausgegeben+und+kein+Literaturverzeichnis+erstellt.%0ADas+Gle
  iche+gilt%2C+falls+ein+Eintrag+im+Sinne+des+%60list+invalid+publications%60-Befehls+*invalid*+ist.
  %0AKommt+eine+Publikation+in+der+gegebenen+Liste+mehrfach+vor%2C+wird+die+Publikation+nur+einmal+i
  m+Literaturverzeichnis+ausgegeben.%0A%0A**Eingabe%3A**+%60print%E2%90%A3bibliography%E2%90%A3%3Cst
  yle%3E%3A%3Clist+of+ids%3E%60%0A**Ausgabe%3A**+%60%3Cbibliography%3E%60&project=ProgrammingST22-Fi
  nal1&role=requirements&task=Understand+the+st22final01+and+create+its+backlog+when+prompted.&times
  tamp=2026-07-23T10%3A34%3A10.201Z&domain=st22final01

● Injected adaptive memory context into system prompt

● <adaptive_rules>
  - Program code must be written in English; comments may be in English or German.
  - Interactive user interface outputs must match the specification exactly, including case, spaces,
   and line breaks.
  - Only produce the information specified by the task; do not print any additional information.
  - Students should plan time for the first submission because mandatory tests must be passed first.
  - Do not include personal data other than your u-Kürzel; the JavaDoc @author tag must contain only
   the u-Kürzel.
  - After printing an error message, the program must continue and wait for the next input.
  - Error messages should indicate why an input was rejected.
  - Every error message must begin with 'Error,' and must not contain special characters such as
  line breaks or umlauts.
  - A submission will be automatically scored zero if any of the mandatory rules in these guidelines
   are violated.
  - All other Checkstyle rules must be observed.
  - All solutions must use Java SE 17.
  - All submitted code must compile without errors.
  - All variable, method, and package naming rules from the guidelines must be followed.
  - All whitespace rules specified by the guidelines must be followed.
  - Appropriate visibility modifiers must be chosen for classes, methods, and attributes.
  - Code must not exceed a maximum line width of 120 characters.
  - JavaDoc documentation rules specified by the guidelines must be followed.
  - Passing the mandatory tests is required before other tests are evaluated.
  - Standard error (System.err) may optionally be used for error messages, but standard streams must
   never be reassigned.
  - Submissions must not use System.exit(), Runtime.exit(), or similar termination methods when
  exiting the program.
  - The default (unnamed) package must not be used.
  - Unless otherwise stated, input must come from System.in and output must go to System.out.
  </adaptive_rules>

  <memories>
    - The document 'task.md' is the file for 'Abschlussaufgabe 1 — KastelScholar'.
    - The assignment 'Abschlussaufgabe 1 — KastelScholar' document version is '1.3'.
    - The assignment 'Abschlussaufgabe 1 — KastelScholar' is for the course 'Programmieren'.
    - The repository ProgrammingST22-Final1 is the SS 2022 final assignment named "KastelScholar".
    - ProgrammingST22-Final1 is required to be Checkstyle-conformant.
    - ProgrammingST22-Final1 uses Checkstyle compliance as a core constraint
    - ProgrammingST22-Final1 uses System.in for program input.
    - ProgrammingST22-Final1 uses System.out for program output.
    - ProgrammingST22-Final1 relates to an error message format where error lines begin with
  'Error,'
    - The 'written by' command in ProgrammingST22-Final1 enforces atomic validation: no duplicate
  authors; errors on duplicates or missing authors.
    - ProgrammingST22-Final1 requires error messages to begin with the prefix "Error,".
    - The assignment 'Abschlussaufgabe 1 — KastelScholar' specifies total points '20 Punkte'.
    - The assignment 'Abschlussaufgabe 1 — KastelScholar' is associated with the group 'Institute of
   Information Security and Dependability'.
    - The assignment 'Abschlussaufgabe 1 — KastelScholar' is for semester 'Sommersemester 2022'.
    - ProgrammingST22-Final1 relates to a 'quit' command that terminates the program
  </memories>
  <knowledge>
    - Violation of specially marked Checkstyle rules causes the submission to be awarded zero points
   automatically.
    - Bei `print bibliography` führt das Fehlen eines Publikationsidentifiers im System oder ein
  `invalid`-Eintrag dazu, dass nur eine Fehlermeldung ausgegeben wird und kein Literaturverzeichnis
  erstellt wird; mehrfach vorkommende Publikationen werden nur einmal ausgegeben.
    - Das Literaturverzeichnis ist eindeutig sortiert nach Eigenschaftspriorität: Nachname
  Erstautor, Vorname Erstautor, Nachname Zweitautor, Vorname Zweitautor, …, Titel, Jahr, eindeutiger
   Identifier; Veröffentlichungen mit nicht vorhandenem n-ten Autor liegen vor Veröffentlichungen
  mit existierendem n-tem Autor.
    - Mengenausgaben von Publikationen erfolgen zeilenweise, aufsteigend lexikografisch sortiert
  nach Identifier; bei leerer Menge erfolgt keine Ausgabe.
    - Eine Publikation hat einen eindeutigen Identifier (nur Kleinbuchstaben und Zahlen), einen
  Titel, ein Veröffentlichungsjahr und mindestens einen Autor.
    - Bei `written by` darf ein Autor nicht mehrmals zur selben Publikation hinzugefügt werden; bei
  doppelten Einträgen oder fehlenden Autoren wird keiner der übergebenen Autoren hinzugefügt und ein
   Fehler ausgegeben.
    - Veröffentlichungen können nur Veröffentlichungen mit einem echt früheren
  Veröffentlichungsdatum referenzieren; nicht sich selbst und nicht Publikationen im selben Jahr;
  eine Publikation kann dieselbe Publikation maximal einmal referenzieren.
    - Konferenzen sind durch Konferenzserie und Jahr eindeutig identifiziert.
    - Konferenzserien und Fachzeitschriften sind durch Typ (Serie oder Journal) und Namen eindeutig
  identifiziert.
    - In einem bestimmten Jahr findet maximal eine Konferenz einer Konferenzserie statt.
    - Schlüsselwörter übertragen sich automatisch: von Konferenzserien auf Konferenzen, von
  Konferenzen auf dort vorgestellte Artikel und von Journals auf darin veröffentlichte Artikel;
  doppelte Keywords werden nur einmal gezählt/erwähnt.
    - Die Groß- und Kleinschreibung von Zeichenfolgen ist relevant (case-sensitive).
    - Submit individual *.java files for task A with the corresponding folder structure.
    - Listen von Platzhaltern werden als `<list of Xs>` angegeben; eine Liste ist nie leer;
  Einzel-Element als `<X>`; weitere Elemente als `;<X>` angehängt.
    - Autoren sind durch Vor- und Nachname eindeutig identifiziert; Namen unterscheiden sich auch
  bei reiner Groß-/Kleinschreibungsänderung.
    - Für Gleitkommazahlen wird immer mit genau drei Nachkommastellen im Format `X.XXX` ausgegeben;
  als Trenner wird `.` verwendet; nach der dritten Stelle wird abgeschnitten (nicht gerundet).
  </knowledge>
  <entity_paths>
    - ProgrammingST22-Final1 USES Java SE 17: ProgrammingST22-Final1 uses Java SE 17 as its
  language/runtime.
    - ProgrammingST22-Final1 USES Checkstyle: ProgrammingST22-Final1 uses Checkstyle compliance as a
   core constraint
    - ProgrammingST22-Final1 USES System.in: ProgrammingST22-Final1 uses System.in for program
  input.
    - ProgrammingST22-Final1 USES System.out: ProgrammingST22-Final1 uses System.out for program
  output.
    - ProgrammingST22-Final1 RELATES_TO quit: In ProgrammingST22-Final1 the command 'quit'
  terminates the program.; ProgrammingST22-Final1 relates to a 'quit' command that terminates the
  program
    - ProgrammingST22-Final1 RELATES_TO Error message prefix 'Error,': ProgrammingST22-Final1
  requires error messages to begin with the prefix "Error,".
    - ProgrammingST22-Final1 RELATES_TO Checkstyle: ProgrammingST22-Final1 is required to be
  Checkstyle-conformant.
    - ProgrammingST22-Final1 RELATES_TO written by: The 'written by' command in
  ProgrammingST22-Final1 enforces atomic validation: no duplicate authors; errors on duplicates or
  missing authors.
    - ProgrammingST22-Final1 RELATES_TO KastelScholar: The repository ProgrammingST22-Final1 is the
  SS 2022 final assignment named "KastelScholar".
    - ProgrammingST22-Final1 RELATES_TO Error, prefix: ProgrammingST22-Final1 relates to an error
  message format where error lines begin with 'Error,'
    - print bibliography RELATES_TO failure on missing/invalid ids; deduplicate entries: Bei `print
  bibliography` führt das Fehlen eines Publikationsidentifiers im System oder ein `invalid`-Eintrag
  dazu, dass nur eine Fehlermeldung ausgegeben wird und kein Literaturverzeichnis erstellt wird;
  mehrfach vorkommende Publikationen werden nur einmal ausgegeben.
    - publications output RELATES_TO sorted by identifier lexicographically ascending:
  Mengenausgaben von Publikationen erfolgen zeilenweise, aufsteigend lexikografisch sortiert nach
  Identifier; bei leerer Menge erfolgt keine Ausgabe.
    - task.md RELATES_TO Abschlussaufgabe 1 — KastelScholar: task.md contains the header
  'Abschlussaufgabe 1 — KastelScholar' with metadata (course, semester, instructor, group, points,
  version).; The document 'task.md' is the file for 'Abschlussaufgabe 1 — KastelScholar'.
    - Abschlussaufgabe 1 — KastelScholar RELATES_TO Version 1.3: The assignment 'Abschlussaufgabe 1
  — KastelScholar' document version is '1.3'.
    - Abschlussaufgabe 1 — KastelScholar RELATES_TO Institute of Information Security and
  Dependability: The assignment 'Abschlussaufgabe 1 — KastelScholar' is associated with the group
  'Institute of Information Security and Dependability'.
    - Abschlussaufgabe 1 — KastelScholar RELATES_TO Sommersemester 2022: The assignment
  'Abschlussaufgabe 1 — KastelScholar' is for semester 'Sommersemester 2022'.
    - Abschlussaufgabe 1 — KastelScholar RELATES_TO Programmieren: The assignment 'Abschlussaufgabe
  1 — KastelScholar' is for the course 'Programmieren'.
    - Abschlussaufgabe 1 — KastelScholar RELATES_TO Prof. Dr.-Ing. Anne Koziolek: The assignment
  'Abschlussaufgabe 1 — KastelScholar' lists Prof. Dr.-Ing. Anne Koziolek as the instructor.
    - Abschlussaufgabe 1 — KastelScholar RELATES_TO 20 Punkte: The assignment 'Abschlussaufgabe 1 —
  KastelScholar' specifies total points '20 Punkte'.
    - task.md RELATES_TO Abschlussaufgabe 1 — KastelScholar: task.md contains the header
  'Abschlussaufgabe 1 — KastelScholar' with metadata (course, semester, instructor, group, points,
  version).; The document 'task.md' is the file for 'Abschlussaufgabe 1 — KastelScholar'.
    - Abschlussaufgabe 1 — KastelScholar RELATES_TO Version 1.3: The assignment 'Abschlussaufgabe 1
  — KastelScholar' document version is '1.3'.
  </entity_paths>
  <entity_matches>
    - ProgrammingST22-Final1 (score: 1.00) — Repository for the final project 'KastelScholar'
  assignment (SS2022).
    - print bibliography (score: 0.80) — Befehl zur Erstellung eines Literaturverzeichnisses
    - publications output (score: 0.79) — Ausgabeformat für Mengen von Publikationen
    - task.md (score: 0.75) — Assignment source file in the repository ProgrammingST22-Final1.
    - Abschlussaufgabe 1 — KastelScholar (score: 0.71) — Final assignment titled 'KastelScholar' for
   the course.
  </entity_matches>
  <insights>
    - Agent community around ProgrammingST22-Final1, Java SE 17, Checkstyle connects quit, Error
  message prefix 'Error,', written by. Relevant agent facts: ProgrammingST22-Final1 uses Java SE 17
  as its language/runtime.; In ProgrammingST22-Final1 the command 'quit' terminates the program.;
  ProgrammingST22-Final1 requires error messages to begin with the prefix "Error,".
    - Agent community around task.md, Abschlussaufgabe 1 — KastelScholar, Version 1.3 connects
  Programmieren, Prof. Dr.-Ing. Anne Koziolek, 20 Punkte. Relevant agent facts: task.md contains the
   header 'Abschlussaufgabe 1 — KastelScholar' with metadata (course, semester, instructor, group,
  points, version).; The document 'task.md' is the file for 'Abschlussaufgabe 1 — KastelScholar'.;
  The assignment 'Abschlussaufgabe 1 — KastelScholar' document version is '1.3'.
  </insights>

● adaptive-memory extension active (role=requirements, memorySession=20260723-122911-req) - type
  /memory-help. MCP tools registered (memory=true, backlog=true).







Changes    +0 -0
Duration   2m 42s
Tokens     ↑ 34.5k (1.3k cached) • ↓ 686 (291 reasoning)
[delivery:requirements] Turn 9/11 complete
[delivery:requirements] Turn 10/11: examples.md — segment 9/9 — Beispiele — Abschlussaufgabe 1 (KastelScholar)
● [adaptive-context] GET http://localhost:4444/api/agents/7af7809a-adce-4fa9-9609-fd61059de0ff/sessi
  ons/20260723-122911-req/context?input=Dokument%3A+examples.md%0ASegment%3A+9%2F9%0AAbschnitt%3A+Be
  ispiele+%E2%80%94+Abschlussaufgabe+1+%28KastelScholar%29%0A%0ALies+diesen+Abschnitt+sorgf%C3%A4lti
  g+und+behalte+den+Kontext.+Erstelle+noch+keinen+Backlog+und+noch+keine+Tasks.+Warte+damit+bis+zum+
  abschlie%C3%9Fenden+%2Ffinalize.%0A%0A%23+Beispiele+%E2%80%94+Abschlussaufgabe+1+%28KastelScholar%
  29%0A%0ADieses+Dokument+enth%C3%A4lt+die+in+der+Aufgabenstellung+verwendeten+Beispielinteraktionen
  +sowie+die+vollst%C3%A4ndigen+Beispielinteraktionen.+Die+Zeilennummern+und+die+Trennlinie+sind+kei
  n+Bestandteil+der+Benutzerschnittstelle%2C+sie+dienen+lediglich+zur+Orientierung.+Nutzereingaben+s
  ind+mit+dem+Zeichen+%60%3E%60+gefolgt+von+einem+Leerzeichen+gekennzeichnet%3B+diese+beiden+Zeichen
  +sind+nicht+Bestandteil+der+Eingabe.%0A%0A%23%23+1+Beispielinteraktionen+je+Befehl%0A%0A%23%23%23+
  1.1+%60quit%60%0A%0A%60%60%60%0A%3E+quit%0A%60%60%60%0A%0A%23%23%23+1.2+%60add+author%60%0A%0A%60%
  60%60%0A%3E+add+author+Eniola+Lowry%0A%3E+add+author+Richard+Rhinelander%0A%3E+add+author+Eniola+L
  owry%0AError%2C+author+with+same+name+already+added.%0A%3E+add+author+Shashi+Afolabi%0A%60%60%60%0
  A%0A%23%23%23+1.3+%60add+journal%60%0A%0A%60%60%60%0A%3E+add+journal+TSE%2CIEEE%0A%60%60%60%0A%0A%
  23%23%23+1.4+%60add+series%60%0A%0A%60%60%60%0A%3E+add+series+ICSA%0A%60%60%60%0A%0A%23%23%23+1.5+
  %60add+conference%60%0A%0A%60%60%60%0A%3E+add+conference+ICSA%2C2017%2CGothenburg%0A%3E+add+confer
  ence+QoSA%2C2016%2CVenice%0AError%2C+conference+series+not+found.%0A%60%60%60%0A%0A%23%23%23+1.6+%
  60add+article+to%60%0A%0A%60%60%60%0A%3E+add+article+to+series+ICSA%3Arr2017%2C2017%2CComponents+s
  till+have+no+interfaces%0A%3E+add+article+to+journal+TSE%3Amvp2015%2C2015%2CModel+Consistency%0A%3
  E+add+article+to+journal+TSE%3Amvp2016%2C2016%2CBetter+Model+Consistency%0A%60%60%60%0A%0A%23%23%2
  3+1.7+%60written+by%60%0A%0A%60%60%60%0A%3E+written+by+rr2017%2CRichard+Rhinelander%0A%3E+written+
  by+nngrade%2CEniola+Lowry%0A%3E+written+by+mvp2016%2CShashi+Afolabi%3BEniola+Lowry%0A%3E+written+b
  y+mvp2015%2CShashi+Afolabi%3BRichard+Rhinelander%0A%60%60%60%0A%0A%23%23%23+1.8+%60cites%60%0A%0A%
  60%60%60%0A%3E+cites+rr2017%2Cmvp2016%0A%3E+cites+rr2017%2Csommerville2015%0A%3E+cites+rr2017%2Cmv
  p2015%0A%3E+cites+rr2017%2Crr2017%0AError%2C+publications+cannot+cite+themselves%0A%60%60%60%0A%0A
  %23%23%23+1.9+%60add+keywords+to%60%0A%0A%60%60%60%0A%3E+add+keywords+to+sommerville2015%3Aswe%3Br
  eference%3Bjava%3Boop%0A%3E+add+keywords+to+rr2017%3Amdsd%3Bcomponents%3Bjava%0A%3E+add+keywords+t
  o+mvp2016%3Amdsd%3Bjava%3Boop%0A%3E+add+keywords+to+journal+TSE%3Aswe%0A%3E+add+keywords+to+series
  +ICPE%3Aswe%3Bperformance%0A%60%60%60%0A%0A%23%23%23+1.10+%60all+publications%60%0A%0A%60%60%60%0A
  %3E+all+publications%0Aky2017a%0Aky2017b%0Amk2017%0A%60%60%60%0A%0A%23%23%23+1.11+%60list+invalid+
  publications%60%0A%0A%60%60%60%0A%3E+list+invalid+publications%0Amk2017%0A%60%60%60%0A%0A%23%23%23
  +1.12+%60publications+by%60%0A%0A%60%60%60%0A%3E+publications+by+Eniola+Lowry%0Amvp2015%0Amvp2016%
  0Anngrade%0A%3E+publications+by+unnamed+author%3BEniola+Lowry%0AError%2C+author+%22unnamed+author%
  22+not+found.%0A%3E+publications+by+unnamed+author%0AError%2C+author+%22unnamed+author%22+not+foun
  d.%0A%60%60%60%0A%0A%23%23%23+1.13+%60in+proceedings%60%0A%0A%60%60%60%0A%3E+in+proceedings+ICSA%2
  C2017%0Arr2017%0A%3E+in+proceedings+QoSA%2C2016%0A%3E+in+proceedings+uksa%2C2016%0AError%2C+series
  +%22uksa%22+not+found.%0A%3E+in+proceedings+QoSA%2C2015%0Abspblication2015a%0Abspblication2015b%0A
  %60%60%60%0A%0A%23%23%23+1.14+%60find+by+keywords%60%0A%0A%60%60%60%0A%3E+find+by+keywords+swe%3Br
  eference%0Asomerville2015%0A%3E+find+by+keywords+swe%3Breference%3Btrivial%0A%3E+find+by+keywords+
  mdsd%0Amvp2016%0Arr2016%0A%60%60%60%0A%0A%23%23%23+1.15+%60jaccard%60%0A%0A%60%60%60%0A%3E+jaccard
  +a%3Bb%3Bc+d%3Be%0A0.000%0A%3E+jaccard+a%3Bb%3Bc%3Bd%3Be+b%3Bc%3Bd%3Be%3Bf%0A0.666%0A%60%60%60%0A%
  0A%23%23%23+1.16+%60similarity%60%0A%0A%60%60%60%0A%3E+similarity+rr2017%2Cmvp2016%0A0.500%0A%60%6
  0%60%0A%0A%23%23%23+1.17+%60g-index%60%0A%0A%60%60%60%0A%3E+g-index+Jun+Martz%0A3%0A%3E+g-index+No
  or+Vilhjalmsson%0A7%0A%60%60%60%0A%0A%23%23%23+1.18+%60coauthors+of%60%0A%0A%60%60%60%0A%3E+coauth
  ors+of+Shashi+Afolabi%0AEniola+Lowry%0ARichard+Rhinelander%0A%3E+coauthors+of+Eniola+Lowry%0AShash
  i+Afolabi%0A%60%60%60%0A%0A%23%23%23+1.19+%60foreign+citations+of%60%0A%0A%60%60%60%0A%3E+foreign+
  citations+of+Author+A%0Ap3%0A%60%60%60%0A%0A%23%23%23+1.20+%60print+bibliography%60%0A%0A%60%60%60
  %0A%3E+print+bibliography+acm%3Amvp2016%3Bmvp2015%3Brr2017%0A%5B1%5D+Shashi+Afolabi+and+Eniola+Low
  ry.+2016.+Better+Model+Consistency.+TSE.%0A%5B2%5D+Shashi+Afolabi+and+Richard+Rhinelander.+2015.+M
  odel+Consistency.+TSE.%0A%5B3%5D+Richard+Rhinelander.+Components+still+have+no+interfaces.+In+Proc
  eedings+of+ICSA%2C+2017%2C+Gothenburg.%0A%3E+print+bibliography+apa%3Arr2017%3Bmvp2016%3Bmvp2015%0
  AAfolabi%2C+S.%2C+%26+Lowry%2C+E.+%282016%29.+Better+Model+Consistency.+TSE.%0AAfolabi%2C+S.%2C+%2
  6+Rhinelander%2C+R.+%282015%29.+Model+Consistency.+TSE.%0ARhinelander%2C+R.+%282017%29.+Components
  +still+have+no+interfaces.+ICSA%2C+Gothenburg.%0A%60%60%60%0A%0A%23%23+2+%C3%96ffentliche+verpflic
  htende+Beispielinteraktion%0A%0AErste+%C3%B6ffentliche+verpflichtende+Beispielinteraktion%2C+welch
  e+die+Mindestanforderung+f%C3%BCr+eine+Bewertung+vorsieht.%0A%0A%60%60%60%0A%3E+add+series+ICSME%0
  A%3E+add+keywords+to+series+ICSME%3Asoftware%3Bmaintenance%3Barchitecture%0A%3E+add+conference+ICS
  ME%2C2022%2CLimassol%0A%3E+add+journal+TACO%2CACM%0A%3E+add+author+Max+Musterperson%0A%3E+add+auth
  or+Erika+Informatik%0A%3E+add+article+to+series+ICSME%3Aevo22%2C2022%2CSoftware+Evolution%0A%3E+wr
  itten+by+evo22%2CErika+Informatik%0A%3E+all+publications%0Aevo22%0A%3E+add+article+to+series+ICSME
  %3Acomponent2022%2C2022%2CSorting+Components%0A%3E+written+by+component2022%2CMax+Musterperson%0A%
  3E+add+article+to+journal+TACO%3Atacotaco%2C2012%2CGreat+Architecture%0A%3E+written+by+tacotaco%2C
  Erika+Informatik%3BMax+Musterperson%0A%3E+all+publications%0Acomponent2022%0Aevo22%0Atacotaco%0A%3
  E+cites+evo22%2Ctacotaco%0A%3E+print+bibliography+acm%3Aevo22%3Btacotaco%0A%5B1%5D+Erika+Informati
  k.+Software+Evolution.+In+Proceedings+of+ICSME%2C+2022%2C+Limassol.%0A%5B2%5D+Erika+Informatik+and
  +Max+Musterperson.+2012.+Great+Architecture.+TACO.%0A%3E+quit%0A%60%60%60%0A%0A%23%23+3+%C3%96ffen
  tliche+optionale+Beispielinteraktion%0A%0AZweite+%C3%B6ffentliche+optionale+Beispielinteraktion%2C
  +welche+f%C3%BCr+die+weitere+Bewertung+herangezogen+wird%2C+jedoch+%C3%BCber+die+Mindestanforderun
  g+hinausgeht.%0A%0A%60%60%60%0A%3E+add+author+Eniola+Lowry%0A%3E+add+author+Richard+Rhinelander%0A
  %3E+add+author+Eniola+Lowry%0AError%2C+author+with+same+name+already+added.%0A%3E+add+author+Shash
  i+Afolabi%0A%3E+add+journal+TSE%2CIEEE%0A%3E+add+series+ICSA%0A%3E+add+conference+ICSA%2C2017%2CGo
  thenburg%0A%3E+add+conference+QoSA%2C2016%2CVenice%0AError%2C+conference+series+not+found.%0A%3E+a
  dd+article+to+series+ICSA%3Arr2017%2C2017%2CComponents+still+have+no+interfaces%0A%3E+add+article+
  to+journal+TSE%3Amvp2015%2C2015%2CModel+Consistency%0A%3E+add+article+to+journal+TSE%3Amvp2016%2C2
  016%2CBetter+Model+Consistency%0A%3E+written+by+rr2017%2CRichard+Rhinelander%0A%3E+written+by+mvp2
  016%2CShashi+Afolabi%3BEniola+Lowry%0A%3E+written+by+mvp2015%2CShashi+Afolabi%3BRichard+Rhinelande
  r%0A%3E+cites+rr2017%2Cmvp2016%0A%3E+cites+rr2017%2Cmvp2015%0A%3E+cites+rr2017%2Crr2017%0AError%2C
  +publications+cannot+cite+themselves%0A%3E+add+keywords+to+rr2017%3Amdsd%3Bcomponents%3Bjava%0A%3E
  +add+keywords+to+mvp2016%3Amdsd%3Bjava%3Boop%0A%3E+add+keywords+to+journal+TSE%3Aswe%0A%3E+add+key
  words+to+series+ICSA%3Amdsd%0A%3E+all+publications%0Amvp2015%0Amvp2016%0Arr2017%0A%3E+publications
  +by+Eniola+Lowry%0Amvp2016%0A%3E+publications+by+unnamed+author%3BEniola+Lowry%0AError%2C+author+%
  22unnamed+author%22+not+found.%0A%3E+publications+by+unnamed+author%0AError%2C+author+%22unnamed+a
  uthor%22+not+found.%0A%3E+in+proceedings+ICSA%2C2017%0Arr2017%0A%3E+in+proceedings+QoSA%2C2016+%0A
  Error%2C+series+%22QoSA%22+not+found.%0A%3E+in+proceedings+uksa%2C2016%0AError%2C+series+%22uksa%2
  2+not+found.%0A%3E+find+by+keywords+swe%3Breference%3Btrivial%0A%3E+find+by+keywords+mdsd%0Amvp201
  6%0Arr2017%0A%3E+jaccard+a%3Bb%3Bc+d%3Be%0A0.000%0A%3E+jaccard+a%3Bb%3Bc%3Bd%3Be+b%3Bc%3Bd%3Be%3Bf
  %0A0.666%0A%3E+similarity+rr2017%2Cmvp2016%0A0.400%0A%3E+g-index+Eniola+Lowry%0A1%0A%3E+coauthors+
  of+Shashi+Afolabi%0AEniola+Lowry%0ARichard+Rhinelander%0A%3E+coauthors+of+Eniola+Lowry%0AShashi+Af
  olabi%0A%3E+add+article+to+journal+TSE%3Aabc2017%2C2017%2CClasses+Methods+and+More%0A%3E+list+inva
  lid+publications%0Aabc2017%0A%3E+add+author+Doctor+Meta%0A%3E+written+by+abc2017%2CDoctor+Meta%0A%
  3E+cites+abc2017%2Cmvp2016%0A%3E+foreign+citations+of+Eniola+Lowry%0Aabc2017%0Arr2017%0A%3E+print+
  bibliography+acm%3Amvp2016%3Bmvp2015%3Brr2017%0A%5B1%5D+Shashi+Afolabi+and+Eniola+Lowry.+2016.+Bet
  ter+Model+Consistency.+TSE.%0A%5B2%5D+Shashi+Afolabi+and+Richard+Rhinelander.+2015.+Model+Consiste
  ncy.+TSE.%0A%5B3%5D+Richard+Rhinelander.+Components+still+have+no+interfaces.+In+Proceedings+of+IC
  SA%2C+2017%2C+Gothenburg.%0A%3E+print+bibliography+apa%3Arr2017%3Bmvp2016%3Bmvp2015%0AAfolabi%2C+S
  .%2C+%26+Lowry%2C+E.+%282016%29.+Better+Model+Consistency.+TSE.%0AAfolabi%2C+S.%2C+%26+Rhinelander
  %2C+R.+%282015%29.+Model+Consistency.+TSE.%0ARhinelander%2C+R.+%282017%29.+Components+still+have+n
  o+interfaces.+ICSA%2C+Gothenburg.%0A%3E+quit%0A%60%60%60&project=ProgrammingST22-Final1&role=requi
  rements&task=Understand+the+st22final01+and+create+its+backlog+when+prompted.&timestamp=2026-07-23
  T10%3A34%3A30.764Z&domain=st22final01

● adaptive-memory extension active (role=requirements, memorySession=20260723-122911-req) - type
  /memory-help. MCP tools registered (memory=true, backlog=true).







Changes    +0 -0
Duration   3m 17s
Tokens     ↑ 34.6k (1.3k cached) • ↓ 1.6k (1.0k reasoning)
[delivery:requirements] Turn 10/11 complete
[delivery:requirements] Turn 11/11: Finalize backlog creation
● [adaptive-context] GET http://localhost:4444/api/agents/7af7809a-adce-4fa9-9609-fd61059de0ff/sessi
  ons/20260723-122911-req/context?input=%2Ffinalize&project=ProgrammingST22-Final1&role=requirements
  &task=Understand+the+st22final01+and+create+its+backlog+when+prompted.&timestamp=2026-07-23T10%3A3
  5%3A06.003Z&domain=st22final01

● Injected adaptive memory context into system prompt

● <adaptive_rules>
  - Program code must be written in English; comments may be in English or German.
  - Passing the mandatory tests is required before other tests are evaluated.
  - After printing an error message, the program must continue and wait for the next input.
  - Students should plan time for the first submission because mandatory tests must be passed first.
  - A submission will be automatically scored zero if any of the mandatory rules in these guidelines
   are violated.
  - All other Checkstyle rules must be observed.
  - All solutions must use Java SE 17.
  - All submitted code must compile without errors.
  - All variable, method, and package naming rules from the guidelines must be followed.
  - All whitespace rules specified by the guidelines must be followed.
  - Appropriate visibility modifiers must be chosen for classes, methods, and attributes.
  - Code must not exceed a maximum line width of 120 characters.
  - JavaDoc documentation rules specified by the guidelines must be followed.
  - Standard error (System.err) may optionally be used for error messages, but standard streams must
   never be reassigned.
  - Submissions must not use System.exit(), Runtime.exit(), or similar termination methods when
  exiting the program.
  - The default (unnamed) package must not be used.
  - Unless otherwise stated, input must come from System.in and output must go to System.out.
  - Interactive user interface outputs must match the specification exactly, including case, spaces,
   and line breaks.
  - Only produce the information specified by the task; do not print any additional information.
  - Error messages should indicate why an input was rejected.
  - Every error message must begin with 'Error,' and must not contain special characters such as
  line breaks or umlauts.
  </adaptive_rules>

  <memories>
    - The repository ProgrammingST22-Final1 is the SS 2022 final assignment named "KastelScholar".
    - ProgrammingST22-Final1 is required to be Checkstyle-conformant.
    - The repository ProgrammingST22-Final1 relates to the assignment 'Abschlussaufgabe 1 —
  KastelScholar'.
    - ProgrammingST22-Final1 relates to KastelScholar, the literature/citation management
  assignment.
    - ProgrammingST22-Final1 relates to a 'quit' command that terminates the program
  </memories>
  <knowledge>
    - Der parameterlose Befehl `quit` beendet das Programm vollständig.
    - Submit individual *.java files for task A with the corresponding folder structure.
  </knowledge>
  <entity_paths>
    - ProgrammingST22-Final1 USES Java SE 17: ProgrammingST22-Final1 uses Java SE 17 as its
  language/runtime.
    - ProgrammingST22-Final1 USES Checkstyle: ProgrammingST22-Final1 uses Checkstyle compliance as a
   core constraint
    - ProgrammingST22-Final1 USES System.in: ProgrammingST22-Final1 uses System.in for program
  input.
    - ProgrammingST22-Final1 USES System.out: ProgrammingST22-Final1 uses System.out for program
  output.
    - ProgrammingST22-Final1 RELATES_TO quit: In ProgrammingST22-Final1 the command 'quit'
  terminates the program.; ProgrammingST22-Final1 relates to a 'quit' command that terminates the
  program
    - ProgrammingST22-Final1 RELATES_TO Error message prefix 'Error,': ProgrammingST22-Final1
  requires error messages to begin with the prefix "Error,".
    - ProgrammingST22-Final1 RELATES_TO Checkstyle: ProgrammingST22-Final1 is required to be
  Checkstyle-conformant.
    - ProgrammingST22-Final1 RELATES_TO written by: The 'written by' command in
  ProgrammingST22-Final1 enforces atomic validation: no duplicate authors; errors on duplicates or
  missing authors.
    - ProgrammingST22-Final1 RELATES_TO KastelScholar: The repository ProgrammingST22-Final1 is the
  SS 2022 final assignment named "KastelScholar".; ProgrammingST22-Final1 relates to KastelScholar,
  the literature/citation management assignment.; ProgrammingST22-Final1 specifies implementing the
  KastelScholar literature and citation management system
    - ProgrammingST22-Final1 RELATES_TO Error, prefix: ProgrammingST22-Final1 relates to an error
  message format where error lines begin with 'Error,'
    - ProgrammingST22-Final1 RELATES_TO Abschlussaufgabe 1 — KastelScholar: The repository
  ProgrammingST22-Final1 relates to the assignment 'Abschlussaufgabe 1 — KastelScholar'.
    - ProgrammingST22-Final1 RELATES_TO Literature and citation management: ProgrammingST22-Final1
  implements a literature-and-citation management system (KastelScholar) that manages a collection
  of documents of different types, supports searching by criteria, computes derived metrics for
  authors/documents, and generates a bibliography in a user-chosen format.
    - ProgrammingST22-Final1 RELATES_TO Author uniqueness and ordering: ProgrammingST22-Final1
  defines authors as uniquely identified by the combination of first name and last name
  (case-sensitive); author order in a publication is the order in which authors are added and
  determines positions like first author.
    - ProgrammingST22-Final1 RELATES_TO Article (Publication type): ProgrammingST22-Final1 models a
  Publication type 'Article' that requires an id (lowercase letters and digits), a title, a
  publication year, and at least one author; each article has exactly one publication venue.
    - ProgrammingST22-Final1 RELATES_TO Citation styles 'acm' and 'apa': ProgrammingST22-Final1
  requires implementing two bibliography styles 'acm' and 'apa' with the specified simplified
  formatting templates for conference and journal articles.
    - ProgrammingST22-Final1 RELATES_TO Bibliography sorting order: ProgrammingST22-Final1 specifies
   a deterministic bibliography sorting order comparing first-author last name, first name, second
  author names, …, then title, year, and finally publication identifier; missing n-th author sorts
  before present n-th author.
    - ProgrammingST22-Final1 RELATES_TO Reference year restriction: ProgrammingST22-Final1 allows
  publications to reference only publications with a strictly earlier publication year.
    - ProgrammingST22-Final1 RELATES_TO Keyword rules and inheritance: ProgrammingST22-Final1
  enforces keywords to be lowercase letters only, prohibits special characters, and implements
  keyword inheritance (series→conference→article and journal→article) with duplicates deduplicated.
    - ProgrammingST22-Final1 RELATES_TO Case-sensitive uniqueness rule for identifiers:
  ProgrammingST22-Final1 requires entity identifiers to be case-sensitive and forbids creating an
  entity with an already-used unique identifier (identifiers distinguish by case).
    - ProgrammingST22-Final1 RELATES_TO Conference/Series/Journal model: ProgrammingST22-Final1
  models ConferenceSeries, Conference, and Journal: series and journals are uniquely identified by
  type+name; a Conference is identified by its series and year; a Journal always has exactly one
  publisher; at most one conference per series per year.
  </entity_paths>
  <entity_matches>
    - ProgrammingST22-Final1 (score: 1.00) — SS 2022 final assignment repository 'KastelScholar'.
    - task.md (score: 0.75) — Assignment document file containing the task text (segment 1/9).
    - quit (score: 0.69) — Literal command that causes the program to exit.
    - Abschlussaufgabe 1 — KastelScholar (score: 0.69) — Title of the final assignment.
    - KastelScholar (score: 0.67) — Literature and citation management system named in the
  assignment.
  </entity_matches>
  <insights>
    - Agent community around ProgrammingST22-Final1, quit, KastelScholar connects Error message
  prefix 'Error,', System.in, System.out, written by. Relevant agent facts: ProgrammingST22-Final1
  uses Java SE 17 as its language/runtime.; In ProgrammingST22-Final1 the command 'quit' terminates
  the program.; ProgrammingST22-Final1 requires error messages to begin with the prefix "Error,".
    - Agent community around task.md, Abschlussaufgabe 1 — KastelScholar, Version 1.3 connects
  Programmieren, Prof. Dr.-Ing. Anne Koziolek, 20 Punkte. Relevant agent facts: task.md contains the
   header 'Abschlussaufgabe 1 — KastelScholar' with metadata (course, semester, instructor, group,
  points, version).; The document 'task.md' is the file for 'Abschlussaufgabe 1 — KastelScholar'.;
  The file task.md contains the assignment 'Abschlussaufgabe 1 — KastelScholar'
  </insights>

● adaptive-memory extension active (role=requirements, memorySession=20260723-122911-req) - type
  /memory-help. MCP tools registered (memory=true, backlog=true).



● Create Backlog (MCP: agentic-memory) · Abschlussaufgabe 1 (SS 2022): Ein kommandozeilenbasiertes …
  └ Backlog "KastelScholar — Literatur- und Zitatverwaltung" created with id: 7dc...



● Create Tasks (MCP: agentic-memory) · backlogId: "7dc5e6b6-3102-4551-887c-5beeffea252d", tasks: [2…
  └ Output too large to read at once (23.8 KB). Saved to: /var/folders/fs/p8fxyq6...



● Get Tasks (MCP: agentic-memory) · backlogId: "7dc5e6b6-3102-4551-887c-5beeffea252d"
  └ Output too large to read at once (42.5 KB). Saved to: /var/folders/fs/p8fxyq6...

● Read 1784803021127-copilot-tool-output-1v2vhz.txt
  │ /var/folders/fs/p8fxyq611_d7_glm0yth2st80000gn/T/1784803021127-copilot-tool-output-1v2vhz.txt
  └ L1:80 (80 lines read)

● [turn-persistence] [turn-persistence] turn_end SKIPPED ai: no assistant message with content







Changes    +0 -0
Duration   5m 28s
Tokens     ↑ 215.2k (172.2k cached) • ↓ 8.7k (2.6k reasoning)
[delivery:requirements] Turn 11/11 complete
[delivery:requirements] Exercise requirements stream complete — advancing to backlog discovery
[delivery] Phase B: Backlog discovery
[delivery] Using backlog: "KastelScholar — Literatur- und Zitatverwaltung" (7dc5e6b6-3102-4551-887c-5beeffea252d)
[delivery] Backlog: "KastelScholar — Literatur- und Zitatverwaltung" (7dc5e6b6-3102-4551-887c-5beeffea252d)

[delivery] Phase C: Coding

● [adaptive-context] GET
  http://localhost:4444/api/agents/7af7809a-adce-4fa9-9609-fd61059de0ff/sessions/20260723-122911-cod
  ing/context?input=Implement+%22KastelScholar+%E2%80%94+Literatur-+und+Zitatverwaltung%22+backlog%3
  A+Project+scaffold+and+quit+command%3B+Domain+model+entities%3B+In-memory+data+store%3B+Command+pa
  rser+infrastructure%3B+Add+author%2C+add+journal%2C+add+series+commands%3B+Add+conference+command%
  3B+Add+article+to+command%3B+Written+by+command%3B+Cites+command%3B+Add+keywords+to+command%3B+Lis
  t+invalid+publications+command%3B+All+publications+command%3B+Publications+by+command%3B+In+procee
  dings+command%3B+Find+by+keywords+command%3B+Jaccard+command%3B+Similarity+command%3B+G-index+comm
  and%3B+Coauthors+of+command%3B+Foreign+citations+of+command%3B+Print+bibliography+command%3B+Valid
  ation%3A+mandatory+example+interaction+and+Checkstyle+compliance&project=ProgrammingST22-Final1&ro
  le=coding&task=Implement+backlog+%22KastelScholar+%E2%80%94+Literatur-+und+Zitatverwaltung%22+in+t
  he+selected+exercise+repository.&timestamp=2026-07-23T10%3A37%3A16.443Z&domain=st22final01

● Injected adaptive memory context into system prompt

● <adaptive_rules>
  - Program code must be written in English; comments may be in English or German.
  - Do not include personal data other than your u-Kürzel; the JavaDoc @author tag must contain only
   the u-Kürzel.
  - Interactive user interface outputs must match the specification exactly, including case, spaces,
   and line breaks.
  - Only produce the information specified by the task; do not print any additional information.
  - Students should plan time for the first submission because mandatory tests must be passed first.
  - After printing an error message, the program must continue and wait for the next input.
  - Passing the mandatory tests is required before other tests are evaluated.
  - A submission will be automatically scored zero if any of the mandatory rules in these guidelines
   are violated.
  - All other Checkstyle rules must be observed.
  - All solutions must use Java SE 17.
  - All submitted code must compile without errors.
  - All variable, method, and package naming rules from the guidelines must be followed.
  - All whitespace rules specified by the guidelines must be followed.
  - Appropriate visibility modifiers must be chosen for classes, methods, and attributes.
  - Code must not exceed a maximum line width of 120 characters.
  - JavaDoc documentation rules specified by the guidelines must be followed.
  - Standard error (System.err) may optionally be used for error messages, but standard streams must
   never be reassigned.
  - Submissions must not use System.exit(), Runtime.exit(), or similar termination methods when
  exiting the program.
  - The default (unnamed) package must not be used.
  - Unless otherwise stated, input must come from System.in and output must go to System.out.
  </adaptive_rules>

  <memories>
    - ProgrammingST22-Final1 specifies implementing the KastelScholar literature and citation
  management system
    - ProgrammingST22-Final1 relates to KastelScholar, the literature/citation management
  assignment.
    - The repository ProgrammingST22-Final1 relates to the assignment 'Abschlussaufgabe 1 —
  KastelScholar'.
    - The repository ProgrammingST22-Final1 is the SS 2022 final assignment named "KastelScholar".
    - ProgrammingST22-Final1 implements a literature-and-citation management system (KastelScholar)
  that manages a collection of documents of different types, supports searching by criteria,
  computes derived metrics for authors/documents, and generates a bibliography in a user-chosen
  format.
    - The assignment 'Abschlussaufgabe 1 — KastelScholar' is for the course 'Programmieren'.
    - ProgrammingST22-Final1 defines a CLI command set including data commands (quit, add author,
  add journal, add series, add conference, add article to, written by, cites, add keywords to) and
  query commands (all publications, list invalid publications, publications by, in proceedings, find
   by keywords, jaccard, similarity, g-index, coauthors of, foreign citations of, print
  bibliography).
    - ProgrammingST22-Final1 is described with real-world analogues: CiteSeerX, Google Scholar,
  BibTeX, JabRef, and Citavi are given as similar systems/software.
  </memories>
  <knowledge>
    - Violation of specially marked Checkstyle rules causes the submission to be awarded zero points
   automatically.
  </knowledge>
  <entity_paths>
    - ProgrammingST22-Final1 USES Java SE 17: ProgrammingST22-Final1 uses Java SE 17 as its
  language/runtime.
    - ProgrammingST22-Final1 USES Checkstyle: ProgrammingST22-Final1 uses Checkstyle compliance as a
   core constraint
    - ProgrammingST22-Final1 USES System.in: ProgrammingST22-Final1 uses System.in for program
  input.
    - ProgrammingST22-Final1 USES System.out: ProgrammingST22-Final1 uses System.out for program
  output.
    - ProgrammingST22-Final1 USES System.err: ProgrammingST22-Final1 may optionally use System.err
  for error messages.
    - ProgrammingST22-Final1 RELATES_TO Case-sensitive unique identifier rule:
  ProgrammingST22-Final1 enforces case-sensitive uniqueness for entity identifiers and must error on
   duplicate creation.
    - ProgrammingST22-Final1 RELATES_TO quit: In ProgrammingST22-Final1 the command 'quit'
  terminates the program.; ProgrammingST22-Final1 relates to a 'quit' command that terminates the
  program
    - ProgrammingST22-Final1 RELATES_TO Error message prefix 'Error,': ProgrammingST22-Final1
  requires error messages to begin with the prefix "Error,".
    - ProgrammingST22-Final1 RELATES_TO Checkstyle: ProgrammingST22-Final1 is required to be
  Checkstyle-conformant.
    - ProgrammingST22-Final1 RELATES_TO written by: The 'written by' command in
  ProgrammingST22-Final1 enforces atomic validation: no duplicate authors; errors on duplicates or
  missing authors.
    - ProgrammingST22-Final1 RELATES_TO KastelScholar: The repository ProgrammingST22-Final1 is the
  SS 2022 final assignment named "KastelScholar".; ProgrammingST22-Final1 relates to KastelScholar,
  the literature/citation management assignment.; ProgrammingST22-Final1 specifies implementing the
  KastelScholar literature and citation management system
    - ProgrammingST22-Final1 RELATES_TO Error, prefix: ProgrammingST22-Final1 relates to an error
  message format where error lines begin with 'Error,'
    - ProgrammingST22-Final1 RELATES_TO Abschlussaufgabe 1 — KastelScholar: The repository
  ProgrammingST22-Final1 relates to the assignment 'Abschlussaufgabe 1 — KastelScholar'.
    - ProgrammingST22-Final1 RELATES_TO BibTeX: ProgrammingST22-Final1 is conceptually related to
  existing systems: CiteSeerX, Google Scholar, BibTeX, JabRef, Citavi
    - ProgrammingST22-Final1 RELATES_TO Citavi: ProgrammingST22-Final1 is conceptually related to
  existing systems: CiteSeerX, Google Scholar, BibTeX, JabRef, Citavi
    - ProgrammingST22-Final1 RELATES_TO CiteSeerX: ProgrammingST22-Final1 is conceptually related to
   existing systems: CiteSeerX, Google Scholar, BibTeX, JabRef, Citavi
    - ProgrammingST22-Final1 RELATES_TO Google Scholar: ProgrammingST22-Final1 is conceptually
  related to existing systems: CiteSeerX, Google Scholar, BibTeX, JabRef, Citavi
    - ProgrammingST22-Final1 RELATES_TO JabRef: ProgrammingST22-Final1 is conceptually related to
  existing systems: CiteSeerX, Google Scholar, BibTeX, JabRef, Citavi
    - ProgrammingST22-Final1 RELATES_TO Literature and citation management: ProgrammingST22-Final1
  implements a literature-and-citation management system (KastelScholar) that manages a collection
  of documents of different types, supports searching by criteria, computes derived metrics for
  authors/documents, and generates a bibliography in a user-chosen format.
    - ProgrammingST22-Final1 RELATES_TO Author uniqueness and ordering: ProgrammingST22-Final1
  defines authors as uniquely identified by the combination of first name and last name
  (case-sensitive); author order in a publication is the order in which authors are added and
  determines positions like first author.
  </entity_paths>
  <entity_matches>
    - ProgrammingST22-Final1 (score: 1.00) — SS 2022 final assignment 'KastelScholar' codebase.
    - Abschlussaufgabe 1 — KastelScholar metadata (score: 0.80) — Assignment metadata:
  Programmieren; Sommersemester 2022; Prof. Anne Koziolek; Institute of Information Security; 20
  points; v1.3
    - Abschlussaufgabe 1 — KastelScholar (score: 0.80) — Assignment title and description stored in
  task.md.
    - KastelScholar (score: 0.78) — Literature and citation management system named in the
  assignment.
    - Literature and citation management (score: 0.75) — Manages documents, supports search,
  metrics, and bibliography generation
  </entity_matches>
  <insights>
    - Agent community around ProgrammingST22-Final1, Literature and citation management, Java SE 17
  connects quit, Error message prefix 'Error,', System.out, written by. Relevant agent facts:
  ProgrammingST22-Final1 enforces case-sensitive uniqueness for entity identifiers and must error on
   duplicate creation.; ProgrammingST22-Final1 defines a 'Datenbestand' command category for adding,
   modifying, and deleting entities and relationships.; ProgrammingST22-Final1 defines an 'Anfragen'
   command category for querying entity information and listing entities by properties.
    - Agent community around Abschlussaufgabe 1 — KastelScholar metadata, Angle-bracket
  placeholders, Institute of Information Security and Dependability connects Example interactions
  requirement, Case-sensitivity rule, Literature sorting order, Reference constraint. Relevant agent
   facts: task.md defines `<author>` as `<firstname> <lastname>` and restricts `<firstname>` and
  `<lastname>` to strings without spaces, line breaks, commas, or semicolons.; task.md requires
  `<float>` to be printed with exactly three decimal places `X.XXX`, using `.` as separator and
  truncated (not rounded); values ≤ 10^6.; task.md defines `<bibliography>` as the output of a
  sorted bibliography, one entry per line, formatted according to the chosen style.
    - Agent community around Abschlussaufgabe 1 — KastelScholar, BibTeX, Citavi connects Version
  1.3, 20 Punkte, JabRef. Relevant agent facts: task.md contains the header 'Abschlussaufgabe 1 —
  KastelScholar' with metadata (course, semester, instructor, group, points, version).; The document
   'task.md' is the file for 'Abschlussaufgabe 1 — KastelScholar'.; The assignment 'Abschlussaufgabe
   1 — KastelScholar' document version is '1.3'.
    - Agent community around KastelScholar, Literature collection management (heterogeneous
  documents), Bibliography generation (user-chosen format) connects Bibliography generation,
  CiteSeer^X; Google Scholar; BibTeX; JabRef; Citavi, Literature collection with documents of
  different types. Relevant agent facts: The repository ProgrammingST22-Final1 is the SS 2022 final
  assignment named "KastelScholar".; KastelScholar manages a literature collection containing
  documents of different types.; ProgrammingST22-Final1 relates to KastelScholar, the
  literature/citation management assignment.
    - Agent community around Sommersemester 2022, Programmieren, Prof. Dr.-Ing. Anne Koziolek.
  Relevant agent facts: The assignment 'Abschlussaufgabe 1 — KastelScholar' is for semester
  'Sommersemester 2022'.; The assignment is in semester 'Sommersemester 2022'.; The assignment
  'Abschlussaufgabe 1 — KastelScholar' is for the course 'Programmieren'.
  </insights>

● adaptive-memory extension active (role=coding, memorySession=20260723-122911-coding) - type
  /memory-help. MCP tools registered (memory=true, backlog=true).



✗ Get Scratchpad (MCP: agentic-memory) · sessionId: "c279f40f-3a65-4d2c-b651-f88e44a8aee2"
  └ MCP server 'agentic-memory': Forbidden.

● Claim Next Task (MCP: agentic-memory) · backlogId: "7dc5e6b6-3102-4551-887c-5beeffea252d"
  └ Claimed task "Project scaffold and quit command" (7d257aa2-a677-47cd-8cf1-0cd...



● List directory .
  └ 14 files found

● Read task.md
  └ 1 line read

● List directory src
  └ 1 file found

● Read pom.xml
  └ 32 lines read

● [turn-persistence] [turn-persistence] turn_end SKIPPED ai: no assistant message with content

● Read guidelines.md
  └ 97 lines read

● Search (glob)
  │ "src/**/*"
  └ 1 file found

● Search (glob)
  │ "**/*.java"
  └ No matches found

● [turn-persistence] [turn-persistence] turn_end SKIPPED ai: no assistant message with content



● Read task.md
  └ L1:100 (100 lines read)

● Read task.md
  └ L100:200 (101 lines read)

● [turn-persistence] [turn-persistence] turn_end SKIPPED ai: no assistant message with content

● Read task.md
  └ L200:350 (150 lines read)

● [turn-persistence] [turn-persistence] turn_end SKIPPED ai: no assistant message with content

● Read task.md
  └ L350:505 (93 lines read)

● [turn-persistence] [turn-persistence] turn_end SKIPPED ai: no assistant message with content



● Read examples.md
  └ L1:50 (49 lines read)

● Read checkstyle.xml
  └ L1:50 (50 lines read)



● Create package directory structure (shell)
  │ mkdir -p /Users/nghalinh2711/Development/student-repos/st22final01/src/edu/kit/kastel/scholar
  └ 1 line…

● Create Main.java +44
  └ src/edu/kit/kastel/scholar/Main.java

● [turn-persistence] [turn-persistence] turn_end SKIPPED ai: no assistant message with content



● Compile with Maven (shell)
  │ cd /Users/nghalinh2711/Development/student-repos/st22final01 && mvn compile --quiet 2>&1
  └ 1 line…



● Run Checkstyle validation (shell)
  │ cd /Users/nghalinh2711/Development/student-repos/st22final01 && mvn checkstyle:check --quiet
  │ 2>&1 || true
  └ 15 lines…



● Read checkstyle.xml
  └ 353 lines read



● Edit pom.xml +8

● Run Checkstyle with explicit config (shell)
  │ cd /Users/nghalinh2711/Development/student-repos/st22final01 && mvn checkstyle:check --quiet
  │ 2>&1 || true
  └ 8 lines…

● [turn-persistence] [turn-persistence] turn_end SKIPPED ai: no assistant message with content

● Edit pom.xml +1 -1

● [turn-persistence] [turn-persistence] turn_end SKIPPED ai: no assistant message with content

● Run Checkstyle with older plugin version (shell)
  │ cd /Users/nghalinh2711/Development/student-repos/st22final01 && mvn checkstyle:check --quiet
  │ 2>&1 || true
  └ 8 lines…

● [turn-persistence] [turn-persistence] turn_end SKIPPED ai: no assistant message with content

● Edit pom.xml +1 -1

● [turn-persistence] [turn-persistence] turn_end SKIPPED ai: no assistant message with content

● Try Checkstyle 3.1.2 (shell)
  │ cd /Users/nghalinh2711/Development/student-repos/st22final01 && mvn checkstyle:check --quiet
  │ 2>&1 || true
  └ 8 lines…

● [turn-persistence] [turn-persistence] turn_end SKIPPED ai: no assistant message with content



● Edit pom.xml -8



● Edit Main.java +16 -10
  └ src/edu/kit/kastel/scholar/Main.java

● Create package-info.java +6
  └ src/edu/kit/kastel/scholar/package-info.java

● [turn-persistence] [turn-persistence] turn_end SKIPPED ai: no assistant message with content



● Compile with Maven after fixes (shell)
  │ cd /Users/nghalinh2711/Development/student-repos/st22final01 && mvn compile --quiet 2>&1
  └ 1 line…

● Run Checkstyle validation (shell)
  │ cd /Users/nghalinh2711/Development/student-repos/st22final01 && mvn checkstyle:check --quiet
  │ 2>&1 || true
  └ 1 line…

● [turn-persistence] [turn-persistence] turn_end SKIPPED ai: no assistant message with content



● Test program: quit command terminates, unknown input accepted (shell)
  │ cd /Users/nghalinh2711/Development/student-repos/st22final01 && echo -e "hello world\n   some
  │ input   \nquit" | java -cp target/classes edu.kit.kastel.scholar.Main && echo
  │ "PROGRAM_TERMINATED_CLEANLY"
  └ 2 lines…



● Update Task (MCP: agentic-memory) · backlogId: "7dc5e6b6-3102-4551-887c-5beeffea252d", taskId: "7…
  └ Task "Project scaffold and quit command" (7d257aa2-a677-47cd-8cf1-0cd8a4a6273...



● Claim Next Task (MCP: agentic-memory) · backlogId: "7dc5e6b6-3102-4551-887c-5beeffea252d"
  └ Claimed task "Domain model entities" (b20e6c2a-7321-4009-b761-9ebe1d47d658) a...



● Create Keyword.java +56
  └ src/edu/kit/kastel/scholar/Keyword.java

● Create Author.java +69
  └ src/edu/kit/kastel/scholar/Author.java

● Create Venue.java +21
  └ src/edu/kit/kastel/scholar/Venue.java

● Create ConferenceSeries.java +79
  └ src/edu/kit/kastel/scholar/ConferenceSeries.java

● Create Journal.java +93
  └ src/edu/kit/kastel/scholar/Journal.java



● Create Article.java +172
  └ src/edu/kit/kastel/scholar/Article.java

● Create Conference.java +108
  └ src/edu/kit/kastel/scholar/Conference.java



● Compile with Maven (shell)
  │ cd /Users/nghalinh2711/Development/student-repos/st22final01 && mvn compile --quiet 2>&1
  └ 1 line…

● Run Checkstyle (shell)
  │ cd /Users/nghalinh2711/Development/student-repos/st22final01 && mvn checkstyle:check --quiet
  │ 2>&1 || true
  └ 40 lines…

● [turn-persistence] [turn-persistence] turn_end SKIPPED ai: no assistant message with content



● Edit Keyword.java +4 -3
  └ src/edu/kit/kastel/scholar/Keyword.java

● Edit Author.java +7 -5
  └ src/edu/kit/kastel/scholar/Author.java

● Edit Journal.java +8 -5
  └ src/edu/kit/kastel/scholar/Journal.java

● Edit ConferenceSeries.java +5 -3
  └ src/edu/kit/kastel/scholar/ConferenceSeries.java

● Edit Conference.java +12 -8
  └ src/edu/kit/kastel/scholar/Conference.java

● Edit Article.java +17 -10
  └ src/edu/kit/kastel/scholar/Article.java

● Compile and checkstyle (shell)
  │ cd /Users/nghalinh2711/Development/student-repos/st22final01 && mvn compile checkstyle:check
  │ --quiet 2>&1 || true
  └ 1 line…

● [turn-persistence] [turn-persistence] turn_end SKIPPED ai: no assistant message with content



● Update Task (MCP: agentic-memory) · state: "done", taskId: "b20e6c2a-7321-4009-b761-9ebe1d47d658"…
  └ Task "Domain model entities" (b20e6c2a-7321-4009-b761-9ebe1d47d658) updated t...

● Claim Next Task (MCP: agentic-memory) · backlogId: "7dc5e6b6-3102-4551-887c-5beeffea252d"
  └ Claimed task "In-memory data store" (98ea54cb-2a69-460a-b554-efd823906192) an...

● [turn-persistence] [turn-persistence] turn_end SKIPPED ai: no assistant message with content



● Create DataStore.java +473
  └ src/edu/kit/kastel/scholar/DataStore.java

● Compile and checkstyle (shell)
  │ cd /Users/nghalinh2711/Development/student-repos/st22final01 && mvn compile checkstyle:check
  │ --quiet 2>&1 || true
  └ 10 lines…

● [turn-persistence] [turn-persistence] turn_end SKIPPED ai: no assistant message with content

● Edit DataStore.java -2
  └ src/edu/kit/kastel/scholar/DataStore.java

● [turn-persistence] [turn-persistence] turn_end SKIPPED ai: no assistant message with content

● Compile and checkstyle after fixing imports (shell)
  │ cd /Users/nghalinh2711/Development/student-repos/st22final01 && mvn compile checkstyle:check
  │ --quiet 2>&1 || true
  └ 1 line…

● [turn-persistence] [turn-persistence] turn_end SKIPPED ai: no assistant message with content

● Check DataStore line count (shell)
  │ wc -l /Users/nghalinh2711/Development/student-repos/st22final01/src/edu/kit/kastel/scholar/DataS
  │ tore.java
  └ 2 lines…

● [turn-persistence] [turn-persistence] turn_end SKIPPED ai: no assistant message with content



● Edit DataStore.java +71 -80
  └ src/edu/kit/kastel/scholar/DataStore.java

● Check line count, compile and checkstyle (shell)
  │ cd /Users/nghalinh2711/Development/student-repos/st22final01 && wc -l
  │ src/edu/kit/kastel/scholar/DataStore.java && mvn compile checkstyle:check --quiet 2>&1 || true
  └ 2 lines…

● [turn-persistence] [turn-persistence] turn_end SKIPPED ai: no assistant message with content



● Update Task (MCP: agentic-memory) · state: "done", taskId: "98ea54cb-2a69-460a-b554-efd823906192"…
  └ Task "In-memory data store" (98ea54cb-2a69-460a-b554-efd823906192) updated to...

● Claim Next Task (MCP: agentic-memory) · backlogId: "7dc5e6b6-3102-4551-887c-5beeffea252d"
  └ Claimed task "Command parser infrastructure" (7f6dc029-5b74-4303-9835-1af0ecb...

● [turn-persistence] [turn-persistence] turn_end SKIPPED ai: no assistant message with content



● Create Command.java +161
  └ src/edu/kit/kastel/scholar/Command.java



● Create CommandParser.java +474
  └ src/edu/kit/kastel/scholar/CommandParser.java

● Compile and checkstyle (shell)
  │ cd /Users/nghalinh2711/Development/student-repos/st22final01 && mvn compile checkstyle:check
  │ --quiet 2>&1 || true
  └ 34 lines…

● [turn-persistence] [turn-persistence] turn_end SKIPPED ai: no assistant message with content



● Edit CommandParser.java +125 -78
  └ src/edu/kit/kastel/scholar/CommandParser.java

● Compile and checkstyle (shell)
  │ cd /Users/nghalinh2711/Development/student-repos/st22final01 && mvn compile checkstyle:check
  │ --quiet 2>&1 || true
  └ 33 lines…

● [turn-persistence] [turn-persistence] turn_end SKIPPED ai: no assistant message with content

● Edit CommandParser.java +25
  └ src/edu/kit/kastel/scholar/CommandParser.java

● [turn-persistence] [turn-persistence] turn_end SKIPPED ai: no assistant message with content

● Compile and checkstyle (shell)
  │ cd /Users/nghalinh2711/Development/student-repos/st22final01 && mvn compile checkstyle:check
  │ --quiet 2>&1 || true
  └ 1 line…

● [turn-persistence] [turn-persistence] turn_end SKIPPED ai: no assistant message with content



● Update Task (MCP: agentic-memory) · state: "done", taskId: "7f6dc029-5b74-4303-9835-1af0ecb9c5bc"…
  └ Task "Command parser infrastructure" (7f6dc029-5b74-4303-9835-1af0ecb9c5bc) u...

● Claim Next Task (MCP: agentic-memory) · backlogId: "7dc5e6b6-3102-4551-887c-5beeffea252d"
  └ Claimed task "Add author, add journal, add series commands" (b60d1571-8376-4c...

● [turn-persistence] [turn-persistence] turn_end SKIPPED ai: no assistant message with content



● Create CommandExecutor.java +75
  └ src/edu/kit/kastel/scholar/CommandExecutor.java



● Edit Main.java +20 -5
  └ src/edu/kit/kastel/scholar/Main.java

● Edit Main.java -5
  └ src/edu/kit/kastel/scholar/Main.java

● [turn-persistence] [turn-persistence] turn_end SKIPPED ai: no assistant message with content

● Edit CommandExecutor.java -3
  └ src/edu/kit/kastel/scholar/CommandExecutor.java

● [turn-persistence] [turn-persistence] turn_end SKIPPED ai: no assistant message with content

● Compile and checkstyle (shell)
  │ cd /Users/nghalinh2711/Development/student-repos/st22final01 && mvn compile checkstyle:check
  │ --quiet 2>&1 || true
  └ 15 lines…

● [turn-persistence] [turn-persistence] turn_end SKIPPED ai: no assistant message with content



● Edit CommandExecutor.java +13 -7
  └ src/edu/kit/kastel/scholar/CommandExecutor.java

● Compile and checkstyle (shell)
  │ cd /Users/nghalinh2711/Development/student-repos/st22final01 && mvn compile checkstyle:check
  │ --quiet 2>&1 || true
  └ 10 lines…

● [turn-persistence] [turn-persistence] turn_end SKIPPED ai: no assistant message with content

● Edit CommandExecutor.java +4 -3
  └ src/edu/kit/kastel/scholar/CommandExecutor.java

● [turn-persistence] [turn-persistence] turn_end SKIPPED ai: no assistant message with content

● Compile and checkstyle (shell)
  │ cd /Users/nghalinh2711/Development/student-repos/st22final01 && mvn compile checkstyle:check
  │ --quiet 2>&1 || true
  └ 1 line…

● [turn-persistence] [turn-persistence] turn_end SKIPPED ai: no assistant message with content



● Test add author, journal, series commands (shell)
  │ cd /Users/nghalinh2711/Development/student-repos/st22final01 && echo -e "add author Eniola
  │ Lowry\nadd author Richard Rhinelander\nadd author Eniola Lowry\nadd journal TSE,IEEE\nadd
  │ journal TSE,IEEE\nadd series ICSA\nadd series ICSA\nquit" | java -cp target/classes
  │ edu.kit.kastel.scholar.Main
  └ 4 lines…



● Update Task (MCP: agentic-memory) · state: "done", taskId: "b60d1571-8376-4cf7-9d4c-2ce383195230"…
  └ Task "Add author, add journal, add series commands" (b60d1571-8376-4cf7-9d4c-...

● Claim Next Task (MCP: agentic-memory) · backlogId: "7dc5e6b6-3102-4551-887c-5beeffea252d"
  └ Claimed task "Add conference command" (13263af5-1bd8-49d9-b104-0a187ad63e7d) ...

● [turn-persistence] [turn-persistence] turn_end SKIPPED ai: no assistant message with content

● Edit CommandExecutor.java +3
  └ src/edu/kit/kastel/scholar/CommandExecutor.java

● [turn-persistence] [turn-persistence] turn_end SKIPPED ai: no assistant message with content

● Edit CommandExecutor.java +16
  └ src/edu/kit/kastel/scholar/CommandExecutor.java

● [turn-persistence] [turn-persistence] turn_end SKIPPED ai: no assistant message with content

● Compile, checkstyle, and test add conference (shell)
  │ cd /Users/nghalinh2711/Development/student-repos/st22final01 && mvn compile checkstyle:check
  │ --quiet 2>&1 || true
  └ 1 line…

● [turn-persistence] [turn-persistence] turn_end SKIPPED ai: no assistant message with content

● Test add conference command (shell)
  │ cd /Users/nghalinh2711/Development/student-repos/st22final01 && echo -e "add series ICSA\nadd
  │ conference ICSA,2017,Gothenburg\nadd conference QoSA,2016,Venice\nadd conference
  │ ICSA,2017,Paris\nquit" | java -cp target/classes edu.kit.kastel.scholar.Main
  └ 3 lines…

● [turn-persistence] [turn-persistence] turn_end SKIPPED ai: no assistant message with content



● Update Task (MCP: agentic-memory) · state: "done", taskId: "13263af5-1bd8-49d9-b104-0a187ad63e7d"…
  └ Task "Add conference command" (13263af5-1bd8-49d9-b104-0a187ad63e7d) updated ...

● Claim Next Task (MCP: agentic-memory) · backlogId: "7dc5e6b6-3102-4551-887c-5beeffea252d"
  └ Claimed task "Add article to command" (57b37821-d071-44c9-bc0d-8ceebeb8b3c7) ...

● [turn-persistence] [turn-persistence] turn_end SKIPPED ai: no assistant message with content

● Edit CommandExecutor.java +3
  └ src/edu/kit/kastel/scholar/CommandExecutor.java

● [turn-persistence] [turn-persistence] turn_end SKIPPED ai: no assistant message with content

● Edit CommandExecutor.java +62
  └ src/edu/kit/kastel/scholar/CommandExecutor.java

● [turn-persistence] [turn-persistence] turn_end SKIPPED ai: no assistant message with content

● Compile, checkstyle, test add article (shell)
  │ cd /Users/nghalinh2711/Development/student-repos/st22final01 && mvn compile checkstyle:check
  │ --quiet 2>&1 || true
  └ 1 line…

● [turn-persistence] [turn-persistence] turn_end SKIPPED ai: no assistant message with content

● Test add article to command (shell)
  │ cd /Users/nghalinh2711/Development/student-repos/st22final01 && echo -e "add series ICSA\nadd
  │ conference ICSA,2017,Gothenburg\nadd journal TSE,IEEE\nadd article to series
  │ ICSA:rr2017,2017,Components still have no interfaces\nadd article to journal
  │ TSE:mvp2015,2015,Model Consistency\nadd article to series ICSA:rr2017,2017,Dup Test\nadd
  │ article to journal TSE:Bad ID,2015,Test\nquit" | java -cp target/classes …
  └ 4 lines…

● [turn-persistence] [turn-persistence] turn_end SKIPPED ai: no assistant message with content



● Update Task (MCP: agentic-memory) · state: "done", taskId: "57b37821-d071-44c9-bc0d-8ceebeb8b3c7"…
  └ Task "Add article to command" (57b37821-d071-44c9-bc0d-8ceebeb8b3c7) updated ...

● Claim Next Task (MCP: agentic-memory) · backlogId: "7dc5e6b6-3102-4551-887c-5beeffea252d"
  └ Claimed task "Written by command" (15363391-94ca-42a2-b01c-b43edc26229f) and ...

● [turn-persistence] [turn-persistence] turn_end SKIPPED ai: no assistant message with content

● Edit CommandExecutor.java +3
  └ src/edu/kit/kastel/scholar/CommandExecutor.java

● [turn-persistence] [turn-persistence] turn_end SKIPPED ai: no assistant message with content

● Edit CommandExecutor.java +28
  └ src/edu/kit/kastel/scholar/CommandExecutor.java

● [turn-persistence] [turn-persistence] turn_end SKIPPED ai: no assistant message with content

● Edit CommandExecutor.java +3
  └ src/edu/kit/kastel/scholar/CommandExecutor.java

● [turn-persistence] [turn-persistence] turn_end SKIPPED ai: no assistant message with content

● Compile, checkstyle, test written by (shell)
  │ cd /Users/nghalinh2711/Development/student-repos/st22final01 && mvn compile checkstyle:check
  │ --quiet 2>&1 || true
  └ 1 line…

● [turn-persistence] [turn-persistence] turn_end SKIPPED ai: no assistant message with content

● Test written by command (shell)
  │ cd /Users/nghalinh2711/Development/student-repos/st22final01 && echo -e "add author Eniola
  │ Lowry\nadd author Richard Rhinelander\nadd author Shashi Afolabi\nadd series ICSA\nadd
  │ conference ICSA,2017,Gothenburg\nadd article to series ICSA:rr2017,2017,Components still have
  │ no interfaces\nwritten by rr2017,Richard Rhinelander\nwritten by nngrade,Eniola Lowry\nwritten
  │ by rr2017,Shashi Afolabi;Eniola Lowry\nquit" | java -cp target/classes …
  └ 3 lines…

● [turn-persistence] [turn-persistence] turn_end SKIPPED ai: no assistant message with content

● Read examples.md
  └ L50:100 (51 lines read)

● [turn-persistence] [turn-persistence] turn_end SKIPPED ai: no assistant message with content



● Test written by success cases (shell)
  │ cd /Users/nghalinh2711/Development/student-repos/st22final01 && echo -e "add author Eniola
  │ Lowry\nadd author Richard Rhinelander\nadd author Shashi Afolabi\nadd series ICSA\nadd
  │ conference ICSA,2017,Gothenburg\nadd article to series ICSA:rr2017,2017,Components\nwritten by
  │ rr2017,Richard Rhinelander\nwritten by rr2017,Shashi Afolabi;Eniola Lowry\nwritten by
  │ rr2017,Richard Rhinelander\nquit" | java -cp target/classes edu.kit.kastel.scholar.Main
  └ 2 lines…



● Update Task (MCP: agentic-memory) · state: "done", taskId: "15363391-94ca-42a2-b01c-b43edc26229f"…
  └ Task "Written by command" (15363391-94ca-42a2-b01c-b43edc26229f) updated to s...

● Claim Next Task (MCP: agentic-memory) · backlogId: "7dc5e6b6-3102-4551-887c-5beeffea252d"
  └ Claimed task "Cites command" (701ed1d7-ac27-4818-a32e-58d19e6d478c) and marke...

● [turn-persistence] [turn-persistence] turn_end SKIPPED ai: no assistant message with content

● Edit CommandExecutor.java +3
  └ src/edu/kit/kastel/scholar/CommandExecutor.java

● [turn-persistence] [turn-persistence] turn_end SKIPPED ai: no assistant message with content

● Edit CommandExecutor.java +23
  └ src/edu/kit/kastel/scholar/CommandExecutor.java

● [turn-persistence] [turn-persistence] turn_end SKIPPED ai: no assistant message with content

● Compile, checkstyle, test cites (shell)
  │ cd /Users/nghalinh2711/Development/student-repos/st22final01 && mvn compile checkstyle:check
  │ --quiet 2>&1 || true
  └ 1 line…

● [turn-persistence] [turn-persistence] turn_end SKIPPED ai: no assistant message with content

● Test cites command (shell)
  │ cd /Users/nghalinh2711/Development/student-repos/st22final01 && echo -e "add author A1 A1\nadd
  │ author B1 B1\nadd series ICSA\nadd conference ICSA,2016,Gothenburg\nadd conference
  │ ICSA,2017,Gothenburg\nadd article to series ICSA:old2016,2016,Old\nadd article to series
  │ ICSA:new2017,2017,New\nadd article to series ICSA:same2017,2017,Same\nwritten by old2016,A1
  │ A1\nwritten by new2017,B1 B1\nwritten by same2017,B1 B1\ncites new2017,old2016\ncites …
  └ 7 lines…

● [turn-persistence] [turn-persistence] turn_end SKIPPED ai: no assistant message with content



● Update Task (MCP: agentic-memory) · state: "done", taskId: "701ed1d7-ac27-4818-a32e-58d19e6d478c"…
  └ Task "Cites command" (701ed1d7-ac27-4818-a32e-58d19e6d478c) updated to state:...

● Claim Next Task (MCP: agentic-memory) · backlogId: "7dc5e6b6-3102-4551-887c-5beeffea252d"
  └ Claimed task "Add keywords to command" (52c713ea-cd75-4477-84e2-74842c16f17b)...

● [turn-persistence] [turn-persistence] turn_end SKIPPED ai: no assistant message with content

● Edit CommandExecutor.java +3
  └ src/edu/kit/kastel/scholar/CommandExecutor.java

● [turn-persistence] [turn-persistence] turn_end SKIPPED ai: no assistant message with content

● Edit CommandExecutor.java +89
  └ src/edu/kit/kastel/scholar/CommandExecutor.java

● [turn-persistence] [turn-persistence] turn_end SKIPPED ai: no assistant message with content

● Compile, checkstyle, test add keywords (shell)
  │ cd /Users/nghalinh2711/Development/student-repos/st22final01 && mvn compile checkstyle:check
  │ --quiet 2>&1 || true
  └ 11 lines…

● [turn-persistence] [turn-persistence] turn_end SKIPPED ai: no assistant message with content

● Edit CommandExecutor.java +5
  └ src/edu/kit/kastel/scholar/CommandExecutor.java

● [turn-persistence] [turn-persistence] turn_end SKIPPED ai: no assistant message with content

● Compile and checkstyle (shell)
  │ cd /Users/nghalinh2711/Development/student-repos/st22final01 && mvn compile checkstyle:check
  │ --quiet 2>&1 || true
  └ 1 line…

● [turn-persistence] [turn-persistence] turn_end SKIPPED ai: no assistant message with content

● Test add keywords command (shell)
  │ cd /Users/nghalinh2711/Development/student-repos/st22final01 && echo -e "add author A1 L1\nadd
  │ author B1 L1\nadd series ICSA\nadd journal TSE,IEEE\nadd conference ICSA,2017,Gothenburg\nadd
  │ article to series ICSA:rr2017,2017,Components\nadd article to journal
  │ TSE:mvp2016,2016,Model\nwritten by rr2017,A1 L1\nwritten by mvp2016,B1 L1\nadd keywords to
  │ rr2017:mdsd;components;java\nadd keywords to journal TSE:swe\nadd keywords to series …
  └ 4 lines…

● [turn-persistence] [turn-persistence] turn_end SKIPPED ai: no assistant message with content



● Update Task (MCP: agentic-memory) · state: "done", taskId: "52c713ea-cd75-4477-84e2-74842c16f17b"…
  └ Task "Add keywords to command" (52c713ea-cd75-4477-84e2-74842c16f17b) updated...

● Claim Next Task (MCP: agentic-memory) · backlogId: "7dc5e6b6-3102-4551-887c-5beeffea252d"
  └ Claimed task "List invalid publications command" (702a3d60-dddd-41a4-b5cb-f5a...

● [turn-persistence] [turn-persistence] turn_end SKIPPED ai: no assistant message with content

● Edit CommandExecutor.java +3
  └ src/edu/kit/kastel/scholar/CommandExecutor.java

● [turn-persistence] [turn-persistence] turn_end SKIPPED ai: no assistant message with content

✗ Edit CommandExecutor.java
  │ src/edu/kit/kastel/scholar/CommandExecutor.java
  └ Multiple matches found

● [turn-persistence] [turn-persistence] turn_end SKIPPED ai: no assistant message with content

● Read CommandExecutor.java
  │ src/edu/kit/kastel/scholar/CommandExecutor.java
  └ L310:330 (13 lines read)

● [turn-persistence] [turn-persistence] turn_end SKIPPED ai: no assistant message with content

● Edit CommandExecutor.java +12
  └ src/edu/kit/kastel/scholar/CommandExecutor.java

● [turn-persistence] [turn-persistence] turn_end SKIPPED ai: no assistant message with content

● Edit CommandExecutor.java +1
  └ src/edu/kit/kastel/scholar/CommandExecutor.java

● [turn-persistence] [turn-persistence] turn_end SKIPPED ai: no assistant message with content

● Compile, checkstyle, test list invalid (shell)
  │ cd /Users/nghalinh2711/Development/student-repos/st22final01 && mvn compile checkstyle:check
  │ --quiet 2>&1 || true
  └ 1 line…

● [turn-persistence] [turn-persistence] turn_end SKIPPED ai: no assistant message with content

● Test list invalid publications (shell)
  │ cd /Users/nghalinh2711/Development/student-repos/st22final01 && echo -e "add author A1 L1\nadd
  │ series ICSA\nadd conference ICSA,2017,Gothenburg\nadd article to series
  │ ICSA:valid,2017,HasAuthor\nadd article to series ICSA:invalid,2017,NoAuthor\nwritten by valid,A1
  │ L1\nlist invalid publications\nquit" | java -cp target/classes edu.kit.kastel.scholar.Main
  └ 2 lines…

● [turn-persistence] [turn-persistence] turn_end SKIPPED ai: no assistant message with content



● Update Task (MCP: agentic-memory) · state: "done", taskId: "702a3d60-dddd-41a4-b5cb-f5a898494574"…
  └ Task "List invalid publications command" (702a3d60-dddd-41a4-b5cb-f5a89849457...

● Claim Next Task (MCP: agentic-memory) · backlogId: "7dc5e6b6-3102-4551-887c-5beeffea252d"
  └ Claimed task "All publications command" (abb8dc6b-6c69-48da-839b-43258f79c231...

● [turn-persistence] [turn-persistence] turn_end SKIPPED ai: no assistant message with content

● Edit CommandExecutor.java +3
  └ src/edu/kit/kastel/scholar/CommandExecutor.java

● [turn-persistence] [turn-persistence] turn_end SKIPPED ai: no assistant message with content

● Edit CommandExecutor.java +12
  └ src/edu/kit/kastel/scholar/CommandExecutor.java

● [turn-persistence] [turn-persistence] turn_end SKIPPED ai: no assistant message with content

● Compile, checkstyle, test all pubs (shell)
  │ cd /Users/nghalinh2711/Development/student-repos/st22final01 && mvn compile checkstyle:check
  │ --quiet 2>&1 && echo -e "add series S\nadd conference S,2020,L\nadd article to series
  │ S:a,2020,A\nadd article to series S:b,2020,B\nadd article to series S:c,2020,C\nall
  │ publications\nquit" | java -cp target/classes edu.kit.kastel.scholar.Main
  └ 4 lines…

● [turn-persistence] [turn-persistence] turn_end SKIPPED ai: no assistant message with content

● Update Task (MCP: agentic-memory) · state: "done", taskId: "abb8dc6b-6c69-48da-839b-43258f79c231"…
  └ Task "All publications command" (abb8dc6b-6c69-48da-839b-43258f79c231) update...

● [turn-persistence] [turn-persistence] turn_end SKIPPED ai: no assistant message with content

● Claim Next Task (MCP: agentic-memory) · backlogId: "7dc5e6b6-3102-4551-887c-5beeffea252d"
  └ Claimed task "Publications by command" (1abef09d-2bd5-4757-a4be-6d4af1c3c1bd)...

● [turn-persistence] [turn-persistence] turn_end SKIPPED ai: no assistant message with content

● Edit CommandExecutor.java +3
  └ src/edu/kit/kastel/scholar/CommandExecutor.java

● [turn-persistence] [turn-persistence] turn_end SKIPPED ai: no assistant message with content

● Edit CommandExecutor.java +25
  └ src/edu/kit/kastel/scholar/CommandExecutor.java

● [turn-persistence] [turn-persistence] turn_end SKIPPED ai: no assistant message with content

● Compile, checkstyle, test pubs by (shell)
  │ cd /Users/nghalinh2711/Development/student-repos/st22final01 && mvn compile checkstyle:check
  │ --quiet 2>&1 || true
  └ 1 line…

● [turn-persistence] [turn-persistence] turn_end SKIPPED ai: no assistant message with content

● Quick test (shell)
  │ cd /Users/nghalinh2711/Development/student-repos/st22final01 && echo -e "add author A L\nadd
  │ author B L\nadd series S\nadd conference S,2020,L\nadd article to series S:a,2020,A\nadd article
  │ to series S:b,2020,B\nwritten by a,A L\nwritten by b,B L\npublications by A L\npublications by X
  │ Y\nquit" | java -cp target/classes edu.kit.kastel.scholar.Main
  └ 3 lines…

● [turn-persistence] [turn-persistence] turn_end SKIPPED ai: no assistant message with content

● Update Task (MCP: agentic-memory) · state: "done", taskId: "1abef09d-2bd5-4757-a4be-6d4af1c3c1bd"…
  └ Task "Publications by command" (1abef09d-2bd5-4757-a4be-6d4af1c3c1bd) updated...

● [turn-persistence] [turn-persistence] turn_end SKIPPED ai: no assistant message with content

● Claim Next Task (MCP: agentic-memory) · backlogId: "7dc5e6b6-3102-4551-887c-5beeffea252d"
  └ Claimed task "In proceedings command" (117c0edb-927b-4549-9cf3-bdee51e0e80f) ...

● [turn-persistence] [turn-persistence] turn_end SKIPPED ai: no assistant message with content

● Edit CommandExecutor.java +3
  └ src/edu/kit/kastel/scholar/CommandExecutor.java

● [turn-persistence] [turn-persistence] turn_end SKIPPED ai: no assistant message with content

● Edit CommandExecutor.java +29 -2
  └ src/edu/kit/kastel/scholar/CommandExecutor.java

● [turn-persistence] [turn-persistence] turn_end SKIPPED ai: no assistant message with content

● Edit CommandExecutor.java +2 -16
  └ src/edu/kit/kastel/scholar/CommandExecutor.java

● [turn-persistence] [turn-persistence] turn_end SKIPPED ai: no assistant message with content

● Compile, checkstyle, test in proceedings (shell)
  │ cd /Users/nghalinh2711/Development/student-repos/st22final01 && mvn compile checkstyle:check
  │ --quiet 2>&1 || true
  └ 1 line…

● [turn-persistence] [turn-persistence] turn_end SKIPPED ai: no assistant message with content

● Update Task (MCP: agentic-memory) · state: "done", taskId: "117c0edb-927b-4549-9cf3-bdee51e0e80f"…
  └ Task "In proceedings command" (117c0edb-927b-4549-9cf3-bdee51e0e80f) updated ...

● [turn-persistence] [turn-persistence] turn_end SKIPPED ai: no assistant message with content

● Claim Next Task (MCP: agentic-memory) · backlogId: "7dc5e6b6-3102-4551-887c-5beeffea252d"
  └ Claimed task "Find by keywords command" (1f3262e0-58b1-43ca-b945-eae028c80873...

● [turn-persistence] [turn-persistence] turn_end SKIPPED ai: no assistant message with content

● Edit CommandExecutor.java +3
  └ src/edu/kit/kastel/scholar/CommandExecutor.java

● [turn-persistence] [turn-persistence] turn_end SKIPPED ai: no assistant message with content

● Edit CommandExecutor.java +12
  └ src/edu/kit/kastel/scholar/CommandExecutor.java

● [turn-persistence] [turn-persistence] turn_end SKIPPED ai: no assistant message with content

● Compile and checkstyle (shell)
  │ cd /Users/nghalinh2711/Development/student-repos/st22final01 && mvn compile checkstyle:check
  │ --quiet 2>&1 || true
  └ 1 line…

● [turn-persistence] [turn-persistence] turn_end SKIPPED ai: no assistant message with content

● Update Task (MCP: agentic-memory) · state: "done", taskId: "1f3262e0-58b1-43ca-b945-eae028c80873"…
  └ Task "Find by keywords command" (1f3262e0-58b1-43ca-b945-eae028c80873) update...

● [turn-persistence] [turn-persistence] turn_end SKIPPED ai: no assistant message with content

● Claim Next Task (MCP: agentic-memory) · backlogId: "7dc5e6b6-3102-4551-887c-5beeffea252d"
  └ Claimed task "Jaccard command" (2f128951-0564-4336-a03d-59bd25543f45) and mar...

● [turn-persistence] [turn-persistence] turn_end SKIPPED ai: no assistant message with content

● Edit CommandExecutor.java +3
  └ src/edu/kit/kastel/scholar/CommandExecutor.java

● [turn-persistence] [turn-persistence] turn_end SKIPPED ai: no assistant message with content



● Edit CommandParser.java +20 -2
  └ src/edu/kit/kastel/scholar/CommandParser.java

● Edit CommandExecutor.java +25
  └ src/edu/kit/kastel/scholar/CommandExecutor.java

● [turn-persistence] [turn-persistence] turn_end SKIPPED ai: no assistant message with content

● Compile, checkstyle, test jaccard (shell)
  │ cd /Users/nghalinh2711/Development/student-repos/st22final01 && mvn compile checkstyle:check
  │ --quiet 2>&1 || true
  └ 13 lines…

● [turn-persistence] [turn-persistence] turn_end SKIPPED ai: no assistant message with content

● Edit CommandParser.java +3
  └ src/edu/kit/kastel/scholar/CommandParser.java

● [turn-persistence] [turn-persistence] turn_end SKIPPED ai: no assistant message with content

● Edit CommandExecutor.java +3 -2
  └ src/edu/kit/kastel/scholar/CommandExecutor.java

● [turn-persistence] [turn-persistence] turn_end SKIPPED ai: no assistant message with content

● Compile, checkstyle, test jaccard (shell)
  │ cd /Users/nghalinh2711/Development/student-repos/st22final01 && mvn compile checkstyle:check
  │ --quiet 2>&1 && echo -e "jaccard a;b;c d;e\njaccard a;b;c;d;e b;c;d;e;f\njaccard\nquit" | java
  │ -cp target/classes edu.kit.kastel.scholar.Main
  └ 4 lines…

● [turn-persistence] [turn-persistence] turn_end SKIPPED ai: no assistant message with content



● Edit CommandParser.java +3
  └ src/edu/kit/kastel/scholar/CommandParser.java

● Edit CommandParser.java +6 -2
  └ src/edu/kit/kastel/scholar/CommandParser.java

● [turn-persistence] [turn-persistence] turn_end SKIPPED ai: no assistant message with content

● Compile, checkstyle, test jaccard (shell)
  │ cd /Users/nghalinh2711/Development/student-repos/st22final01 && mvn compile checkstyle:check
  │ --quiet 2>&1 && echo -e "jaccard a;b;c d;e\njaccard a;b;c;d;e b;c;d;e;f\njaccard\njaccard
  │ \nquit" | java -cp target/classes edu.kit.kastel.scholar.Main
  └ 5 lines…

● [turn-persistence] [turn-persistence] turn_end SKIPPED ai: no assistant message with content



● Update Task (MCP: agentic-memory) · state: "done", taskId: "2f128951-0564-4336-a03d-59bd25543f45"…
  └ Task "Jaccard command" (2f128951-0564-4336-a03d-59bd25543f45) updated to stat...

● Claim Next Task (MCP: agentic-memory) · backlogId: "7dc5e6b6-3102-4551-887c-5beeffea252d"
  └ Claimed task "Similarity command" (074fb3b5-9998-4ad3-9182-601f43a4d646) and ...

● [turn-persistence] [turn-persistence] turn_end SKIPPED ai: no assistant message with content

● Edit CommandExecutor.java +3
  └ src/edu/kit/kastel/scholar/CommandExecutor.java

● [turn-persistence] [turn-persistence] turn_end SKIPPED ai: no assistant message with content

● Edit CommandExecutor.java +35
  └ src/edu/kit/kastel/scholar/CommandExecutor.java

● [turn-persistence] [turn-persistence] turn_end SKIPPED ai: no assistant message with content

● Edit CommandExecutor.java +8 -16
  └ src/edu/kit/kastel/scholar/CommandExecutor.java

● [turn-persistence] [turn-persistence] turn_end SKIPPED ai: no assistant message with content

● Compile, checkstyle, test similarity (shell)
  │ cd /Users/nghalinh2711/Development/student-repos/st22final01 && mvn compile checkstyle:check
  │ --quiet 2>&1 && echo -e "add author A L\nadd series S\nadd journal J,P\nadd conference
  │ S,2020,L\nadd article to series S:a,2020,Title\nadd article to journal
  │ J:b,2020,Title2\nwritten by a,A L\nwritten by b,A L\nadd keywords to a:kw1;kw2\nadd keywords
  │ to b:kw2;kw3\nadd keywords to journal J:kwj\nsimilarity a,b\nsimilarity a,a\nsimilarity …
  └ 12 lines…

● [turn-persistence] [turn-persistence] turn_end SKIPPED ai: no assistant message with content

● Edit CommandExecutor.java +4
  └ src/edu/kit/kastel/scholar/CommandExecutor.java

● [turn-persistence] [turn-persistence] turn_end SKIPPED ai: no assistant message with content

● Compile and checkstyle (shell)
  │ cd /Users/nghalinh2711/Development/student-repos/st22final01 && mvn compile checkstyle:check
  │ --quiet 2>&1 || true
  └ 1 line…

● [turn-persistence] [turn-persistence] turn_end SKIPPED ai: no assistant message with content

● Test similarity (shell)
  │ cd /Users/nghalinh2711/Development/student-repos/st22final01 && echo -e "add author A L\nadd
  │ series S\nadd journal J,P\nadd conference S,2020,L\nadd article to series S:a,2020,T\nadd
  │ article to journal J:b,2020,T2\nwritten by a,A L\nwritten by b,A L\nadd keywords to
  │ a:kw1;kw2\nadd keywords to b:kw2;kw3\nadd keywords to journal J:kwj\nsimilarity
  │ a,b\nsimilarity a,a\nsimilarity a,x\nquit" | java -cp target/classes …
  └ 7 lines…

● [turn-persistence] [turn-persistence] turn_end SKIPPED ai: no assistant message with content



● Update Task (MCP: agentic-memory) · state: "done", taskId: "074fb3b5-9998-4ad3-9182-601f43a4d646"…
  └ Task "Similarity command" (074fb3b5-9998-4ad3-9182-601f43a4d646) updated to s...

● Claim Next Task (MCP: agentic-memory) · backlogId: "7dc5e6b6-3102-4551-887c-5beeffea252d"
  └ Claimed task "G-index command" (eb93f3c6-7cf8-4375-a141-d6c2267f2c4d) and mar...

● [turn-persistence] [turn-persistence] turn_end SKIPPED ai: no assistant message with content



● Edit DataStore.java +17
  └ src/edu/kit/kastel/scholar/DataStore.java

● Edit CommandExecutor.java +3
  └ src/edu/kit/kastel/scholar/CommandExecutor.java

● [turn-persistence] [turn-persistence] turn_end SKIPPED ai: no assistant message with content

● Edit CommandExecutor.java +30
  └ src/edu/kit/kastel/scholar/CommandExecutor.java

● [turn-persistence] [turn-persistence] turn_end SKIPPED ai: no assistant message with content

● Compile and checkstyle (shell)
  │ cd /Users/nghalinh2711/Development/student-repos/st22final01 && mvn compile checkstyle:check
  │ --quiet 2>&1 || true
  └ 1 line…

● [turn-persistence] [turn-persistence] turn_end SKIPPED ai: no assistant message with content

● Test g-index (shell)
  │ cd /Users/nghalinh2711/Development/student-repos/st22final01 && echo -e "add author A1 L\nadd
  │ author B1 L\nadd series S\nadd conference S,2020,L\nadd conference S,2019,L\nadd article to
  │ series S:a,2020,A\nadd article to series S:b,2019,B\nadd article to series S:c,2018,C\nwritten
  │ by a,A1 L\nwritten by b,A1 L\nwritten by c,A1 L\ncites c,a\ncites c,b\ncites b,a\ng-index A1
  │ L\ng-index B1 L\nquit" | java -cp target/classes edu.kit.kastel.scholar.Main
  └ 8 lines…

● [turn-persistence] [turn-persistence] turn_end SKIPPED ai: no assistant message with content



● Update Task (MCP: agentic-memory) · state: "done", taskId: "eb93f3c6-7cf8-4375-a141-d6c2267f2c4d"…
  └ Task "G-index command" (eb93f3c6-7cf8-4375-a141-d6c2267f2c4d) updated to stat...

● Claim Next Task (MCP: agentic-memory) · backlogId: "7dc5e6b6-3102-4551-887c-5beeffea252d"
  └ Claimed task "Coauthors of command" (0f7b8554-77bc-4553-9594-23a4e5417db2) an...

● [turn-persistence] [turn-persistence] turn_end SKIPPED ai: no assistant message with content

● Edit CommandExecutor.java +3
  └ src/edu/kit/kastel/scholar/CommandExecutor.java

● [turn-persistence] [turn-persistence] turn_end SKIPPED ai: no assistant message with content

● Edit CommandExecutor.java +39
  └ src/edu/kit/kastel/scholar/CommandExecutor.java

● [turn-persistence] [turn-persistence] turn_end SKIPPED ai: no assistant message with content

● Compile, checkstyle, test coauthors (shell)
  │ cd /Users/nghalinh2711/Development/student-repos/st22final01 && mvn compile checkstyle:check
  │ --quiet 2>&1 && echo -e "add author Eniola Lowry\nadd author Richard Rhinelander\nadd author
  │ Shashi Afolabi\nadd series ICSA\nadd conference ICSA,2017,G\nadd article to series
  │ ICSA:a,2017,A\nadd article to series ICSA:b,2017,B\nwritten by a,Eniola Lowry;Richard
  │ Rhinelander;Shashi Afolabi\ncoauthors of Shashi Afolabi\ncoauthors of Eniola Lowry\ncoauthors …
  └ 7 lines…

● [turn-persistence] [turn-persistence] turn_end SKIPPED ai: no assistant message with content



● Update Task (MCP: agentic-memory) · state: "done", taskId: "0f7b8554-77bc-4553-9594-23a4e5417db2"…
  └ Task "Coauthors of command" (0f7b8554-77bc-4553-9594-23a4e5417db2) updated to...

● Claim Next Task (MCP: agentic-memory) · backlogId: "7dc5e6b6-3102-4551-887c-5beeffea252d"
  └ Claimed task "Foreign citations of command" (a4971682-78e2-437a-b5e3-84a4d918...

● [turn-persistence] [turn-persistence] turn_end SKIPPED ai: no assistant message with content

● Edit CommandExecutor.java +3
  └ src/edu/kit/kastel/scholar/CommandExecutor.java

● [turn-persistence] [turn-persistence] turn_end SKIPPED ai: no assistant message with content

✗ Edit CommandExecutor.java
  │ src/edu/kit/kastel/scholar/CommandExecutor.java
  └ Multiple matches found

● [turn-persistence] [turn-persistence] turn_end SKIPPED ai: no assistant message with content

● Read CommandExecutor.java
  │ src/edu/kit/kastel/scholar/CommandExecutor.java
  └ L540:560 (11 lines read)

● [turn-persistence] [turn-persistence] turn_end SKIPPED ai: no assistant message with content

● Read CommandExecutor.java
  │ src/edu/kit/kastel/scholar/CommandExecutor.java
  └ L480:510 (31 lines read)

● [turn-persistence] [turn-persistence] turn_end SKIPPED ai: no assistant message with content

● Edit CommandExecutor.java +47
  └ src/edu/kit/kastel/scholar/CommandExecutor.java

● [turn-persistence] [turn-persistence] turn_end SKIPPED ai: no assistant message with content

● Compile and checkstyle (shell)
  │ cd /Users/nghalinh2711/Development/student-repos/st22final01 && mvn compile checkstyle:check
  │ --quiet 2>&1 || true
  └ 1 line…

● [turn-persistence] [turn-persistence] turn_end SKIPPED ai: no assistant message with content

● Update Task (MCP: agentic-memory) · state: "done", taskId: "a4971682-78e2-437a-b5e3-84a4d918b34c"…
  └ Task "Foreign citations of command" (a4971682-78e2-437a-b5e3-84a4d918b34c) up...

● [turn-persistence] [turn-persistence] turn_end SKIPPED ai: no assistant message with content

● Claim Next Task (MCP: agentic-memory) · backlogId: "7dc5e6b6-3102-4551-887c-5beeffea252d"
  └ Claimed task "Print bibliography command" (683dfdc8-8827-4420-bfab-5d99acdefb...

● [turn-persistence] [turn-persistence] turn_end SKIPPED ai: no assistant message with content



● Edit CommandExecutor.java +3
  └ src/edu/kit/kastel/scholar/CommandExecutor.java

● Edit CommandExecutor.java +163
  └ src/edu/kit/kastel/scholar/CommandExecutor.java

● [turn-persistence] [turn-persistence] turn_end SKIPPED ai: no assistant message with content



● Edit CommandExecutor.java
  └ src/edu/kit/kastel/scholar/CommandExecutor.java

● Edit CommandExecutor.java -2
  └ src/edu/kit/kastel/scholar/CommandExecutor.java

● [turn-persistence] [turn-persistence] turn_end SKIPPED ai: no assistant message with content

● Compile and checkstyle (shell)
  │ cd /Users/nghalinh2711/Development/student-repos/st22final01 && mvn compile checkstyle:check
  │ --quiet 2>&1 || true
  └ 1 line…

● [turn-persistence] [turn-persistence] turn_end SKIPPED ai: no assistant message with content

● Test print bibliography (shell)
  │ cd /Users/nghalinh2711/Development/student-repos/st22final01 && echo -e "add author Eniola
  │ Lowry\nadd author Richard Rhinelander\nadd author Shashi Afolabi\nadd series ICSA\nadd journal
  │ TSE,IEEE\nadd conference ICSA,2017,Gothenburg\nadd article to series
  │ ICSA:rr2017,2017,Components still have no interfaces\nadd article to journal
  │ TSE:mvp2015,2015,Model Consistency\nadd article to journal TSE:mvp2016,2016,Better Model …
  └ 11 lines…

● [turn-persistence] [turn-persistence] turn_end SKIPPED ai: no assistant message with content



● Update Task (MCP: agentic-memory) · state: "done", taskId: "683dfdc8-8827-4420-bfab-5d99acdefb33"…
  └ Task "Print bibliography command" (683dfdc8-8827-4420-bfab-5d99acdefb33) upda...



● Get Tasks (MCP: agentic-memory) · backlogId: "7dc5e6b6-3102-4551-887c-5beeffea252d"
  └ Output too large to read at once (42.5 KB). Saved to: /var/folders/fs/p8fxyq6...

● Get Tasks (MCP: agentic-memory) · state: "to_do", backlogId: "7dc5e6b6-3102-4551-887c-5beeffea252…
  └ 1. [to_do] (p210) Validation: mandatory example interaction and Checkstyle co...

● Get Tasks (MCP: agentic-memory) · state: "in_progress", backlogId: "7dc5e6b6-3102-4551-887c-5beef…
  └ No tasks found with state 'in_progress'.

● Get Tasks (MCP: agentic-memory) · state: "blocked", backlogId: "7dc5e6b6-3102-4551-887c-5beeffea2…
  └ No tasks found with state 'blocked'.

● [turn-persistence] [turn-persistence] turn_end SKIPPED ai: no assistant message with content



● Claim Next Task (MCP: agentic-memory) · backlogId: "7dc5e6b6-3102-4551-887c-5beeffea252d"
  └ Claimed task "Validation: mandatory example interaction and Checkstyle compli...



● Read examples.md
  └ 298 lines read



● Run mandatory example interaction (shell)
  │ cd /Users/nghalinh2711/Development/student-repos/st22final01 && echo -e "add series ICSME\nadd
  │ keywords to series ICSME:software;maintenance;architecture\nadd conference
  │ ICSME,2022,Limassol\nadd journal TACO,ACM\nadd author Max Musterperson\nadd author Erika
  │ Informatik\nadd article to series ICSME:evo22,2022,Software Evolution\nwritten by evo22,Erika
  │ Informatik\nall publications\nadd article to series ICSME:component2022,2022,Sorting …
  └ 11 lines…



● Run optional example interaction (shell)
  │ cd /Users/nghalinh2711/Development/student-repos/st22final01 && echo -e "add author Eniola
  │ Lowry\nadd author Richard Rhinelander\nadd author Eniola Lowry\nadd author Shashi Afolabi\nadd
  │ journal TSE,IEEE\nadd series ICSA\nadd conference ICSA,2017,Gothenburg\nadd conference
  │ QoSA,2016,Venice\nadd article to series ICSA:rr2017,2017,Components still have no
  │ interfaces\nadd article to journal TSE:mvp2015,2015,Model Consistency\nadd article to journal …
  └ 45 lines…



● Edit CommandExecutor.java +3 -1
  └ src/edu/kit/kastel/scholar/CommandExecutor.java

● Edit CommandExecutor.java +2 -1
  └ src/edu/kit/kastel/scholar/CommandExecutor.java

● [turn-persistence] [turn-persistence] turn_end SKIPPED ai: no assistant message with content

● Compile and re-run optional example (shell)
  │ cd /Users/nghalinh2711/Development/student-repos/st22final01 && mvn compile --quiet 2>&1 &&
  │ echo -e "add author Eniola Lowry\nadd author Richard Rhinelander\nadd author Eniola Lowry\nadd
  │ author Shashi Afolabi\nadd journal TSE,IEEE\nadd series ICSA\nadd conference
  │ ICSA,2017,Gothenburg\nadd conference QoSA,2016,Venice\nadd article to series
  │ ICSA:rr2017,2017,Components still have no interfaces\nadd article to journal …
  └ 45 lines…

● [turn-persistence] [turn-persistence] turn_end SKIPPED ai: no assistant message with content



● Final Checkstyle validation (shell)
  │ cd /Users/nghalinh2711/Development/student-repos/st22final01 && mvn compile checkstyle:check
  │ --quiet 2>&1 || true
  └ 1 line…



● Update Task (MCP: agentic-memory) · state: "done", taskId: "b4a7e5b7-ef5f-4f59-8de5-fe66b00d595c"…
  └ Task "Validation: mandatory example interaction and Checkstyle compliance" (b...







Changes    +2943 -281
Duration   25m 29s
Tokens     ↑ 21.5m (21.4m cached) • ↓ 84.8k (18.7k reasoning)
[delivery] Coding agent exited with code 0
[delivery] Backlog verification passed.
[delivery] Phase E: Feedback

[delivery] Feedback agent — interactive session.
[delivery] Provide feedback to the agent. Exit the session (Ctrl+C or /exit) when done.
