
===== st23final01 started at 2026-07-16T07:22:53Z =====
PROGRAMMING_DIR=/Users/nghalinh2711/Development/student-repos/st23final01
COMMAND=pnpm delivery:run -- --exercise --dry-run

$ tsx delivery/run.ts -- --exercise --dry-run
/Users/nghalinh2711/Development/ha-linh-nguyen/Implementierung/delivery/lib/cli/args.ts:82
        throw new Error(`Unknown argument: ${arg}`);
              ^

Error: Unknown argument: --
    at parseCoordinatorArgs (/Users/nghalinh2711/Development/ha-linh-nguyen/Implementierung/delivery/lib/cli/args.ts:82:15)
    at <anonymous> (/Users/nghalinh2711/Development/ha-linh-nguyen/Implementierung/delivery/run.ts:169:14)
    at ModuleJob.run (node:internal/modules/esm/module_job:413:25)
    at async onImport.tracePromise.__proto__ (node:internal/modules/esm/loader:660:26)
    at async asyncRunEntryPointWithESMLoader (node:internal/modules/run_main:101:5)

Node.js v24.12.0
[ELIFECYCLE] Command failed with exit code 1.

===== st23final01 started at 2026-07-16T07:23:24Z =====
PROGRAMMING_DIR=/Users/nghalinh2711/Development/student-repos/st23final01
COMMAND=pnpm delivery:run -- --exercise --dry-run

$ tsx delivery/run.ts -- --exercise --dry-run
/Users/nghalinh2711/Development/ha-linh-nguyen/Implementierung/delivery/lib/cli/args.ts:82
        throw new Error(`Unknown argument: ${arg}`);
              ^

Error: Unknown argument: --
    at parseCoordinatorArgs (/Users/nghalinh2711/Development/ha-linh-nguyen/Implementierung/delivery/lib/cli/args.ts:82:15)
    at <anonymous> (/Users/nghalinh2711/Development/ha-linh-nguyen/Implementierung/delivery/run.ts:169:14)
    at ModuleJob.run (node:internal/modules/esm/module_job:413:25)
    at async onImport.tracePromise.__proto__ (node:internal/modules/esm/loader:660:26)
    at async asyncRunEntryPointWithESMLoader (node:internal/modules/run_main:101:5)

Node.js v24.12.0
[ELIFECYCLE] Command failed with exit code 1.

===== st23final01 started at 2026-07-16T07:27:11Z =====
PROGRAMMING_DIR=/Users/nghalinh2711/Development/student-repos/st23final01
COMMAND=pnpm delivery:run -- --exercise 

delivery/scripts/run-exercises.sh: line 382: DELIVERY_ARGS[@]: unbound variable

===== st23final01 started at 2026-07-16T07:28:31Z =====
PROGRAMMING_DIR=/Users/nghalinh2711/Development/student-repos/st23final01
COMMAND=pnpm delivery:run --exercise 

delivery/scripts/run-exercises.sh: line 382: DELIVERY_ARGS[@]: unbound variable

===== st23final01 started at 2026-07-16T07:29:30Z =====
PROGRAMMING_DIR=/Users/nghalinh2711/Development/student-repos/st23final01
COMMAND=pnpm delivery:run --exercise 

delivery/scripts/run-exercises.sh: line 382: DELIVERY_ARGS[@]: unbound variable

===== st23final01 started at 2026-07-16T07:31:58Z =====
PROGRAMMING_DIR=/Users/nghalinh2711/Development/student-repos/st23final01
COMMAND=pnpm delivery:run -- --exercise 

$ tsx delivery/run.ts -- --exercise
/Users/nghalinh2711/Development/ha-linh-nguyen/Implementierung/delivery/lib/cli/args.ts:82
        throw new Error(`Unknown argument: ${arg}`);
              ^

Error: Unknown argument: --
    at parseCoordinatorArgs (/Users/nghalinh2711/Development/ha-linh-nguyen/Implementierung/delivery/lib/cli/args.ts:82:15)
    at <anonymous> (/Users/nghalinh2711/Development/ha-linh-nguyen/Implementierung/delivery/run.ts:169:14)
    at ModuleJob.run (node:internal/modules/esm/module_job:413:25)
    at async onImport.tracePromise.__proto__ (node:internal/modules/esm/loader:660:26)
    at async asyncRunEntryPointWithESMLoader (node:internal/modules/run_main:101:5)

Node.js v24.12.0
[ELIFECYCLE] Command failed with exit code 1.

===== st23final01 started at 2026-07-17T11:20:06Z =====
PROGRAMMING_DIR=/Users/nghalinh2711/Development/student-repos/st23final01
DELIVERY_AGENT_CONTEXT_PROJECT=ProgrammingST23-Final1
COMMAND=pnpm delivery:run --exercise 

$ tsx delivery/run.ts --exercise

[delivery] Run ID: 20260717-132007
[delivery] Assignment: /Users/nghalinh2711/Development/student-repos/st23final01
[delivery] Assignment ID: st23final01
[delivery] Coding session: 20260717-132007-coding
[delivery] Requirements session: 20260717-132007-req
[delivery] Requirements log: /Users/nghalinh2711/Development/eval/programming/20260717-132007/requirements-output.log

[delivery] Phase A: Requirements

[delivery:requirements] Exercise stream: 9 turns for st23final01 (starting at turn 1)
[delivery:requirements] Output log: /Users/nghalinh2711/Development/eval/programming/20260717-132007/requirements-output.log
[delivery:requirements] Turn 1/9: Introduction
● adaptive-memory extension active (role=requirements, memorySession=20260717-132007-req) - type
  /memory-help. MCP tools registered (memory=false, backlog=true).







Changes    +0 -0
Duration   6s
Tokens     ↑ 16.5k (16.3k cached) • ↓ 140 (45 reasoning)
[delivery:requirements] Turn 1/9 complete
[delivery:requirements] Turn 2/9: task.md — segment 1/7 — Abschlussaufgabe 1 — Procrastinot
● adaptive-memory extension active (role=requirements, memorySession=20260717-132007-req) - type
  /memory-help. MCP tools registered (memory=false, backlog=true).







Changes    +0 -0
Duration   19s
Tokens     ↑ 16.9k (16.5k cached) • ↓ 309 (146 reasoning)
[delivery:requirements] Turn 2/9 complete
[delivery:requirements] Turn 3/9: task.md — segment 2/7 — Abschlussaufgabe 1 — Procrastinot > 1 Procrastinot
● adaptive-memory extension active (role=requirements, memorySession=20260717-132007-req) - type
  /memory-help. MCP tools registered (memory=false, backlog=true).







Changes    +0 -0
Duration   28s
Tokens     ↑ 17.3k (16.8k cached) • ↓ 202 (84 reasoning)
[delivery:requirements] Turn 3/9 complete
[delivery:requirements] Turn 4/9: task.md — segment 3/7 — Abschlussaufgabe 1 — Procrastinot > 2 Konzepte
● adaptive-memory extension active (role=requirements, memorySession=20260717-132007-req) - type
  /memory-help. MCP tools registered (memory=false, backlog=true).







Changes    +0 -0
Duration   43s
Tokens     ↑ 18.6k (17.2k cached) • ↓ 389 (168 reasoning)
[delivery:requirements] Turn 4/9 complete
[delivery:requirements] Turn 5/9: task.md — segment 4/7 — Abschlussaufgabe 1 — Procrastinot > 3 Platzhalter
● adaptive-memory extension active (role=requirements, memorySession=20260717-132007-req) - type
  /memory-help. MCP tools registered (memory=false, backlog=true).







Changes    +0 -0
Duration   53s
Tokens     ↑ 19.3k (18.6k cached) • ↓ 311 (145 reasoning)
[delivery:requirements] Turn 5/9 complete
[delivery:requirements] Turn 6/9: task.md — segment 5/7 — Abschlussaufgabe 1 — Procrastinot > 4 Befehle
● adaptive-memory extension active (role=requirements, memorySession=20260717-132007-req) - type
  /memory-help. MCP tools registered (memory=false, backlog=true).







Changes    +0 -0
Duration   1m 10s
Tokens     ↑ 22.4k (19.2k cached) • ↓ 892 (399 reasoning)
[delivery:requirements] Turn 6/9 complete
[delivery:requirements] Turn 7/9: examples.md — segment 6/7 — Beispiele — Abschlussaufgabe 1 (Procrastinot)
● adaptive-memory extension active (role=requirements, memorySession=20260717-132007-req) - type
  /memory-help. MCP tools registered (memory=false, backlog=true).







Changes    +0 -0
Duration   1m 55s
Tokens     ↑ 24.9k (22.3k cached) • ↓ 2.8k (2.5k reasoning)
[delivery:requirements] Turn 7/9 complete
[delivery:requirements] Turn 8/9: guidelines.md — segment 7/7 — Implementierungsrichtlinien — Abschlussaufgabe 1 (SS 2023)
● adaptive-memory extension active (role=requirements, memorySession=20260717-132007-req) - type
  /memory-help. MCP tools registered (memory=false, backlog=true).







Changes    +0 -0
Duration   2m 20s
Tokens     ↑ 27.2k (24.8k cached) • ↓ 1.3k (789 reasoning)
[delivery:requirements] Turn 8/9 complete
[delivery:requirements] Turn 9/9: Finalize backlog creation
● adaptive-memory extension active (role=requirements, memorySession=20260717-132007-req) - type
  /memory-help. MCP tools registered (memory=false, backlog=true).



● Create Backlog (MCP: agentic-memory) · Console-based TODO application in Java SE 17 with task hie…
  └ Backlog "Procrastinot" created with id: 880a7c1c-d5f2-454a-a6df-6f6cda9dcfc7



● Create Tasks (MCP: agentic-memory) · backlogId: "880a7c1c-d5f2-454a-a6df-6f6cda9dcfc7", tasks: [2…
  └ Created 21 task(s) in backlog 880a7c1c-d5f2-454a-a6df-6f6cda9dcfc7.



● Get Tasks (MCP: agentic-memory) · backlogId: "880a7c1c-d5f2-454a-a6df-6f6cda9dcfc7"
  └ Output too large to read at once (23.4 KB). Saved to: /var/folders/fs/p8fxyq6...

✗ View full task list output (shell)
  │ cat
  │ /var/folders/fs/p8fxyq611_d7_glm0yth2st80000gn/T/1784287439342-copilot-tool-output-q2oxw6.txt
  └ Denied by preToolUse hook: Requirements mode is read-only except for the registered MCP backlog
    tools.

● Read 1784287439342-copilot-tool-output-q2oxw6.txt
  │ /var/folders/fs/p8fxyq611_d7_glm0yth2st80000gn/T/1784287439342-copilot-tool-output-q2oxw6.txt
  └ L1:40 (23 lines read)







Changes    +0 -0
Duration   4m 6s
Tokens     ↑ 218.8k (203.8k cached) • ↓ 6.2k (2.7k reasoning)
[delivery:requirements] Turn 9/9 complete
[delivery:requirements] Exercise requirements stream complete — advancing to backlog discovery
[delivery] Phase B: Backlog discovery
[delivery] Using backlog: "Procrastinot" (880a7c1c-d5f2-454a-a6df-6f6cda9dcfc7)
[delivery] Backlog: "Procrastinot" (880a7c1c-d5f2-454a-a6df-6f6cda9dcfc7)

[delivery] Phase C: Coding

● adaptive-memory extension active (role=coding, memorySession=20260717-132007-coding) - type
  /memory-help. MCP tools registered (memory=false, backlog=true).

● Claim Next Task (MCP: agentic-memory) · backlogId: "880a7c1c-d5f2-454a-a6df-6f6cda9dcfc7"
  └ Claimed task "Project Scaffolding" (745f4e19-e61a-4346-9b31-3b961bc749df) and...

● List directory .
  └ 11 files found

● List directory src
  └ 1 file found

● Read pom.xml
  └ 31 lines read

● Read checkstyle.xml
  └ 353 lines read

● Read guidelines.md
  └ 100 lines read



● Search (glob)
  │ "src/**/*.java"
  └ No matches found



● Edit pom.xml +2 -2

● Edit checkstyle.xml +1 -1

● Create package directory structure (shell)
  │ mkdir -p /Users/nghalinh2711/Development/student-repos/st23final01/src/edu/kit/kastel/domain
  │ /Users/nghalinh2711/Development/student-repos/st23final01/src/edu/kit/kastel/repository
  │ /Users/nghalinh2711/Development/student-repos/st23final01/src/edu/kit/kastel/service
  │ /Users/nghalinh2711/Development/student-repos/st23final01/src/edu/kit/kastel/ui
  │ /Users/nghalinh2711/Development/student-repos/st23final01/src/edu/kit/kastel/command
  └ 1 line…



● Edit pom.xml +18



● Create package-info.java +5
  └ src/edu/kit/kastel/domain/package-info.java

● Create package-info.java +5
  └ src/edu/kit/kastel/repository/package-info.java

● Create package-info.java +5
  └ src/edu/kit/kastel/service/package-info.java

● Create package-info.java +5
  └ src/edu/kit/kastel/ui/package-info.java

● Create package-info.java +5
  └ src/edu/kit/kastel/command/package-info.java



● Compile project with Maven (shell)
  │ cd /Users/nghalinh2711/Development/student-repos/st23final01 && mvn compile 2>&1
  └ 22 lines…



● Edit checkstyle.xml +1 -1



● Compile again after checkstyle fix (shell)
  │ cd /Users/nghalinh2711/Development/student-repos/st23final01 && mvn compile 2>&1
  └ 28 lines…



● Edit pom.xml +1 -2

● Verify clean compile with release 17 (shell)
  │ cd /Users/nghalinh2711/Development/student-repos/st23final01 && mvn clean compile 2>&1
  └ 28 lines…



● Update Task (MCP: agentic-memory) · backlogId: "880a7c1c-d5f2-454a-a6df-6f6cda9dcfc7", taskId: "7…
  └ Task "Project Scaffolding" (745f4e19-e61a-4346-9b31-3b961bc749df) updated to ...



● Claim Next Task (MCP: agentic-memory) · backlogId: "880a7c1c-d5f2-454a-a6df-6f6cda9dcfc7"
  └ Claimed task "Domain Model: Task Entity" (0ae54e26-f8b2-4867-b687-c65a8491d56...



● Read examples.md
  └ 169 lines read

● Read task.md
  └ 286 lines read



● Create TaskState.java +14
  └ src/edu/kit/kastel/domain/TaskState.java

● Create Priority.java +28
  └ src/edu/kit/kastel/domain/Priority.java

● Create Tag.java +51
  └ src/edu/kit/kastel/domain/Tag.java



● Create Task.java +322
  └ src/edu/kit/kastel/domain/Task.java



● Compile and checkstyle verification (shell)
  │ cd /Users/nghalinh2711/Development/student-repos/st23final01 && mvn clean compile 2>&1
  └ 30 lines…



● Edit Task.java -27
  └ src/edu/kit/kastel/domain/Task.java



● Edit Task.java -9
  └ src/edu/kit/kastel/domain/Task.java

● Verify build with method count fix (shell)
  │ cd /Users/nghalinh2711/Development/student-repos/st23final01 && mvn clean compile 2>&1
  └ 28 lines…



● Update Task (MCP: agentic-memory) · state: "done", taskId: "0ae54e26-f8b2-4867-b687-c65a8491d563"…
  └ Task "Domain Model: Task Entity" (0ae54e26-f8b2-4867-b687-c65a8491d563) updat...

● Claim Next Task (MCP: agentic-memory) · backlogId: "880a7c1c-d5f2-454a-a6df-6f6cda9dcfc7"
  └ Cannot claim the next task — unresolved tasks are blocking:



● Claim Next Task (MCP: agentic-memory) · backlogId: "880a7c1c-d5f2-454a-a6df-6f6cda9dcfc7"
  └ Claimed task "Domain Model: Enums & Shared Types" (10a6756f-a20a-4bad-aed1-d1...



● Read TaskState.java
  │ src/edu/kit/kastel/domain/TaskState.java
  └ 13 lines read

● Read Priority.java
  │ src/edu/kit/kastel/domain/Priority.java
  └ 27 lines read



● Update Task (MCP: agentic-memory) · state: "done", taskId: "10a6756f-a20a-4bad-aed1-d1b9718b7697"…
  └ Task "Domain Model: Enums & Shared Types" (10a6756f-a20a-4bad-aed1-d1b9718b76...

● Claim Next Task (MCP: agentic-memory) · backlogId: "880a7c1c-d5f2-454a-a6df-6f6cda9dcfc7"
  └ Claimed task "Domain Model: Tag Entity" (7cc2f4a0-edd5-430d-a270-85ecd2fc5938...



● Read Tag.java
  │ src/edu/kit/kastel/domain/Tag.java
  └ 50 lines read



● Edit Tag.java +10 -1
  └ src/edu/kit/kastel/domain/Tag.java

● Verify Tag class compiles clean (shell)
  │ cd /Users/nghalinh2711/Development/student-repos/st23final01 && mvn clean compile 2>&1
  └ 29 lines…



● Edit Tag.java +1
  └ src/edu/kit/kastel/domain/Tag.java

● Verify clean build after javadoc fix (shell)
  │ cd /Users/nghalinh2711/Development/student-repos/st23final01 && mvn clean compile 2>&1
  └ 28 lines…



● Claim Next Task (MCP: agentic-memory) · backlogId: "880a7c1c-d5f2-454a-a6df-6f6cda9dcfc7"
  └ Cannot claim the next task — unresolved tasks are blocking:

● Update Task (MCP: agentic-memory) · state: "done", taskId: "7cc2f4a0-edd5-430d-a270-85ecd2fc5938"…
  └ Task "Domain Model: Tag Entity" (7cc2f4a0-edd5-430d-a270-85ecd2fc5938) update...

● Claim Next Task (MCP: agentic-memory) · backlogId: "880a7c1c-d5f2-454a-a6df-6f6cda9dcfc7"
  └ Claimed task "Domain Model: TaskList Entity" (012fb9cd-bce6-48a6-846b-a2b324e...

● Create TaskList.java +142
  └ src/edu/kit/kastel/domain/TaskList.java

● Verify TaskList compiles clean (shell)
  │ cd /Users/nghalinh2711/Development/student-repos/st23final01 && mvn clean compile 2>&1
  └ 28 lines…



● Update Task (MCP: agentic-memory) · state: "done", taskId: "012fb9cd-bce6-48a6-846b-a2b324eccfb4"…
  └ Task "Domain Model: TaskList Entity" (012fb9cd-bce6-48a6-846b-a2b324eccfb4) u...

● Claim Next Task (MCP: agentic-memory) · backlogId: "880a7c1c-d5f2-454a-a6df-6f6cda9dcfc7"
  └ Claimed task "In-Memory Repositories" (e3a8852e-82a3-4392-92ee-2e40d5113f03) ...



● Create TaskRepository.java +77
  └ src/edu/kit/kastel/repository/TaskRepository.java

● Create ListRepository.java +71
  └ src/edu/kit/kastel/repository/ListRepository.java

● Create TagRepository.java +71
  └ src/edu/kit/kastel/repository/TagRepository.java

● Verify repositories compile clean (shell)
  │ cd /Users/nghalinh2711/Development/student-repos/st23final01 && mvn clean compile 2>&1
  └ 28 lines…



● Update Task (MCP: agentic-memory) · state: "done", taskId: "e3a8852e-82a3-4392-92ee-2e40d5113f03"…
  └ Task "In-Memory Repositories" (e3a8852e-82a3-4392-92ee-2e40d5113f03) updated ...

● Claim Next Task (MCP: agentic-memory) · backlogId: "880a7c1c-d5f2-454a-a6df-6f6cda9dcfc7"
  └ Claimed task "Task Lifecycle Service" (89cf726a-a842-4e62-9108-21824da3464b) ...



● Read Task.java
  │ src/edu/kit/kastel/domain/Task.java
  └ 285 lines read



● Edit Task.java +2
  └ src/edu/kit/kastel/domain/Task.java

● Edit Task.java +2
  └ src/edu/kit/kastel/domain/Task.java

● Edit Task.java +26
  └ src/edu/kit/kastel/domain/Task.java



● Edit Task.java -22
  └ src/edu/kit/kastel/domain/Task.java

● Edit Task.java -10
  └ src/edu/kit/kastel/domain/Task.java



● Create TaskLifecycleService.java +193
  └ src/edu/kit/kastel/service/TaskLifecycleService.java

● Verify service compiles clean (shell)
  │ cd /Users/nghalinh2711/Development/student-repos/st23final01 && mvn clean compile 2>&1
  └ 47 lines…



● Edit Task.java -2
  └ src/edu/kit/kastel/domain/Task.java

● Edit Task.java -2
  └ src/edu/kit/kastel/domain/Task.java

● Edit Task.java -26
  └ src/edu/kit/kastel/domain/Task.java



● Edit TaskLifecycleService.java +50 -17
  └ src/edu/kit/kastel/service/TaskLifecycleService.java

● Verify service compiles clean (shell)
  │ cd /Users/nghalinh2711/Development/student-repos/st23final01 && mvn clean compile 2>&1
  └ 28 lines…



● Update Task (MCP: agentic-memory) · state: "done", taskId: "89cf726a-a842-4e62-9108-21824da3464b"…
  └ Task "Task Lifecycle Service" (89cf726a-a842-4e62-9108-21824da3464b) updated ...

● Claim Next Task (MCP: agentic-memory) · backlogId: "880a7c1c-d5f2-454a-a6df-6f6cda9dcfc7"
  └ Claimed task "Assignment Services" (1af32d05-7a34-4344-a624-90dfb745cf47) and...

● Create AssignmentService.java +123
  └ src/edu/kit/kastel/service/AssignmentService.java

● Verify AssignmentService compiles (shell)
  │ cd /Users/nghalinh2711/Development/student-repos/st23final01 && mvn clean compile 2>&1
  └ 29 lines…



● Edit AssignmentService.java -2
  └ src/edu/kit/kastel/service/AssignmentService.java

● Quick verify after unused import fix (shell)
  │ cd /Users/nghalinh2711/Development/student-repos/st23final01 && mvn compile -q 2>&1
  └ 1 line…

● Update Task (MCP: agentic-memory) · state: "done", taskId: "1af32d05-7a34-4344-a624-90dfb745cf47"…
  └ Task "Assignment Services" (1af32d05-7a34-4344-a624-90dfb745cf47) updated to ...

● Claim Next Task (MCP: agentic-memory) · backlogId: "880a7c1c-d5f2-454a-a6df-6f6cda9dcfc7"
  └ Claimed task "Tag Service" (9c90d4a9-5f7d-46ed-9e83-2c73efe19da7) and marked ...

● Create TagService.java +79
  └ src/edu/kit/kastel/service/TagService.java

● Verify TagService compiles (shell)
  │ cd /Users/nghalinh2711/Development/student-repos/st23final01 && mvn compile -q 2>&1
  └ 1 line…

● Claim Next Task (MCP: agentic-memory) · backlogId: "880a7c1c-d5f2-454a-a6df-6f6cda9dcfc7"
  └ Cannot claim the next task — unresolved tasks are blocking:

● Update Task (MCP: agentic-memory) · state: "done", taskId: "9c90d4a9-5f7d-46ed-9e83-2c73efe19da7"…
  └ Task "Tag Service" (9c90d4a9-5f7d-46ed-9e83-2c73efe19da7) updated to state: d...

● Claim Next Task (MCP: agentic-memory) · backlogId: "880a7c1c-d5f2-454a-a6df-6f6cda9dcfc7"
  └ Claimed task "Task Modification Service" (af32b4e2-a86f-4119-8829-5396cc4b56d...

● Create TaskModificationService.java +80
  └ src/edu/kit/kastel/service/TaskModificationService.java

● Verify TaskModificationService compiles (shell)
  │ cd /Users/nghalinh2711/Development/student-repos/st23final01 && mvn compile -q 2>&1
  └ 1 line…

● Update Task (MCP: agentic-memory) · state: "done", taskId: "af32b4e2-a86f-4119-8829-5396cc4b56db"…
  └ Task "Task Modification Service" (af32b4e2-a86f-4119-8829-5396cc4b56db) updat...

● Claim Next Task (MCP: agentic-memory) · backlogId: "880a7c1c-d5f2-454a-a6df-6f6cda9dcfc7"
  └ Claimed task "Task Output Formatting" (a627de4b-0df2-486f-9fb4-8ac7851d7611) ...

● Create TaskFormatter.java +106
  └ src/edu/kit/kastel/ui/TaskFormatter.java



● Edit TaskFormatter.java +17 -12
  └ src/edu/kit/kastel/ui/TaskFormatter.java

● Verify TaskFormatter compiles (shell)
  │ cd /Users/nghalinh2711/Development/student-repos/st23final01 && mvn compile -q 2>&1
  └ 1 line…

● Update Task (MCP: agentic-memory) · state: "done", taskId: "a627de4b-0df2-486f-9fb4-8ac7851d7611"…
  └ Task "Task Output Formatting" (a627de4b-0df2-486f-9fb4-8ac7851d7611) updated ...

● Claim Next Task (MCP: agentic-memory) · backlogId: "880a7c1c-d5f2-454a-a6df-6f6cda9dcfc7"
  └ Claimed task "Query Service: Show & Todo" (28d95933-2ceb-4ced-b47b-664900fb57...

● Create QueryService.java +126
  └ src/edu/kit/kastel/service/QueryService.java

● Verify QueryService compiles (shell)
  │ cd /Users/nghalinh2711/Development/student-repos/st23final01 && mvn compile -q 2>&1
  └ 1 line…

● Update Task (MCP: agentic-memory) · state: "done", taskId: "28d95933-2ceb-4ced-b47b-664900fb5759"…
  └ Task "Query Service: Show & Todo" (28d95933-2ceb-4ced-b47b-664900fb5759) upda...

● Claim Next Task (MCP: agentic-memory) · backlogId: "880a7c1c-d5f2-454a-a6df-6f6cda9dcfc7"
  └ Claimed task "Query Service: Date-Based Queries" (52857b3b-f0b6-4c70-af00-59a...



● Read QueryService.java
  │ src/edu/kit/kastel/service/QueryService.java
  └ 125 lines read

● Edit QueryService.java +5
  └ src/edu/kit/kastel/service/QueryService.java

● Edit QueryService.java +2
  └ src/edu/kit/kastel/service/QueryService.java

● Edit QueryService.java +68
  └ src/edu/kit/kastel/service/QueryService.java

● Edit QueryService.java +48 -1
  └ src/edu/kit/kastel/service/QueryService.java

● Verify date query methods compile (shell)
  │ cd /Users/nghalinh2711/Development/student-repos/st23final01 && mvn compile -q 2>&1
  └ 1 line…

● Update Task (MCP: agentic-memory) · state: "done", taskId: "52857b3b-f0b6-4c70-af00-59a66317b76c"…
  └ Task "Query Service: Date-Based Queries" (52857b3b-f0b6-4c70-af00-59a66317b76...

● Claim Next Task (MCP: agentic-memory) · backlogId: "880a7c1c-d5f2-454a-a6df-6f6cda9dcfc7"
  └ Claimed task "Query Service: Duplicates Detection" (615c4f92-65a7-444e-af11-a...

● Edit QueryService.java +50
  └ src/edu/kit/kastel/service/QueryService.java

● Verify duplicates detection compiles (shell)
  │ cd /Users/nghalinh2711/Development/student-repos/st23final01 && mvn compile -q 2>&1
  └ 1 line…

● Update Task (MCP: agentic-memory) · state: "done", taskId: "615c4f92-65a7-444e-af11-a450180b3038"…
  └ Task "Query Service: Duplicates Detection" (615c4f92-65a7-444e-af11-a450180b3...

● Claim Next Task (MCP: agentic-memory) · backlogId: "880a7c1c-d5f2-454a-a6df-6f6cda9dcfc7"
  └ Claimed task "Query Service: List, Tagged-With & Find" (abd3725c-4a3d-4a4a-a8...

● Edit QueryService.java +4
  └ src/edu/kit/kastel/service/QueryService.java

● Edit QueryService.java +8 -1
  └ src/edu/kit/kastel/service/QueryService.java

✗ Edit QueryService.java
  │ src/edu/kit/kastel/service/QueryService.java
  └ No match found

● Read QueryService.java
  │ src/edu/kit/kastel/service/QueryService.java
  └ 308 lines read

● Edit QueryService.java +95
  └ src/edu/kit/kastel/service/QueryService.java



● Edit QueryService.java +1
  └ src/edu/kit/kastel/service/QueryService.java

● Verify list/tagged/find methods compile (shell)
  │ cd /Users/nghalinh2711/Development/student-repos/st23final01 && mvn compile -q 2>&1
  └ 1 line…

● Update Task (MCP: agentic-memory) · state: "done", taskId: "abd3725c-4a3d-4a4a-a8d8-a7c74eb2f56d"…
  └ Task "Query Service: List, Tagged-With & Find" (abd3725c-4a3d-4a4a-a8d8-a7c74...

● Claim Next Task (MCP: agentic-memory) · backlogId: "880a7c1c-d5f2-454a-a6df-6f6cda9dcfc7"
  └ Claimed task "Command Parser & Dispatcher" (fd76d957-f50e-4c70-84f6-8d2d69184...

● Create CommandType.java +50
  └ src/edu/kit/kastel/command/CommandType.java

● Create ParsedCommand.java +60
  └ src/edu/kit/kastel/command/ParsedCommand.java

● Create CommandParser.java +276
  └ src/edu/kit/kastel/command/CommandParser.java



● Create CommandDispatcher.java +204
  └ src/edu/kit/kastel/command/CommandDispatcher.java



✗ Create CommandDispatcher.java
  │ src/edu/kit/kastel/command/CommandDispatcher.java
  └ Path already exists

● Rewrite CommandDispatcher with proper repo access (shell)
  │ cat > /Users/nghalinh2711/Development/student-repos/st23final01/src/edu/kit/kastel/command/Com
  │ mandDispatcher.java << 'JAVAEOF'
  │ package edu.kit.kastel.command;
  │
  │ import java.time.LocalDate;…
  └ 218 lines…

● Verify command parsing/dispatching compiles (shell)
  │ cd /Users/nghalinh2711/Development/student-repos/st23final01 && mvn compile -q 2>&1
  └ 1 line…

● Full checkstyle and build check (shell)
  │ cd /Users/nghalinh2711/Development/student-repos/st23final01 && mvn clean compile 2>&1 | grep -E
  │ '(WARN|ERROR|violations|BUILD)'
  └ 7 lines…

● Request failed due to a transient API error. Retrying...



● Edit CommandDispatcher.java +3 -3
  └ src/edu/kit/kastel/command/CommandDispatcher.java

● Edit CommandDispatcher.java -1
  └ src/edu/kit/kastel/command/CommandDispatcher.java

● Edit CommandParser.java -3
  └ src/edu/kit/kastel/command/CommandParser.java

● Edit CommandParser.java +3
  └ src/edu/kit/kastel/command/CommandParser.java



● Edit CommandParser.java +3 -33
  └ src/edu/kit/kastel/command/CommandParser.java



● Edit CommandParser.java +3 -3
  └ src/edu/kit/kastel/command/CommandParser.java

● Bulk replace validation calls (shell)
  │ cd /Users/nghalinh2711/Development/student-repos/st23final01 && sed -i '' \
  │ -e 's/validateList(\([^)]*\))/validate(\1, LIST_PATTERN, "list name")/g' \
  │ -e 's/validateTag(\([^)]*\))/validate(\1, TAG_PATTERN, "tag")/g' \
  │ -e 's/validateId(\([^)]*\))/validate(\1, ID_PATTERN, "ID")/g' \
  │ -e 's/validateDate(\([^)]*\))/validate(\1, DATE_PATTERN, "date")/g' \…
  └ 4 lines…



● Edit QueryService.java +1 -2
  └ src/edu/kit/kastel/service/QueryService.java

● Verify all warnings fixed (shell)
  │ cd /Users/nghalinh2711/Development/student-repos/st23final01 && mvn clean compile 2>&1 | grep -E
  │ '(WARN|ERROR|violations|BUILD|File length)'
  └ 23 lines…



● Edit CommandDispatcher.java -1
  └ src/edu/kit/kastel/command/CommandDispatcher.java

● Remove tagRepository assignment (shell)
  │ cd /Users/nghalinh2711/Development/student-repos/st23final01 && sed -i '' '/this.tagRepository =
  │ tagRepository;/d' src/edu/kit/kastel/command/CommandDispatcher.java
  └ 1 line…

● Edit CommandDispatcher.java -1
  └ src/edu/kit/kastel/command/CommandDispatcher.java

● Read QueryService.java
  │ src/edu/kit/kastel/service/QueryService.java
  └ L225:235 (11 lines read)

● Edit QueryService.java +1 -2
  └ src/edu/kit/kastel/service/QueryService.java

● Final checkstyle and build check (shell)
  │ cd /Users/nghalinh2711/Development/student-repos/st23final01 && mvn clean compile 2>&1 | grep -E
  │ '(WARN|ERROR|violations|BUILD)'
  └ 4 lines…



● Edit QueryService.java +1 -2
  └ src/edu/kit/kastel/service/QueryService.java

● Edit QueryService.java +1 -7
  └ src/edu/kit/kastel/service/QueryService.java

● Verify all warnings resolved (shell)
  │ cd /Users/nghalinh2711/Development/student-repos/st23final01 && mvn clean compile 2>&1 | grep -E
  │ '(WARN|ERROR|violations|BUILD)'
  └ 3 lines…



● Update Task (MCP: agentic-memory) · state: "done", taskId: "fd76d957-f50e-4c70-84f6-8d2d69184052"…
  └ Task "Command Parser & Dispatcher" (fd76d957-f50e-4c70-84f6-8d2d69184052) upd...

● Claim Next Task (MCP: agentic-memory) · backlogId: "880a7c1c-d5f2-454a-a6df-6f6cda9dcfc7"
  └ Claimed task "Command Handlers: Display Queries" (5764fd20-2579-47cf-94c6-c4a...



● Claim Next Task (MCP: agentic-memory) · backlogId: "880a7c1c-d5f2-454a-a6df-6f6cda9dcfc7"
  └ Cannot claim the next task — unresolved tasks are blocking:

● Update Task (MCP: agentic-memory) · state: "done", taskId: "5764fd20-2579-47cf-94c6-c4a79f8acecd"…
  └ Task "Command Handlers: Display Queries" (5764fd20-2579-47cf-94c6-c4a79f8acec...

● Claim Next Task (MCP: agentic-memory) · backlogId: "880a7c1c-d5f2-454a-a6df-6f6cda9dcfc7"
  └ Claimed task "Command Handlers: Modifications" (e414beef-b62e-477e-807a-2083d...



● Update Task (MCP: agentic-memory) · state: "done", taskId: "e414beef-b62e-477e-807a-2083dcaa84dd"…
  └ Task "Command Handlers: Modifications" (e414beef-b62e-477e-807a-2083dcaa84dd)...

● Claim Next Task (MCP: agentic-memory) · backlogId: "880a7c1c-d5f2-454a-a6df-6f6cda9dcfc7"
  └ Claimed task "Command Handlers: CRUD & Lifecycle" (aeb0ff08-e0e3-47dd-800a-06...



● Update Task (MCP: agentic-memory) · state: "done", taskId: "aeb0ff08-e0e3-47dd-800a-06f20e5473b1"…
  └ Task "Command Handlers: CRUD & Lifecycle" (aeb0ff08-e0e3-47dd-800a-06f20e5473...

● Claim Next Task (MCP: agentic-memory) · backlogId: "880a7c1c-d5f2-454a-a6df-6f6cda9dcfc7"
  └ Claimed task "Main Application & REPL Loop" (b1b3ae99-4a25-4291-b95c-1548be7e...



● Create Main.java +83
  └ src/edu/kit/kastel/ui/Main.java



● Edit CommandParser.java +3 -5
  └ src/edu/kit/kastel/command/CommandParser.java

● Verify Main class and full build (shell)
  │ cd /Users/nghalinh2711/Development/student-repos/st23final01 && mvn clean compile 2>&1 | grep -E
  │ '(WARN|ERROR|violations|BUILD)'
  └ 4 lines…



● Create ProcrastinotException.java +17
  └ src/edu/kit/kastel/ui/ProcrastinotException.java



● Replace IllegalArgumentException with ProcrastinotException in parser (shell)
  │ cd /Users/nghalinh2711/Development/student-repos/st23final01 && sed -i '' 's/throw new
  │ IllegalArgumentException(/throw new edu.kit.kastel.ui.ProcrastinotException(/g'
  │ src/edu/kit/kastel/command/CommandParser.java
  └ 1 line…



● Edit CommandDispatcher.java +2 -1
  └ src/edu/kit/kastel/command/CommandDispatcher.java

● Edit CommandDispatcher.java +6 -1
  └ src/edu/kit/kastel/command/CommandDispatcher.java



● Edit Main.java +1 -1
  └ src/edu/kit/kastel/ui/Main.java

● Verify ProcrastinotException approach works (shell)
  │ cd /Users/nghalinh2711/Development/student-repos/st23final01 && mvn clean compile 2>&1 | grep -E
  │ '(WARN|ERROR|violations|BUILD)'
  └ 30 lines…



● Edit ProcrastinotException.java +2 -2
  └ src/edu/kit/kastel/ui/ProcrastinotException.java



● Quick compile check (shell)
  │ cd /Users/nghalinh2711/Development/student-repos/st23final01 && mvn compile -q 2>&1 && echo
  │ "BUILD OK"
  └ 13 lines…



● Edit ProcrastinotException.java +1 -1
  └ src/edu/kit/kastel/ui/ProcrastinotException.java



● Edit CommandDispatcher.java +1 -2
  └ src/edu/kit/kastel/command/CommandDispatcher.java

● Edit CommandDispatcher.java +1 -6
  └ src/edu/kit/kastel/command/CommandDispatcher.java



● Edit Main.java +1 -1
  └ src/edu/kit/kastel/ui/Main.java

● Edit Main.java -1
  └ src/edu/kit/kastel/ui/Main.java

● Edit Main.java +1
  └ src/edu/kit/kastel/ui/Main.java

● Verify build after refactoring (shell)
  │ cd /Users/nghalinh2711/Development/student-repos/st23final01 && mvn clean compile 2>&1 | grep -E
  │ '(WARN|ERROR|violations|BUILD)'
  └ 8 lines…



● Read CommandParser.java
  │ src/edu/kit/kastel/command/CommandParser.java
  └ L64:68 (5 lines read)

● Edit CommandParser.java +2 -1
  └ src/edu/kit/kastel/command/CommandParser.java

● Read CommandParser.java
  │ src/edu/kit/kastel/command/CommandParser.java
  └ L130:140 (11 lines read)

● Edit CommandParser.java +2 -1
  └ src/edu/kit/kastel/command/CommandParser.java



● Edit CommandParser.java +1 -1
  └ src/edu/kit/kastel/command/CommandParser.java

● Edit CommandParser.java +2
  └ src/edu/kit/kastel/command/CommandParser.java

● Replace fully qualified ProcrastinotException references (shell)
  │ cd /Users/nghalinh2711/Development/student-repos/st23final01 && sed -i ''
  │ 's/edu\.kit\.kastel\.ui\.ProcrastinotException/ProcrastinotException/g'
  │ src/edu/kit/kastel/command/CommandParser.java
  └ 1 line…

● Verify remaining warnings (shell)
  │ cd /Users/nghalinh2711/Development/student-repos/st23final01 && mvn clean compile 2>&1 | grep -E
  │ '(WARN|ERROR|violations|BUILD)'
  └ 9 lines…

● Read CommandParser.java
  │ src/edu/kit/kastel/command/CommandParser.java
  └ L1:40 (40 lines read)



● Edit CommandParser.java +1 -1
  └ src/edu/kit/kastel/command/CommandParser.java

● Verify clean build after import fix (shell)
  │ cd /Users/nghalinh2711/Development/student-repos/st23final01 && mvn clean compile 2>&1 | grep -E
  │ '(WARN|ERROR|violations|BUILD)'
  └ 5 lines…



● Quick smoke test of the application (shell)
  │ cd /Users/nghalinh2711/Development/student-repos/st23final01 && echo -e "add TestTask\nshow
  │ 1\ntodo\nquit" | java -cp target/classes edu.kit.kastel.ui.Main 2>&1
  └ 4 lines…



● Claim Next Task (MCP: agentic-memory) · backlogId: "880a7c1c-d5f2-454a-a6df-6f6cda9dcfc7"
  └ Cannot claim the next task — unresolved tasks are blocking:

● Update Task (MCP: agentic-memory) · state: "done", taskId: "b1b3ae99-4a25-4291-b95c-1548be7e45ef"…
  └ Task "Main Application & REPL Loop" (b1b3ae99-4a25-4291-b95c-1548be7e45ef) up...

● Claim Next Task (MCP: agentic-memory) · backlogId: "880a7c1c-d5f2-454a-a6df-6f6cda9dcfc7"
  └ Claimed task "Integration Testing & Checkstyle Compliance" (9830306c-e6ee-4bb...



● Full checkstyle check (shell)
  │ cd /Users/nghalinh2711/Development/student-repos/st23final01 && mvn clean compile 2>&1 | tail -5
  └ 6 lines…

● Run full example interaction test (shell)
  │ cd /Users/nghalinh2711/Development/student-repos/st23final01 && cat << 'EOF' | java -cp
  │ target/classes edu.kit.kastel.ui.Main 2>&1
  │ add Final1 HI 2023-07-31
  │ add complete_commands MD 2023-07-26
  │ add command_add…
  └ 109 lines…



● Edit CommandParser.java +12 -4
  └ src/edu/kit/kastel/command/CommandParser.java

● Quick compile after parser fix (shell)
  │ cd /Users/nghalinh2711/Development/student-repos/st23final01 && mvn compile -q 2>&1 && echo
  │ "BUILD OK"
  └ 2 lines…

● Run full example interaction test again (shell)
  │ cd /Users/nghalinh2711/Development/student-repos/st23final01 && cat << 'EOF' | java -cp
  │ target/classes edu.kit.kastel.ui.Main 2>&1
  │ add Final1 HI 2023-07-31
  │ add complete_commands MD 2023-07-26
  │ add command_add…
  └ 129 lines…



● Read TaskLifecycleService.java
  │ src/edu/kit/kastel/service/TaskLifecycleService.java
  └ L156:196 (41 lines read)

● Edit TaskLifecycleService.java +1 -1
  └ src/edu/kit/kastel/service/TaskLifecycleService.java

● Edit TaskLifecycleService.java +10 -8
  └ src/edu/kit/kastel/service/TaskLifecycleService.java

● Quick compile after deleteRecursive fix (shell)
  │ cd /Users/nghalinh2711/Development/student-repos/st23final01 && mvn compile -q 2>&1 && echo
  │ "BUILD OK"
  └ 2 lines…

● Run full integration test after fix (shell)
  │ cd /Users/nghalinh2711/Development/student-repos/st23final01 && cat << 'EOF' | java -cp
  │ target/classes edu.kit.kastel.ui.Main 2>&1
  │ add Final1 HI 2023-07-31
  │ add complete_commands MD 2023-07-26
  │ add command_add…
  └ 139 lines…



● Edit QueryService.java +3 -9
  └ src/edu/kit/kastel/service/QueryService.java

● Edit QueryService.java +4 -12
  └ src/edu/kit/kastel/service/QueryService.java

● Edit QueryService.java +4 -12
  └ src/edu/kit/kastel/service/QueryService.java

● Quick compile after query fixes (shell)
  │ cd /Users/nghalinh2711/Development/student-repos/st23final01 && mvn compile -q 2>&1 && echo
  │ "BUILD OK"
  └ 2 lines…

● Run full integration test after query fixes (shell)
  │ cd /Users/nghalinh2711/Development/student-repos/st23final01 && cat << 'EOF' | java -cp
  │ target/classes edu.kit.kastel.ui.Main 2>&1
  │ add Final1 HI 2023-07-31
  │ add complete_commands MD 2023-07-26
  │ add command_add…
  └ 133 lines…



● Edit QueryService.java +7 -7
  └ src/edu/kit/kastel/service/QueryService.java



● Edit QueryService.java +35
  └ src/edu/kit/kastel/service/QueryService.java

● Edit QueryService.java +5 -15
  └ src/edu/kit/kastel/service/QueryService.java

● Compile after query refactor (shell)
  │ cd /Users/nghalinh2711/Development/student-repos/st23final01 && mvn compile -q 2>&1 && echo
  │ "BUILD OK"
  └ 2 lines…

● Run full integration test with filterRootTasks (shell)
  │ cd /Users/nghalinh2711/Development/student-repos/st23final01 && cat << 'EOF' | java -cp
  │ target/classes edu.kit.kastel.ui.Main 2>&1
  │ add Final1 HI 2023-07-31
  │ add complete_commands MD 2023-07-26
  │ add command_add…
  └ 130 lines…



● Final checkstyle and build verification (shell)
  │ cd /Users/nghalinh2711/Development/student-repos/st23final01 && mvn clean compile 2>&1 | grep -E
  │ '(WARN|ERROR|violations|BUILD)'
  └ 5 lines…



● Claim Next Task (MCP: agentic-memory) · backlogId: "880a7c1c-d5f2-454a-a6df-6f6cda9dcfc7"
  └ Cannot claim the next task — unresolved tasks are blocking:

● Update Task (MCP: agentic-memory) · state: "done", taskId: "9830306c-e6ee-4bb2-8d95-70c3d7bb212d"…
  └ Task "Integration Testing & Checkstyle Compliance" (9830306c-e6ee-4bb2-8d95-7...

● Claim Next Task (MCP: agentic-memory) · backlogId: "880a7c1c-d5f2-454a-a6df-6f6cda9dcfc7"
  └ No claimable to_do task remains in this backlog.



● Get Tasks (MCP: agentic-memory) · backlogId: "880a7c1c-d5f2-454a-a6df-6f6cda9dcfc7"
  └ Output too large to read at once (23.4 KB). Saved to: /var/folders/fs/p8fxyq6...

● Check task statuses (shell)
  │ grep -o '\[[a-z_]*\]'
  │ /var/folders/fs/p8fxyq611_d7_glm0yth2st80000gn/T/1784289209868-copilot-tool-output-x463wc.txt |
  │ sort | uniq -c
  └ 3 lines…



● skill(delivery-port-check)



● Read README.md
  └ 4 lines read

● Edit README.md +64 -4



● Final build verification (shell)
  │ cd /Users/nghalinh2711/Development/student-repos/st23final01 && mvn clean compile 2>&1 | tail -8
  └ 9 lines…







Changes    +2798 -293
Duration   29m 54s
Tokens     ↑ 19.2m (19.1m cached) • ↓ 90.8k (27.9k reasoning)
[delivery] Coding agent exited with code 0
[delivery] Backlog verification passed.
[delivery] Phase E: Feedback

[delivery] Feedback agent — interactive session.
[delivery] Provide feedback to the agent. Exit the session (Ctrl+C or /exit) when done.


===== st23final01 started at 2026-07-25T15:29:06Z =====
PROGRAMMING_DIR=/Users/nghalinh2711/Development/student-repos/st23final01
DELIVERY_AGENT_CONTEXT_PROJECT=ProgrammingST23-Final1
DELIVERY_AGENT_CONTEXT_DOMAIN=st23final01
COMMAND=pnpm delivery:run --exercise 

$ tsx delivery/run.ts --exercise
[delivery:knowledgebase] Ensuring guidelines.md is ingested for domain st23final01 before exercise requirements
[delivery:knowledgebase] Uploading guidelines.md to Vercel Blob for domain st23final01
[delivery:knowledgebase] Registered guidelines upload job 1d949b68-455c-42f4-9e17-17b261f94046; waiting for ingestion
[delivery:knowledgebase] Guidelines ingestion job 1d949b68-455c-42f4-9e17-17b261f94046: processing
[delivery:knowledgebase] Guidelines ingestion job 1d949b68-455c-42f4-9e17-17b261f94046: processing
[delivery:knowledgebase] Guidelines ingestion job 1d949b68-455c-42f4-9e17-17b261f94046: processing
[delivery:knowledgebase] Guidelines ingestion job 1d949b68-455c-42f4-9e17-17b261f94046: processing
[delivery:knowledgebase] Guidelines ingestion job 1d949b68-455c-42f4-9e17-17b261f94046: processing
[delivery:knowledgebase] Guidelines ingestion job 1d949b68-455c-42f4-9e17-17b261f94046: processing
[delivery:knowledgebase] Guidelines ingestion job 1d949b68-455c-42f4-9e17-17b261f94046: processing
[delivery:knowledgebase] Guidelines ingestion job 1d949b68-455c-42f4-9e17-17b261f94046: processing
[delivery:knowledgebase] Guidelines ingestion job 1d949b68-455c-42f4-9e17-17b261f94046: processing
[delivery:knowledgebase] Guidelines ingestion job 1d949b68-455c-42f4-9e17-17b261f94046: processing
[delivery:knowledgebase] Guidelines ingestion job 1d949b68-455c-42f4-9e17-17b261f94046: processing
[delivery:knowledgebase] Guidelines ingestion job 1d949b68-455c-42f4-9e17-17b261f94046: processing
[delivery:knowledgebase] Guidelines ingestion job 1d949b68-455c-42f4-9e17-17b261f94046: processing
[delivery:knowledgebase] Guidelines ingestion job 1d949b68-455c-42f4-9e17-17b261f94046: processing
[delivery:knowledgebase] Guidelines ingestion job 1d949b68-455c-42f4-9e17-17b261f94046: processing
[delivery:knowledgebase] Guidelines ingestion job 1d949b68-455c-42f4-9e17-17b261f94046: processing
[delivery:knowledgebase] Guidelines ingestion job 1d949b68-455c-42f4-9e17-17b261f94046: succeeded
[delivery:knowledgebase] Guidelines ingestion succeeded for domain st23final01 (job 1d949b68-455c-42f4-9e17-17b261f94046)

[delivery] Run ID: 20260725-172906
[delivery] Assignment: /Users/nghalinh2711/Development/student-repos/st23final01
[delivery] Assignment ID: st23final01
[delivery] Coding session: 20260725-172906-coding
[delivery] Requirements session: 20260725-172906-req
[delivery] Requirements log: /Users/nghalinh2711/Development/eval/programming/20260725-172906/requirements-output.log

[delivery] Phase A: Requirements

[delivery:requirements] Exercise stream: 8 turns for st23final01 (starting at turn 1)
[delivery:requirements] Output log: /Users/nghalinh2711/Development/eval/programming/20260725-172906/requirements-output.log
[delivery:requirements] Turn 1/8: Introduction
● [adaptive-context] GET http://localhost:4444/api/agents/7af7809a-adce-4fa9-9609-fd61059de0ff/sessi
  ons/20260725-172906-req/context?input=Ich+arbeite+an+einer+Abschluss-Programmieraufgabe.+Ich+werde
  +dir+die+Aufgabe+im+Folgenden+abschnittsweise+%C3%BCbermitteln.+Lies+sie+dir+durch+und+verschaffe+
  dir+zun%C3%A4chst+einen+%C3%9Cberblick+%C3%BCber+den+Kontext%2C+bevor+der+Backlog-+und+Task-Erstel
  lung.+Achte+dabei+unbedingt+auf+die+vorgegebenen+Regeln+und+Richtlinien.&project=ProgrammingST23-F
  inal1&role=requirements&task=Understand+the+st23final01+and+create+its+backlog+when+prompted.&time
  stamp=2026-07-25T15%3A30%3A33.768Z&domain=st23final01

● Injected adaptive memory context into system prompt

● <adaptive_rules>
  - Auf sinnvolle und saubere Modellierung achten.
  - Auf Trennung der Belange achten, damit die textuelle Schnittstelle später durch eine grafische
  Oberfläche ersetzt werden kann.
  - Aufgaben werden zeilenweise ausgegeben.
  - Erledigte Aufgaben werden durch `[x]` gekennzeichnet, sonst durch `[ ]`.
  - Fehlen sowohl Frist als auch Schlagworte, wird nach der Priorität nichts mehr ausgegeben.
  - Ist keine Frist vorhanden, wird der Pfeil weggelassen.
  - Jede Unteraufgabe ist zwei Leerzeichen tiefer eingerückt als die entsprechende Elternaufgabe.
  - Sind keine Schlagworte vorhanden, werden die runden Klammern nicht angezeigt.
  - Sortierung erfolgt zuerst absteigend nach der Priorität (`HI` > `MD` > `LO` > keine Priorität),
  danach nach Einfügereihenfolge.
  - Sowohl übergeordnete Aufgaben als auch alle Unteraufgaben einer Aufgabe werden jeweils nach
  diesen Kriterien sortiert ausgegeben.
  - Übergeordnete Aufgaben werden direkt ausgegeben; alle anderen Aufgaben werden nach ihrer
  Elternausgabe ausgegeben.
  - <priority> ist die textuelle Repräsentation der Priorität (`HI`, `MD` oder `LO`) oder eine leere
   Zeichenkette, falls keine Priorität vergeben werden soll.
  - <list> ist eine eindeutige, nichtleere Zeichenkette, die nur aus Buchstaben (A-Z, a-z) besteht.
  - <name> ist eine Zeichenkette, die keine Zeilenumbrüche oder Leerzeichen enthält.
  - <tag> ist eine eindeutige, nichtleere Zeichenkette die nur aus Buchstaben (A-Z, a-z) und Zahlen
  besteht.
  - <date> ist eine Datumsangabe als Zeichenkette im Format JJJJ-MM-TT (z.B. `2023-05-24`).
  - After printing an error message the program must continue and wait for the next input.
  - All solutions must use Java SE 17.
  - Do not call System.exit(), Runtime.exit() or similar methods.
  - Do not use the default package for your classes.
  - Error messages must begin with 'ERROR: ' and contain no line breaks.
  - Invalid or unsuccessfully executed commands must produce an error message.
  - Mandatory tests must be passed before other tests are evaluated.
  - Maximum line width of 120 characters must be respected.
  - Only java.util.Scanner and elements from the listed packages are allowed from the Java
  libraries.
  - Source code must be written in English; comments must be consistently English or German; Javadoc
   author tag must contain only the u‑identifier.
  - Source code must compile without errors.
  - Submit your .java files for task A as individual work with correct folder structure.
  - The online submission system enforces Checkstyle rules and some rule violations cause a zero
  score.
  - The program must terminate when the input 'quit' is received and must not use System.exit().
  - Use System.in for input and System.out for output; do not reassign these streams.
  </adaptive_rules>

  <knowledge>
    - Eine Aufgabe hat eine eindeutige Identität (Ganzzahl, beginnend bei 1 und dann aufsteigend).
  </knowledge>
  <entity_paths>
    - Implementierungsrichtlinien — Abschlussaufgabe 1 (SS 2023) CONSTRAINT Java SE 17: All
  solutions must use Java SE 17.
    - Implementierungsrichtlinien — Abschlussaufgabe 1 (SS 2023) CONSTRAINT Allowed Java library
  elements (Scanner and listed packages): Only java.util.Scanner and elements from the listed
  packages are allowed from the Java libraries.
    - Implementierungsrichtlinien — Abschlussaufgabe 1 (SS 2023) CONSTRAINT Compile without errors:
  Source code must compile without errors.
    - Implementierungsrichtlinien — Abschlussaufgabe 1 (SS 2023) CONSTRAINT Pass mandatory tests
  first: Mandatory tests must be passed before other tests are evaluated.
    - Implementierungsrichtlinien — Abschlussaufgabe 1 (SS 2023) CONSTRAINT Checkstyle enforced by
  submission system: The online submission system enforces Checkstyle rules and some rule violations
   cause a zero score.
    - Implementierungsrichtlinien — Abschlussaufgabe 1 (SS 2023) CONSTRAINT Maximum line width 120:
  Maximum line width of 120 characters must be respected.
    - Implementierungsrichtlinien — Abschlussaufgabe 1 (SS 2023) CONSTRAINT No default package: Do
  not use the default package for your classes.
    - Implementierungsrichtlinien — Abschlussaufgabe 1 (SS 2023) CONSTRAINT No System.exit() or
  similar: Do not call System.exit(), Runtime.exit() or similar methods.
    - Implementierungsrichtlinien — Abschlussaufgabe 1 (SS 2023) CONSTRAINT Use standard streams and
   do not reassign: Use System.in for input and System.out for output; do not reassign these
  streams.
    - Implementierungsrichtlinien — Abschlussaufgabe 1 (SS 2023) CONSTRAINT Error message format:
  Error messages must begin with 'ERROR: ' and contain no line breaks.
    - Implementierungsrichtlinien — Abschlussaufgabe 1 (SS 2023) CONSTRAINT Continue after error:
  After printing an error message the program must continue and wait for the next input.
    - Implementierungsrichtlinien — Abschlussaufgabe 1 (SS 2023) CONSTRAINT quit terminates program
  without System.exit: The program must terminate when the input 'quit' is received and must not use
   System.exit().
    - Implementierungsrichtlinien — Abschlussaufgabe 1 (SS 2023) CONSTRAINT Submission of *.java
  files for task A: Submit your .java files for task A as individual work with correct folder
  structure.
    - Implementierungsrichtlinien — Abschlussaufgabe 1 (SS 2023) CONSTRAINT Language and Javadoc
  author rules: Source code must be written in English; comments must be consistently English or
  German; Javadoc author tag must contain only the u‑identifier.
    - Implementierungsrichtlinien — Abschlussaufgabe 1 (SS 2023) CONSTRAINT Command error handling:
  Invalid or unsuccessfully executed commands must produce an error message.
    - <tag> CONSTRAINT format: alphanumeric: <tag> ist eine eindeutige, nichtleere Zeichenkette die
  nur aus Buchstaben (A-Z, a-z) und Zahlen besteht.
    - Task CONSTRAINT <name>: Aufgabennamen dürfen doppelt vorkommen (doppelte Namen sind erlaubt).
    - Task CONSTRAINT <id>: Eine Aufgabe hat eine eindeutige Identität (Ganzzahl, beginnend bei 1
  und dann aufsteigend).
    - Task CONSTRAINT line-based output: Aufgaben werden zeilenweise ausgegeben.
    - Task CONSTRAINT completion marker: Erledigte Aufgaben werden durch `[x]` gekennzeichnet, sonst
   durch `[ ]`.
  </entity_paths>
  <entity_matches>
    - Implementierungsrichtlinien — Abschlussaufgabe 1 (SS 2023) (score: 0.76) — Wenn die
  Benutzereingabe nicht dem vorgegebenen Format entspricht oder ein Befehl nicht erfolgreich
  ausgeführt werden kann, ist eine Fehlermeldung auszugeben.
    - <tag> (score: 0.76) — Schlagwort für Aufgaben
    - line-based output (score: 0.75) — Eine Aufgabe pro Zeile
    - Task (score: 0.75) — Domänenentität für eine Aufgabe
    - Task Manager Program (score: 0.74) — Kommandozeilen-Anwendung zur Aufgabenverwaltung
  </entity_matches>

● adaptive-memory extension active (role=requirements, memorySession=20260725-172906-req) - type
  /memory-help. MCP tools registered (memory=true, backlog=true).







Changes    +0 -0
Duration   18s
Tokens     ↑ 21.2k (1.2k cached) • ↓ 706 (511 reasoning)
[delivery:requirements] Turn 1/8 complete
[delivery:requirements] Turn 2/8: task.md — segment 1/6 — Abschlussaufgabe 1 — Procrastinot
● [adaptive-context] GET http://localhost:4444/api/agents/7af7809a-adce-4fa9-9609-fd61059de0ff/sessi
  ons/20260725-172906-req/context?input=Dokument%3A+task.md%0ASegment%3A+1%2F6%0AAbschnitt%3A+Abschl
  ussaufgabe+1+%E2%80%94+Procrastinot%0A%0ALies+diesen+Abschnitt+sorgf%C3%A4ltig+und+behalte+den+Kon
  text.+Erstelle+noch+keinen+Backlog+und+noch+keine+Tasks.+Warte+damit+bis+zum+abschlie%C3%9Fenden+%
  2Ffinalize.%0A%0A%23+Abschlussaufgabe+1+%E2%80%94+Procrastinot%0A%0A**Vorlesung%3A**+Programmieren
  %0A**Semester%3A**+Sommersemester+2023%0A**Dozent%3A**+Prof.+Dr.-Ing.+Anne+Koziolek%0A**Gruppe%3A*
  *+Institute+of+Information+Security+and+Dependability+%28KASTEL%29%0A**Punkte%3A**+20+Punkte%0A**V
  ersion%3A**+1.1&project=ProgrammingST23-Final1&role=requirements&task=Understand+the+st23final01+a
  nd+create+its+backlog+when+prompted.&timestamp=2026-07-25T15%3A30%3A54.807Z&domain=st23final01

● Injected adaptive memory context into system prompt

● <adaptive_rules>
  - Auf sinnvolle und saubere Modellierung achten.
  - Auf Trennung der Belange achten, damit die textuelle Schnittstelle später durch eine grafische
  Oberfläche ersetzt werden kann.
  - <priority> ist die textuelle Repräsentation der Priorität (`HI`, `MD` oder `LO`) oder eine leere
   Zeichenkette, falls keine Priorität vergeben werden soll.
  - Aufgaben werden zeilenweise ausgegeben.
  - Erledigte Aufgaben werden durch `[x]` gekennzeichnet, sonst durch `[ ]`.
  - Fehlen sowohl Frist als auch Schlagworte, wird nach der Priorität nichts mehr ausgegeben.
  - Ist keine Frist vorhanden, wird der Pfeil weggelassen.
  - Jede Unteraufgabe ist zwei Leerzeichen tiefer eingerückt als die entsprechende Elternaufgabe.
  - Sind keine Schlagworte vorhanden, werden die runden Klammern nicht angezeigt.
  - Sortierung erfolgt zuerst absteigend nach der Priorität (`HI` > `MD` > `LO` > keine Priorität),
  danach nach Einfügereihenfolge.
  - Sowohl übergeordnete Aufgaben als auch alle Unteraufgaben einer Aufgabe werden jeweils nach
  diesen Kriterien sortiert ausgegeben.
  - Übergeordnete Aufgaben werden direkt ausgegeben; alle anderen Aufgaben werden nach ihrer
  Elternausgabe ausgegeben.
  - <list> ist eine eindeutige, nichtleere Zeichenkette, die nur aus Buchstaben (A-Z, a-z) besteht.
  - <name> ist eine Zeichenkette, die keine Zeilenumbrüche oder Leerzeichen enthält.
  - After printing an error message the program must continue and wait for the next input.
  - All solutions must use Java SE 17.
  - Do not call System.exit(), Runtime.exit() or similar methods.
  - Do not use the default package for your classes.
  - Error messages must begin with 'ERROR: ' and contain no line breaks.
  - Invalid or unsuccessfully executed commands must produce an error message.
  - Mandatory tests must be passed before other tests are evaluated.
  - Maximum line width of 120 characters must be respected.
  - Only java.util.Scanner and elements from the listed packages are allowed from the Java
  libraries.
  - Source code must be written in English; comments must be consistently English or German; Javadoc
   author tag must contain only the u‑identifier.
  - Source code must compile without errors.
  - Submit your .java files for task A as individual work with correct folder structure.
  - The online submission system enforces Checkstyle rules and some rule violations cause a zero
  score.
  - The program must terminate when the input 'quit' is received and must not use System.exit().
  - Use System.in for input and System.out for output; do not reassign these streams.
  - <date> ist eine Datumsangabe als Zeichenkette im Format JJJJ-MM-TT (z.B. `2023-05-24`).
  - <tag> ist eine eindeutige, nichtleere Zeichenkette die nur aus Buchstaben (A-Z, a-z) und Zahlen
  besteht.
  </adaptive_rules>

  <knowledge>
    - Eine Aufgabe hat eine eindeutige Identität (Ganzzahl, beginnend bei 1 und dann aufsteigend).
  </knowledge>
  <entity_paths>
    - <tag> CONSTRAINT format: alphanumeric: <tag> ist eine eindeutige, nichtleere Zeichenkette die
  nur aus Buchstaben (A-Z, a-z) und Zahlen besteht.
    - Task CONSTRAINT <name>: Aufgabennamen dürfen doppelt vorkommen (doppelte Namen sind erlaubt).
    - Task CONSTRAINT <id>: Eine Aufgabe hat eine eindeutige Identität (Ganzzahl, beginnend bei 1
  und dann aufsteigend).
    - Task CONSTRAINT line-based output: Aufgaben werden zeilenweise ausgegeben.
    - Task CONSTRAINT completion marker: Erledigte Aufgaben werden durch `[x]` gekennzeichnet, sonst
   durch `[ ]`.
    - Task CONSTRAINT omit parentheses if no tags: Sind keine Schlagworte vorhanden, werden die
  runden Klammern nicht angezeigt.
    - Task CONSTRAINT omit arrow if no due date: Ist keine Frist vorhanden, wird der Pfeil
  weggelassen.
    - Task CONSTRAINT omit details if no date and no tags: Fehlen sowohl Frist als auch Schlagworte,
   wird nach der Priorität nichts mehr ausgegeben.
    - Task CONSTRAINT parent/child output ordering: Übergeordnete Aufgaben werden direkt ausgegeben;
   alle anderen Aufgaben werden nach ihrer Elternausgabe ausgegeben.
    - Task CONSTRAINT indentation: 2 spaces per level: Jede Unteraufgabe ist zwei Leerzeichen tiefer
   eingerückt als die entsprechende Elternaufgabe.
    - Task CONSTRAINT sorting: priority desc then insertion order: Sortierung erfolgt zuerst
  absteigend nach der Priorität (`HI` > `MD` > `LO` > keine Priorität), danach nach
  Einfügereihenfolge.
    - Task CONSTRAINT apply sorting to parents and subtasks: Sowohl übergeordnete Aufgaben als auch
  alle Unteraufgaben einer Aufgabe werden jeweils nach diesen Kriterien sortiert ausgegeben.
    - <name> CONSTRAINT format: no whitespace or newlines: <name> ist eine Zeichenkette, die keine
  Zeilenumbrüche oder Leerzeichen enthält.
    - <priority> CONSTRAINT allowed values: HI|MD|LO|empty: <priority> ist die textuelle
  Repräsentation der Priorität (`HI`, `MD` oder `LO`) oder eine leere Zeichenkette, falls keine
  Priorität vergeben werden soll.
    - Task CONSTRAINT <name>: Aufgabennamen dürfen doppelt vorkommen (doppelte Namen sind erlaubt).
    - <name> CONSTRAINT format: no whitespace or newlines: <name> ist eine Zeichenkette, die keine
  Zeilenumbrüche oder Leerzeichen enthält.
  </entity_paths>
  <entity_matches>
    - indentation: 2 spaces per level (score: 0.74) — Einrückung von Unteraufgaben um zwei
  Leerzeichen
    - <tag> (score: 0.74) — Schlagwort für Aufgaben
    - Task (score: 0.73) — Domänenentität für eine Aufgabe
    - <name> (score: 0.73) — Name einer Aufgabe
    - <priority> (score: 0.72) — Prioritätsfeld einer Aufgabe
  </entity_matches>

● adaptive-memory extension active (role=requirements, memorySession=20260725-172906-req) - type
  /memory-help. MCP tools registered (memory=true, backlog=true).







Changes    +0 -0
Duration   33s
Tokens     ↑ 21.3k (1.2k cached) • ↓ 209 (80 reasoning)
[delivery:requirements] Turn 2/8 complete
[delivery:requirements] Turn 3/8: task.md — segment 2/6 — Abschlussaufgabe 1 — Procrastinot > 1 Procrastinot
● [adaptive-context] GET
  http://localhost:4444/api/agents/7af7809a-adce-4fa9-9609-fd61059de0ff/sessions/20260725-172906-req
  /context?input=Dokument%3A+task.md%0ASegment%3A+2%2F6%0AAbschnitt%3A+Abschlussaufgabe+1+%E2%80%94+
  Procrastinot+%3E+1+Procrastinot%0A%0ALies+diesen+Abschnitt+sorgf%C3%A4ltig+und+behalte+den+Kontext
  .+Erstelle+noch+keinen+Backlog+und+noch+keine+Tasks.+Warte+damit+bis+zum+abschlie%C3%9Fenden+%2Ffi
  nalize.%0A%0A%23%23+1+Procrastinot%0A%0AIn+dieser+Aufgabe+soll+eine+TODO-Anwendung+erstellt+werden
  %2C+welche+die+Planung+und+Verwaltung+von+Aufgaben%2C+Termine+oder+Aktivit%C3%A4ten+erm%C3%B6glich
  t.+Die+Anwendung+erm%C3%B6glicht+es+Benutzern%2C+Aufgaben+zu+erstellen%2C+zu+bearbeiten%2C+zu+prio
  risieren+und+zu+verfolgen.%0ASie+bietet+Funktionen+wie+zum+Beispiel+das+Zuweisen+von+Priorit%C3%A4
  ten+oder+das+Erstellen+von+Unteraufgaben.%0ADie+TODO-Anwendung+dient+als+Hilfsmittel+zur+pers%C3%B
  6nlichen+oder+beruflichen+Organisation%2C+um+Aufgaben+effizient+zu+verwalten+und+den+%C3%9Cberblic
  k+zu+behalten.&project=ProgrammingST23-Final1&role=requirements&task=Understand+the+st23final01+an
  d+create+its+backlog+when+prompted.&timestamp=2026-07-25T15%3A31%3A08.872Z&domain=st23final01

● Injected adaptive memory context into system prompt

● <adaptive_rules>
  - <priority> ist die textuelle Repräsentation der Priorität (`HI`, `MD` oder `LO`) oder eine leere
   Zeichenkette, falls keine Priorität vergeben werden soll.
  - Aufgaben werden zeilenweise ausgegeben.
  - Erledigte Aufgaben werden durch `[x]` gekennzeichnet, sonst durch `[ ]`.
  - Fehlen sowohl Frist als auch Schlagworte, wird nach der Priorität nichts mehr ausgegeben.
  - Ist keine Frist vorhanden, wird der Pfeil weggelassen.
  - Jede Unteraufgabe ist zwei Leerzeichen tiefer eingerückt als die entsprechende Elternaufgabe.
  - Sind keine Schlagworte vorhanden, werden die runden Klammern nicht angezeigt.
  - Sortierung erfolgt zuerst absteigend nach der Priorität (`HI` > `MD` > `LO` > keine Priorität),
  danach nach Einfügereihenfolge.
  - Sowohl übergeordnete Aufgaben als auch alle Unteraufgaben einer Aufgabe werden jeweils nach
  diesen Kriterien sortiert ausgegeben.
  - Übergeordnete Aufgaben werden direkt ausgegeben; alle anderen Aufgaben werden nach ihrer
  Elternausgabe ausgegeben.
  - Auf sinnvolle und saubere Modellierung achten.
  - Auf Trennung der Belange achten, damit die textuelle Schnittstelle später durch eine grafische
  Oberfläche ersetzt werden kann.
  - After printing an error message the program must continue and wait for the next input.
  - All solutions must use Java SE 17.
  - Do not call System.exit(), Runtime.exit() or similar methods.
  - Do not use the default package for your classes.
  - Error messages must begin with 'ERROR: ' and contain no line breaks.
  - Invalid or unsuccessfully executed commands must produce an error message.
  - Mandatory tests must be passed before other tests are evaluated.
  - Maximum line width of 120 characters must be respected.
  - Only java.util.Scanner and elements from the listed packages are allowed from the Java
  libraries.
  - Source code must be written in English; comments must be consistently English or German; Javadoc
   author tag must contain only the u‑identifier.
  - Source code must compile without errors.
  - Submit your .java files for task A as individual work with correct folder structure.
  - The online submission system enforces Checkstyle rules and some rule violations cause a zero
  score.
  - The program must terminate when the input 'quit' is received and must not use System.exit().
  - Use System.in for input and System.out for output; do not reassign these streams.
  - <date> ist eine Datumsangabe als Zeichenkette im Format JJJJ-MM-TT (z.B. `2023-05-24`).
  - <list> ist eine eindeutige, nichtleere Zeichenkette, die nur aus Buchstaben (A-Z, a-z) besteht.
  - <tag> ist eine eindeutige, nichtleere Zeichenkette die nur aus Buchstaben (A-Z, a-z) und Zahlen
  besteht.
  - <name> ist eine Zeichenkette, die keine Zeilenumbrüche oder Leerzeichen enthält.
  </adaptive_rules>

  <knowledge>
    - Eine Aufgabe hat eine eindeutige Identität (Ganzzahl, beginnend bei 1 und dann aufsteigend).
  </knowledge>
  <entity_paths>
    - Task Manager Program CONSTRAINT Clean modelling: Auf sinnvolle und saubere Modellierung
  achten.
    - Task Manager Program CONSTRAINT Separation of concerns (UI vs. Model): Auf Trennung der
  Belange achten, damit die textuelle Schnittstelle später durch eine grafische Oberfläche ersetzt
  werden kann.
    - <priority> CONSTRAINT allowed values: HI|MD|LO|empty: <priority> ist die textuelle
  Repräsentation der Priorität (`HI`, `MD` oder `LO`) oder eine leere Zeichenkette, falls keine
  Priorität vergeben werden soll.
    - Task CONSTRAINT <name>: Aufgabennamen dürfen doppelt vorkommen (doppelte Namen sind erlaubt).
    - Task CONSTRAINT <id>: Eine Aufgabe hat eine eindeutige Identität (Ganzzahl, beginnend bei 1
  und dann aufsteigend).
    - Task CONSTRAINT line-based output: Aufgaben werden zeilenweise ausgegeben.
    - Task CONSTRAINT completion marker: Erledigte Aufgaben werden durch `[x]` gekennzeichnet, sonst
   durch `[ ]`.
    - Task CONSTRAINT omit parentheses if no tags: Sind keine Schlagworte vorhanden, werden die
  runden Klammern nicht angezeigt.
    - Task CONSTRAINT omit arrow if no due date: Ist keine Frist vorhanden, wird der Pfeil
  weggelassen.
    - Task CONSTRAINT omit details if no date and no tags: Fehlen sowohl Frist als auch Schlagworte,
   wird nach der Priorität nichts mehr ausgegeben.
    - Task CONSTRAINT parent/child output ordering: Übergeordnete Aufgaben werden direkt ausgegeben;
   alle anderen Aufgaben werden nach ihrer Elternausgabe ausgegeben.
    - Task CONSTRAINT indentation: 2 spaces per level: Jede Unteraufgabe ist zwei Leerzeichen tiefer
   eingerückt als die entsprechende Elternaufgabe.
    - Task CONSTRAINT sorting: priority desc then insertion order: Sortierung erfolgt zuerst
  absteigend nach der Priorität (`HI` > `MD` > `LO` > keine Priorität), danach nach
  Einfügereihenfolge.
    - Task CONSTRAINT apply sorting to parents and subtasks: Sowohl übergeordnete Aufgaben als auch
  alle Unteraufgaben einer Aufgabe werden jeweils nach diesen Kriterien sortiert ausgegeben.
    - <tag> CONSTRAINT format: alphanumeric: <tag> ist eine eindeutige, nichtleere Zeichenkette die
  nur aus Buchstaben (A-Z, a-z) und Zahlen besteht.
    - <name> CONSTRAINT format: no whitespace or newlines: <name> ist eine Zeichenkette, die keine
  Zeilenumbrüche oder Leerzeichen enthält.
    - Task CONSTRAINT <name>: Aufgabennamen dürfen doppelt vorkommen (doppelte Namen sind erlaubt).
    - <name> CONSTRAINT format: no whitespace or newlines: <name> ist eine Zeichenkette, die keine
  Zeilenumbrüche oder Leerzeichen enthält.
  </entity_paths>
  <entity_matches>
    - Task Manager Program (score: 0.76) — Kommandozeilen-Anwendung zur Aufgabenverwaltung
    - <priority> (score: 0.75) — Prioritätsfeld einer Aufgabe
    - Task (score: 0.75) — Domänenentität für eine Aufgabe
    - <tag> (score: 0.74) — Schlagwort für Aufgaben
    - <name> (score: 0.73) — Name einer Aufgabe
  </entity_matches>

● adaptive-memory extension active (role=requirements, memorySession=20260725-172906-req) - type
  /memory-help. MCP tools registered (memory=true, backlog=true).







Changes    +0 -0
Duration   44s
Tokens     ↑ 21.7k (1.3k cached) • ↓ 237 (90 reasoning)
[delivery:requirements] Turn 3/8 complete
[delivery:requirements] Turn 4/8: task.md — segment 3/6 — Abschlussaufgabe 1 — Procrastinot > 2 Konzepte
● [adaptive-context] GET http://localhost:4444/api/agents/7af7809a-adce-4fa9-9609-fd61059de0ff/sessi
  ons/20260725-172906-req/context?input=Dokument%3A+task.md%0ASegment%3A+3%2F6%0AAbschnitt%3A+Abschl
  ussaufgabe+1+%E2%80%94+Procrastinot+%3E+2+Konzepte%0A%0ALies+diesen+Abschnitt+sorgf%C3%A4ltig+und+
  behalte+den+Kontext.+Erstelle+noch+keinen+Backlog+und+noch+keine+Tasks.+Warte+damit+bis+zum+abschl
  ie%C3%9Fenden+%2Ffinalize.%0A%0A%23%23+2+Konzepte%0A%0ADie+folgenden+Konzepte+sind+Teil+der+TODO-A
  nwendung+und+m%C3%BCssen+f%C3%BCr+die+Nutzer+implementiert+werden.+Achten+Sie+besonders+auf+eine+s
  innvolle+und+saubere+Modellierung.%0ADa+Sie+in+einer+zuk%C3%BCnftigen+Erweiterung+planen%2C+die+te
  xtuelle+Schnittstelle+der+Anwendung+durch+eine+grafische+Oberfl%C3%A4che+zu+ersetzen%2C+m%C3%BCsse
  n+Sie+zudem+auf+die+Trennung+der+Belange+achten%21%0A%0A%23%23%23+2.1+Aufgaben%0A%0AAufgaben+sind+
  die+zentralen+Elemente+der+Anwendung.+Eine+Aufgabe+ist+zu+Beginn+offen+und+kann+dann+durch+den+Nut
  zer+als+erledigt+markiert+werden.+Nutzer+k%C3%B6nnen+Aufgaben+anlegen%2C+als+erledigt+markieren%2C
  +l%C3%B6schen+und+wiederherstellen+%28siehe+Zustandsdiagramm+unten%29.+Aufgaben+k%C3%B6nnen+auch+a
  ndere+Aufgaben+als+Unteraufgaben+hinzugef%C3%BCgt+werden.+Auch+die+Unteraufgaben+k%C3%B6nnen+demen
  tsprechend+wieder+Unteraufgaben+beinhalten.%0A%0AEine+Aufgabe+hat+eine+eindeutige+Identit%C3%A4t+u
  nd+einen+Namen+%28doppelte+Namen+sind+also+erlaubt%29.+Zudem+kann+eine+Aufgabe+jeweils+optional+ei
  ne+Frist%2C+eine+Priorit%C3%A4t+und+beliebig+viele+Schlagworte+haben.%0A%0AWird+eine+Aufgabe+erste
  llt%2C+ist+sie+zu+Beginn+keiner+Liste+und+keiner+anderen+Aufgabe+zugewiesen.+Dies+kann+dann+der+Be
  nutzer+jedoch+sp%C3%A4ter+nach+Belieben+tun.+Aufgaben%2C+die+keiner+anderen+Aufgabe+als+Unteraufga
  be+zugewiesen+sind%2C+sind+*%C3%BCbergeordnete*+Aufgaben.%0A%0A**M%C3%B6gliche+Zust%C3%A4nde+einer
  +Aufgabe%3A**%0A%0A-+Initialzustand%3A+%60Open%60%0A-+%60Open%60+--Close--%3E+%60Closed%60%0A-+%60
  Closed%60+--Reopen--%3E+%60Open%60%0A-+%60Open%60+--Delete--%3E+%60Deleted%60%0A-+%60Closed%60+--D
  elete--%3E+%60Deleted%60%0A-+%60Deleted%60+--Restore--%3E+%60Closed%60%0A-+%60Deleted%60+--Restore
  --%3E+%60Open%60%0A%0AAufgaben+werden+auf+der+Konsole+zeilenweise+ausgegeben%3A%0A%0A%60%60%60%0A-
  +%5B+%5D+Paper+%5BHI%5D%3A+%28diss%2C+research%2C+other%29+--%3E+2023-12-30%0A-+%5Bx%5D+Name+%5BMD
  %5D%3A+%28other%29%0A-+%5Bx%5D+Name+%5BLO%5D%3A+--%3E+2023-09-05%0A-+%5Bx%5D+FixBug%3A+%28coding%2
  9+--%3E+2023-09-05%0A%60%60%60%0A%0AIst+kein+Schlagwort+vorhanden%2C+werden+die+runden+Klammern+ni
  cht+angezeigt.+Ist+keine+Frist+vorhanden%2C+wird+auch+der+Pfeil+weggelassen.+Fehlt+sowohl+Frist%2C
  +als+auch+Schlagworte%2C+wird+nach+der+Priorit%C3%A4t+nichts+mehr+ausgegeben.%0AIst+die+Aufgabe+er
  ledigt%2C+wird+sie+durch+die+Zeichenkette+%60%5Bx%5D%60+gekennzeichnet%2C+ansonsten+durch+die+Zeic
  henkette+%60%5B+%5D%60.%0A%0AWichtig%3A+Bei+der+Ausgabe+werden+die+%C3%BCbergeordneten+Aufgaben+di
  rekt+ausgegeben+und+alle+anderen+Aufgaben%2C+nachdem+ihre+Elternausgaben+ausgegeben+wurden.+Jede+U
  nteraufgabe+ist+zwei+Leerzeichen+tiefer+einger%C3%BCckt+als+die+entsprechende+Elternaufgabe%3A%0A%
  0A%60%60%60%0A-+%5B+%5D+Parent+%5BMD%5D%3A+%28coding%29%0A++-+%5B+%5D+Child1+%5BMD%5D%3A+%28issue%
  29%0A++++-+%5B+%5D+ChildofChild1+%5BMD%5D%3A+%28issue%29%0A++-+%5B+%5D+Child2+%5BMD%5D%3A+%28bug%2
  9%0A%60%60%60%0A%0AWerden+mehrere+Aufgaben+ausgegeben%2C+findet+eine+Sortierung+nach+zwei+Kriterie
  n+statt.%0AZuerst+wird+absteigend+nach+der+Priorit%C3%A4r+sortiert+%28%60HI%60+%3E+%60MD%60+%3E+%6
  0LO%60+%3E+keine+Priorit%C3%A4t%29.%0ADanach+wird+nach+Einf%C3%BCgereihenfolge+der+Aufgaben+sortie
  rt.+%C3%9Cbergeordnete+Aufgaben+werden+direkt+nach+diesen+Kriterien+sortiert+ausgegeben.+Zudem+wer
  den+jeweils+alle+Unteraufgaben+einer+Aufgabe+auch+nach+diesen+Kriterien+sortiert+ausgegeben.%0A%0A
  %60%60%60%0A-+%5B+%5D+Parent1+%5BHI%5D%0A++-+%5B+%5D+Child1+%5BLO%5D%0A++-+%5B+%5D+Child1%0A-+%5B+
  %5D+Parent1+%5BMD%5D%0A-+%5B+%5D+Parent1+%5BLO%5D%0A%60%60%60%0A%0A%23%23%23+2.2+Listen%0A%0AListe
  n+dienen+der+Gruppierung+von+Aufgaben.+Eine+Liste+hat+einen+eindeutigen+Namen+und+kann+beliebig+vi
  ele+Aufgaben+enthalten.+Die+Aufgaben+der+Liste+stehen+aber+abgesehen+von+der+Reihenfolge+in+keiner
  +weiteren+Relation.+Wird+eine+Liste+erstellt%2C+ist+die+zuerst+leer.+Dann+m%C3%BCssen+der+Liste+Au
  fgaben+hinzugef%C3%BCgt+werden.%0AAuch+Listen+k%C3%B6nnen%2C+wie+Aufgaben%2C+mit+Schlagw%C3%B6rter
  n+markiert+werden.%0A%0A%23%23%23+2.3+Priorit%C3%A4t%0A%0ADie+Priorit%C3%A4t+markiert+den+Grad+der
  +Dringlichkeit+oder+Wichtigkeit+einer+Aufgabe.+Sie+erm%C3%B6glicht+es+den+Benutzern%2C+ihre+Aufgab
  en+nach+ihrer+Bedeutung+zu+ordnen+und+zu+priorisieren.+Es+sollen+drei+Dringlichkeitsstufen+unterst
  %C3%BCtzt+werden%3A+Hoch%2C+mittel+und+niedrig.%0A%0A%23%23%23+2.4+Schlagworte%0A%0AEin+Schlagwort
  +ist+ein+eindeutiger+Name%2C+die+einer+Aufgabe+zugewiesen+wird%2C+um+sie+zu+kennzeichnen+oder+best
  immten+Kategorien+zuzuordnen.+Auf+diese+Weise+k%C3%B6nnen+Benutzer+Aufgaben+mit+%C3%A4hnlichen+Eig
  enschaften+oder+Themen+leicht+filtern%2C+organisieren+oder+suchen.%0A%0A%23%23%23+2.5+Fristen%0A%0
  AEine+Frist+bezieht+sich+auf+ein+Datum%2C+bis+zu+der+eine+Aufgabe+abgeschlossen+sein+soll.+Es+erm%
  C3%B6glicht+den+Benutzern%2C+ein+bestimmtes+Limit+f%C3%BCr+die+Erledigung+einer+Aufgabe+festzulege
  n+und+eine+zeitliche+Orientierung+zu+haben.&project=ProgrammingST23-Final1&role=requirements&task=
  Understand+the+st23final01+and+create+its+backlog+when+prompted.&timestamp=2026-07-25T15%3A31%3A20
  .127Z&domain=st23final01

● Injected adaptive memory context into system prompt

● <adaptive_rules>
  - <list> ist eine eindeutige, nichtleere Zeichenkette, die nur aus Buchstaben (A-Z, a-z) besteht.
  - <priority> ist die textuelle Repräsentation der Priorität (`HI`, `MD` oder `LO`) oder eine leere
   Zeichenkette, falls keine Priorität vergeben werden soll.
  - <name> ist eine Zeichenkette, die keine Zeilenumbrüche oder Leerzeichen enthält.
  - Aufgaben werden zeilenweise ausgegeben.
  - Erledigte Aufgaben werden durch `[x]` gekennzeichnet, sonst durch `[ ]`.
  - Fehlen sowohl Frist als auch Schlagworte, wird nach der Priorität nichts mehr ausgegeben.
  - Ist keine Frist vorhanden, wird der Pfeil weggelassen.
  - Jede Unteraufgabe ist zwei Leerzeichen tiefer eingerückt als die entsprechende Elternaufgabe.
  - Sind keine Schlagworte vorhanden, werden die runden Klammern nicht angezeigt.
  - Sortierung erfolgt zuerst absteigend nach der Priorität (`HI` > `MD` > `LO` > keine Priorität),
  danach nach Einfügereihenfolge.
  - Sowohl übergeordnete Aufgaben als auch alle Unteraufgaben einer Aufgabe werden jeweils nach
  diesen Kriterien sortiert ausgegeben.
  - Übergeordnete Aufgaben werden direkt ausgegeben; alle anderen Aufgaben werden nach ihrer
  Elternausgabe ausgegeben.
  - Auf sinnvolle und saubere Modellierung achten.
  - Auf Trennung der Belange achten, damit die textuelle Schnittstelle später durch eine grafische
  Oberfläche ersetzt werden kann.
  - <date> ist eine Datumsangabe als Zeichenkette im Format JJJJ-MM-TT (z.B. `2023-05-24`).
  - <tag> ist eine eindeutige, nichtleere Zeichenkette die nur aus Buchstaben (A-Z, a-z) und Zahlen
  besteht.
  - After printing an error message the program must continue and wait for the next input.
  - All solutions must use Java SE 17.
  - Do not call System.exit(), Runtime.exit() or similar methods.
  - Do not use the default package for your classes.
  - Error messages must begin with 'ERROR: ' and contain no line breaks.
  - Invalid or unsuccessfully executed commands must produce an error message.
  - Mandatory tests must be passed before other tests are evaluated.
  - Maximum line width of 120 characters must be respected.
  - Only java.util.Scanner and elements from the listed packages are allowed from the Java
  libraries.
  - Source code must be written in English; comments must be consistently English or German; Javadoc
   author tag must contain only the u‑identifier.
  - Source code must compile without errors.
  - Submit your .java files for task A as individual work with correct folder structure.
  - The online submission system enforces Checkstyle rules and some rule violations cause a zero
  score.
  - The program must terminate when the input 'quit' is received and must not use System.exit().
  - Use System.in for input and System.out for output; do not reassign these streams.
  </adaptive_rules>

  <memories>
    - ProgrammingST23-Final1 uses a task domain entity 'Aufgabe' with fields ID, Name, Priorität,
  Frist, Schlagworte, Unteraufgaben, Erledigt-Status.
  </memories>
  <knowledge>
    - Eine Aufgabe hat eine eindeutige Identität (Ganzzahl, beginnend bei 1 und dann aufsteigend).
    - Aufgabennamen dürfen doppelt vorkommen (doppelte Namen sind erlaubt).
    - Eine Liste hat einen eindeutigen Namen.
  </knowledge>
  <entity_paths>
    - ProgrammingST23-Final1 USES Aufgabe (task entity schema): ProgrammingST23-Final1 uses a task
  domain entity 'Aufgabe' with fields ID, Name, Priorität, Frist, Schlagworte, Unteraufgaben,
  Erledigt-Status.
    - <tag> CONSTRAINT format: alphanumeric: <tag> ist eine eindeutige, nichtleere Zeichenkette die
  nur aus Buchstaben (A-Z, a-z) und Zahlen besteht.
    - <priority> CONSTRAINT allowed values: HI|MD|LO|empty: <priority> ist die textuelle
  Repräsentation der Priorität (`HI`, `MD` oder `LO`) oder eine leere Zeichenkette, falls keine
  Priorität vergeben werden soll.
    - Task CONSTRAINT <name>: Aufgabennamen dürfen doppelt vorkommen (doppelte Namen sind erlaubt).
    - Task CONSTRAINT <id>: Eine Aufgabe hat eine eindeutige Identität (Ganzzahl, beginnend bei 1
  und dann aufsteigend).
    - Task CONSTRAINT line-based output: Aufgaben werden zeilenweise ausgegeben.
    - Task CONSTRAINT completion marker: Erledigte Aufgaben werden durch `[x]` gekennzeichnet, sonst
   durch `[ ]`.
    - Task CONSTRAINT omit parentheses if no tags: Sind keine Schlagworte vorhanden, werden die
  runden Klammern nicht angezeigt.
    - Task CONSTRAINT omit arrow if no due date: Ist keine Frist vorhanden, wird der Pfeil
  weggelassen.
    - Task CONSTRAINT omit details if no date and no tags: Fehlen sowohl Frist als auch Schlagworte,
   wird nach der Priorität nichts mehr ausgegeben.
    - Task CONSTRAINT parent/child output ordering: Übergeordnete Aufgaben werden direkt ausgegeben;
   alle anderen Aufgaben werden nach ihrer Elternausgabe ausgegeben.
    - Task CONSTRAINT indentation: 2 spaces per level: Jede Unteraufgabe ist zwei Leerzeichen tiefer
   eingerückt als die entsprechende Elternaufgabe.
    - Task CONSTRAINT sorting: priority desc then insertion order: Sortierung erfolgt zuerst
  absteigend nach der Priorität (`HI` > `MD` > `LO` > keine Priorität), danach nach
  Einfügereihenfolge.
    - Task CONSTRAINT apply sorting to parents and subtasks: Sowohl übergeordnete Aufgaben als auch
  alle Unteraufgaben einer Aufgabe werden jeweils nach diesen Kriterien sortiert ausgegeben.
    - <name> CONSTRAINT format: no whitespace or newlines: <name> ist eine Zeichenkette, die keine
  Zeilenumbrüche oder Leerzeichen enthält.
    - Task CONSTRAINT <name>: Aufgabennamen dürfen doppelt vorkommen (doppelte Namen sind erlaubt).
    - <name> CONSTRAINT format: no whitespace or newlines: <name> ist eine Zeichenkette, die keine
  Zeilenumbrüche oder Leerzeichen enthält.
  </entity_paths>
  <entity_matches>
    - ProgrammingST23-Final1 (score: 1.00) — Project repository for the ST23 final assignment.
    - <tag> (score: 0.80) — Schlagwort für Aufgaben
    - <priority> (score: 0.78) — Prioritätsfeld einer Aufgabe
    - Task (score: 0.77) — Domänenentität für eine Aufgabe
    - <name> (score: 0.76) — Name einer Aufgabe
  </entity_matches>

● adaptive-memory extension active (role=requirements, memorySession=20260725-172906-req) - type
  /memory-help. MCP tools registered (memory=true, backlog=true).







Changes    +0 -0
Duration   1m 7s
Tokens     ↑ 23.2k (1.3k cached) • ↓ 847 (523 reasoning)
[delivery:requirements] Turn 4/8 complete
[delivery:requirements] Turn 5/8: task.md — segment 4/6 — Abschlussaufgabe 1 — Procrastinot > 3 Platzhalter
● [adaptive-context] GET
  http://localhost:4444/api/agents/7af7809a-adce-4fa9-9609-fd61059de0ff/sessions/20260725-172906-req
  /context?input=Dokument%3A+task.md%0ASegment%3A+4%2F6%0AAbschnitt%3A+Abschlussaufgabe+1+%E2%80%94+
  Procrastinot+%3E+3+Platzhalter%0A%0ALies+diesen+Abschnitt+sorgf%C3%A4ltig+und+behalte+den+Kontext.
  +Erstelle+noch+keinen+Backlog+und+noch+keine+Tasks.+Warte+damit+bis+zum+abschlie%C3%9Fenden+%2Ffin
  alize.%0A%0A%23%23+3+Platzhalter%0A%0ABeachten+Sie%2C+dass+bei+der+Beschreibung+der+Eingabe-+und+A
  usgabeformate+die+W%C3%B6rter+zwischen+spitzen+Klammen+%28%60%3C%60+und+%60%3E%60%29+f%C3%BCr+Plat
  zhalter+stehen%2C+welche+bei+der+konkreten+Ein-+und+Ausgabe+durch+Werte+ersetzt+werden.+Diese+eige
  ntlichen+Werte+enthalten+bei+der+Ein-+und+Ausgabe+keine+spitzen+Klammern.%0A%0A-+**%60%3Cname%3E%6
  0%3A**+eine+Zeichenkette+die+keine+Zeilenumbr%C3%BCche%2C+oder+Leerzeichen+enth%C3%A4lt.%0A-+**%60
  %3Cdate%3E%60%3A**+eine+Datumsangabe+als+Zeichenkette+im+Format+JJJJ-MM-TT%2C+z.B.+%602023-05-24%6
  0.%0A-+**%60%3Cpriority%3E%60%3A**+die+textuelle+Repr%C3%A4sentation+der+Priorit%C3%A4t+%28%60HI%6
  0%2C+%60MD%60+oder+%60LO%60%29+oder+ein+leere+Zeichenkette+falls+keine+Priorit%C3%A4t+vergeben+wer
  den+soll.%0A-+**%60%3Cid%3E%60%3A**+eine+eindeutige+Ganzzahl+die+nur+f%C3%BCr+eine+Aufgabe+vergebe
  n+wird+%28beginnend+bei+1+und+dann+aufsteigend%29.%0A-+**%60%3Ctag%3E%60%3A**+eine+eindeutige%2C+n
  ichtleere+Zeichenkette+die+nur+aus+Buchstaben+%28A-Z%2C+a-z%29+und+Zahlen+besteht.%0A-+**%60%3Clis
  t%3E%60%3A**+eine+eindeutige%2C+nichtleere+Zeichenkette+die+nur+aus+Buchstaben+%28A-Z%2C+a-z%29+be
  steht.&project=ProgrammingST23-Final1&role=requirements&task=Understand+the+st23final01+and+create
  +its+backlog+when+prompted.&timestamp=2026-07-25T15%3A31%3A43.115Z&domain=st23final01

● Injected adaptive memory context into system prompt

● <adaptive_rules>
  - Aufgaben werden zeilenweise ausgegeben.
  - Erledigte Aufgaben werden durch `[x]` gekennzeichnet, sonst durch `[ ]`.
  - Fehlen sowohl Frist als auch Schlagworte, wird nach der Priorität nichts mehr ausgegeben.
  - Ist keine Frist vorhanden, wird der Pfeil weggelassen.
  - Jede Unteraufgabe ist zwei Leerzeichen tiefer eingerückt als die entsprechende Elternaufgabe.
  - Sind keine Schlagworte vorhanden, werden die runden Klammern nicht angezeigt.
  - Sortierung erfolgt zuerst absteigend nach der Priorität (`HI` > `MD` > `LO` > keine Priorität),
  danach nach Einfügereihenfolge.
  - Sowohl übergeordnete Aufgaben als auch alle Unteraufgaben einer Aufgabe werden jeweils nach
  diesen Kriterien sortiert ausgegeben.
  - Übergeordnete Aufgaben werden direkt ausgegeben; alle anderen Aufgaben werden nach ihrer
  Elternausgabe ausgegeben.
  - <priority> ist die textuelle Repräsentation der Priorität (`HI`, `MD` oder `LO`) oder eine leere
   Zeichenkette, falls keine Priorität vergeben werden soll.
  - <date> ist eine Datumsangabe als Zeichenkette im Format JJJJ-MM-TT (z.B. `2023-05-24`).
  - <list> ist eine eindeutige, nichtleere Zeichenkette, die nur aus Buchstaben (A-Z, a-z) besteht.
  - <tag> ist eine eindeutige, nichtleere Zeichenkette die nur aus Buchstaben (A-Z, a-z) und Zahlen
  besteht.
  - <name> ist eine Zeichenkette, die keine Zeilenumbrüche oder Leerzeichen enthält.
  - Auf sinnvolle und saubere Modellierung achten.
  - Auf Trennung der Belange achten, damit die textuelle Schnittstelle später durch eine grafische
  Oberfläche ersetzt werden kann.
  - After printing an error message the program must continue and wait for the next input.
  - All solutions must use Java SE 17.
  - Do not call System.exit(), Runtime.exit() or similar methods.
  - Do not use the default package for your classes.
  - Error messages must begin with 'ERROR: ' and contain no line breaks.
  - Invalid or unsuccessfully executed commands must produce an error message.
  - Mandatory tests must be passed before other tests are evaluated.
  - Maximum line width of 120 characters must be respected.
  - Only java.util.Scanner and elements from the listed packages are allowed from the Java
  libraries.
  - Source code must be written in English; comments must be consistently English or German; Javadoc
   author tag must contain only the u‑identifier.
  - Source code must compile without errors.
  - Submit your .java files for task A as individual work with correct folder structure.
  - The online submission system enforces Checkstyle rules and some rule violations cause a zero
  score.
  - The program must terminate when the input 'quit' is received and must not use System.exit().
  - Use System.in for input and System.out for output; do not reassign these streams.
  </adaptive_rules>

  <memories>
    - ProgrammingST23-Final1 uses a task domain entity 'Aufgabe' with fields ID, Name, Priorität,
  Frist, Schlagworte, Unteraufgaben, Erledigt-Status.
  </memories>
  <knowledge>
    - Eine Aufgabe hat eine eindeutige Identität (Ganzzahl, beginnend bei 1 und dann aufsteigend).
  </knowledge>
  <entity_paths>
    - ProgrammingST23-Final1 USES Aufgabe (task entity schema): ProgrammingST23-Final1 uses a task
  domain entity 'Aufgabe' with fields ID, Name, Priorität, Frist, Schlagworte, Unteraufgaben,
  Erledigt-Status.
    - <tag> CONSTRAINT format: alphanumeric: <tag> ist eine eindeutige, nichtleere Zeichenkette die
  nur aus Buchstaben (A-Z, a-z) und Zahlen besteht.
    - <priority> CONSTRAINT allowed values: HI|MD|LO|empty: <priority> ist die textuelle
  Repräsentation der Priorität (`HI`, `MD` oder `LO`) oder eine leere Zeichenkette, falls keine
  Priorität vergeben werden soll.
    - <name> CONSTRAINT format: no whitespace or newlines: <name> ist eine Zeichenkette, die keine
  Zeilenumbrüche oder Leerzeichen enthält.
  </entity_paths>
  <entity_matches>
    - ProgrammingST23-Final1 (score: 1.00) — Project repository for the ST23 final assignment.
    - <tag> (score: 0.79) — Schlagwort für Aufgaben
    - indentation: 2 spaces per level (score: 0.79) — Einrückung von Unteraufgaben um zwei
  Leerzeichen
    - <priority> (score: 0.78) — Prioritätsfeld einer Aufgabe
    - <name> (score: 0.77) — Name einer Aufgabe
  </entity_matches>

● adaptive-memory extension active (role=requirements, memorySession=20260725-172906-req) - type
  /memory-help. MCP tools registered (memory=true, backlog=true).







Changes    +0 -0
Duration   1m 21s
Tokens     ↑ 23.5k (1.3k cached) • ↓ 373 (194 reasoning)
[delivery:requirements] Turn 5/8 complete
[delivery:requirements] Turn 6/8: task.md — segment 5/6 — Abschlussaufgabe 1 — Procrastinot > 4 Befehle
● [adaptive-context] GET http://localhost:4444/api/agents/7af7809a-adce-4fa9-9609-fd61059de0ff/sessi
  ons/20260725-172906-req/context?input=Dokument%3A+task.md%0ASegment%3A+5%2F6%0AAbschnitt%3A+Abschl
  ussaufgabe+1+%E2%80%94+Procrastinot+%3E+4+Befehle%0A%0ALies+diesen+Abschnitt+sorgf%C3%A4ltig+und+b
  ehalte+den+Kontext.+Erstelle+noch+keinen+Backlog+und+noch+keine+Tasks.+Warte+damit+bis+zum+abschli
  e%C3%9Fenden+%2Ffinalize.%0A%0A%23%23+4+Befehle%0A%0ANach+dem+Start+nimmt+Ihr+Programm+%C3%BCber+d
  ie+Konsole+die+nachfolgenden+Befehle+unter+Verwendung+der+Standardeingabe+entgegen%2C+welche+im+Fo
  lgenden+n%C3%A4her+spezifiziert+werden.+Alle+Befehle+werden+auf+dem+aktuellen+Zustand+des+Programm
  s+ausgef%C3%BChrt.+Nach+Abarbeitung+einer+Eingabe+wartet+Ihr+Programm+auf+weitere+Eingaben%2C+bis+
  das+Programm+irgendwann+durch+die+Eingabe+der+Zeichenfolge+%60quit%60+beendet+wird.%0A%0AAchten+Si
  e+darauf%2C+dass+durch+die+Ausf%C3%BChrung+der+folgenden+Befehle+die+gegebene+Spezifikation+nicht+
  verletzt+werden+und+geben+Sie+in+diesen+F%C3%A4llen+immer+eine+aussagekr%C3%A4ftige+Fehlermeldung+
  aus.+Wenn+die+Benutzereingabe+nicht+dem+vorgegebenen+Format+entspricht%2C+ist+auch+eine+Fehlermeld
  ung+auszugeben.+Nach+der+Ausgabe+einer+Fehlermeldung+soll+das+Programm+wie+erwartet+fortfahren+und
  +wieder+auf+die+n%C3%A4chste+Eingabe+warten.+Jede+Fehlermeldung+muss+mit+%60ERROR%3A%60+gefolgt+vo
  n+einem+Leerzeichen+beginnen+und+darf+keine+Zeilenumbr%C3%BCche+enthalten.+Den+weiteren+Text+der+F
  ehlermeldung+d%C3%BCrfen+Sie+frei+w%C3%A4hlen%2C+er+sollte+jedoch+sinnvoll+sein.%0A%0A%23%23%23+4.
  1+Der+%60add%60-Befehl%0A%0ADieser+Befehl+f%C3%BCgt+eine+neue+%C3%BCbergeordnete+Aufgabe+hinzu.%0A
  %0A**Eingabeformat%3A**+%60add+%3Cname%3E+%5Bpriority%5D+%5Bdate%5D%60%0A%0A**Ausgabeformat%3A**+I
  m+Erfolgsfall+wird+%60added+%3Cid%3E%3A+%3Cname%3E%60+ausgegeben.%0A%0AWichtig%3A+Hierbei+sind+die
  +durch+%60%5B+%5D%60-Platzhalter+markierten+Argumente+optional%2C+das+hei%C3%9Ft+der+Befehl+ist%2C
  +unabh%C3%A4ngig+davon%2C+ob+die+Argumente+gesetzt+sind%2C+valide.+So+kann+der+Befehl+zum+Beispiel
  +ohne+Priorit%C3%A4t+aufgerufen+werden%2C+aber+auch+ohne+Priorit%C3%A4t+und+ohne+Datum.%0A%0A%23%2
  3%23+4.2+Der+%60add-list%60-Befehl%0A%0ADieser+Befehl+f%C3%BCgt+eine+neue%2C+leere+Liste+hinzu.%0A
  %0A**Eingabeformat%3A**+%60add-list+%3Clist%3E%60%0A%0A**Ausgabeformat%3A**+Im+Erfolgsfall+wird+%6
  0added+%3Clist%3E%60+ausgegeben.%0A%0A%23%23%23+4.3+Der+%60tag%60-Befehl+f%C3%BCr+Aufgaben%0A%0ADi
  eser+Befehl+markiert+eine+Aufgabe+mit+einem+Schlagwort.%0ADer+Befehl+ist+nur+valide%2C+falls+die+A
  ufgabe+mit+diesem+Schlagwort+bisher+noch+nicht+markiert+wurde.%0A%0A**Eingabeformat%3A**+%60tag+%3
  Cid%3E+%3Ctag%3E%60%0A%0A**Ausgabeformat%3A**+Im+Erfolgsfall+wird+%60tagged+%3Cname%3E+with+%3Ctag
  %3E%60+ausgegeben.%0A%0A%23%23%23+4.4+Der+%60tag%60-Befehl+f%C3%BCr+Listen%0A%0ADieser+Befehl+mark
  iert+eine+Liste+mit+einem+Schlagwort.%0ADer+Befehl+ist+nur+valide%2C+falls+die+Liste+mit+diesem+Sc
  hlagwort+bisher+noch+nicht+markiert+wurde.%0A%0A**Eingabeformat%3A**+%60tag+%3Clist%3E+%3Ctag%3E%6
  0%0A%0A**Ausgabeformat%3A**+Im+Erfolgsfall+wird+%60tagged+%3Clist%3E+with+%3Ctag%3E%60+ausgegeben.
  %0A%0A%23%23%23+4.5+Der+%60assign%60-Befehl+f%C3%BCr+Aufgaben%0A%0ADieser+Befehl+f%C3%BCgt+einer+A
  ufgabe+eine+andere+Aufgabe+als+Unteraufgabe+hinzu.%0AWar+die+Aufgabe%2C+welche+als+Unteraufgabe+hi
  nzugef%C3%BCgt+wird%2C+bisher+Unteraufgabe+einer+anderen+Aufgabe%2C+wird+sie+dort+entfernt.+Eine+A
  ufgabe+kann+also+immer+nur+bei+einer+anderen+Aufgabe+untergeordnet+sein.%0A%0A**Eingabeformat%3A**
  +%60assign+%3Cid%3E+%3Cid%3E%60+%28die+erste+ID+ist+die+Aufgabe%2C+welche+der+zweiten+hinzugef%C3%
  BCgt+wird%29%0A%0A**Ausgabeformat%3A**+Im+Erfolgsfall+wird+%60assigned+%3Cname%3E+to+%3Cname%3E%60
  +ausgegeben.%0A%0ADabei+ist+die+erste+ID+und+der+erste+Name+f%C3%BCr+die+Unteraufgabe+und+die+zwei
  te+ID+bzw.+der+zweite+Name+f%C3%BCr+die+Elternaufgabe.%0A%0A%23%23%23+4.6+Der+%60assign%60-Befehl+
  f%C3%BCr+Listen%0A%0ADieser+Befehl+f%C3%BCgt+einer+Liste+eine+Aufgabe+hinzu.+Die+Aufgabe+darf+dabe
  i+nicht+in+der+Liste+schon+enthalten+sein.%0AHat+die+Aufgabe+Unteraufgaben%2C+z%C3%A4hlen+auch+die
  se+nach+dem+Hinzuf%C3%BCgen+als+Teil+der+Liste.+Eine+Aufgabe+kann+Teil+von+mehreren+Listen+sein.%0
  A%0A**Eingabeformat%3A**+%60assign+%3Cid%3E+%3Clist%3E%60%0A%0A**Ausgabeformat%3A**+Im+Erfolgsfall
  +wird+%60assigned+%3Cname%3E+to+%3Clist%3E%60+ausgegeben.%0A%0A%23%23%23+4.7+Der+%60toggle%60-Befe
  hl%0A%0ADieser+Befehl+markiert+eine+Aufgabe+als+erledigt%2C+falls+sie+noch+nicht+als+erledigt+mark
  iert+wurde.+Dabei+werden+auch+alle+Unteraufgabe+%28direkt+und+indirekt%29+als+erledigt+markiert.+F
  alls+die+Aufgabe+bereits+zuvor+als+erledigt+markiert+wurde%2C+wird+die+Markierung+bei+der+Aufgabe+
  und+allen+Unteraufgaben+%28direkt+und+indirekt%29+entfernt.%0A%0A**Eingabeformat%3A**+%60toggle+%3
  Cid%3E%60%0A%0A**Ausgabeformat%3A**+Im+Erfolgsfall+wird+%60toggled+%3Cname%3E+and+%3Cno%3E+subtask
  s%60+ausgegeben.%0A%0A%60no%60+ist+hierbei+die+Anzahl+der+direkten+und+indirekten+Unteraufgaben+de
  r+Aufgabe.%0A%0A%23%23%23+4.8+Der+%60change-date%60-Befehl%0A%0ADieser+setzt+bzw.+%C3%A4ndert+die+
  Frist+einer+Aufgabe.+Eine+bestehende+Frist+wird+dabei+gegebenenfalls+verworfen.%0A%0A**Eingabeform
  at%3A**+%60change-date+%3Cid%3E+%3Cdate%3E%60%0A%0A**Ausgabeformat%3A**+Im+Erfolgsfall+wird+%60cha
  nged+%3Cname%3E+to+%3Cdate%3E%60+ausgegeben.%0A%0A%23%23%23+4.9+Der+%60change-priority%60-Befehl%0
  A%0ADieser+setzt+bzw.+%C3%A4ndert+die+Priorit%C3%A4t+einer+Aufgabe.+Eine+bestehende+Priorit%C3%A4t
  +wird+dabei+gegebenenfalls+verworfen.%0A%0A**Eingabeformat%3A**+%60change-priority+%3Cid%3E+%3Cpri
  ority%3E%60%0A%0A**Ausgabeformat%3A**+Im+Erfolgsfall+wird+%60changed+%3Cname%3E+to+%3Cpriority%3E%
  60+ausgegeben.%0A%0A%23%23%23+4.10+Der+%60delete%60-Befehl%0A%0ADieser+Befehl+l%C3%B6scht+eine+Auf
  gabe.+Dabei+werden+auch+alle+Unteraufgabe+%28direkt+und+indirekt%29+gel%C3%B6scht%0A%0A**Eingabefo
  rmat%3A**+%60delete+%3Cid%3E%60%0A%0A**Ausgabeformat%3A**+Im+Erfolgsfall+wird+%60deleted+%3Cname%3
  E+and+%3Cno%3E+subtasks%60+ausgegeben.%0A%0A%60no%60+ist+hierbei+die+Anzahl+der+direkten+und+indir
  ekten+Unteraufgaben+der+gel%C3%B6schten+Aufgabe.%0A%0A%23%23%23+4.11+Der+%60restore%60-Befehl%0A%0
  ADieser+Befehl+stellt+eine+gel%C3%B6schte+Aufgabe+wieder+her.+Dabei+werden+auch+alle+gel%C3%B6scht
  en+Unteraufgaben+%28direkt+und+indirekt%29+wiederhergestellt%2C+egal+wann+diese+gel%C3%B6scht+wurd
  en.%0ANach+dem+Wiederherstellen+hat+die+wiederhergestellte+Aufgabe+dann+ihre+urspr%C3%BCngliche+Zu
  geh%C3%B6rigkeit%2C+falls+es+sich+um+eine+Unteraufgabe+handelt+und+die+%C3%BCbergeordnete+Aufgabe+
  nicht+gel%C3%B6scht+wurde.+Auch+die+Zugeh%C3%B6rigkeit+zu+Listen+wird+wiederhergestellt.+Falls+die
  +%C3%BCbergeordnete+Aufgabe+gel%C3%B6scht+wurde%2C+ist+die+Aufgabe+nach+dem+Wiederherstellen+eine+
  %C3%BCbergeordnete+Aufgabe.%0A%0A**Eingabeformat%3A**+%60restore+%3Cid%3E%60%0A%0A**Ausgabeformat%
  3A**+Im+Erfolgsfall+wird+%60restored+%3Cname%3E+and+%3Cno%3E+subtasks%60+ausgegeben.%0A%0A%60no%60
  +ist+hierbei+die+Anzahl+der+direkten+und+indirekten+Unteraufgaben+der+wiederhergestellten+Aufgabe.
  %0A%0A%23%23%23+4.12+Der+%60show%60-Befehl%0A%0ADieser+Befehl+zeigt+eine+beliebige+Aufgabe+%28inkl
  usive+aller+direkten+und+indirekten+Unteraufgaben%29+an.%0A%0A**Eingabeformat%3A**+%60show+%3Cid%3
  E%60%0A%0A**Ausgabeformat%3A**+Im+Erfolgsfall+wird+die+Aufgabe+wie+in+Abschnitt+**Aufgaben**+besch
  rieben+ausgegeben.%0A%0A%23%23%23+4.13+Der+%60todo%60-Befehl%0A%0ADieser+Befehl+zeigt+alle+Aufgabe
  n+an%2C+welche+noch+nicht+als+erledigt+markiert+wurden.+Hat+eine+Aufgabe%2C+die+nicht+erledigt+wur
  de%2C+%28direkte+oder+indirekte%29+Unteraufgaben%2C+welche+bereits+erledigt+wurden%2C+werden+diese
  +Unteraufgaben+dann+nicht+angezeigt.%0A%0A**Eingabeformat%3A**+%60todo%60%0A%0A**Ausgabeformat%3A*
  *+Im+Erfolgsfall+werden+alle+offenen+Aufgaben+wie+in+Abschnitt+**Aufgaben**+beschrieben+ausgegeben
  .%0A%0A%23%23%23+4.14+Der+%60list%60-Befehl%0A%0ADieser+Befehl+zeigt+alle+Aufgaben+%28inklusive+al
  ler+direkten+und+indirekten+Unteraufgaben%29+an%2C+welche+Teil+einer+bestimmten+Liste+sind.%0ADabe
  i+werden+Unteraufgaben+nicht+erneut+gelistet%2C+falls+sie+bereits+durch+eine+%C3%BCbergeordnete+Au
  fgabe+in+der+Ausgabe+enthalten+sind.%0A%0A**Eingabeformat%3A**+%60list+%3Clist%3E%60%0A%0A**Ausgab
  eformat%3A**+Im+Erfolgsfall+werden+die+Aufgaben+wie+in+Abschnitt+**Aufgaben**+beschrieben+ausgegeb
  en.%0A%0A%23%23%23+4.15+Der+%60tagged-with%60-Befehl%0A%0ADieser+Befehl+zeigt+alle+Aufgaben+%28ink
  lusive+aller+direkten+und+indirekten+Unteraufgaben%29+an%2C+welche+mit+einem+bestimmten+Schlagwort
  +versehen+wurden.+Dabei+werden+Unteraufgaben%2C+welche+den+Tag+enthalten%2C+nicht+erneut+gelistet%
  2C+falls+sie+bereits+durch+eine+%C3%BCbergeordnete+Aufgabe+in+der+Ausgabe+enthalten+sind.%0A%0A**E
  ingabeformat%3A**+%60tagged-with+%3Ctag%3E%60%0A%0A**Ausgabeformat%3A**+Im+Erfolgsfall+werden+die+
  Aufgaben+wie+in+Abschnitt+**Aufgaben**+beschrieben+ausgegeben.%0A%0A%23%23%23+4.16+Der+%60find%60-
  Befehl%0A%0ADieser+Befehl+zeigt+alle+Aufgaben+%28inklusive+aller+direkten+und+indirekten+Unteraufg
  aben%29+an%2C+bei+denen+der+Name+eine+gew%C3%BCnschte+Zeichenkette+enth%C3%A4lt.+Der+Name+muss+als
  o+nicht+exakt+der+Zeichenkette+entsprechen%2C+die+Zeichenkette+muss+lediglich+darin+vorkommen.+Dab
  ei+werden+Unteraufgaben+nicht+erneut+gelistet%2C+falls+sie+bereits+durch+eine+%C3%BCbergeordnete+A
  ufgabe+in+der+Ausgabe+enthalten+sind.%0A%0A**Eingabeformat%3A**+%60find+%3Cname%3E%60+%28%60%3Cnam
  e%3E%60+ist+hier+die+gew%C3%BCnschte+Zeichenkette%29%0A%0A**Ausgabeformat%3A**+Im+Erfolgsfall+werd
  en+die+Aufgaben+wie+in+Abschnitt+**Aufgaben**+beschrieben+ausgegeben.%0A%0A%23%23%23+4.17+Der+%60u
  pcoming%60-Befehl%0A%0ADieser+Befehl+zeigt+alle+Aufgaben+%28inklusive+aller+direkten+und+indirekte
  n+Unteraufgaben%29+an%2C+bei+denen+die+Frist+innerhalb+der+n%C3%A4chsten+7+Tage+nach+einem+bestimm
  ten+Datum+f%C3%A4llig+ist.+Es+z%C3%A4hlt+der+spezifizierte+Tag+und+die+n%C3%A4chsten+sechs+folgend
  en+Tage.+Dabei+werden+Unteraufgaben+nicht+erneut+gelistet%2C+falls+sie+bereits+durch+eine+%C3%BCbe
  rgeordnete+Aufgabe+in+der+Ausgabe+enthalten+sind.%0A%0A**Eingabeformat%3A**+%60upcoming+%3Cdate%3E
  %60%0A%0A**Ausgabeformat%3A**+Im+Erfolgsfall+werden+die+f%C3%A4lligen+Aufgaben+wie+in+Abschnitt+**
  Aufgaben**+beschrieben+ausgegeben.%0A%0A%23%23%23+4.18+Der+%60before%60-Befehl%0A%0ADieser+Befehl+
  zeigt+alle+Aufgaben+%28inklusive+aller+direkten+und+indirekten+Unteraufgaben%29+an%2C+bei+denen+di
  e+Frist+innerhalb+vor+oder+an+einem+bestimmen+Datum+liegt.+Dabei+z%C3%A4hlen+also+auch+Aufgabe%2C+
  die+direkt+am+Tag+der+Datumsangabe+f%C3%A4llig+sind.+Dabei+werden+Unteraufgaben+nicht+erneut+gelis
  tet%2C+falls+sie+bereits+durch+eine+%C3%BCbergeordnete+Aufgabe+in+der+Ausgabe+enthalten+sind.%0A%0
  A**Eingabeformat%3A**+%60before+%3Cdate%3E%60%0A%0A**Ausgabeformat%3A**+Im+Erfolgsfall+werden+die+
  Aufgaben+wie+in+Abschnitt+**Aufgaben**+beschrieben+ausgegeben.%0A%0A%23%23%23+4.19+Der+%60between%
  60-Befehl%0A%0ADieser+Befehl+zeigt+alle+Aufgaben+%28inklusive+aller+direkten+und+indirekten+Untera
  ufgaben%29+an%2C+bei+denen+die+Frist+zwischen+zwei+Datumsangaben+liegt.+Dabei+z%C3%A4hlen+auch+Auf
  gabe%2C+die+direkt+am+Tag+der+Datumsangaben+f%C3%A4llig+sind.%0ADabei+werden+Unteraufgaben+nicht+e
  rneut+gelistet%2C+falls+sie+bereits+durch+eine+%C3%BCbergeordnete+Aufgabe+in+der+Ausgabe+enthalten
  +sind.%0A%0A**Eingabeformat%3A**+%60between+%3Cdate%3E+%3Cdate%3E%60%0A%0A**Ausgabeformat%3A**+Im+
  Erfolgsfall+werden+die+Aufgaben+wie+in+Abschnitt+**Aufgaben**+beschrieben+ausgegeben.%0A%0A%23%23%
  23+4.20+Der+%60duplicates%60-Befehl%0A%0ADieser+Befehl+findet+f%C3%BCr+alle+Aufgaben+Duplikate%2C+
  wobei+zwei+Aufgaben+genau+dann+Duplikate+sind%2C+wenn+beide+folgenden+Bedingungen+erf%C3%BCllt+sin
  d%3A%0A%0A1.+der+Name+von+beiden+ist+identisch%0A2.+die+Frist+ist+identisch%2C+falls+beide+eine+Fr
  ist+haben+ODER+nicht+mehr+als+eine+der+Aufgaben+hat+eine+Frist.%0A%0A**Eingabeformat%3A**+%60dupli
  cates%60%0A%0A**Ausgabeformat%3A**+Im+Erfolgsfall+wird+%60Found+%3Cno%3E+duplicates%3A+%3Cdup%3E%6
  0+ausgegeben.+Hierbei+ist+%60%3Cno%3E%60+die+Anzahl+der+Aufgaben%2C+die+mindestens+ein+Duplikat+ha
  ben+und+%60dup%60+die+Liste+der+Identit%C3%A4ten+aller+Aufgaben%2C+die+mindestens+ein+Duplikat+hab
  en+%28aufsteigend+sortiert%29.%0A%0A**Beispiel%3A**+%60Found+3+duplicates%3A+2%2C+8%2C+17%60&proje
  ct=ProgrammingST23-Final1&role=requirements&task=Understand+the+st23final01+and+create+its+backlog
  +when+prompted.&timestamp=2026-07-25T15%3A31%3A57.010Z&domain=st23final01

● adaptive-memory extension active (role=requirements, memorySession=20260725-172906-req) - type
  /memory-help. MCP tools registered (memory=true, backlog=true).







Changes    +0 -0
Duration   1m 44s
Tokens     ↑ 25.5k (1.3k cached) • ↓ 935 (412 reasoning)
[delivery:requirements] Turn 6/8 complete
[delivery:requirements] Turn 7/8: examples.md — segment 6/6 — Beispiele — Abschlussaufgabe 1 (Procrastinot)
● [adaptive-context] GET
  http://localhost:4444/api/agents/7af7809a-adce-4fa9-9609-fd61059de0ff/sessions/20260725-172906-req
  /context?input=Dokument%3A+examples.md%0ASegment%3A+6%2F6%0AAbschnitt%3A+Beispiele+%E2%80%94+Absch
  lussaufgabe+1+%28Procrastinot%29%0A%0ALies+diesen+Abschnitt+sorgf%C3%A4ltig+und+behalte+den+Kontex
  t.+Erstelle+noch+keinen+Backlog+und+noch+keine+Tasks.+Warte+damit+bis+zum+abschlie%C3%9Fenden+%2Ff
  inalize.%0A%0A%23+Beispiele+%E2%80%94+Abschlussaufgabe+1+%28Procrastinot%29%0A%0ADieses+Dokument+e
  nth%C3%A4lt+die+in+der+Aufgabenstellung+referenzierten+Beispiele+f%C3%BCr+die+Ausgabe+von+Aufgaben
  +sowie+die+vollst%C3%A4ndige+Beispielinteraktion.+Sie+dienen+zur+Validierung+des+erwarteten+Verhal
  tens.+Die+Zeilennummern+und+die+Trennlinie+sind+kein+Bestandteil+der+Benutzerschnittstelle%3B+sie+
  dienen+lediglich+zur+Orientierung+in+der+gegebenen+Beispielinteraktion.+Nutzereingaben+sind+mit+de
  m+Zeichen+%60%3E%60+gekennzeichnet.+Die+Zeichen+%60%25%3E%60+%28Prozentzeichen+und+Gr%C3%B6%C3%9Fe
  rzeichen+gefolgt+von+einem+Leerzeichen%29+stellen+die+Kommandozeile+dar.+Der+Name+des+Programms+di
  ent+nur+als+Beispiel+und+ist+nicht+vorgeschrieben.%0A%0A%23%23+1+Ausgabe-Beispiele+f%C3%BCr+Aufgab
  en%0A%0A%23%23%23+1.1+Beispiel%3A+Einzelne+Aufgabenzeilen%0A%0A%60%60%60%0A-+%5B+%5D+Paper+%5BHI%5
  D%3A+%28diss%2C+research%2C+other%29+--%3E+2023-12-30%0A-+%5Bx%5D+Name+%5BMD%5D%3A+%28other%29%0A-
  +%5Bx%5D+Name+%5BLO%5D%3A+--%3E+2023-09-05%0A-+%5Bx%5D+FixBug%3A+%28coding%29+--%3E+2023-09-05%0A%
  60%60%60%0A%0A%23%23%23+1.2+Beispiel%3A+Aufgaben+mit+Unteraufgaben+%28Einr%C3%BCckung%29%0A%0A%60%
  60%60%0A-+%5B+%5D+Parent+%5BMD%5D%3A+%28coding%29%0A++-+%5B+%5D+Child1+%5BMD%5D%3A+%28issue%29%0A+
  +++-+%5B+%5D+ChildofChild1+%5BMD%5D%3A+%28issue%29%0A++-+%5B+%5D+Child2+%5BMD%5D%3A+%28bug%29%0A%6
  0%60%60%0A%0A%23%23%23+1.3+Beispiel%3A+Sortierung+mehrerer+Aufgaben%0A%0A%60%60%60%0A-+%5B+%5D+Par
  ent1+%5BHI%5D%0A++-+%5B+%5D+Child1+%5BLO%5D%0A++-+%5B+%5D+Child1%0A-+%5B+%5D+Parent1+%5BMD%5D%0A-+
  %5B+%5D+Parent1+%5BLO%5D%0A%60%60%60%0A%0A%23%23+2+Beispielinteraktion%0A%0A%60%60%60%0A%3Eadd+Fin
  al1+HI+2023-07-31%0Aadded+1%3A+Final1%0A%3Eadd+complete_commands+MD+2023-07-26%0Aadded+2%3A+comple
  te_commands%0A%3Eadd+command_add%0Aadded+3%3A+command_add%0A%3Etoggle+3%0Atoggled+command_add+and+
  0+subtasks%0A%3Eadd+command_assign+MD%0Aadded+4%3A+command_assign%0A%3Eadd+command_show+2023-07-25
  %0Aadded+5%3A+command_show%0A%3Eassign+3+2%0Aassigned+command_add+to+complete_commands%0A%3Etoggle
  +4%0Atoggled+command_assign+and+0+subtasks%0A%3Eassign+4+2%0Aassigned+command_assign+to+complete_c
  ommands%0A%3Eadd-list+timeCommands%0Aadded+timeCommands%0A%3Eassign+3+timeCommands%0Aassigned+comm
  and_add+to+timeCommands%0A%3Eadd+command_change-date%0Aadded+6%3A+command_change-date%0A%3Eassign+
  6+2%0Aassigned+command_change-date+to+complete_commands%0A%3Eassign+6+timeCommands%0Aassigned+comm
  and_change-date+to+timeCommands%0A%3Etag+2+incomplete%0Atagged+complete_commands+with+incomplete%0
  A%3Eadd+check_for_leap_year+2024-02-29%0Aadded+7%3A+check_for_leap_year%0A%3Eassign+7+3%0Aassigned
  +check_for_leap_year+to+command_add%0A%3Eassign+2+1%0Aassigned+complete_commands+to+Final1%0A%3Esh
  ow+1%0A-+%5B+%5D+Final1+%5BHI%5D%3A+--%3E+2023-07-31%0A++-+%5B+%5D+complete_commands+%5BMD%5D%3A+%
  28incomplete%29+--%3E+2023-07-26%0A++++-+%5Bx%5D+command_assign+%5BMD%5D%0A++++-+%5Bx%5D+command_a
  dd%0A++++++-+%5B+%5D+check_for_leap_year%3A+--%3E+2024-02-29%0A++++-+%5B+%5D+command_change-date%0
  A%3Etoggle+5%0Atoggled+command_show+and+0+subtasks%0A%3Echange-date+6+2023-07-27%0Achanged+command
  _change-date+to+2023-07-27%0A%3Etoggle+6%0Atoggled+command_change-date+and+0+subtasks%0A%3Eupcomin
  g+2023-07-26%0A-+%5B+%5D+Final1+%5BHI%5D%3A+--%3E+2023-07-31%0A++-+%5B+%5D+complete_commands+%5BMD
  %5D%3A+%28incomplete%29+--%3E+2023-07-26%0A++++-+%5Bx%5D+command_assign+%5BMD%5D%0A++++-+%5Bx%5D+c
  ommand_add%0A++++++-+%5B+%5D+check_for_leap_year%3A+--%3E+2024-02-29%0A++++-+%5Bx%5D+command_chang
  e-date%3A+--%3E+2023-07-27%0A%3Eadd+variations_of_optional_parameters+LO%0Aadded+8%3A+variations_o
  f_optional_parameters%0A%3Eassign+8+3%0Aassigned+variations_of_optional_parameters+to+command_add%
  0A%3Elist+timeCommands%0A-+%5Bx%5D+command_add%0A++-+%5B+%5D+variations_of_optional_parameters+%5B
  LO%5D%0A++-+%5B+%5D+check_for_leap_year%3A+--%3E+2024-02-29%0A-+%5Bx%5D+command_change-date%3A+--%
  3E+2023-07-27%0A%3Edelete+3%0Adeleted+command_add+and+2+subtasks%0A%3Elist+timeCommands%0A-+%5Bx%5
  D+command_change-date%3A+--%3E+2023-07-27%0A%3Eshow+1%0A-+%5B+%5D+Final1+%5BHI%5D%3A+--%3E+2023-07
  -31%0A++-+%5B+%5D+complete_commands+%5BMD%5D%3A+%28incomplete%29+--%3E+2023-07-26%0A++++-+%5Bx%5D+
  command_assign+%5BMD%5D%0A++++-+%5Bx%5D+command_change-date%3A+--%3E+2023-07-27%0A%3Erestore+3%0Ar
  estored+command_add+and+2+subtasks%0A%3Etagged-with+incomplete%0A-+%5B+%5D+complete_commands+%5BMD
  %5D%3A+%28incomplete%29+--%3E+2023-07-26%0A++-+%5Bx%5D+command_assign+%5BMD%5D%0A++-+%5Bx%5D+comma
  nd_change-date%3A+--%3E+2023-07-27%0A++-+%5Bx%5D+command_add%0A++++-+%5B+%5D+variations_of_optiona
  l_parameters+%5BLO%5D%0A++++-+%5B+%5D+check_for_leap_year%3A+--%3E+2024-02-29%0A%3Etoggle+7%0Atogg
  led+check_for_leap_year+and+0+subtasks%0A%3Etodo%0A-+%5B+%5D+Final1+%5BHI%5D%3A+--%3E+2023-07-31%0
  A++-+%5B+%5D+complete_commands+%5BMD%5D%3A+%28incomplete%29+--%3E+2023-07-26%0A++++-+%5Bx%5D+comma
  nd_add%0A++++++-+%5B+%5D+variations_of_optional_parameters+%5BLO%5D%0A%3Eadd+check_for_leap_year%0
  Aadded+9%3A+check_for_leap_year%0A%3Eassign+9+6%0Aassigned+check_for_leap_year+to+command_change-d
  ate%0A%3Eduplicates%0AFound+2+duplicates%3A+7%2C+9%0A%3Ebefore+2023-07-30%0A-+%5B+%5D+complete_com
  mands+%5BMD%5D%3A+%28incomplete%29+--%3E+2023-07-26%0A++-+%5Bx%5D+command_assign+%5BMD%5D%0A++-+%5
  Bx%5D+command_change-date%3A+--%3E+2023-07-27%0A++++-+%5B+%5D+check_for_leap_year%0A++-+%5Bx%5D+co
  mmand_add%0A++++-+%5B+%5D+variations_of_optional_parameters+%5BLO%5D%0A++++-+%5Bx%5D+check_for_lea
  p_year%3A+--%3E+2024-02-29%0A-+%5Bx%5D+command_show%3A+--%3E+2023-07-25%0A%3Echange-priority+8+HI%
  0Achanged+variations_of_optional_parameters+to+HI%0A%3Etag+timeCommands+confusing%0Atagged+timeCom
  mands+with+confusing%0A%3Efind+s%0A-+%5B+%5D+complete_commands+%5BMD%5D%3A+%28incomplete%29+--%3E+
  2023-07-26%0A++-+%5Bx%5D+command_assign+%5BMD%5D%0A++-+%5Bx%5D+command_change-date%3A+--%3E+2023-0
  7-27%0A++++-+%5B+%5D+check_for_leap_year%0A++-+%5Bx%5D+command_add%0A++++-+%5B+%5D+variations_of_o
  ptional_parameters+%5BHI%5D%0A++++-+%5Bx%5D+check_for_leap_year%3A+--%3E+2024-02-29%0A-+%5Bx%5D+co
  mmand_show%3A+--%3E+2023-07-25%0A%3Etoggle+1%0Atoggled+Final1+and+7+subtasks%0A%3Ebetween+2023-01-
  01+2023-12-31%0A-+%5Bx%5D+Final1+%5BHI%5D%3A+--%3E+2023-07-31%0A++-+%5Bx%5D+complete_commands+%5BM
  D%5D%3A+%28incomplete%29+--%3E+2023-07-26%0A++++-+%5Bx%5D+command_assign+%5BMD%5D%0A++++-+%5Bx%5D+
  command_change-date%3A+--%3E+2023-07-27%0A++++++-+%5Bx%5D+check_for_leap_year%0A++++-+%5Bx%5D+comm
  and_add%0A++++++-+%5Bx%5D+variations_of_optional_parameters+%5BHI%5D%0A++++++-+%5Bx%5D+check_for_l
  eap_year%3A+--%3E+2024-02-29%0A-+%5Bx%5D+command_show%3A+--%3E+2023-07-25%0A%3Equit%0A%60%60%60&pr
  oject=ProgrammingST23-Final1&role=requirements&task=Understand+the+st23final01+and+create+its+back
  log+when+prompted.&timestamp=2026-07-25T15%3A32%3A21.101Z&domain=st23final01

● Injected adaptive memory context into system prompt

● <adaptive_rules>
  - Aufgaben werden zeilenweise ausgegeben.
  - Erledigte Aufgaben werden durch `[x]` gekennzeichnet, sonst durch `[ ]`.
  - Fehlen sowohl Frist als auch Schlagworte, wird nach der Priorität nichts mehr ausgegeben.
  - Ist keine Frist vorhanden, wird der Pfeil weggelassen.
  - Jede Unteraufgabe ist zwei Leerzeichen tiefer eingerückt als die entsprechende Elternaufgabe.
  - Sind keine Schlagworte vorhanden, werden die runden Klammern nicht angezeigt.
  - Sortierung erfolgt zuerst absteigend nach der Priorität (`HI` > `MD` > `LO` > keine Priorität),
  danach nach Einfügereihenfolge.
  - Sowohl übergeordnete Aufgaben als auch alle Unteraufgaben einer Aufgabe werden jeweils nach
  diesen Kriterien sortiert ausgegeben.
  - Übergeordnete Aufgaben werden direkt ausgegeben; alle anderen Aufgaben werden nach ihrer
  Elternausgabe ausgegeben.
  - <priority> ist die textuelle Repräsentation der Priorität (`HI`, `MD` oder `LO`) oder eine leere
   Zeichenkette, falls keine Priorität vergeben werden soll.
  - <name> ist eine Zeichenkette, die keine Zeilenumbrüche oder Leerzeichen enthält.
  - <tag> ist eine eindeutige, nichtleere Zeichenkette die nur aus Buchstaben (A-Z, a-z) und Zahlen
  besteht.
  - Auf sinnvolle und saubere Modellierung achten.
  - Auf Trennung der Belange achten, damit die textuelle Schnittstelle später durch eine grafische
  Oberfläche ersetzt werden kann.
  - After printing an error message the program must continue and wait for the next input.
  - All solutions must use Java SE 17.
  - Do not call System.exit(), Runtime.exit() or similar methods.
  - Do not use the default package for your classes.
  - Error messages must begin with 'ERROR: ' and contain no line breaks.
  - Invalid or unsuccessfully executed commands must produce an error message.
  - Mandatory tests must be passed before other tests are evaluated.
  - Maximum line width of 120 characters must be respected.
  - Only java.util.Scanner and elements from the listed packages are allowed from the Java
  libraries.
  - Source code must be written in English; comments must be consistently English or German; Javadoc
   author tag must contain only the u‑identifier.
  - Source code must compile without errors.
  - Submit your .java files for task A as individual work with correct folder structure.
  - The online submission system enforces Checkstyle rules and some rule violations cause a zero
  score.
  - The program must terminate when the input 'quit' is received and must not use System.exit().
  - Use System.in for input and System.out for output; do not reassign these streams.
  - <date> ist eine Datumsangabe als Zeichenkette im Format JJJJ-MM-TT (z.B. `2023-05-24`).
  - <list> ist eine eindeutige, nichtleere Zeichenkette, die nur aus Buchstaben (A-Z, a-z) besteht.
  </adaptive_rules>

  <memories>
    - Document 'task.md' is titled 'Abschlussaufgabe 1 — Procrastinot'
    - The document 'Abschlussaufgabe 1 — Procrastinot' is the assignment header associated with the
  repository ProgrammingST23-Final1.
    - ProgrammingST23-Final1 uses a task domain entity 'Aufgabe' with fields ID, Name, Priorität,
  Frist, Schlagworte, Unteraufgaben, Erledigt-Status.
    - The document task.md has the title 'Abschlussaufgabe 1 — Procrastinot'.
    - Document 'task.md' relates to the course 'Programmieren' taught in Sommersemester 2023
    - The assignment header document is for the course 'Programmieren, Sommersemester 2023'.
    - The document task.md belongs to the course 'Programmieren'.
    - The document task.md is for the semester 'Sommersemester 2023'.
    - Document 'task.md' specifies the assignment is worth 20 points
    - Document 'task.md' has version 1.1
    - Document 'task.md' associates the assignment with the Institute of Information Security and
  Dependability (KASTEL) group
  </memories>
  <knowledge>
    - Eine Aufgabe hat eine eindeutige Identität (Ganzzahl, beginnend bei 1 und dann aufsteigend).
  </knowledge>
  <entity_paths>
    - ProgrammingST23-Final1 USES Aufgabe (task entity schema): ProgrammingST23-Final1 uses a task
  domain entity 'Aufgabe' with fields ID, Name, Priorität, Frist, Schlagworte, Unteraufgaben,
  Erledigt-Status.
    - Abschlussaufgabe 1 — Procrastinot RELATES_TO ProgrammingST23-Final1: The document
  'Abschlussaufgabe 1 — Procrastinot' is the assignment header associated with the repository
  ProgrammingST23-Final1.
    - Abschlussaufgabe 1 — Procrastinot RELATES_TO Programmieren, Sommersemester 2023: The
  assignment header document is for the course 'Programmieren, Sommersemester 2023'.
    - Abschlussaufgabe 1 — Procrastinot RELATES_TO Prof. Dr.-Ing. Anne Koziolek (KASTEL): The
  assignment header lists the instructor as 'Prof. Dr.-Ing. Anne Koziolek (KASTEL)'.
    - task.md RELATES_TO Programmieren: The document task.md belongs to the course 'Programmieren'.;
   Document 'task.md' relates to the course 'Programmieren' taught in Sommersemester 2023
    - task.md RELATES_TO Abschlussaufgabe 1 — Procrastinot: The document task.md has the title
  'Abschlussaufgabe 1 — Procrastinot'.; Document 'task.md' is titled 'Abschlussaufgabe 1 —
  Procrastinot'
    - task.md RELATES_TO Prof. Dr.-Ing. Anne Koziolek: The document task.md lists 'Prof. Dr.-Ing.
  Anne Koziolek' as the instructor.; Document 'task.md' lists Prof. Dr.-Ing. Anne Koziolek as the
  instructor
    - task.md RELATES_TO Institute of Information Security and Dependability (KASTEL): The document
  task.md is associated with the group 'Institute of Information Security and Dependability
  (KASTEL)'.; Document 'task.md' associates the assignment with the Institute of Information
  Security and Dependability (KASTEL) group
    - task.md RELATES_TO Sommersemester 2023: The document task.md is for the semester
  'Sommersemester 2023'.
    - task.md RELATES_TO Punkte: 20: Document 'task.md' specifies the assignment is worth 20 points
    - task.md RELATES_TO 20 Punkte: The document task.md specifies the assignment is worth 20
  points.
    - task.md RELATES_TO Version 1.1: The document task.md is version '1.1'.; Document 'task.md' has
   version 1.1
    - Abschlussaufgabe 1 — Procrastinot RELATES_TO ProgrammingST23-Final1: The document
  'Abschlussaufgabe 1 — Procrastinot' is the assignment header associated with the repository
  ProgrammingST23-Final1.
    - ProgrammingST23-Final1 USES Aufgabe (task entity schema): ProgrammingST23-Final1 uses a task
  domain entity 'Aufgabe' with fields ID, Name, Priorität, Frist, Schlagworte, Unteraufgaben,
  Erledigt-Status.
    - task.md RELATES_TO Abschlussaufgabe 1 — Procrastinot: The document task.md has the title
  'Abschlussaufgabe 1 — Procrastinot'.; Document 'task.md' is titled 'Abschlussaufgabe 1 —
  Procrastinot'
    - Abschlussaufgabe 1 — Procrastinot RELATES_TO ProgrammingST23-Final1: The document
  'Abschlussaufgabe 1 — Procrastinot' is the assignment header associated with the repository
  ProgrammingST23-Final1.
    - task.md RELATES_TO Abschlussaufgabe 1 — Procrastinot: The document task.md has the title
  'Abschlussaufgabe 1 — Procrastinot'.; Document 'task.md' is titled 'Abschlussaufgabe 1 —
  Procrastinot'
    - Abschlussaufgabe 1 — Procrastinot RELATES_TO Programmieren, Sommersemester 2023: The
  assignment header document is for the course 'Programmieren, Sommersemester 2023'.
    - task.md RELATES_TO Abschlussaufgabe 1 — Procrastinot: The document task.md has the title
  'Abschlussaufgabe 1 — Procrastinot'.; Document 'task.md' is titled 'Abschlussaufgabe 1 —
  Procrastinot'
    - Abschlussaufgabe 1 — Procrastinot RELATES_TO Prof. Dr.-Ing. Anne Koziolek (KASTEL): The
  assignment header lists the instructor as 'Prof. Dr.-Ing. Anne Koziolek (KASTEL)'.
  </entity_paths>
  <entity_matches>
    - ProgrammingST23-Final1 (score: 1.00) — Course project repository for the summer 2023
  programming final.
    - Abschlussaufgabe 1 — Procrastinot (score: 0.75) — Assignment header document for the final
  exercise.
    - task.md (score: 0.74) — Assignment document containing the Procrastinot task header.
    - Aufgabe (task entity schema) (score: 0.71) — Task schema with ID, Name, Priority, Deadline,
  Tags, Subtasks, Done flag.
    - Punkte: 20 (score: 0.69) — Points awarded for the assignment (20).
  </entity_matches>
  <insights>
    - Agent community around ProgrammingST23-Final1, Aufgabe (task entity schema). Relevant agent
  facts: ProgrammingST23-Final1 uses a task domain entity 'Aufgabe' with fields ID, Name, Priorität,
   Frist, Schlagworte, Unteraufgaben, Erledigt-Status.; The document 'Abschlussaufgabe 1 —
  Procrastinot' is the assignment header associated with the repository ProgrammingST23-Final1.
    - Agent community around Abschlussaufgabe 1 — Procrastinot, task.md, Punkte: 20 connects
  Institute of Information Security and Dependability (KASTEL), Sommersemester 2023, 20 Punkte.
  Relevant agent facts: The document task.md belongs to the course 'Programmieren'.; The document
  task.md has the title 'Abschlussaufgabe 1 — Procrastinot'.; The document task.md lists 'Prof.
  Dr.-Ing. Anne Koziolek' as the instructor.
  </insights>

● adaptive-memory extension active (role=requirements, memorySession=20260725-172906-req) - type
  /memory-help. MCP tools registered (memory=true, backlog=true).







Changes    +0 -0
Duration   2m 8s
Tokens     ↑ 30.5k (1.3k cached) • ↓ 712 (343 reasoning)
[delivery:requirements] Turn 7/8 complete
[delivery:requirements] Turn 8/8: Finalize backlog creation
● [adaptive-context] GET http://localhost:4444/api/agents/7af7809a-adce-4fa9-9609-fd61059de0ff/sessi
  ons/20260725-172906-req/context?input=%2Ffinalize&project=ProgrammingST23-Final1&role=requirements
  &task=Understand+the+st23final01+and+create+its+backlog+when+prompted.&timestamp=2026-07-25T15%3A3
  2%3A44.077Z&domain=st23final01

● Injected adaptive memory context into system prompt

● <adaptive_rules>
  - After printing an error message the program must continue and wait for the next input.
  - All solutions must use Java SE 17.
  - Do not call System.exit(), Runtime.exit() or similar methods.
  - Do not use the default package for your classes.
  - Error messages must begin with 'ERROR: ' and contain no line breaks.
  - Invalid or unsuccessfully executed commands must produce an error message.
  - Mandatory tests must be passed before other tests are evaluated.
  - Maximum line width of 120 characters must be respected.
  - Only java.util.Scanner and elements from the listed packages are allowed from the Java
  libraries.
  - Source code must be written in English; comments must be consistently English or German; Javadoc
   author tag must contain only the u‑identifier.
  - Source code must compile without errors.
  - Submit your .java files for task A as individual work with correct folder structure.
  - The online submission system enforces Checkstyle rules and some rule violations cause a zero
  score.
  - The program must terminate when the input 'quit' is received and must not use System.exit().
  - Use System.in for input and System.out for output; do not reassign these streams.
  - Aufgaben werden zeilenweise ausgegeben.
  - Erledigte Aufgaben werden durch `[x]` gekennzeichnet, sonst durch `[ ]`.
  - Fehlen sowohl Frist als auch Schlagworte, wird nach der Priorität nichts mehr ausgegeben.
  - Ist keine Frist vorhanden, wird der Pfeil weggelassen.
  - Jede Unteraufgabe ist zwei Leerzeichen tiefer eingerückt als die entsprechende Elternaufgabe.
  - Sind keine Schlagworte vorhanden, werden die runden Klammern nicht angezeigt.
  - Sortierung erfolgt zuerst absteigend nach der Priorität (`HI` > `MD` > `LO` > keine Priorität),
  danach nach Einfügereihenfolge.
  - Sowohl übergeordnete Aufgaben als auch alle Unteraufgaben einer Aufgabe werden jeweils nach
  diesen Kriterien sortiert ausgegeben.
  - Übergeordnete Aufgaben werden direkt ausgegeben; alle anderen Aufgaben werden nach ihrer
  Elternausgabe ausgegeben.
  - <priority> ist die textuelle Repräsentation der Priorität (`HI`, `MD` oder `LO`) oder eine leere
   Zeichenkette, falls keine Priorität vergeben werden soll.
  </adaptive_rules>

  <memories>
    - The document 'Abschlussaufgabe 1 — Procrastinot' is the assignment header associated with the
  repository ProgrammingST23-Final1.
    - ProgrammingST23-Final1 uses a task domain entity 'Aufgabe' with fields ID, Name, Priorität,
  Frist, Schlagworte, Unteraufgaben, Erledigt-Status.
    - ProgrammingST23-Final1 CONSTRAINT FIELD name must be a string containing no newlines or
  spaces.
    - ProgrammingST23-Final1 CONSTRAINT FIELD id must be a unique integer assigned per task,
  starting at 1 and increasing.
    - ProgrammingST23-Final1 CONSTRAINT FIELD priority must be one of the textual values HI, MD, LO
  or an empty string.
  </memories>
  <entity_paths>
    - ProgrammingST23-Final1 CONSTRAINT date: ProgrammingST23-Final1 CONSTRAINT FIELD date must be a
   date string in format JJJJ-MM-TT (YYYY-MM-DD).
    - ProgrammingST23-Final1 CONSTRAINT id: ProgrammingST23-Final1 CONSTRAINT FIELD id must be a
  unique integer assigned per task, starting at 1 and increasing.
    - ProgrammingST23-Final1 CONSTRAINT list: ProgrammingST23-Final1 CONSTRAINT FIELD list must be a
   unique non-empty string using only letters (A-Z a-z).
    - ProgrammingST23-Final1 CONSTRAINT tag: ProgrammingST23-Final1 CONSTRAINT FIELD tag must be a
  unique non-empty string using only letters and digits (A-Z a-z 0-9).
    - ProgrammingST23-Final1 CONSTRAINT name: ProgrammingST23-Final1 CONSTRAINT FIELD name must be a
   string containing no newlines or spaces.
    - ProgrammingST23-Final1 CONSTRAINT priority: ProgrammingST23-Final1 CONSTRAINT FIELD priority
  must be one of the textual values HI, MD, LO or an empty string.
    - ProgrammingST23-Final1 USES Aufgabe (task entity schema): ProgrammingST23-Final1 uses a task
  domain entity 'Aufgabe' with fields ID, Name, Priorität, Frist, Schlagworte, Unteraufgaben,
  Erledigt-Status.
    - task.md RELATES_TO Programmieren: The document task.md belongs to the course 'Programmieren'.;
   Document 'task.md' relates to the course 'Programmieren' taught in Sommersemester 2023
    - task.md RELATES_TO Abschlussaufgabe 1 — Procrastinot: The document task.md has the title
  'Abschlussaufgabe 1 — Procrastinot'.; Document 'task.md' is titled 'Abschlussaufgabe 1 —
  Procrastinot'
    - task.md RELATES_TO Prof. Dr.-Ing. Anne Koziolek: The document task.md lists 'Prof. Dr.-Ing.
  Anne Koziolek' as the instructor.; Document 'task.md' lists Prof. Dr.-Ing. Anne Koziolek as the
  instructor
    - task.md RELATES_TO Institute of Information Security and Dependability (KASTEL): The document
  task.md is associated with the group 'Institute of Information Security and Dependability
  (KASTEL)'.; Document 'task.md' associates the assignment with the Institute of Information
  Security and Dependability (KASTEL) group
    - task.md RELATES_TO Sommersemester 2023: The document task.md is for the semester
  'Sommersemester 2023'.
    - task.md RELATES_TO Punkte: 20: Document 'task.md' specifies the assignment is worth 20 points
    - task.md RELATES_TO 20 Punkte: The document task.md specifies the assignment is worth 20
  points.
    - task.md RELATES_TO Version 1.1: The document task.md is version '1.1'.; Document 'task.md' has
   version 1.1
    - Abschlussaufgabe 1 — Procrastinot RELATES_TO ProgrammingST23-Final1: The document
  'Abschlussaufgabe 1 — Procrastinot' is the assignment header associated with the repository
  ProgrammingST23-Final1.
    - Abschlussaufgabe 1 — Procrastinot RELATES_TO Programmieren, Sommersemester 2023: The
  assignment header document is for the course 'Programmieren, Sommersemester 2023'.
    - Abschlussaufgabe 1 — Procrastinot RELATES_TO Prof. Dr.-Ing. Anne Koziolek (KASTEL): The
  assignment header lists the instructor as 'Prof. Dr.-Ing. Anne Koziolek (KASTEL)'.
    - task.md RELATES_TO Abschlussaufgabe 1 — Procrastinot: The document task.md has the title
  'Abschlussaufgabe 1 — Procrastinot'.; Document 'task.md' is titled 'Abschlussaufgabe 1 —
  Procrastinot'
    - Abschlussaufgabe 1 — Procrastinot RELATES_TO ProgrammingST23-Final1: The document
  'Abschlussaufgabe 1 — Procrastinot' is the assignment header associated with the repository
  ProgrammingST23-Final1.
    - task.md RELATES_TO Abschlussaufgabe 1 — Procrastinot: The document task.md has the title
  'Abschlussaufgabe 1 — Procrastinot'.; Document 'task.md' is titled 'Abschlussaufgabe 1 —
  Procrastinot'
    - Abschlussaufgabe 1 — Procrastinot RELATES_TO Programmieren, Sommersemester 2023: The
  assignment header document is for the course 'Programmieren, Sommersemester 2023'.
  </entity_paths>
  <entity_matches>
    - ProgrammingST23-Final1 (score: 1.00) — Course project repository ProgrammingST23-Final1.
    - task.md (score: 0.71) — Assignment document containing the Procrastinot task header.
    - Aufgabe (task entity schema) (score: 0.70) — Task schema with ID, Name, Priority, Deadline,
  Tags, Subtasks, Done flag.
    - name (score: 0.68) — Task name string without spaces or newline characters.
    - Abschlussaufgabe 1 — Procrastinot (score: 0.67) — Assignment header document for the final
  exercise.
  </entity_matches>
  <insights>
    - Agent community around ProgrammingST23-Final1, Aufgabe (task entity schema), name connects
  list, tag, priority. Relevant agent facts: ProgrammingST23-Final1 uses a task domain entity
  'Aufgabe' with fields ID, Name, Priorität, Frist, Schlagworte, Unteraufgaben, Erledigt-Status.;
  The document 'Abschlussaufgabe 1 — Procrastinot' is the assignment header associated with the
  repository ProgrammingST23-Final1.; ProgrammingST23-Final1 CONSTRAINT FIELD date must be a date
  string in format JJJJ-MM-TT (YYYY-MM-DD).
    - Agent community around task.md, Programmieren, Prof. Dr.-Ing. Anne Koziolek connects Punkte:
  20, 20 Punkte, Version 1.1. Relevant agent facts: The document task.md belongs to the course
  'Programmieren'.; The document task.md has the title 'Abschlussaufgabe 1 — Procrastinot'.; The
  document task.md lists 'Prof. Dr.-Ing. Anne Koziolek' as the instructor.
    - Agent community around Abschlussaufgabe 1 — Procrastinot, Programmieren, Sommersemester 2023,
  Prof. Dr.-Ing. Anne Koziolek (KASTEL). Relevant agent facts: The document task.md has the title
  'Abschlussaufgabe 1 — Procrastinot'.; Document 'task.md' is titled 'Abschlussaufgabe 1 —
  Procrastinot'; The document 'Abschlussaufgabe 1 — Procrastinot' is the assignment header
  associated with the repository ProgrammingST23-Final1.
    - Agent community around ProgrammingST23-Final1, Aufgabe (task entity schema), name connects id,
   list, tag, priority. Relevant agent facts: ProgrammingST23-Final1 uses a task domain entity
  'Aufgabe' with fields ID, Name, Priorität, Frist, Schlagworte, Unteraufgaben, Erledigt-Status.;
  The document 'Abschlussaufgabe 1 — Procrastinot' is the assignment header associated with the
  repository ProgrammingST23-Final1.; ProgrammingST23-Final1 CONSTRAINT FIELD date must be a date
  string in format JJJJ-MM-TT (YYYY-MM-DD).
  </insights>

● adaptive-memory extension active (role=requirements, memorySession=20260725-172906-req) - type
  /memory-help. MCP tools registered (memory=true, backlog=true).



● Create Backlog (MCP: agentic-memory) · Console-based TODO application (Procrastinot) for task man…
  └ Backlog "Procrastinot" created with id: 7a89811b-ae55-492c-9bb4-27eed85d662c



● Create Tasks (MCP: agentic-memory) · backlogId: "7a89811b-ae55-492c-9bb4-27eed85d662c", tasks: [2…
  └ Created 20 task(s) in backlog 7a89811b-ae55-492c-9bb4-27eed85d662c.



● Get Tasks (MCP: agentic-memory) · backlogId: "7a89811b-ae55-492c-9bb4-27eed85d662c"
  └ Output too large to read at once (23.7 KB). Saved to: /var/folders/fs/p8fxyq6...







Changes    +0 -0
Duration   4m 51s
Tokens     ↑ 160.2k (122.9k cached) • ↓ 10.2k (6.8k reasoning)
[delivery:requirements] Turn 8/8 complete
[delivery:requirements] Exercise requirements stream complete — advancing to backlog discovery
[delivery] Phase B: Backlog discovery
[delivery] Using backlog: "Procrastinot" (7a89811b-ae55-492c-9bb4-27eed85d662c)
[delivery] Backlog: "Procrastinot" (7a89811b-ae55-492c-9bb4-27eed85d662c)

[delivery] Phase C: Coding

● [adaptive-context] GET http://localhost:4444/api/agents/7af7809a-adce-4fa9-9609-fd61059de0ff/sessi
  ons/20260725-172906-coding/context?input=Implement+%22Procrastinot%22+backlog%3A+Domain+model%3A+T
  ask+entity+with+state+machine%3B+Domain+model%3A+List+entity+and+value+object+validation%3B+Reposi
  tories%3A+TaskRepository%2C+ListRepository%2C+TagRegistry%3B+Task+output+formatting+with+hierarchy
  +and+sorting%3B+Command+parser+for+all+20+commands%3B+Implement+add+and+add-list+commands%3B+Imple
  ment+tag+commands+for+tasks+and+lists%3B+Implement+assign+commands+%28task-to-task+and+task-to-lis
  t%29%3B+Implement+toggle+command%3B+Implement+change-date+and+change-priority+commands%3B+Implemen
  t+delete+command%3B+Implement+restore+command%3B+Implement+show+command%3B+Implement+todo+command%
  3B+Implement+list+command%3B+Implement+tagged-with+and+find+commands%3B+Implement+upcoming%2C+befo
  re%2C+and+between+commands%3B+Implement+duplicates+command%3B+Main+application+loop+with+error+han
  dling+and+quit%3B+Checkstyle+compliance%2C+code+quality%2C+and+packaging&project=ProgrammingST23-F
  inal1&role=coding&task=Implement+backlog+%22Procrastinot%22+in+the+selected+exercise+repository.&t
  imestamp=2026-07-25T15%3A35%3A27.282Z&domain=st23final01

● Injected adaptive memory context into system prompt

● <adaptive_rules>
  - After printing an error message the program must continue and wait for the next input.
  - All solutions must use Java SE 17.
  - Do not call System.exit(), Runtime.exit() or similar methods.
  - Do not use the default package for your classes.
  - Error messages must begin with 'ERROR: ' and contain no line breaks.
  - Invalid or unsuccessfully executed commands must produce an error message.
  - Mandatory tests must be passed before other tests are evaluated.
  - Maximum line width of 120 characters must be respected.
  - Only java.util.Scanner and elements from the listed packages are allowed from the Java
  libraries.
  - Source code must be written in English; comments must be consistently English or German; Javadoc
   author tag must contain only the u‑identifier.
  - Source code must compile without errors.
  - Submit your .java files for task A as individual work with correct folder structure.
  - The online submission system enforces Checkstyle rules and some rule violations cause a zero
  score.
  - The program must terminate when the input 'quit' is received and must not use System.exit().
  - Use System.in for input and System.out for output; do not reassign these streams.
  - Aufgaben werden zeilenweise ausgegeben.
  - Erledigte Aufgaben werden durch `[x]` gekennzeichnet, sonst durch `[ ]`.
  - Fehlen sowohl Frist als auch Schlagworte, wird nach der Priorität nichts mehr ausgegeben.
  - Ist keine Frist vorhanden, wird der Pfeil weggelassen.
  - Jede Unteraufgabe ist zwei Leerzeichen tiefer eingerückt als die entsprechende Elternaufgabe.
  - Sind keine Schlagworte vorhanden, werden die runden Klammern nicht angezeigt.
  - Sortierung erfolgt zuerst absteigend nach der Priorität (`HI` > `MD` > `LO` > keine Priorität),
  danach nach Einfügereihenfolge.
  - Sowohl übergeordnete Aufgaben als auch alle Unteraufgaben einer Aufgabe werden jeweils nach
  diesen Kriterien sortiert ausgegeben.
  - Übergeordnete Aufgaben werden direkt ausgegeben; alle anderen Aufgaben werden nach ihrer
  Elternausgabe ausgegeben.
  - <priority> ist die textuelle Repräsentation der Priorität (`HI`, `MD` oder `LO`) oder eine leere
   Zeichenkette, falls keine Priorität vergeben werden soll.
  - <date> ist eine Datumsangabe als Zeichenkette im Format JJJJ-MM-TT (z.B. `2023-05-24`).
  - Auf sinnvolle und saubere Modellierung achten.
  - Auf Trennung der Belange achten, damit die textuelle Schnittstelle später durch eine grafische
  Oberfläche ersetzt werden kann.
  </adaptive_rules>

  <memories>
    - The document 'Abschlussaufgabe 1 — Procrastinot' is the assignment header associated with the
  repository ProgrammingST23-Final1.
    - ProgrammingST23-Final1 uses a task domain entity 'Aufgabe' with fields ID, Name, Priorität,
  Frist, Schlagworte, Unteraufgaben, Erledigt-Status.
    - Document 'task.md' is titled 'Abschlussaufgabe 1 — Procrastinot'
    - The document task.md has the title 'Abschlussaufgabe 1 — Procrastinot'.
    - Segment 3 provides the detailed concept description for ProgrammingST23-Final1
    - ProgrammingST23-Final1 separates UI from business logic to allow planned GUI expansion
    - Plain-text task list export format uses lines '- [ ]/[x] Name [PRIO]: (tags) --> YYYY-MM-DD';
  parents before children; 2-space indentation per level; sort by priority descending then insertion
   order (applies to parents and their subtasks)
    - ProgrammingST23-Final1 CONSTRAINT FIELD date must be a date string in format JJJJ-MM-TT
  (YYYY-MM-DD).
    - ProgrammingST23-Final1 CONSTRAINT FIELD id must be a unique integer assigned per task,
  starting at 1 and increasing.
  </memories>
  <entity_paths>
    - ProgrammingST23-Final1 CONSTRAINT Separation of concerns (UI vs logic): ProgrammingST23-Final1
   separates UI from business logic to allow planned GUI expansion
    - ProgrammingST23-Final1 CONSTRAINT <date>: ProgrammingST23-Final1 CONSTRAINT FIELD date must be
   a date string in format JJJJ-MM-TT (YYYY-MM-DD).
    - ProgrammingST23-Final1 CONSTRAINT <id>: ProgrammingST23-Final1 CONSTRAINT FIELD id must be a
  unique integer assigned per task, starting at 1 and increasing.
    - ProgrammingST23-Final1 CONSTRAINT <list>: ProgrammingST23-Final1 CONSTRAINT FIELD list must be
   a unique non-empty string using only letters (A-Z a-z).
    - ProgrammingST23-Final1 CONSTRAINT <tag>: ProgrammingST23-Final1 CONSTRAINT FIELD tag must be a
   unique non-empty string using only letters and digits (A-Z a-z 0-9).
    - ProgrammingST23-Final1 CONSTRAINT <name>: ProgrammingST23-Final1 CONSTRAINT FIELD name must be
   a string containing no newlines or spaces.
    - ProgrammingST23-Final1 CONSTRAINT <priority>: ProgrammingST23-Final1 CONSTRAINT FIELD priority
   must be one of the textual values HI, MD, LO or an empty string.
    - ProgrammingST23-Final1 USES Aufgabe (task entity schema): ProgrammingST23-Final1 uses a task
  domain entity 'Aufgabe' with fields ID, Name, Priorität, Frist, Schlagworte, Unteraufgaben,
  Erledigt-Status.
    - task.md CONSTRAINT <date>: The document task.md constrains the <date> placeholder to a date
  string in format JJJJ-MM-TT (YYYY-MM-DD).
    - task.md CONSTRAINT <id>: The document task.md constrains the <id> placeholder to a unique
  integer starting at 1 and increasing.
    - task.md CONSTRAINT <list>: The document task.md constrains the <list> placeholder to a unique
  non-empty string containing only letters.
    - task.md CONSTRAINT <tag>: The document task.md constrains the <tag> placeholder to a unique
  non-empty string containing only letters and digits.
    - task.md CONSTRAINT <name>: The document task.md constrains the <name> placeholder to a string
  without spaces or newlines.
    - task.md CONSTRAINT <priority>: The document task.md constrains the <priority> placeholder to
  the textual values HI, MD, LO or an empty string.
    - task.md RELATES_TO Programmieren: The document task.md belongs to the course 'Programmieren'.;
   Document 'task.md' relates to the course 'Programmieren' taught in Sommersemester 2023; Document
  'task.md' is for the lecture 'Programmieren'
    - task.md RELATES_TO Abschlussaufgabe 1 — Procrastinot: The document task.md has the title
  'Abschlussaufgabe 1 — Procrastinot'.; Document 'task.md' is titled 'Abschlussaufgabe 1 —
  Procrastinot'
    - task.md RELATES_TO Prof. Dr.-Ing. Anne Koziolek: The document task.md lists 'Prof. Dr.-Ing.
  Anne Koziolek' as the instructor.; Document 'task.md' lists Prof. Dr.-Ing. Anne Koziolek as the
  instructor
    - task.md RELATES_TO Institute of Information Security and Dependability (KASTEL): The document
  task.md is associated with the group 'Institute of Information Security and Dependability
  (KASTEL)'.; Document 'task.md' associates the assignment with the Institute of Information
  Security and Dependability (KASTEL) group
    - task.md RELATES_TO Sommersemester 2023: The document task.md is for the semester
  'Sommersemester 2023'.; Document 'task.md' specifies the semester as 'Sommersemester 2023'
    - task.md RELATES_TO Punkte: 20: Document 'task.md' specifies the assignment is worth 20 points
  </entity_paths>
  <entity_matches>
    - ProgrammingST23-Final1 (score: 1.00) — Course project repository and codebase for the
  assignment.
    - task.md (score: 0.78) — Assignment document file containing the final task description.
    - Abschlussaufgabe 1 — Procrastinot (score: 0.77) — Title of the final assignment for the
  course.
    - Task (score: 0.77) — Domain model for a task in the project.
    - Aufgabe (task entity schema) (score: 0.75) — Task schema with ID, Name, Priority, Deadline,
  Tags, Subtasks, Done flag.
  </entity_matches>
  <insights>
    - Agent community around ProgrammingST23-Final1, Aufgabe (task entity schema), Separation of
  concerns (UI vs logic) connects <tag>, <name>, <priority>. Relevant agent facts:
  ProgrammingST23-Final1 separates UI from business logic to allow planned GUI expansion;
  ProgrammingST23-Final1 uses a task domain entity 'Aufgabe' with fields ID, Name, Priorität, Frist,
   Schlagworte, Unteraufgaben, Erledigt-Status.; The document 'Abschlussaufgabe 1 — Procrastinot' is
   the assignment header associated with the repository ProgrammingST23-Final1.
    - Agent community around task.md, Programmieren, Prof. Dr.-Ing. Anne Koziolek connects Punkte:
  20, 20 Punkte, Version 1.1. Relevant agent facts: The document task.md belongs to the course
  'Programmieren'.; The document task.md has the title 'Abschlussaufgabe 1 — Procrastinot'.; The
  document task.md lists 'Prof. Dr.-Ing. Anne Koziolek' as the instructor.
    - Agent community around Abschlussaufgabe 1 — Procrastinot, Programmieren, Sommersemester 2023,
  Prof. Dr.-Ing. Anne Koziolek (KASTEL). Relevant agent facts: The document task.md has the title
  'Abschlussaufgabe 1 — Procrastinot'.; Document 'task.md' is titled 'Abschlussaufgabe 1 —
  Procrastinot'; The document 'Abschlussaufgabe 1 — Procrastinot' is the assignment header
  associated with the repository ProgrammingST23-Final1.
    - Agent community around Task, Task state transitions, Recursive subtask structure. Relevant
  agent facts: Task state machine: Open ↔ Closed → Deleted → Open/Closed; Tasks support a recursive
  subtask structure; tasks without a parent are top-level ("übergeordnet"); Task entity includes
  fields: unique ID; name (duplicates allowed); optional priority (HI/MD/LO); optional deadline
  (date); arbitrary tags
    - Agent community around <list>, List naming and grouping rules. Relevant agent facts:
  ProgrammingST23-Final1 CONSTRAINT FIELD list must be a unique non-empty string using only letters
  (A-Z a-z).; List entity must have a unique name, groups tasks, and can itself have tags; The
  document task.md constrains the <list> placeholder to a unique non-empty string containing only
  letters.
  </insights>

● adaptive-memory extension active (role=coding, memorySession=20260725-172906-coding) - type
  /memory-help. MCP tools registered (memory=true, backlog=true).

✗ Get Scratchpad (MCP: agentic-memory) · sessionId: "75997947-6e8c-4733-876c-141c0bb2ac92"
  └ MCP server 'agentic-memory': Forbidden.

● Claim Next Task (MCP: agentic-memory) · backlogId: "7a89811b-ae55-492c-9bb4-27eed85d662c"
  └ Claimed task "Domain model: Task entity with state machine" (b7f30041-c786-43...

● [turn-persistence] [turn-persistence] turn_end SKIPPED ai: no assistant message with content



● List directory .
  └ 12 files found

● Search (glob)
  │ "**/*.java"
  └ No matches found

● List directory src
  └ 1 file found

● Read pom.xml
  └ 31 lines read

● Read task.md
  └ 286 lines read

● [turn-persistence] [turn-persistence] turn_end SKIPPED ai: no assistant message with content

● Read guidelines.md
  └ 100 lines read

● Read examples.md
  └ 169 lines read

● Read checkstyle.xml
  └ 353 lines read

● [turn-persistence] [turn-persistence] turn_end SKIPPED ai: no assistant message with content



● Create package directory structure (shell)
  │ mkdir -p
  │ /Users/nghalinh2711/Development/student-repos/st23final01/src/edu/kit/kastel/procrastinot
  └ 1 line…

● Create Priority.java +31
  └ src/edu/kit/kastel/procrastinot/Priority.java

● [turn-persistence] [turn-persistence] turn_end SKIPPED ai: no assistant message with content

● Create Task.java +356
  └ src/edu/kit/kastel/procrastinot/Task.java

● [turn-persistence] [turn-persistence] turn_end SKIPPED ai: no assistant message with content



● Compile the project with Maven (shell)
  │ cd /Users/nghalinh2711/Development/student-repos/st23final01 && mvn compile 2>&1
  └ 23 lines…



● Run Checkstyle validation (shell)
  │ cd /Users/nghalinh2711/Development/student-repos/st23final01 && mvn checkstyle:check
  │ -Dcheckstyle.config.location=checkstyle.xml 2>&1 || true
  └ 22 lines…

● Run Checkstyle with checkstyle goal (shell)
  │ cd /Users/nghalinh2711/Development/student-repos/st23final01 && mvn checkstyle:checkstyle
  │ -Dcheckstyle.config.location=checkstyle.xml 2>&1 || true
  └ 23 lines…

● [turn-persistence] [turn-persistence] turn_end SKIPPED ai: no assistant message with content

● Run Checkstyle with compatible version (shell)
  │ cd /Users/nghalinh2711/Development/student-repos/st23final01 && mvn checkstyle:check
  │ -Dcheckstyle.config.location=checkstyle.xml -Dcheckstyle.version=9.3 2>&1 || true
  └ 22 lines…

● [turn-persistence] [turn-persistence] turn_end SKIPPED ai: no assistant message with content

● Run Checkstyle with older plugin version (shell)
  │ cd /Users/nghalinh2711/Development/student-repos/st23final01 && mvn
  │ org.apache.maven.plugins:maven-checkstyle-plugin:3.1.2:check
  │ -Dcheckstyle.config.location=checkstyle.xml 2>&1 | tail -30
  └ 24 lines…

● [turn-persistence] [turn-persistence] turn_end SKIPPED ai: no assistant message with content



● Read Task.java
  │ src/edu/kit/kastel/procrastinot/Task.java
  └ 355 lines read



● Update Task (MCP: agentic-memory) · backlogId: "7a89811b-ae55-492c-9bb4-27eed85d662c", taskId: "b…
  └ Task "Domain model: Task entity with state machine" (b7f30041-c786-4351-9aab-...



● Claim Next Task (MCP: agentic-memory) · backlogId: "7a89811b-ae55-492c-9bb4-27eed85d662c"
  └ Claimed task "Domain model: List entity and value object validation" (d607b63...



● Create TaskList.java +116
  └ src/edu/kit/kastel/procrastinot/TaskList.java

● Create Validations.java +69
  └ src/edu/kit/kastel/procrastinot/Validations.java

● [turn-persistence] [turn-persistence] turn_end SKIPPED ai: no assistant message with content

● Compile to verify new files (shell)
  │ cd /Users/nghalinh2711/Development/student-repos/st23final01 && mvn compile 2>&1
  └ 23 lines…

● [turn-persistence] [turn-persistence] turn_end SKIPPED ai: no assistant message with content



● Update Task (MCP: agentic-memory) · taskId: "d607b63d-6b3a-48cb-bbe8-553d3515fcce", state: "done"…
  └ Task "Domain model: List entity and value object validation" (d607b63d-6b3a-4...

● Claim Next Task (MCP: agentic-memory) · backlogId: "7a89811b-ae55-492c-9bb4-27eed85d662c"
  └ Claimed task "Repositories: TaskRepository, ListRepository, TagRegistry" (59e...



● Create TaskRepository.java +100
  └ src/edu/kit/kastel/procrastinot/TaskRepository.java



● Edit Task.java +8 -3
  └ src/edu/kit/kastel/procrastinot/Task.java



● Edit Task.java -3
  └ src/edu/kit/kastel/procrastinot/Task.java

● Edit Task.java -3
  └ src/edu/kit/kastel/procrastinot/Task.java

● [turn-persistence] [turn-persistence] turn_end SKIPPED ai: no assistant message with content



● Create TagRegistry.java +53
  └ src/edu/kit/kastel/procrastinot/TagRegistry.java

● Create ListRepository.java +69
  └ src/edu/kit/kastel/procrastinot/ListRepository.java

● Compile to verify all files (shell)
  │ cd /Users/nghalinh2711/Development/student-repos/st23final01 && mvn compile 2>&1
  └ 23 lines…

● [turn-persistence] [turn-persistence] turn_end SKIPPED ai: no assistant message with content



● Update Task (MCP: agentic-memory) · backlogId: "7a89811b-ae55-492c-9bb4-27eed85d662c", taskId: "5…
  └ Task "Repositories: TaskRepository, ListRepository, TagRegistry" (59e629e7-50...

● Claim Next Task (MCP: agentic-memory) · backlogId: "7a89811b-ae55-492c-9bb4-27eed85d662c"
  └ Claimed task "Task output formatting with hierarchy and sorting" (fb41c563-31...



● Create TaskFormatter.java +173
  └ src/edu/kit/kastel/procrastinot/TaskFormatter.java

● Compile with TaskFormatter (shell)
  │ cd /Users/nghalinh2711/Development/student-repos/st23final01 && mvn compile 2>&1
  └ 23 lines…

● [turn-persistence] [turn-persistence] turn_end SKIPPED ai: no assistant message with content



● Update Task (MCP: agentic-memory) · backlogId: "7a89811b-ae55-492c-9bb4-27eed85d662c", taskId: "f…
  └ Task "Task output formatting with hierarchy and sorting" (fb41c563-3198-4305-...

● Claim Next Task (MCP: agentic-memory) · backlogId: "7a89811b-ae55-492c-9bb4-27eed85d662c"
  └ Claimed task "Command parser for all 20 commands" (7201ada6-6254-4318-93c4-1f...



● Create CommandType.java +52
  └ src/edu/kit/kastel/procrastinot/CommandType.java

● Create ParsedCommand.java +107
  └ src/edu/kit/kastel/procrastinot/ParsedCommand.java

● [turn-persistence] [turn-persistence] turn_end SKIPPED ai: no assistant message with content



● Create CommandParser.java +375
  └ src/edu/kit/kastel/procrastinot/CommandParser.java

● Compile with parser files (shell)
  │ cd /Users/nghalinh2711/Development/student-repos/st23final01 && mvn compile 2>&1
  └ 23 lines…

● [turn-persistence] [turn-persistence] turn_end SKIPPED ai: no assistant message with content



● Update Task (MCP: agentic-memory) · backlogId: "7a89811b-ae55-492c-9bb4-27eed85d662c", taskId: "7…
  └ Task "Command parser for all 20 commands" (7201ada6-6254-4318-93c4-1fa562469c...

● Claim Next Task (MCP: agentic-memory) · backlogId: "7a89811b-ae55-492c-9bb4-27eed85d662c"
  └ Claimed task "Implement add and add-list commands" (e77cb34a-c9d3-41ad-9df4-6...



● Create CommandHandler.java +154
  └ src/edu/kit/kastel/procrastinot/CommandHandler.java

● Compile with CommandHandler (shell)
  │ cd /Users/nghalinh2711/Development/student-repos/st23final01 && mvn compile 2>&1
  └ 23 lines…

● [turn-persistence] [turn-persistence] turn_end SKIPPED ai: no assistant message with content

● Update Task (MCP: agentic-memory) · backlogId: "7a89811b-ae55-492c-9bb4-27eed85d662c", taskId: "e…
  └ Task "Implement add and add-list commands" (e77cb34a-c9d3-41ad-9df4-6d3b82e9f...

● Claim Next Task (MCP: agentic-memory) · backlogId: "7a89811b-ae55-492c-9bb4-27eed85d662c"
  └ Claimed task "Implement tag commands for tasks and lists" (3db0eeb1-d498-40de...

● [turn-persistence] [turn-persistence] turn_end SKIPPED ai: no assistant message with content



● Edit CommandHandler.java +4
  └ src/edu/kit/kastel/procrastinot/CommandHandler.java

● Edit CommandHandler.java +70
  └ src/edu/kit/kastel/procrastinot/CommandHandler.java

● [turn-persistence] [turn-persistence] turn_end SKIPPED ai: no assistant message with content

● Edit CommandHandler.java +14
  └ src/edu/kit/kastel/procrastinot/CommandHandler.java

● [turn-persistence] [turn-persistence] turn_end SKIPPED ai: no assistant message with content

● Compile with tag commands (shell)
  │ cd /Users/nghalinh2711/Development/student-repos/st23final01 && mvn compile 2>&1
  └ 23 lines…

● [turn-persistence] [turn-persistence] turn_end SKIPPED ai: no assistant message with content

● Update Task (MCP: agentic-memory) · backlogId: "7a89811b-ae55-492c-9bb4-27eed85d662c", taskId: "3…
  └ Task "Implement tag commands for tasks and lists" (3db0eeb1-d498-40de-8a1c-07...

● Claim Next Task (MCP: agentic-memory) · backlogId: "7a89811b-ae55-492c-9bb4-27eed85d662c"
  └ Claimed task "Implement assign commands (task-to-task and task-to-list)" (e52...

● [turn-persistence] [turn-persistence] turn_end SKIPPED ai: no assistant message with content

● Edit CommandHandler.java +4
  └ src/edu/kit/kastel/procrastinot/CommandHandler.java

● [turn-persistence] [turn-persistence] turn_end SKIPPED ai: no assistant message with content

● Edit CommandHandler.java +101
  └ src/edu/kit/kastel/procrastinot/CommandHandler.java

● [turn-persistence] [turn-persistence] turn_end SKIPPED ai: no assistant message with content

● Edit CommandHandler.java +3 -4
  └ src/edu/kit/kastel/procrastinot/CommandHandler.java

● [turn-persistence] [turn-persistence] turn_end SKIPPED ai: no assistant message with content

● Compile with assign commands (shell)
  │ cd /Users/nghalinh2711/Development/student-repos/st23final01 && mvn compile 2>&1
  └ 23 lines…

● [turn-persistence] [turn-persistence] turn_end SKIPPED ai: no assistant message with content

● Update Task (MCP: agentic-memory) · backlogId: "7a89811b-ae55-492c-9bb4-27eed85d662c", taskId: "e…
  └ Task "Implement assign commands (task-to-task and task-to-list)" (e52f56c8-ad...

● Claim Next Task (MCP: agentic-memory) · backlogId: "7a89811b-ae55-492c-9bb4-27eed85d662c"
  └ Claimed task "Implement toggle command" (69cc2e3c-3be3-4fa2-ab78-3ad331ae42e4...

● [turn-persistence] [turn-persistence] turn_end SKIPPED ai: no assistant message with content

● Edit CommandHandler.java +2
  └ src/edu/kit/kastel/procrastinot/CommandHandler.java

● [turn-persistence] [turn-persistence] turn_end SKIPPED ai: no assistant message with content

● Edit CommandHandler.java +24
  └ src/edu/kit/kastel/procrastinot/CommandHandler.java

● [turn-persistence] [turn-persistence] turn_end SKIPPED ai: no assistant message with content

● Compile with toggle (shell)
  │ cd /Users/nghalinh2711/Development/student-repos/st23final01 && mvn compile 2>&1 | tail -5
  └ 6 lines…

● [turn-persistence] [turn-persistence] turn_end SKIPPED ai: no assistant message with content

● Update Task (MCP: agentic-memory) · backlogId: "7a89811b-ae55-492c-9bb4-27eed85d662c", taskId: "6…
  └ Task "Implement toggle command" (69cc2e3c-3be3-4fa2-ab78-3ad331ae42e4) update...

● Claim Next Task (MCP: agentic-memory) · backlogId: "7a89811b-ae55-492c-9bb4-27eed85d662c"
  └ Claimed task "Implement change-date and change-priority commands" (64290f0a-e...

● [turn-persistence] [turn-persistence] turn_end SKIPPED ai: no assistant message with content

● Edit CommandHandler.java +4
  └ src/edu/kit/kastel/procrastinot/CommandHandler.java

● [turn-persistence] [turn-persistence] turn_end SKIPPED ai: no assistant message with content

● Edit CommandHandler.java +60
  └ src/edu/kit/kastel/procrastinot/CommandHandler.java

● [turn-persistence] [turn-persistence] turn_end SKIPPED ai: no assistant message with content

● Compile with change commands (shell)
  │ cd /Users/nghalinh2711/Development/student-repos/st23final01 && mvn compile 2>&1 | tail -5
  └ 6 lines…

● [turn-persistence] [turn-persistence] turn_end SKIPPED ai: no assistant message with content

● Update Task (MCP: agentic-memory) · backlogId: "7a89811b-ae55-492c-9bb4-27eed85d662c", taskId: "6…
  └ Task "Implement change-date and change-priority commands" (64290f0a-e406-43d9...

● Claim Next Task (MCP: agentic-memory) · backlogId: "7a89811b-ae55-492c-9bb4-27eed85d662c"
  └ Claimed task "Implement delete command" (e108691a-4009-4d1b-a700-4747a084e860...

● [turn-persistence] [turn-persistence] turn_end SKIPPED ai: no assistant message with content



● Edit Task.java +3
  └ src/edu/kit/kastel/procrastinot/Task.java

● Edit Task.java +1
  └ src/edu/kit/kastel/procrastinot/Task.java

● [turn-persistence] [turn-persistence] turn_end SKIPPED ai: no assistant message with content

● Edit Task.java +27
  └ src/edu/kit/kastel/procrastinot/Task.java

● [turn-persistence] [turn-persistence] turn_end SKIPPED ai: no assistant message with content

● Edit TaskList.java +6 -1
  └ src/edu/kit/kastel/procrastinot/TaskList.java

● [turn-persistence] [turn-persistence] turn_end SKIPPED ai: no assistant message with content



● Edit CommandHandler.java +4
  └ src/edu/kit/kastel/procrastinot/CommandHandler.java

● Edit CommandHandler.java +69
  └ src/edu/kit/kastel/procrastinot/CommandHandler.java

● [turn-persistence] [turn-persistence] turn_end SKIPPED ai: no assistant message with content



● Edit CommandHandler.java +1 -1
  └ src/edu/kit/kastel/procrastinot/CommandHandler.java

● Edit CommandHandler.java +1 -1
  └ src/edu/kit/kastel/procrastinot/CommandHandler.java

● [turn-persistence] [turn-persistence] turn_end SKIPPED ai: no assistant message with content

● Compile with delete/restore (shell)
  │ cd /Users/nghalinh2711/Development/student-repos/st23final01 && mvn compile 2>&1
  └ 48 lines…

● [turn-persistence] [turn-persistence] turn_end SKIPPED ai: no assistant message with content

● Read CommandHandler.java
  │ src/edu/kit/kastel/procrastinot/CommandHandler.java
  └ L1:15 (14 lines read)

● [turn-persistence] [turn-persistence] turn_end SKIPPED ai: no assistant message with content

● Edit CommandHandler.java +1
  └ src/edu/kit/kastel/procrastinot/CommandHandler.java

● [turn-persistence] [turn-persistence] turn_end SKIPPED ai: no assistant message with content

● Compile fixed version (shell)
  │ cd /Users/nghalinh2711/Development/student-repos/st23final01 && mvn compile 2>&1 | tail -5
  └ 6 lines…

● [turn-persistence] [turn-persistence] turn_end SKIPPED ai: no assistant message with content

● Update Task (MCP: agentic-memory) · backlogId: "7a89811b-ae55-492c-9bb4-27eed85d662c", taskId: "e…
  └ Task "Implement delete command" (e108691a-4009-4d1b-a700-4747a084e860) update...

● Claim Next Task (MCP: agentic-memory) · backlogId: "7a89811b-ae55-492c-9bb4-27eed85d662c"
  └ Claimed task "Implement restore command" (e4fe4dab-bf06-441d-9981-3d602274aa2...

● [turn-persistence] [turn-persistence] turn_end SKIPPED ai: no assistant message with content



● Update Task (MCP: agentic-memory) · backlogId: "7a89811b-ae55-492c-9bb4-27eed85d662c", taskId: "e…
  └ Task "Implement restore command" (e4fe4dab-bf06-441d-9981-3d602274aa24) updat...

● Claim Next Task (MCP: agentic-memory) · backlogId: "7a89811b-ae55-492c-9bb4-27eed85d662c"
  └ Claimed task "Implement show command" (0e5bd391-2428-4672-bd5a-8038d3dcf455) ...

● Edit CommandHandler.java +2
  └ src/edu/kit/kastel/procrastinot/CommandHandler.java

● [turn-persistence] [turn-persistence] turn_end SKIPPED ai: no assistant message with content

● Edit CommandHandler.java +20
  └ src/edu/kit/kastel/procrastinot/CommandHandler.java

● [turn-persistence] [turn-persistence] turn_end SKIPPED ai: no assistant message with content

● Compile with show command (shell)
  │ cd /Users/nghalinh2711/Development/student-repos/st23final01 && mvn compile 2>&1 | tail -5
  └ 6 lines…

● [turn-persistence] [turn-persistence] turn_end SKIPPED ai: no assistant message with content

● Update Task (MCP: agentic-memory) · backlogId: "7a89811b-ae55-492c-9bb4-27eed85d662c", taskId: "0…
  └ Task "Implement show command" (0e5bd391-2428-4672-bd5a-8038d3dcf455) updated ...

● Claim Next Task (MCP: agentic-memory) · backlogId: "7a89811b-ae55-492c-9bb4-27eed85d662c"
  └ Claimed task "Implement todo command" (53dd8b38-07ba-4c9f-9c98-30fbdadb1941) ...

● [turn-persistence] [turn-persistence] turn_end SKIPPED ai: no assistant message with content



● Edit Task.java +14 -6
  └ src/edu/kit/kastel/procrastinot/Task.java

● Edit TaskFormatter.java +51
  └ src/edu/kit/kastel/procrastinot/TaskFormatter.java

● [turn-persistence] [turn-persistence] turn_end SKIPPED ai: no assistant message with content



● Edit CommandHandler.java +2
  └ src/edu/kit/kastel/procrastinot/CommandHandler.java

● Edit CommandHandler.java +10
  └ src/edu/kit/kastel/procrastinot/CommandHandler.java

● [turn-persistence] [turn-persistence] turn_end SKIPPED ai: no assistant message with content

● Compile with todo command (shell)
  │ cd /Users/nghalinh2711/Development/student-repos/st23final01 && mvn compile 2>&1 | tail -5
  └ 6 lines…

● [turn-persistence] [turn-persistence] turn_end SKIPPED ai: no assistant message with content

● Check compilation errors (shell)
  │ cd /Users/nghalinh2711/Development/student-repos/st23final01 && mvn compile 2>&1 | grep "ERROR"
  └ 18 lines…

● [turn-persistence] [turn-persistence] turn_end SKIPPED ai: no assistant message with content



● Edit Task.java +13
  └ src/edu/kit/kastel/procrastinot/Task.java

● Compile after fix (shell)
  │ cd /Users/nghalinh2711/Development/student-repos/st23final01 && mvn compile 2>&1 | tail -5
  └ 6 lines…

● [turn-persistence] [turn-persistence] turn_end SKIPPED ai: no assistant message with content

● Update Task (MCP: agentic-memory) · backlogId: "7a89811b-ae55-492c-9bb4-27eed85d662c", taskId: "5…
  └ Task "Implement todo command" (53dd8b38-07ba-4c9f-9c98-30fbdadb1941) updated ...

● Claim Next Task (MCP: agentic-memory) · backlogId: "7a89811b-ae55-492c-9bb4-27eed85d662c"
  └ Cannot claim the next task — unresolved tasks are blocking:

● [turn-persistence] [turn-persistence] turn_end SKIPPED ai: no assistant message with content

● Claim Next Task (MCP: agentic-memory) · backlogId: "7a89811b-ae55-492c-9bb4-27eed85d662c"
  └ Claimed task "Implement list command" (65871d76-2fb6-4699-b099-18d47e29ebc9) ...

● [turn-persistence] [turn-persistence] turn_end SKIPPED ai: no assistant message with content



● Edit CommandHandler.java +2
  └ src/edu/kit/kastel/procrastinot/CommandHandler.java



● Edit TaskFormatter.java +10 -10
  └ src/edu/kit/kastel/procrastinot/TaskFormatter.java

● Edit CommandHandler.java +46
  └ src/edu/kit/kastel/procrastinot/CommandHandler.java

● [turn-persistence] [turn-persistence] turn_end SKIPPED ai: no assistant message with content

● Edit CommandHandler.java +1
  └ src/edu/kit/kastel/procrastinot/CommandHandler.java

● [turn-persistence] [turn-persistence] turn_end SKIPPED ai: no assistant message with content

● Compile with list command (shell)
  │ cd /Users/nghalinh2711/Development/student-repos/st23final01 && mvn compile 2>&1 | tail -5
  └ 6 lines…

● [turn-persistence] [turn-persistence] turn_end SKIPPED ai: no assistant message with content

● Update Task (MCP: agentic-memory) · backlogId: "7a89811b-ae55-492c-9bb4-27eed85d662c", taskId: "6…
  └ Task "Implement list command" (65871d76-2fb6-4699-b099-18d47e29ebc9) updated ...

● Claim Next Task (MCP: agentic-memory) · backlogId: "7a89811b-ae55-492c-9bb4-27eed85d662c"
  └ Cannot claim the next task — unresolved tasks are blocking:

● [turn-persistence] [turn-persistence] turn_end SKIPPED ai: no assistant message with content

● Claim Next Task (MCP: agentic-memory) · backlogId: "7a89811b-ae55-492c-9bb4-27eed85d662c"
  └ Claimed task "Implement tagged-with and find commands" (8b3c9ab6-bf9c-4c04-a8...

● [turn-persistence] [turn-persistence] turn_end SKIPPED ai: no assistant message with content

● Edit CommandHandler.java +4
  └ src/edu/kit/kastel/procrastinot/CommandHandler.java

● [turn-persistence] [turn-persistence] turn_end SKIPPED ai: no assistant message with content

● Edit CommandHandler.java +36
  └ src/edu/kit/kastel/procrastinot/CommandHandler.java

● [turn-persistence] [turn-persistence] turn_end SKIPPED ai: no assistant message with content

● Compile tagged-with and find (shell)
  │ cd /Users/nghalinh2711/Development/student-repos/st23final01 && mvn compile 2>&1 | tail -5
  └ 6 lines…

● [turn-persistence] [turn-persistence] turn_end SKIPPED ai: no assistant message with content

● Update Task (MCP: agentic-memory) · backlogId: "7a89811b-ae55-492c-9bb4-27eed85d662c", taskId: "8…
  └ Task "Implement tagged-with and find commands" (8b3c9ab6-bf9c-4c04-a80c-62902...

● Claim Next Task (MCP: agentic-memory) · backlogId: "7a89811b-ae55-492c-9bb4-27eed85d662c"
  └ Claimed task "Implement upcoming, before, and between commands" (58acdbd3-c31...

● [turn-persistence] [turn-persistence] turn_end SKIPPED ai: no assistant message with content

● Edit CommandHandler.java +6
  └ src/edu/kit/kastel/procrastinot/CommandHandler.java

● [turn-persistence] [turn-persistence] turn_end SKIPPED ai: no assistant message with content

✗ Edit CommandHandler.java
  │ src/edu/kit/kastel/procrastinot/CommandHandler.java
  └ Multiple matches found

● [turn-persistence] [turn-persistence] turn_end SKIPPED ai: no assistant message with content

● Read CommandHandler.java
  │ src/edu/kit/kastel/procrastinot/CommandHandler.java
  └ L510:550 (41 lines read)

● [turn-persistence] [turn-persistence] turn_end SKIPPED ai: no assistant message with content

● Edit CommandHandler.java +76
  └ src/edu/kit/kastel/procrastinot/CommandHandler.java

● [turn-persistence] [turn-persistence] turn_end SKIPPED ai: no assistant message with content

● Compile date filter commands (shell)
  │ cd /Users/nghalinh2711/Development/student-repos/st23final01 && mvn compile 2>&1 | tail -5
  └ 6 lines…

● [turn-persistence] [turn-persistence] turn_end SKIPPED ai: no assistant message with content

● Update Task (MCP: agentic-memory) · backlogId: "7a89811b-ae55-492c-9bb4-27eed85d662c", taskId: "5…
  └ Task "Implement upcoming, before, and between commands" (58acdbd3-c319-4ee2-a...

● Claim Next Task (MCP: agentic-memory) · backlogId: "7a89811b-ae55-492c-9bb4-27eed85d662c"
  └ Claimed task "Implement duplicates command" (cf47f350-4a7c-4320-8c98-e4f0ec13...

● [turn-persistence] [turn-persistence] turn_end SKIPPED ai: no assistant message with content

● Edit CommandHandler.java +2
  └ src/edu/kit/kastel/procrastinot/CommandHandler.java

● [turn-persistence] [turn-persistence] turn_end SKIPPED ai: no assistant message with content

✗ Edit CommandHandler.java
  │ src/edu/kit/kastel/procrastinot/CommandHandler.java
  └ Multiple matches found

● [turn-persistence] [turn-persistence] turn_end SKIPPED ai: no assistant message with content

● Read CommandHandler.java
  │ src/edu/kit/kastel/procrastinot/CommandHandler.java
  └ L610:625 (16 lines read)

● [turn-persistence] [turn-persistence] turn_end SKIPPED ai: no assistant message with content

● Edit CommandHandler.java +62
  └ src/edu/kit/kastel/procrastinot/CommandHandler.java

● [turn-persistence] [turn-persistence] turn_end SKIPPED ai: no assistant message with content

● Compile with duplicates (shell)
  │ cd /Users/nghalinh2711/Development/student-repos/st23final01 && mvn compile 2>&1 | tail -10
  └ 11 lines…

● [turn-persistence] [turn-persistence] turn_end SKIPPED ai: no assistant message with content

● Edit CommandHandler.java +1
  └ src/edu/kit/kastel/procrastinot/CommandHandler.java

● [turn-persistence] [turn-persistence] turn_end SKIPPED ai: no assistant message with content

● Compile with fix (shell)
  │ cd /Users/nghalinh2711/Development/student-repos/st23final01 && mvn compile 2>&1 | tail -5
  └ 6 lines…

● [turn-persistence] [turn-persistence] turn_end SKIPPED ai: no assistant message with content

● Update Task (MCP: agentic-memory) · backlogId: "7a89811b-ae55-492c-9bb4-27eed85d662c", taskId: "c…
  └ Task "Implement duplicates command" (cf47f350-4a7c-4320-8c98-e4f0ec139738) up...

● Claim Next Task (MCP: agentic-memory) · backlogId: "7a89811b-ae55-492c-9bb4-27eed85d662c"
  └ Cannot claim the next task — unresolved tasks are blocking:

● [turn-persistence] [turn-persistence] turn_end SKIPPED ai: no assistant message with content

● Claim Next Task (MCP: agentic-memory) · backlogId: "7a89811b-ae55-492c-9bb4-27eed85d662c"
  └ Claimed task "Main application loop with error handling and quit" (c7e1b55e-e...

● [turn-persistence] [turn-persistence] turn_end SKIPPED ai: no assistant message with content



● Create Procrastinot.java +57
  └ src/edu/kit/kastel/procrastinot/Procrastinot.java

● Compile main app (shell)
  │ cd /Users/nghalinh2711/Development/student-repos/st23final01 && mvn compile 2>&1 | tail -5
  └ 6 lines…

● [turn-persistence] [turn-persistence] turn_end SKIPPED ai: no assistant message with content

● Update Task (MCP: agentic-memory) · backlogId: "7a89811b-ae55-492c-9bb4-27eed85d662c", taskId: "c…
  └ Task "Main application loop with error handling and quit" (c7e1b55e-eee5-437d...

● Claim Next Task (MCP: agentic-memory) · backlogId: "7a89811b-ae55-492c-9bb4-27eed85d662c"
  └ Claimed task "Checkstyle compliance, code quality, and packaging" (c6eab509-4...

● [turn-persistence] [turn-persistence] turn_end SKIPPED ai: no assistant message with content



● Check for lines exceeding 120 chars (shell)
  │ cd /Users/nghalinh2711/Development/student-repos/st23final01 && find src -name "*.java" -exec sh
  │ -c 'awk "length>\$0>120{print FILENAME\":\"NR\": \"\$0}"' {} \;
  └ 53 lines…

● Check for lines > 120 chars (shell)
  │ cd /Users/nghalinh2711/Development/student-repos/st23final01 && grep -rn '.\{121\}' src/
  │ --include="*.java" | head -30
  └ 1 line…

● [turn-persistence] [turn-persistence] turn_end SKIPPED ai: no assistant message with content



● Run example interaction test (shell)
  │ cd /Users/nghalinh2711/Development/student-repos/st23final01 && echo 'add Final1 HI 2023-07-31
  │ add complete_commands MD 2023-07-26
  │ add command_add
  │ toggle 3
  │ add command_assign MD…
  └ 114 lines…



● Edit CommandHandler.java +13 -3
  └ src/edu/kit/kastel/procrastinot/CommandHandler.java



● Edit CommandHandler.java +1 -1
  └ src/edu/kit/kastel/procrastinot/CommandHandler.java

● Edit Task.java +4 -2
  └ src/edu/kit/kastel/procrastinot/Task.java

● [turn-persistence] [turn-persistence] turn_end SKIPPED ai: no assistant message with content

● Test first half of example (shell)
  │ cd /Users/nghalinh2711/Development/student-repos/st23final01 && mvn compile -q 2>&1 && echo
  │ 'add Final1 HI 2023-07-31
  │ add complete_commands MD 2023-07-26
  │ add command_add
  │ toggle 3…
  └ 41 lines…

● [turn-persistence] [turn-persistence] turn_end SKIPPED ai: no assistant message with content



● Full example interaction test (shell)
  │ cd /Users/nghalinh2711/Development/student-repos/st23final01 && echo 'add Final1 HI 2023-07-31
  │ add complete_commands MD 2023-07-26
  │ add command_add
  │ toggle 3
  │ add command_assign MD…
  └ 127 lines…



● Update Task (MCP: agentic-memory) · backlogId: "7a89811b-ae55-492c-9bb4-27eed85d662c", taskId: "c…
  └ Task "Checkstyle compliance, code quality, and packaging" (c6eab509-4448-49a0...

● Claim Next Task (MCP: agentic-memory) · backlogId: "7a89811b-ae55-492c-9bb4-27eed85d662c"
  └ No claimable to_do task remains in this backlog.



● Get Tasks (MCP: agentic-memory) · backlogId: "7a89811b-ae55-492c-9bb4-27eed85d662c"
  └ Output too large to read at once (23.7 KB). Saved to: /var/folders/fs/p8fxyq6...

● Check for unresolved tasks (shell)
  │ grep -E '^\d+\. \[(to_do|in_progress|blocked)\]'
  │ /var/folders/fs/p8fxyq611_d7_glm0yth2st80000gn/T/1784994705037-copilot-tool-output-z5jmv5.txt
  └ 1 line…

● [turn-persistence] [turn-persistence] turn_end SKIPPED ai: no assistant message with content

● Count tasks and done tasks (shell)
  │ grep -c '^\d+\.'
  │ /var/folders/fs/p8fxyq611_d7_glm0yth2st80000gn/T/1784994705037-copilot-tool-output-z5jmv5.txt &&
  │ grep -c '\[done\]'
  │ /var/folders/fs/p8fxyq611_d7_glm0yth2st80000gn/T/1784994705037-copilot-tool-output-z5jmv5.txt
  └ 2 lines…

● [turn-persistence] [turn-persistence] turn_end SKIPPED ai: no assistant message with content

● Read 1784994705037-copilot-tool-output-z5jmv5.txt
  │ /var/folders/fs/p8fxyq611_d7_glm0yth2st80000gn/T/1784994705037-copilot-tool-output-z5jmv5.txt
  └ L1:30 (22 lines read)

● [turn-persistence] [turn-persistence] turn_end SKIPPED ai: no assistant message with content



● skill(delivery-port-check)

● [turn-persistence] [turn-persistence] turn_end SKIPPED ai: no assistant message with content



● Read README.md
  └ 4 lines read

● Edit README.md +76 -4

● [turn-persistence] [turn-persistence] turn_end SKIPPED ai: no assistant message with content



● Final clean build (shell)
  │ cd /Users/nghalinh2711/Development/student-repos/st23final01 && mvn clean compile 2>&1 | tail
  │ -10
  └ 11 lines…







Changes    +2571 -42
Duration   17m 3s
Tokens     ↑ 11.9m (11.8m cached) • ↓ 57.1k (17.3k reasoning)
[delivery] Coding agent exited with code 0
[delivery] Backlog verification passed.
[delivery] Phase E: Feedback

[delivery] Feedback agent — interactive session.
[delivery] Provide feedback to the agent. Exit the session (Ctrl+C or /exit) when done.

