
===== st24final02 started at 2026-07-16T07:22:54Z =====
PROGRAMMING_DIR=/Users/nghalinh2711/Development/student-repos/st24final02
COMMAND=pnpm delivery:run -- --exercise --dry-run

$ tsx delivery/run.ts -- --exercise --dry-run
/Users/nghalinh2711/Development/ha-linh-nguyen/Implementierung/delivery/lib/cli/args.ts:82
        throw new Error(`Unknown argument: ${arg}`);
              ^

Error: Unknown argument: --
    at parseCoordinatorArgs (/Users/nghalinh2711/Development/ha-linh-nguyen/Implementierung/delivery/lib/cli/args.ts:82:15)
    at <anonymous> (/Users/nghalinh2711/Development/ha-linh-nguyen/Implementierung/delivery/run.ts:169:14)
    at ModuleJob.run (node:internal/modules/esm/module_job:413:25)
    at async onImport.tracePromise.__proto__ (node:internal/modules/esm/loader:660:26)
    at async asyncRunEntryPointWithESMLoader (node:internal/modules/run_main:101:5)

Node.js v24.12.0
[ELIFECYCLE] Command failed with exit code 1.

===== st24final02 started at 2026-07-16T07:23:25Z =====
PROGRAMMING_DIR=/Users/nghalinh2711/Development/student-repos/st24final02
COMMAND=pnpm delivery:run -- --exercise --dry-run

$ tsx delivery/run.ts -- --exercise --dry-run
/Users/nghalinh2711/Development/ha-linh-nguyen/Implementierung/delivery/lib/cli/args.ts:82
        throw new Error(`Unknown argument: ${arg}`);
              ^

Error: Unknown argument: --
    at parseCoordinatorArgs (/Users/nghalinh2711/Development/ha-linh-nguyen/Implementierung/delivery/lib/cli/args.ts:82:15)
    at <anonymous> (/Users/nghalinh2711/Development/ha-linh-nguyen/Implementierung/delivery/run.ts:169:14)
    at ModuleJob.run (node:internal/modules/esm/module_job:413:25)
    at async onImport.tracePromise.__proto__ (node:internal/modules/esm/loader:660:26)
    at async asyncRunEntryPointWithESMLoader (node:internal/modules/run_main:101:5)

Node.js v24.12.0
[ELIFECYCLE] Command failed with exit code 1.

===== st24final02 started at 2026-07-16T07:27:11Z =====
PROGRAMMING_DIR=/Users/nghalinh2711/Development/student-repos/st24final02
COMMAND=pnpm delivery:run -- --exercise 

delivery/scripts/run-exercises.sh: line 382: DELIVERY_ARGS[@]: unbound variable

===== st24final02 started at 2026-07-16T07:28:31Z =====
PROGRAMMING_DIR=/Users/nghalinh2711/Development/student-repos/st24final02
COMMAND=pnpm delivery:run --exercise 

delivery/scripts/run-exercises.sh: line 382: DELIVERY_ARGS[@]: unbound variable

===== st24final02 started at 2026-07-16T07:29:30Z =====
PROGRAMMING_DIR=/Users/nghalinh2711/Development/student-repos/st24final02
COMMAND=pnpm delivery:run --exercise 

delivery/scripts/run-exercises.sh: line 382: DELIVERY_ARGS[@]: unbound variable

===== st24final02 started at 2026-07-16T07:31:59Z =====
PROGRAMMING_DIR=/Users/nghalinh2711/Development/student-repos/st24final02
COMMAND=pnpm delivery:run -- --exercise 

$ tsx delivery/run.ts -- --exercise
/Users/nghalinh2711/Development/ha-linh-nguyen/Implementierung/delivery/lib/cli/args.ts:82
        throw new Error(`Unknown argument: ${arg}`);
              ^

Error: Unknown argument: --
    at parseCoordinatorArgs (/Users/nghalinh2711/Development/ha-linh-nguyen/Implementierung/delivery/lib/cli/args.ts:82:15)
    at <anonymous> (/Users/nghalinh2711/Development/ha-linh-nguyen/Implementierung/delivery/run.ts:169:14)
    at ModuleJob.run (node:internal/modules/esm/module_job:413:25)
    at async onImport.tracePromise.__proto__ (node:internal/modules/esm/loader:660:26)
    at async asyncRunEntryPointWithESMLoader (node:internal/modules/run_main:101:5)

Node.js v24.12.0
[ELIFECYCLE] Command failed with exit code 1.

===== st24final02 started at 2026-07-21T14:23:53Z =====
PROGRAMMING_DIR=/Users/nghalinh2711/Development/student-repos/st24final02
DELIVERY_AGENT_CONTEXT_PROJECT=ProgrammingST24-Final2
COMMAND=pnpm delivery:run --exercise 

$ tsx delivery/run.ts --exercise

[delivery] Run ID: 20260721-162353
[delivery] Assignment: /Users/nghalinh2711/Development/student-repos/st24final02
[delivery] Assignment ID: st24final02
[delivery] Coding session: 20260721-162353-coding
[delivery] Requirements session: 20260721-162353-req
[delivery] Requirements log: /Users/nghalinh2711/Development/eval/programming/20260721-162353/requirements-output.log

[delivery] Phase A: Requirements

[delivery:requirements] Exercise stream: 10 turns for st24final02 (starting at turn 1)
[delivery:requirements] Output log: /Users/nghalinh2711/Development/eval/programming/20260721-162353/requirements-output.log
[delivery:requirements] Turn 1/10: Introduction
● adaptive-memory extension active (role=requirements, memorySession=20260721-162353-req) - type
  /memory-help. MCP tools registered (memory=false, backlog=true).







Changes    +0 -0
Duration   6s
Tokens     ↑ 16.5k (8.2k cached) • ↓ 142 (69 reasoning)
[delivery:requirements] Turn 1/10 complete
[delivery:requirements] Turn 2/10: task.md — segment 1/8 — Abschlussaufgabe 2 — Routing in Subnetzen
● adaptive-memory extension active (role=requirements, memorySession=20260721-162353-req) - type
  /memory-help. MCP tools registered (memory=false, backlog=true).







Changes    +0 -0
Duration   14s
Tokens     ↑ 16.8k (16.5k cached) • ↓ 199 (80 reasoning)
[delivery:requirements] Turn 2/10 complete
[delivery:requirements] Turn 3/10: task.md — segment 2/8 — Abschlussaufgabe 2 — Routing in Subnetzen > 1 Einführung
● adaptive-memory extension active (role=requirements, memorySession=20260721-162353-req) - type
  /memory-help. MCP tools registered (memory=false, backlog=true).







Changes    +0 -0
Duration   25s
Tokens     ↑ 17.2k (16.8k cached) • ↓ 242 (103 reasoning)
[delivery:requirements] Turn 3/10 complete
[delivery:requirements] Turn 4/10: task.md — segment 3/8 — Abschlussaufgabe 2 — Routing in Subnetzen > 2 Konzepte
● adaptive-memory extension active (role=requirements, memorySession=20260721-162353-req) - type
  /memory-help. MCP tools registered (memory=false, backlog=true).







Changes    +0 -0
Duration   39s
Tokens     ↑ 20.1k (17.2k cached) • ↓ 521 (300 reasoning)
[delivery:requirements] Turn 4/10 complete
[delivery:requirements] Turn 5/10: task.md — segment 4/8 — Abschlussaufgabe 2 — Routing in Subnetzen > 3 Hinweise zur Implementierung
● adaptive-memory extension active (role=requirements, memorySession=20260721-162353-req) - type
  /memory-help. MCP tools registered (memory=false, backlog=true).







Changes    +0 -0
Duration   51s
Tokens     ↑ 21.2k (20.1k cached) • ↓ 374 (149 reasoning)
[delivery:requirements] Turn 5/10 complete
[delivery:requirements] Turn 6/10: task.md — segment 5/8 — Abschlussaufgabe 2 — Routing in Subnetzen > 4 Funktionalität
● adaptive-memory extension active (role=requirements, memorySession=20260721-162353-req) - type
  /memory-help. MCP tools registered (memory=false, backlog=true).







Changes    +0 -0
Duration   1m 4s
Tokens     ↑ 23.3k (21.1k cached) • ↓ 527 (225 reasoning)
[delivery:requirements] Turn 6/10 complete
[delivery:requirements] Turn 7/10: task.md — segment 6/8 — Abschlussaufgabe 2 — Routing in Subnetzen > 5 Beispielinteraktion
● adaptive-memory extension active (role=requirements, memorySession=20260721-162353-req) - type
  /memory-help. MCP tools registered (memory=false, backlog=true).



● Search (glob)
  │ "**/examples.md"
  └ No matches found







Changes    +0 -0
Duration   1m 15s
Tokens     ↑ 47.8k (47.2k cached) • ↓ 281 (111 reasoning)
[delivery:requirements] Turn 7/10 complete
[delivery:requirements] Turn 8/10: examples.md — segment 7/8 — Beispiele — Abschlussaufgabe 2 (Routing in Subnetzen)
● adaptive-memory extension active (role=requirements, memorySession=20260721-162353-req) - type
  /memory-help. MCP tools registered (memory=false, backlog=true).







Changes    +0 -0
Duration   1m 27s
Tokens     ↑ 27.1k (23.7k cached) • ↓ 426 (226 reasoning)
[delivery:requirements] Turn 8/10 complete
[delivery:requirements] Turn 9/10: guidelines.md — segment 8/8 — Implementierungsrichtlinien — Abschlussaufgabe 2 (SS 2024)
● adaptive-memory extension active (role=requirements, memorySession=20260721-162353-req) - type
  /memory-help. MCP tools registered (memory=false, backlog=true).







Changes    +0 -0
Duration   1m 45s
Tokens     ↑ 30.3k (27.0k cached) • ↓ 772 (145 reasoning)
[delivery:requirements] Turn 9/10 complete
[delivery:requirements] Turn 10/10: Finalize backlog creation
● adaptive-memory extension active (role=requirements, memorySession=20260721-162353-req) - type
  /memory-help. MCP tools registered (memory=false, backlog=true).



● Create Backlog (MCP: agentic-memory) · CLI-basiertes Java-Routing-System für IPv4-Subnetze. Verwa…
  └ Backlog "Routing in Subnetzen — Abschlussaufgabe 2" created with id: 19bed768...



● Create Tasks (MCP: agentic-memory) · backlogId: "19bed768-42f9-45e0-b3e0-c5eaeb325ffe", tasks: [2…
  └ Created 20 task(s) in backlog 19bed768-42f9-45e0-b3e0-c5eaeb325ffe.



● Get Tasks (MCP: agentic-memory) · backlogId: "19bed768-42f9-45e0-b3e0-c5eaeb325ffe"
  └ Output too large to read at once (27.3 KB). Saved to: /var/folders/fs/p8fxyq6...







Changes    +0 -0
Duration   3m 54s
Tokens     ↑ 155.0k (144.0k cached) • ↓ 8.0k (2.9k reasoning)
[delivery:requirements] Turn 10/10 complete
[delivery:requirements] Exercise requirements stream complete — advancing to backlog discovery
[delivery] Phase B: Backlog discovery
[delivery] Using backlog: "Routing in Subnetzen — Abschlussaufgabe 2" (19bed768-42f9-45e0-b3e0-c5eaeb325ffe)
[delivery] Backlog: "Routing in Subnetzen — Abschlussaufgabe 2" (19bed768-42f9-45e0-b3e0-c5eaeb325ffe)

[delivery] Phase C: Coding

● adaptive-memory extension active (role=coding, memorySession=20260721-162353-coding) - type
  /memory-help. MCP tools registered (memory=false, backlog=true).

● Claim Next Task (MCP: agentic-memory) · backlogId: "19bed768-42f9-45e0-b3e0-c5eaeb325ffe"
  └ Claimed task "IPv4Address — Kernklasse für IP-Adressen" (99eb29b7-c5cd-474f-b...



● List directory .
  └ 12 files found

● Read pom.xml
  └ 32 lines read

● List directory src
  └ 1 file found

● Read task.md
  └ 366 lines read

● Read guidelines.md
  └ 141 lines read

● List directory listings
  └ 1 file found

● Search (glob)
  │ "src/**/*.java"
  └ No matches found

● List all files and dirs under src (shell)
  │ find /Users/nghalinh2711/Development/student-repos/st24final02/src -type f -o -type d | head -30
  └ 3 lines…



● Create package directory structure (shell)
  │ mkdir -p /Users/nghalinh2711/Development/student-repos/st24final02/src/edu/kit/kastel
  └ 1 line…

● Create IPv4Address.java +118
  └ src/edu/kit/kastel/IPv4Address.java



● Read checkstyle.xml
  └ 353 lines read

● Compile the Java project with Maven (shell)
  │ cd /Users/nghalinh2711/Development/student-repos/st24final02 && mvn compile 2>&1
  └ 23 lines…



● Run checkstyle validation (shell)
  │ cd /Users/nghalinh2711/Development/student-repos/st24final02 && mvn checkstyle:check
  │ -Dcheckstyle.config.location=checkstyle.xml 2>&1 || true
  └ 28 lines…



● Create IPv4AddressTest.java +116
  └ src/edu/kit/kastel/IPv4AddressTest.java

● Compile and run IPv4Address tests (shell)
  │ cd /Users/nghalinh2711/Development/student-repos/st24final02 && mvn compile -q 2>&1 && java -ea
  │ -cp target/classes edu.kit.kastel.IPv4AddressTest 2>&1
  └ 6 lines…



● Remove temporary test file (shell)
  │ rm /Users/nghalinh2711/Development/student-repos/st24final02/src/edu/kit/kastel/IPv4AddressTest.
  │ java
  └ 1 line…



● Update Task (MCP: agentic-memory) · backlogId: "19bed768-42f9-45e0-b3e0-c5eaeb325ffe", taskId: "9…
  └ Task "IPv4Address — Kernklasse für IP-Adressen" (99eb29b7-c5cd-474f-bb44-1486...

● Claim Next Task (MCP: agentic-memory) · backlogId: "19bed768-42f9-45e0-b3e0-c5eaeb325ffe"
  └ Claimed task "Subnet — CIDR-Subnetz-Klasse" (a5e552b1-0f67-4a61-885f-dc44be81...



● Create Subnet.java +205
  └ src/edu/kit/kastel/Subnet.java

● Compile the project with the new Subnet class (shell)
  │ cd /Users/nghalinh2711/Development/student-repos/st24final02 && mvn compile -q 2>&1
  └ 1 line…



● Create SubnetTest.java +104
  └ src/edu/kit/kastel/SubnetTest.java

● Compile and run Subnet tests (shell)
  │ cd /Users/nghalinh2711/Development/student-repos/st24final02 && mvn compile -q 2>&1 && java -ea
  │ -cp target/classes edu.kit.kastel.SubnetTest 2>&1
  └ 6 lines…



● Remove temporary test file (shell)
  │ rm /Users/nghalinh2711/Development/student-repos/st24final02/src/edu/kit/kastel/SubnetTest.java
  └ 1 line…

● Update Task (MCP: agentic-memory) · backlogId: "19bed768-42f9-45e0-b3e0-c5eaeb325ffe", state: "do…
  └ Task "Subnet — CIDR-Subnetz-Klasse" (a5e552b1-0f67-4a61-885f-dc44be81c198) up...

● Claim Next Task (MCP: agentic-memory) · backlogId: "19bed768-42f9-45e0-b3e0-c5eaeb325ffe"
  └ Claimed task "System-Hierarchie — Computer und Router" (19433740-93dd-4314-b4...



● Create System.java +70
  └ src/edu/kit/kastel/System.java



● Rename System.java to NetworkSystem.java (shell)
  │ mv /Users/nghalinh2711/Development/student-repos/st24final02/src/edu/kit/kastel/System.java
  │ /Users/nghalinh2711/Development/student-repos/st24final02/src/edu/kit/kastel/NetworkSystem.java
  └ 1 line…

● Edit NetworkSystem.java +1 -1
  └ src/edu/kit/kastel/NetworkSystem.java

● Edit NetworkSystem.java +1 -1
  └ src/edu/kit/kastel/NetworkSystem.java

● Edit NetworkSystem.java +1 -1
  └ src/edu/kit/kastel/NetworkSystem.java

● Create Computer.java +32
  └ src/edu/kit/kastel/Computer.java

● Create Router.java +49
  └ src/edu/kit/kastel/Router.java

● Compile the project with all new classes (shell)
  │ cd /Users/nghalinh2711/Development/student-repos/st24final02 && mvn compile -q 2>&1
  └ 13 lines…



● Read NetworkSystem.java
  │ src/edu/kit/kastel/NetworkSystem.java
  └ 69 lines read

● Edit NetworkSystem.java +1 -1
  └ src/edu/kit/kastel/NetworkSystem.java

● Recompile after fix (shell)
  │ cd /Users/nghalinh2711/Development/student-repos/st24final02 && mvn compile -q 2>&1
  └ 1 line…



● Create SystemHierarchyTest.java +67
  └ src/edu/kit/kastel/SystemHierarchyTest.java

● Run System hierarchy tests (shell)
  │ cd /Users/nghalinh2711/Development/student-repos/st24final02 && java -ea -cp target/classes
  │ edu.kit.kastel.SystemHierarchyTest 2>&1
  └ 3 lines…

● Compile and run hierarchy tests (shell)
  │ cd /Users/nghalinh2711/Development/student-repos/st24final02 && mvn compile -q 2>&1 && java -ea
  │ -cp target/classes edu.kit.kastel.SystemHierarchyTest 2>&1
  └ 5 lines…



● Remove temporary test file (shell)
  │ rm /Users/nghalinh2711/Development/student-repos/st24final02/src/edu/kit/kastel/SystemHierarchyT
  │ est.java
  └ 1 line…

● Update Task (MCP: agentic-memory) · state: "done", backlogId: "19bed768-42f9-45e0-b3e0-c5eaeb325f…
  └ Task "System-Hierarchie — Computer und Router" (19433740-93dd-4314-b466-15d44...

● Claim Next Task (MCP: agentic-memory) · backlogId: "19bed768-42f9-45e0-b3e0-c5eaeb325ffe"
  └ Claimed task "Connection — Bidirektionale Verbindungsklasse" (b692dddf-a6ac-4...



● Create Connection.java +157
  └ src/edu/kit/kastel/Connection.java

● Compile and run Connection tests (shell)
  │ cd /Users/nghalinh2711/Development/student-repos/st24final02 && mvn compile -q 2>&1 && cat <<
  │ 'JAVAEOF' > /tmp/ConnectionTest.java
  │ package edu.kit.kastel;
  │
  │ final class ConnectionTest {…
  └ 51 lines…

● Clean up test file (shell)
  │ rm
  │ /Users/nghalinh2711/Development/student-repos/st24final02/src/edu/kit/kastel/ConnectionTest.java
  └ 1 line…

● Update Task (MCP: agentic-memory) · state: "done", backlogId: "19bed768-42f9-45e0-b3e0-c5eaeb325f…
  └ Task "Connection — Bidirektionale Verbindungsklasse" (b692dddf-a6ac-4ab5-b72d...

● Claim Next Task (MCP: agentic-memory) · backlogId: "19bed768-42f9-45e0-b3e0-c5eaeb325ffe"
  └ Claimed task "Network — Netzwerkmodell mit Validierung" (e4c8e6eb-29f0-4bf5-a...



● Create Network.java +401
  └ src/edu/kit/kastel/Network.java

● Compile and test Network class (shell)
  │ cd /Users/nghalinh2711/Development/student-repos/st24final02 && mvn compile -q 2>&1 && cat <<
  │ 'JAVAEOF' > /tmp/NetworkTest.java
  │ package edu.kit.kastel;
  │
  │ final class NetworkTest {…
  └ 92 lines…

● Clean up test file (shell)
  │ rm /Users/nghalinh2711/Development/student-repos/st24final02/src/edu/kit/kastel/NetworkTest.java
  └ 1 line…

● Update Task (MCP: agentic-memory) · state: "done", backlogId: "19bed768-42f9-45e0-b3e0-c5eaeb325f…
  └ Task "Network — Netzwerkmodell mit Validierung" (e4c8e6eb-29f0-4bf5-a3a5-96ba...

● Claim Next Task (MCP: agentic-memory) · backlogId: "19bed768-42f9-45e0-b3e0-c5eaeb325ffe"
  └ Claimed task "Dijkstra — Kürzeste-Pfad-Algorithmus (Intra-Subnet)" (78ae46d9-...

● Create Dijkstra.java +116
  └ src/edu/kit/kastel/Dijkstra.java

● Compile and test Dijkstra algorithm (shell)
  │ cd /Users/nghalinh2711/Development/student-repos/st24final02 && mvn compile -q 2>&1 && cat <<
  │ 'JAVAEOF' > /tmp/DijkstraTest.java
  │ package edu.kit.kastel;
  │
  │ import java.util.List;…
  └ 72 lines…

● Clean up test file (shell)
  │ rm
  │ /Users/nghalinh2711/Development/student-repos/st24final02/src/edu/kit/kastel/DijkstraTest.java
  └ 1 line…

● Update Task (MCP: agentic-memory) · state: "done", backlogId: "19bed768-42f9-45e0-b3e0-c5eaeb325f…
  └ Task "Dijkstra — Kürzeste-Pfad-Algorithmus (Intra-Subnet)" (78ae46d9-2889-41a...

● Claim Next Task (MCP: agentic-memory) · backlogId: "19bed768-42f9-45e0-b3e0-c5eaeb325ffe"
  └ Claimed task "SimplifiedBGP — Vereinfachtes Border-Gateway-Protokoll" (dcca0c...



● Create RoutingTable.java +144
  └ src/edu/kit/kastel/RoutingTable.java



● Create SimplifiedBGP.java +141
  └ src/edu/kit/kastel/SimplifiedBGP.java



● Compile and test BGP with example topology (shell)
  │ cd /Users/nghalinh2711/Development/student-repos/st24final02 && mvn compile -q 2>&1 && cat <<
  │ 'JAVAEOF' > /tmp/BGPTest.java
  │ package edu.kit.kastel;
  │
  │ import java.util.List;…
  └ 139 lines…



● Clean up test file (shell)
  │ rm /Users/nghalinh2711/Development/student-repos/st24final02/src/edu/kit/kastel/BGPTest.java
  └ 1 line…

● Update Task (MCP: agentic-memory) · state: "done", backlogId: "19bed768-42f9-45e0-b3e0-c5eaeb325f…
  └ Task "SimplifiedBGP — Vereinfachtes Border-Gateway-Protokoll" (dcca0cb5-faa4-...

● Claim Next Task (MCP: agentic-memory) · backlogId: "19bed768-42f9-45e0-b3e0-c5eaeb325ffe"
  └ Claimed task "MermaidParser — Mermaid-Syntax-Parser" (46c885db-e6ab-41a9-ae67...

● Read example_graph.txt
  │ listings/example_graph.txt
  └ 50 lines read

● Create MermaidParser.java +184
  └ src/edu/kit/kastel/MermaidParser.java

● Compile and test Mermaid parser (shell)
  │ cd /Users/nghalinh2711/Development/student-repos/st24final02 && mvn compile -q 2>&1 && cat <<
  │ 'JAVAEOF' > /tmp/MermaidParserTest.java
  │ package edu.kit.kastel;
  │
  │ import java.nio.file.Path;…
  └ 73 lines…



● Update and rerun test with correct counts (shell)
  │ cat << 'JAVAEOF' > /Users/nghalinh2711/Development/student-repos/st24final02/src/edu/kit/kaste
  │ l/MermaidParserTest.java
  │ package edu.kit.kastel;
  │
  │ import java.nio.file.Path;…
  └ 61 lines…

● Fix test counts and rerun (shell)
  │ cat << 'JAVAEOF' > /Users/nghalinh2711/Development/student-repos/st24final02/src/edu/kit/kaste
  │ l/MermaidParserTest.java
  │ package edu.kit.kastel;
  │
  │ import java.nio.file.Path;…
  └ 50 lines…

● Clean up test file (shell)
  │ rm /Users/nghalinh2711/Development/student-repos/st24final02/src/edu/kit/kastel/MermaidParserTes
  │ t.java
  └ 1 line…

● Update Task (MCP: agentic-memory) · state: "done", backlogId: "19bed768-42f9-45e0-b3e0-c5eaeb325f…
  └ Task "MermaidParser — Mermaid-Syntax-Parser" (46c885db-e6ab-41a9-ae67-0bf5a19...

● Claim Next Task (MCP: agentic-memory) · backlogId: "19bed768-42f9-45e0-b3e0-c5eaeb325ffe"
  └ Claimed task "LoadNetworkCommand — load network Befehl" (7eeaf02f-3d76-46b4-a...



● Create Main.java +344
  └ src/edu/kit/kastel/Main.java

● Compile and test load network command (shell)
  │ cd /Users/nghalinh2711/Development/student-repos/st24final02 && mvn compile -q 2>&1 && echo
  │ 'load network listings/example_graph.txt
  │ list subnets
  │ quit' | java -cp target/classes edu.kit.kastel.Main 2>&1
  └ 52 lines…



● Test error handling and state preservation (shell)
  │ cd /Users/nghalinh2711/Development/student-repos/st24final02 && printf 'load network
  │ nonexistent.txt
  │ list subnets
  │ load network listings/example_graph.txt
  │ list subnets…
  └ 59 lines…



● Test list range and list systems commands (shell)
  │ cd /Users/nghalinh2711/Development/student-repos/st24final02 && printf 'load network
  │ listings/example_graph.txt
  │ list range 10.0.0.0/16
  │ list systems 10.0.0.0/16
  │ list systems 172.16.0.0/24…
  └ 56 lines…



● Update Task (MCP: agentic-memory) · state: "done", backlogId: "19bed768-42f9-45e0-b3e0-c5eaeb325f…
  └ Task "LoadNetworkCommand — load network Befehl" (7eeaf02f-3d76-46b4-ae9b-ecd4...

● Claim Next Task (MCP: agentic-memory) · backlogId: "19bed768-42f9-45e0-b3e0-c5eaeb325ffe"
  └ Claimed task "QuitCommand — quit Befehl" (c5172440-4183-445a-b10f-06854ef6516...



● Verify quit command works cleanly (shell)
  │ cd /Users/nghalinh2711/Development/student-repos/st24final02 && echo "quit" | java -cp
  │ target/classes edu.kit.kastel.Main 2>&1; echo "Exit code: $?"
  └ 2 lines…

● Search (grep)
  │ "System\.exit|Runtime\.exit" (src)
  └ No matches found



● Update Task (MCP: agentic-memory) · state: "done", backlogId: "19bed768-42f9-45e0-b3e0-c5eaeb325f…
  └ Task "QuitCommand — quit Befehl" (c5172440-4183-445a-b10f-06854ef65165) updat...

● Claim Next Task (MCP: agentic-memory) · backlogId: "19bed768-42f9-45e0-b3e0-c5eaeb325ffe"
  └ Claimed task "ListSubnetsCommand — list subnets Befehl" (0b6522b2-216d-4f8e-9...



● Edit Main.java +1
  └ src/edu/kit/kastel/Main.java

● Test list subnets for both empty and loaded (shell)
  │ cd /Users/nghalinh2711/Development/student-repos/st24final02 && mvn compile -q 2>&1 && printf
  │ 'list subnets
  │ load network listings/example_graph.txt
  │ list subnets
  │ quit…
  └ 53 lines…

● Verify empty line output for empty network (shell)
  │ cd /Users/nghalinh2711/Development/student-repos/st24final02 && printf 'list subnets
  │ quit
  │ ' | java -cp target/classes edu.kit.kastel.Main 2>&1 | cat -A
  └ 3 lines…

● Check exact output for empty list subnets (shell)
  │ cd /Users/nghalinh2711/Development/student-repos/st24final02 && printf 'list subnets
  │ quit
  │ ' | java -cp target/classes edu.kit.kastel.Main 2>&1 | xxd | head -5
  └ 2 lines…



● Update Task (MCP: agentic-memory) · state: "done", backlogId: "19bed768-42f9-45e0-b3e0-c5eaeb325f…
  └ Task "ListSubnetsCommand — list subnets Befehl" (0b6522b2-216d-4f8e-9c5b-f713...

● Claim Next Task (MCP: agentic-memory) · backlogId: "19bed768-42f9-45e0-b3e0-c5eaeb325ffe"
  └ Claimed task "ListRangeCommand — list range Befehl" (172832dd-18f8-47c2-a16f-...



● Edit Main.java +13 -1
  └ src/edu/kit/kastel/Main.java

● Test list range command (shell)
  │ cd /Users/nghalinh2711/Development/student-repos/st24final02 && mvn compile -q 2>&1 && printf
  │ 'load network listings/example_graph.txt
  │ list range 10.0.0.0/16
  │ list range 10.0.0.0/8
  │ list range invalid…
  └ 56 lines…



● Edit Main.java +1 -2
  └ src/edu/kit/kastel/Main.java

● Retest list range after fix (shell)
  │ cd /Users/nghalinh2711/Development/student-repos/st24final02 && mvn compile -q 2>&1 && printf
  │ 'load network listings/example_graph.txt
  │ list range 10.0.0.0/16
  │ list range 10.0.0.0/8
  │ list range invalid…
  └ 56 lines…



● Update Task (MCP: agentic-memory) · state: "done", backlogId: "19bed768-42f9-45e0-b3e0-c5eaeb325f…
  └ Task "ListRangeCommand — list range Befehl" (172832dd-18f8-47c2-a16f-6a9dbdb9...

● Claim Next Task (MCP: agentic-memory) · backlogId: "19bed768-42f9-45e0-b3e0-c5eaeb325ffe"
  └ Claimed task "ListSystemsCommand — list systems Befehl" (41de433e-27ea-46a1-9...



● Edit Main.java +12 -4
  └ src/edu/kit/kastel/Main.java

● Test list systems command (shell)
  │ cd /Users/nghalinh2711/Development/student-repos/st24final02 && mvn compile -q 2>&1 && printf
  │ 'load network listings/example_graph.txt
  │ list systems 10.0.0.0/16
  │ add computer 10.0.0.0/16 10.0.0.4
  │ list systems 10.0.0.0/16…
  └ 55 lines…



● Update Task (MCP: agentic-memory) · state: "done", backlogId: "19bed768-42f9-45e0-b3e0-c5eaeb325f…
  └ Task "ListSystemsCommand — list systems Befehl" (41de433e-27ea-46a1-911f-9656...

● Claim Next Task (MCP: agentic-memory) · backlogId: "19bed768-42f9-45e0-b3e0-c5eaeb325ffe"
  └ Claimed task "AddConnectionCommand — add connection Befehl" (75be5458-f0dd-4d...



● Test add connection command (shell)
  │ cd /Users/nghalinh2711/Development/student-repos/st24final02 && mvn compile -q 2>&1 && printf
  │ 'load network listings/example_graph.txt
  │ add connection 172.16.0.2 172.16.0.4 5
  │ add connection 192.168.100.1 192.168.1.1
  │ add connection 172.16.0.2 10.0.0.2…
  └ 56 lines…



● Update Task (MCP: agentic-memory) · state: "done", backlogId: "19bed768-42f9-45e0-b3e0-c5eaeb325f…
  └ Task "AddConnectionCommand — add connection Befehl" (75be5458-f0dd-4d12-8128-...

● Claim Next Task (MCP: agentic-memory) · backlogId: "19bed768-42f9-45e0-b3e0-c5eaeb325ffe"
  └ Claimed task "RemoveConnectionCommand — remove connection Befehl" (5a410029-7...



● Test remove connection command (shell)
  │ cd /Users/nghalinh2711/Development/student-repos/st24final02 && mvn compile -q 2>&1 && printf
  │ 'load network listings/example_graph.txt
  │ remove connection 172.16.0.2 172.16.0.3
  │ remove connection 1.1.1.1 2.2.2.2
  │ quit…
  └ 53 lines…



● Update Task (MCP: agentic-memory) · state: "done", backlogId: "19bed768-42f9-45e0-b3e0-c5eaeb325f…
  └ Task "RemoveConnectionCommand — remove connection Befehl" (5a410029-77b3-4c86...

● Claim Next Task (MCP: agentic-memory) · backlogId: "19bed768-42f9-45e0-b3e0-c5eaeb325ffe"
  └ Claimed task "AddComputerCommand — add computer Befehl" (1f9d589d-42e0-4c85-a...



● Test add computer command (shell)
  │ cd /Users/nghalinh2711/Development/student-repos/st24final02 && mvn compile -q 2>&1 && printf
  │ 'load network listings/example_graph.txt
  │ add computer 192.168.1.0/24 192.168.1.37
  │ add computer 192.168.1.0/24 192.168.200.1
  │ add computer 192.168.1.0/24 192.168.1.1…
  └ 57 lines…



● Update Task (MCP: agentic-memory) · state: "done", backlogId: "19bed768-42f9-45e0-b3e0-c5eaeb325f…
  └ Task "AddComputerCommand — add computer Befehl" (1f9d589d-42e0-4c85-ac7a-ac35...

● Claim Next Task (MCP: agentic-memory) · backlogId: "19bed768-42f9-45e0-b3e0-c5eaeb325ffe"
  └ Claimed task "RemoveComputerCommand — remove computer Befehl" (8b0c87e1-d32b-...



● Test remove computer command (shell)
  │ cd /Users/nghalinh2711/Development/student-repos/st24final02 && mvn compile -q 2>&1 && printf
  │ 'load network listings/example_graph.txt
  │ remove computer 192.168.1.0/24 192.168.1.4
  │ remove computer 192.168.1.0/24 192.168.1.1
  │ list systems 192.168.1.0/24…
  └ 55 lines…



● Update Task (MCP: agentic-memory) · state: "done", backlogId: "19bed768-42f9-45e0-b3e0-c5eaeb325f…
  └ Task "RemoveComputerCommand — remove computer Befehl" (8b0c87e1-d32b-4626-800...

● Claim Next Task (MCP: agentic-memory) · backlogId: "19bed768-42f9-45e0-b3e0-c5eaeb325ffe"
  └ Claimed task "SendPacketCommand — send packet Befehl" (570fa278-b4a7-4753-8bf...



● Edit Main.java +90 -2
  └ src/edu/kit/kastel/Main.java



● Read Main.java
  │ src/edu/kit/kastel/Main.java
  └ L1:15 (15 lines read)

● Edit Main.java +1
  └ src/edu/kit/kastel/Main.java

● Compile and test send packet command (shell)
  │ cd /Users/nghalinh2711/Development/student-repos/st24final02 && mvn compile -q 2>&1 && printf
  │ 'load network listings/example_graph.txt
  │ send packet 172.16.0.2 10.0.0.3
  │ send packet 172.16.0.4 172.16.0.1
  │ send packet 192.168.100.2 192.168.1.5…
  └ 58 lines…



● Update Task (MCP: agentic-memory) · state: "done", backlogId: "19bed768-42f9-45e0-b3e0-c5eaeb325f…
  └ Task "SendPacketCommand — send packet Befehl" (570fa278-b4a7-4753-8bf9-68cbd4...

● Claim Next Task (MCP: agentic-memory) · backlogId: "19bed768-42f9-45e0-b3e0-c5eaeb325ffe"
  └ Claimed task "CLICommandProcessor — Hauptschleife und Befehls-Dispatching" (2...



● Test CLI edge cases (shell)
  │ cd /Users/nghalinh2711/Development/student-repos/st24final02 && printf 'xyz
  │ list
  │ load
  │ list subnets
  │ quit…
  └ 5 lines…



● Edit Main.java +1 -1
  └ src/edu/kit/kastel/Main.java

● Search (grep)
  │ "Error,.*[<>]" (src)
  └ 11 lines found

● Edit Main.java +1 -1
  └ src/edu/kit/kastel/Main.java

● Edit Main.java +1 -1
  └ src/edu/kit/kastel/Main.java

● Edit Main.java +1 -1
  └ src/edu/kit/kastel/Main.java

● Edit Main.java +1 -1
  └ src/edu/kit/kastel/Main.java

● Edit Main.java +1 -1
  └ src/edu/kit/kastel/Main.java

● Edit Main.java +1 -1
  └ src/edu/kit/kastel/Main.java

● Edit Main.java +1 -1
  └ src/edu/kit/kastel/Main.java

● Edit Main.java +1 -1
  └ src/edu/kit/kastel/Main.java

● Edit Main.java +1 -1
  └ src/edu/kit/kastel/Main.java

● Edit Main.java +2 -2
  └ src/edu/kit/kastel/Main.java

● Search (grep)
  │ "Error,.*[<>]" (src)
  └ No matches found



● Final compilation and CLI test (shell)
  │ cd /Users/nghalinh2711/Development/student-repos/st24final02 && mvn compile -q 2>&1 && printf
  │ 'xyz
  │ list
  │ load network listings/example_graph.txt
  │ list subnets…
  └ 62 lines…



● Update Task (MCP: agentic-memory) · state: "done", backlogId: "19bed768-42f9-45e0-b3e0-c5eaeb325f…
  └ Task "CLICommandProcessor — Hauptschleife und Befehls-Dispatching" (2b98d685-...

● Claim Next Task (MCP: agentic-memory) · backlogId: "19bed768-42f9-45e0-b3e0-c5eaeb325ffe"
  └ Claimed task "SubnetRouting — Main-Klasse und Programmeinstieg" (bde55fc3-fd6...



● Edit Main.java +1 -1
  └ src/edu/kit/kastel/Main.java

● Edit Main.java
  └ src/edu/kit/kastel/Main.java

● Edit Main.java +1 -1
  └ src/edu/kit/kastel/Main.java

● Edit Main.java +22 -2
  └ src/edu/kit/kastel/Main.java

● Rename Main.java to SubnetRouting.java (shell)
  │ mv /Users/nghalinh2711/Development/student-repos/st24final02/src/edu/kit/kastel/Main.java
  │ /Users/nghalinh2711/Development/student-repos/st24final02/src/edu/kit/kastel/SubnetRouting.java
  └ 1 line…

● Compile and test SubnetRouting class (shell)
  │ cd /Users/nghalinh2711/Development/student-repos/st24final02 && mvn compile -q 2>&1 && echo
  │ 'list subnets
  │ quit
  │ ' | java -cp target/classes edu.kit.kastel.SubnetRouting 2>&1
  └ 1 line…

● Test SubnetRouting with file argument (shell)
  │ cd /Users/nghalinh2711/Development/student-repos/st24final02 && echo 'list subnets
  │ quit
  │ ' | java -cp target/classes edu.kit.kastel.SubnetRouting listings/example_graph.txt 2>&1
  └ 52 lines…



● Update Task (MCP: agentic-memory) · state: "done", backlogId: "19bed768-42f9-45e0-b3e0-c5eaeb325f…
  └ Task "SubnetRouting — Main-Klasse und Programmeinstieg" (bde55fc3-fd6d-49f9-b...

● Claim Next Task (MCP: agentic-memory) · backlogId: "19bed768-42f9-45e0-b3e0-c5eaeb325ffe"
  └ No claimable to_do task remains in this backlog.



● Get Tasks (MCP: agentic-memory) · backlogId: "19bed768-42f9-45e0-b3e0-c5eaeb325ffe"
  └ Output too large to read at once (27.3 KB). Saved to: /var/folders/fs/p8fxyq6...

● Extract task statuses from output (shell)
  │ grep -oE '\[(done|to_do|in_progress|blocked)\].*?\(p[0-9]+\)[^—]*'
  │ /var/folders/fs/p8fxyq611_d7_glm0yth2st80000gn/T/1784645144932-copilot-tool-output-ua5eri.txt |
  │ head -20
  └ 21 lines…



● Read README.md
  └ 3 lines read

● Edit README.md +66 -3



● Final compilation and comprehensive test (shell)
  │ cd /Users/nghalinh2711/Development/student-repos/st24final02 && mvn compile -q 2>&1 && printf
  │ 'load network listings/example_graph.txt
  │ list subnets
  │ list range 10.0.0.0/16
  │ list range 192.168.1.0/24…
  └ 72 lines…



● Search (glob)
  │ "src/**/*.java"
  └ 12 files found





Changes    +2472 -32
Duration   18m 39s
Tokens     ↑ 13.0m (12.9m cached) • ↓ 63.9k (19.6k reasoning)
[delivery] Coding agent exited with code 0
[delivery] Backlog verification passed.
[delivery] Phase E: Feedback

[delivery] Feedback agent — interactive session.
[delivery] Provide feedback to the agent. Exit the session (Ctrl+C or /exit) when done.


===== st24final02 started at 2026-07-27T16:47:10Z =====
PROGRAMMING_DIR=/Users/nghalinh2711/Development/student-repos/st24final02
DELIVERY_AGENT_CONTEXT_PROJECT=ProgrammingST24-Final2
DELIVERY_AGENT_CONTEXT_DOMAIN=st24final02
COMMAND=pnpm delivery:run --exercise 

$ tsx delivery/run.ts --exercise
[delivery:knowledgebase] Ensuring guidelines.md is ingested for domain st24final02 before exercise requirements
[delivery:knowledgebase] Uploading guidelines.md to Vercel Blob for domain st24final02
[delivery:knowledgebase] Registered guidelines upload job 44548533-2980-43bc-9d33-4c3cc1318986; waiting for ingestion
[delivery:knowledgebase] Guidelines ingestion job 44548533-2980-43bc-9d33-4c3cc1318986: processing
[delivery:knowledgebase] Guidelines ingestion job 44548533-2980-43bc-9d33-4c3cc1318986: processing
[delivery:knowledgebase] Guidelines ingestion job 44548533-2980-43bc-9d33-4c3cc1318986: processing
[delivery:knowledgebase] Guidelines ingestion job 44548533-2980-43bc-9d33-4c3cc1318986: processing
[delivery:knowledgebase] Guidelines ingestion job 44548533-2980-43bc-9d33-4c3cc1318986: processing
[delivery:knowledgebase] Guidelines ingestion job 44548533-2980-43bc-9d33-4c3cc1318986: processing
[delivery:knowledgebase] Guidelines ingestion job 44548533-2980-43bc-9d33-4c3cc1318986: processing
[delivery:knowledgebase] Guidelines ingestion job 44548533-2980-43bc-9d33-4c3cc1318986: processing
[delivery:knowledgebase] Guidelines ingestion job 44548533-2980-43bc-9d33-4c3cc1318986: processing
[delivery:knowledgebase] Guidelines ingestion job 44548533-2980-43bc-9d33-4c3cc1318986: processing
[delivery:knowledgebase] Guidelines ingestion job 44548533-2980-43bc-9d33-4c3cc1318986: processing
[delivery:knowledgebase] Guidelines ingestion job 44548533-2980-43bc-9d33-4c3cc1318986: processing
[delivery:knowledgebase] Guidelines ingestion job 44548533-2980-43bc-9d33-4c3cc1318986: processing
[delivery:knowledgebase] Guidelines ingestion job 44548533-2980-43bc-9d33-4c3cc1318986: processing
[delivery:knowledgebase] Guidelines ingestion job 44548533-2980-43bc-9d33-4c3cc1318986: processing
[delivery:knowledgebase] Guidelines ingestion job 44548533-2980-43bc-9d33-4c3cc1318986: processing
[delivery:knowledgebase] Guidelines ingestion job 44548533-2980-43bc-9d33-4c3cc1318986: processing
[delivery:knowledgebase] Guidelines ingestion job 44548533-2980-43bc-9d33-4c3cc1318986: processing
[delivery:knowledgebase] Guidelines ingestion job 44548533-2980-43bc-9d33-4c3cc1318986: processing
[delivery:knowledgebase] Guidelines ingestion job 44548533-2980-43bc-9d33-4c3cc1318986: processing
[delivery:knowledgebase] Guidelines ingestion job 44548533-2980-43bc-9d33-4c3cc1318986: processing
[delivery:knowledgebase] Guidelines ingestion job 44548533-2980-43bc-9d33-4c3cc1318986: processing
[delivery:knowledgebase] Guidelines ingestion job 44548533-2980-43bc-9d33-4c3cc1318986: processing
[delivery:knowledgebase] Guidelines ingestion job 44548533-2980-43bc-9d33-4c3cc1318986: processing
[delivery:knowledgebase] Guidelines ingestion job 44548533-2980-43bc-9d33-4c3cc1318986: processing
[delivery:knowledgebase] Guidelines ingestion job 44548533-2980-43bc-9d33-4c3cc1318986: processing
[delivery:knowledgebase] Guidelines ingestion job 44548533-2980-43bc-9d33-4c3cc1318986: succeeded
[delivery:knowledgebase] Guidelines ingestion succeeded for domain st24final02 (job 44548533-2980-43bc-9d33-4c3cc1318986)

[delivery] Run ID: 20260727-184710
[delivery] Assignment: /Users/nghalinh2711/Development/student-repos/st24final02
[delivery] Assignment ID: st24final02
[delivery] Coding session: 20260727-184710-coding
[delivery] Requirements session: 20260727-184710-req
[delivery] Requirements log: /Users/nghalinh2711/Development/eval/programming/20260727-184710/requirements-output.log

[delivery] Phase A: Requirements

[delivery:requirements] Exercise stream: 9 turns for st24final02 (starting at turn 1)
[delivery:requirements] Output log: /Users/nghalinh2711/Development/eval/programming/20260727-184710/requirements-output.log
[delivery:requirements] Turn 1/9: Introduction
● [adaptive-context] GET http://localhost:4444/api/agents/7af7809a-adce-4fa9-9609-fd61059de0ff/sessi
  ons/20260727-184710-req/context?input=Ich+arbeite+an+einer+Abschluss-Programmieraufgabe.+Ich+werde
  +dir+die+Aufgabe+im+Folgenden+abschnittsweise+%C3%BCbermitteln.+Lies+sie+dir+durch+und+verschaffe+
  dir+zun%C3%A4chst+einen+%C3%9Cberblick+%C3%BCber+den+Kontext%2C+bevor+der+Backlog-+und+Task-Erstel
  lung.+Achte+dabei+unbedingt+auf+die+vorgegebenen+Regeln+und+Richtlinien.&project=ProgrammingST24-F
  inal2&role=requirements&task=Understand+the+st24final02+and+create+its+backlog+when+prompted.&time
  stamp=2026-07-27T16%3A49%3A24.052Z&domain=st24final02

● Injected adaptive memory context into system prompt

● <adaptive_rules>
  - Adhere to all Checkstyle rules; some marked rules are mandatory and cause zero points if
  violated.
  - Adhere to the prescribed whitespace rules.
  - After start the program must read commands from standard input, execute them on current state,
  and wait for further inputs (i.e., keep running interactively).
  - Choose appropriate visibility modifiers for classes, methods, and attributes.
  - Choose meaningful identifier names for all identifiers.
  - Comments should be consistently written either in English or German.
  - Do not add personal data other than your u-Kürzel to submissions.
  - Do not call System.exit(), Runtime.exit(), or similar methods.
  - Do not place classes in the default (unnamed) package.
  - Enforce a maximum line width of 140 characters in source files.
  - Follow the Javadoc documentation rules specified by the assignment.
  - Follow the rules for variable, method, and package naming.
  - In the Javadoc @author tag include only your u-Kürzel.
  - Interactive user interface outputs must match the specification exactly (including case, spaces,
   and newlines); do not print additional information.
  - Mandatory tests must be passed before other tests are evaluated; violation causes automatic zero
   points for the submission.
  - Other Checkstyle rule violations may lead to point deductions (but not automatic zero).
  - Program code must compile without errors.
  - Program source code must be written in English.
  - Submissions are evaluated on both object-oriented modelling and functionality; follow the
  modelling guidance in the ILIAS wiki.
  - Submit only the required *.java files for task A as individual work with the corresponding
  folder structure.
  - The online submission system checks source files with Checkstyle automatically during
  submission.
  - Unless explicitly allowed, do not use other Java library elements; allowed exceptions are
  java.util.Scanner and elements from the listed packages.
  - Use exclusively Java SE 17 for implementation.
  - Use System.in for input and System.out for output unless otherwise specified; System.err may be
  used for error messages; never reassign standard streams.
  - After printing an error message the program must continue and wait for the next input.
  - Commands must not violate given semantic and syntactic specifications; on violation an
  informative error must be shown.
  - If user input does not match the required format, the program must output an error message.
  - An error message must not contain special characters such as newlines or umlauts.
  - Error messages may be freely chosen in English but must be meaningful (explain why input was
  rejected).
  - Error messages should indicate why the input was rejected (be explanatory).
  - Every error message must begin with the literal prefix 'Error,'.
  </adaptive_rules>

  <entity_paths>
    - Implementierungsrichtlinien — Abschlussaufgabe 2 (SS 2024) CONSTRAINT Pass mandatory tests or
  receive zero points: Mandatory tests must be passed before other tests are evaluated; violation
  causes automatic zero points for the submission.
    - Implementierungsrichtlinien — Abschlussaufgabe 2 (SS 2024) CONSTRAINT Code must compile
  without errors: Program code must compile without errors.
    - Implementierungsrichtlinien — Abschlussaufgabe 2 (SS 2024) CONSTRAINT Use Java SE 17: Use
  exclusively Java SE 17 for implementation.
    - Implementierungsrichtlinien — Abschlussaufgabe 2 (SS 2024) CONSTRAINT Restrict Java library
  usage to allowed elements: Unless explicitly allowed, do not use other Java library elements;
  allowed exceptions are java.util.Scanner and elements from the listed packages.
    - Implementierungsrichtlinien — Abschlussaufgabe 2 (SS 2024) CONSTRAINT Maximum line width 140
  characters: Enforce a maximum line width of 140 characters in source files.
    - Implementierungsrichtlinien — Abschlussaufgabe 2 (SS 2024) CONSTRAINT Whitespace rules must be
   followed: Adhere to the prescribed whitespace rules.
    - Implementierungsrichtlinien — Abschlussaufgabe 2 (SS 2024) CONSTRAINT Naming rules for
  variables, methods, packages: Follow the rules for variable, method, and package naming.
    - Implementierungsrichtlinien — Abschlussaufgabe 2 (SS 2024) CONSTRAINT Appropriate visibility
  for classes, methods, attributes: Choose appropriate visibility modifiers for classes, methods,
  and attributes.
    - Implementierungsrichtlinien — Abschlussaufgabe 2 (SS 2024) CONSTRAINT Do not use the default
  package: Do not place classes in the default (unnamed) package.
    - Implementierungsrichtlinien — Abschlussaufgabe 2 (SS 2024) CONSTRAINT No System.exit or
  Runtime.exit calls: Do not call System.exit(), Runtime.exit(), or similar methods.
    - Implementierungsrichtlinien — Abschlussaufgabe 2 (SS 2024) CONSTRAINT Follow Javadoc
  documentation rules: Follow the Javadoc documentation rules specified by the assignment.
    - Implementierungsrichtlinien — Abschlussaufgabe 2 (SS 2024) CONSTRAINT Javadoc @author must
  contain only u-Kürzel: In the Javadoc @author tag include only your u-Kürzel.
    - Implementierungsrichtlinien — Abschlussaufgabe 2 (SS 2024) CONSTRAINT Checkstyle mandatory
  rules cause zero points: Adhere to all Checkstyle rules; some marked rules are mandatory and cause
   zero points if violated.
    - Implementierungsrichtlinien — Abschlussaufgabe 2 (SS 2024) CONSTRAINT Other Checkstyle
  violations can deduct points: Other Checkstyle rule violations may lead to point deductions (but
  not automatic zero).
    - Implementierungsrichtlinien — Abschlussaufgabe 2 (SS 2024) CONSTRAINT Online submission system
   runs Checkstyle: The online submission system checks source files with Checkstyle automatically
  during submission.
    - Implementierungsrichtlinien — Abschlussaufgabe 2 (SS 2024) CONSTRAINT Submit *.java files for
  task A with correct folder structure: Submit only the required *.java files for task A as
  individual work with the corresponding folder structure.
    - Implementierungsrichtlinien — Abschlussaufgabe 2 (SS 2024) CONSTRAINT Standard streams usage:
  System.in/System.out/System.err rules: Use System.in for input and System.out for output unless
  otherwise specified; System.err may be used for error messages; never reassign standard streams.
    - Implementierungsrichtlinien — Abschlussaufgabe 2 (SS 2024) CONSTRAINT Interactive command loop
   using standard input: After start the program must read commands from standard input, execute
  them on current state, and wait for further inputs (i.e., keep running interactively).
    - Implementierungsrichtlinien — Abschlussaufgabe 2 (SS 2024) CONSTRAINT Exact-match interactive
  UI outputs: Interactive user interface outputs must match the specification exactly (including
  case, spaces, and newlines); do not print additional information.
    - Implementierungsrichtlinien — Abschlussaufgabe 2 (SS 2024) CONSTRAINT Only include u-Kürzel as
   personal data: Do not add personal data other than your u-Kürzel to submissions.
  </entity_paths>
  <entity_matches>
    - Implementierungsrichtlinien — Abschlussaufgabe 2 (SS 2024) (score: 0.78) — Beachten Sie, dass
  Ihre Abgaben sowohl in Bezug auf objektorientierte Modellierung als auch Funktionalität bewertet
  werden. Halten Sie die Hinweise zur Modellierung im ILIAS-Wiki ein.
    - Program (score: 0.73) — Nach der Ausgabe einer Fehlermeldung soll das Programm wie erwartet
  fortfahren und wieder auf die nächste Eingabe warten.
    - Error message (score: 0.69) — Die Fehlermeldung sollte so geformt sein, dass für den Benutzer
  erkenntlich ist, warum eine Eingabe abgelehnt wurde.
    - Submit *.java files for task A with correct folder structure (score: 0.68) — Online submission
   of Java files in correct structure and individual work required.
    - Continue and await next input (score: 0.68) — Program must not terminate after an error; it
  must accept further commands
  </entity_matches>

● adaptive-memory extension active (role=requirements, memorySession=20260727-184710-req) - type
  /memory-help. MCP tools registered (memory=true, backlog=true).







Changes    +0 -0
Duration   10s
Tokens     ↑ 21.2k (1.2k cached) • ↓ 305 (61 reasoning)
[delivery:requirements] Turn 1/9 complete
[delivery:requirements] Turn 2/9: task.md — segment 1/7 — Abschlussaufgabe 2 — Routing in Subnetzen
● [adaptive-context] GET
  http://localhost:4444/api/agents/7af7809a-adce-4fa9-9609-fd61059de0ff/sessions/20260727-184710-req
  /context?input=Dokument%3A+task.md%0ASegment%3A+1%2F7%0AAbschnitt%3A+Abschlussaufgabe+2+%E2%80%94+
  Routing+in+Subnetzen%0A%0ALies+diesen+Abschnitt+sorgf%C3%A4ltig+und+behalte+den+Kontext.+Erstelle+
  noch+keinen+Backlog+und+noch+keine+Tasks.+Warte+damit+bis+zum+abschlie%C3%9Fenden+%2Ffinalize.%0A%
  0A%23+Abschlussaufgabe+2+%E2%80%94+Routing+in+Subnetzen%0A%0A**Vorlesung%3A**+Programmieren%0A**Se
  mester%3A**+Sommersemester+2024%0A**Dozent%3A**+Prof.+Dr.-Ing.+Anne+Koziolek%0A**Gruppe%3A**+Insti
  tute+of+Information+Security+and+Dependability+%28KASTEL%29%0A**Punkte%3A**+20+Punkte%0A**Version%
  3A**+1.0&project=ProgrammingST24-Final2&role=requirements&task=Understand+the+st24final02+and+crea
  te+its+backlog+when+prompted.&timestamp=2026-07-27T16%3A49%3A37.392Z&domain=st24final02

● Injected adaptive memory context into system prompt

● <adaptive_rules>
  - After printing an error message the program must continue and wait for the next input.
  - Commands must not violate given semantic and syntactic specifications; on violation an
  informative error must be shown.
  - If user input does not match the required format, the program must output an error message.
  - All edges within a subnet must be weighted.
  - All subnets must have disjoint address ranges.
  - Every system must belong to the address range of a subnet.
  - There must be exactly one router per subnet.
  - Adhere to all Checkstyle rules; some marked rules are mandatory and cause zero points if
  violated.
  - Adhere to the prescribed whitespace rules.
  - After start the program must read commands from standard input, execute them on current state,
  and wait for further inputs (i.e., keep running interactively).
  - Choose appropriate visibility modifiers for classes, methods, and attributes.
  - Choose meaningful identifier names for all identifiers.
  - Comments should be consistently written either in English or German.
  - Do not add personal data other than your u-Kürzel to submissions.
  - Do not call System.exit(), Runtime.exit(), or similar methods.
  - Do not place classes in the default (unnamed) package.
  - Enforce a maximum line width of 140 characters in source files.
  - Follow the Javadoc documentation rules specified by the assignment.
  - Follow the rules for variable, method, and package naming.
  - In the Javadoc @author tag include only your u-Kürzel.
  - Interactive user interface outputs must match the specification exactly (including case, spaces,
   and newlines); do not print additional information.
  - Mandatory tests must be passed before other tests are evaluated; violation causes automatic zero
   points for the submission.
  - Other Checkstyle rule violations may lead to point deductions (but not automatic zero).
  - Program code must compile without errors.
  - Program source code must be written in English.
  - Submissions are evaluated on both object-oriented modelling and functionality; follow the
  modelling guidance in the ILIAS wiki.
  - Submit only the required *.java files for task A as individual work with the corresponding
  folder structure.
  - The online submission system checks source files with Checkstyle automatically during
  submission.
  - Unless explicitly allowed, do not use other Java library elements; allowed exceptions are
  java.util.Scanner and elements from the listed packages.
  - Use exclusively Java SE 17 for implementation.
  - Use System.in for input and System.out for output unless otherwise specified; System.err may be
  used for error messages; never reassign standard streams.
  - An error message must not contain special characters such as newlines or umlauts.
  - Error messages may be freely chosen in English but must be meaningful (explain why input was
  rejected).
  - Error messages should indicate why the input was rejected (be explanatory).
  - Every error message must begin with the literal prefix 'Error,'.
  </adaptive_rules>

  <entity_paths>
    - Implementierungsrichtlinien — Abschlussaufgabe 2 (SS 2024) CONSTRAINT Pass mandatory tests or
  receive zero points: Mandatory tests must be passed before other tests are evaluated; violation
  causes automatic zero points for the submission.
    - Implementierungsrichtlinien — Abschlussaufgabe 2 (SS 2024) CONSTRAINT Code must compile
  without errors: Program code must compile without errors.
    - Implementierungsrichtlinien — Abschlussaufgabe 2 (SS 2024) CONSTRAINT Use Java SE 17: Use
  exclusively Java SE 17 for implementation.
    - Implementierungsrichtlinien — Abschlussaufgabe 2 (SS 2024) CONSTRAINT Restrict Java library
  usage to allowed elements: Unless explicitly allowed, do not use other Java library elements;
  allowed exceptions are java.util.Scanner and elements from the listed packages.
    - Implementierungsrichtlinien — Abschlussaufgabe 2 (SS 2024) CONSTRAINT Maximum line width 140
  characters: Enforce a maximum line width of 140 characters in source files.
    - Implementierungsrichtlinien — Abschlussaufgabe 2 (SS 2024) CONSTRAINT Whitespace rules must be
   followed: Adhere to the prescribed whitespace rules.
    - Implementierungsrichtlinien — Abschlussaufgabe 2 (SS 2024) CONSTRAINT Naming rules for
  variables, methods, packages: Follow the rules for variable, method, and package naming.
    - Implementierungsrichtlinien — Abschlussaufgabe 2 (SS 2024) CONSTRAINT Appropriate visibility
  for classes, methods, attributes: Choose appropriate visibility modifiers for classes, methods,
  and attributes.
    - Implementierungsrichtlinien — Abschlussaufgabe 2 (SS 2024) CONSTRAINT Do not use the default
  package: Do not place classes in the default (unnamed) package.
    - Implementierungsrichtlinien — Abschlussaufgabe 2 (SS 2024) CONSTRAINT No System.exit or
  Runtime.exit calls: Do not call System.exit(), Runtime.exit(), or similar methods.
    - Implementierungsrichtlinien — Abschlussaufgabe 2 (SS 2024) CONSTRAINT Follow Javadoc
  documentation rules: Follow the Javadoc documentation rules specified by the assignment.
    - Implementierungsrichtlinien — Abschlussaufgabe 2 (SS 2024) CONSTRAINT Javadoc @author must
  contain only u-Kürzel: In the Javadoc @author tag include only your u-Kürzel.
    - Implementierungsrichtlinien — Abschlussaufgabe 2 (SS 2024) CONSTRAINT Checkstyle mandatory
  rules cause zero points: Adhere to all Checkstyle rules; some marked rules are mandatory and cause
   zero points if violated.
    - Implementierungsrichtlinien — Abschlussaufgabe 2 (SS 2024) CONSTRAINT Other Checkstyle
  violations can deduct points: Other Checkstyle rule violations may lead to point deductions (but
  not automatic zero).
    - Implementierungsrichtlinien — Abschlussaufgabe 2 (SS 2024) CONSTRAINT Online submission system
   runs Checkstyle: The online submission system checks source files with Checkstyle automatically
  during submission.
    - Implementierungsrichtlinien — Abschlussaufgabe 2 (SS 2024) CONSTRAINT Submit *.java files for
  task A with correct folder structure: Submit only the required *.java files for task A as
  individual work with the corresponding folder structure.
    - Implementierungsrichtlinien — Abschlussaufgabe 2 (SS 2024) CONSTRAINT Standard streams usage:
  System.in/System.out/System.err rules: Use System.in for input and System.out for output unless
  otherwise specified; System.err may be used for error messages; never reassign standard streams.
    - Implementierungsrichtlinien — Abschlussaufgabe 2 (SS 2024) CONSTRAINT Interactive command loop
   using standard input: After start the program must read commands from standard input, execute
  them on current state, and wait for further inputs (i.e., keep running interactively).
    - Implementierungsrichtlinien — Abschlussaufgabe 2 (SS 2024) CONSTRAINT Exact-match interactive
  UI outputs: Interactive user interface outputs must match the specification exactly (including
  case, spaces, and newlines); do not print additional information.
    - Implementierungsrichtlinien — Abschlussaufgabe 2 (SS 2024) CONSTRAINT Only include u-Kürzel as
   personal data: Do not add personal data other than your u-Kürzel to submissions.
  </entity_paths>
  <entity_matches>
    - Implementierungsrichtlinien — Abschlussaufgabe 2 (SS 2024) (score: 0.74) — Beachten Sie, dass
  Ihre Abgaben sowohl in Bezug auf objektorientierte Modellierung als auch Funktionalität bewertet
  werden. Halten Sie die Hinweise zur Modellierung im ILIAS-Wiki ein.
    - Subnetz (score: 0.74) — es gibt genau einen Router pro Subnetz.
    - list subnets (score: 0.74) — `list subnets`: alle Subnetze aufsteigend sortiert nach
  Netzadresse, Format `<subnet> ... <subnet>`.
    - list range <subnet> (score: 0.72) — `list range <subnet>`: erste und letzte IP-Adresse des
  Subnetzes, Format `<ip> <ip>`.
    - list systems <subnet> (score: 0.71) — `list systems <subnet>`: IP-Adressen aller Systeme des
  Subnetzes aufsteigend sortiert, Format `<ip> ... <ip>`.
  </entity_matches>

● adaptive-memory extension active (role=requirements, memorySession=20260727-184710-req) - type
  /memory-help. MCP tools registered (memory=true, backlog=true).







Changes    +0 -0
Duration   26s
Tokens     ↑ 21.7k (1.2k cached) • ↓ 373 (180 reasoning)
[delivery:requirements] Turn 2/9 complete
[delivery:requirements] Turn 3/9: task.md — segment 2/7 — Abschlussaufgabe 2 — Routing in Subnetzen > 1 Einführung
● [adaptive-context] GET
  http://localhost:4444/api/agents/7af7809a-adce-4fa9-9609-fd61059de0ff/sessions/20260727-184710-req
  /context?input=Dokument%3A+task.md%0ASegment%3A+2%2F7%0AAbschnitt%3A+Abschlussaufgabe+2+%E2%80%94+
  Routing+in+Subnetzen+%3E+1+Einf%C3%BChrung%0A%0ALies+diesen+Abschnitt+sorgf%C3%A4ltig+und+behalte+
  den+Kontext.+Erstelle+noch+keinen+Backlog+und+noch+keine+Tasks.+Warte+damit+bis+zum+abschlie%C3%9F
  enden+%2Ffinalize.%0A%0A%23%23+1+Einf%C3%BChrung%0A%0AIn+dieser+Aufgabe+implementieren+Sie+ein+Sys
  tem+zum+Routing+in+und+zwischen+Subnetzen.+Das+System+verwaltet+beliebig+viele+Subnetze+beliebiger
  +Gr%C3%B6%C3%9Fe+und+findet+aufgrund+der+Topologie+den+k%C3%BCrzesten+Pfad+zwischen+beliebigen+Sys
  temen.+Dadurch+erm%C3%B6glicht+es+den+Austausch+von+Paketen.%0A%0AIm+Folgenden+werden+zun%C3%A4chs
  t+die+vorkommenden+Konzepte+kurz+erkl%C3%A4rt.+Im+Anschluss+werden+die+geforderten+Befehle%2C+die+
  das+von+Ihnen+implementierte+System+unterst%C3%BCtzen+soll%2C+mit+beispielhaften+Ein-+und+Ausgaben
  +beschrieben.&project=ProgrammingST24-Final2&role=requirements&task=Understand+the+st24final02+and
  +create+its+backlog+when+prompted.&timestamp=2026-07-27T16%3A49%3A52.956Z&domain=st24final02

● Injected adaptive memory context into system prompt

● <adaptive_rules>
  - All subnets must have disjoint address ranges.
  - Every system must belong to the address range of a subnet.
  - There must be exactly one router per subnet.
  - All edges within a subnet must be weighted.
  - After printing an error message the program must continue and wait for the next input.
  - Commands must not violate given semantic and syntactic specifications; on violation an
  informative error must be shown.
  - If user input does not match the required format, the program must output an error message.
  - Adhere to all Checkstyle rules; some marked rules are mandatory and cause zero points if
  violated.
  - Adhere to the prescribed whitespace rules.
  - After start the program must read commands from standard input, execute them on current state,
  and wait for further inputs (i.e., keep running interactively).
  - Choose appropriate visibility modifiers for classes, methods, and attributes.
  - Choose meaningful identifier names for all identifiers.
  - Comments should be consistently written either in English or German.
  - Do not add personal data other than your u-Kürzel to submissions.
  - Do not call System.exit(), Runtime.exit(), or similar methods.
  - Do not place classes in the default (unnamed) package.
  - Enforce a maximum line width of 140 characters in source files.
  - Follow the Javadoc documentation rules specified by the assignment.
  - Follow the rules for variable, method, and package naming.
  - In the Javadoc @author tag include only your u-Kürzel.
  - Interactive user interface outputs must match the specification exactly (including case, spaces,
   and newlines); do not print additional information.
  - Mandatory tests must be passed before other tests are evaluated; violation causes automatic zero
   points for the submission.
  - Other Checkstyle rule violations may lead to point deductions (but not automatic zero).
  - Program code must compile without errors.
  - Program source code must be written in English.
  - Submissions are evaluated on both object-oriented modelling and functionality; follow the
  modelling guidance in the ILIAS wiki.
  - Submit only the required *.java files for task A as individual work with the corresponding
  folder structure.
  - The online submission system checks source files with Checkstyle automatically during
  submission.
  - Unless explicitly allowed, do not use other Java library elements; allowed exceptions are
  java.util.Scanner and elements from the listed packages.
  - Use exclusively Java SE 17 for implementation.
  - Use System.in for input and System.out for output unless otherwise specified; System.err may be
  used for error messages; never reassign standard streams.
  - An error message must not contain special characters such as newlines or umlauts.
  - Error messages may be freely chosen in English but must be meaningful (explain why input was
  rejected).
  - Error messages should indicate why the input was rejected (be explanatory).
  - Every error message must begin with the literal prefix 'Error,'.
  </adaptive_rules>

  <knowledge>
    - Networks are defined using the Mermaid syntax.
    - `list systems <subnet>` outputs IP addresses of all systems in the subnet sorted ascending in
  the format '<ip> ... <ip>'.
    - `list range <subnet>` outputs the first and last IP address of the subnet in the format '<ip>
  <ip>'.
  </knowledge>
  <entity_paths>
    - list subnets CONSTRAINT Subnet list output format: `list subnets` outputs all subnets sorted
  ascending by network address in the format '<subnet> ... <subnet>'.
    - Subnetz CONSTRAINT Adressbereich: All subnets must have disjoint address ranges.
    - Subnetz CONSTRAINT Router: There must be exactly one router per subnet.
    - list systems <subnet> CONSTRAINT Systems list output format: `list systems <subnet>` outputs
  IP addresses of all systems in the subnet sorted ascending in the format '<ip> ... <ip>'.
    - Implementierungsrichtlinien — Abschlussaufgabe 2 (SS 2024) CONSTRAINT Pass mandatory tests or
  receive zero points: Mandatory tests must be passed before other tests are evaluated; violation
  causes automatic zero points for the submission.
    - Implementierungsrichtlinien — Abschlussaufgabe 2 (SS 2024) CONSTRAINT Code must compile
  without errors: Program code must compile without errors.
    - Implementierungsrichtlinien — Abschlussaufgabe 2 (SS 2024) CONSTRAINT Use Java SE 17: Use
  exclusively Java SE 17 for implementation.
    - Implementierungsrichtlinien — Abschlussaufgabe 2 (SS 2024) CONSTRAINT Restrict Java library
  usage to allowed elements: Unless explicitly allowed, do not use other Java library elements;
  allowed exceptions are java.util.Scanner and elements from the listed packages.
    - Implementierungsrichtlinien — Abschlussaufgabe 2 (SS 2024) CONSTRAINT Maximum line width 140
  characters: Enforce a maximum line width of 140 characters in source files.
    - Implementierungsrichtlinien — Abschlussaufgabe 2 (SS 2024) CONSTRAINT Whitespace rules must be
   followed: Adhere to the prescribed whitespace rules.
    - Implementierungsrichtlinien — Abschlussaufgabe 2 (SS 2024) CONSTRAINT Naming rules for
  variables, methods, packages: Follow the rules for variable, method, and package naming.
    - Implementierungsrichtlinien — Abschlussaufgabe 2 (SS 2024) CONSTRAINT Appropriate visibility
  for classes, methods, attributes: Choose appropriate visibility modifiers for classes, methods,
  and attributes.
    - Implementierungsrichtlinien — Abschlussaufgabe 2 (SS 2024) CONSTRAINT Do not use the default
  package: Do not place classes in the default (unnamed) package.
    - Implementierungsrichtlinien — Abschlussaufgabe 2 (SS 2024) CONSTRAINT No System.exit or
  Runtime.exit calls: Do not call System.exit(), Runtime.exit(), or similar methods.
    - Implementierungsrichtlinien — Abschlussaufgabe 2 (SS 2024) CONSTRAINT Follow Javadoc
  documentation rules: Follow the Javadoc documentation rules specified by the assignment.
    - Implementierungsrichtlinien — Abschlussaufgabe 2 (SS 2024) CONSTRAINT Javadoc @author must
  contain only u-Kürzel: In the Javadoc @author tag include only your u-Kürzel.
    - Implementierungsrichtlinien — Abschlussaufgabe 2 (SS 2024) CONSTRAINT Checkstyle mandatory
  rules cause zero points: Adhere to all Checkstyle rules; some marked rules are mandatory and cause
   zero points if violated.
    - Implementierungsrichtlinien — Abschlussaufgabe 2 (SS 2024) CONSTRAINT Other Checkstyle
  violations can deduct points: Other Checkstyle rule violations may lead to point deductions (but
  not automatic zero).
    - Implementierungsrichtlinien — Abschlussaufgabe 2 (SS 2024) CONSTRAINT Online submission system
   runs Checkstyle: The online submission system checks source files with Checkstyle automatically
  during submission.
    - Implementierungsrichtlinien — Abschlussaufgabe 2 (SS 2024) CONSTRAINT Submit *.java files for
  task A with correct folder structure: Submit only the required *.java files for task A as
  individual work with the corresponding folder structure.
  </entity_paths>
  <entity_matches>
    - list subnets (score: 0.76) — `list subnets`: alle Subnetze aufsteigend sortiert nach
  Netzadresse, Format `<subnet> ... <subnet>`.
    - Subnetz (score: 0.75) — es gibt genau einen Router pro Subnetz.
    - list systems <subnet> (score: 0.74) — `list systems <subnet>`: IP-Adressen aller Systeme des
  Subnetzes aufsteigend sortiert, Format `<ip> ... <ip>`.
    - Implementierungsrichtlinien — Abschlussaufgabe 2 (SS 2024) (score: 0.74) — Beachten Sie, dass
  Ihre Abgaben sowohl in Bezug auf objektorientierte Modellierung als auch Funktionalität bewertet
  werden. Halten Sie die Hinweise zur Modellierung im ILIAS-Wiki ein.
    - list range <subnet> (score: 0.73) — `list range <subnet>`: erste und letzte IP-Adresse des
  Subnetzes, Format `<ip> <ip>`.
  </entity_matches>

● adaptive-memory extension active (role=requirements, memorySession=20260727-184710-req) - type
  /memory-help. MCP tools registered (memory=true, backlog=true).







Changes    +0 -0
Duration   41s
Tokens     ↑ 22.1k (1.3k cached) • ↓ 391 (202 reasoning)
[delivery:requirements] Turn 3/9 complete
[delivery:requirements] Turn 4/9: task.md — segment 3/7 — Abschlussaufgabe 2 — Routing in Subnetzen > 2 Konzepte
● [adaptive-context] GET
  http://localhost:4444/api/agents/7af7809a-adce-4fa9-9609-fd61059de0ff/sessions/20260727-184710-req
  /context?input=Dokument%3A+task.md%0ASegment%3A+3%2F7%0AAbschnitt%3A+Abschlussaufgabe+2+%E2%80%94+
  Routing+in+Subnetzen+%3E+2+Konzepte%0A%0ALies+diesen+Abschnitt+sorgf%C3%A4ltig+und+behalte+den+Kon
  text.+Erstelle+noch+keinen+Backlog+und+noch+keine+Tasks.+Warte+damit+bis+zum+abschlie%C3%9Fenden+%
  2Ffinalize.%0A%0A%23%23+2+Konzepte%0A%0AIm+Folgenden+werden+alle+f%C3%BCr+diese+Aufgabe+relevanten
  +Konzepte+anhand+einer+Beispiel-Topologie+%28siehe+%60examples.md%60%2C+Beispieltopologie+mit+4+Su
  bnetzen%29+erl%C3%A4utert.%0A%0A%23%23%23+2.1+Subnetze%0A%0AJedes+Subnetz+wird+durch+eine+einzigar
  tige+*IPv4*+%28%3Chttps%3A%2F%2Fde.wikipedia.org%2Fwiki%2FIPv4%3E%29+Netzadresse+und+Netzmaske+in+
  der+*CIDR*-Notation+%28%3Chttps%3A%2F%2Fde.wikipedia.org%2Fwiki%2FClassless_Inter-Domain_Routing%3
  E%29+identifiziert.+Beispielsweise+steht+**10.0.0.0%2F16**+f%C3%BCr+die+Netzadresse+**10.0.0.0**%2
  C+die+Netzmaske+**255.255.0.0**+und+folglich+f%C3%BCr+den+Adressbereich+**10.0.0.0**+bis+**10.0.25
  5.255**.%0A%0AHinweis%3A+Die+Adressbereiche+von+Subnetzen+d%C3%BCrfen+sich+**nicht**+%C3%BCberlapp
  en+und+es+darf+**keine**+Subnetze+mit+Netzmaske+**%2F32**+geben.%0A%0AEin+Subnetz+besteht+aus+eine
  r+Sammlung+von+Systemen%2C+konkret+aus+einer+beliebigen+Anzahl+von+Computern+und+genau+einem+Route
  r.%0A%0AUm+festzustellen%2C+ob+eine+IP-Adresse+in+einem+Subnetz+liegt%2C+gen%C3%BCgt+es+diese+in+B
  in%C3%A4rdarstellung+mit+der+Netzmaske+zu+*Verunden*+und+zu+%C3%BCberpr%C3%BCfen%2C+ob+die+Netzadr
  esse+dabei+entsteht%3A%0A%0A%7C+++++++%7C+Bin%C3%A4r++++++++++++++++++++++++++++++++++%7C+Dezimal+
  ++++%7C%0A%7C-------%7C----------------------------------------%7C-------------%7C%0A%7C+++++++%7C
  +00001010+00000000+00000010+01110100++++%7C+10.0.2.116++%7C%0A%7C+**UND**+%7C+11111111+11111111+00
  000000+00000000++%7C+255.255.0.0+%7C%0A%7C+**%3D**+%7C+00001010+00000000+00000000+00000000++++%7C+
  10.0.0.0++++%7C%0A%0A*Pr%C3%BCfe%2C+ob+**10.0.2.116**+in+**10.0.0.0%2F16**+liegt*%0A%0A%23%23%23+2
  .2+Systeme%0A%0ASysteme+sind+%C3%BCber+ihre+IP-Adresse+eindeutig+einem+Subnetz+zugeordnet.+Es+wird
  +zwischen+Computern+und+Routern+unterschieden.%0A%0A-+**Computer**+verf%C3%BCgen+ausschlie%C3%9Fli
  ch+%C3%BCber+Verbindungen+innerhalb+ihres+Subnetzes+und+k%C3%B6nnen+mit+anderen+Computern+oder+dem
  +Router+verbunden+sein.%0A-+**Router**+eines+jeden+Subnetzes+erhalten+die+erste+IP-Adresse+des+Adr
  essbereichs.+Bei+**10.0.0.0%2F16**+w%C3%A4re+dies+**10.0.0.1**.+Zus%C3%A4tzlich+zu+Verbindungen+zu
  +Computern+innerhalb+des+eigenen+Subnetzes+haben+Router+auch+Verbindungen+zu+Routern+au%C3%9Ferhal
  b+des+eigenen+Subnetzes.+Nur+Router+sind+mit+anderen+Routern+verbunden.%0A%0A%23%23%23+2.3+Verbind
  ungen%0A%0AAlle+Verbindungen+in+dieser+Aufgabe+sind+bidirektional%2C+d.h.+Daten+k%C3%B6nnen+in+bei
  de+Richtungen+%C3%BCbertragen.+Wir+unterscheiden+zwischen+Verbindungen+**Intra**+und+**Inter**+Sub
  netzen.%0A%0A-+**Intra%3A**+Die+Verbindungen+in+einem+Subnetz+sind+gewichtet%2C+so+hat+zum+Beispie
  l+die+Verbindung+zwischen+**10.0.0.1**+und+**10.0.0.3**+das+Gewicht+4.%0A-+**Inter%3A**+Die+Verbin
  dungen+zwischen+Subnetzen%2C+zum+Beispiel+**10.0.0.1**+zu+**172.16.0.1**%2C+sind+dagegen+**nicht**
  +gewichtet.%0A%0A%23%23%23+2.4+K%C3%BCrzeste+Pfade+innerhalb+eines+Subnetzes%0A%0AInnerhalb+eines+
  Subnetzes+ist+der+k%C3%BCrzeste+Pfad+derjenige%2C+dessen+Aufsummierten+Gewichte+am+geringsten+sind
  .+Beispielsweise+w%C3%A4re+der+k%C3%BCrzeste+Pfad+von+**172.16.0.1**+zu+**172.16.0.3**+nicht+die+d
  irekte+Verbindung+mit+Gewicht+8+sondern+der+Umweg+%C3%BCber+**172.16.0.2**+mit+einem+Gesamtgewicht
  +von+7.%0A%0AF%C3%BCr+die+Berechnung+dieser+k%C3%BCrzesten+Pfade+empfehlen+wir+den+*Dijkstra*-Algo
  rithmus+%28%3Chttps%3A%2F%2Fde.wikipedia.org%2Fwiki%2FDijkstra-Algorithmus%3E%29.%0A%0A%23%23%23+2
  .5+K%C3%BCrzeste+Pfade+zwischen+Subnetzen%0A%0AF%C3%BCr+die+k%C3%BCrzesten+Pfade+zwischen+Subnetze
  n+verwenden+sie+eine+vereinfachte+Version+des+Border-Gateway-Protokolls+%28%3Chttps%3A%2F%2Fde.wik
  ipedia.org%2Fwiki%2FBorder_Gateway_Protocol%3E%29%2C+die+sich+in+zwei+Phasen+aufteilen+l%C3%A4sst.
  %0A%0A%23%23%23%23+Initialisierung%0A%0AJeder+Router+erstellt+zu+Beginn+eine+Tabelle%2C+in+der+er+
  festh%C3%A4lt%2C+dass+sein+Subnetz+%C3%BCber+ihn+erreichbar+ist.+F%C3%BCr+die+Beispiel-Topologie+s
  %C3%A4he+dies+wie+folgt+aus%3A%0A%0A**Routing-Tabellen+nach+Schritt+0**%0A%0A%7C+192.168.100.1+%7C
  +%7C%0A%7C---%7C---%7C%0A%7C+Subnetz+%7C+Pfad+%7C%0A%7C+192.168.100.0%2F24+%7C+192.168.100.1+%7C%0
  A%0A%7C+172.16.0.1+%7C+%7C%0A%7C---%7C---%7C%0A%7C+Subnetz+%7C+Pfad+%7C%0A%7C+172.16.0.0%2F24+%7C+
  172.16.0.1+%7C%0A%0A%7C+10.0.0.1+%7C+%7C%0A%7C---%7C---%7C%0A%7C+Subnetz+%7C+Pfad+%7C%0A%7C+10.0.0
  .0%2F16+%7C+10.0.0.1+%7C%0A%0A%7C+192.168.1.1+%7C+%7C%0A%7C---%7C---%7C%0A%7C+Subnetz+%7C+Pfad+%7C
  %0A%7C+192.168.1.0%2F24+%7C+192.168.1.1+%7C%0A%0A%23%23%23%23+Austausch%0A%0ANun+schicken+Router+i
  hre+Tabelle+an+alle+Router+mit+denen+sie+**direkt**+verbunden+sind.+Diese+Tragen+Subnetze+der+ande
  ren+Router+in+ihre+eigene+Tabelle+ein%2C+in+dem+er+sich+als+erstes+Element+des+Pfades+hinzuf%C3%BC
  gt.+Sollte+es+mehrere+Pfade+zu+einem+Subnetz+geben%2C+wird+nur+der+k%C3%BCrzeste%2C+also+der+mit+d
  er+geringsten+Anzahl+an+*Hops*+gespeichert.+Sollte+es+mehrere+k%C3%BCrzeste+Pfade+geben%2C+wird+nu
  r+derjenige+gespeichert+dessen+erster+*Hop*+die+**kleinste**+IP-Adresse+hat.%0A%0ADie+Routing-Tabe
  llen+nach+Austausch+1+und+2+finden+sie+unten.+Nach+dem+dritten+Austausch+sind+die+Tabellen+identis
  ch+zu+denen+in+Austausch+2%2C+also+beenden+wir+das+Verfahren.+Durch+die+Pfade+in+der+Tabelle+kennt
  +nun+jeder+Router+den+k%C3%BCrzesten+Weg+zu+jedem+anderen+Subnetz.%0A%0A**Routing-Tabellen+nach+Sc
  hritt+1**%0A%0A%7C+192.168.100.1+%7C+%7C%0A%7C---%7C---%7C%0A%7C+Subnetz+%7C+Pfad+%7C%0A%7C+192.16
  8.100.0%2F24+%7C+192.168.100.1+%7C%0A%7C+172.16.0.0%2F24+%7C+192.168.100.1%2C+172.16.0.1+%7C%0A%7C
  +10.0.0.0%2F16+%7C+192.168.100.1%2C+10.0.0.1+%7C%0A%0A%7C+172.16.0.1+%7C+%7C%0A%7C---%7C---%7C%0A%
  7C+Subnetz+%7C+Pfad+%7C%0A%7C+172.16.0.0%2F24+%7C+172.16.0.1+%7C%0A%7C+192.168.100.0%2F24+%7C+172.
  16.0.1%2C+192.168.100.1+%7C%0A%7C+10.0.0.0%2F16+%7C+172.16.0.1%2C+10.0.0.1+%7C%0A%0A%7C+10.0.0.1+%
  7C+%7C%0A%7C---%7C---%7C%0A%7C+Subnetz+%7C+Pfad+%7C%0A%7C+10.0.0.0%2F16+%7C+10.0.0.1+%7C%0A%7C+172
  .16.0.0%2F24+%7C+10.0.0.1%2C+172.16.0.1+%7C%0A%7C+192.168.100.0%2F24+%7C+10.0.0.1%2C+192.168.100.1
  +%7C%0A%7C+192.168.1.0%2F24+%7C+10.0.0.1%2C+192.168.1.1+%7C%0A%0A%7C+192.168.1.1+%7C+%7C%0A%7C---%
  7C---%7C%0A%7C+Subnetz+%7C+Pfad+%7C%0A%7C+192.168.1.0%2F24+%7C+192.168.1.1+%7C%0A%7C+10.0.0.0%2F16
  +%7C+192.168.1.1%2C+10.0.0.1+%7C%0A%0A**Routing-Tabellen+nach+Schritt+2**%0A%0A%7C+192.168.100.1+%
  7C+%7C%0A%7C---%7C---%7C%0A%7C+Subnetz+%7C+Pfad+%7C%0A%7C+192.168.100.0%2F24+%7C+192.168.100.1+%7C
  %0A%7C+172.16.0.0%2F24+%7C+192.168.100.1%2C+172.16.0.1+%7C%0A%7C+10.0.0.0%2F16+%7C+192.168.100.1%2
  C+10.0.0.1+%7C%0A%7C+192.168.1.0%2F24+%7C+192.168.100.1%2C+10.0.0.1%2C+192.168.1.1+%7C%0A%0A%7C+17
  2.16.0.1+%7C+%7C%0A%7C---%7C---%7C%0A%7C+Subnetz+%7C+Pfad+%7C%0A%7C+172.16.0.0%2F24+%7C+172.16.0.1
  +%7C%0A%7C+192.168.100.0%2F24+%7C+172.16.0.1%2C+192.168.100.1+%7C%0A%7C+10.0.0.0%2F16+%7C+172.16.0
  .1%2C+10.0.0.1+%7C%0A%7C+192.168.1.0%2F24+%7C+172.16.0.1%2C+10.0.0.1%2C+192.168.1.1+%7C%0A%0A%7C+1
  0.0.0.1+%7C+%7C%0A%7C---%7C---%7C%0A%7C+Subnetz+%7C+Pfad+%7C%0A%7C+10.0.0.0%2F16+%7C+10.0.0.1+%7C%
  0A%7C+172.16.0.0%2F24+%7C+10.0.0.1%2C+172.16.0.1+%7C%0A%7C+192.168.100.0%2F24+%7C+10.0.0.1%2C+192.
  168.100.1+%7C%0A%7C+192.168.1.0%2F24+%7C+10.0.0.1%2C+192.168.1.1+%7C%0A%0A%7C+192.168.1.1+%7C+%7C%
  0A%7C---%7C---%7C%0A%7C+Subnetz+%7C+Pfad+%7C%0A%7C+192.168.1.0%2F24+%7C+192.168.1.1+%7C%0A%7C+10.0
  .0.0%2F16+%7C+192.168.1.1%2C+10.0.0.1+%7C%0A%7C+172.16.0.0%2F24+%7C+192.168.1.1%2C+10.0.0.1%2C+172
  .16.0.1+%7C%0A%7C+192.168.100.0%2F24+%7C+192.168.1.1%2C+10.0.0.1%2C+192.168.100.1+%7C%0A%0A%23%23%
  23+2.6+Versenden+von+Paketen%0A%0ABeim+Versenden+von+Paketen+unterscheiden+wir%2C+ob+Sender+und+Em
  pf%C3%A4nger+im+selben+Subnetz+sind%2C+oder+in+verschiedenen+Subnetzen.%0A%0A-+**Intra%3A**+Wenn+s
  ich+Sender+und+Empf%C3%A4nger+im+selben+Subnetz+befinden%2C+schickt+der+Sender+das+Paket+auf+dem+k
  %C3%BCrzesten+Pfad+zum+Empf%C3%A4nger.+Um+nicht+auf+jedem+Hop+im+Subnetz+die+k%C3%BCrzesten+Pfade+
  erneut+berechnen+zu+m%C3%BCssen%2C+soll+Source-Routing+%28%3Chttps%3A%2F%2Fde.wikipedia.org%2Fwiki
  %2FSource_Routing%3E%29+verwendet+werden%2C+wobei+der+ganze+Pfad+vom+Sender+vorberechnet+wird+und+
  sich+alle+Hops+auf+dem+Weg+zum+Empf%C3%A4nger+an+diesen+halten.%0A-+**Inter%3A**+Wenn+Sender+und+E
  mpf%C3%A4nger+in+verschiedenen+Subnetzen+liegen%2C+schickt+der+Sender+das+Paket+auf+dem+k%C3%BCrze
  sten+Pfad+zu+seinem+Router%2C+dieser+schickt+es+auf+dem+k%C3%BCrzesten+Pfad+zum+Router+des+Empf%C3
  %A4ngers+und+zu+guter+Letzt+leitet+der+Router+des+Zielsubnetzes+das+Paket+auf+dem+k%C3%BCrzesten+P
  fad+zum+Empf%C3%A4nger.+Auch+hier+soll+innerhalb+von+Subnetzen+Source-Routing+verwendet+werden.&pr
  oject=ProgrammingST24-Final2&role=requirements&task=Understand+the+st24final02+and+create+its+back
  log+when+prompted.&timestamp=2026-07-27T16%3A50%3A07.970Z&domain=st24final02

● Injected adaptive memory context into system prompt

● <adaptive_rules>
  - All edges within a subnet must be weighted.
  - All subnets must have disjoint address ranges.
  - Every system must belong to the address range of a subnet.
  - There must be exactly one router per subnet.
  - After printing an error message the program must continue and wait for the next input.
  - Commands must not violate given semantic and syntactic specifications; on violation an
  informative error must be shown.
  - If user input does not match the required format, the program must output an error message.
  - Adhere to all Checkstyle rules; some marked rules are mandatory and cause zero points if
  violated.
  - Adhere to the prescribed whitespace rules.
  - After start the program must read commands from standard input, execute them on current state,
  and wait for further inputs (i.e., keep running interactively).
  - Choose appropriate visibility modifiers for classes, methods, and attributes.
  - Choose meaningful identifier names for all identifiers.
  - Comments should be consistently written either in English or German.
  - Do not add personal data other than your u-Kürzel to submissions.
  - Do not call System.exit(), Runtime.exit(), or similar methods.
  - Do not place classes in the default (unnamed) package.
  - Enforce a maximum line width of 140 characters in source files.
  - Follow the Javadoc documentation rules specified by the assignment.
  - Follow the rules for variable, method, and package naming.
  - In the Javadoc @author tag include only your u-Kürzel.
  - Interactive user interface outputs must match the specification exactly (including case, spaces,
   and newlines); do not print additional information.
  - Mandatory tests must be passed before other tests are evaluated; violation causes automatic zero
   points for the submission.
  - Other Checkstyle rule violations may lead to point deductions (but not automatic zero).
  - Program code must compile without errors.
  - Program source code must be written in English.
  - Submissions are evaluated on both object-oriented modelling and functionality; follow the
  modelling guidance in the ILIAS wiki.
  - Submit only the required *.java files for task A as individual work with the corresponding
  folder structure.
  - The online submission system checks source files with Checkstyle automatically during
  submission.
  - Unless explicitly allowed, do not use other Java library elements; allowed exceptions are
  java.util.Scanner and elements from the listed packages.
  - Use exclusively Java SE 17 for implementation.
  - Use System.in for input and System.out for output unless otherwise specified; System.err may be
  used for error messages; never reassign standard streams.
  - An error message must not contain special characters such as newlines or umlauts.
  - Error messages may be freely chosen in English but must be meaningful (explain why input was
  rejected).
  - Error messages should indicate why the input was rejected (be explanatory).
  - Every error message must begin with the literal prefix 'Error,'.
  </adaptive_rules>

  <knowledge>
    - `send packet <ip> <ip>` outputs the IP address of each hop on the route, including sender and
  receiver, in the format '<ip> ... <ip>'.
    - Only routers may have connections to routers in other subnets (inter-subnet router-to-router
  connections are restricted to routers).
    - Networks are defined using the Mermaid syntax.
    - `list range <subnet>` outputs the first and last IP address of the subnet in the format '<ip>
  <ip>'.
    - `list systems <subnet>` outputs IP addresses of all systems in the subnet sorted ascending in
  the format '<ip> ... <ip>'.
    - `list subnets` outputs all subnets sorted ascending by network address in the format '<subnet>
   ... <subnet>'.
  </knowledge>
  <entity_paths>
    - send packet <ip> <ip> CONSTRAINT Packet route output format: `send packet <ip> <ip>` outputs
  the IP address of each hop on the route, including sender and receiver, in the format '<ip> ...
  <ip>'.
    - Subnetz CONSTRAINT Adressbereich: All subnets must have disjoint address ranges.
    - Subnetz CONSTRAINT Router: There must be exactly one router per subnet.
    - list subnets CONSTRAINT Subnet list output format: `list subnets` outputs all subnets sorted
  ascending by network address in the format '<subnet> ... <subnet>'.
    - list systems <subnet> CONSTRAINT Systems list output format: `list systems <subnet>` outputs
  IP addresses of all systems in the subnet sorted ascending in the format '<ip> ... <ip>'.
    - list range <subnet> CONSTRAINT Range output format: `list range <subnet>` outputs the first
  and last IP address of the subnet in the format '<ip> <ip>'.
    - Subnetz CONSTRAINT Router: There must be exactly one router per subnet.
    - Router CONSTRAINT Inter-subnet router connections: Only routers may have connections to
  routers in other subnets (inter-subnet router-to-router connections are restricted to routers).
  </entity_paths>
  <entity_matches>
    - send packet <ip> <ip> (score: 0.80) — `send packet <ip> <ip>`: IP-Adresse jedes Hops auf dem
  Weg, einschließlich Sender und Empfänger, Format `<ip> ... <ip>`.
    - Subnetz (score: 0.78) — es gibt genau einen Router pro Subnetz.
    - list subnets (score: 0.77) — `list subnets`: alle Subnetze aufsteigend sortiert nach
  Netzadresse, Format `<subnet> ... <subnet>`.
    - list systems <subnet> (score: 0.75) — `list systems <subnet>`: IP-Adressen aller Systeme des
  Subnetzes aufsteigend sortiert, Format `<ip> ... <ip>`.
    - list range <subnet> (score: 0.74) — `list range <subnet>`: erste und letzte IP-Adresse des
  Subnetzes, Format `<ip> <ip>`.
  </entity_matches>

● adaptive-memory extension active (role=requirements, memorySession=20260727-184710-req) - type
  /memory-help. MCP tools registered (memory=true, backlog=true).







Changes    +0 -0
Duration   1m 5s
Tokens     ↑ 24.6k (1.3k cached) • ↓ 883 (532 reasoning)
[delivery:requirements] Turn 4/9 complete
[delivery:requirements] Turn 5/9: task.md — segment 4/7 — Abschlussaufgabe 2 — Routing in Subnetzen > 3 Hinweise zur Implementierung
● [adaptive-context] GET http://localhost:4444/api/agents/7af7809a-adce-4fa9-9609-fd61059de0ff/sessi
  ons/20260727-184710-req/context?input=Dokument%3A+task.md%0ASegment%3A+4%2F7%0AAbschnitt%3A+Abschl
  ussaufgabe+2+%E2%80%94+Routing+in+Subnetzen+%3E+3+Hinweise+zur+Implementierung%0A%0ALies+diesen+Ab
  schnitt+sorgf%C3%A4ltig+und+behalte+den+Kontext.+Erstelle+noch+keinen+Backlog+und+noch+keine+Tasks
  .+Warte+damit+bis+zum+abschlie%C3%9Fenden+%2Ffinalize.%0A%0A%23%23+3+Hinweise+zur+Implementierung%
  0A%0ANach+dem+Start+nimmt+Ihr+Programm+%C3%BCber+die+Kommandozeile+mittels+der+Standardeingabe+Ein
  gaben+entgegen%2C+die+im+Folgenden+n%C3%A4her+spezifiziert+werden.+Alle+Befehle+werden+auf+dem+akt
  uellen+Zustand+des+Programms+ausgef%C3%BChrt.+Nach+Abarbeitung+einer+Eingabe+wartet+Ihr+Programm+a
  uf+weitere+Eingaben%2C+bis+das+Programm+irgendwann+durch+die+Eingabe+der+Zeichenfolge+%60quit%60+b
  eendet+wird.%0A%0AIm+Folgenden+werden+Eingabezeilen+mit+einer+schlie%C3%9Fenden+spitzen+Klammer+%2
  8%60%3E%60%29+gefolgt+von+einem+Leerzeichen+eingeleitet.+Diese+beiden+Zeichen+sind+kein+Bestandtei
  l+des+eingegebenen+Befehls%2C+sondern+dienen+der+Unterscheidung+von+Ein-+und+Ausgabezeilen.%0A%0AA
  chten+Sie+darauf%2C+dass+durch+die+Ausf%C3%BChrung+der+folgenden+Befehle+die+gegebenen+semantische
  n+und+syntaktischen+Spezifikationen+nicht+verletzt+werden+und+geben+Sie+bei+Verletzung+der+Spezifi
  kationen+immer+eine+aussagekr%C3%A4ftige+Fehlermeldung+aus.+Wenn+die+Benutzereingabe+nicht+dem+vor
  gegebenen+Format+entspricht%2C+ist+auch+eine+Fehlermeldung+auszugeben.+Nach+der+Ausgabe+einer+Fehl
  ermeldung+soll+das+Programm+wie+erwartet+fortfahren+und+wieder+auf+die+n%C3%A4chste+Eingabe+warten
  .+Die+Fehlermeldung+sollte+so+geformt+sein%2C+dass+f%C3%BCr+den+Benutzer+erkenntlich+ist%2C+warum+
  eine+Eingabe+abgelehnt+wurde.%0A%0ADa+wir+automatische+Tests+Ihrer+interaktiven+Benutzerschnittste
  lle+durchf%C3%BChren%2C+m%C3%BCssen+die+Ausgaben+exakt+den+Vorgaben+entsprechen.+Insbesondere+soll
  en+sowohl+Klein-+und+Gro%C3%9Fbuchstaben+als+auch+die+Leerzeichen+und+Zeilenumbr%C3%BCche+genau+%C
  3%BCbereinstimmen.+Setzen+Sie+nur+die+in+der+Aufgabenstellung+angegebenen+Informationen+um.+Geben+
  Sie+auch+keine+zus%C3%A4tzlichen+Informationen+aus.+Bei+Fehlermeldungen+d%C3%BCrfen+Sie+den+englis
  chsprachigen+Text+frei+w%C3%A4hlen%2C+er+sollte+jedoch+sinnvoll+sein.+Jede+Fehlermeldung+muss+aber
  +mit+%60Error%2C%60+beginnen+und+darf+keine+Sonderzeichen%2C+wie+beispielsweise+Zeilenumbr%C3%BCch
  e+oder+Umlaute%2C+enthalten.%0A%0AWenn+nicht+anders+angegeben%2C+ist+f%C3%BCr+Eingabe+immer+die+St
  andardeingabe+%60System.in%60+zu+verwenden.+Wenn+nicht+anders+angegeben%2C+ist+f%C3%BCr+Ausgaben+i
  mmer+die+Standardausgabe+%60System.out%60+zu+verwenden.+F%C3%BCr+Fehlermeldungen+kann+anstelle+der
  +Standardausgabe+optional+die+Standardfehlerausgabe+%60System.err%60+verwendet+werden.+Weisen+Sie+
  diese+Standardeingabe+und+-ausgabe+niemals+neu+zu.%0A%0ABeachten+Sie%2C+dass+bei+der+Beschreibung+
  der+Eingabe-+und+Ausgabeformate+die+W%C3%B6rter+zwischen+spitzen+Klammern+f%C3%BCr+Platzhalter+ste
  hen%2C+die+bei+der+konkreten+Ein-+und+Ausgabe+durch+Werte+ersetzt+werden.+Diese+eigentlichen+Werte
  +enthalten+bei+der+Ein-+und+Ausgabe+keine+spitzen+Klammern.+Vergleichen+Sie+hierzu+auch+den+Beispi
  elablauf.&project=ProgrammingST24-Final2&role=requirements&task=Understand+the+st24final02+and+cre
  ate+its+backlog+when+prompted.&timestamp=2026-07-27T16%3A50%3A36.153Z&domain=st24final02

● Injected adaptive memory context into system prompt

● <adaptive_rules>
  - An error message must not contain special characters such as newlines or umlauts.
  - Error messages may be freely chosen in English but must be meaningful (explain why input was
  rejected).
  - Error messages should indicate why the input was rejected (be explanatory).
  - Every error message must begin with the literal prefix 'Error,'.
  - After printing an error message the program must continue and wait for the next input.
  - Commands must not violate given semantic and syntactic specifications; on violation an
  informative error must be shown.
  - If user input does not match the required format, the program must output an error message.
  - Adhere to all Checkstyle rules; some marked rules are mandatory and cause zero points if
  violated.
  - Adhere to the prescribed whitespace rules.
  - After start the program must read commands from standard input, execute them on current state,
  and wait for further inputs (i.e., keep running interactively).
  - Choose appropriate visibility modifiers for classes, methods, and attributes.
  - Choose meaningful identifier names for all identifiers.
  - Comments should be consistently written either in English or German.
  - Do not add personal data other than your u-Kürzel to submissions.
  - Do not call System.exit(), Runtime.exit(), or similar methods.
  - Do not place classes in the default (unnamed) package.
  - Enforce a maximum line width of 140 characters in source files.
  - Follow the Javadoc documentation rules specified by the assignment.
  - Follow the rules for variable, method, and package naming.
  - In the Javadoc @author tag include only your u-Kürzel.
  - Interactive user interface outputs must match the specification exactly (including case, spaces,
   and newlines); do not print additional information.
  - Mandatory tests must be passed before other tests are evaluated; violation causes automatic zero
   points for the submission.
  - Other Checkstyle rule violations may lead to point deductions (but not automatic zero).
  - Program code must compile without errors.
  - Program source code must be written in English.
  - Submissions are evaluated on both object-oriented modelling and functionality; follow the
  modelling guidance in the ILIAS wiki.
  - Submit only the required *.java files for task A as individual work with the corresponding
  folder structure.
  - The online submission system checks source files with Checkstyle automatically during
  submission.
  - Unless explicitly allowed, do not use other Java library elements; allowed exceptions are
  java.util.Scanner and elements from the listed packages.
  - Use exclusively Java SE 17 for implementation.
  - Use System.in for input and System.out for output unless otherwise specified; System.err may be
  used for error messages; never reassign standard streams.
  - All subnets must have disjoint address ranges.
  - Every system must belong to the address range of a subnet.
  - There must be exactly one router per subnet.
  - All edges within a subnet must be weighted.
  </adaptive_rules>

  <memories>
    - ProgrammingST24-Final2 uses System.in and System.out for input/output
    - ProgrammingST24-Final2 mandates no default packages, correct visibilities, meaningful
  identifiers, and Javadoc with u-Kürzel
    - ProgrammingST24-Final2 requires submission as only .java files with correct folder structure
    - ProgrammingST24-Final2 requires error messages to begin with "Error," and the program must
  continue running after errors
    - ProgrammingST24-Final2 requires an interactive command-line loop for user interaction
    - ProgrammingST24-Final2 enforces strict Checkstyle; some rules are mandatory and cause 0 points
   if violated
    - ProgrammingST24-Final2 uses Java SE 17
  </memories>
  <knowledge>
    - In examples, input lines are introduced with a closing angle bracket '>' followed by a space;
  these characters are not part of the actual input.
  </knowledge>
  <entity_paths>
    - ProgrammingST24-Final2 CONSTRAINT Checkstyle strictness and mandatory rules:
  ProgrammingST24-Final2 enforces strict Checkstyle; some rules are mandatory and cause 0 points if
  violated
    - ProgrammingST24-Final2 CONSTRAINT Error message format and behavior: ProgrammingST24-Final2
  requires error messages to begin with "Error," and the program must continue running after errors
    - ProgrammingST24-Final2 CONSTRAINT Submission file and folder constraint:
  ProgrammingST24-Final2 requires submission as only .java files with correct folder structure
    - ProgrammingST24-Final2 CONSTRAINT Interactive command-line loop: ProgrammingST24-Final2
  requires an interactive command-line loop for user interaction
    - ProgrammingST24-Final2 CONSTRAINT Project structure and style constraints:
  ProgrammingST24-Final2 mandates no default packages, correct visibilities, meaningful identifiers,
   and Javadoc with u-Kürzel
    - ProgrammingST24-Final2 USES Java SE 17: ProgrammingST24-Final2 uses Java SE 17
    - ProgrammingST24-Final2 USES System.in / System.out: ProgrammingST24-Final2 uses System.in and
  System.out for input/output
  </entity_paths>
  <entity_matches>
    - ProgrammingST24-Final2 (score: 1.00) — Repository/project for the st24final02 domain
    - Project structure and style constraints (score: 0.70) — No default packages; correct
  visibilities; meaningful names; Javadoc with u-Kürzel
    - Error message format and behavior (score: 0.67) — Errors must start with 'Error,' be
  explanatory, and program continues running
    - Checkstyle strictness and mandatory rules (score: 0.67) — Strict Checkstyle required; some
  rules are mandatory (0 points on violation)
    - Interactive command-line loop (score: 0.66) — Program must run as an interactive loop reading
  from System.in and writing to System.out
  </entity_matches>
  <insights>
    - Agent community around ProgrammingST24-Final2, Project structure and style constraints, Error
  message format and behavior connects Submission file and folder constraint, Java SE 17, System.in
  / System.out. Relevant agent facts: ProgrammingST24-Final2 enforces strict Checkstyle; some rules
  are mandatory and cause 0 points if violated; ProgrammingST24-Final2 requires error messages to
  begin with "Error," and the program must continue running after errors; ProgrammingST24-Final2
  requires submission as only .java files with correct folder structure
  </insights>

● adaptive-memory extension active (role=requirements, memorySession=20260727-184710-req) - type
  /memory-help. MCP tools registered (memory=true, backlog=true).







Changes    +0 -0
Duration   1m 28s
Tokens     ↑ 25.9k (1.3k cached) • ↓ 583 (276 reasoning)
[delivery:requirements] Turn 5/9 complete
[delivery:requirements] Turn 6/9: task.md — segment 5/7 — Abschlussaufgabe 2 — Routing in Subnetzen > 4 Funktionalität
● [adaptive-context] GET http://localhost:4444/api/agents/7af7809a-adce-4fa9-9609-fd61059de0ff/sessi
  ons/20260727-184710-req/context?input=Dokument%3A+task.md%0ASegment%3A+5%2F7%0AAbschnitt%3A+Abschl
  ussaufgabe+2+%E2%80%94+Routing+in+Subnetzen+%3E+4+Funktionalit%C3%A4t%0A%0ALies+diesen+Abschnitt+s
  orgf%C3%A4ltig+und+behalte+den+Kontext.+Erstelle+noch+keinen+Backlog+und+noch+keine+Tasks.+Warte+d
  amit+bis+zum+abschlie%C3%9Fenden+%2Ffinalize.%0A%0A%23%23+4+Funktionalit%C3%A4t%0A%0AIm+Folgenden+
  wird+die+erforderliche+Funktionalit%C3%A4t+des+Systems+beschrieben.%0A%0A%23%23%23+4.1+Platzhalter
  %0A%0A-+**%60%3Cpath%3E%60**+%E2%80%94+Pfad+zu+einer+Datei.%0A-+**%60%3Csubnet%3E%60**+%E2%80%94+N
  etzbasis+und+Netzmaske+eines+Subnetzes+in+CIDR-Notation.%0A-+**%60%3Cip%3E%60**+%E2%80%94+IPv4+Adr
  esse+eines+Systems.%0A-+**%60%3Cweight%3E%60**+%E2%80%94+Ganze+Zahl+gr%C3%B6%C3%9Fer+als+0.%0A%0A%
  23%23%23+4.2+Befehle%0A%0A%23%23%23%23+Der+%60load+network%60-Befehl%0A%0AL%C3%A4dt+eine+spezifizi
  erte+Datei%2C+parsed+den+Inhalt+und+validiert+das+enthaltene+Netzwerk.+Zu+Testzwecken+soll+der+Bef
  ehl+den+Inhalt+der+Datei+verbatim+ausgeben.+Wird+der+Befehl+mehrfach+ausgef%C3%BChrt%2C+so+wird%2C
  +falls+das+neue+Netzwerk+g%C3%BCltig+ist%2C+das+alte+%C3%BCberschrieben.%0A%0A**Eingabe%3A**+%60lo
  ad+network+%3Cpath%3E%60%0A**Ausgabe%3A**+Verbatim+Inhalt+der+Datei%0A%0ANetzwerke+werden+in+der+*
  Mermaid*+%28%3Chttps%3A%2F%2Fmermaid.live%3E%29-Syntax+definiert%2C+wodurch+Sie+Netzwerke+online+v
  isualisieren+k%C3%B6nnen.%0A%0A%C3%9Cberpr%C3%BCfen+Sie+beim+Validieren+insbesondere+ob%3A%0A%0A-+
  alle+Subnetze+disjunkte+Adressbereiche+haben.%0A-+jedes+System+in+den+Adressbereich+eines+Subnetze
  s+geh%C3%B6rt.%0A-+es+genau+einen+Router+pro+Subnetz+gibt.%0A-+nur+Router+Verbindungen+zu+Routern+
  in+anderen+Subnetzen+haben.%0A-+alle+Kanten+innerhalb+eines+Subnetzes+gewichtet+sind.%0A%0A%60%60%
  60%0A%3E+load+network+.%2Fnetwork.txt%0Agraph%0A++++subgraph+192.168.1.0%2F24%0A++++++++A_Router%5
  B192.168.1.1%5D%0A++++++++A_PC1%5B192.168.1.2%5D%0A++++++++A_PC2%5B192.168.1.3%5D%0A++++++++A_PC3%
  5B192.168.1.4%5D%0A++++++++A_PC4%5B192.168.1.5%5D%0A++++++++A_PC5%5B192.168.1.6%5D%0A++++++++A_Rou
  ter+%3C--%3E%7C7%7C+A_PC1%0A++++++++A_Router+%3C--%3E%7C2%7C+A_PC2%0A++++++++A_Router+%3C--%3E%7C1
  0%7C+A_PC4%0A++++++++A_PC1+%3C--%3E%7C5%7C+A_PC2%0A++++++++A_PC2+%3C--%3E%7C3%7C+A_PC3%0A++++++++A
  _PC4+%3C--%3E%7C9%7C+A_PC2%0A++++++++A_PC1+%3C--%3E%7C1%7C+A_PC5%0A++++end%0A++++subgraph+10.0.0.0
  %2F16%0A++++++++B_Router%5B10.0.0.1%5D%0A++++++++B_PC1%5B10.0.0.2%5D%0A++++++++B_PC2%5B10.0.0.3%5D
  %0A++++++++B_Router+%3C--%3E%7C6%7C+B_PC1%0A++++++++B_Router+%3C--%3E%7C4%7C+B_PC2%0A++++++++B_PC1
  +%3C--%3E%7C7%7C+B_PC2%0A++++end%0A++++subgraph+172.16.0.0%2F24%0A++++++++C_Router%5B172.16.0.1%5D
  %0A++++++++C_PC1%5B172.16.0.2%5D%0A++++++++C_PC2%5B172.16.0.3%5D%0A++++++++C_PC3%5B172.16.0.4%5D%0
  A++++++++C_Router+%3C--%3E%7C5%7C+C_PC1%0A++++++++C_Router+%3C--%3E%7C8%7C+C_PC2%0A++++++++C_PC1+%
  3C--%3E%7C2%7C+C_PC2%0A++++++++C_PC2+%3C--%3E%7C3%7C+C_PC3%0A++++end%0A++++subgraph+192.168.100.0%
  2F24%0A++++++++D_Router%5B192.168.100.1%5D%0A++++++++D_PC1%5B192.168.100.2%5D%0A++++++++D_PC2%5B19
  2.168.100.3%5D%0A++++++++D_PC3%5B192.168.100.4%5D%0A++++++++D_PC4%5B192.168.100.5%5D%0A++++++++D_R
  outer+%3C--%3E%7C4%7C+D_PC1%0A++++++++D_Router+%3C--%3E%7C9%7C+D_PC4%0A++++++++D_PC1+%3C--%3E%7C2%
  7C+D_PC2%0A++++++++D_PC2+%3C--%3E%7C3%7C+D_PC3%0A++++++++D_PC3+%3C--%3E%7C6%7C+D_PC4%0A++++end%0A+
  +++A_Router+%3C--%3E+B_Router%0A++++B_Router+%3C--%3E+C_Router%0A++++C_Router+%3C--%3E+D_Router%0A
  ++++B_Router+%3C--%3E+D_Router%0A%60%60%60%0A%0A%23%23%23%23+Der+%60quit%60-Befehl%0A%0ADer+parame
  terlose+Befehl+erm%C3%B6glicht+es+das+Programm+vollst%C3%A4ndig+zu+beenden.+Beachten+Sie%2C+dass+h
  ierf%C3%BCr+keine+Methoden+wie+%60System.exit%28%29%60+oder+%60Runtime.exit%28%29%60+verwendet+wer
  den+d%C3%BCrfen.%0A%0A**Eingabe%3A**+%60quit%60%0A%0A%60%60%60%0A%3E+quit%0A%60%60%60%0A%0A%23%23%
  23%23+Der+%60list+subnets%60-Befehl%0A%0AGibt+alle+Subnetze+aufsteigend+sortiert+nach+Netzadresse+
  aus.%0A%0A**Eingabe%3A**+%60list+subnets%60%0A**Ausgabe%3A**+%60%3Csubnet%3E+...+%3Csubnet%3E%60%0
  A%0A%60%60%60%0A%3E+list+subnets%0A10.0.0.0%2F16+172.16.0.0%2F24+192.168.1.0%2F24+192.168.100.0%2F
  24%0A%60%60%60%0A%0A%23%23%23%23+Der+%60list+range%60-Befehl%0A%0AGibt+die+erste+und+letzte+IP-Adr
  esse+eines+Subnetzes+aus.%0A%0A**Eingabe%3A**+%60list+range+%3Csubnet%3E%60%0A**Ausgabe%3A**+%60%3
  Cip%3E+%3Cip%3E%60%0A%0A%60%60%60%0A%3E+list+range+10.0.0.0%2F16%0A10.0.0.0+10.0.255.255%0A%60%60%
  60%0A%0A%23%23%23%23+Der+%60list+systems%60-Befehl%0A%0AGibt+die+IP-Adressen+aller+Systeme+eines+S
  ubnetzes+aufsteigend+sortiert+aus.%0A%0A**Eingabe%3A**+%60list+systems+%3Csubnet%3E%60%0A**Ausgabe
  %3A**+%60%3Cip%3E+...+%3Cip%3E%60%0A%0A%60%60%60%0A%3E+list+systems+10.0.0.0%2F16%0A10.0.0.1+10.0.
  0.2+10.0.0.3%0A%60%60%60%0A%0A%23%23%23%23+Der+%60add+connection%60-Befehl%0A%0AF%C3%BCgt+eine+Ver
  bindung+zwischen+zwei+Systemen+hinzu%2C+falls+bislang+noch+keine+bestand.+Das+Gewicht+wird+als+opt
  ionaler+Parameter+%C3%BCbergeben.%0A%0A*Hinweis%3A*+Nur+Router+d%C3%BCrfen+Verbindungen+zu+Routern
  +in+anderen+Subnetzen+haben+und+nur+Verbindungen+innerhalb+eines+Subnetzes+sind+gewichtet.%0A%0A**
  Eingabe%3A**+%60add+connection+%3Cip%3E+%3Cip%3E+%5B%3Cweight%3E%5D%60%0A%0A%60%60%60%0A%3E+add+co
  nnection+172.16.0.2+172.16.0.4+5%0A%3E+add+connection+192.168.100.1+192.168.1.1%0A%60%60%60%0A%0A%
  23%23%23%23+Der+%60remove+connection%60-Befehl%0A%0AEntfernt+eine+Verbindung+zwischen+zwei+Systeme
  n%2C+falls+bislang+eine+bestand.%0A%0A**Eingabe%3A**+%60remove+connection+%3Cip%3E+%3Cip%3E%60%0A%
  0A%60%60%60%0A%3E+remove+connection+172.16.0.2+172.16.0.3%0A%60%60%60%0A%0A%23%23%23%23+Der+%60add
  +computer%60-Befehl%0A%0AF%C3%BCgt+einem+Subnetz+einen+neuen+Computer+hinzu.%0A%0A**Eingabe%3A**+%
  60add+computer+%3Csubnet%3E+%3Cip%3E%60%0A%0A%60%60%60%0A%3E+add+computer+192.168.1.0%2F24+192.168
  .1.37%0A%60%60%60%0A%0A%23%23%23%23+Der+%60remove+computer%60-Befehl%0A%0AEntfernt+einen+Computer+
  aus+einem+Subnetz.%0A%0A**Eingabe%3A**+%60remove+computer+%3Csubnet%3E+%3Cip%3E%60%0A%0A%60%60%60%
  0A%3E+remove+computer+192.168.1.0%2F24+192.168.1.4%0A%60%60%60%0A%0A%23%23%23%23+Der+%60send+packe
  t%60-Befehl%0A%0ASendet+ein+Paket+auf+k%C3%BCrzestem+Weg+zum+Empf%C3%A4nger+und+gibt+die+IP-Adress
  e+jeden+Hops+auf+dem+Weg+aus%2C+einschlie%C3%9Flich+die+des+Senders+und+Empf%C3%A4ngers.%0A%0A**Ei
  ngabe%3A**+%60send+packet+%3Cip%3E+%3Cip%3E%60%0A**Ausgabe%3A**+%60%3Cip%3E+...+%3Cip%3E%60%0A%0A%
  60%60%60%0A%3E+send+packet+172.16.0.2+10.0.0.3%0A172.16.0.2+172.16.0.1+10.0.0.1+10.0.0.3%0A%60%60%
  60&project=ProgrammingST24-Final2&role=requirements&task=Understand+the+st24final02+and+create+its
  +backlog+when+prompted.&timestamp=2026-07-27T16%3A50%3A55.244Z&domain=st24final02

● Injected adaptive memory context into system prompt

● <adaptive_rules>
  - All subnets must have disjoint address ranges.
  - Every system must belong to the address range of a subnet.
  - All edges within a subnet must be weighted.
  - There must be exactly one router per subnet.
  - After printing an error message the program must continue and wait for the next input.
  - Commands must not violate given semantic and syntactic specifications; on violation an
  informative error must be shown.
  - If user input does not match the required format, the program must output an error message.
  - Adhere to all Checkstyle rules; some marked rules are mandatory and cause zero points if
  violated.
  - Adhere to the prescribed whitespace rules.
  - After start the program must read commands from standard input, execute them on current state,
  and wait for further inputs (i.e., keep running interactively).
  - Choose appropriate visibility modifiers for classes, methods, and attributes.
  - Choose meaningful identifier names for all identifiers.
  - Comments should be consistently written either in English or German.
  - Do not add personal data other than your u-Kürzel to submissions.
  - Do not call System.exit(), Runtime.exit(), or similar methods.
  - Do not place classes in the default (unnamed) package.
  - Enforce a maximum line width of 140 characters in source files.
  - Follow the Javadoc documentation rules specified by the assignment.
  - Follow the rules for variable, method, and package naming.
  - In the Javadoc @author tag include only your u-Kürzel.
  - Interactive user interface outputs must match the specification exactly (including case, spaces,
   and newlines); do not print additional information.
  - Mandatory tests must be passed before other tests are evaluated; violation causes automatic zero
   points for the submission.
  - Other Checkstyle rule violations may lead to point deductions (but not automatic zero).
  - Program code must compile without errors.
  - Program source code must be written in English.
  - Submissions are evaluated on both object-oriented modelling and functionality; follow the
  modelling guidance in the ILIAS wiki.
  - Submit only the required *.java files for task A as individual work with the corresponding
  folder structure.
  - The online submission system checks source files with Checkstyle automatically during
  submission.
  - Unless explicitly allowed, do not use other Java library elements; allowed exceptions are
  java.util.Scanner and elements from the listed packages.
  - Use exclusively Java SE 17 for implementation.
  - Use System.in for input and System.out for output unless otherwise specified; System.err may be
  used for error messages; never reassign standard streams.
  - An error message must not contain special characters such as newlines or umlauts.
  - Error messages may be freely chosen in English but must be meaningful (explain why input was
  rejected).
  - Error messages should indicate why the input was rejected (be explanatory).
  - Every error message must begin with the literal prefix 'Error,'.
  </adaptive_rules>

  <memories>
    - ProgrammingST24-Final2 mandates no default packages, correct visibilities, meaningful
  identifiers, and Javadoc with u-Kürzel
    - ProgrammingST24-Final2 requires submission as only .java files with correct folder structure
    - ProgrammingST24-Final2 requires an interactive command-line loop for user interaction
    - ProgrammingST24-Final2 uses System.in and System.out for input/output
    - ProgrammingST24-Final2 enforces strict Checkstyle; some rules are mandatory and cause 0 points
   if violated
    - ProgrammingST24-Final2 requires error messages to begin with "Error," and the program must
  continue running after errors
    - ProgrammingST24-Final2 uses Java SE 17
  </memories>
  <knowledge>
    - `list systems <subnet>` outputs IP addresses of all systems in the subnet sorted ascending in
  the format '<ip> ... <ip>'.
    - `send packet <ip> <ip>` outputs the IP address of each hop on the route, including sender and
  receiver, in the format '<ip> ... <ip>'.
    - `list range <subnet>` outputs the first and last IP address of the subnet in the format '<ip>
  <ip>'.
    - `list subnets` outputs all subnets sorted ascending by network address in the format '<subnet>
   ... <subnet>'.
    - Networks are defined using the Mermaid syntax.
    - The `load network` command loads a specified file, parses its content, and validates the
  contained network.
    - The `load network` command prints the file content verbatim for testing purposes.
    - If `load network` is executed multiple times and the new network is valid, the new network
  overwrites the old one.
    - Only routers may have connections to routers in other subnets (inter-subnet router-to-router
  connections are restricted to routers).
    - On successful execution `add connection` produces no output (except possibly an error message
  on failure).
    - On successful execution `add computer` produces no output (except possibly an error message on
   failure).
    - On successful execution `remove connection` produces no output (except possibly an error
  message on failure).
    - On successful execution `remove computer` produces no output (except possibly an error message
   on failure).
  </knowledge>
  <entity_paths>
    - ProgrammingST24-Final2 CONSTRAINT Checkstyle strictness and mandatory rules:
  ProgrammingST24-Final2 enforces strict Checkstyle; some rules are mandatory and cause 0 points if
  violated
    - ProgrammingST24-Final2 CONSTRAINT Error message format and behavior: ProgrammingST24-Final2
  requires error messages to begin with "Error," and the program must continue running after errors
    - ProgrammingST24-Final2 CONSTRAINT Submission file and folder constraint:
  ProgrammingST24-Final2 requires submission as only .java files with correct folder structure
    - ProgrammingST24-Final2 CONSTRAINT Interactive command-line loop: ProgrammingST24-Final2
  requires an interactive command-line loop for user interaction
    - ProgrammingST24-Final2 CONSTRAINT Project structure and style constraints:
  ProgrammingST24-Final2 mandates no default packages, correct visibilities, meaningful identifiers,
   and Javadoc with u-Kürzel
    - ProgrammingST24-Final2 USES Java SE 17: ProgrammingST24-Final2 uses Java SE 17
    - ProgrammingST24-Final2 USES System.in / System.out: ProgrammingST24-Final2 uses System.in and
  System.out for input/output
    - list subnets CONSTRAINT Subnet list output format: `list subnets` outputs all subnets sorted
  ascending by network address in the format '<subnet> ... <subnet>'.
    - list systems <subnet> CONSTRAINT Systems list output format: `list systems <subnet>` outputs
  IP addresses of all systems in the subnet sorted ascending in the format '<ip> ... <ip>'.
  </entity_paths>
  <entity_matches>
    - ProgrammingST24-Final2 (score: 1.00) — Repository/project for the st24final02 domain
    - list subnets (score: 0.81) — `list subnets`: alle Subnetze aufsteigend sortiert nach
  Netzadresse, Format `<subnet> ... <subnet>`.
    - list systems <subnet> (score: 0.81) — `list systems <subnet>`: IP-Adressen aller Systeme des
  Subnetzes aufsteigend sortiert, Format `<ip> ... <ip>`.
    - Checkstyle strictness and mandatory rules (score: 0.67) — Strict Checkstyle required; some
  rules are mandatory (0 points on violation)
    - Project structure and style constraints (score: 0.64) — No default packages; correct
  visibilities; meaningful names; Javadoc with u-Kürzel
  </entity_matches>
  <insights>
    - Agent community around ProgrammingST24-Final2, Checkstyle strictness and mandatory rules,
  Project structure and style constraints connects Java SE 17, Interactive command-line loop,
  System.in / System.out. Relevant agent facts: ProgrammingST24-Final2 enforces strict Checkstyle;
  some rules are mandatory and cause 0 points if violated; ProgrammingST24-Final2 requires error
  messages to begin with "Error," and the program must continue running after errors;
  ProgrammingST24-Final2 requires submission as only .java files with correct folder structure
  </insights>

● adaptive-memory extension active (role=requirements, memorySession=20260727-184710-req) - type
  /memory-help. MCP tools registered (memory=true, backlog=true).







Changes    +0 -0
Duration   1m 47s
Tokens     ↑ 28.5k (1.3k cached) • ↓ 829 (354 reasoning)
[delivery:requirements] Turn 6/9 complete
[delivery:requirements] Turn 7/9: task.md — segment 6/7 — Abschlussaufgabe 2 — Routing in Subnetzen > 5 Beispielinteraktion
● [adaptive-context] GET http://localhost:4444/api/agents/7af7809a-adce-4fa9-9609-fd61059de0ff/sessi
  ons/20260727-184710-req/context?input=Dokument%3A+task.md%0ASegment%3A+6%2F7%0AAbschnitt%3A+Abschl
  ussaufgabe+2+%E2%80%94+Routing+in+Subnetzen+%3E+5+Beispielinteraktion%0A%0ALies+diesen+Abschnitt+s
  orgf%C3%A4ltig+und+behalte+den+Kontext.+Erstelle+noch+keinen+Backlog+und+noch+keine+Tasks.+Warte+d
  amit+bis+zum+abschlie%C3%9Fenden+%2Ffinalize.%0A%0A%23%23+5+Beispielinteraktion%0A%0AEine+vollst%C
  3%A4ndige+Beispielinteraktion+sowie+die+Beispiel-Topologie+und+das+Beispiel-Netzwerk+finden+Sie+in
  +%60examples.md%60.&project=ProgrammingST24-Final2&role=requirements&task=Understand+the+st24final
  02+and+create+its+backlog+when+prompted.&timestamp=2026-07-27T16%3A51%3A14.057Z&domain=st24final02

● Injected adaptive memory context into system prompt

● <adaptive_rules>
  - Adhere to all Checkstyle rules; some marked rules are mandatory and cause zero points if
  violated.
  - Adhere to the prescribed whitespace rules.
  - After start the program must read commands from standard input, execute them on current state,
  and wait for further inputs (i.e., keep running interactively).
  - Choose appropriate visibility modifiers for classes, methods, and attributes.
  - Choose meaningful identifier names for all identifiers.
  - Comments should be consistently written either in English or German.
  - Do not add personal data other than your u-Kürzel to submissions.
  - Do not call System.exit(), Runtime.exit(), or similar methods.
  - Do not place classes in the default (unnamed) package.
  - Enforce a maximum line width of 140 characters in source files.
  - Follow the Javadoc documentation rules specified by the assignment.
  - Follow the rules for variable, method, and package naming.
  - In the Javadoc @author tag include only your u-Kürzel.
  - Interactive user interface outputs must match the specification exactly (including case, spaces,
   and newlines); do not print additional information.
  - Mandatory tests must be passed before other tests are evaluated; violation causes automatic zero
   points for the submission.
  - Other Checkstyle rule violations may lead to point deductions (but not automatic zero).
  - Program code must compile without errors.
  - Program source code must be written in English.
  - Submissions are evaluated on both object-oriented modelling and functionality; follow the
  modelling guidance in the ILIAS wiki.
  - Submit only the required *.java files for task A as individual work with the corresponding
  folder structure.
  - The online submission system checks source files with Checkstyle automatically during
  submission.
  - Unless explicitly allowed, do not use other Java library elements; allowed exceptions are
  java.util.Scanner and elements from the listed packages.
  - Use exclusively Java SE 17 for implementation.
  - Use System.in for input and System.out for output unless otherwise specified; System.err may be
  used for error messages; never reassign standard streams.
  - All edges within a subnet must be weighted.
  - All subnets must have disjoint address ranges.
  - Every system must belong to the address range of a subnet.
  - There must be exactly one router per subnet.
  - After printing an error message the program must continue and wait for the next input.
  - Commands must not violate given semantic and syntactic specifications; on violation an
  informative error must be shown.
  - If user input does not match the required format, the program must output an error message.
  - An error message must not contain special characters such as newlines or umlauts.
  - Error messages may be freely chosen in English but must be meaningful (explain why input was
  rejected).
  - Error messages should indicate why the input was rejected (be explanatory).
  - Every error message must begin with the literal prefix 'Error,'.
  </adaptive_rules>

  <memories>
    - Document task.md is titled "Abschlussaufgabe 2 — Routing in Subnetzen"
    - The file task.md is the document for the assignment 'Abschlussaufgabe 2 — Routing in
  Subnetzen'.
    - The assignment 'Abschlussaufgabe 2 — Routing in Subnetzen' is part of the course
  'Programmieren'.
    - Document task.md relates to the course "Programmieren"
    - ProgrammingST24-Final2 mandates no default packages, correct visibilities, meaningful
  identifiers, and Javadoc with u-Kürzel
    - ProgrammingST24-Final2 requires an interactive command-line loop for user interaction
    - ProgrammingST24-Final2 uses System.in and System.out for input/output
    - ProgrammingST24-Final2 requires submission as only .java files with correct folder structure
    - ProgrammingST24-Final2 enforces strict Checkstyle; some rules are mandatory and cause 0 points
   if violated
    - ProgrammingST24-Final2 requires error messages to begin with "Error," and the program must
  continue running after errors
  </memories>
  <entity_paths>
    - ProgrammingST24-Final2 CONSTRAINT Checkstyle strictness and mandatory rules:
  ProgrammingST24-Final2 enforces strict Checkstyle; some rules are mandatory and cause 0 points if
  violated
    - ProgrammingST24-Final2 CONSTRAINT Error message format and behavior: ProgrammingST24-Final2
  requires error messages to begin with "Error," and the program must continue running after errors
    - ProgrammingST24-Final2 CONSTRAINT Submission file and folder constraint:
  ProgrammingST24-Final2 requires submission as only .java files with correct folder structure
    - ProgrammingST24-Final2 CONSTRAINT Interactive command-line loop: ProgrammingST24-Final2
  requires an interactive command-line loop for user interaction
    - ProgrammingST24-Final2 CONSTRAINT Project structure and style constraints:
  ProgrammingST24-Final2 mandates no default packages, correct visibilities, meaningful identifiers,
   and Javadoc with u-Kürzel
    - ProgrammingST24-Final2 USES Java SE 17: ProgrammingST24-Final2 uses Java SE 17
    - ProgrammingST24-Final2 USES System.in / System.out: ProgrammingST24-Final2 uses System.in and
  System.out for input/output
    - Abschlussaufgabe 2 — Routing in Subnetzen RELATES_TO Programmieren: The assignment
  'Abschlussaufgabe 2 — Routing in Subnetzen' is part of the course 'Programmieren'.
    - Abschlussaufgabe 2 — Routing in Subnetzen RELATES_TO Institute of Information Security and
  Dependability (KASTEL): The assignment is associated with the Institute of Information Security
  and Dependability (KASTEL).
    - task.md RELATES_TO Abschlussaufgabe 2 — Routing in Subnetzen: Document task.md is titled
  "Abschlussaufgabe 2 — Routing in Subnetzen"; The file task.md is the document for the assignment
  'Abschlussaufgabe 2 — Routing in Subnetzen'.
    - task.md RELATES_TO Prof. Dr.-Ing. Anne Koziolek: Document task.md lists Prof. Dr.-Ing. Anne
  Koziolek as the Dozent
    - task.md RELATES_TO 20 Punkte: Document task.md specifies the assignment is worth 20 Punkte;
  The document specifies the assignment is worth 20 Punkte.
    - task.md RELATES_TO Version 1.0: Document task.md has version 1.0; The document version is 1.0.
    - task.md RELATES_TO Programmieren: Document task.md relates to the course "Programmieren"
    - task.md RELATES_TO Institute of Information Security and Dependability (KASTEL): Document
  task.md is associated with the Institute of Information Security and Dependability (KASTEL)
    - task.md RELATES_TO Sommersemester 2024: Document task.md is for Sommersemester 2024; The
  document lists the semester as Sommersemester 2024.
    - Abschlussaufgabe 2 — Routing in Subnetzen RELATES_TO Programmieren: The assignment
  'Abschlussaufgabe 2 — Routing in Subnetzen' is part of the course 'Programmieren'.
    - Programmieren RELATES_TO Prof. Dr.-Ing. Anne Koziolek: The course 'Programmieren' is taught by
   Prof. Dr.-Ing. Anne Koziolek.
    - task.md RELATES_TO Abschlussaufgabe 2 — Routing in Subnetzen: Document task.md is titled
  "Abschlussaufgabe 2 — Routing in Subnetzen"; The file task.md is the document for the assignment
  'Abschlussaufgabe 2 — Routing in Subnetzen'.
    - Abschlussaufgabe 2 — Routing in Subnetzen RELATES_TO Programmieren: The assignment
  'Abschlussaufgabe 2 — Routing in Subnetzen' is part of the course 'Programmieren'.
    - task.md RELATES_TO Abschlussaufgabe 2 — Routing in Subnetzen: Document task.md is titled
  "Abschlussaufgabe 2 — Routing in Subnetzen"; The file task.md is the document for the assignment
  'Abschlussaufgabe 2 — Routing in Subnetzen'.
    - Abschlussaufgabe 2 — Routing in Subnetzen RELATES_TO Institute of Information Security and
  Dependability (KASTEL): The assignment is associated with the Institute of Information Security
  and Dependability (KASTEL).
    - task.md RELATES_TO Programmieren: Document task.md relates to the course "Programmieren"
    - Programmieren RELATES_TO Prof. Dr.-Ing. Anne Koziolek: The course 'Programmieren' is taught by
   Prof. Dr.-Ing. Anne Koziolek.
  </entity_paths>
  <entity_matches>
    - ProgrammingST24-Final2 (score: 1.00) — Repository/project for the st24final02 domain
    - Abschlussaufgabe 2 — Routing in Subnetzen (score: 0.84) — Title of the final assignment about
  routing in subnets
    - task.md (score: 0.69) — Assignment document file named task.md
    - Checkstyle strictness and mandatory rules (score: 0.67) — Strict Checkstyle required; some
  rules are mandatory (0 points on violation)
    - Prof. Dr.-Ing. Anne Koziolek (score: 0.66) — Instructor listed for the assignment
  </entity_matches>
  <insights>
    - Agent community around ProgrammingST24-Final2, Checkstyle strictness and mandatory rules,
  Error message format and behavior connects Java SE 17, System.in / System.out, Project structure
  and style constraints. Relevant agent facts: ProgrammingST24-Final2 enforces strict Checkstyle;
  some rules are mandatory and cause 0 points if violated; ProgrammingST24-Final2 requires error
  messages to begin with "Error," and the program must continue running after errors;
  ProgrammingST24-Final2 requires submission as only .java files with correct folder structure
    - Agent community around Abschlussaufgabe 2 — Routing in Subnetzen, Institute of Information
  Security and Dependability (KASTEL). Relevant agent facts: Document task.md is titled
  "Abschlussaufgabe 2 — Routing in Subnetzen"; The assignment 'Abschlussaufgabe 2 — Routing in
  Subnetzen' is part of the course 'Programmieren'.; The file task.md is the document for the
  assignment 'Abschlussaufgabe 2 — Routing in Subnetzen'.
    - Agent community around task.md, 20 Punkte, Version 1.0. Relevant agent facts: Document task.md
   is titled "Abschlussaufgabe 2 — Routing in Subnetzen"; Document task.md lists Prof. Dr.-Ing. Anne
   Koziolek as the Dozent; Document task.md specifies the assignment is worth 20 Punkte
    - Agent community around Prof. Dr.-Ing. Anne Koziolek, Programmieren. Relevant agent facts:
  Document task.md lists Prof. Dr.-Ing. Anne Koziolek as the Dozent; The course 'Programmieren' is
  taught by Prof. Dr.-Ing. Anne Koziolek.; The assignment 'Abschlussaufgabe 2 — Routing in
  Subnetzen' is part of the course 'Programmieren'.
    - Agent community around Abschlussaufgabe 2 — Routing in Subnetzen, task.md, Prof. Dr.-Ing. Anne
   Koziolek connects 20 Punkte, Version 1.0, Sommersemester 2024. Relevant agent facts: Document
  task.md is titled "Abschlussaufgabe 2 — Routing in Subnetzen"; Document task.md lists Prof.
  Dr.-Ing. Anne Koziolek as the Dozent; Document task.md specifies the assignment is worth 20 Punkte
  </insights>

● adaptive-memory extension active (role=requirements, memorySession=20260727-184710-req) - type
  /memory-help. MCP tools registered (memory=true, backlog=true).



● Search (glob)
  │ "**/examples.md"
  └ No matches found

● List directory .
  └ 6 files found

● [turn-persistence] [turn-persistence] turn_end SKIPPED ai: no assistant message with content

● List directory context
  └ 1 file found

● [turn-persistence] [turn-persistence] turn_end SKIPPED ai: no assistant message with content







Changes    +0 -0
Duration   2m 7s
Tokens     ↑ 120.8k (91.9k cached) • ↓ 600 (236 reasoning)
[delivery:requirements] Turn 7/9 complete
[delivery:requirements] Turn 8/9: examples.md — segment 7/7 — Beispiele — Abschlussaufgabe 2 (Routing in Subnetzen)
● [adaptive-context] GET http://localhost:4444/api/agents/7af7809a-adce-4fa9-9609-fd61059de0ff/sessi
  ons/20260727-184710-req/context?input=Dokument%3A+examples.md%0ASegment%3A+7%2F7%0AAbschnitt%3A+Be
  ispiele+%E2%80%94+Abschlussaufgabe+2+%28Routing+in+Subnetzen%29%0A%0ALies+diesen+Abschnitt+sorgf%C
  3%A4ltig+und+behalte+den+Kontext.+Erstelle+noch+keinen+Backlog+und+noch+keine+Tasks.+Warte+damit+b
  is+zum+abschlie%C3%9Fenden+%2Ffinalize.%0A%0A%23+Beispiele+%E2%80%94+Abschlussaufgabe+2+%28Routing
  +in+Subnetzen%29%0A%0ADieses+Dokument+enth%C3%A4lt+die+in+der+Aufgabenstellung+referenzierten+Beis
  pieldateien+sowie+die+Beispielinteraktionen.+Sie+dienen+zur+Validierung+des+erwarteten+Verhaltens.
  %0A%0AEingabezeilen+werden+mit+einer+schlie%C3%9Fenden+spitzen+Klammer+%28%60%3E%60%29+gefolgt+von
  +einem+Leerzeichen+eingeleitet.+Diese+beiden+Zeichen+sind+kein+Bestandteil+des+eingegebenen+Befehl
  s%2C+sondern+dienen+der+Unterscheidung+von+Ein-+und+Ausgabezeilen.%0A%0A%23%23+1+Beispiel-Eingabed
  ateien%0A%0A%23%23%23+1.1+Beispiel-Netzwerk-Datei+%28%60example_graph.txt%60%29%0A%0ADas+Beispiel-
  Netzwerk+mit+4+Subnetzen+in+Mermaid-Syntax%3A%0A%0A%60%60%60%0Agraph%0A++++subgraph+192.168.1.0%2F
  24%0A++++++++A_Router%5B192.168.1.1%5D%0A++++++++A_PC1%5B192.168.1.2%5D%0A++++++++A_PC2%5B192.168.
  1.3%5D%0A++++++++A_PC3%5B192.168.1.4%5D%0A++++++++A_PC4%5B192.168.1.5%5D%0A++++++++A_PC5%5B192.168
  .1.6%5D%0A++++++++A_Router+%3C--%3E%7C7%7C+A_PC1%0A++++++++A_Router+%3C--%3E%7C2%7C+A_PC2%0A++++++
  ++A_Router+%3C--%3E%7C10%7C+A_PC4%0A++++++++A_PC1+%3C--%3E%7C5%7C+A_PC2%0A++++++++A_PC2+%3C--%3E%7
  C3%7C+A_PC3%0A++++++++A_PC4+%3C--%3E%7C9%7C+A_PC2%0A++++++++A_PC1+%3C--%3E%7C1%7C+A_PC5%0A++++end%
  0A++++subgraph+10.0.0.0%2F16%0A++++++++B_Router%5B10.0.0.1%5D%0A++++++++B_PC1%5B10.0.0.2%5D%0A++++
  ++++B_PC2%5B10.0.0.3%5D%0A++++++++B_Router+%3C--%3E%7C6%7C+B_PC1%0A++++++++B_Router+%3C--%3E%7C4%7
  C+B_PC2%0A++++++++B_PC1+%3C--%3E%7C7%7C+B_PC2%0A++++end%0A++++subgraph+172.16.0.0%2F24%0A++++++++C
  _Router%5B172.16.0.1%5D%0A++++++++C_PC1%5B172.16.0.2%5D%0A++++++++C_PC2%5B172.16.0.3%5D%0A++++++++
  C_PC3%5B172.16.0.4%5D%0A++++++++C_Router+%3C--%3E%7C5%7C+C_PC1%0A++++++++C_Router+%3C--%3E%7C8%7C+
  C_PC2%0A++++++++C_PC1+%3C--%3E%7C2%7C+C_PC2%0A++++++++C_PC2+%3C--%3E%7C3%7C+C_PC3%0A++++end%0A++++
  subgraph+192.168.100.0%2F24%0A++++++++D_Router%5B192.168.100.1%5D%0A++++++++D_PC1%5B192.168.100.2%
  5D%0A++++++++D_PC2%5B192.168.100.3%5D%0A++++++++D_PC3%5B192.168.100.4%5D%0A++++++++D_PC4%5B192.168
  .100.5%5D%0A++++++++D_Router+%3C--%3E%7C4%7C+D_PC1%0A++++++++D_Router+%3C--%3E%7C9%7C+D_PC4%0A++++
  ++++D_PC1+%3C--%3E%7C2%7C+D_PC2%0A++++++++D_PC2+%3C--%3E%7C3%7C+D_PC3%0A++++++++D_PC3+%3C--%3E%7C6
  %7C+D_PC4%0A++++end%0A++++A_Router+%3C--%3E+B_Router%0A++++B_Router+%3C--%3E+C_Router%0A++++C_Rout
  er+%3C--%3E+D_Router%0A++++B_Router+%3C--%3E+D_Router%0A%60%60%60%0A%0A%23%23+2+Beispielinteraktio
  nen+pro+Befehl%0A%0A%23%23%23+2.1+Programmstart%0A%0A%60%60%60%0A%3E+java+SubnetRouting+network.tx
  t%0A%60%60%60%0A%0A%23%23%23+2.2+Befehl+%60load+network%60%0A%0A%60%60%60%0A%3E+load+network+.%2Fn
  etwork.txt%0Agraph%0A++++subgraph+192.168.1.0%2F24%0A++++++++A_Router%5B192.168.1.1%5D%0A++++++++A
  _PC1%5B192.168.1.2%5D%0A++++++++A_PC2%5B192.168.1.3%5D%0A++++++++A_PC3%5B192.168.1.4%5D%0A++++++++
  A_PC4%5B192.168.1.5%5D%0A++++++++A_PC5%5B192.168.1.6%5D%0A++++++++A_Router+%3C--%3E%7C7%7C+A_PC1%0
  A++++++++A_Router+%3C--%3E%7C2%7C+A_PC2%0A++++++++A_Router+%3C--%3E%7C10%7C+A_PC4%0A++++++++A_PC1+
  %3C--%3E%7C5%7C+A_PC2%0A++++++++A_PC2+%3C--%3E%7C3%7C+A_PC3%0A++++++++A_PC4+%3C--%3E%7C9%7C+A_PC2%
  0A++++++++A_PC1+%3C--%3E%7C1%7C+A_PC5%0A++++end%0A++++subgraph+10.0.0.0%2F16%0A++++++++B_Router%5B
  10.0.0.1%5D%0A++++++++B_PC1%5B10.0.0.2%5D%0A++++++++B_PC2%5B10.0.0.3%5D%0A++++++++B_Router+%3C--%3
  E%7C6%7C+B_PC1%0A++++++++B_Router+%3C--%3E%7C4%7C+B_PC2%0A++++++++B_PC1+%3C--%3E%7C7%7C+B_PC2%0A++
  ++end%0A++++subgraph+172.16.0.0%2F24%0A++++++++C_Router%5B172.16.0.1%5D%0A++++++++C_PC1%5B172.16.0
  .2%5D%0A++++++++C_PC2%5B172.16.0.3%5D%0A++++++++C_PC3%5B172.16.0.4%5D%0A++++++++C_Router+%3C--%3E%
  7C5%7C+C_PC1%0A++++++++C_Router+%3C--%3E%7C8%7C+C_PC2%0A++++++++C_PC1+%3C--%3E%7C2%7C+C_PC2%0A++++
  ++++C_PC2+%3C--%3E%7C3%7C+C_PC3%0A++++end%0A++++subgraph+192.168.100.0%2F24%0A++++++++D_Router%5B1
  92.168.100.1%5D%0A++++++++D_PC1%5B192.168.100.2%5D%0A++++++++D_PC2%5B192.168.100.3%5D%0A++++++++D_
  PC3%5B192.168.100.4%5D%0A++++++++D_PC4%5B192.168.100.5%5D%0A++++++++D_Router+%3C--%3E%7C4%7C+D_PC1
  %0A++++++++D_Router+%3C--%3E%7C9%7C+D_PC4%0A++++++++D_PC1+%3C--%3E%7C2%7C+D_PC2%0A++++++++D_PC2+%3
  C--%3E%7C3%7C+D_PC3%0A++++++++D_PC3+%3C--%3E%7C6%7C+D_PC4%0A++++end%0A++++A_Router+%3C--%3E+B_Rout
  er%0A++++B_Router+%3C--%3E+C_Router%0A++++C_Router+%3C--%3E+D_Router%0A++++B_Router+%3C--%3E+D_Rou
  ter%0A%60%60%60%0A%0A%23%23%23+2.3+Befehl+%60quit%60%0A%0A%60%60%60%0A%3E+quit%0A%60%60%60%0A%0A%2
  3%23%23+2.4+Befehl+%60list+subnets%60%0A%0A%60%60%60%0A%3E+list+subnets%0A10.0.0.0%2F16+172.16.0.0
  %2F24+192.168.1.0%2F24+192.168.100.0%2F24%0A%60%60%60%0A%0A%23%23%23+2.5+Befehl+%60list+range%60%0
  A%0A%60%60%60%0A%3E+list+range+10.0.0.0%2F16%0A10.0.0.0+10.0.255.255%0A%60%60%60%0A%0A%23%23%23+2.
  6+Befehl+%60list+systems%60%0A%0A%60%60%60%0A%3E+list+systems+10.0.0.0%2F16%0A10.0.0.1+10.0.0.2+10
  .0.0.3%0A%60%60%60%0A%0A%23%23%23+2.7+Befehl+%60add+connection%60%0A%0A%60%60%60%0A%3E+add+connect
  ion+172.16.0.2+172.16.0.4+5%0A%3E+add+connection+192.168.100.1+192.168.1.1%0A%60%60%60%0A%0A%23%23
  %23+2.8+Befehl+%60remove+connection%60%0A%0A%60%60%60%0A%3E+remove+connection+172.16.0.2+172.16.0.
  3%0A%60%60%60%0A%0A%23%23%23+2.9+Befehl+%60add+computer%60%0A%0A%60%60%60%0A%3E+add+computer+192.1
  68.1.0%2F24+192.168.1.37%0A%60%60%60%0A%0A%23%23%23+2.10+Befehl+%60remove+computer%60%0A%0A%60%60%
  60%0A%3E+remove+computer+192.168.1.0%2F24+192.168.1.4%0A%60%60%60%0A%0A%23%23%23+2.11+Befehl+%60se
  nd+packet%60%0A%0A%60%60%60%0A%3E+send+packet+172.16.0.2+10.0.0.3%0A172.16.0.2+172.16.0.1+10.0.0.1
  +10.0.0.3%0A%60%60%60%0A%0A%23%23+3+Vollst%C3%A4ndige+Beispielinteraktion%0A%0A%60%60%60%0A%3Eload
  +network+.%2Finput%2Fexample_graph.txt%0Agraph%0A++++subgraph+192.168.1.0%2F24%0A++++++++A_Router%
  5B192.168.1.1%5D%0A++++++++A_PC1%5B192.168.1.2%5D%0A++++++++A_PC2%5B192.168.1.3%5D%0A++++++++A_PC3
  %5B192.168.1.4%5D%0A++++++++A_PC4%5B192.168.1.5%5D%0A++++++++A_PC5%5B192.168.1.6%5D%0A++++++++A_Ro
  uter+%3C--%3E%7C7%7C+A_PC1%0A++++++++A_Router+%3C--%3E%7C2%7C+A_PC2%0A++++++++A_Router+%3C--%3E%7C
  10%7C+A_PC4%0A++++++++A_PC1+%3C--%3E%7C5%7C+A_PC2%0A++++++++A_PC2+%3C--%3E%7C3%7C+A_PC3%0A++++++++
  A_PC4+%3C--%3E%7C9%7C+A_PC2%0A++++++++A_PC1+%3C--%3E%7C1%7C+A_PC5%0A++++end%0A++++subgraph+10.0.0.
  0%2F16%0A++++++++B_Router%5B10.0.0.1%5D%0A++++++++B_PC1%5B10.0.0.2%5D%0A++++++++B_PC2%5B10.0.0.3%5
  D%0A++++++++B_Router+%3C--%3E%7C6%7C+B_PC1%0A++++++++B_Router+%3C--%3E%7C4%7C+B_PC2%0A++++++++B_PC
  1+%3C--%3E%7C7%7C+B_PC2%0A++++end%0A++++subgraph+172.16.0.0%2F24%0A++++++++C_Router%5B172.16.0.1%5
  D%0A++++++++C_PC1%5B172.16.0.2%5D%0A++++++++C_PC2%5B172.16.0.3%5D%0A++++++++C_PC3%5B172.16.0.4%5D%
  0A++++++++C_Router+%3C--%3E%7C5%7C+C_PC1%0A++++++++C_Router+%3C--%3E%7C8%7C+C_PC2%0A++++++++C_PC1+
  %3C--%3E%7C2%7C+C_PC2%0A++++++++C_PC2+%3C--%3E%7C3%7C+C_PC3%0A++++end%0A++++subgraph+192.168.100.0
  %2F24%0A++++++++D_Router%5B192.168.100.1%5D%0A++++++++D_PC1%5B192.168.100.2%5D%0A++++++++D_PC2%5B1
  92.168.100.3%5D%0A++++++++D_PC3%5B192.168.100.4%5D%0A++++++++D_PC4%5B192.168.100.5%5D%0A++++++++D_
  Router+%3C--%3E%7C4%7C+D_PC1%0A++++++++D_Router+%3C--%3E%7C9%7C+D_PC4%0A++++++++D_PC1+%3C--%3E%7C2
  %7C+D_PC2%0A++++++++D_PC2+%3C--%3E%7C3%7C+D_PC3%0A++++++++D_PC3+%3C--%3E%7C6%7C+D_PC4%0A++++end%0A
  ++++A_Router+%3C--%3E+B_Router%0A++++B_Router+%3C--%3E+C_Router%0A++++C_Router+%3C--%3E+D_Router%0
  A++++B_Router+%3C--%3E+D_Router%0A%3Elist+subnets%0A10.0.0.0%2F16+172.16.0.0%2F24+192.168.1.0%2F24
  +192.168.100.0%2F24%0A%3Elist+range+10.0.0.0%2F16%0A10.0.0.0+10.0.255.255%0A%3Elist+systems+172.16
  .0.0%2F24%0A172.16.0.1+172.16.0.2+172.16.0.3+172.16.0.4%0A%3Esend+packet+172.16.0.4+172.16.0.1%0A1
  72.16.0.4+172.16.0.3+172.16.0.2+172.16.0.1%0A%3Esend+packet+192.168.100.2+192.168.1.5%0A192.168.10
  0.2+192.168.100.1+10.0.0.1+192.168.1.1+192.168.1.5%0A%3Eadd+computer+192.168.100.0%2F24+192.168.10
  0.10%0A%3Eadd+connection+192.168.100.10+192.168.100.5+1%0A%3Elist+systems+192.168.100.0%2F24%0A192
  .168.100.1+192.168.100.2+192.168.100.3+192.168.100.4+192.168.100.5+192.168.100.10%0A%3Esend+packet
  +192.168.100.10+192.168.100.2%0A192.168.100.10+192.168.100.5+192.168.100.4+192.168.100.3+192.168.1
  00.2%0A%3Eremove+connection+192.168.100.1+10.0.0.1%0A%3Esend+packet+192.168.100.10+10.0.0.3%0A192.
  168.100.10+192.168.100.5+192.168.100.1+172.16.0.1+10.0.0.1+10.0.0.3%0A%3Equit%0A%60%60%60&project=
  ProgrammingST24-Final2&role=requirements&task=Understand+the+st24final02+and+create+its+backlog+wh
  en+prompted.&timestamp=2026-07-27T16%3A51%3A35.018Z&domain=st24final02

● Injected adaptive memory context into system prompt

● <adaptive_rules>
  - All subnets must have disjoint address ranges.
  - Every system must belong to the address range of a subnet.
  - There must be exactly one router per subnet.
  - Adhere to all Checkstyle rules; some marked rules are mandatory and cause zero points if
  violated.
  - Adhere to the prescribed whitespace rules.
  - After start the program must read commands from standard input, execute them on current state,
  and wait for further inputs (i.e., keep running interactively).
  - Choose appropriate visibility modifiers for classes, methods, and attributes.
  - Choose meaningful identifier names for all identifiers.
  - Comments should be consistently written either in English or German.
  - Do not add personal data other than your u-Kürzel to submissions.
  - Do not call System.exit(), Runtime.exit(), or similar methods.
  - Do not place classes in the default (unnamed) package.
  - Enforce a maximum line width of 140 characters in source files.
  - Follow the Javadoc documentation rules specified by the assignment.
  - Follow the rules for variable, method, and package naming.
  - In the Javadoc @author tag include only your u-Kürzel.
  - Interactive user interface outputs must match the specification exactly (including case, spaces,
   and newlines); do not print additional information.
  - Mandatory tests must be passed before other tests are evaluated; violation causes automatic zero
   points for the submission.
  - Other Checkstyle rule violations may lead to point deductions (but not automatic zero).
  - Program code must compile without errors.
  - Program source code must be written in English.
  - Submissions are evaluated on both object-oriented modelling and functionality; follow the
  modelling guidance in the ILIAS wiki.
  - Submit only the required *.java files for task A as individual work with the corresponding
  folder structure.
  - The online submission system checks source files with Checkstyle automatically during
  submission.
  - Unless explicitly allowed, do not use other Java library elements; allowed exceptions are
  java.util.Scanner and elements from the listed packages.
  - Use exclusively Java SE 17 for implementation.
  - Use System.in for input and System.out for output unless otherwise specified; System.err may be
  used for error messages; never reassign standard streams.
  - After printing an error message the program must continue and wait for the next input.
  - Commands must not violate given semantic and syntactic specifications; on violation an
  informative error must be shown.
  - If user input does not match the required format, the program must output an error message.
  - All edges within a subnet must be weighted.
  - An error message must not contain special characters such as newlines or umlauts.
  - Error messages may be freely chosen in English but must be meaningful (explain why input was
  rejected).
  - Error messages should indicate why the input was rejected (be explanatory).
  - Every error message must begin with the literal prefix 'Error,'.
  </adaptive_rules>

  <memories>
    - The assignment 'Abschlussaufgabe 2 — Routing in Subnetzen' is part of the course
  'Programmieren'.
    - 'Abschlussaufgabe 2 — Routing in Subnetzen' is worth 20 points.
    - Document task.md is titled "Abschlussaufgabe 2 — Routing in Subnetzen"
    - 'Abschlussaufgabe 2 — Routing in Subnetzen' lists Prof. Dr.-Ing. Anne Koziolek as the
  instructor.
    - The file task.md is the document for the assignment 'Abschlussaufgabe 2 — Routing in
  Subnetzen'.
    - 'Abschlussaufgabe 2 — Routing in Subnetzen' is scheduled in semester 'Sommersemester 2024'.
    - ProgrammingST24-Final2 mandates no default packages, correct visibilities, meaningful
  identifiers, and Javadoc with u-Kürzel
    - ProgrammingST24-Final2 uses System.in and System.out for input/output
    - ProgrammingST24-Final2 requires submission as only .java files with correct folder structure
    - ProgrammingST24-Final2 requires an interactive command-line loop for user interaction
    - ProgrammingST24-Final2 enforces strict Checkstyle; some rules are mandatory and cause 0 points
   if violated
    - ProgrammingST24-Final2 requires error messages to begin with "Error," and the program must
  continue running after errors
    - Document task.md relates to the course "Programmieren"
    - ProgrammingST24-Final2 uses Java SE 17
  </memories>
  <knowledge>
    - The `load network` command prints the file content verbatim for testing purposes.
    - The `load network` command loads a specified file, parses its content, and validates the
  contained network.
    - Networks are defined using the Mermaid syntax.
    - `list systems <subnet>` outputs IP addresses of all systems in the subnet sorted ascending in
  the format '<ip> ... <ip>'.
    - `list range <subnet>` outputs the first and last IP address of the subnet in the format '<ip>
  <ip>'.
    - In examples, input lines are introduced with a closing angle bracket '>' followed by a space;
  these characters are not part of the actual input.
    - `list subnets` outputs all subnets sorted ascending by network address in the format '<subnet>
   ... <subnet>'.
    - On successful execution `add connection` produces no output (except possibly an error message
  on failure).
    - On successful execution `add computer` produces no output (except possibly an error message on
   failure).
    - On successful execution `remove connection` produces no output (except possibly an error
  message on failure).
    - On successful execution `remove computer` produces no output (except possibly an error message
   on failure).
  </knowledge>
  <entity_paths>
    - ProgrammingST24-Final2 CONSTRAINT Checkstyle strictness and mandatory rules:
  ProgrammingST24-Final2 enforces strict Checkstyle; some rules are mandatory and cause 0 points if
  violated
    - ProgrammingST24-Final2 CONSTRAINT Error message format and behavior: ProgrammingST24-Final2
  requires error messages to begin with "Error," and the program must continue running after errors
    - ProgrammingST24-Final2 CONSTRAINT Submission file and folder constraint:
  ProgrammingST24-Final2 requires submission as only .java files with correct folder structure
    - ProgrammingST24-Final2 CONSTRAINT Interactive command-line loop: ProgrammingST24-Final2
  requires an interactive command-line loop for user interaction
    - ProgrammingST24-Final2 CONSTRAINT Project structure and style constraints:
  ProgrammingST24-Final2 mandates no default packages, correct visibilities, meaningful identifiers,
   and Javadoc with u-Kürzel
    - ProgrammingST24-Final2 USES Java SE 17: ProgrammingST24-Final2 uses Java SE 17
    - ProgrammingST24-Final2 USES System.in / System.out: ProgrammingST24-Final2 uses System.in and
  System.out for input/output
    - Abschlussaufgabe 2 — Routing in Subnetzen RELATES_TO Prof. Dr.-Ing. Anne Koziolek:
  'Abschlussaufgabe 2 — Routing in Subnetzen' lists Prof. Dr.-Ing. Anne Koziolek as the instructor.
    - Abschlussaufgabe 2 — Routing in Subnetzen RELATES_TO 20 Punkte: 'Abschlussaufgabe 2 — Routing
  in Subnetzen' is worth 20 points.
    - Abschlussaufgabe 2 — Routing in Subnetzen RELATES_TO Programmieren: The assignment
  'Abschlussaufgabe 2 — Routing in Subnetzen' is part of the course 'Programmieren'.
    - Abschlussaufgabe 2 — Routing in Subnetzen RELATES_TO Institute of Information Security and
  Dependability (KASTEL): The assignment is associated with the Institute of Information Security
  and Dependability (KASTEL).
    - Abschlussaufgabe 2 — Routing in Subnetzen RELATES_TO Sommersemester 2024: 'Abschlussaufgabe 2
  — Routing in Subnetzen' is scheduled in semester 'Sommersemester 2024'.
    - task.md RELATES_TO Abschlussaufgabe 2 — Routing in Subnetzen: Document task.md is titled
  "Abschlussaufgabe 2 — Routing in Subnetzen"; The file task.md is the document for the assignment
  'Abschlussaufgabe 2 — Routing in Subnetzen'.
    - task.md RELATES_TO Prof. Dr.-Ing. Anne Koziolek: Document task.md lists Prof. Dr.-Ing. Anne
  Koziolek as the Dozent
    - task.md RELATES_TO 20 Punkte: Document task.md specifies the assignment is worth 20 Punkte;
  The document specifies the assignment is worth 20 Punkte.
    - task.md RELATES_TO Version 1.0: Document task.md has version 1.0; The document version is 1.0.
    - task.md RELATES_TO Programmieren: Document task.md relates to the course "Programmieren"
    - task.md RELATES_TO Institute of Information Security and Dependability (KASTEL): Document
  task.md is associated with the Institute of Information Security and Dependability (KASTEL)
    - task.md RELATES_TO Sommersemester 2024: Document task.md is for Sommersemester 2024; The
  document lists the semester as Sommersemester 2024.
    - Abschlussaufgabe 2 — Routing in Subnetzen RELATES_TO Programmieren: The assignment
  'Abschlussaufgabe 2 — Routing in Subnetzen' is part of the course 'Programmieren'.
    - Programmieren RELATES_TO Prof. Dr.-Ing. Anne Koziolek: The course 'Programmieren' is taught by
   Prof. Dr.-Ing. Anne Koziolek.
  </entity_paths>
  <entity_matches>
    - ProgrammingST24-Final2 (score: 1.00) — Repository/project for the st24final02 domain
    - Abschlussaufgabe 2 — Routing in Subnetzen (score: 0.80) — Title of the assignment in task.md.
    - task.md (score: 0.67) — Assignment document file supplied as 'task.md'.
    - Checkstyle strictness and mandatory rules (score: 0.67) — Strict Checkstyle required; some
  rules are mandatory (0 points on violation)
    - Prof. Dr.-Ing. Anne Koziolek (score: 0.66) — Named lecturer for the course.
  </entity_matches>
  <insights>
    - Agent community around ProgrammingST24-Final2, Checkstyle strictness and mandatory rules,
  Error message format and behavior connects Java SE 17, System.in / System.out, Project structure
  and style constraints. Relevant agent facts: ProgrammingST24-Final2 enforces strict Checkstyle;
  some rules are mandatory and cause 0 points if violated; ProgrammingST24-Final2 requires error
  messages to begin with "Error," and the program must continue running after errors;
  ProgrammingST24-Final2 requires submission as only .java files with correct folder structure
    - Agent community around Abschlussaufgabe 2 — Routing in Subnetzen, task.md, Prof. Dr.-Ing. Anne
   Koziolek connects Version 1.0, Institute of Information Security and Dependability (KASTEL),
  Sommersemester 2024. Relevant agent facts: Document task.md is titled "Abschlussaufgabe 2 —
  Routing in Subnetzen"; Document task.md lists Prof. Dr.-Ing. Anne Koziolek as the Dozent; Document
   task.md specifies the assignment is worth 20 Punkte
  </insights>

● adaptive-memory extension active (role=requirements, memorySession=20260727-184710-req) - type
  /memory-help. MCP tools registered (memory=true, backlog=true).







Changes    +0 -0
Duration   2m 43s
Tokens     ↑ 33.4k (1.3k cached) • ↓ 1.8k (1.2k reasoning)
[delivery:requirements] Turn 8/9 complete
[delivery:requirements] Turn 9/9: Finalize backlog creation
● [adaptive-context] GET http://localhost:4444/api/agents/7af7809a-adce-4fa9-9609-fd61059de0ff/sessi
  ons/20260727-184710-req/context?input=%2Ffinalize&project=ProgrammingST24-Final2&role=requirements
  &task=Understand+the+st24final02+and+create+its+backlog+when+prompted.&timestamp=2026-07-27T16%3A5
  2%3A10.305Z&domain=st24final02

● Injected adaptive memory context into system prompt

● <adaptive_rules>
  - Adhere to all Checkstyle rules; some marked rules are mandatory and cause zero points if
  violated.
  - Adhere to the prescribed whitespace rules.
  - After start the program must read commands from standard input, execute them on current state,
  and wait for further inputs (i.e., keep running interactively).
  - Choose appropriate visibility modifiers for classes, methods, and attributes.
  - Choose meaningful identifier names for all identifiers.
  - Comments should be consistently written either in English or German.
  - Do not add personal data other than your u-Kürzel to submissions.
  - Do not call System.exit(), Runtime.exit(), or similar methods.
  - Do not place classes in the default (unnamed) package.
  - Enforce a maximum line width of 140 characters in source files.
  - Follow the Javadoc documentation rules specified by the assignment.
  - Follow the rules for variable, method, and package naming.
  - In the Javadoc @author tag include only your u-Kürzel.
  - Interactive user interface outputs must match the specification exactly (including case, spaces,
   and newlines); do not print additional information.
  - Mandatory tests must be passed before other tests are evaluated; violation causes automatic zero
   points for the submission.
  - Other Checkstyle rule violations may lead to point deductions (but not automatic zero).
  - Program code must compile without errors.
  - Program source code must be written in English.
  - Submissions are evaluated on both object-oriented modelling and functionality; follow the
  modelling guidance in the ILIAS wiki.
  - Submit only the required *.java files for task A as individual work with the corresponding
  folder structure.
  - The online submission system checks source files with Checkstyle automatically during
  submission.
  - Unless explicitly allowed, do not use other Java library elements; allowed exceptions are
  java.util.Scanner and elements from the listed packages.
  - Use exclusively Java SE 17 for implementation.
  - Use System.in for input and System.out for output unless otherwise specified; System.err may be
  used for error messages; never reassign standard streams.
  - An error message must not contain special characters such as newlines or umlauts.
  - Error messages may be freely chosen in English but must be meaningful (explain why input was
  rejected).
  - Error messages should indicate why the input was rejected (be explanatory).
  - Every error message must begin with the literal prefix 'Error,'.
  - After printing an error message the program must continue and wait for the next input.
  - Commands must not violate given semantic and syntactic specifications; on violation an
  informative error must be shown.
  - If user input does not match the required format, the program must output an error message.
  </adaptive_rules>

  <memories>
    - ProgrammingST24-Final2 requires an interactive command-line loop for user interaction
    - ProgrammingST24-Final2 requires no default packages, correct visibilities, meaningful
  identifiers, Javadoc with u-Kürzel, and submission as only .java files with correct folder
  structure
    - ProgrammingST24-Final2 requires submission as only .java files with correct folder structure
    - ProgrammingST24-Final2 uses System.in and System.out for input/output
    - ProgrammingST24-Final2 requires runtime error messages to begin with "Error," and program must
   continue
  </memories>
  <entity_paths>
    - ProgrammingST24-Final2 CONSTRAINT Checkstyle strictness and mandatory rules:
  ProgrammingST24-Final2 enforces strict Checkstyle; some rules are mandatory and cause 0 points if
  violated
    - ProgrammingST24-Final2 CONSTRAINT Error message format and behavior: ProgrammingST24-Final2
  requires error messages to begin with "Error," and the program must continue running after errors
    - ProgrammingST24-Final2 CONSTRAINT Submission file and folder constraint:
  ProgrammingST24-Final2 requires submission as only .java files with correct folder structure
    - ProgrammingST24-Final2 CONSTRAINT Interactive command-line loop: ProgrammingST24-Final2
  requires an interactive command-line loop for user interaction
    - ProgrammingST24-Final2 CONSTRAINT Project structure and style constraints:
  ProgrammingST24-Final2 mandates no default packages, correct visibilities, meaningful identifiers,
   and Javadoc with u-Kürzel
    - ProgrammingST24-Final2 CONSTRAINT Error message format requirement: ProgrammingST24-Final2
  requires runtime error messages to begin with "Error," and program must continue
    - ProgrammingST24-Final2 CONSTRAINT Strict Checkstyle with mandatory rules:
  ProgrammingST24-Final2 enforces strict Checkstyle with some rules marked mandatory (0 points if
  violated)
    - ProgrammingST24-Final2 CONSTRAINT Code structure and submission rules: ProgrammingST24-Final2
  requires no default packages, correct visibilities, meaningful identifiers, Javadoc with u-Kürzel,
   and submission as only .java files with correct folder structure
    - ProgrammingST24-Final2 USES Java SE 17: ProgrammingST24-Final2 uses Java SE 17
    - ProgrammingST24-Final2 USES System.in / System.out: ProgrammingST24-Final2 uses System.in and
  System.out for input/output
    - ProgrammingST24-Final2 USES System.in/System.out interactive command-line loop:
  ProgrammingST24-Final2 uses System.in/System.out interactive command-line loop for I/O
    - task.md CONSTRAINT Arbitrary-number-and-size-Subnet Constraint: The system must manage
  arbitrarily many subnets of arbitrary size.
    - task.md RELATES_TO Abschlussaufgabe 2 — Routing in Subnetzen: Document task.md is titled
  "Abschlussaufgabe 2 — Routing in Subnetzen"; The file task.md is the document for the assignment
  'Abschlussaufgabe 2 — Routing in Subnetzen'.
    - task.md RELATES_TO Prof. Dr.-Ing. Anne Koziolek: Document task.md lists Prof. Dr.-Ing. Anne
  Koziolek as the Dozent
    - task.md RELATES_TO 20 Punkte: Document task.md specifies the assignment is worth 20 Punkte;
  The document specifies the assignment is worth 20 Punkte.
    - task.md RELATES_TO Version 1.0: Document task.md has version 1.0; The document version is 1.0.
    - task.md RELATES_TO Programmieren: Document task.md relates to the course "Programmieren"
    - task.md RELATES_TO Institute of Information Security and Dependability (KASTEL): Document
  task.md is associated with the Institute of Information Security and Dependability (KASTEL)
    - task.md RELATES_TO Sommersemester 2024: Document task.md is for Sommersemester 2024; The
  document lists the semester as Sommersemester 2024.
    - task.md RELATES_TO Routing in and between Subnets: Document task.md describes a system for
  routing in and between subnets.
  </entity_paths>
  <entity_matches>
    - ProgrammingST24-Final2 (score: 1.00) — Course repository and codebase for the ST24 final
  project
    - task.md (score: 0.67) — Assignment specification for the Programming course (version 1.0).
    - Checkstyle strictness and mandatory rules (score: 0.67) — Strict Checkstyle required; some
  rules are mandatory (0 points on violation)
    - Prof. Dr.-Ing. Anne Koziolek (score: 0.66) — Named lecturer for the course.
    - Sommersemester 2024 (score: 0.66) — Academic term when the assignment is given.
  </entity_matches>
  <insights>
    - Agent community around ProgrammingST24-Final2, Checkstyle strictness and mandatory rules,
  Error message format and behavior connects Java SE 17, System.in / System.out, Project structure
  and style constraints. Relevant agent facts: ProgrammingST24-Final2 enforces strict Checkstyle;
  some rules are mandatory and cause 0 points if violated; ProgrammingST24-Final2 requires error
  messages to begin with "Error," and the program must continue running after errors;
  ProgrammingST24-Final2 requires submission as only .java files with correct folder structure
    - Agent community around task.md, Prof. Dr.-Ing. Anne Koziolek, Sommersemester 2024 connects
  Version 1.0, Programmieren, Institute of Information Security and Dependability (KASTEL). Relevant
   agent facts: Document task.md is titled "Abschlussaufgabe 2 — Routing in Subnetzen"; Document
  task.md lists Prof. Dr.-Ing. Anne Koziolek as the Dozent; Document task.md specifies the
  assignment is worth 20 Punkte
  </insights>

● adaptive-memory extension active (role=requirements, memorySession=20260727-184710-req) - type
  /memory-help. MCP tools registered (memory=true, backlog=true).



● Create Backlog (MCP: agentic-memory) · ST24 Final Assignment 2 — A command-line system for routin…
  └ Backlog "Routing in Subnetzen" created with id: 3116402f-553a-40b7-b223-fac66...



● Create Tasks (MCP: agentic-memory) · backlogId: "3116402f-553a-40b7-b223-fac664f180c5", tasks: [2…
  └ Created 21 task(s) in backlog 3116402f-553a-40b7-b223-fac664f180c5.



● Get Tasks (MCP: agentic-memory) · backlogId: "3116402f-553a-40b7-b223-fac664f180c5"
  └ Output too large to read at once (26.1 KB). Saved to: /var/folders/fs/p8fxyq6...







Changes    +0 -0
Duration   4m 14s
Tokens     ↑ 156.9k (116.2k cached) • ↓ 5.7k (2.2k reasoning)
[delivery:requirements] Turn 9/9 complete
[delivery:requirements] Exercise requirements stream complete — advancing to backlog discovery
[delivery] Phase B: Backlog discovery
[delivery] Using backlog: "Routing in Subnetzen" (3116402f-553a-40b7-b223-fac664f180c5)
[delivery] Backlog: "Routing in Subnetzen" (3116402f-553a-40b7-b223-fac664f180c5)

[delivery] Phase C: Coding

● [adaptive-context] GET http://localhost:4444/api/agents/7af7809a-adce-4fa9-9609-fd61059de0ff/sessi
  ons/20260727-184710-coding/context?input=Implement+%22Routing+in+Subnetzen%22+backlog%3A+Project+s
  caffolding%3A+package+structure%2C+main+class+skeleton%2C+and+input+loop%3B+IPv4+address+model+wit
  h+CIDR+support%3B+Subnet+model%3A+CIDR%2C+range+calculation%2C+and+system+management%3B+System+mod
  el%3A+Computer+and+Router+classes%3B+Connection+model+and+Network+graph+model%3B+Mermaid+graph+par
  ser+for+network+topology%3B+Network+validation+logic%3B+Dijkstra+algorithm+for+intra-subnet+shorte
  st+path%3B+Simplified+BGP+distance-vector+routing+for+inter-subnet+paths%3B+load+network+command%3
  B+quit+command%3B+list+subnets+command%3B+list+range+command%3B+list+systems+command%3B+add+comput
  er+command%3B+remove+computer+command%3B+add+connection+command%3B+remove+connection+command%3B+se
  nd+packet+command+with+intra-subnet+and+inter-subnet+routing%3B+CLI+argument+handling+for+initial+
  network+load%3B+Error+handling%2C+input+validation%2C+and+edge+cases+across+all+commands&project=P
  rogrammingST24-Final2&role=coding&task=Implement+backlog+%22Routing+in+Subnetzen%22+in+the+selecte
  d+exercise+repository.&timestamp=2026-07-27T16%3A53%3A40.647Z&domain=st24final02

● Injected adaptive memory context into system prompt

● <adaptive_rules>
  - All edges within a subnet must be weighted.
  - All subnets must have disjoint address ranges.
  - Every system must belong to the address range of a subnet.
  - There must be exactly one router per subnet.
  - After printing an error message the program must continue and wait for the next input.
  - Commands must not violate given semantic and syntactic specifications; on violation an
  informative error must be shown.
  - If user input does not match the required format, the program must output an error message.
  - An error message must not contain special characters such as newlines or umlauts.
  - Error messages may be freely chosen in English but must be meaningful (explain why input was
  rejected).
  - Error messages should indicate why the input was rejected (be explanatory).
  - Every error message must begin with the literal prefix 'Error,'.
  - Adhere to all Checkstyle rules; some marked rules are mandatory and cause zero points if
  violated.
  - Adhere to the prescribed whitespace rules.
  - After start the program must read commands from standard input, execute them on current state,
  and wait for further inputs (i.e., keep running interactively).
  - Choose appropriate visibility modifiers for classes, methods, and attributes.
  - Choose meaningful identifier names for all identifiers.
  - Comments should be consistently written either in English or German.
  - Do not add personal data other than your u-Kürzel to submissions.
  - Do not call System.exit(), Runtime.exit(), or similar methods.
  - Do not place classes in the default (unnamed) package.
  - Enforce a maximum line width of 140 characters in source files.
  - Follow the Javadoc documentation rules specified by the assignment.
  - Follow the rules for variable, method, and package naming.
  - In the Javadoc @author tag include only your u-Kürzel.
  - Interactive user interface outputs must match the specification exactly (including case, spaces,
   and newlines); do not print additional information.
  - Mandatory tests must be passed before other tests are evaluated; violation causes automatic zero
   points for the submission.
  - Other Checkstyle rule violations may lead to point deductions (but not automatic zero).
  - Program code must compile without errors.
  - Program source code must be written in English.
  - Submissions are evaluated on both object-oriented modelling and functionality; follow the
  modelling guidance in the ILIAS wiki.
  - Submit only the required *.java files for task A as individual work with the corresponding
  folder structure.
  - The online submission system checks source files with Checkstyle automatically during
  submission.
  - Unless explicitly allowed, do not use other Java library elements; allowed exceptions are
  java.util.Scanner and elements from the listed packages.
  - Use exclusively Java SE 17 for implementation.
  - Use System.in for input and System.out for output unless otherwise specified; System.err may be
  used for error messages; never reassign standard streams.
  </adaptive_rules>

  <memories>
    - The assignment 'Abschlussaufgabe 2 — Routing in Subnetzen' is part of the course
  'Programmieren'.
    - Document task.md is titled "Abschlussaufgabe 2 — Routing in Subnetzen"
    - 'Abschlussaufgabe 2 — Routing in Subnetzen' is worth 20 points.
    - ProgrammingST24-Final2 uses a simplified BGP-like inter-subnet routing: routers initialize
  tables with their own subnet, exchange tables with direct neighbors, prepend themselves as first
  hop, prefer fewest hops, tie-break by smallest first-hop IP
    - ProgrammingST24-Final2 uses the Dijkstra algorithm to compute shortest paths inside a subnet
  (sum of weights)
    - 'Abschlussaufgabe 2 — Routing in Subnetzen' is scheduled in semester 'Sommersemester 2024'.
    - ProgrammingST24-Final2 requires subnets to be identified by IPv4 CIDR notation; subnet address
   ranges must not overlap and /32 subnets are forbidden
    - 'Abschlussaufgabe 2 — Routing in Subnetzen' lists Prof. Dr.-Ing. Anne Koziolek as the
  instructor.
    - ProgrammingST24-Final2 parses network topology using Mermaid syntax.
  </memories>
  <knowledge>
    - Networks are defined using the Mermaid syntax.
  </knowledge>
  <entity_paths>
    - ProgrammingST24-Final2 CONSTRAINT Checkstyle strictness and mandatory rules:
  ProgrammingST24-Final2 enforces strict Checkstyle; some rules are mandatory and cause 0 points if
  violated
    - ProgrammingST24-Final2 CONSTRAINT Error message format and behavior: ProgrammingST24-Final2
  requires error messages to begin with "Error," and the program must continue running after errors
    - ProgrammingST24-Final2 CONSTRAINT Submission file and folder constraint:
  ProgrammingST24-Final2 requires submission as only .java files with correct folder structure
    - ProgrammingST24-Final2 CONSTRAINT Interactive command-line loop: ProgrammingST24-Final2
  requires an interactive command-line loop for user interaction
    - ProgrammingST24-Final2 CONSTRAINT Project structure and style constraints:
  ProgrammingST24-Final2 mandates no default packages, correct visibilities, meaningful identifiers,
   and Javadoc with u-Kürzel
    - ProgrammingST24-Final2 CONSTRAINT Source-routing and packet forwarding procedure:
  Source-routing is required within subnets; for inter-subnet packets the sender routes to its
  router (intra), routers forward between each other using routing tables (inter), and destination
  router delivers to recipient (intra)
    - ProgrammingST24-Final2 CONSTRAINT Error message format requirement: ProgrammingST24-Final2
  requires error messages to begin with "Error," and the program must continue running after errors
    - ProgrammingST24-Final2 CONSTRAINT Strict Checkstyle with mandatory rules:
  ProgrammingST24-Final2 enforces strict Checkstyle; some rules are mandatory and cause 0 points if
  violated
    - ProgrammingST24-Final2 CONSTRAINT Code structure and submission rules: ProgrammingST24-Final2
  requires no default packages, correct visibilities, meaningful identifiers, Javadoc with u-Kürzel,
   and submission as only .java files with correct folder structure
    - ProgrammingST24-Final2 CONSTRAINT Error message format: ProgrammingST24-Final2 CONSTRAINT:
  every error message must begin with `Error,`, contain no special characters (no newlines or
  umlauts), and may be in English; program continues after errors.
    - ProgrammingST24-Final2 CONSTRAINT Exact output matching: ProgrammingST24-Final2 CONSTRAINT:
  outputs must exactly match the specification including case, spaces, and newlines.
    - ProgrammingST24-Final2 CONSTRAINT quit: ProgrammingST24-Final2 CONSTRAINT: the program
  terminates when the exact string `quit` is entered.
    - ProgrammingST24-Final2 CONSTRAINT Subnet CIDR identification and constraints:
  ProgrammingST24-Final2 requires subnets to be identified by IPv4 CIDR notation; subnet address
  ranges must not overlap and /32 subnets are forbidden
    - ProgrammingST24-Final2 CONSTRAINT Connection directionality and weighting: All connections are
   bidirectional; intra-subnet connections are weighted, inter-subnet (router↔router) connections
  are unweighted
    - ProgrammingST24-Final2 CONSTRAINT Recalculate routing on topology change: The system
  recalculates routing when topology changes occur (add connection, remove connection, load
  network).
    - ProgrammingST24-Final2 CONSTRAINT list systems after add computer: After `add computer`, the
  `list systems` command displays the newly added computer 192.168.100.10 at the end of the
  ascending-sorted list.
    - ProgrammingST24-Final2 CONSTRAINT Interactive command loop: ProgrammingST24-Final2 CONSTRAINT:
   process each command on the current program state and then wait for further input.
    - ProgrammingST24-Final2 RELATES_TO Subnet composition: computers and one router: Each subnet
  consists of any number of computers and exactly one router
    - ProgrammingST24-Final2 RELATES_TO Router addressing and inter-subnet connectivity rules:
  Routers receive the first IP address of their subnet; only routers connect to routers in other
  subnets, while computers have only intra-subnet connections
    - ProgrammingST24-Final2 USES Java SE 17: ProgrammingST24-Final2 uses Java SE 17
  </entity_paths>
  <entity_matches>
    - ProgrammingST24-Final2 (score: 1.00) — Course assignment repository and interactive program
    - Routing System (Routing in Subnetzen) (score: 0.83) — System for routing within and between
  subnets enabling packet exchange.
    - Abschlussaufgabe 2 — Routing in Subnetzen (score: 0.83) — Title of the assignment in task.md.
    - SubnetRouting (score: 0.80) — Main program class in ProgrammingST24-Final2 that starts the
  application.
    - Routing in and between Subnets (score: 0.80) — A system that performs routing inside and
  across multiple subnets.
  </entity_matches>
  <insights>
    - Agent community around ProgrammingST24-Final2, Checkstyle strictness and mandatory rules,
  Error message format and behavior connects Java SE 17, System.in / System.out, Project structure
  and style constraints. Relevant agent facts: ProgrammingST24-Final2 enforces strict Checkstyle;
  some rules are mandatory and cause 0 points if violated; ProgrammingST24-Final2 requires error
  messages to begin with "Error," and the program must continue running after errors;
  ProgrammingST24-Final2 requires submission as only .java files with correct folder structure
    - Agent community around Routing System (Routing in Subnetzen), task.md (Segment 2/7),
  Topology-based shortest-path search. Relevant agent facts: Routing System uses a topology-based
  shortest-path search to find the shortest path between arbitrary systems.; task.md (Segment 2/7)
  defines a routing system for and between subnets that manages arbitrarily many subnets and enables
   packet exchange.
    - Agent community around Abschlussaufgabe 2 — Routing in Subnetzen, 20 Punkte, Institute of
  Information Security and Dependability (KASTEL). Relevant agent facts: Document task.md is titled
  "Abschlussaufgabe 2 — Routing in Subnetzen"; The assignment 'Abschlussaufgabe 2 — Routing in
  Subnetzen' is part of the course 'Programmieren'.; 'Abschlussaufgabe 2 — Routing in Subnetzen' is
  worth 20 points.
    - Agent community around SubnetRouting, java SubnetRouting network.txt. Relevant agent facts:
  Main class SubnetRouting accepts a network file path as a CLI argument (example: java
  SubnetRouting network.txt).
    - Agent community around Routing in and between Subnets, task.md,
  Arbitrary-number-and-size-Subnet Constraint connects Packet exchange. Relevant agent facts:
  Document task.md is titled "Abschlussaufgabe 2 — Routing in Subnetzen"; Document task.md lists
  Prof. Dr.-Ing. Anne Koziolek as the Dozent; Document task.md specifies the assignment is worth 20
  Punkte
  </insights>

● adaptive-memory extension active (role=coding, memorySession=20260727-184710-coding) - type
  /memory-help. MCP tools registered (memory=true, backlog=true).

✗ Get Scratchpad (MCP: agentic-memory) · sessionId: "bd76a894-aa4a-4a5a-b855-f14f63ada59e"
  └ MCP server 'agentic-memory': Forbidden.

● Claim Next Task (MCP: agentic-memory) · backlogId: "3116402f-553a-40b7-b223-fac664f180c5"
  └ Claimed task "Project scaffolding: package structure, main class skeleton, an...

● [turn-persistence] [turn-persistence] turn_end SKIPPED ai: no assistant message with content



● List directory .
  └ 16 files found

● List directory src
  └ 1 file found

● Read pom.xml
  └ 32 lines read

● Read task.md
  └ 366 lines read

● [turn-persistence] [turn-persistence] turn_end SKIPPED ai: no assistant message with content



● Create package directory structure (shell)
  │ mkdir -p
  │ /Users/nghalinh2711/Development/student-repos/st24final02/src/edu/kit/kastel/subnetrouting
  └ 1 line…

● Create SubnetRouting.java +142
  └ src/edu/kit/kastel/subnetrouting/SubnetRouting.java

● [turn-persistence] [turn-persistence] turn_end SKIPPED ai: no assistant message with content



● Read checkstyle.xml
  └ L1:30 (30 lines read)

● Compile the project with Maven (shell)
  │ cd /Users/nghalinh2711/Development/student-repos/st24final02 && mvn compile 2>&1
  └ 23 lines…



● Run Checkstyle on the project (shell)
  │ cd /Users/nghalinh2711/Development/student-repos/st24final02 && mvn checkstyle:check 2>&1 | head
  │ -50
  └ 35 lines…



● Read pom.xml
  └ 32 lines read

● Read checkstyle.xml
  └ 353 lines read

● [turn-persistence] [turn-persistence] turn_end SKIPPED ai: no assistant message with content



● Edit pom.xml +9

● Run Checkstyle with project config (shell)
  │ cd /Users/nghalinh2711/Development/student-repos/st24final02 && mvn checkstyle:check 2>&1
  └ 22 lines…

● [turn-persistence] [turn-persistence] turn_end SKIPPED ai: no assistant message with content



● Edit pom.xml +1 -1

● Run Checkstyle with 3.3.1 plugin (shell)
  │ cd /Users/nghalinh2711/Development/student-repos/st24final02 && mvn checkstyle:check 2>&1
  └ 22 lines…

● [turn-persistence] [turn-persistence] turn_end SKIPPED ai: no assistant message with content

● Edit pom.xml +1 -1

● [turn-persistence] [turn-persistence] turn_end SKIPPED ai: no assistant message with content

● Run Checkstyle with 3.1.2 plugin (shell)
  │ cd /Users/nghalinh2711/Development/student-repos/st24final02 && mvn checkstyle:check 2>&1
  └ 24 lines…

● [turn-persistence] [turn-persistence] turn_end SKIPPED ai: no assistant message with content



● Read SubnetRouting.java
  │ src/edu/kit/kastel/subnetrouting/SubnetRouting.java
  └ 141 lines read



● Compile the project (shell)
  │ cd /Users/nghalinh2711/Development/student-repos/st24final02 && mvn compile 2>&1
  └ 19 lines…



● Test interactive command loop (shell)
  │ cd /Users/nghalinh2711/Development/student-repos/st24final02 && echo -e "list subnets\nquit" |
  │ java -cp target/classes edu.kit.kastel.subnetrouting.SubnetRouting 2>&1
  └ 2 lines…



● Test edge cases: unknown command, empty line, quit with args (shell)
  │ cd /Users/nghalinh2711/Development/student-repos/st24final02 && printf "unknowncmd\n\nquit
  │ extra\nquit\n" | java -cp target/classes edu.kit.kastel.subnetrouting.SubnetRouting 2>&1
  └ 3 lines…



● Update Task (MCP: agentic-memory) · backlogId: "3116402f-553a-40b7-b223-fac664f180c5", taskId: "1…
  └ Task "Project scaffolding: package structure, main class skeleton, and input ...

● Update Scratchpad (MCP: agentic-memory) · sessionId: "bd76a894-aa4a-4a5a-b855-f14f63ada59e", note…
  └ Scratchpad updated.



● Claim Next Task (MCP: agentic-memory) · backlogId: "3116402f-553a-40b7-b223-fac664f180c5"
  └ Claimed task "IPv4 address model with CIDR support" (e4882ccb-eb2d-4e72-ab6a-...



● Create IPv4Address.java +187
  └ src/edu/kit/kastel/subnetrouting/IPv4Address.java

● Compile the project (shell)
  │ cd /Users/nghalinh2711/Development/student-repos/st24final02 && mvn compile 2>&1
  └ 23 lines…

● [turn-persistence] [turn-persistence] turn_end SKIPPED ai: no assistant message with content



● Run IPv4Address verification tests (shell)
  │ cd /Users/nghalinh2711/Development/student-repos/st24final02 && cat << 'JAVAEOF' >
  │ /tmp/TestIPv4.java
  │ import edu.kit.kastel.subnetrouting.IPv4Address;
  │
  │ public class TestIPv4 {…
  └ 84 lines…



● Clean up temp test files (shell)
  │ rm -f /tmp/TestIPv4.java /tmp/TestIPv4.class /tmp/edu 2>/dev/null; rm -rf /tmp/edu 2>/dev/null;
  │ true
  └ 1 line…

● Update Task (MCP: agentic-memory) · backlogId: "3116402f-553a-40b7-b223-fac664f180c5", state: "do…
  └ Task "IPv4 address model with CIDR support" (e4882ccb-eb2d-4e72-ab6a-8163cb93...



● Update Scratchpad (MCP: agentic-memory) · sessionId: "bd76a894-aa4a-4a5a-b855-f14f63ada59e", note…
  └ Scratchpad updated.

● Claim Next Task (MCP: agentic-memory) · backlogId: "3116402f-553a-40b7-b223-fac664f180c5"
  └ Claimed task "Subnet model: CIDR, range calculation, and system management" (...



● Create NetworkSystem.java +57
  └ src/edu/kit/kastel/subnetrouting/NetworkSystem.java

● Create Subnet.java +193
  └ src/edu/kit/kastel/subnetrouting/Subnet.java

● [turn-persistence] [turn-persistence] turn_end SKIPPED ai: no assistant message with content

● Compile with Subnet and NetworkSystem (shell)
  │ cd /Users/nghalinh2711/Development/student-repos/st24final02 && mvn compile 2>&1
  └ 23 lines…

● [turn-persistence] [turn-persistence] turn_end SKIPPED ai: no assistant message with content



● Run Subnet verification tests (shell)
  │ cd /Users/nghalinh2711/Development/student-repos/st24final02 && cat << 'JAVAEOF' >
  │ /tmp/TestSubnet.java
  │ import edu.kit.kastel.subnetrouting.*;
  │
  │ public class TestSubnet {…
  └ 82 lines…



● Edit Subnet.java +2 -2
  └ src/edu/kit/kastel/subnetrouting/Subnet.java

● Edit Subnet.java +12 -11
  └ src/edu/kit/kastel/subnetrouting/Subnet.java

● [turn-persistence] [turn-persistence] turn_end SKIPPED ai: no assistant message with content

● Recompile and retest Subnet (shell)
  │ cd /Users/nghalinh2711/Development/student-repos/st24final02 && mvn compile -q && javac -cp
  │ target/classes /tmp/TestSubnet.java -d /tmp && java -ea -cp target/classes:/tmp TestSubnet
  └ 12 lines…

● [turn-persistence] [turn-persistence] turn_end SKIPPED ai: no assistant message with content



● Clean up temp test files (shell)
  │ rm -f /tmp/TestSubnet.java /tmp/TestSubnet.class /tmp/TestIPv4.java /tmp/TestIPv4.class
  │ 2>/dev/null; true
  └ 1 line…

● Update Task (MCP: agentic-memory) · backlogId: "3116402f-553a-40b7-b223-fac664f180c5", state: "do…
  └ Task "Subnet model: CIDR, range calculation, and system management" (cd0817aa...

● Update Scratchpad (MCP: agentic-memory) · notes: "Task 1 done: SubnetRouting.java with interactiv…
  └ Scratchpad updated.



● Claim Next Task (MCP: agentic-memory) · backlogId: "3116402f-553a-40b7-b223-fac664f180c5"
  └ Claimed task "System model: Computer and Router classes" (1c7ce301-7436-4dbb-...



● Edit NetworkSystem.java +84 -4
  └ src/edu/kit/kastel/subnetrouting/NetworkSystem.java



● Create Computer.java +32
  └ src/edu/kit/kastel/subnetrouting/Computer.java

● Create Router.java +38
  └ src/edu/kit/kastel/subnetrouting/Router.java

● [turn-persistence] [turn-persistence] turn_end SKIPPED ai: no assistant message with content



● Edit Subnet.java +4
  └ src/edu/kit/kastel/subnetrouting/Subnet.java



● Edit Subnet.java +4 -10
  └ src/edu/kit/kastel/subnetrouting/Subnet.java

● Compile with new system model (shell)
  │ cd /Users/nghalinh2711/Development/student-repos/st24final02 && mvn compile 2>&1
  └ 23 lines…

● [turn-persistence] [turn-persistence] turn_end SKIPPED ai: no assistant message with content



● Verify system model (shell)
  │ cd /Users/nghalinh2711/Development/student-repos/st24final02 && cat << 'JAVAEOF' >
  │ /tmp/TestSys.java
  │ import edu.kit.kastel.subnetrouting.*;
  │
  │ public class TestSys {…
  └ 62 lines…



● Clean up temp files (shell)
  │ rm -f /tmp/TestSys.java /tmp/TestSys.class /tmp/TestSubnet.java /tmp/TestSubnet.class
  │ /tmp/TestIPv4.java /tmp/TestIPv4.class 2>/dev/null; true
  └ 1 line…

● Update Task (MCP: agentic-memory) · backlogId: "3116402f-553a-40b7-b223-fac664f180c5", state: "do…
  └ Task "System model: Computer and Router classes" (1c7ce301-7436-4dbb-8b24-9a8...



● Claim Next Task (MCP: agentic-memory) · backlogId: "3116402f-553a-40b7-b223-fac664f180c5"
  └ Claimed task "Connection model and Network graph model" (47d23912-b28d-4ee2-9...



● Create Connection.java +119
  └ src/edu/kit/kastel/subnetrouting/Connection.java

● Create Network.java +218
  └ src/edu/kit/kastel/subnetrouting/Network.java

● [turn-persistence] [turn-persistence] turn_end SKIPPED ai: no assistant message with content

● Compile with Connection and Network classes (shell)
  │ cd /Users/nghalinh2711/Development/student-repos/st24final02 && mvn compile 2>&1
  └ 23 lines…

● [turn-persistence] [turn-persistence] turn_end SKIPPED ai: no assistant message with content



● Claim Next Task (MCP: agentic-memory) · backlogId: "3116402f-553a-40b7-b223-fac664f180c5"
  └ Cannot claim the next task — unresolved tasks are blocking:

● Update Task (MCP: agentic-memory) · backlogId: "3116402f-553a-40b7-b223-fac664f180c5", state: "do…
  └ Task "Connection model and Network graph model" (47d23912-b28d-4ee2-9305-2946...



● Claim Next Task (MCP: agentic-memory) · backlogId: "3116402f-553a-40b7-b223-fac664f180c5"
  └ Claimed task "Mermaid graph parser for network topology" (563eff7f-00ed-44d8-...



● Create MermaidParser.java +349
  └ src/edu/kit/kastel/subnetrouting/MermaidParser.java

● Compile with MermaidParser (shell)
  │ cd /Users/nghalinh2711/Development/student-repos/st24final02 && mvn compile 2>&1
  └ 23 lines…

● [turn-persistence] [turn-persistence] turn_end SKIPPED ai: no assistant message with content



● Test Mermaid parser with sample network (shell)
  │ cd /Users/nghalinh2711/Development/student-repos/st24final02 && cat << 'MERMAID' >
  │ /tmp/test_network.txt
  │ graph
  │ subgraph 192.168.1.0/24
  │ A_Router[192.168.1.1]…
  └ 92 lines…



● Clean up temp files (shell)
  │ rm -f /tmp/TestParser.java /tmp/TestParser.class /tmp/test_network.txt 2>/dev/null; true
  └ 1 line…

● Update Task (MCP: agentic-memory) · backlogId: "3116402f-553a-40b7-b223-fac664f180c5", state: "do…
  └ Task "Mermaid graph parser for network topology" (563eff7f-00ed-44d8-8818-5f8...

● Claim Next Task (MCP: agentic-memory) · backlogId: "3116402f-553a-40b7-b223-fac664f180c5"
  └ Claimed task "Network validation logic" (713bc17c-bccf-4f81-8d5d-4b2c44ada65c...

● [turn-persistence] [turn-persistence] turn_end SKIPPED ai: no assistant message with content



● Create NetworkValidator.java +177
  └ src/edu/kit/kastel/subnetrouting/NetworkValidator.java

● Compile with NetworkValidator (shell)
  │ cd /Users/nghalinh2711/Development/student-repos/st24final02 && mvn compile 2>&1
  └ 23 lines…

● [turn-persistence] [turn-persistence] turn_end SKIPPED ai: no assistant message with content



● Update Task (MCP: agentic-memory) · backlogId: "3116402f-553a-40b7-b223-fac664f180c5", state: "do…
  └ Task "Network validation logic" (713bc17c-bccf-4f81-8d5d-4b2c44ada65c) update...

● Claim Next Task (MCP: agentic-memory) · backlogId: "3116402f-553a-40b7-b223-fac664f180c5"
  └ Cannot claim the next task — unresolved tasks are blocking:

● Claim Next Task (MCP: agentic-memory) · backlogId: "3116402f-553a-40b7-b223-fac664f180c5"
  └ Claimed task "Dijkstra algorithm for intra-subnet shortest path" (de28b87f-95...

● [turn-persistence] [turn-persistence] turn_end SKIPPED ai: no assistant message with content



● Create DijkstraPathFinder.java +157
  └ src/edu/kit/kastel/subnetrouting/DijkstraPathFinder.java

● Compile with DijkstraPathFinder (shell)
  │ cd /Users/nghalinh2711/Development/student-repos/st24final02 && mvn compile 2>&1
  └ 23 lines…

● [turn-persistence] [turn-persistence] turn_end SKIPPED ai: no assistant message with content



● Test Dijkstra algorithm (shell)
  │ cd /Users/nghalinh2711/Development/student-repos/st24final02 && cat << 'JAVAEOF' >
  │ /tmp/TestDijkstra.java
  │ import edu.kit.kastel.subnetrouting.*;
  │ import java.util.List;…
  └ 65 lines…



● Clean up (shell)
  │ rm -f /tmp/TestDijkstra.java /tmp/TestDijkstra.class 2>/dev/null; true
  └ 1 line…

● Update Task (MCP: agentic-memory) · backlogId: "3116402f-553a-40b7-b223-fac664f180c5", state: "do…
  └ Task "Dijkstra algorithm for intra-subnet shortest path" (de28b87f-95bf-4ce7-...

● Claim Next Task (MCP: agentic-memory) · backlogId: "3116402f-553a-40b7-b223-fac664f180c5"
  └ Claimed task "Simplified BGP distance-vector routing for inter-subnet paths" ...

● [turn-persistence] [turn-persistence] turn_end SKIPPED ai: no assistant message with content



● Create InterSubnetRouting.java +144
  └ src/edu/kit/kastel/subnetrouting/InterSubnetRouting.java



● Test BGP inter-subnet routing (shell)
  │ cd /Users/nghalinh2711/Development/student-repos/st24final02 && cat << 'JAVAEOF' >
  │ /tmp/TestBGP.java
  │ import edu.kit.kastel.subnetrouting.*;
  │ import java.util.*;…
  └ 77 lines…

● Check if InterSubnetRouting compiled (shell)
  │ cd /Users/nghalinh2711/Development/student-repos/st24final02 && ls -la
  │ target/classes/edu/kit/kastel/subnetrouting/Inter*
  └ 2 lines…

● [turn-persistence] [turn-persistence] turn_end SKIPPED ai: no assistant message with content

● Recompile to see errors (shell)
  │ cd /Users/nghalinh2711/Development/student-repos/st24final02 && mvn compile 2>&1
  └ 23 lines…

● [turn-persistence] [turn-persistence] turn_end SKIPPED ai: no assistant message with content

● Check class files (shell)
  │ ls /Users/nghalinh2711/Development/student-repos/st24final02/target/classes/edu/kit/kastel/subne
  │ trouting/Inter*.class
  └ 2 lines…

● [turn-persistence] [turn-persistence] turn_end SKIPPED ai: no assistant message with content

● Re-run BGP test (shell)
  │ cd /Users/nghalinh2711/Development/student-repos/st24final02 && javac -cp target/classes
  │ /tmp/TestBGP.java -d /tmp && java -ea -cp target/classes:/tmp TestBGP
  └ 29 lines…

● [turn-persistence] [turn-persistence] turn_end SKIPPED ai: no assistant message with content



● Read examples.md
  └ 263 lines read



● Test BGP with correct topology (shell)
  │ cat << 'JAVAEOF' > /tmp/TestBGP2.java
  │ import edu.kit.kastel.subnetrouting.*;
  │ import java.util.*;
  │
  │ public class TestBGP2 {…
  └ 75 lines…



● Clean up (shell)
  │ rm -f /tmp/TestBGP.java /tmp/TestBGP.class /tmp/TestBGP2.java /tmp/TestBGP2.class 2>/dev/null;
  │ true
  └ 1 line…

● Update Task (MCP: agentic-memory) · backlogId: "3116402f-553a-40b7-b223-fac664f180c5", state: "do…
  └ Task "Simplified BGP distance-vector routing for inter-subnet paths" (c6d6dd1...

● Claim Next Task (MCP: agentic-memory) · backlogId: "3116402f-553a-40b7-b223-fac664f180c5"
  └ Claimed task "load network command" (2861f42d-e720-4acc-a5ee-dbefd4393d77) an...

● [turn-persistence] [turn-persistence] turn_end SKIPPED ai: no assistant message with content



● Edit SubnetRouting.java +8
  └ src/edu/kit/kastel/subnetrouting/SubnetRouting.java



● Edit SubnetRouting.java +48 -1
  └ src/edu/kit/kastel/subnetrouting/SubnetRouting.java



● Edit SubnetRouting.java +84 -1
  └ src/edu/kit/kastel/subnetrouting/SubnetRouting.java



● Edit SubnetRouting.java +111 -1
  └ src/edu/kit/kastel/subnetrouting/SubnetRouting.java



● Edit SubnetRouting.java +90 -1
  └ src/edu/kit/kastel/subnetrouting/SubnetRouting.java



● Edit SubnetRouting.java +111 -1
  └ src/edu/kit/kastel/subnetrouting/SubnetRouting.java

● Compile with all command handlers (shell)
  │ cd /Users/nghalinh2711/Development/student-repos/st24final02 && mvn compile 2>&1
  └ 23 lines…

● [turn-persistence] [turn-persistence] turn_end SKIPPED ai: no assistant message with content



● Clean System.out references and recompile (shell)
  │ cd /Users/nghalinh2711/Development/student-repos/st24final02 && sed -i ''
  │ 's/java\.lang\.System\.out/System.out/g; s/java\.lang\.System\.err/System.err/g'
  │ src/edu/kit/kastel/subnetrouting/SubnetRouting.java && mvn compile -q 2>&1
  └ 1 line…



● Create example network file (shell)
  │ mkdir -p /Users/nghalinh2711/Development/student-repos/st24final02/input && cat << 'MERMAID' >
  │ /Users/nghalinh2711/Development/student-repos/st24final02/input/example_graph.txt
  │ graph
  │ subgraph 192.168.1.0/24
  │ A_Router[192.168.1.1]…
  └ 51 lines…



● Test full example interaction (shell)
  │ cd /Users/nghalinh2711/Development/student-repos/st24final02 && printf "load network
  │ ./input/example_graph.txt\nlist subnets\nlist range 10.0.0.0/16\nlist systems
  │ 172.16.0.0/24\nsend packet 172.16.0.4 172.16.0.1\nsend packet 192.168.100.2 192.168.1.5\nadd
  │ computer 192.168.100.0/24 192.168.100.10\nadd connection 192.168.100.10 192.168.100.5 1\nlist
  │ systems 192.168.100.0/24\nsend packet 192.168.100.10 192.168.100.2\nremove connection …
  └ 61 lines…



● Update Task (MCP: agentic-memory) · backlogId: "3116402f-553a-40b7-b223-fac664f180c5", state: "do…
  └ Task "load network command" (2861f42d-e720-4acc-a5ee-dbefd4393d77) updated to...

● Claim Next Task (MCP: agentic-memory) · backlogId: "3116402f-553a-40b7-b223-fac664f180c5"
  └ Claimed task "quit command" (35dbbd89-52ac-410a-ab83-9654f2cf87d4) and marked...



● Verify quit command exits cleanly (shell)
  │ cd /Users/nghalinh2711/Development/student-repos/st24final02 && echo "quit" | java -cp
  │ target/classes edu.kit.kastel.subnetrouting.SubnetRouting 2>&1; echo "Exit code: $?"
  └ 2 lines…



● Update Task (MCP: agentic-memory) · backlogId: "3116402f-553a-40b7-b223-fac664f180c5", state: "do…
  └ Task "quit command" (35dbbd89-52ac-410a-ab83-9654f2cf87d4) updated to state: ...

● Claim Next Task (MCP: agentic-memory) · backlogId: "3116402f-553a-40b7-b223-fac664f180c5"
  └ Cannot claim the next task — unresolved tasks are blocking:

● Claim Next Task (MCP: agentic-memory) · backlogId: "3116402f-553a-40b7-b223-fac664f180c5"
  └ Claimed task "list subnets command" (30edc624-1af7-4277-bd36-aa015028fffb) an...

● [turn-persistence] [turn-persistence] turn_end SKIPPED ai: no assistant message with content



● Update Task (MCP: agentic-memory) · backlogId: "3116402f-553a-40b7-b223-fac664f180c5", state: "do…
  └ Task "list subnets command" (30edc624-1af7-4277-bd36-aa015028fffb) updated to...

● Claim Next Task (MCP: agentic-memory) · backlogId: "3116402f-553a-40b7-b223-fac664f180c5"
  └ Claimed task "list range command" (ea33378d-0af7-4ee6-b29c-b4bb84e1fd15) and ...



● Update Task (MCP: agentic-memory) · backlogId: "3116402f-553a-40b7-b223-fac664f180c5", state: "do…
  └ Task "list range command" (ea33378d-0af7-4ee6-b29c-b4bb84e1fd15) updated to s...



● Claim Next Task (MCP: agentic-memory) · backlogId: "3116402f-553a-40b7-b223-fac664f180c5"
  └ Claimed task "list systems command" (78aacdd7-6e57-4328-9ad5-8bfe9c7a26fa) an...

● Update Task (MCP: agentic-memory) · backlogId: "3116402f-553a-40b7-b223-fac664f180c5", state: "do…
  └ Task "list systems command" (78aacdd7-6e57-4328-9ad5-8bfe9c7a26fa) updated to...

● Claim Next Task (MCP: agentic-memory) · backlogId: "3116402f-553a-40b7-b223-fac664f180c5"
  └ Claimed task "add computer command" (8270d8da-abe0-44aa-be57-effbeefb2677) an...

● [turn-persistence] [turn-persistence] turn_end SKIPPED ai: no assistant message with content

● Update Task (MCP: agentic-memory) · backlogId: "3116402f-553a-40b7-b223-fac664f180c5", state: "do…
  └ Task "add computer command" (8270d8da-abe0-44aa-be57-effbeefb2677) updated to...

● Claim Next Task (MCP: agentic-memory) · backlogId: "3116402f-553a-40b7-b223-fac664f180c5"
  └ Claimed task "remove computer command" (a1632f97-3152-44da-b97e-0ecc9ed10e85)...

● [turn-persistence] [turn-persistence] turn_end SKIPPED ai: no assistant message with content

● Update Task (MCP: agentic-memory) · backlogId: "3116402f-553a-40b7-b223-fac664f180c5", state: "do…
  └ Task "remove computer command" (a1632f97-3152-44da-b97e-0ecc9ed10e85) updated...

● Claim Next Task (MCP: agentic-memory) · backlogId: "3116402f-553a-40b7-b223-fac664f180c5"
  └ Claimed task "add connection command" (22ca3d25-0199-4956-aeae-985caa5ccf0b) ...

● [turn-persistence] [turn-persistence] turn_end SKIPPED ai: no assistant message with content

● Update Task (MCP: agentic-memory) · backlogId: "3116402f-553a-40b7-b223-fac664f180c5", state: "do…
  └ Task "add connection command" (22ca3d25-0199-4956-aeae-985caa5ccf0b) updated ...

● Claim Next Task (MCP: agentic-memory) · backlogId: "3116402f-553a-40b7-b223-fac664f180c5"
  └ Claimed task "remove connection command" (47932636-e90e-44f5-87df-2365d581e97...

● [turn-persistence] [turn-persistence] turn_end SKIPPED ai: no assistant message with content

● Update Task (MCP: agentic-memory) · backlogId: "3116402f-553a-40b7-b223-fac664f180c5", state: "do…
  └ Task "remove connection command" (47932636-e90e-44f5-87df-2365d581e977) updat...

● Claim Next Task (MCP: agentic-memory) · backlogId: "3116402f-553a-40b7-b223-fac664f180c5"
  └ Claimed task "send packet command with intra-subnet and inter-subnet routing"...

● [turn-persistence] [turn-persistence] turn_end SKIPPED ai: no assistant message with content



● Update Task (MCP: agentic-memory) · backlogId: "3116402f-553a-40b7-b223-fac664f180c5", state: "do…
  └ Task "send packet command with intra-subnet and inter-subnet routing" (300dc3...

● Claim Next Task (MCP: agentic-memory) · backlogId: "3116402f-553a-40b7-b223-fac664f180c5"
  └ Claimed task "CLI argument handling for initial network load" (0ab48a84-ff16-...



● Edit SubnetRouting.java +35
  └ src/edu/kit/kastel/subnetrouting/SubnetRouting.java

● Test CLI argument network loading (shell)
  │ cd /Users/nghalinh2711/Development/student-repos/st24final02 && mvn compile -q 2>&1 && printf
  │ "list subnets\nquit\n" | java -cp target/classes edu.kit.kastel.subnetrouting.SubnetRouting
  │ input/example_graph.txt 2>&1
  └ 2 lines…

● [turn-persistence] [turn-persistence] turn_end SKIPPED ai: no assistant message with content



● Update Task (MCP: agentic-memory) · backlogId: "3116402f-553a-40b7-b223-fac664f180c5", state: "do…
  └ Task "CLI argument handling for initial network load" (0ab48a84-ff16-4442-914...

● Claim Next Task (MCP: agentic-memory) · backlogId: "3116402f-553a-40b7-b223-fac664f180c5"
  └ Claimed task "Error handling, input validation, and edge cases across all com...



● Comprehensive error handling test (shell)
  │ cd /Users/nghalinh2711/Development/student-repos/st24final02 && printf "unknowncmd\nlist\nlist
  │ subnets\nload network nonexistent.txt\nload network ./input/example_graph.txt\nlist
  │ subnets\nlist range 10.0.0.0\nlist range invalid\nlist systems 10.0.0.0\nadd\nadd
  │ connection\nadd connection 10.0.0.1 300.0.0.1\nadd connection 10.0.0.1 192.168.1.1 5\nadd
  │ connection 10.0.0.1 192.168.1.1\nadd computer\nadd computer 10.0.0.0/16 10.0.0.1\nadd computer…
  └ 82 lines…



● Find the empty subnets check (shell)
  │ cd /Users/nghalinh2711/Development/student-repos/st24final02 && grep -n "subnets.isEmpty"
  │ src/edu/kit/kastel/subnetrouting/SubnetRouting.java
  └ 2 lines…

● Read SubnetRouting.java
  │ src/edu/kit/kastel/subnetrouting/SubnetRouting.java
  └ L185:190 (6 lines read)

● [turn-persistence] [turn-persistence] turn_end SKIPPED ai: no assistant message with content

● Edit SubnetRouting.java -1
  └ src/edu/kit/kastel/subnetrouting/SubnetRouting.java

● [turn-persistence] [turn-persistence] turn_end SKIPPED ai: no assistant message with content



● Final verification against examples.md (shell)
  │ cd /Users/nghalinh2711/Development/student-repos/st24final02 && mvn compile -q 2>&1 && printf
  │ "load network ./input/example_graph.txt\nlist subnets\nlist range 10.0.0.0/16\nlist systems
  │ 172.16.0.0/24\nsend packet 172.16.0.4 172.16.0.1\nsend packet 192.168.100.2 192.168.1.5\nadd
  │ computer 192.168.100.0/24 192.168.100.10\nadd connection 192.168.100.10 192.168.100.5 1\nlist
  │ systems 192.168.100.0/24\nsend packet 192.168.100.10 192.168.100.2\nremove connection …
  └ 61 lines…



● Update Task (MCP: agentic-memory) · backlogId: "3116402f-553a-40b7-b223-fac664f180c5", state: "do…
  └ Task "Error handling, input validation, and edge cases across all commands" (...

● Claim Next Task (MCP: agentic-memory) · backlogId: "3116402f-553a-40b7-b223-fac664f180c5"
  └ No claimable to_do task remains in this backlog.



● Get Tasks (MCP: agentic-memory) · backlogId: "3116402f-553a-40b7-b223-fac664f180c5"
  └ Output too large to read at once (26.1 KB). Saved to: /var/folders/fs/p8fxyq6...

● Count done tasks (shell)
  │ cat
  │ /var/folders/fs/p8fxyq611_d7_glm0yth2st80000gn/T/1785172062318-copilot-tool-output-bqc2o6.txt |
  │ grep -c '\[done\]'
  └ 2 lines…

● [turn-persistence] [turn-persistence] turn_end SKIPPED ai: no assistant message with content

● Check for non-done tasks (shell)
  │ cat
  │ /var/folders/fs/p8fxyq611_d7_glm0yth2st80000gn/T/1785172062318-copilot-tool-output-bqc2o6.txt |
  │ grep -v '\[done\]' | grep -E '^[0-9]'
  └ 1 line…

● [turn-persistence] [turn-persistence] turn_end SKIPPED ai: no assistant message with content



● Clean up temp files (shell)
  │ rm -f /tmp/TestBGP.java /tmp/TestBGP.class /tmp/TestBGP2.java /tmp/TestBGP2.class
  │ /tmp/TestDijkstra.java /tmp/TestDijkstra.class /tmp/TestParser.java /tmp/TestParser.class
  │ /tmp/TestSubnet.java /tmp/TestSubnet.class /tmp/TestSys.java /tmp/TestSys.class
  │ /tmp/TestIPv4.java /tmp/TestIPv4.class /tmp/test_network.txt 2>/dev/null; true
  └ 1 line…

● Update Scratchpad (MCP: agentic-memory) · notes: "All 21 tasks completed. Final implementation su…
  └ Scratchpad updated.







Changes    +2417 -35
Duration   14m 24s
Tokens     ↑ 9.3m (9.2m cached) • ↓ 56.5k (14.8k reasoning)
[delivery] Coding agent exited with code 0
[delivery] Backlog verification passed.
[delivery] Phase E: Feedback

[delivery] Feedback agent — interactive session.
[delivery] Provide feedback to the agent. Exit the session (Ctrl+C or /exit) when done.

