
===== st25final01 started at 2026-07-16T07:22:55Z =====
PROGRAMMING_DIR=/Users/nghalinh2711/Development/student-repos/st25final01
COMMAND=pnpm delivery:run -- --exercise --dry-run

$ tsx delivery/run.ts -- --exercise --dry-run
/Users/nghalinh2711/Development/ha-linh-nguyen/Implementierung/delivery/lib/cli/args.ts:82
        throw new Error(`Unknown argument: ${arg}`);
              ^

Error: Unknown argument: --
    at parseCoordinatorArgs (/Users/nghalinh2711/Development/ha-linh-nguyen/Implementierung/delivery/lib/cli/args.ts:82:15)
    at <anonymous> (/Users/nghalinh2711/Development/ha-linh-nguyen/Implementierung/delivery/run.ts:169:14)
    at ModuleJob.run (node:internal/modules/esm/module_job:413:25)
    at async onImport.tracePromise.__proto__ (node:internal/modules/esm/loader:660:26)
    at async asyncRunEntryPointWithESMLoader (node:internal/modules/run_main:101:5)

Node.js v24.12.0
[ELIFECYCLE] Command failed with exit code 1.

===== st25final01 started at 2026-07-16T07:23:25Z =====
PROGRAMMING_DIR=/Users/nghalinh2711/Development/student-repos/st25final01
COMMAND=pnpm delivery:run -- --exercise --dry-run

$ tsx delivery/run.ts -- --exercise --dry-run
/Users/nghalinh2711/Development/ha-linh-nguyen/Implementierung/delivery/lib/cli/args.ts:82
        throw new Error(`Unknown argument: ${arg}`);
              ^

Error: Unknown argument: --
    at parseCoordinatorArgs (/Users/nghalinh2711/Development/ha-linh-nguyen/Implementierung/delivery/lib/cli/args.ts:82:15)
    at <anonymous> (/Users/nghalinh2711/Development/ha-linh-nguyen/Implementierung/delivery/run.ts:169:14)
    at ModuleJob.run (node:internal/modules/esm/module_job:413:25)
    at async onImport.tracePromise.__proto__ (node:internal/modules/esm/loader:660:26)
    at async asyncRunEntryPointWithESMLoader (node:internal/modules/run_main:101:5)

Node.js v24.12.0
[ELIFECYCLE] Command failed with exit code 1.

===== st25final01 started at 2026-07-16T07:27:11Z =====
PROGRAMMING_DIR=/Users/nghalinh2711/Development/student-repos/st25final01
COMMAND=pnpm delivery:run -- --exercise 

delivery/scripts/run-exercises.sh: line 382: DELIVERY_ARGS[@]: unbound variable

===== st25final01 started at 2026-07-16T07:28:31Z =====
PROGRAMMING_DIR=/Users/nghalinh2711/Development/student-repos/st25final01
COMMAND=pnpm delivery:run --exercise 

delivery/scripts/run-exercises.sh: line 382: DELIVERY_ARGS[@]: unbound variable

===== st25final01 started at 2026-07-16T07:29:30Z =====
PROGRAMMING_DIR=/Users/nghalinh2711/Development/student-repos/st25final01
COMMAND=pnpm delivery:run --exercise 

delivery/scripts/run-exercises.sh: line 382: DELIVERY_ARGS[@]: unbound variable

===== st25final01 started at 2026-07-16T07:31:59Z =====
PROGRAMMING_DIR=/Users/nghalinh2711/Development/student-repos/st25final01
COMMAND=pnpm delivery:run -- --exercise 

$ tsx delivery/run.ts -- --exercise
/Users/nghalinh2711/Development/ha-linh-nguyen/Implementierung/delivery/lib/cli/args.ts:82
        throw new Error(`Unknown argument: ${arg}`);
              ^

Error: Unknown argument: --
    at parseCoordinatorArgs (/Users/nghalinh2711/Development/ha-linh-nguyen/Implementierung/delivery/lib/cli/args.ts:82:15)
    at <anonymous> (/Users/nghalinh2711/Development/ha-linh-nguyen/Implementierung/delivery/run.ts:169:14)
    at ModuleJob.run (node:internal/modules/esm/module_job:413:25)
    at async onImport.tracePromise.__proto__ (node:internal/modules/esm/loader:660:26)
    at async asyncRunEntryPointWithESMLoader (node:internal/modules/run_main:101:5)

Node.js v24.12.0
[ELIFECYCLE] Command failed with exit code 1.

===== st25final01 started at 2026-07-21T14:55:20Z =====
PROGRAMMING_DIR=/Users/nghalinh2711/Development/student-repos/st25final01
DELIVERY_AGENT_CONTEXT_PROJECT=ProgrammingST25-Final1
COMMAND=pnpm delivery:run --exercise 

$ tsx delivery/run.ts --exercise

[delivery] Run ID: 20260721-165521
[delivery] Assignment: /Users/nghalinh2711/Development/student-repos/st25final01
[delivery] Assignment ID: st25final01
[delivery] Coding session: 20260721-165521-coding
[delivery] Requirements session: 20260721-165521-req
[delivery] Requirements log: /Users/nghalinh2711/Development/eval/programming/20260721-165521/requirements-output.log

[delivery] Phase A: Requirements

[delivery:requirements] Exercise stream: 12 turns for st25final01 (starting at turn 1)
[delivery:requirements] Output log: /Users/nghalinh2711/Development/eval/programming/20260721-165521/requirements-output.log
[delivery:requirements] Turn 1/12: Introduction
● adaptive-memory extension active (role=requirements, memorySession=20260721-165521-req) - type
  /memory-help. MCP tools registered (memory=false, backlog=true).







Changes    +0 -0
Duration   5s
Tokens     ↑ 16.5k (16.3k cached) • ↓ 127 (73 reasoning)
[delivery:requirements] Turn 1/12 complete
[delivery:requirements] Turn 2/12: task.md — segment 1/10 — Abschlussaufgabe 1 — Behavior-Trees für Marienkäfer
● adaptive-memory extension active (role=requirements, memorySession=20260721-165521-req) - type
  /memory-help. MCP tools registered (memory=false, backlog=true).







Changes    +0 -0
Duration   14s
Tokens     ↑ 16.8k (16.5k cached) • ↓ 196 (96 reasoning)
[delivery:requirements] Turn 2/12 complete
[delivery:requirements] Turn 3/12: task.md — segment 2/10 — Abschlussaufgabe 1 — Behavior-Trees für Marienkäfer > 1 Einführung
● adaptive-memory extension active (role=requirements, memorySession=20260721-165521-req) - type
  /memory-help. MCP tools registered (memory=false, backlog=true).







Changes    +0 -0
Duration   22s
Tokens     ↑ 17.2k (16.8k cached) • ↓ 216 (116 reasoning)
[delivery:requirements] Turn 3/12 complete
[delivery:requirements] Turn 4/12: task.md — segment 3/10 — Abschlussaufgabe 1 — Behavior-Trees für Marienkäfer > 2 Konzepte
● adaptive-memory extension active (role=requirements, memorySession=20260721-165521-req) - type
  /memory-help. MCP tools registered (memory=false, backlog=true).







Changes    +0 -0
Duration   38s
Tokens     ↑ 18.4k (17.2k cached) • ↓ 685 (450 reasoning)
[delivery:requirements] Turn 4/12 complete
[delivery:requirements] Turn 5/12: task.md — segment 4/10 — Abschlussaufgabe 1 — Behavior-Trees für Marienkäfer > 3 Syntax Behavior-Tree
● adaptive-memory extension active (role=requirements, memorySession=20260721-165521-req) - type
  /memory-help. MCP tools registered (memory=false, backlog=true).







Changes    +0 -0
Duration   48s
Tokens     ↑ 19.1k (18.3k cached) • ↓ 393 (192 reasoning)
[delivery:requirements] Turn 5/12 complete
[delivery:requirements] Turn 6/12: task.md — segment 5/10 — Abschlussaufgabe 1 — Behavior-Trees für Marienkäfer > 4 Marienkäfer
● adaptive-memory extension active (role=requirements, memorySession=20260721-165521-req) - type
  /memory-help. MCP tools registered (memory=false, backlog=true).







Changes    +0 -0
Duration   1m 0s
Tokens     ↑ 20.5k (19.1k cached) • ↓ 578 (309 reasoning)
[delivery:requirements] Turn 6/12 complete
[delivery:requirements] Turn 7/12: task.md — segment 6/10 — Abschlussaufgabe 1 — Behavior-Trees für Marienkäfer > 5 Ausgabe des Spielfelds
● adaptive-memory extension active (role=requirements, memorySession=20260721-165521-req) - type
  /memory-help. MCP tools registered (memory=false, backlog=true).







Changes    +0 -0
Duration   1m 10s
Tokens     ↑ 21.2k (20.5k cached) • ↓ 258 (149 reasoning)
[delivery:requirements] Turn 7/12 complete
[delivery:requirements] Turn 8/12: task.md — segment 7/10 — Abschlussaufgabe 1 — Behavior-Trees für Marienkäfer > 6 Hinweise zur Implementierung
● adaptive-memory extension active (role=requirements, memorySession=20260721-165521-req) - type
  /memory-help. MCP tools registered (memory=false, backlog=true).







Changes    +0 -0
Duration   1m 21s
Tokens     ↑ 21.9k (21.1k cached) • ↓ 269 (115 reasoning)
[delivery:requirements] Turn 8/12 complete
[delivery:requirements] Turn 9/12: task.md — segment 8/10 — Abschlussaufgabe 1 — Behavior-Trees für Marienkäfer > 7 Funktionalität
● adaptive-memory extension active (role=requirements, memorySession=20260721-165521-req) - type
  /memory-help. MCP tools registered (memory=false, backlog=true).







Changes    +0 -0
Duration   1m 49s
Tokens     ↑ 24.1k (21.8k cached) • ↓ 1.6k (1.2k reasoning)
[delivery:requirements] Turn 9/12 complete
[delivery:requirements] Turn 10/12: examples.md — segment 9/10 — Beispiele — Abschlussaufgabe 1 (Behavior-Trees für Marienkäfer)
● adaptive-memory extension active (role=requirements, memorySession=20260721-165521-req) - type
  /memory-help. MCP tools registered (memory=false, backlog=true).







Changes    +0 -0
Duration   2m 36s
Tokens     ↑ 26.7k (24.1k cached) • ↓ 2.9k (2.7k reasoning)
[delivery:requirements] Turn 10/12 complete
[delivery:requirements] Turn 11/12: guidelines.md — segment 10/10 — Implementierungsrichtlinien — Abschlussaufgabe 1 (SS 2025)
● adaptive-memory extension active (role=requirements, memorySession=20260721-165521-req) - type
  /memory-help. MCP tools registered (memory=false, backlog=true).







Changes    +0 -0
Duration   3m 0s
Tokens     ↑ 29.0k (26.6k cached) • ↓ 1.4k (759 reasoning)
[delivery:requirements] Turn 11/12 complete
[delivery:requirements] Turn 12/12: Finalize backlog creation
● adaptive-memory extension active (role=requirements, memorySession=20260721-165521-req) - type
  /memory-help. MCP tools registered (memory=false, backlog=true).



● Create Backlog (MCP: agentic-memory) · CLI-Programm in Java SE 21 zur Steuerung mehrerer Marienkä…
  └ Backlog "Behavior-Trees für Marienkäfer" created with id: dc0adcda-d4cc-46af-...



● Create Tasks (MCP: agentic-memory) · backlogId: "dc0adcda-d4cc-46af-8b6e-2423fc7a9cd0", tasks: [1…
  └ Created 15 task(s) in backlog dc0adcda-d4cc-46af-8b6e-2423fc7a9cd0.



● Get Tasks (MCP: agentic-memory) · backlogId: "dc0adcda-d4cc-46af-8b6e-2423fc7a9cd0"
  └ Output too large to read at once (32.0 KB). Saved to: /var/folders/fs/p8fxyq6...







Changes    +0 -0
Duration   5m 5s
Tokens     ↑ 149.3k (136.8k cached) • ↓ 8.0k (2.2k reasoning)
[delivery:requirements] Turn 12/12 complete
[delivery:requirements] Exercise requirements stream complete — advancing to backlog discovery
[delivery] Phase B: Backlog discovery
[delivery] Using backlog: "Behavior-Trees für Marienkäfer" (dc0adcda-d4cc-46af-8b6e-2423fc7a9cd0)
[delivery] Backlog: "Behavior-Trees für Marienkäfer" (dc0adcda-d4cc-46af-8b6e-2423fc7a9cd0)

[delivery] Phase C: Coding

● adaptive-memory extension active (role=coding, memorySession=20260721-165521-coding) - type
  /memory-help. MCP tools registered (memory=false, backlog=true).



● Claim Next Task (MCP: agentic-memory) · backlogId: "dc0adcda-d4cc-46af-8b6e-2423fc7a9cd0"
  └ Claimed task "Projekt-Setup: Java 21 Projektstruktur & Checkstyle" (8c90a5b1-...



● List directory .
  └ 12 files found

● Read pom.xml
  └ 31 lines read

● List directory src
  └ 1 file found

● Read checkstyle.xml
  └ 353 lines read

● Read task.md
  └ 426 lines read

● Read guidelines.md
  └ 104 lines read



● List directory listings
  └ 1 file found

● Read examples.md
  └ 376 lines read

● Read README.md
  │ src/README.md
  └ 4 lines read



● Create package directory structure (shell)
  │ mkdir -p /Users/nghalinh2711/Development/student-repos/st25final01/src/edu/kit/kastel/{model,par
  │ ser,command,engine,view}
  └ 1 line…



● Create package-info.java +6
  └ src/edu/kit/kastel/view/package-info.java

● Create KaraTrees.java +39
  └ src/edu/kit/kastel/KaraTrees.java

● Create package-info.java +6
  └ src/edu/kit/kastel/model/package-info.java

● Create package-info.java +6
  └ src/edu/kit/kastel/parser/package-info.java

● Create package-info.java +6
  └ src/edu/kit/kastel/command/package-info.java

● Create package-info.java +6
  └ src/edu/kit/kastel/engine/package-info.java



● Edit pom.xml +9



● Check Java version and compile with Maven (shell)
  │ cd /Users/nghalinh2711/Development/student-repos/st25final01 && java -version 2>&1 && mvn
  │ compile 2>&1
  └ 26 lines…



● Edit pom.xml +1 -2

● Run Checkstyle validation (shell)
  │ cd /Users/nghalinh2711/Development/student-repos/st25final01 && mvn checkstyle:check 2>&1
  └ 22 lines…



● Edit pom.xml +1 -1

● Run Checkstyle validation with compatible version (shell)
  │ cd /Users/nghalinh2711/Development/student-repos/st25final01 && mvn checkstyle:check 2>&1
  └ 22 lines…

● Edit pom.xml +1 -1

● Run Checkstyle with plugin 3.1.2 (shell)
  │ cd /Users/nghalinh2711/Development/student-repos/st25final01 && mvn checkstyle:check 2>&1
  └ 15 lines…

● View tail of checkstyle output (shell)
  │ cat
  │ /var/folders/fs/p8fxyq611_d7_glm0yth2st80000gn/T/copilot-tool-output-1784646147367-jkn759.txt |
  │ tail -100
  └ 15 lines…

● Read copilot-tool-output-1784646152086-k72l2p.txt
  │ /var/folders/fs/p8fxyq611_d7_glm0yth2st80000gn/T/copilot-tool-output-1784646152086-k72l2p.txt
  └ 1 line read

✗ Read copilot-tool-output-1784646152086-k72l2p.txt
  │ /var/folders/fs/p8fxyq611_d7_glm0yth2st80000gn/T/copilot-tool-output-1784646152086-k72l2p.txt
  └ view_range out of bounds

● Read copilot-tool-output-1784646152086-k72l2p.txt
  │ /var/folders/fs/p8fxyq611_d7_glm0yth2st80000gn/T/copilot-tool-output-1784646152086-k72l2p.txt
  └ L1:42 (22 lines read)

● Filter checkstyle output for errors/warnings (shell)
  │ cd /Users/nghalinh2711/Development/student-repos/st25final01 && mvn checkstyle:check 2>&1 | grep
  │ -E "WARN|ERROR|BUILD|violation" | head -50
  └ 11 lines…



● Edit pom.xml +1 -1

● Run checkstyle with plugin 3.1.1 (shell)
  │ cd /Users/nghalinh2711/Development/student-repos/st25final01 && mvn checkstyle:check 2>&1 | grep
  │ -E "WARN|ERROR|BUILD|violation|Checkstyle" | head -50
  └ 9 lines…



● Edit pom.xml +1 -1

● Run checkstyle with plugin 3.5.0 (shell)
  │ cd /Users/nghalinh2711/Development/student-repos/st25final01 && mvn checkstyle:check 2>&1 | tail
  │ -30
  └ 31 lines…



● Edit checkstyle.xml +1 -1



● Edit pom.xml +1 -1

● Run checkstyle with fixed config (shell)
  │ cd /Users/nghalinh2711/Development/student-repos/st25final01 && mvn checkstyle:check 2>&1 | grep
  │ -v "Progress\|Download" | head -30
  └ 16 lines…



● Test KaraTrees.main() starts without exception (shell)
  │ cd /Users/nghalinh2711/Development/student-repos/st25final01 && echo "quit" | java -cp
  │ target/classes edu.kit.kastel.KaraTrees 2>&1
  └ 1 line…



● Final clean compile verification (shell)
  │ cd /Users/nghalinh2711/Development/student-repos/st25final01 && mvn clean compile 2>&1
  └ 23 lines…



● Update Task (MCP: agentic-memory) · backlogId: "dc0adcda-d4cc-46af-8b6e-2423fc7a9cd0", taskId: "8…
  └ Task "Projekt-Setup: Java 21 Projektstruktur & Checkstyle" (8c90a5b1-3452-491...



● Claim Next Task (MCP: agentic-memory) · backlogId: "dc0adcda-d4cc-46af-8b6e-2423fc7a9cd0"
  └ Claimed task "Behavior-Tree Knoten-Datenmodell" (4cc5cdf6-7935-4b3d-8623-49fc...



● Create Node.java +107
  └ src/edu/kit/kastel/model/Node.java

● Create FallbackNode.java +28
  └ src/edu/kit/kastel/model/FallbackNode.java

● Create SequenceNode.java +28
  └ src/edu/kit/kastel/model/SequenceNode.java

● Create ParallelNode.java +44
  └ src/edu/kit/kastel/model/ParallelNode.java

● Create ConditionNode.java +42
  └ src/edu/kit/kastel/model/ConditionNode.java

● Create ActionNode.java +42
  └ src/edu/kit/kastel/model/ActionNode.java



● Compile and checkstyle for node model (shell)
  │ cd /Users/nghalinh2711/Development/student-repos/st25final01 && mvn clean compile 2>&1 && mvn
  │ checkstyle:check 2>&1 | grep -v "Progress\|Download"
  └ 38 lines…



● Update Task (MCP: agentic-memory) · backlogId: "dc0adcda-d4cc-46af-8b6e-2423fc7a9cd0", state: "do…
  └ Task "Behavior-Tree Knoten-Datenmodell" (4cc5cdf6-7935-4b3d-8623-49fcc0fdc9a2...



● Claim Next Task (MCP: agentic-memory) · backlogId: "dc0adcda-d4cc-46af-8b6e-2423fc7a9cd0"
  └ Claimed task "Spielfeld- & Positions-Datenmodell" (ac7dd5d9-8785-4781-a4a4-e2...



● Create Direction.java +85
  └ src/edu/kit/kastel/model/Direction.java

● Create CellType.java +41
  └ src/edu/kit/kastel/model/CellType.java

● Create Position.java +66
  └ src/edu/kit/kastel/model/Position.java

● Create Ladybug.java +76
  └ src/edu/kit/kastel/model/Ladybug.java

● Create Board.java +174
  └ src/edu/kit/kastel/model/Board.java

● Compile and checkstyle for board model (shell)
  │ cd /Users/nghalinh2711/Development/student-repos/st25final01 && mvn clean compile 2>&1 && mvn
  │ checkstyle:check 2>&1 | grep -v "Progress\|Download"
  └ 38 lines…



● Update Task (MCP: agentic-memory) · backlogId: "dc0adcda-d4cc-46af-8b6e-2423fc7a9cd0", state: "do…
  └ Task "Spielfeld- & Positions-Datenmodell" (ac7dd5d9-8785-4781-a4a4-e258d5190d...



● Claim Next Task (MCP: agentic-memory) · backlogId: "dc0adcda-d4cc-46af-8b6e-2423fc7a9cd0"
  └ Claimed task "Pfadfindungs-Algorithmus (existsPath)" (acc7b3a2-3962-4f5b-86ef...



● Create PathFinder.java +89
  └ src/edu/kit/kastel/engine/PathFinder.java

● Compile and checkstyle for PathFinder (shell)
  │ cd /Users/nghalinh2711/Development/student-repos/st25final01 && mvn clean compile 2>&1 && mvn
  │ checkstyle:check 2>&1 | grep -v "Progress\|Download"
  └ 38 lines…



● Update Task (MCP: agentic-memory) · state: "done", backlogId: "dc0adcda-d4cc-46af-8b6e-2423fc7a9c…
  └ Task "Pfadfindungs-Algorithmus (existsPath)" (acc7b3a2-3962-4f5b-86ef-f0ef7fd...

● Claim Next Task (MCP: agentic-memory) · backlogId: "dc0adcda-d4cc-46af-8b6e-2423fc7a9cd0"
  └ Claimed task "Spielfeld-Dateiparser" (be313c16-69f1-4813-b0f2-24f6c6f8f3f9) a...



● Read exampleBoard.txt
  │ listings/exampleBoard.txt
  └ 8 lines read



● Create BoardParseException.java +17
  └ src/edu/kit/kastel/parser/BoardParseException.java

● Create BoardParser.java +166
  └ src/edu/kit/kastel/parser/BoardParser.java

● Compile and checkstyle for BoardParser (shell)
  │ cd /Users/nghalinh2711/Development/student-repos/st25final01 && mvn clean compile 2>&1 && mvn
  │ checkstyle:check 2>&1 | grep -v "Progress\|Download"
  └ 38 lines…



● Update Task (MCP: agentic-memory) · state: "done", backlogId: "dc0adcda-d4cc-46af-8b6e-2423fc7a9c…
  └ Task "Spielfeld-Dateiparser" (be313c16-69f1-4813-b0f2-24f6c6f8f3f9) updated t...

● Claim Next Task (MCP: agentic-memory) · backlogId: "dc0adcda-d4cc-46af-8b6e-2423fc7a9cd0"
  └ Claimed task "Spielfeld-Renderer" (caa6b929-6683-4fc9-8a33-258db4cd8f61) and ...



● Create BoardRenderer.java +56
  └ src/edu/kit/kastel/view/BoardRenderer.java



● Edit BoardRenderer.java +2 -1
  └ src/edu/kit/kastel/view/BoardRenderer.java

● Compile and checkstyle for BoardRenderer (shell)
  │ cd /Users/nghalinh2711/Development/student-repos/st25final01 && mvn clean compile 2>&1 && mvn
  │ checkstyle:check 2>&1 | grep -v "Progress\|Download"
  └ 38 lines…

● Update Task (MCP: agentic-memory) · state: "done", backlogId: "dc0adcda-d4cc-46af-8b6e-2423fc7a9c…
  └ Task "Spielfeld-Renderer" (caa6b929-6683-4fc9-8a33-258db4cd8f61) updated to s...

● Claim Next Task (MCP: agentic-memory) · backlogId: "dc0adcda-d4cc-46af-8b6e-2423fc7a9cd0"
  └ Claimed task "Mermaid Behavior-Tree Parser" (fca0ed7f-5410-4273-898d-ea097aa1...



● Create TreeParseException.java +18
  └ src/edu/kit/kastel/parser/TreeParseException.java



● Create TreeParser.java +304
  └ src/edu/kit/kastel/parser/TreeParser.java

● Compile and checkstyle for TreeParser (shell)
  │ cd /Users/nghalinh2711/Development/student-repos/st25final01 && mvn clean compile 2>&1 && mvn
  │ checkstyle:check 2>&1 | grep -v "Progress\|Download"
  └ 38 lines…

● Update Task (MCP: agentic-memory) · state: "done", backlogId: "dc0adcda-d4cc-46af-8b6e-2423fc7a9c…
  └ Task "Mermaid Behavior-Tree Parser" (fca0ed7f-5410-4273-898d-ea097aa1003f) up...

● Claim Next Task (MCP: agentic-memory) · backlogId: "dc0adcda-d4cc-46af-8b6e-2423fc7a9cd0"
  └ Claimed task "Hauptschleife & Command-Dispatcher" (deca2b7f-9054-4216-a44a-e3...



● Read KaraTrees.java
  │ src/edu/kit/kastel/KaraTrees.java
  └ 38 lines read

● Create CommandContext.java +76
  └ src/edu/kit/kastel/command/CommandContext.java

● Create Command.java +40
  └ src/edu/kit/kastel/command/Command.java

● Create CommandException.java +18
  └ src/edu/kit/kastel/command/CommandException.java

● Create CommandDispatcher.java +71
  └ src/edu/kit/kastel/command/CommandDispatcher.java



● Edit KaraTrees.java +7 -6
  └ src/edu/kit/kastel/KaraTrees.java

● Compile and checkstyle for command dispatcher (shell)
  │ cd /Users/nghalinh2711/Development/student-repos/st25final01 && mvn clean compile 2>&1 && mvn
  │ checkstyle:check 2>&1 | grep -v "Progress\|Download"
  └ 38 lines…



● Test unknown command and quit handling (shell)
  │ cd /Users/nghalinh2711/Development/student-repos/st25final01 && printf "hello\nquit\n" | java
  │ -cp target/classes edu.kit.kastel.KaraTrees 2>&1
  └ 2 lines…



● Update Task (MCP: agentic-memory) · state: "done", backlogId: "dc0adcda-d4cc-46af-8b6e-2423fc7a9c…
  └ Task "Hauptschleife & Command-Dispatcher" (deca2b7f-9054-4216-a44a-e304ca27d5...

● Claim Next Task (MCP: agentic-memory) · backlogId: "dc0adcda-d4cc-46af-8b6e-2423fc7a9cd0"
  └ Claimed task "Load-Board-Befehl" (20fdb9eb-4f65-4dca-a1af-4c309447d165) and m...



● Create LoadBoardCommand.java +54
  └ src/edu/kit/kastel/command/LoadBoardCommand.java



● Edit KaraTrees.java +1
  └ src/edu/kit/kastel/KaraTrees.java

● Edit KaraTrees.java +1
  └ src/edu/kit/kastel/KaraTrees.java

● Compile and checkstyle for LoadBoardCommand (shell)
  │ cd /Users/nghalinh2711/Development/student-repos/st25final01 && mvn clean compile 2>&1 && mvn
  │ checkstyle:check 2>&1 | grep -v "Progress\|Download"
  └ 38 lines…



● Test load board command with example board (shell)
  │ cd /Users/nghalinh2711/Development/student-repos/st25final01 && printf "load board
  │ listings/exampleBoard.txt\nquit\n" | java -cp target/classes edu.kit.kastel.KaraTrees 2>&1
  └ 9 lines…



● Test load board with invalid file (shell)
  │ cd /Users/nghalinh2711/Development/student-repos/st25final01 && printf "load board
  │ nonexistent.txt\nquit\n" | java -cp target/classes edu.kit.kastel.KaraTrees 2>&1
  └ 2 lines…



● Update Task (MCP: agentic-memory) · state: "done", backlogId: "dc0adcda-d4cc-46af-8b6e-2423fc7a9c…
  └ Task "Load-Board-Befehl" (20fdb9eb-4f65-4dca-a1af-4c309447d165) updated to st...

● Claim Next Task (MCP: agentic-memory) · backlogId: "dc0adcda-d4cc-46af-8b6e-2423fc7a9cd0"
  └ Claimed task "Load-Trees-Befehl" (b765965d-c7b1-4bbc-a605-62ba49382c23) and m...



● Read Ladybug.java
  │ src/edu/kit/kastel/model/Ladybug.java
  └ 75 lines read

● Edit Ladybug.java +6
  └ src/edu/kit/kastel/model/Ladybug.java

● Edit Ladybug.java +36
  └ src/edu/kit/kastel/model/Ladybug.java



● Create LoadTreesCommand.java +75
  └ src/edu/kit/kastel/command/LoadTreesCommand.java

● Edit KaraTrees.java +1
  └ src/edu/kit/kastel/KaraTrees.java

● Edit KaraTrees.java +1
  └ src/edu/kit/kastel/KaraTrees.java

● Compile and checkstyle for LoadTreesCommand (shell)
  │ cd /Users/nghalinh2711/Development/student-repos/st25final01 && mvn clean compile 2>&1 && mvn
  │ checkstyle:check 2>&1 | grep -v "Progress\|Download"
  └ 38 lines…



● Create test tree file (shell)
  │ mkdir -p /Users/nghalinh2711/Development/student-repos/st25final01/testfiles && cat >
  │ /Users/nghalinh2711/Development/student-repos/st25final01/testfiles/testTree.txt << 'EOF'
  │ flowchart TD
  │ A[?] --> B([treeFront])
  │ A --> C[->]…
  └ 7 lines…

● Test load board then load trees (shell)
  │ cd /Users/nghalinh2711/Development/student-repos/st25final01 && printf "load board
  │ listings/exampleBoard.txt\nload trees testfiles/testTree.txt\nquit\n" | java -cp target/classes
  │ edu.kit.kastel.KaraTrees 2>&1
  └ 16 lines…



● Test load trees without board (shell)
  │ cd /Users/nghalinh2711/Development/student-repos/st25final01 && printf "load trees
  │ testfiles/testTree.txt\nquit\n" | java -cp target/classes edu.kit.kastel.KaraTrees 2>&1
  └ 2 lines…



● Update Task (MCP: agentic-memory) · state: "done", backlogId: "dc0adcda-d4cc-46af-8b6e-2423fc7a9c…
  └ Task "Load-Trees-Befehl" (b765965d-c7b1-4bbc-a605-62ba49382c23) updated to st...

● Claim Next Task (MCP: agentic-memory) · backlogId: "dc0adcda-d4cc-46af-8b6e-2423fc7a9cd0"
  └ Claimed task "Ladybug-Abfragebefehle (list, print, reset, head, jump)" (c5100...



● Edit Ladybug.java +10
  └ src/edu/kit/kastel/model/Ladybug.java

● Edit Ladybug.java +1
  └ src/edu/kit/kastel/model/Ladybug.java

● Edit Ladybug.java +52
  └ src/edu/kit/kastel/model/Ladybug.java



● Edit CommandContext.java +28
  └ src/edu/kit/kastel/command/CommandContext.java

● Edit CommandContext.java +1
  └ src/edu/kit/kastel/command/CommandContext.java



● Create PrintPositionCommand.java +42
  └ src/edu/kit/kastel/command/PrintPositionCommand.java

● Create ListLadybugsCommand.java +37
  └ src/edu/kit/kastel/command/ListLadybugsCommand.java

● Create ResetTreeCommand.java +43
  └ src/edu/kit/kastel/command/ResetTreeCommand.java

● Create HeadCommand.java +42
  └ src/edu/kit/kastel/command/HeadCommand.java

● Create JumpToCommand.java +107
  └ src/edu/kit/kastel/command/JumpToCommand.java



● Edit KaraTrees.java +5
  └ src/edu/kit/kastel/KaraTrees.java

● Edit KaraTrees.java +5
  └ src/edu/kit/kastel/KaraTrees.java

● Compile and checkstyle for ladybug commands (shell)
  │ cd /Users/nghalinh2711/Development/student-repos/st25final01 && mvn clean compile 2>&1 && mvn
  │ checkstyle:check 2>&1 | grep -v "Progress\|Download"
  └ 38 lines…



● Test all ladybug commands (shell)
  │ cd /Users/nghalinh2711/Development/student-repos/st25final01 && printf "load board
  │ listings/exampleBoard.txt\nload trees testfiles/testTree.txt\nlist ladybugs\nprint position
  │ 1\nhead 1\nreset tree 1\nhead 1\njump to 1 D\nhead 1\nquit\n" | java -cp target/classes
  │ edu.kit.kastel.KaraTrees 2>&1
  └ 21 lines…



● Update Task (MCP: agentic-memory) · state: "done", backlogId: "dc0adcda-d4cc-46af-8b6e-2423fc7a9c…
  └ Task "Ladybug-Abfragebefehle (list, print, reset, head, jump)" (c5100456-b72c...

● Claim Next Task (MCP: agentic-memory) · backlogId: "dc0adcda-d4cc-46af-8b6e-2423fc7a9cd0"
  └ Claimed task "Behavior-Tree Execution Engine" (5900be2f-66f1-4840-bfd6-0797a5...



● Create BehaviorTreeEngine.java +340
  └ src/edu/kit/kastel/engine/BehaviorTreeEngine.java

● Compile and checkstyle for BehaviorTreeEngine (shell)
  │ cd /Users/nghalinh2711/Development/student-repos/st25final01 && mvn clean compile 2>&1 && mvn
  │ checkstyle:check 2>&1 | grep -v "Progress\|Download"
  └ 38 lines…



● Update Task (MCP: agentic-memory) · state: "done", backlogId: "dc0adcda-d4cc-46af-8b6e-2423fc7a9c…
  └ Task "Behavior-Tree Execution Engine" (5900be2f-66f1-4840-bfd6-0797a57e7184) ...

● Claim Next Task (MCP: agentic-memory) · backlogId: "dc0adcda-d4cc-46af-8b6e-2423fc7a9cd0"
  └ Claimed task "Next-Action-Befehl" (26dec02c-7b0e-459c-b3da-93ab95d8186d) and ...



● Edit Ladybug.java +5
  └ src/edu/kit/kastel/model/Ladybug.java

● Edit Ladybug.java +1
  └ src/edu/kit/kastel/model/Ladybug.java

● Edit Ladybug.java +29
  └ src/edu/kit/kastel/model/Ladybug.java

● Edit Ladybug.java +1
  └ src/edu/kit/kastel/model/Ladybug.java



● Edit BehaviorTreeEngine.java +2
  └ src/edu/kit/kastel/engine/BehaviorTreeEngine.java

● Edit BehaviorTreeEngine.java +99
  └ src/edu/kit/kastel/engine/BehaviorTreeEngine.java



● Edit BehaviorTreeEngine.java +29 -5
  └ src/edu/kit/kastel/engine/BehaviorTreeEngine.java



● Edit JumpToCommand.java +5 -1
  └ src/edu/kit/kastel/command/JumpToCommand.java



● Create NextActionCommand.java +56
  └ src/edu/kit/kastel/command/NextActionCommand.java

● Edit KaraTrees.java +1
  └ src/edu/kit/kastel/KaraTrees.java

● Edit KaraTrees.java +1
  └ src/edu/kit/kastel/KaraTrees.java

● Compile and checkstyle for NextAction (shell)
  │ cd /Users/nghalinh2711/Development/student-repos/st25final01 && mvn clean compile 2>&1 && mvn
  │ checkstyle:check 2>&1 | grep -v "Progress\|Download"
  └ 38 lines…



● Edit NextActionCommand.java -5
  └ src/edu/kit/kastel/command/NextActionCommand.java



● Edit NextActionCommand.java -1
  └ src/edu/kit/kastel/command/NextActionCommand.java



● Create test file with two trees (shell)
  │ cat > /Users/nghalinh2711/Development/student-repos/st25final01/testfiles/twoTrees.txt <<
  │ 'EOF'
  │ flowchart TD
  │ A[?] --> B[->]
  │ A --> C[=1>]…
  └ 13 lines…

● Create test board and tree files (shell)
  │ cat > /Users/nghalinh2711/Development/student-repos/st25final01/testfiles/twoBugsBoard.txt <<
  │ 'EOF'
  │ ..#
  │ ..<
  │ EOF…
  └ 7 lines…

● Test next action with simple scenario (shell)
  │ cd /Users/nghalinh2711/Development/student-repos/st25final01 && mvn clean compile -q 2>&1 &&
  │ printf "load board testfiles/twoBugsBoard.txt\nload trees testfiles/simpleTree.txt
  │ testfiles/simpleTree.txt\nnext action\nquit\n" | java -cp target/classes
  │ edu.kit.kastel.KaraTrees 2>&1
  └ 17 lines…

● Read NextActionCommand.java
  │ src/edu/kit/kastel/command/NextActionCommand.java
  └ 49 lines read

● Edit NextActionCommand.java +1
  └ src/edu/kit/kastel/command/NextActionCommand.java

● Test next action with simple scenario (shell)
  │ cd /Users/nghalinh2711/Development/student-repos/st25final01 && mvn clean compile -q 2>&1 &&
  │ printf "load board testfiles/twoBugsBoard.txt\nload trees testfiles/simpleTree.txt
  │ testfiles/simpleTree.txt\nnext action\nquit\n" | java -cp target/classes
  │ edu.kit.kastel.KaraTrees 2>&1
  └ 5 lines…

● Test next action with 1 ladybug 1 tree (shell)
  │ cd /Users/nghalinh2711/Development/student-repos/st25final01 && printf "load board
  │ testfiles/twoBugsBoard.txt\nload trees testfiles/simpleTree.txt\nnext action\nquit\n" | java -cp
  │ target/classes edu.kit.kastel.KaraTrees 2>&1
  └ 11 lines…



● Test multiple next action calls (shell)
  │ cd /Users/nghalinh2711/Development/student-repos/st25final01 && printf "load board
  │ testfiles/twoBugsBoard.txt\nload trees testfiles/simpleTree.txt\nnext action\nnext
  │ action\nquit\n" | java -cp target/classes edu.kit.kastel.KaraTrees 2>&1
  └ 19 lines…



● Final compile and checkstyle check (shell)
  │ cd /Users/nghalinh2711/Development/student-repos/st25final01 && mvn clean compile -q 2>&1 && mvn
  │ checkstyle:check -q 2>&1 | grep -E "violation|BUILD"
  └ 1 line…

● Check checkstyle result (shell)
  │ cd /Users/nghalinh2711/Development/student-repos/st25final01 && mvn checkstyle:check 2>&1 | tail
  │ -10
  └ 11 lines…

● Verify compilation (shell)
  │ cd /Users/nghalinh2711/Development/student-repos/st25final01 && mvn compile 2>&1 | tail -5
  └ 6 lines…



● Update Task (MCP: agentic-memory) · state: "done", backlogId: "dc0adcda-d4cc-46af-8b6e-2423fc7a9c…
  └ Task "Next-Action-Befehl" (26dec02c-7b0e-459c-b3da-93ab95d8186d) updated to s...

● Claim Next Task (MCP: agentic-memory) · backlogId: "dc0adcda-d4cc-46af-8b6e-2423fc7a9cd0"
  └ Claimed task "Add-Sibling-Befehl" (00c263ee-4b83-4a41-9c81-070f1b7d0a34) and ...



● Create AddSiblingCommand.java +140
  └ src/edu/kit/kastel/command/AddSiblingCommand.java

● Edit KaraTrees.java +1
  └ src/edu/kit/kastel/KaraTrees.java

● Read KaraTrees.java
  │ src/edu/kit/kastel/KaraTrees.java
  └ 56 lines read

● Edit KaraTrees.java +1
  └ src/edu/kit/kastel/KaraTrees.java

● Compile and checkstyle for AddSibling (shell)
  │ cd /Users/nghalinh2711/Development/student-repos/st25final01 && mvn clean compile 2>&1 && mvn
  │ checkstyle:check 2>&1 | grep -v "Progress\|Download"
  └ 38 lines…

● Update Task (MCP: agentic-memory) · state: "done", backlogId: "dc0adcda-d4cc-46af-8b6e-2423fc7a9c…
  └ Task "Add-Sibling-Befehl" (00c263ee-4b83-4a41-9c81-070f1b7d0a34) updated to s...

● Claim Next Task (MCP: agentic-memory) · backlogId: "dc0adcda-d4cc-46af-8b6e-2423fc7a9cd0"
  └ Claimed task "Integrationstest mit vollständiger Beispielinteraktion" (49ba31...



● Create integration test files (shell)
  │ mkdir -p /Users/nghalinh2711/Development/student-repos/st25final01/input/boards
  │ /Users/nghalinh2711/Development/student-repos/st25final01/input/trees
  │
  │ cat > /Users/nghalinh2711/Development/student-repos/st25final01/input/boards/exampleBoard.txt
  │ << 'EOF'…
  └ 30 lines…



● Run full integration test (shell)
  │ cd /Users/nghalinh2711/Development/student-repos/st25final01 && mvn compile -q 2>&1
  │
  │ cat > /tmp/test_input.txt << 'ENDINPUT'
  │ load board ./input/boards/exampleBoard.txt
  │ load trees ./input/trees/exampleTree.txt ./input/trees/spinner.txt…
  └ 53 lines…



● Read copilot-tool-output-1784647330805-0zy5cl.txt
  │ /var/folders/fs/p8fxyq611_d7_glm0yth2st80000gn/T/copilot-tool-output-1784647330805-0zy5cl.txt
  └ 1 line read

● Read copilot-tool-output-1784647330805-0zy5cl.txt
  │ /var/folders/fs/p8fxyq611_d7_glm0yth2st80000gn/T/copilot-tool-output-1784647330805-0zy5cl.txt
  └ L1:60 (60 lines read)



● Edit BehaviorTreeEngine.java +1 -1
  └ src/edu/kit/kastel/engine/BehaviorTreeEngine.java



● Check raw board content in examples (shell)
  │ cd /Users/nghalinh2711/Development/student-repos/st25final01 && grep -A 6 "load board
  │ ./input/boards/exampleBoard.txt" examples.md | cat -A | head -10
  └ 3 lines…

● Check raw bytes of board in examples (shell)
  │ cd /Users/nghalinh2711/Development/student-repos/st25final01 && sed -n '139,148p' examples.md |
  │ od -c | head -20
  └ 14 lines…



● Fix board to have 2 ladybugs (shell)
  │ cat > /Users/nghalinh2711/Development/student-repos/st25final01/input/boards/exampleBoard.txt
  │ << 'EOF'
  │ ..#...*...
  │ ..#...##..
  │ ..#..^...*…
  └ 6 lines…



● Re-run integration test after fix (shell)
  │ cd /Users/nghalinh2711/Development/student-repos/st25final01 && mvn compile -q 2>&1 && java -cp
  │ target/classes edu.kit.kastel.KaraTrees < /tmp/test_input.txt 2>&1 | head -80
  └ 81 lines…



● Edit BehaviorTreeEngine.java +17
  └ src/edu/kit/kastel/engine/BehaviorTreeEngine.java



● Edit BehaviorTreeEngine.java +1 -1
  └ src/edu/kit/kastel/engine/BehaviorTreeEngine.java

● Edit BehaviorTreeEngine.java +1 -1
  └ src/edu/kit/kastel/engine/BehaviorTreeEngine.java

● Edit BehaviorTreeEngine.java +1 -1
  └ src/edu/kit/kastel/engine/BehaviorTreeEngine.java



● Edit BehaviorTreeEngine.java +19
  └ src/edu/kit/kastel/engine/BehaviorTreeEngine.java



● Edit BehaviorTreeEngine.java +27
  └ src/edu/kit/kastel/engine/BehaviorTreeEngine.java

● Re-run integration test after fixes (shell)
  │ cd /Users/nghalinh2711/Development/student-repos/st25final01 && mvn compile -q 2>&1 && java -cp
  │ target/classes edu.kit.kastel.KaraTrees < /tmp/test_input.txt 2>&1 | head -60
  └ 61 lines…



● Edit TreeParser.java +5 -1
  └ src/edu/kit/kastel/parser/TreeParser.java

● Edit AddSiblingCommand.java +3
  └ src/edu/kit/kastel/command/AddSiblingCommand.java

● Re-run test with condition bracket fix (shell)
  │ cd /Users/nghalinh2711/Development/student-repos/st25final01 && mvn compile -q 2>&1 && java -cp
  │ target/classes edu.kit.kastel.KaraTrees < /tmp/test_input.txt 2>&1 | head -100
  └ 101 lines…



● Edit Ladybug.java +6
  └ src/edu/kit/kastel/model/Ladybug.java

● Edit Ladybug.java +1
  └ src/edu/kit/kastel/model/Ladybug.java

● Edit Ladybug.java +10
  └ src/edu/kit/kastel/model/Ladybug.java

● Edit Ladybug.java +2
  └ src/edu/kit/kastel/model/Ladybug.java



● Edit NextActionCommand.java +1 -2
  └ src/edu/kit/kastel/command/NextActionCommand.java

● Edit NextActionCommand.java -3
  └ src/edu/kit/kastel/command/NextActionCommand.java

● Compile and checkstyle (shell)
  │ cd /Users/nghalinh2711/Development/student-repos/st25final01 && mvn compile -q 2>&1 && mvn
  │ checkstyle:check 2>&1 | tail -5
  └ 6 lines…

● Full integration test (shell)
  │ cd /Users/nghalinh2711/Development/student-repos/st25final01 && java -cp target/classes
  │ edu.kit.kastel.KaraTrees < /tmp/test_input.txt 2>&1
  └ 215 lines…



● Edit Node.java +12
  └ src/edu/kit/kastel/model/Node.java

● Edit AddSiblingCommand.java +8 -3
  └ src/edu/kit/kastel/command/AddSiblingCommand.java

● Compile, checkstyle, and re-run integration test (shell)
  │ cd /Users/nghalinh2711/Development/student-repos/st25final01 && mvn compile -q 2>&1 && mvn
  │ checkstyle:check 2>&1 | tail -5 && java -cp target/classes edu.kit.kastel.KaraTrees <
  │ /tmp/test_input.txt 2>&1 | tail -30
  └ 36 lines…



● Clean up temp test files (shell)
  │ rm -rf /Users/nghalinh2711/Development/student-repos/st25final01/testfiles /tmp/test_input.txt
  │ /Users/nghalinh2711/Development/student-repos/st25final01/input
  └ 1 line…

● Final verification of build and checkstyle (shell)
  │ cd /Users/nghalinh2711/Development/student-repos/st25final01 && mvn clean compile 2>&1 | tail -5
  │ && mvn checkstyle:check 2>&1 | tail -5
  └ 11 lines…

● Update Task (MCP: agentic-memory) · state: "done", backlogId: "dc0adcda-d4cc-46af-8b6e-2423fc7a9c…
  └ Task "Integrationstest mit vollständiger Beispielinteraktion" (49ba3178-8204-...

● Claim Next Task (MCP: agentic-memory) · backlogId: "dc0adcda-d4cc-46af-8b6e-2423fc7a9cd0"
  └ No claimable to_do task remains in this backlog.



● Get Tasks (MCP: agentic-memory) · backlogId: "dc0adcda-d4cc-46af-8b6e-2423fc7a9cd0"
  └ Output too large to read at once (32.0 KB). Saved to: /var/folders/fs/p8fxyq6...

● Check all task statuses (shell)
  │ grep -E "^\["
  │ /var/folders/fs/p8fxyq611_d7_glm0yth2st80000gn/T/1784647667920-copilot-tool-output-74gxmv.txt
  └ 1 line…

● Read 1784647667920-copilot-tool-output-74gxmv.txt
  │ /var/folders/fs/p8fxyq611_d7_glm0yth2st80000gn/T/1784647667920-copilot-tool-output-74gxmv.txt
  └ L1:30 (30 lines read)

● Count done vs non-done tasks (shell)
  │ grep -c "\[done\]"
  │ /var/folders/fs/p8fxyq611_d7_glm0yth2st80000gn/T/1784647667920-copilot-tool-output-74gxmv.txt &&
  │ grep -c "\[to_do\]\|\[in_progress\]\|\[blocked\]"
  │ /var/folders/fs/p8fxyq611_d7_glm0yth2st80000gn/T/1784647667920-copilot-tool-output-74gxmv.txt ||
  │ echo "0 non-done tasks"
  └ 4 lines…



● skill(delivery-port-check)

✗ read /Users/nghalinh2711/Development/student-repos/st25final01/README.md · path: "/Users/nghalinh…
  └ Tool 'read' does not exist.

● Read README.md
  └ 3 lines read

● Edit README.md +64 -3







Changes    +3121 -43
Duration   28m 1s
Tokens     ↑ 21.6m (21.5m cached) • ↓ 91.3k (38.4k reasoning)
[delivery] Coding agent exited with code 0
[delivery] Backlog verification passed.
[delivery] Phase E: Feedback

[delivery] Feedback agent — interactive session.
[delivery] Provide feedback to the agent. Exit the session (Ctrl+C or /exit) when done.


===== st25final01 started at 2026-07-27T17:59:42Z =====
PROGRAMMING_DIR=/Users/nghalinh2711/Development/student-repos/st25final01
DELIVERY_AGENT_CONTEXT_PROJECT=ProgrammingST25-Final1
DELIVERY_AGENT_CONTEXT_DOMAIN=st25final01
COMMAND=pnpm delivery:run --exercise 

$ tsx delivery/run.ts --exercise
[delivery:knowledgebase] Ensuring guidelines.md is ingested for domain st25final01 before exercise requirements
[delivery:knowledgebase] Uploading guidelines.md to Vercel Blob for domain st25final01
[delivery:knowledgebase] Registered guidelines upload job a99f4d14-0da2-4829-89fd-61df500da003; waiting for ingestion
[delivery:knowledgebase] Guidelines ingestion job a99f4d14-0da2-4829-89fd-61df500da003: processing
[delivery:knowledgebase] Guidelines ingestion job a99f4d14-0da2-4829-89fd-61df500da003: processing
[delivery:knowledgebase] Guidelines ingestion job a99f4d14-0da2-4829-89fd-61df500da003: processing
[delivery:knowledgebase] Guidelines ingestion job a99f4d14-0da2-4829-89fd-61df500da003: processing
[delivery:knowledgebase] Guidelines ingestion job a99f4d14-0da2-4829-89fd-61df500da003: processing
[delivery:knowledgebase] Guidelines ingestion job a99f4d14-0da2-4829-89fd-61df500da003: processing
[delivery:knowledgebase] Guidelines ingestion job a99f4d14-0da2-4829-89fd-61df500da003: processing
[delivery:knowledgebase] Guidelines ingestion job a99f4d14-0da2-4829-89fd-61df500da003: processing
[delivery:knowledgebase] Guidelines ingestion job a99f4d14-0da2-4829-89fd-61df500da003: processing
[delivery:knowledgebase] Guidelines ingestion job a99f4d14-0da2-4829-89fd-61df500da003: processing
[delivery:knowledgebase] Guidelines ingestion job a99f4d14-0da2-4829-89fd-61df500da003: processing
[delivery:knowledgebase] Guidelines ingestion job a99f4d14-0da2-4829-89fd-61df500da003: processing
[delivery:knowledgebase] Guidelines ingestion job a99f4d14-0da2-4829-89fd-61df500da003: processing
[delivery:knowledgebase] Guidelines ingestion job a99f4d14-0da2-4829-89fd-61df500da003: processing
[delivery:knowledgebase] Guidelines ingestion job a99f4d14-0da2-4829-89fd-61df500da003: processing
[delivery:knowledgebase] Guidelines ingestion job a99f4d14-0da2-4829-89fd-61df500da003: processing
[delivery:knowledgebase] Guidelines ingestion job a99f4d14-0da2-4829-89fd-61df500da003: processing
[delivery:knowledgebase] Guidelines ingestion job a99f4d14-0da2-4829-89fd-61df500da003: processing
[delivery:knowledgebase] Guidelines ingestion job a99f4d14-0da2-4829-89fd-61df500da003: processing
[delivery:knowledgebase] Guidelines ingestion job a99f4d14-0da2-4829-89fd-61df500da003: processing
[delivery:knowledgebase] Guidelines ingestion job a99f4d14-0da2-4829-89fd-61df500da003: processing
[delivery:knowledgebase] Guidelines ingestion job a99f4d14-0da2-4829-89fd-61df500da003: processing
[delivery:knowledgebase] Guidelines ingestion job a99f4d14-0da2-4829-89fd-61df500da003: processing
[delivery:knowledgebase] Guidelines ingestion job a99f4d14-0da2-4829-89fd-61df500da003: succeeded
[delivery:knowledgebase] Guidelines ingestion succeeded for domain st25final01 (job a99f4d14-0da2-4829-89fd-61df500da003)

[delivery] Run ID: 20260727-195942
[delivery] Assignment: /Users/nghalinh2711/Development/student-repos/st25final01
[delivery] Assignment ID: st25final01
[delivery] Coding session: 20260727-195942-coding
[delivery] Requirements session: 20260727-195942-req
[delivery] Requirements log: /Users/nghalinh2711/Development/eval/programming/20260727-195942/requirements-output.log

[delivery] Phase A: Requirements

[delivery:requirements] Exercise stream: 11 turns for st25final01 (starting at turn 1)
[delivery:requirements] Output log: /Users/nghalinh2711/Development/eval/programming/20260727-195942/requirements-output.log
[delivery:requirements] Turn 1/11: Introduction
● [adaptive-context] GET http://localhost:4444/api/agents/7af7809a-adce-4fa9-9609-fd61059de0ff/sessi
  ons/20260727-195942-req/context?input=Ich+arbeite+an+einer+Abschluss-Programmieraufgabe.+Ich+werde
  +dir+die+Aufgabe+im+Folgenden+abschnittsweise+%C3%BCbermitteln.+Lies+sie+dir+durch+und+verschaffe+
  dir+zun%C3%A4chst+einen+%C3%9Cberblick+%C3%BCber+den+Kontext%2C+bevor+der+Backlog-+und+Task-Erstel
  lung.+Achte+dabei+unbedingt+auf+die+vorgegebenen+Regeln+und+Richtlinien.&project=ProgrammingST25-F
  inal1&role=requirements&task=Understand+the+st25final01+and+create+its+backlog+when+prompted.&time
  stamp=2026-07-27T18%3A01%3A41.693Z&domain=st25final01

● Injected adaptive memory context into system prompt

● <adaptive_rules>
  - Examples in the statement that show input lines prefixed with '> ' indicate the prompt
  characters and are not part of the entered command.
  - The assignment-specific implementation guidelines document applies mandatorily to
  Abschlussaufgabe 1 "Behavior-Trees für Marienkäfer".
  - After printing an error message the program must continue and wait for the next input.
  - On invalid input or unsuccessful command execution an error message must be printed that begins
  with 'Error,' and contains no special characters (for example newlines or umlauts).
  - Program must read input from standard input (System.in) unless otherwise specified.
  - Program must write outputs to System.out (and may write error messages to System.err); standard
  streams must never be reassigned.
  - Program outputs must exactly match the specification (case, spaces, newlines); no additional
  information may be printed.
  - Submitted program must compile without errors.
  - Submitted program must not use Java library elements except java.util.Scanner and elements from
  the listed packages.
  - Submitted program must use only Java SE 21.
  - The program must not call System.exit(), Runtime.exit() or similar.
  - The provided set of Checkstyle rules must be followed.
  - Beim erfolgreichen Laden eines neuen Spielfelds werden geladene Behavior-Trees sowie deren
  Marienkäfer gelöscht.
  - Der Befehl `load board` überschreibt das alte Spielfeld, falls das neue gültig ist.
  - The command 'load trees' may only be executed after a board has been loaded (via the
  board-loading command).
  - Students must submit their *.java files online as a single-person submission with the
  appropriate folder structure.
  - Die Schreibweise des Knotentyps orientiert sich am Konzepte-Abschnitt und folgt Camel Case
  (Beispiele: 'fallback', 'sequence', 'parallel').
  - Bei Fallback-Knoten werden übersprungene Kinder so behandelt, als ob sie 'FAILURE' zurückgegeben
   hätten.
  - Bei Parallel-Knoten werden übersprungene Kinder so behandelt, als ob sie 'FAILURE' zurückgegeben
   hätten; dabei ändert sich M nicht.
  - Bei Sequence-Knoten werden übersprungene Kinder so behandelt, als ob sie 'SUCCESS' zurückgegeben
   hätten.
  - Wenn die nächste Aktion ausgeführt wird, wird danach zusätzlich das Spielfeld ausgegeben und der
   nächste Marienkäfer ist an der Reihe.
  - Bei der Rückgabe jedes Knotens (Blatt und Nicht-Blatt) wird ausgegeben: Marienkäfernummer,
  Bezeichner des Knotens, Typ des Knotens und Ergebnis ('SUCCESS' oder 'FAILURE').
  - Beim mehrfachen Ausführen von `load trees` werden, falls alle neuen Behavior-Trees gültig sind,
  alle alten Trees und deren Marienkäfer überschrieben.
  - The number of behavior trees to load must not exceed the number of ladybugs on the loaded board.
  - When executing 'load trees' each file's contents must be read, printed verbatim, then parsed and
   validated; if any tree is invalid the command must be aborted with an error.
  - Each Behavior-Tree must contain at least one action; this must be validated during 'load trees'.
  - Initial positions and ordering of ladybugs are determined by the board: ladybugs are sorted
  first by row then by column.
  - The program must terminate when the user enters the command 'quit' and must not use
  System.exit() or similar to do so.
  - Das Spielfeld wird zeilenweise ausgegeben und mit den Zeichen '+', '-' und '|' umrandet.
  - Jede Spielfeldzeile beginnt und endet mit dem Zeichen '|'.
  - Oben und unten wird eine Zeile `+---+` eingefügt; Anzahl der Bindestriche entspricht der Breite
  des Felds.
  - All commands except 'quit' and 'load board' require at least one valid behavior tree and a valid
   board to be loaded; otherwise an appropriate error must be shown.
  - Das Koordinatensystem hat den Ursprung (1,1) in der oberen linken Ecke.
  - Die x-Achse verläuft positiv nach rechts; die y-Achse verläuft positiv nach unten.
  - Beim Eintritt in einen Nicht-Blattknoten wird Ausgabe: Marienkäfernummer, Bezeichner des
  Knotens, Typ des Knotens und 'ENTRY'.
  </adaptive_rules>

  <knowledge>
    - Blätter werden im Ausgabefeld durch '*' dargestellt.
  </knowledge>
  <entity_paths>
    - Implementierungsrichtlinien — Abschlussaufgabe 1 (SS 2025) RELATES_TO Abschlussaufgabe 1
  "Behavior-Trees für Marienkäfer": The assignment-specific implementation guidelines document
  applies mandatorily to Abschlussaufgabe 1 "Behavior-Trees für Marienkäfer".
    - Implementierungsrichtlinien — Abschlussaufgabe 1 (SS 2025) RELATES_TO Prompt characters '> '
  are not part of input: Examples in the statement that show input lines prefixed with '> ' indicate
   the prompt characters and are not part of the entered command.
    - next action Verhalten CONSTRAINT Zusätzliches Ausgeben des Spielfelds und Übergabe an nächsten
   Käfer: Wenn die nächste Aktion ausgeführt wird, wird danach zusätzlich das Spielfeld ausgegeben
  und der nächste Marienkäfer ist an der Reihe.
  </entity_paths>
  <entity_matches>
    - Implementierungsrichtlinien — Abschlussaufgabe 1 (SS 2025) (score: 0.77) — This guideline
  document containing mandatory rules for the assignment
    - Abschlussaufgabe 1 "Behavior-Trees für Marienkäfer" (score: 0.76) — The assignment this
  document governs
    - Camel Case (Beispiele: 'fallback','sequence','parallel') (score: 0.72) — Schreibweise laut
  Konzepte-Abschnitt.
    - next action Verhalten (score: 0.72) — Verhalten nach Ausführung der nächsten Aktion.
    - Submit *.java files with folder structure in Einzelarbeit (score: 0.69) — Submission must be
  Java files, single student, proper folder layout
  </entity_matches>

● adaptive-memory extension active (role=requirements, memorySession=20260727-195942-req) - type
  /memory-help. MCP tools registered (memory=true, backlog=true).







Changes    +0 -0
Duration   15s
Tokens     ↑ 20.8k (1.2k cached) • ↓ 536 (271 reasoning)
[delivery:requirements] Turn 1/11 complete
[delivery:requirements] Turn 2/11: task.md — segment 1/9 — Abschlussaufgabe 1 — Behavior-Trees für Marienkäfer
● [adaptive-context] GET http://localhost:4444/api/agents/7af7809a-adce-4fa9-9609-fd61059de0ff/sessi
  ons/20260727-195942-req/context?input=Dokument%3A+task.md%0ASegment%3A+1%2F9%0AAbschnitt%3A+Abschl
  ussaufgabe+1+%E2%80%94+Behavior-Trees+f%C3%BCr+Marienk%C3%A4fer%0A%0ALies+diesen+Abschnitt+sorgf%C
  3%A4ltig+und+behalte+den+Kontext.+Erstelle+noch+keinen+Backlog+und+noch+keine+Tasks.+Warte+damit+b
  is+zum+abschlie%C3%9Fenden+%2Ffinalize.%0A%0A%23+Abschlussaufgabe+1+%E2%80%94+Behavior-Trees+f%C3%
  BCr+Marienk%C3%A4fer%0A%0A**Vorlesung%3A**+Programmieren%0A**Semester%3A**+Sommersemester+2025%0A*
  *Dozent%3A**+Prof.+Dr.-Ing.+Anne+Koziolek%0A**Gruppe%3A**+Institute+of+Information+Security+and+De
  pendability+%28KASTEL%29%0A**Punkte%3A**+20+Punkte%0A**Version%3A**+1.0&project=ProgrammingST25-Fi
  nal1&role=requirements&task=Understand+the+st25final01+and+create+its+backlog+when+prompted.&times
  tamp=2026-07-27T18%3A02%3A00.674Z&domain=st25final01

● Injected adaptive memory context into system prompt

● <adaptive_rules>
  - Examples in the statement that show input lines prefixed with '> ' indicate the prompt
  characters and are not part of the entered command.
  - The assignment-specific implementation guidelines document applies mandatorily to
  Abschlussaufgabe 1 "Behavior-Trees für Marienkäfer".
  - Beim erfolgreichen Laden eines neuen Spielfelds werden geladene Behavior-Trees sowie deren
  Marienkäfer gelöscht.
  - Der Befehl `load board` überschreibt das alte Spielfeld, falls das neue gültig ist.
  - Each Behavior-Tree must contain at least one action; this must be validated during 'load trees'.
  - Beim mehrfachen Ausführen von `load trees` werden, falls alle neuen Behavior-Trees gültig sind,
  alle alten Trees und deren Marienkäfer überschrieben.
  - The command 'load trees' may only be executed after a board has been loaded (via the
  board-loading command).
  - The number of behavior trees to load must not exceed the number of ladybugs on the loaded board.
  - When executing 'load trees' each file's contents must be read, printed verbatim, then parsed and
   validated; if any tree is invalid the command must be aborted with an error.
  - Wenn die nächste Aktion ausgeführt wird, wird danach zusätzlich das Spielfeld ausgegeben und der
   nächste Marienkäfer ist an der Reihe.
  - Bei der Rückgabe jedes Knotens (Blatt und Nicht-Blatt) wird ausgegeben: Marienkäfernummer,
  Bezeichner des Knotens, Typ des Knotens und Ergebnis ('SUCCESS' oder 'FAILURE').
  - Bei Fallback-Knoten werden übersprungene Kinder so behandelt, als ob sie 'FAILURE' zurückgegeben
   hätten.
  - Students must submit their *.java files online as a single-person submission with the
  appropriate folder structure.
  - All commands except 'quit' and 'load board' require at least one valid behavior tree and a valid
   board to be loaded; otherwise an appropriate error must be shown.
  - Bei Parallel-Knoten werden übersprungene Kinder so behandelt, als ob sie 'FAILURE' zurückgegeben
   hätten; dabei ändert sich M nicht.
  - After printing an error message the program must continue and wait for the next input.
  - On invalid input or unsuccessful command execution an error message must be printed that begins
  with 'Error,' and contains no special characters (for example newlines or umlauts).
  - Program must read input from standard input (System.in) unless otherwise specified.
  - Program must write outputs to System.out (and may write error messages to System.err); standard
  streams must never be reassigned.
  - Program outputs must exactly match the specification (case, spaces, newlines); no additional
  information may be printed.
  - Submitted program must compile without errors.
  - Submitted program must not use Java library elements except java.util.Scanner and elements from
  the listed packages.
  - Submitted program must use only Java SE 21.
  - The program must not call System.exit(), Runtime.exit() or similar.
  - The provided set of Checkstyle rules must be followed.
  - Beim Eintritt in einen Nicht-Blattknoten wird Ausgabe: Marienkäfernummer, Bezeichner des
  Knotens, Typ des Knotens und 'ENTRY'.
  - Die Schreibweise des Knotentyps orientiert sich am Konzepte-Abschnitt und folgt Camel Case
  (Beispiele: 'fallback', 'sequence', 'parallel').
  - Bei Sequence-Knoten werden übersprungene Kinder so behandelt, als ob sie 'SUCCESS' zurückgegeben
   hätten.
  - Initial positions and ordering of ladybugs are determined by the board: ladybugs are sorted
  first by row then by column.
  - Each ladybug receives a unique sequential identifier starting from 1.
  - The program must terminate when the user enters the command 'quit' and must not use
  System.exit() or similar to do so.
  - Das Spielfeld wird zeilenweise ausgegeben und mit den Zeichen '+', '-' und '|' umrandet.
  - Jede Spielfeldzeile beginnt und endet mit dem Zeichen '|'.
  - Oben und unten wird eine Zeile `+---+` eingefügt; Anzahl der Bindestriche entspricht der Breite
  des Felds.
  - Das Koordinatensystem hat den Ursprung (1,1) in der oberen linken Ecke.
  - Die x-Achse verläuft positiv nach rechts; die y-Achse verläuft positiv nach unten.
  </adaptive_rules>

  <entity_paths>
    - load trees RELATES_TO Read, print verbatim, parse and validate each tree; abort on invalid:
  When executing 'load trees' each file's contents must be read, printed verbatim, then parsed and
  validated; if any tree is invalid the command must be aborted with an error.
    - load trees CONSTRAINT Number of trees <= number of ladybugs: The number of behavior trees to
  load must not exceed the number of ladybugs on the loaded board.
    - load trees CONSTRAINT Überschreiben alter Trees und deren Marienkäfer bei gültigen neuen
  Trees: Beim mehrfachen Ausführen von `load trees` werden, falls alle neuen Behavior-Trees gültig
  sind, alle alten Trees und deren Marienkäfer überschrieben.
    - load trees DEPENDS_ON load board: The command 'load trees' may only be executed after a board
  has been loaded (via the board-loading command).
    - Sequence-Knoten CONSTRAINT Übersprungene Kinder werden als 'SUCCESS' behandelt: Bei
  Sequence-Knoten werden übersprungene Kinder so behandelt, als ob sie 'SUCCESS' zurückgegeben
  hätten.
    - Implementierungsrichtlinien — Abschlussaufgabe 1 (SS 2025) RELATES_TO Abschlussaufgabe 1
  "Behavior-Trees für Marienkäfer": The assignment-specific implementation guidelines document
  applies mandatorily to Abschlussaufgabe 1 "Behavior-Trees für Marienkäfer".
    - Implementierungsrichtlinien — Abschlussaufgabe 1 (SS 2025) RELATES_TO Prompt characters '> '
  are not part of input: Examples in the statement that show input lines prefixed with '> ' indicate
   the prompt characters and are not part of the entered command.
    - load trees DEPENDS_ON load board: The command 'load trees' may only be executed after a board
  has been loaded (via the board-loading command).
    - load board CONSTRAINT Löschen geladener Behavior-Trees und deren Marienkäfer: Beim
  erfolgreichen Laden eines neuen Spielfelds werden geladene Behavior-Trees sowie deren Marienkäfer
  gelöscht.
    - load trees DEPENDS_ON load board: The command 'load trees' may only be executed after a board
  has been loaded (via the board-loading command).
    - load board CONSTRAINT Überschreiben altes Spielfeld bei gültigem Neuimport: Der Befehl `load
  board` überschreibt das alte Spielfeld, falls das neue gültig ist.
    - load trees DEPENDS_ON load board: The command 'load trees' may only be executed after a board
  has been loaded (via the board-loading command).
    - load board USES Files::readAllLines: Zum Einlesen des Inhalts der Spielfeld-Datei kann
  `Files::readAllLines` verwendet werden.
  </entity_paths>
  <entity_matches>
    - Abschlussaufgabe 1 "Behavior-Trees für Marienkäfer" (score: 0.90) — The assignment this
  document governs
    - Löschen geladener Behavior-Trees und deren Marienkäfer (score: 0.78) — Vorhandene Trees und
  zugehörige Käfer werden entfernt.
    - load trees (score: 0.77) — Kommando zum Laden von Behavior-Trees.
    - Sequence-Knoten (score: 0.75) — Sequence Knoten im Behavior-Tree.
    - Implementierungsrichtlinien — Abschlussaufgabe 1 (SS 2025) (score: 0.74) — This guideline
  document containing mandatory rules for the assignment
  </entity_matches>

● adaptive-memory extension active (role=requirements, memorySession=20260727-195942-req) - type
  /memory-help. MCP tools registered (memory=true, backlog=true).







Changes    +0 -0
Duration   27s
Tokens     ↑ 21.7k (1.2k cached) • ↓ 281 (139 reasoning)
[delivery:requirements] Turn 2/11 complete
[delivery:requirements] Turn 3/11: task.md — segment 2/9 — Abschlussaufgabe 1 — Behavior-Trees für Marienkäfer > 1 Einführung
● [adaptive-context] GET
  http://localhost:4444/api/agents/7af7809a-adce-4fa9-9609-fd61059de0ff/sessions/20260727-195942-req
  /context?input=Dokument%3A+task.md%0ASegment%3A+2%2F9%0AAbschnitt%3A+Abschlussaufgabe+1+%E2%80%94+
  Behavior-Trees+f%C3%BCr+Marienk%C3%A4fer+%3E+1+Einf%C3%BChrung%0A%0ALies+diesen+Abschnitt+sorgf%C3
  %A4ltig+und+behalte+den+Kontext.+Erstelle+noch+keinen+Backlog+und+noch+keine+Tasks.+Warte+damit+bi
  s+zum+abschlie%C3%9Fenden+%2Ffinalize.%0A%0A%23%23+1+Einf%C3%BChrung%0A%0AIn+dieser+Aufgabe+sollen
  +sie+mehrere+Marienk%C3%A4fer+auf+einem+zweidimensionalen+Spielfeld+steuern.+Die+Marienk%C3%A4fer+
  k%C3%B6nnen+verschiedene+Aktionen+ausf%C3%BChren+und+ihr+Verhalten+wird+jeweils+durch+einen+verein
  fachten+*Behavior-Tree*+definiert+%28siehe+%3Chttps%3A%2F%2Fen.wikipedia.org%2Fwiki%2FBehavior_tre
  e_%28artificial_intelligence%2C_robotics_and_control%29%3E%29.%0A%0AIm+Folgenden+werden+zun%C3%A4c
  hst+die+vorkommenden+Konzepte+kurz+erkl%C3%A4rt.+Im+Anschluss+werden+die+geforderten+Befehle%2C+di
  e+das+von+Ihnen+implementierte+System+unterst%C3%BCtzen+soll%2C+mit+beispielhaften+Ein-+und+Ausgab
  en+beschrieben.&project=ProgrammingST25-Final1&role=requirements&task=Understand+the+st25final01+a
  nd+create+its+backlog+when+prompted.&timestamp=2026-07-27T18%3A02%3A12.002Z&domain=st25final01

● Injected adaptive memory context into system prompt

● <adaptive_rules>
  - Examples in the statement that show input lines prefixed with '> ' indicate the prompt
  characters and are not part of the entered command.
  - The assignment-specific implementation guidelines document applies mandatorily to
  Abschlussaufgabe 1 "Behavior-Trees für Marienkäfer".
  - Wenn die nächste Aktion ausgeführt wird, wird danach zusätzlich das Spielfeld ausgegeben und der
   nächste Marienkäfer ist an der Reihe.
  - Each Behavior-Tree must contain at least one action; this must be validated during 'load trees'.
  - All commands except 'quit' and 'load board' require at least one valid behavior tree and a valid
   board to be loaded; otherwise an appropriate error must be shown.
  - Das Spielfeld wird zeilenweise ausgegeben und mit den Zeichen '+', '-' und '|' umrandet.
  - Jede Spielfeldzeile beginnt und endet mit dem Zeichen '|'.
  - Oben und unten wird eine Zeile `+---+` eingefügt; Anzahl der Bindestriche entspricht der Breite
  des Felds.
  - Beim erfolgreichen Laden eines neuen Spielfelds werden geladene Behavior-Trees sowie deren
  Marienkäfer gelöscht.
  - Der Befehl `load board` überschreibt das alte Spielfeld, falls das neue gültig ist.
  - The command 'load trees' may only be executed after a board has been loaded (via the
  board-loading command).
  - Beim mehrfachen Ausführen von `load trees` werden, falls alle neuen Behavior-Trees gültig sind,
  alle alten Trees und deren Marienkäfer überschrieben.
  - The number of behavior trees to load must not exceed the number of ladybugs on the loaded board.
  - When executing 'load trees' each file's contents must be read, printed verbatim, then parsed and
   validated; if any tree is invalid the command must be aborted with an error.
  - Bei der Rückgabe jedes Knotens (Blatt und Nicht-Blatt) wird ausgegeben: Marienkäfernummer,
  Bezeichner des Knotens, Typ des Knotens und Ergebnis ('SUCCESS' oder 'FAILURE').
  - Bei Fallback-Knoten werden übersprungene Kinder so behandelt, als ob sie 'FAILURE' zurückgegeben
   hätten.
  - Bei Sequence-Knoten werden übersprungene Kinder so behandelt, als ob sie 'SUCCESS' zurückgegeben
   hätten.
  - Bei Parallel-Knoten werden übersprungene Kinder so behandelt, als ob sie 'FAILURE' zurückgegeben
   hätten; dabei ändert sich M nicht.
  - After printing an error message the program must continue and wait for the next input.
  - On invalid input or unsuccessful command execution an error message must be printed that begins
  with 'Error,' and contains no special characters (for example newlines or umlauts).
  - Program must read input from standard input (System.in) unless otherwise specified.
  - Program must write outputs to System.out (and may write error messages to System.err); standard
  streams must never be reassigned.
  - Program outputs must exactly match the specification (case, spaces, newlines); no additional
  information may be printed.
  - Submitted program must compile without errors.
  - Submitted program must not use Java library elements except java.util.Scanner and elements from
  the listed packages.
  - Submitted program must use only Java SE 21.
  - The program must not call System.exit(), Runtime.exit() or similar.
  - The provided set of Checkstyle rules must be followed.
  - Beim Eintritt in einen Nicht-Blattknoten wird Ausgabe: Marienkäfernummer, Bezeichner des
  Knotens, Typ des Knotens und 'ENTRY'.
  - Students must submit their *.java files online as a single-person submission with the
  appropriate folder structure.
  - Die Schreibweise des Knotentyps orientiert sich am Konzepte-Abschnitt und folgt Camel Case
  (Beispiele: 'fallback', 'sequence', 'parallel').
  - Initial positions and ordering of ladybugs are determined by the board: ladybugs are sorted
  first by row then by column.
  - Das Koordinatensystem hat den Ursprung (1,1) in der oberen linken Ecke.
  - Die x-Achse verläuft positiv nach rechts; die y-Achse verläuft positiv nach unten.
  - Each ladybug receives a unique sequential identifier starting from 1.
  - The program must terminate when the user enters the command 'quit' and must not use
  System.exit() or similar to do so.
  </adaptive_rules>

  <knowledge>
    - Marienkäfer werden durch '^', '>', 'v' oder '<' entsprechend ihrer Blickrichtung dargestellt.
    - Bäume werden im Ausgabefeld durch '#' dargestellt.
  </knowledge>
  <entity_paths>
    - load trees RELATES_TO Read, print verbatim, parse and validate each tree; abort on invalid:
  When executing 'load trees' each file's contents must be read, printed verbatim, then parsed and
  validated; if any tree is invalid the command must be aborted with an error.
    - load trees CONSTRAINT Number of trees <= number of ladybugs: The number of behavior trees to
  load must not exceed the number of ladybugs on the loaded board.
    - load trees CONSTRAINT Überschreiben alter Trees und deren Marienkäfer bei gültigen neuen
  Trees: Beim mehrfachen Ausführen von `load trees` werden, falls alle neuen Behavior-Trees gültig
  sind, alle alten Trees und deren Marienkäfer überschrieben.
    - load trees DEPENDS_ON load board: The command 'load trees' may only be executed after a board
  has been loaded (via the board-loading command).
    - Sequence-Knoten CONSTRAINT Übersprungene Kinder werden als 'SUCCESS' behandelt: Bei
  Sequence-Knoten werden übersprungene Kinder so behandelt, als ob sie 'SUCCESS' zurückgegeben
  hätten.
    - load trees DEPENDS_ON load board: The command 'load trees' may only be executed after a board
  has been loaded (via the board-loading command).
    - load board CONSTRAINT Löschen geladener Behavior-Trees und deren Marienkäfer: Beim
  erfolgreichen Laden eines neuen Spielfelds werden geladene Behavior-Trees sowie deren Marienkäfer
  gelöscht.
    - load trees DEPENDS_ON load board: The command 'load trees' may only be executed after a board
  has been loaded (via the board-loading command).
    - load board CONSTRAINT Überschreiben altes Spielfeld bei gültigem Neuimport: Der Befehl `load
  board` überschreibt das alte Spielfeld, falls das neue gültig ist.
    - load trees DEPENDS_ON load board: The command 'load trees' may only be executed after a board
  has been loaded (via the board-loading command).
    - load board USES Files::readAllLines: Zum Einlesen des Inhalts der Spielfeld-Datei kann
  `Files::readAllLines` verwendet werden.
  </entity_paths>
  <entity_matches>
    - Abschlussaufgabe 1 "Behavior-Trees für Marienkäfer" (score: 0.90) — The assignment this
  document governs
    - Löschen geladener Behavior-Trees und deren Marienkäfer (score: 0.79) — Vorhandene Trees und
  zugehörige Käfer werden entfernt.
    - load trees (score: 0.78) — Kommando zum Laden von Behavior-Trees.
    - Zusätzliches Ausgeben des Spielfelds und Übergabe an nächsten Käfer (score: 0.76) — Nach
  Aktion: Board-Ausgabe und Wechsel zum nächsten Käfer.
    - Sequence-Knoten (score: 0.76) — Sequence Knoten im Behavior-Tree.
  </entity_matches>

● adaptive-memory extension active (role=requirements, memorySession=20260727-195942-req) - type
  /memory-help. MCP tools registered (memory=true, backlog=true).







Changes    +0 -0
Duration   40s
Tokens     ↑ 22.0k (1.3k cached) • ↓ 203 (63 reasoning)
[delivery:requirements] Turn 3/11 complete
[delivery:requirements] Turn 4/11: task.md — segment 3/9 — Abschlussaufgabe 1 — Behavior-Trees für Marienkäfer > 2 Konzepte
● [adaptive-context] GET http://localhost:4444/api/agents/7af7809a-adce-4fa9-9609-fd61059de0ff/sessi
  ons/20260727-195942-req/context?input=Dokument%3A+task.md%0ASegment%3A+3%2F9%0AAbschnitt%3A+Abschl
  ussaufgabe+1+%E2%80%94+Behavior-Trees+f%C3%BCr+Marienk%C3%A4fer+%3E+2+Konzepte%0A%0ALies+diesen+Ab
  schnitt+sorgf%C3%A4ltig+und+behalte+den+Kontext.+Erstelle+noch+keinen+Backlog+und+noch+keine+Tasks
  .+Warte+damit+bis+zum+abschlie%C3%9Fenden+%2Ffinalize.%0A%0A%23%23+2+Konzepte%0A%0ABehavior-Trees+
  modellieren+Verhalten+als+klar+strukturierte+Hierarchie%3A+Von+der+Wurzel+aus+verzweigen+Knoten%2C
  +die+schrittweise+entscheiden%2C+welche+Teilhandlungen+aktiviert+werden.+Dazu+gibt+es+Fallback-Kno
  ten%2C+die+alternative+Pfade+w%C3%A4hlen%2C+wenn+der+erste+Versuch+scheitert%2C+Sequenz-Knoten%2C+
  die+Aktionen+strikt+der+Reihe+nach+ausf%C3%BChren%2C+und+Parallel-Knoten%2C+die+mehrere+%C3%84ste+
  gleichzeitig+betreiben.+Condition-+und+Action-Knoten+bilden+dabei+die+Bl%C3%A4tter+des+Baums+%E2%8
  0%93+erstere+treffen+Pr%C3%BCfaussagen%2C+letztere+l%C3%B6sen+konkrete+Handlungen+aus.+Die+Reihenf
  olge+der+Knoten+auf+einem+Level+ist+von+links+nach+Rechts.%0A%0AIm+Folgenden+werden+alle+f%C3%BCr+
  diese+Aufgabe+relevanten+Konzepte+erl%C3%A4utert.%0A%0A%23%23%23+2.1+Der+%60fallback%60-Knoten%0A%
  0ADer+Fallback-Knoten+beschreibt+eine+optionale+Folge+von+Teilschritten+und+wird+im+Graph+als+ecki
  ges+K%C3%A4stchen+mit+%60%3F%60+dargestellt.%0A%0ADer+Fallback-Knoten+ruft+zuerst+das+erste+seiner
  +Kinder+auf.+Wenn+dieses+%60Success%60+zur%C3%BCckgibt%2C+so+gibt+der+Fallback-Knoten+auch+%60Succ
  ess%60+zur%C3%BCck.+Gibt+das+erste+Kind+%60Failure%60+zur%C3%BCck%2C+ruft+der+Fallback-Knoten+das+
  zweite+Kind+auf.+Dies+passiert+solange+bis+ein+Kind+%60Success%60+zur%C3%BCckgibt%2C+oder+es+keine
  +Kinder+mehr+gibt%2C+woraufhin+der+Fallback-Knoten+dann+%60Failure%60+zur%C3%BCck+gibt.%0A%0AForma
  les+Verhalten+%28Fallback-Knoten+mit+*N*+Kindern%29%3A%0A%0A%60%60%60%0Afor+i+%E2%86%90+1+to+N%3A%
  0A++++childStatus+%E2%86%90+Tick%28child%28i%29%29%0A++++if+childStatus+%3D+Success%3A%0A++++++++r
  eturn+Success%0Areturn+Failure%0A%60%60%60%0A%0A%23%23%23+2.2+Der+%60sequence%60-Knoten%0A%0ADer+S
  equence-Knoten+beschreibt+eine+sequentielle+Folge+von+Teilschritten+und+wird+im+Graph+als+eckiges+
  K%C3%A4stchen+mit+%60-%3E%60+dargestellt.%0A%0ADer+Sequence-Knoten+ruft+zuerst+das+erste+seiner+Ki
  nder+auf.+Wenn+dieses+%60Failure%60+zur%C3%BCckgibt%2C+so+gibt+der+Sequence-Knoten+auch+%60Failure
  %60+zur%C3%BCck.+Gibt+das+erste+Kind+%60Success%60+zur%C3%BCck%2C+ruft+der+Sequence-Knoten+das+zwe
  ite+Kind+auf.+Dies+passiert+solange+bis+ein+Kind+%60Failure%60+zur%C3%BCckgibt%2C+oder+es+keine+Ki
  nder+mehr+gibt%2C+woraufhin+der+Sequence-Knoten+dann+%60Success%60+zur%C3%BCck+gibt.%0A%0AFormales
  +Verhalten+%28Sequence-Knoten+mit+*N*+Kindern%29%3A%0A%0A%60%60%60%0Afor+i+%E2%86%90+1+to+N%3A%0A+
  +++childStatus+%E2%86%90+Tick%28child%28i%29%29%0A++++if+childStatus+%3D+Failure%3A%0A++++++++retu
  rn+Failure%0Areturn+Success%0A%60%60%60%0A%0A%23%23%23+2.3+Der+%60parallel%60-Knoten%0A%0ADer+Para
  llel-Knoten+beschreibt+eine+parallele+Ausf%C3%BChrung+von+Teilschritten+und+wird+im+Graph+als+ecki
  ges+K%C3%A4stchen+mit+%60%3DM%3E%60+dargestellt.%0A%0ADer+Parallel-Knoten+ruft+**jedes**+seiner+Ki
  nder+der+Reihe+nach+auf.+Wenn+mindestens+*M*+dieser+Kinder+%60Success%60+zur%C3%BCckgeben%2C+so+gi
  bt+der+Parallel-Knoten+auch+%60Success%60+zur%C3%BCck.+Andernfalls+gibt+er+%60Failure%60+zur%C3%BC
  ck.+*M*+ist+eine+beliebige%2C+aber+in+einem+konkreten+Baum+fest+definierte+positive+Ganzzahl.%0A%0
  AFormales+Verhalten+%28Parallel-Knoten+mit+*N*+Kindern%29%3A%0A%0A%60%60%60%0Afor+i+%E2%86%90+1+to
  +N%3A%0A++++childStatus%28i%29+%E2%86%90+Tick%28child%28i%29%29%0Aif+%CE%A3_%7Bi%3D1..N%7D+%5Bchil
  dStatus%28i%29+%3D+Success%5D+%E2%89%A5+M%3A%0A++++return+Success%0Areturn+Failure%0A%60%60%60%0A%
  0A%23%23%23+2.4+Condition-Knoten%0A%0ADer+Condition-Knoten+beschreibt+eine+Bedingung+und+wird+im+G
  raph+als+abgerundetes+K%C3%A4stchen+mit+freien+Namen+%28allerdings+ohne+**%3F**%2C+**-%3E**+und+**
  %3DM%3E**%29+dargestellt.%0A%0ADer+Condition-Knoten+ist+ein+Blatt+und+gibt+entweder+%60SUCCESS%60+
  oder+%60FAILURE%60+zur%C3%BCck%2C+je+nachdem+ob+die+Bedingung+erf%C3%BCllt+ist.%0A%0A%23%23%23+2.5
  +Action-Knoten%0A%0ADer+Action-Knoten+beschreibt+eine+Aktion+und+wird+im+Graph+als+eckiges+K%C3%A4
  stchen+mit+freien+Namen+%28allerdings+ohne+**%3F**%2C+**-%3E**+und+**%3DM%3E**%29+dargestellt.%0A%
  0ADer+Action-Knoten+ist+ein+Blatt+und+versucht+die+angegebene+Aktion+auszuf%C3%BChren.+Je+nach+Erf
  olg+gibt+der+Knoten+entweder+%60SUCCESS%60+oder+%60FAILURE%60+zur%C3%BCck.&project=ProgrammingST25
  -Final1&role=requirements&task=Understand+the+st25final01+and+create+its+backlog+when+prompted.&ti
  mestamp=2026-07-27T18%3A02%3A24.810Z&domain=st25final01

● Injected adaptive memory context into system prompt

● <adaptive_rules>
  - Examples in the statement that show input lines prefixed with '> ' indicate the prompt
  characters and are not part of the entered command.
  - The assignment-specific implementation guidelines document applies mandatorily to
  Abschlussaufgabe 1 "Behavior-Trees für Marienkäfer".
  - Bei Parallel-Knoten werden übersprungene Kinder so behandelt, als ob sie 'FAILURE' zurückgegeben
   hätten; dabei ändert sich M nicht.
  - Bei Fallback-Knoten werden übersprungene Kinder so behandelt, als ob sie 'FAILURE' zurückgegeben
   hätten.
  - Bei Sequence-Knoten werden übersprungene Kinder so behandelt, als ob sie 'SUCCESS' zurückgegeben
   hätten.
  - Die Schreibweise des Knotentyps orientiert sich am Konzepte-Abschnitt und folgt Camel Case
  (Beispiele: 'fallback', 'sequence', 'parallel').
  - Beim erfolgreichen Laden eines neuen Spielfelds werden geladene Behavior-Trees sowie deren
  Marienkäfer gelöscht.
  - Der Befehl `load board` überschreibt das alte Spielfeld, falls das neue gültig ist.
  - Each Behavior-Tree must contain at least one action; this must be validated during 'load trees'.
  - Bei der Rückgabe jedes Knotens (Blatt und Nicht-Blatt) wird ausgegeben: Marienkäfernummer,
  Bezeichner des Knotens, Typ des Knotens und Ergebnis ('SUCCESS' oder 'FAILURE').
  - Wenn die nächste Aktion ausgeführt wird, wird danach zusätzlich das Spielfeld ausgegeben und der
   nächste Marienkäfer ist an der Reihe.
  - Beim mehrfachen Ausführen von `load trees` werden, falls alle neuen Behavior-Trees gültig sind,
  alle alten Trees und deren Marienkäfer überschrieben.
  - The command 'load trees' may only be executed after a board has been loaded (via the
  board-loading command).
  - The number of behavior trees to load must not exceed the number of ladybugs on the loaded board.
  - When executing 'load trees' each file's contents must be read, printed verbatim, then parsed and
   validated; if any tree is invalid the command must be aborted with an error.
  - Beim Eintritt in einen Nicht-Blattknoten wird Ausgabe: Marienkäfernummer, Bezeichner des
  Knotens, Typ des Knotens und 'ENTRY'.
  - All commands except 'quit' and 'load board' require at least one valid behavior tree and a valid
   board to be loaded; otherwise an appropriate error must be shown.
  - After printing an error message the program must continue and wait for the next input.
  - On invalid input or unsuccessful command execution an error message must be printed that begins
  with 'Error,' and contains no special characters (for example newlines or umlauts).
  - Program must read input from standard input (System.in) unless otherwise specified.
  - Program must write outputs to System.out (and may write error messages to System.err); standard
  streams must never be reassigned.
  - Program outputs must exactly match the specification (case, spaces, newlines); no additional
  information may be printed.
  - Submitted program must compile without errors.
  - Submitted program must not use Java library elements except java.util.Scanner and elements from
  the listed packages.
  - Submitted program must use only Java SE 21.
  - The program must not call System.exit(), Runtime.exit() or similar.
  - The provided set of Checkstyle rules must be followed.
  - Das Spielfeld wird zeilenweise ausgegeben und mit den Zeichen '+', '-' und '|' umrandet.
  - Jede Spielfeldzeile beginnt und endet mit dem Zeichen '|'.
  - Oben und unten wird eine Zeile `+---+` eingefügt; Anzahl der Bindestriche entspricht der Breite
  des Felds.
  - Das Koordinatensystem hat den Ursprung (1,1) in der oberen linken Ecke.
  - Die x-Achse verläuft positiv nach rechts; die y-Achse verläuft positiv nach unten.
  - The program must terminate when the user enters the command 'quit' and must not use
  System.exit() or similar to do so.
  - Initial positions and ordering of ladybugs are determined by the board: ladybugs are sorted
  first by row then by column.
  - Each ladybug receives a unique sequential identifier starting from 1.
  - Students must submit their *.java files online as a single-person submission with the
  appropriate folder structure.
  </adaptive_rules>

  <knowledge>
    - Bäume werden im Ausgabefeld durch '#' dargestellt.
  </knowledge>
  <entity_paths>
    - Sequence-Knoten CONSTRAINT Übersprungene Kinder werden als 'SUCCESS' behandelt: Bei
  Sequence-Knoten werden übersprungene Kinder so behandelt, als ob sie 'SUCCESS' zurückgegeben
  hätten.
    - Parallel-Knoten CONSTRAINT Übersprungene Kinder werden als 'FAILURE' behandelt und M bleibt
  unverändert: Bei Parallel-Knoten werden übersprungene Kinder so behandelt, als ob sie 'FAILURE'
  zurückgegeben hätten; dabei ändert sich M nicht.
    - Fallback-Knoten CONSTRAINT Übersprungene Kinder werden als 'FAILURE' behandelt: Bei
  Fallback-Knoten werden übersprungene Kinder so behandelt, als ob sie 'FAILURE' zurückgegeben
  hätten.
  </entity_paths>
  <entity_matches>
    - Sequence-Knoten (score: 0.82) — Sequence Knoten im Behavior-Tree.
    - Parallel-Knoten (score: 0.81) — Parallel Knoten im Behavior-Tree.
    - Abschlussaufgabe 1 "Behavior-Trees für Marienkäfer" (score: 0.81) — The assignment this
  document governs
    - Fallback-Knoten (score: 0.79) — Fallback/Selector Knoten im Behavior-Tree.
    - Camel Case (Beispiele: 'fallback','sequence','parallel') (score: 0.75) — Schreibweise laut
  Konzepte-Abschnitt.
  </entity_matches>

● adaptive-memory extension active (role=requirements, memorySession=20260727-195942-req) - type
  /memory-help. MCP tools registered (memory=true, backlog=true).







Changes    +0 -0
Duration   1m 1s
Tokens     ↑ 22.9k (1.3k cached) • ↓ 814 (448 reasoning)
[delivery:requirements] Turn 4/11 complete
[delivery:requirements] Turn 5/11: task.md — segment 4/9 — Abschlussaufgabe 1 — Behavior-Trees für Marienkäfer > 3 Syntax Behavior-Tree
● [adaptive-context] GET http://localhost:4444/api/agents/7af7809a-adce-4fa9-9609-fd61059de0ff/sessi
  ons/20260727-195942-req/context?input=Dokument%3A+task.md%0ASegment%3A+4%2F9%0AAbschnitt%3A+Abschl
  ussaufgabe+1+%E2%80%94+Behavior-Trees+f%C3%BCr+Marienk%C3%A4fer+%3E+3+Syntax+Behavior-Tree%0A%0ALi
  es+diesen+Abschnitt+sorgf%C3%A4ltig+und+behalte+den+Kontext.+Erstelle+noch+keinen+Backlog+und+noch
  +keine+Tasks.+Warte+damit+bis+zum+abschlie%C3%9Fenden+%2Ffinalize.%0A%0A%23%23+3+Syntax+Behavior-T
  ree%0A%0AWir+definieren+die+Behavior-Trees+in+einer+*Mermaid*-Syntax+%28siehe+%3Chttps%3A%2F%2Fmer
  maid.live%3E%29%2C+so+dass+diese+Online+visualisiert+werden+k%C3%B6nnen.%0A%0ABeispiel%3A%0A%0A%60
  %60%60%0Aflowchart+TD%0A++++A%5B%3F%5D+--%3E+B%28%5BCondition%5D%29%0A++++A+--%3E+C%5B-%3E%5D%0A++
  ++C+--%3E+D%28%5BCondition%5D%29+++%0A++++C+--%3E+E%5B%3DM%3E%5D+++++++++++++%0A++++E+--%3E+F%5BAc
  tion%5D%0A++++E+--%3E+G%5BAction%5D%0A%60%60%60%0A%0AJeder+Baum+beginnt+mit+einer+Zeile+%60flowcha
  rt+TD%60.+Knoten+in+dem+Baum+verf%C3%BCgen+%C3%BCber+einen+beliebigen+aber+eindeutigen+Namen%2C+im
  +Beispiel+oben+%60A%2CB%2C...%2CG%60.+Wenn+ein+Knoten+zum+ersten+Mal+verwendet+wird%2C+muss+sein+T
  yp+definiert+werden.+Hierbei+unterscheiden+wir+zwischen+den+oben+definierten+5+Typen.%0A%0A-+**Fal
  lback%3A**+Der+Fallback-Knoten+wird+durch+ein+%60%5B%3F%5D%60+definiert.%0A-+**Sequence%3A**+Der+S
  equence-Knoten+wird+durch+ein+%60%5B-%3E%5D%60+definiert.%0A-+**Parallel%3A**+Der+Parallel-Knoten+
  wird+durch+ein+%60%5B%3DM%3E%5D%60+definiert%2C+wobei+*M*+eine+positive+Ganzzahl+ist.%0A-+**Condit
  ion%3A**+Der+Condition-Knoten+wird+durch+ein+%60%28%5BCondition%5D%29%60+definiert%2C+wobei+%60Con
  dition%60+eine+Bedingung+aus+Abschnitt+4.1+ist.%0A-+**Action%3A**+Der+Action-Knoten+wird+durch+ein
  +%60%5BAction%5D%60+definiert%2C+wobei+%60Action%60+eine+Aktion+aus+Abschnitt+4.2+ist.&project=Pro
  grammingST25-Final1&role=requirements&task=Understand+the+st25final01+and+create+its+backlog+when+
  prompted.&timestamp=2026-07-27T18%3A02%3A45.081Z&domain=st25final01

● Injected adaptive memory context into system prompt

● <adaptive_rules>
  - Examples in the statement that show input lines prefixed with '> ' indicate the prompt
  characters and are not part of the entered command.
  - The assignment-specific implementation guidelines document applies mandatorily to
  Abschlussaufgabe 1 "Behavior-Trees für Marienkäfer".
  - Bei Sequence-Knoten werden übersprungene Kinder so behandelt, als ob sie 'SUCCESS' zurückgegeben
   hätten.
  - Beim erfolgreichen Laden eines neuen Spielfelds werden geladene Behavior-Trees sowie deren
  Marienkäfer gelöscht.
  - Der Befehl `load board` überschreibt das alte Spielfeld, falls das neue gültig ist.
  - Each Behavior-Tree must contain at least one action; this must be validated during 'load trees'.
  - Die Schreibweise des Knotentyps orientiert sich am Konzepte-Abschnitt und folgt Camel Case
  (Beispiele: 'fallback', 'sequence', 'parallel').
  - Bei der Rückgabe jedes Knotens (Blatt und Nicht-Blatt) wird ausgegeben: Marienkäfernummer,
  Bezeichner des Knotens, Typ des Knotens und Ergebnis ('SUCCESS' oder 'FAILURE').
  - Beim mehrfachen Ausführen von `load trees` werden, falls alle neuen Behavior-Trees gültig sind,
  alle alten Trees und deren Marienkäfer überschrieben.
  - The command 'load trees' may only be executed after a board has been loaded (via the
  board-loading command).
  - The number of behavior trees to load must not exceed the number of ladybugs on the loaded board.
  - When executing 'load trees' each file's contents must be read, printed verbatim, then parsed and
   validated; if any tree is invalid the command must be aborted with an error.
  - Wenn die nächste Aktion ausgeführt wird, wird danach zusätzlich das Spielfeld ausgegeben und der
   nächste Marienkäfer ist an der Reihe.
  - Bei Fallback-Knoten werden übersprungene Kinder so behandelt, als ob sie 'FAILURE' zurückgegeben
   hätten.
  - All commands except 'quit' and 'load board' require at least one valid behavior tree and a valid
   board to be loaded; otherwise an appropriate error must be shown.
  - Bei Parallel-Knoten werden übersprungene Kinder so behandelt, als ob sie 'FAILURE' zurückgegeben
   hätten; dabei ändert sich M nicht.
  - Beim Eintritt in einen Nicht-Blattknoten wird Ausgabe: Marienkäfernummer, Bezeichner des
  Knotens, Typ des Knotens und 'ENTRY'.
  - Das Spielfeld wird zeilenweise ausgegeben und mit den Zeichen '+', '-' und '|' umrandet.
  - Jede Spielfeldzeile beginnt und endet mit dem Zeichen '|'.
  - Oben und unten wird eine Zeile `+---+` eingefügt; Anzahl der Bindestriche entspricht der Breite
  des Felds.
  - Students must submit their *.java files online as a single-person submission with the
  appropriate folder structure.
  - After printing an error message the program must continue and wait for the next input.
  - On invalid input or unsuccessful command execution an error message must be printed that begins
  with 'Error,' and contains no special characters (for example newlines or umlauts).
  - Program must read input from standard input (System.in) unless otherwise specified.
  - Program must write outputs to System.out (and may write error messages to System.err); standard
  streams must never be reassigned.
  - Program outputs must exactly match the specification (case, spaces, newlines); no additional
  information may be printed.
  - Submitted program must compile without errors.
  - Submitted program must not use Java library elements except java.util.Scanner and elements from
  the listed packages.
  - Submitted program must use only Java SE 21.
  - The program must not call System.exit(), Runtime.exit() or similar.
  - The provided set of Checkstyle rules must be followed.
  - Initial positions and ordering of ladybugs are determined by the board: ladybugs are sorted
  first by row then by column.
  - Das Koordinatensystem hat den Ursprung (1,1) in der oberen linken Ecke.
  - Die x-Achse verläuft positiv nach rechts; die y-Achse verläuft positiv nach unten.
  - The program must terminate when the user enters the command 'quit' and must not use
  System.exit() or similar to do so.
  - Each ladybug receives a unique sequential identifier starting from 1.
  </adaptive_rules>

  <memories>
    - ProgrammingST25-Final1 uses Java SE 21 as the language/runtime level
    - Behavior-Trees for Marienkäfer uses core commands: load board, load trees, next action, quit
  </memories>
  <knowledge>
    - Bäume werden im Ausgabefeld durch '#' dargestellt.
    - Blätter werden im Ausgabefeld durch '*' dargestellt.
  </knowledge>
  <entity_paths>
    - ProgrammingST25-Final1 USES Java SE 21: ProgrammingST25-Final1 uses Java SE 21 as the
  language/runtime level
    - Sequence-Knoten CONSTRAINT Übersprungene Kinder werden als 'SUCCESS' behandelt: Bei
  Sequence-Knoten werden übersprungene Kinder so behandelt, als ob sie 'SUCCESS' zurückgegeben
  hätten.
    - Parallel-Knoten CONSTRAINT Übersprungene Kinder werden als 'FAILURE' behandelt und M bleibt
  unverändert: Bei Parallel-Knoten werden übersprungene Kinder so behandelt, als ob sie 'FAILURE'
  zurückgegeben hätten; dabei ändert sich M nicht.
    - load trees RELATES_TO Read, print verbatim, parse and validate each tree; abort on invalid:
  When executing 'load trees' each file's contents must be read, printed verbatim, then parsed and
  validated; if any tree is invalid the command must be aborted with an error.
    - load trees CONSTRAINT Number of trees <= number of ladybugs: The number of behavior trees to
  load must not exceed the number of ladybugs on the loaded board.
    - load trees CONSTRAINT Überschreiben alter Trees und deren Marienkäfer bei gültigen neuen
  Trees: Beim mehrfachen Ausführen von `load trees` werden, falls alle neuen Behavior-Trees gültig
  sind, alle alten Trees und deren Marienkäfer überschrieben.
    - load trees DEPENDS_ON load board: The command 'load trees' may only be executed after a board
  has been loaded (via the board-loading command).
    - load trees DEPENDS_ON load board: The command 'load trees' may only be executed after a board
  has been loaded (via the board-loading command).
    - load board CONSTRAINT Löschen geladener Behavior-Trees und deren Marienkäfer: Beim
  erfolgreichen Laden eines neuen Spielfelds werden geladene Behavior-Trees sowie deren Marienkäfer
  gelöscht.
    - load trees DEPENDS_ON load board: The command 'load trees' may only be executed after a board
  has been loaded (via the board-loading command).
    - load board CONSTRAINT Überschreiben altes Spielfeld bei gültigem Neuimport: Der Befehl `load
  board` überschreibt das alte Spielfeld, falls das neue gültig ist.
    - load trees DEPENDS_ON load board: The command 'load trees' may only be executed after a board
  has been loaded (via the board-loading command).
    - load board USES Files::readAllLines: Zum Einlesen des Inhalts der Spielfeld-Datei kann
  `Files::readAllLines` verwendet werden.
  </entity_paths>
  <entity_matches>
    - ProgrammingST25-Final1 (score: 1.00) — course project repository for the final assignment
    - Abschlussaufgabe 1 "Behavior-Trees für Marienkäfer" (score: 0.86) — The assignment this
  document governs
    - Sequence-Knoten (score: 0.81) — Sequence Knoten im Behavior-Tree.
    - Parallel-Knoten (score: 0.80) — Parallel Knoten im Behavior-Tree.
    - load trees (score: 0.79) — Kommando zum Laden von Behavior-Trees.
  </entity_matches>

● adaptive-memory extension active (role=requirements, memorySession=20260727-195942-req) - type
  /memory-help. MCP tools registered (memory=true, backlog=true).







Changes    +0 -0
Duration   1m 16s
Tokens     ↑ 24.2k (1.3k cached) • ↓ 498 (273 reasoning)
[delivery:requirements] Turn 5/11 complete
[delivery:requirements] Turn 6/11: task.md — segment 5/9 — Abschlussaufgabe 1 — Behavior-Trees für Marienkäfer > 4 Marienkäfer
● [adaptive-context] GET http://localhost:4444/api/agents/7af7809a-adce-4fa9-9609-fd61059de0ff/sessi
  ons/20260727-195942-req/context?input=Dokument%3A+task.md%0ASegment%3A+5%2F9%0AAbschnitt%3A+Abschl
  ussaufgabe+1+%E2%80%94+Behavior-Trees+f%C3%BCr+Marienk%C3%A4fer+%3E+4+Marienk%C3%A4fer%0A%0ALies+d
  iesen+Abschnitt+sorgf%C3%A4ltig+und+behalte+den+Kontext.+Erstelle+noch+keinen+Backlog+und+noch+kei
  ne+Tasks.+Warte+damit+bis+zum+abschlie%C3%9Fenden+%2Ffinalize.%0A%0A%23%23+4+Marienk%C3%A4fer%0A%0
  AIm+Folgenden+werden+die+Bedingungen+und+Aktionen+des+Marienk%C3%A4fers+erl%C3%A4utert.%0A%0A%23%2
  3%23+4.1+Conditions%0A%0A%23%23%23%23+Die+%60leafFront%60-Bedingung%0A%0ADiese+Bedingung+gibt+%60S
  UCCESS%60+zur%C3%BCck%2C+wenn+der+Marienk%C3%A4fer+vor+einem+Blatt+steht%2C+sonst+gibt+sie+%60FAIL
  URE%60+zur%C3%BCck.%0A%0A%23%23%23%23+Die+%60treeFront%60-Bedingung%0A%0ADiese+Bedingung+gibt+%60S
  UCCESS%60+zur%C3%BCck%2C+wenn+der+Marienk%C3%A4fer+vor+einem+Baum+steht%2C+sonst+gibt+sie+%60FAILU
  RE%60+zur%C3%BCck.%0A%0A%23%23%23%23+Die+%60mushroomFront%60-Bedingung%0A%0ADiese+Bedingung+gibt+%
  60SUCCESS%60+zur%C3%BCck%2C+wenn+der+Marienk%C3%A4fer+vor+einem+Pilz+steht%2C+sonst+gibt+sie+%60FA
  ILURE%60+zur%C3%BCck.%0A%0A%23%23%23%23+Die+%60atEdge%60-Bedingung%0A%0ADiese+Bedingung+gibt+%60SU
  CCESS%60+zur%C3%BCck%2C+wenn+der+Marienk%C3%A4fer+am+Rand+des+Spielfelds+steht%2C+sonst+gibt+sie+%
  60FAILURE%60+zur%C3%BCck.%0A%0A%23%23%23%23+Die+%60existsPath+X%2CY%60-Bedingung%0A%0ADiese+Beding
  ung+gibt+%60SUCCESS%60+zur%C3%BCck%2C+wenn+sich+das+Feld+%28X%2CY%29+auf+dem+Spielfeld+befindet+un
  d+es+einen+zusammenh%C3%A4ngenden+leeren+Pfad+vom+Feld+des+Marienk%C3%A4fers+zum+Feld+%28X%2CY%29+
  gibt.+Andernfalls+gibt+die+Bedingung+%60FAILURE%60+zur%C3%BCck.+X+und+Y+sind+beliebige%2C+aber+in+
  einem+konkreten+Baum+fest+definierte+Ganzzahlen.%0A%0A%23%23%23%23+Die+%60existsPath+X1%2CY1+X2%2C
  Y2%60-Bedingung%0A%0ADiese+Bedingung+gibt+%60SUCCESS%60+zur%C3%BCck%2C+wenn+sich+die+Felder+%28X1%
  2CY1%29+und+%28X2%2CY2%29+auf+dem+Spielfeld+befinden+und+es+einen+zusammenh%C3%A4ngenden+leeren+Pf
  ad+vom+Feld+%28X1%2CY1%29+zum+Feld+%28X2%2CY2%29+gibt.+Andernfalls+gibt+die+Bedingung+%60FAILURE%6
  0+zur%C3%BCck.+X1%2C+Y1%2C+X2+und+Y2+sind+beliebige%2C+aber+in+einem+konkreten+Baum+fest+definiert
  e+Ganzzahlen.%0A%0A%23%23%23+4.2+Actions%0A%0A%23%23%23%23+Die+%60turnLeft%60-Aktion%0A%0ADiese+Ak
  tion+dreht+den+Marienk%C3%A4fer+nach+links+und+gibt+dann+%60SUCCESS%60+zur%C3%BCck.%0A%0A%23%23%23
  %23+Die+%60turnRight%60-Aktion%0A%0ADiese+Aktion+dreht+den+Marienk%C3%A4fer+nach+rechts+und+gibt+d
  ann+%60SUCCESS%60+zur%C3%BCck.%0A%0A%23%23%23%23+Die+%60placeLeaf%60-Aktion%0A%0ADer+Marienk%C3%A4
  fer+platziert+ein+Blatt+auf+das+Feld+vor+ihm+und+gibt+dann+%60SUCCESS%60+zur%C3%BCck.+Wenn+das+Fel
  d+vor+dem+Marienk%C3%A4fer+belegt+ist%2C+oder+au%C3%9Ferhalb+des+Spielfelds+liegt%2C+so+wird+statt
  dessen+%60FAILURE%60+zur%C3%BCck+gegeben.%0A%0A%23%23%23%23+Die+%60takeLeaf%60-Aktion%0A%0ADer+Mar
  ienk%C3%A4fer+entfernt+das+Blatt+auf+das+Feld+vor+ihm+und+gibt+dann+%60SUCCESS%60+zur%C3%BCck.+Wen
  n+auf+dem+Feld+vor+dem+Marienk%C3%A4fer+kein+Blatt+liegt%2C+oder+es+au%C3%9Ferhalb+des+Spielfelds+
  ist%2C+so+wird+stattdessen+%60FAILURE%60+zur%C3%BCck+gegeben.%0A%0A%23%23%23%23+Die+%60move%60-Akt
  ion%0A%0AWenn+das+Feld+vor+dem+Marienk%C3%A4fer+leer+und+auf+dem+Spielfeld+ist%2C+so+wird+der+K%C3
  %A4fer+auf+dieses+Feld+bewegt+und+es+wird+%60SUCCESS%60+zur%C3%BCckgegeben.%0AWenn+sich+auf+dem+Fe
  ld+vor+dem+Marienk%C3%A4fer+ein+Pilz+befindet+und+das+Feld+hinter+dem+Pilz+leer+und+auf+dem+Spielf
  eld+ist%2C+so+wird+der+Marienk%C3%A4fer+auf+das+Feld+des+Pilzes+bewegt+und+der+Pilz+wird+ein+Feld+
  nach+hinten+geschoben.+Daraufhin+wird+%60SUCCESS%60+zur%C3%BCckgegeben.%0AIn+allen+anderen+F%C3%A4
  llen+passiert+nichts+und+es+wird+%60FAILURE%60+zur%C3%BCckgegeben.%0A%0A%23%23%23%23+Die+%60fly+X%
  2CY%60-Aktion%0A%0AWenn+das+Feld+%28X%2CY%29+sich+auf+dem+Spielfeld+befindet+und+leer+ist%2C+so+fl
  iegt+der+Marienk%C3%A4fer+direkt+auf+das+Feld.+Hierbei+werden+alle+Hindernisse+auf+dem+Weg+ignorie
  rt.%0ADie+Blickrichtung+des+K%C3%A4fers+nach+der+Landung+orientiert+sich+daran%2C+in+welche+Richtu
  ng+der+K%C3%A4fer+am+meisten+geflogen+ist.+Formal+definiert%2C+wobei+sich+der+K%C3%A4fer+auf+Feld+
  %28A%2CB%29+befand%3A%0A%0A%60%60%60%0A%CE%94X+%3D+X+%E2%88%92+A%0A%CE%94Y+%3D+Y+%E2%88%92+B%0A%0A
  Richtung+%3D%0A++++rechts++falls+%7C%CE%94X%7C+%E2%89%A5+%7C%CE%94Y%7C+und+%CE%94X+%3E+0%0A++++lin
  ks+++falls+%7C%CE%94X%7C+%E2%89%A5+%7C%CE%94Y%7C+und+%CE%94X+%3C+0%0A++++oben++++falls+%7C%CE%94Y%
  7C+%3E+%7C%CE%94X%7C+und+%CE%94Y+%3C+0%0A++++unten+++falls+%7C%CE%94Y%7C+%3E+%7C%CE%94X%7C+und+%CE
  %94Y+%3E+0%0A%60%60%60%0A%0ADaraufhin+wird+%60SUCCESS%60+zur%C3%BCckgegeben.%0AIn+allen+anderen+F%
  C3%A4llen+passiert+nichts+und+es+wird+%60FAILURE%60+zur%C3%BCckgegeben.%0AX+und+Y+sind+beliebige%2
  C+aber+in+einem+konkreten+Baum+fest+definierte+Ganzzahlen.%0A%0A**Hinweis%3A**+Das+Feld+in+der+obe
  ren+linken+Ecke+ist+der+Ursprung+und+hat+die+Koordinaten+%281%2C1%29.+Die+x-Achse+verl%C3%A4uft+po
  sitiv+nach+rechts+und+die+y-Achse+verl%C3%A4uft+positiv+nach+unten.&project=ProgrammingST25-Final1
  &role=requirements&task=Understand+the+st25final01+and+create+its+backlog+when+prompted.&timestamp
  =2026-07-27T18%3A03%3A01.118Z&domain=st25final01

● Injected adaptive memory context into system prompt

● <adaptive_rules>
  - Wenn die nächste Aktion ausgeführt wird, wird danach zusätzlich das Spielfeld ausgegeben und der
   nächste Marienkäfer ist an der Reihe.
  - Bei der Rückgabe jedes Knotens (Blatt und Nicht-Blatt) wird ausgegeben: Marienkäfernummer,
  Bezeichner des Knotens, Typ des Knotens und Ergebnis ('SUCCESS' oder 'FAILURE').
  - Beim Eintritt in einen Nicht-Blattknoten wird Ausgabe: Marienkäfernummer, Bezeichner des
  Knotens, Typ des Knotens und 'ENTRY'.
  - Das Spielfeld wird zeilenweise ausgegeben und mit den Zeichen '+', '-' und '|' umrandet.
  - Jede Spielfeldzeile beginnt und endet mit dem Zeichen '|'.
  - Oben und unten wird eine Zeile `+---+` eingefügt; Anzahl der Bindestriche entspricht der Breite
  des Felds.
  - Each Behavior-Tree must contain at least one action; this must be validated during 'load trees'.
  - Bei Parallel-Knoten werden übersprungene Kinder so behandelt, als ob sie 'FAILURE' zurückgegeben
   hätten; dabei ändert sich M nicht.
  - Beim mehrfachen Ausführen von `load trees` werden, falls alle neuen Behavior-Trees gültig sind,
  alle alten Trees und deren Marienkäfer überschrieben.
  - The number of behavior trees to load must not exceed the number of ladybugs on the loaded board.
  - When executing 'load trees' each file's contents must be read, printed verbatim, then parsed and
   validated; if any tree is invalid the command must be aborted with an error.
  - Beim erfolgreichen Laden eines neuen Spielfelds werden geladene Behavior-Trees sowie deren
  Marienkäfer gelöscht.
  - Der Befehl `load board` überschreibt das alte Spielfeld, falls das neue gültig ist.
  - The command 'load trees' may only be executed after a board has been loaded (via the
  board-loading command).
  - Das Koordinatensystem hat den Ursprung (1,1) in der oberen linken Ecke.
  - Die x-Achse verläuft positiv nach rechts; die y-Achse verläuft positiv nach unten.
  - Initial positions and ordering of ladybugs are determined by the board: ladybugs are sorted
  first by row then by column.
  - Bei Fallback-Knoten werden übersprungene Kinder so behandelt, als ob sie 'FAILURE' zurückgegeben
   hätten.
  - Bei Sequence-Knoten werden übersprungene Kinder so behandelt, als ob sie 'SUCCESS' zurückgegeben
   hätten.
  - All commands except 'quit' and 'load board' require at least one valid behavior tree and a valid
   board to be loaded; otherwise an appropriate error must be shown.
  - After printing an error message the program must continue and wait for the next input.
  - On invalid input or unsuccessful command execution an error message must be printed that begins
  with 'Error,' and contains no special characters (for example newlines or umlauts).
  - Program must read input from standard input (System.in) unless otherwise specified.
  - Program must write outputs to System.out (and may write error messages to System.err); standard
  streams must never be reassigned.
  - Program outputs must exactly match the specification (case, spaces, newlines); no additional
  information may be printed.
  - Submitted program must compile without errors.
  - Submitted program must not use Java library elements except java.util.Scanner and elements from
  the listed packages.
  - Submitted program must use only Java SE 21.
  - The program must not call System.exit(), Runtime.exit() or similar.
  - The provided set of Checkstyle rules must be followed.
  - Examples in the statement that show input lines prefixed with '> ' indicate the prompt
  characters and are not part of the entered command.
  - The assignment-specific implementation guidelines document applies mandatorily to
  Abschlussaufgabe 1 "Behavior-Trees für Marienkäfer".
  - Die Schreibweise des Knotentyps orientiert sich am Konzepte-Abschnitt und folgt Camel Case
  (Beispiele: 'fallback', 'sequence', 'parallel').
  - Each ladybug receives a unique sequential identifier starting from 1.
  - Students must submit their *.java files online as a single-person submission with the
  appropriate folder structure.
  - The program must terminate when the user enters the command 'quit' and must not use
  System.exit() or similar to do so.
  </adaptive_rules>

  <memories>
    - Behavior-Trees for Marienkäfer uses core commands: load board, load trees, next action, quit
    - ProgrammingST25-Final1 uses Java SE 21 as the language/runtime level
    - ProgrammingST25-Final1 uses Java SE 21 as the required Java runtime/version.
  </memories>
  <knowledge>
    - Bäume werden im Ausgabefeld durch '#' dargestellt.
    - Blätter werden im Ausgabefeld durch '*' dargestellt.
    - Pilze werden im Ausgabefeld durch 'o' dargestellt.
    - Marienkäfer werden durch '^', '>', 'v' oder '<' entsprechend ihrer Blickrichtung dargestellt.
    - Leere Felder werden im Ausgabefeld durch '.' dargestellt.
    - Zum Einlesen des Inhalts der Spielfeld-Datei kann `Files::readAllLines` verwendet werden.
  </knowledge>
  <entity_paths>
    - ProgrammingST25-Final1 USES Java SE 21: ProgrammingST25-Final1 uses Java SE 21 as the
  language/runtime level; ProgrammingST25-Final1 uses Java SE 21 as the required Java
  runtime/version.
    - Behavior-Trees for Marienkäfer USES Core commands: load board, load trees, next action, quit:
  Behavior-Trees for Marienkäfer uses core commands: load board, load trees, next action, quit
    - Marienkäfer RELATES_TO Darstellung '^','>','v','<' je Blickrichtung: Marienkäfer werden durch
  '^', '>', 'v' oder '<' entsprechend ihrer Blickrichtung dargestellt.
  </entity_paths>
  <entity_matches>
    - ProgrammingST25-Final1 (score: 1.00) — Repository and project for the final assignment.
    - Abschlussaufgabe 1 "Behavior-Trees für Marienkäfer" (score: 0.83) — The assignment this
  document governs
    - Zusätzliches Ausgeben des Spielfelds und Übergabe an nächsten Käfer (score: 0.81) — Nach
  Aktion: Board-Ausgabe und Wechsel zum nächsten Käfer.
    - Behavior-Trees for Marienkäfer (score: 0.77) — Interactive program controlling ladybugs with
  behavior trees
    - Marienkäfer (score: 0.77) — Spielobjekt (Ladybug) auf dem Spielfeld.
  </entity_matches>
  <insights>
    - Agent community around ProgrammingST25-Final1, Java SE 21. Relevant agent facts:
  ProgrammingST25-Final1 uses Java SE 21 as the required Java runtime/version.;
  ProgrammingST25-Final1 uses Java SE 21 as the language/runtime level
    - Agent community around Behavior-Trees for Marienkäfer, Core commands: load board, load trees,
  next action, quit. Relevant agent facts: Behavior-Trees for Marienkäfer uses core commands: load
  board, load trees, next action, quit
  </insights>

● adaptive-memory extension active (role=requirements, memorySession=20260727-195942-req) - type
  /memory-help. MCP tools registered (memory=true, backlog=true).







Changes    +0 -0
Duration   1m 37s
Tokens     ↑ 25.5k (1.3k cached) • ↓ 897 (424 reasoning)
[delivery:requirements] Turn 6/11 complete
[delivery:requirements] Turn 7/11: task.md — segment 6/9 — Abschlussaufgabe 1 — Behavior-Trees für Marienkäfer > 5 Ausgabe des Spielfelds
● [adaptive-context] GET
  http://localhost:4444/api/agents/7af7809a-adce-4fa9-9609-fd61059de0ff/sessions/20260727-195942-req
  /context?input=Dokument%3A+task.md%0ASegment%3A+6%2F9%0AAbschnitt%3A+Abschlussaufgabe+1+%E2%80%94+
  Behavior-Trees+f%C3%BCr+Marienk%C3%A4fer+%3E+5+Ausgabe+des+Spielfelds%0A%0ALies+diesen+Abschnitt+s
  orgf%C3%A4ltig+und+behalte+den+Kontext.+Erstelle+noch+keinen+Backlog+und+noch+keine+Tasks.+Warte+d
  amit+bis+zum+abschlie%C3%9Fenden+%2Ffinalize.%0A%0A%23%23+5+Ausgabe+des+Spielfelds%0A%0ADas+Spielf
  eld+wird+zeilenweise+auf+der+Kommandozeile+ausgegeben+und+anhand+des+folgenden+10+%C3%97+6+Beispie
  lfelds+erkl%C3%A4rt%3A%0A%0A%60%60%60%0A%2B----------%2B%0A%7C..%23...*...%7C%0A%7C..%23...%23%23.
  .%7C%0A%7C..%23..%5E...*%7C%0A%7C..%23%23%23%23....%7C%0A%7C.*....%23...%7C%0A%7C....o.....%7C%0A%
  2B----------%2B%0A%60%60%60%0A%0A-+**B%C3%A4ume**+werden+durch+ein+%60%23%60+dargestellt.%0A-+**Bl
  %C3%A4tter**+werden+durch+ein+%60*%60+dargestellt.%0A-+**Pilze**+werden+durch+ein+%60o%60+dargeste
  llt.%0A-+**Leere+Felder**+werden+durch+ein+%60.%60+dargestellt.%0A-+**Marienk%C3%A4fer**+werden+du
  rch+%60%5E%60%2C+%60%3E%60%2C+%60v%60+oder+%60%3C%60+dargestellt%2C+wobei+der+Pfeil+in+die+Blickri
  chtung+ausgerichtet+ist.%0A%0ADas+ganze+Spielfeld+wird+umrandet+ausgegeben.+Jeweils+oben+und+unten
  +wird+eine+Zeile+%60%2B---%2B%60+eingef%C3%BCgt%2C+wobei+die+Anzahl+der+Bindestriche+der+Breite+de
  s+Felds+entspricht.+Jeweils+am+Anfang+und+Ende+einer+Spielfeldzeile+soll+ein+%60%7C%60+ausgegeben+
  werden.&project=ProgrammingST25-Final1&role=requirements&task=Understand+the+st25final01+and+creat
  e+its+backlog+when+prompted.&timestamp=2026-07-27T18%3A03%3A22.216Z&domain=st25final01

● Injected adaptive memory context into system prompt

● <adaptive_rules>
  - Wenn die nächste Aktion ausgeführt wird, wird danach zusätzlich das Spielfeld ausgegeben und der
   nächste Marienkäfer ist an der Reihe.
  - Das Spielfeld wird zeilenweise ausgegeben und mit den Zeichen '+', '-' und '|' umrandet.
  - Jede Spielfeldzeile beginnt und endet mit dem Zeichen '|'.
  - Oben und unten wird eine Zeile `+---+` eingefügt; Anzahl der Bindestriche entspricht der Breite
  des Felds.
  - Each Behavior-Tree must contain at least one action; this must be validated during 'load trees'.
  - Beim erfolgreichen Laden eines neuen Spielfelds werden geladene Behavior-Trees sowie deren
  Marienkäfer gelöscht.
  - Der Befehl `load board` überschreibt das alte Spielfeld, falls das neue gültig ist.
  - The command 'load trees' may only be executed after a board has been loaded (via the
  board-loading command).
  - Bei der Rückgabe jedes Knotens (Blatt und Nicht-Blatt) wird ausgegeben: Marienkäfernummer,
  Bezeichner des Knotens, Typ des Knotens und Ergebnis ('SUCCESS' oder 'FAILURE').
  - Beim mehrfachen Ausführen von `load trees` werden, falls alle neuen Behavior-Trees gültig sind,
  alle alten Trees und deren Marienkäfer überschrieben.
  - The number of behavior trees to load must not exceed the number of ladybugs on the loaded board.
  - When executing 'load trees' each file's contents must be read, printed verbatim, then parsed and
   validated; if any tree is invalid the command must be aborted with an error.
  - Beim Eintritt in einen Nicht-Blattknoten wird Ausgabe: Marienkäfernummer, Bezeichner des
  Knotens, Typ des Knotens und 'ENTRY'.
  - All commands except 'quit' and 'load board' require at least one valid behavior tree and a valid
   board to be loaded; otherwise an appropriate error must be shown.
  - Bei Fallback-Knoten werden übersprungene Kinder so behandelt, als ob sie 'FAILURE' zurückgegeben
   hätten.
  - Bei Parallel-Knoten werden übersprungene Kinder so behandelt, als ob sie 'FAILURE' zurückgegeben
   hätten; dabei ändert sich M nicht.
  - Bei Sequence-Knoten werden übersprungene Kinder so behandelt, als ob sie 'SUCCESS' zurückgegeben
   hätten.
  - Examples in the statement that show input lines prefixed with '> ' indicate the prompt
  characters and are not part of the entered command.
  - The assignment-specific implementation guidelines document applies mandatorily to
  Abschlussaufgabe 1 "Behavior-Trees für Marienkäfer".
  - Initial positions and ordering of ladybugs are determined by the board: ladybugs are sorted
  first by row then by column.
  - After printing an error message the program must continue and wait for the next input.
  - On invalid input or unsuccessful command execution an error message must be printed that begins
  with 'Error,' and contains no special characters (for example newlines or umlauts).
  - Program must read input from standard input (System.in) unless otherwise specified.
  - Program must write outputs to System.out (and may write error messages to System.err); standard
  streams must never be reassigned.
  - Program outputs must exactly match the specification (case, spaces, newlines); no additional
  information may be printed.
  - Submitted program must compile without errors.
  - Submitted program must not use Java library elements except java.util.Scanner and elements from
  the listed packages.
  - Submitted program must use only Java SE 21.
  - The program must not call System.exit(), Runtime.exit() or similar.
  - The provided set of Checkstyle rules must be followed.
  - Students must submit their *.java files online as a single-person submission with the
  appropriate folder structure.
  - Die Schreibweise des Knotentyps orientiert sich am Konzepte-Abschnitt und folgt Camel Case
  (Beispiele: 'fallback', 'sequence', 'parallel').
  - Das Koordinatensystem hat den Ursprung (1,1) in der oberen linken Ecke.
  - Die x-Achse verläuft positiv nach rechts; die y-Achse verläuft positiv nach unten.
  - The program must terminate when the user enters the command 'quit' and must not use
  System.exit() or similar to do so.
  - Each ladybug receives a unique sequential identifier starting from 1.
  </adaptive_rules>

  <memories>
    - Behavior-Trees for Marienkäfer uses core commands: load board, load trees, next action, quit
    - ProgrammingST25-Final1 uses Java SE 21 as the language/runtime level
    - ProgrammingST25-Final1 uses Java SE 21 as the required Java runtime/version.
  </memories>
  <knowledge>
    - Bäume werden im Ausgabefeld durch '#' dargestellt.
    - Zum Einlesen des Inhalts der Spielfeld-Datei kann `Files::readAllLines` verwendet werden.
    - Leere Felder werden im Ausgabefeld durch '.' dargestellt.
    - Blätter werden im Ausgabefeld durch '*' dargestellt.
    - Pilze werden im Ausgabefeld durch 'o' dargestellt.
    - Marienkäfer werden durch '^', '>', 'v' oder '<' entsprechend ihrer Blickrichtung dargestellt.
  </knowledge>
  <entity_paths>
    - ProgrammingST25-Final1 USES Java SE 21: ProgrammingST25-Final1 uses Java SE 21 as the
  language/runtime level; ProgrammingST25-Final1 uses Java SE 21 as the required Java
  runtime/version.
    - Behavior-Trees for Marienkäfer USES Core commands: load board, load trees, next action, quit:
  Behavior-Trees for Marienkäfer uses core commands: load board, load trees, next action, quit
  </entity_paths>
  <entity_matches>
    - ProgrammingST25-Final1 (score: 1.00) — Repository and project for the final assignment.
    - Abschlussaufgabe 1 "Behavior-Trees für Marienkäfer" (score: 0.85) — The assignment this
  document governs
    - Zusätzliches Ausgeben des Spielfelds und Übergabe an nächsten Käfer (score: 0.79) — Nach
  Aktion: Board-Ausgabe und Wechsel zum nächsten Käfer.
    - Behavior-Trees for Marienkäfer (score: 0.77) — Interactive program controlling ladybugs with
  behavior trees
    - Löschen geladener Behavior-Trees und deren Marienkäfer (score: 0.77) — Vorhandene Trees und
  zugehörige Käfer werden entfernt.
  </entity_matches>
  <insights>
    - Agent community around ProgrammingST25-Final1, Java SE 21. Relevant agent facts:
  ProgrammingST25-Final1 uses Java SE 21 as the required Java runtime/version.;
  ProgrammingST25-Final1 uses Java SE 21 as the language/runtime level
    - Agent community around Behavior-Trees for Marienkäfer, Core commands: load board, load trees,
  next action, quit. Relevant agent facts: Behavior-Trees for Marienkäfer uses core commands: load
  board, load trees, next action, quit
  </insights>

● adaptive-memory extension active (role=requirements, memorySession=20260727-195942-req) - type
  /memory-help. MCP tools registered (memory=true, backlog=true).







Changes    +0 -0
Duration   1m 52s
Tokens     ↑ 26.3k (1.3k cached) • ↓ 312 (174 reasoning)
[delivery:requirements] Turn 7/11 complete
[delivery:requirements] Turn 8/11: task.md — segment 7/9 — Abschlussaufgabe 1 — Behavior-Trees für Marienkäfer > 6 Hinweise zur Implementierung
● [adaptive-context] GET http://localhost:4444/api/agents/7af7809a-adce-4fa9-9609-fd61059de0ff/sessi
  ons/20260727-195942-req/context?input=Dokument%3A+task.md%0ASegment%3A+7%2F9%0AAbschnitt%3A+Abschl
  ussaufgabe+1+%E2%80%94+Behavior-Trees+f%C3%BCr+Marienk%C3%A4fer+%3E+6+Hinweise+zur+Implementierung
  %0A%0ALies+diesen+Abschnitt+sorgf%C3%A4ltig+und+behalte+den+Kontext.+Erstelle+noch+keinen+Backlog+
  und+noch+keine+Tasks.+Warte+damit+bis+zum+abschlie%C3%9Fenden+%2Ffinalize.%0A%0A%23%23+6+Hinweise+
  zur+Implementierung%0A%0ANach+dem+Start+nimmt+Ihr+Programm+%C3%BCber+die+Kommandozeile+mittels+der
  +Standardeingabe+Eingaben+entgegen%2C+die+im+Folgenden+n%C3%A4her+spezifiziert+werden.+Alle+Befehl
  e+werden+auf+dem+aktuellen+Zustand+des+Programms+ausgef%C3%BChrt.+Nach+Abarbeitung+einer+Eingabe+w
  artet+Ihr+Programm+auf+weitere+Eingaben%2C+bis+das+Programm+irgendwann+durch+die+Eingabe+der+Zeich
  enfolge+%60quit%60+beendet+wird.%0A%0AIm+Folgenden+werden+Eingabezeilen+mit+einer+schlie%C3%9Fende
  n+spitzen+Klammer+%28%60%3E%60%29+gefolgt+von+einem+Leerzeichen+eingeleitet.+Diese+beiden+Zeichen+
  sind+kein+Bestandteil+des+eingegebenen+Befehls%2C+sondern+dienen+der+Unterscheidung+von+Ein-+und+A
  usgabezeilen.%0A%0AAchten+Sie+darauf%2C+dass+durch+die+Ausf%C3%BChrung+der+folgenden+Befehle+die+g
  egebenen+semantischen+und+syntaktischen+Spezifikationen+nicht+verletzt+werden+und+geben+Sie+bei+Ve
  rletzung+der+Spezifikationen+immer+eine+aussagekr%C3%A4ftige+Fehlermeldung+aus.+Wenn+die+Benutzere
  ingabe+nicht+dem+vorgegebenen+Format+entspricht%2C+ist+auch+eine+Fehlermeldung+auszugeben.+Nach+de
  r+Ausgabe+einer+Fehlermeldung+soll+das+Programm+wie+erwartet+fortfahren+und+wieder+auf+die+n%C3%A4
  chste+Eingabe+warten.+Die+Fehlermeldung+sollte+so+geformt+sein%2C+dass+f%C3%BCr+den+Benutzer+erken
  ntlich+ist%2C+warum+eine+Eingabe+abgelehnt+wurde.%0A%0ABeachten+Sie%2C+dass+bei+der+Beschreibung+d
  er+Eingabe-+und+Ausgabeformate+die+W%C3%B6rter+zwischen+spitzen+Klammern+f%C3%BCr+Platzhalter+steh
  en%2C+die+bei+der+konkreten+Ein-+und+Ausgabe+durch+Werte+ersetzt+werden.+Diese+eigentlichen+Werte+
  enthalten+bei+der+Ein-+und+Ausgabe+keine+spitzen+Klammern.+Vergleichen+Sie+hierzu+auch+den+Beispie
  lablauf.&project=ProgrammingST25-Final1&role=requirements&task=Understand+the+st25final01+and+crea
  te+its+backlog+when+prompted.&timestamp=2026-07-27T18%3A03%3A36.192Z&domain=st25final01

● Injected adaptive memory context into system prompt

● <adaptive_rules>
  - Das Spielfeld wird zeilenweise ausgegeben und mit den Zeichen '+', '-' und '|' umrandet.
  - Jede Spielfeldzeile beginnt und endet mit dem Zeichen '|'.
  - Oben und unten wird eine Zeile `+---+` eingefügt; Anzahl der Bindestriche entspricht der Breite
  des Felds.
  - The program must terminate when the user enters the command 'quit' and must not use
  System.exit() or similar to do so.
  - Each Behavior-Tree must contain at least one action; this must be validated during 'load trees'.
  - Beim mehrfachen Ausführen von `load trees` werden, falls alle neuen Behavior-Trees gültig sind,
  alle alten Trees und deren Marienkäfer überschrieben.
  - The number of behavior trees to load must not exceed the number of ladybugs on the loaded board.
  - When executing 'load trees' each file's contents must be read, printed verbatim, then parsed and
   validated; if any tree is invalid the command must be aborted with an error.
  - After printing an error message the program must continue and wait for the next input.
  - On invalid input or unsuccessful command execution an error message must be printed that begins
  with 'Error,' and contains no special characters (for example newlines or umlauts).
  - Program must read input from standard input (System.in) unless otherwise specified.
  - Program must write outputs to System.out (and may write error messages to System.err); standard
  streams must never be reassigned.
  - Program outputs must exactly match the specification (case, spaces, newlines); no additional
  information may be printed.
  - Submitted program must compile without errors.
  - Submitted program must not use Java library elements except java.util.Scanner and elements from
  the listed packages.
  - Submitted program must use only Java SE 21.
  - The program must not call System.exit(), Runtime.exit() or similar.
  - The provided set of Checkstyle rules must be followed.
  - Bei der Rückgabe jedes Knotens (Blatt und Nicht-Blatt) wird ausgegeben: Marienkäfernummer,
  Bezeichner des Knotens, Typ des Knotens und Ergebnis ('SUCCESS' oder 'FAILURE').
  - Wenn die nächste Aktion ausgeführt wird, wird danach zusätzlich das Spielfeld ausgegeben und der
   nächste Marienkäfer ist an der Reihe.
  - Examples in the statement that show input lines prefixed with '> ' indicate the prompt
  characters and are not part of the entered command.
  - The assignment-specific implementation guidelines document applies mandatorily to
  Abschlussaufgabe 1 "Behavior-Trees für Marienkäfer".
  - Beim erfolgreichen Laden eines neuen Spielfelds werden geladene Behavior-Trees sowie deren
  Marienkäfer gelöscht.
  - Der Befehl `load board` überschreibt das alte Spielfeld, falls das neue gültig ist.
  - The command 'load trees' may only be executed after a board has been loaded (via the
  board-loading command).
  - Bei Fallback-Knoten werden übersprungene Kinder so behandelt, als ob sie 'FAILURE' zurückgegeben
   hätten.
  - Beim Eintritt in einen Nicht-Blattknoten wird Ausgabe: Marienkäfernummer, Bezeichner des
  Knotens, Typ des Knotens und 'ENTRY'.
  - Bei Parallel-Knoten werden übersprungene Kinder so behandelt, als ob sie 'FAILURE' zurückgegeben
   hätten; dabei ändert sich M nicht.
  - All commands except 'quit' and 'load board' require at least one valid behavior tree and a valid
   board to be loaded; otherwise an appropriate error must be shown.
  - Bei Sequence-Knoten werden übersprungene Kinder so behandelt, als ob sie 'SUCCESS' zurückgegeben
   hätten.
  - Students must submit their *.java files online as a single-person submission with the
  appropriate folder structure.
  - Die Schreibweise des Knotentyps orientiert sich am Konzepte-Abschnitt und folgt Camel Case
  (Beispiele: 'fallback', 'sequence', 'parallel').
  - Each ladybug receives a unique sequential identifier starting from 1.
  - Initial positions and ordering of ladybugs are determined by the board: ladybugs are sorted
  first by row then by column.
  - Das Koordinatensystem hat den Ursprung (1,1) in der oberen linken Ecke.
  - Die x-Achse verläuft positiv nach rechts; die y-Achse verläuft positiv nach unten.
  </adaptive_rules>

  <memories>
    - The file task.md contains the assignment 'Abschlussaufgabe 1 — Behavior-Trees für Marienkäfer'
   and its metadata (lecture, semester, instructor, group, points, version).
    - The document task.md is an assignment for the course Programmieren.
    - The assignment in task.md is worth 20 Punkte.
    - ProgrammingST25-Final1 uses Java SE 21 as the language/runtime level
    - Behavior-Trees for Marienkäfer uses core commands: load board, load trees, next action, quit
    - ProgrammingST25-Final1 uses Java SE 21 as the required Java runtime/version.
    - The assignment document task.md is associated with the Institute of Information Security and
  Dependability (KASTEL).
    - The assignment in task.md is for Sommersemester 2025.
  </memories>
  <knowledge>
    - Leere Felder werden im Ausgabefeld durch '.' dargestellt.
    - Blätter werden im Ausgabefeld durch '*' dargestellt.
    - Bäume werden im Ausgabefeld durch '#' dargestellt.
  </knowledge>
  <entity_paths>
    - ProgrammingST25-Final1 USES Java SE 21: ProgrammingST25-Final1 uses Java SE 21 as the
  language/runtime level; ProgrammingST25-Final1 uses Java SE 21 as the required Java
  runtime/version.
    - Behavior-Trees for Marienkäfer USES Core commands: load board, load trees, next action, quit:
  Behavior-Trees for Marienkäfer uses core commands: load board, load trees, next action, quit
    - task.md RELATES_TO Abschlussaufgabe 1 — Behavior-Trees für Marienkäfer: The file task.md
  contains the assignment 'Abschlussaufgabe 1 — Behavior-Trees für Marienkäfer' and its metadata
  (lecture, semester, instructor, group, points, version).
    - task.md RELATES_TO Prof. Dr.-Ing. Anne Koziolek: Prof. Dr.-Ing. Anne Koziolek is the
  instructor listed for the assignment in task.md.
    - task.md RELATES_TO Institute of Information Security and Dependability (KASTEL): The
  assignment document task.md is associated with the Institute of Information Security and
  Dependability (KASTEL).
    - task.md RELATES_TO Sommersemester 2025: The assignment in task.md is for Sommersemester 2025.
    - task.md RELATES_TO 20 Punkte: The assignment in task.md is worth 20 Punkte.
    - task.md RELATES_TO Programmieren: The document task.md is an assignment for the course
  Programmieren.
    - task.md RELATES_TO Version 1.0: The assignment document task.md is versioned as 1.0.
  </entity_paths>
  <entity_matches>
    - ProgrammingST25-Final1 (score: 1.00) — Repository and project for the final assignment.
    - Abschlussaufgabe 1 "Behavior-Trees für Marienkäfer" (score: 0.86) — The assignment this
  document governs
    - Abschlussaufgabe 1 — Behavior-Trees für Marienkäfer (score: 0.84) — Assignment: Behavior-Trees
   for ladybugs with course metadata and grading info.
    - Behavior-Trees for Marienkäfer (score: 0.77) — Interactive program controlling ladybugs with
  behavior trees
    - task.md (score: 0.71) — Repository file containing the assignment text (segment 1/9).
  </entity_matches>
  <insights>
    - Agent community around ProgrammingST25-Final1, Java SE 21. Relevant agent facts:
  ProgrammingST25-Final1 uses Java SE 21 as the required Java runtime/version.;
  ProgrammingST25-Final1 uses Java SE 21 as the language/runtime level
    - Agent community around Abschlussaufgabe 1 — Behavior-Trees für Marienkäfer, task.md. Relevant
  agent facts: The file task.md contains the assignment 'Abschlussaufgabe 1 — Behavior-Trees für
  Marienkäfer' and its metadata (lecture, semester, instructor, group, points, version).; Prof.
  Dr.-Ing. Anne Koziolek is the instructor listed for the assignment in task.md.; The assignment
  document task.md is associated with the Institute of Information Security and Dependability
  (KASTEL).
    - Agent community around Behavior-Trees for Marienkäfer, Core commands: load board, load trees,
  next action, quit. Relevant agent facts: Behavior-Trees for Marienkäfer uses core commands: load
  board, load trees, next action, quit
  </insights>

● adaptive-memory extension active (role=requirements, memorySession=20260727-195942-req) - type
  /memory-help. MCP tools registered (memory=true, backlog=true).







Changes    +0 -0
Duration   2m 3s
Tokens     ↑ 27.4k (1.3k cached) • ↓ 314 (132 reasoning)
[delivery:requirements] Turn 8/11 complete
[delivery:requirements] Turn 9/11: task.md — segment 8/9 — Abschlussaufgabe 1 — Behavior-Trees für Marienkäfer > 7 Funktionalität
● [adaptive-context] GET http://localhost:4444/api/agents/7af7809a-adce-4fa9-9609-fd61059de0ff/sessi
  ons/20260727-195942-req/context?input=Dokument%3A+task.md%0ASegment%3A+8%2F9%0AAbschnitt%3A+Abschl
  ussaufgabe+1+%E2%80%94+Behavior-Trees+f%C3%BCr+Marienk%C3%A4fer+%3E+7+Funktionalit%C3%A4t%0A%0ALie
  s+diesen+Abschnitt+sorgf%C3%A4ltig+und+behalte+den+Kontext.+Erstelle+noch+keinen+Backlog+und+noch+
  keine+Tasks.+Warte+damit+bis+zum+abschlie%C3%9Fenden+%2Ffinalize.%0A%0A%23%23+7+Funktionalit%C3%A4
  t%0A%0AIm+Folgenden+wird+die+erforderliche+Funktionalit%C3%A4t+des+Systems+beschrieben.%0A%0A%23%2
  3%23+7.1+Platzhalter%0A%0A-+**%60%3Cpath%3E%60%3A**+Pfad+zu+einer+Datei.%0A-+**%60%3Cid%3E%60%3A**
  +Der+eindeutige+Bezeichner+eines+Knotens.%0A-+**%60%3Ctype%3E%60%3A**+Der+Typ+eines+Knotens.%0A-+*
  *%60%3Cnode%3E%60%3A**+Die+Definition+eines+Knotens+gem%C3%A4%C3%9F+der+Behavior-Tree+Syntax.%0A-+
  **%60%3Cladybug%3E%60%3A**+Die+eindeutige+Nummer+eines+Marienk%C3%A4fers.%0A-+**%60%3Cposition%3E%
  60%3A**+Eine+Position+auf+dem+Spielfeld+%60%28X%2CY%29%60%2C+wobei+%60X%60+und+%60Y%60+Ganzzahlen+
  sind.%0A%0A%23%23%23+7.2+Befehle%0A%0A%23%23%23%23+Der+%60quit%60-Befehl%0A%0ADer+parameterlose+Be
  fehl+erm%C3%B6glicht+es+das+Programm+vollst%C3%A4ndig+zu+beenden.+Beachten+Sie%2C+dass+hierf%C3%BC
  r+keine+Methoden+wie+%60System.exit%28%29%60+oder+%60Runtime.exit%28%29%60+verwendet+werden+d%C3%B
  Crfen.%0A%0A**Eingabe%3A**+%60quit%60%0A%0ABeispiel%3A%0A%0A%60%60%60%0A%3E+quit%0A%60%60%60%0A%0A
  %23%23%23%23+Der+%60load+board%60-Befehl%0A%0AL%C3%A4dt+eine+spezifizierte+Datei%2C+parsed+den+Inh
  alt+und+validiert+das+enthaltene+Spielfeld.+Zu+Testzwecken+soll+der+Befehl+den+Inhalt+der+Datei+Ve
  rbatim+ausgeben.+Wird+der+Befehl+mehrfach+ausgef%C3%BChrt%2C+so+wird%2C+falls+das+neue+Spielfeld+g
  %C3%BCltig+ist%2C+das+alte+%C3%BCberschrieben.+Falls+Behavior-Trees+geladen+sind%2C+so+werden+dies
  e+beim+erfolgreichen+Laden+des+Spielfelds+samt+deren+Marienk%C3%A4fern+gel%C3%B6scht.%0A%0A**Einga
  be%3A**+%60load+board+%3Cpath%3E%60%0A%0A**Ausgabe%3A**+Verbatim+Inhalt+der+Datei%0A%0ABeispiel%3A
  %0A%0A%60%60%60%0A%3E+load+board+.%2Fboard.txt%0A..%23...*...%0A..%23..%23%23%23..%0A..%23..%5E...
  *%0A..%23%23%23%23....%0A.*....%23...%0A....o.....%0A%60%60%60%0A%0A**Hinweis%3A**+Sie+k%C3%B6nnen
  +zum+Laden+des+Inhalts+%60Files%3A%3AreadAllLines%60+verwenden+%28siehe+%3Chttps%3A%2F%2Fdocs.orac
  le.com%2Fen%2Fjava%2Fjavase%2F21%2Fdocs%2Fapi%2Fjava.base%2Fjava%2Fnio%2Ffile%2FFiles.html%3E%29.%
  0A%0A%23%23%23%23+Der+%60load+trees%60-Befehl%0A%0ADer+Befehl+darf+nur+ausgef%C3%BChrt+werden%2C+n
  achdem+ein+Spielfeld+geladen+worden+ist+und+die+Anzahl+der+zu+ladenden+B%C3%A4ume+darf+nicht+die+A
  nzahl+der+Marienk%C3%A4fer+auf+dem+Feld+%C3%BCberschreiten.+Der+Befehl+bekommt+eine+variable+Anzah
  l+an+Pfaden+als+Parameter%2C+jedoch+mindestens+einen.%0ADie+folgende+Abfolge+geschieht+nun+sukzess
  ive+f%C3%BCr+jede+Datei+und+Sie+sollen%2C+sobald+ein+Behavior-Tree+ung%C3%BCltig+ist%2C+den+Befehl
  +mit+einer+geeigneten+Fehlermeldung+abbrechen.%0ADer+Inhalt+der+Datei+wird+eingelesen+und+zu+Testz
  wecken+Verbatim+ausgegeben.%0ADanach+wird+der+Inhalt+der+Datei+geparsed+und+der+enthaltene+Behavio
  r-Tree+validiert.%0A%C3%9Cberpr%C3%BCfen+Sie+insbesondere%2C+ob+der+Behavior-Tree+mindestens+eine+
  Aktion+enth%C3%A4lt.%0ADer+Marienk%C3%A4fer+bekommt+eine+eindeutige+fortlaufende+Identifikationsnu
  mmer+beginnend+bei+%601%60.+Die+initiale+Position+des+K%C3%A4fers+bestimmt+sich+anhand+des+Spielfe
  lds%2C+wobei+die+K%C3%A4fer+erst+zeilenweise%2C+dann+spaltenweise+sortiert+werden.%0AWird+der+Befe
  hl+mehrfach+ausgef%C3%BChrt%2C+so+wird%2C+falls+alle+neuen+Behavior-Trees+g%C3%BCltig+sind%2C+der+
  alle+alten+samt+deren+Marienk%C3%A4fern+%C3%BCberschrieben.%0A%0A**Eingabe%3A**+%60load+trees+%3Cp
  ath...%3E%60%0A%0A**Ausgabe%3A**+Verbatim+Inhalt+der+Dateien%0A%0ABeispiel%3A%0A%0A%60%60%60%0A%3E
  +load+trees+.%2Ftree.txt%0Aflowchart+TD%0A++++A%5B%3F%5D+--%3E+B%28%5BtreeFront%5D%29%0A++++A+--%3
  E+C%5B-%3E%5D%0A++++C+--%3E+D%28%5BleafFront%5D%29+++%0A++++C+--%3E+E%5B-%3E%5D+++++++++++++%0A+++
  +E+--%3E+F%5BtakeLeaf%5D%0A++++E+--%3E+G%5Bmove%5D%0A%60%60%60%0A%0A**Hinweis%3A**+Die+folgenden+B
  efehle+k%C3%B6nnen+nur+ausgef%C3%BChrt+werden%2C+wenn+mindestens+ein+g%C3%BCltiger+Behavior-Tree+u
  nd+ein+g%C3%BCltiges+Spielfeld+geladen+worden+sind.+Geben+Sie+also+andernfalls+eine+geeignete+Fehl
  ermeldung+aus.%0A%0A%23%23%23%23+Der+%60list+ladybugs%60-Befehl%0A%0AGibt+die+eindeutigen+Nummern+
  der+Marienk%C3%A4fer+aus.%0A%0A**Eingabe%3A**+%60list+ladybugs%60%0A%0A**Ausgabe%3A**+%60%3Cladybu
  g%3E+%3Cladybug%3E+%3Cladybug%3E%60%0A%0ABeispiel%3A%0A%0A%60%60%60%0A%3E+list+ladybugs%0A1+2+3+4%
  0A%60%60%60%0A%0A%23%23%23%23+Der+%60print+positon%60-Befehl%0A%0AGibt+die+aktuelle+Position+eines
  +Marienk%C3%A4fer+auf+dem+Spielfeld+aus.%0A%0A**Eingabe%3A**+%60print+position+%3Cladybug%3E%60%0A
  %0A**Ausgabe%3A**+%60%3Cposition%3E%60%0A%0ABeispiel%3A%0A%0A%60%60%60%0A%3E+print+positon+1%0A%28
  1%2C+3%29%0A%60%60%60%0A%0A%23%23%23%23+Der+%60reset+tree%60-Befehl%0A%0ASetzt+f%C3%BCr+einen+Mari
  enk%C3%A4fer+dessen+aktuellen+Knoten+auf+die+Wurzel+des+Behavior-Trees+zur%C3%BCck.%0A%0A**Eingabe
  %3A**+%60reset+tree+%3Cladybug%3E%60%0A%0ABeispiel%3A%0A%0A%60%60%60%0A%3E+reset+tree+1%0A%60%60%6
  0%0A%0A%23%23%23%23+Der+%60jump+to%60-Befehl%0A%0ASetzt+manuell+den+aktuellen+Knoten+f%C3%BCr+eine
  n+Marienk%C3%A4fer.+Wenn+der+aktuelle+Knoten+auf+ein+Kind+eines+Nicht-Blattknotens+gesetzt+wird%2C
  +so+gibt+es+Randf%C3%A4lle+zu+beachten%2C+wenn+Kinder+des+Nicht-Blattknotens+dabei+%C3%BCbersprung
  en+wurden%3A%0A%0A-+Bei+Fallback-Knoten+werden+%C3%BCbersprungene+Kinder+behandelt%2C+als+ob+sie+%
  60FAILURE%60+zur%C3%BCckgegeben+h%C3%A4tten.%0A-+Bei+Sequence-Knoten+werden+%C3%BCbersprungene+Kin
  der+behandelt%2C+als+ob+sie+%60SUCCESS%60+zur%C3%BCckgegeben+h%C3%A4tten.%0A-+Bei+Parallel-Knoten+
  werden+%C3%BCbersprungene+Kinder+behandelt%2C+als+ob+sie+%60FAILURE%60+zur%C3%BCckgegeben+h%C3%A4t
  ten%2C+wobei+*M*+sich+nicht+%C3%A4ndert.%0A%0A**Eingabe%3A**+%60jump+to+%3Cladybug%3E+%3Cid%3E%60%
  0A%0ABeispiel%3A%0A%0A%60%60%60%0A%3E+jump+to+1+D%0A%60%60%60%0A%0A%23%23%23%23+Der+%60head%60-Bef
  ehl%0A%0AGibt+den+Bezeichner+des+aktuellen+Knotens+eines+Marienk%C3%A4fers+aus.%0A%0A**Eingabe%3A*
  *+%60head+%3Cladybug%3E%60%0A%0A**Ausgabe%3A**+%60%3Cid%3E%60%0A%0ABeispiel%3A%0A%0A%60%60%60%0A%3
  E+head+1%0AD%0A%60%60%60%0A%0A%23%23%23%23+Der+%60add+sibling%60-Befehl%0A%0ADer+Befehl+f%C3%BCgt+
  dem+angegebenen+Knoten+im+Behavior-Tree+eines+Marienk%C3%A4fers+rechts+ein+neues+Geschwister+hinzu
  .%0A%0A**Eingabe%3A**+%60add+sibling+%3Cladybug%3E+%3Cid%3E+%3Cnode%3E%60%0A%0ABeispiel%3A%0A%0A%6
  0%60%60%0A%3E+add+sibling+1+G+H%5Bmove%5D%0A%60%60%60%0A%0A%23%23%23%23+Der+%60next+action%60-Befe
  hl%0A%0ADer+Befehl+f%C3%BChrt+die+n%C3%A4chste+Aktion+jedes+K%C3%A4fers+aus.+Die+Reihenfolge+ergib
  t+sich+aus+der+Nummer+des+Marienk%C3%A4fers.%0AF%C3%BCr+diesen+Befehl+wird+jeder+Behavior-Tree+bis
  +einschlie%C3%9Flich+der+n%C3%A4chsten+Aktion+durchlaufen.+Sollte+der+Baum+komplett+durchlaufen+wo
  rden+sein%2C+so+wird+am+Anfang+des+Baumes+weitergemacht.%0ABeim+Eintritt+in+einen+Nicht-Blattknote
  n+werden+Nummer+des+Marienk%C3%A4fers%2C+Bezeichner+des+Knotens%2C+Typ+des+Knotens+und+%60ENTRY%60
  +ausgegeben.+Die+Schreibweise+des+Typs+orientiert+sich+am+Konzepte-Abschnitt%2C+was+dem+*Camel+Cas
  e*+entspricht.+Bei+der+R%C3%BCckgabe+jedes+Knotens+werden+Nummer+des+Marienk%C3%A4fers%2C+Bezeichn
  er+des+Knotens%2C+Typ+des+Knotens+und+Ergebnis+%28%60SUCCESS%60+oder+%60FAILURE%60%29+ausgegeben.+
  Wenn+die+n%C3%A4chste+Aktion+ausgef%C3%BChrt+wird%2C+so+wird+danach+zus%C3%A4tzlich+das+Spielfeld+
  ausgegeben+und+der+n%C3%A4chste+K%C3%A4fer+ist+an+der+Reihe.%0A%0A**Eingabe%3A**+%60next+action%60
  %0A%0AEintritt+in+einen+Nicht-Blattknoten%3A%0A%0A**Ausgabe%3A**+%60%3Cladybug%3E+%3Cid%3E+%3Ctype
  %3E+ENTRY%60%0A%0AR%C3%BCckgabe+eines+Knotens+%28Blatt-+und+Nicht-Blattknoten%29%3A%0A%0A**Ausgabe
  %3A**+%60%3Cladybug%3E+%3Cid%3E+%3Ctype%3E+SUCCESS%7CFAILURE%60%0A%0ANach+der+n%C3%A4chsten+Aktion
  +folgt+zus%C3%A4tzlich%3A%0A%0A**Ausgabe%3A**+Ausgabe+des+Spielfelds%0A%0ABeispiel%3A%0A%0A%60%60%
  60%0A%3E+next+action%0A1+A+fallback+ENTRY%0A1+B+sequence+ENTRY%0A1+D+treeFront+FAILURE%0A1+B+seque
  nce+FAILURE%0A1+C+parallel+ENTRY%0A1+F+takeLeaf+FAILURE%0A%2B----------%2B%0A%7C..%23...*...%7C%0A
  %7C..%23...%23%23..%7C%0A%7C..%23..%5E...*%7C%0A%7C..%23%23%23%23....%7C%0A%7C.*.%3E..%23...%7C%0A
  %7C....o.....%7C%0A%2B----------%2B%0A2+A+parallel+ENTRY%0A2+B+turnRight+SUCCESS%0A%2B----------%2
  B%0A%7C..%23...*...%7C%0A%7C..%23...%23%23..%7C%0A%7C..%23..%5E...*%7C%0A%7C..%23%23%23%23....%7C%
  0A%7C.*.v..%23...%7C%0A%7C....o.....%7C%0A%2B----------%2B%0A%60%60%60&project=ProgrammingST25-Fin
  al1&role=requirements&task=Understand+the+st25final01+and+create+its+backlog+when+prompted.&timest
  amp=2026-07-27T18%3A03%3A49.134Z&domain=st25final01

● Injected adaptive memory context into system prompt

● <adaptive_rules>
  - Wenn die nächste Aktion ausgeführt wird, wird danach zusätzlich das Spielfeld ausgegeben und der
   nächste Marienkäfer ist an der Reihe.
  - Bei Parallel-Knoten werden übersprungene Kinder so behandelt, als ob sie 'FAILURE' zurückgegeben
   hätten; dabei ändert sich M nicht.
  - Initial positions and ordering of ladybugs are determined by the board: ladybugs are sorted
  first by row then by column.
  - Beim erfolgreichen Laden eines neuen Spielfelds werden geladene Behavior-Trees sowie deren
  Marienkäfer gelöscht.
  - Der Befehl `load board` überschreibt das alte Spielfeld, falls das neue gültig ist.
  - Das Spielfeld wird zeilenweise ausgegeben und mit den Zeichen '+', '-' und '|' umrandet.
  - Jede Spielfeldzeile beginnt und endet mit dem Zeichen '|'.
  - Oben und unten wird eine Zeile `+---+` eingefügt; Anzahl der Bindestriche entspricht der Breite
  des Felds.
  - The program must terminate when the user enters the command 'quit' and must not use
  System.exit() or similar to do so.
  - Bei der Rückgabe jedes Knotens (Blatt und Nicht-Blatt) wird ausgegeben: Marienkäfernummer,
  Bezeichner des Knotens, Typ des Knotens und Ergebnis ('SUCCESS' oder 'FAILURE').
  - Each Behavior-Tree must contain at least one action; this must be validated during 'load trees'.
  - Beim Eintritt in einen Nicht-Blattknoten wird Ausgabe: Marienkäfernummer, Bezeichner des
  Knotens, Typ des Knotens und 'ENTRY'.
  - Beim mehrfachen Ausführen von `load trees` werden, falls alle neuen Behavior-Trees gültig sind,
  alle alten Trees und deren Marienkäfer überschrieben.
  - The command 'load trees' may only be executed after a board has been loaded (via the
  board-loading command).
  - The number of behavior trees to load must not exceed the number of ladybugs on the loaded board.
  - When executing 'load trees' each file's contents must be read, printed verbatim, then parsed and
   validated; if any tree is invalid the command must be aborted with an error.
  - Each ladybug receives a unique sequential identifier starting from 1.
  - After printing an error message the program must continue and wait for the next input.
  - On invalid input or unsuccessful command execution an error message must be printed that begins
  with 'Error,' and contains no special characters (for example newlines or umlauts).
  - Program must read input from standard input (System.in) unless otherwise specified.
  - Program must write outputs to System.out (and may write error messages to System.err); standard
  streams must never be reassigned.
  - Program outputs must exactly match the specification (case, spaces, newlines); no additional
  information may be printed.
  - Submitted program must compile without errors.
  - Submitted program must not use Java library elements except java.util.Scanner and elements from
  the listed packages.
  - Submitted program must use only Java SE 21.
  - The program must not call System.exit(), Runtime.exit() or similar.
  - The provided set of Checkstyle rules must be followed.
  - Bei Sequence-Knoten werden übersprungene Kinder so behandelt, als ob sie 'SUCCESS' zurückgegeben
   hätten.
  - All commands except 'quit' and 'load board' require at least one valid behavior tree and a valid
   board to be loaded; otherwise an appropriate error must be shown.
  - Bei Fallback-Knoten werden übersprungene Kinder so behandelt, als ob sie 'FAILURE' zurückgegeben
   hätten.
  - Students must submit their *.java files online as a single-person submission with the
  appropriate folder structure.
  - Examples in the statement that show input lines prefixed with '> ' indicate the prompt
  characters and are not part of the entered command.
  - The assignment-specific implementation guidelines document applies mandatorily to
  Abschlussaufgabe 1 "Behavior-Trees für Marienkäfer".
  - Die Schreibweise des Knotentyps orientiert sich am Konzepte-Abschnitt und folgt Camel Case
  (Beispiele: 'fallback', 'sequence', 'parallel').
  - Das Koordinatensystem hat den Ursprung (1,1) in der oberen linken Ecke.
  - Die x-Achse verläuft positiv nach rechts; die y-Achse verläuft positiv nach unten.
  </adaptive_rules>

  <memories>
    - Behavior-Trees for Marienkäfer uses core commands: load board, load trees, next action, quit
    - The file task.md contains the assignment 'Abschlussaufgabe 1 — Behavior-Trees für Marienkäfer'
   and its metadata (lecture, semester, instructor, group, points, version).
    - The document task.md is an assignment for the course Programmieren.
    - ProgrammingST25-Final1 uses Java SE 21 as the language/runtime level
    - ProgrammingST25-Final1 uses Java SE 21 as the required Java runtime/version.
    - The assignment in task.md is worth 20 Punkte.
    - The assignment document task.md is associated with the Institute of Information Security and
  Dependability (KASTEL).
    - The assignment in task.md is for Sommersemester 2025.
    - Abschlussaufgabe 1 — Behavior-Trees für Marienkäfer uses Java SE 21.
    - The document 'Abschlussaufgabe 1 — Behavior-Trees für Marienkäfer' relates to the course
  'Programmieren'.
  </memories>
  <knowledge>
    - Zum Einlesen des Inhalts der Spielfeld-Datei kann `Files::readAllLines` verwendet werden.
    - Bäume werden im Ausgabefeld durch '#' dargestellt.
    - Marienkäfer werden durch '^', '>', 'v' oder '<' entsprechend ihrer Blickrichtung dargestellt.
    - Blätter werden im Ausgabefeld durch '*' dargestellt.
    - Leere Felder werden im Ausgabefeld durch '.' dargestellt.
  </knowledge>
  <entity_paths>
    - ProgrammingST25-Final1 USES Java SE 21: ProgrammingST25-Final1 uses Java SE 21 as the
  language/runtime level; ProgrammingST25-Final1 uses Java SE 21 as the required Java
  runtime/version.
    - Abschlussaufgabe 1 — Behavior-Trees für Marienkäfer USES Java SE 21: Abschlussaufgabe 1 —
  Behavior-Trees für Marienkäfer uses Java SE 21.
    - Behavior-Trees for Marienkäfer USES Core commands: load board, load trees, next action, quit:
  Behavior-Trees for Marienkäfer uses core commands: load board, load trees, next action, quit
  </entity_paths>
  <entity_matches>
    - ProgrammingST25-Final1 (score: 1.00) — Repository and project for the final assignment.
    - Abschlussaufgabe 1 "Behavior-Trees für Marienkäfer" (score: 0.82) — The assignment this
  document governs
    - Abschlussaufgabe 1 — Behavior-Trees für Marienkäfer (score: 0.82) — Assignment: Behavior-Trees
   for ladybugs with course metadata and grading info.
    - Behavior-Trees for Marienkäfer (score: 0.82) — Interactive program controlling ladybugs with
  behavior trees
    - Zusätzliches Ausgeben des Spielfelds und Übergabe an nächsten Käfer (score: 0.79) — Nach
  Aktion: Board-Ausgabe und Wechsel zum nächsten Käfer.
  </entity_matches>
  <insights>
    - Agent community around ProgrammingST25-Final1, Java SE 21. Relevant agent facts:
  ProgrammingST25-Final1 uses Java SE 21 as the required Java runtime/version.;
  ProgrammingST25-Final1 uses Java SE 21 as the language/runtime level; Abschlussaufgabe 1 —
  Behavior-Trees für Marienkäfer uses Java SE 21.
    - Agent community around Abschlussaufgabe 1 — Behavior-Trees für Marienkäfer, task.md. Relevant
  agent facts: The file task.md contains the assignment 'Abschlussaufgabe 1 — Behavior-Trees für
  Marienkäfer' and its metadata (lecture, semester, instructor, group, points, version).; Prof.
  Dr.-Ing. Anne Koziolek is the instructor listed for the assignment in task.md.; The assignment
  document task.md is associated with the Institute of Information Security and Dependability
  (KASTEL).
    - Agent community around Behavior-Trees for Marienkäfer, Core commands: load board, load trees,
  next action, quit. Relevant agent facts: Behavior-Trees for Marienkäfer uses core commands: load
  board, load trees, next action, quit
  </insights>

● adaptive-memory extension active (role=requirements, memorySession=20260727-195942-req) - type
  /memory-help. MCP tools registered (memory=true, backlog=true).







Changes    +0 -0
Duration   2m 29s
Tokens     ↑ 29.6k (1.3k cached) • ↓ 1.1k (602 reasoning)
[delivery:requirements] Turn 9/11 complete
[delivery:requirements] Turn 10/11: examples.md — segment 9/9 — Beispiele — Abschlussaufgabe 1 (Behavior-Trees für Marienkäfer)
● [adaptive-context] GET http://localhost:4444/api/agents/7af7809a-adce-4fa9-9609-fd61059de0ff/sessi
  ons/20260727-195942-req/context?input=Dokument%3A+examples.md%0ASegment%3A+9%2F9%0AAbschnitt%3A+Be
  ispiele+%E2%80%94+Abschlussaufgabe+1+%28Behavior-Trees+f%C3%BCr+Marienk%C3%A4fer%29%0A%0ALies+dies
  en+Abschnitt+sorgf%C3%A4ltig+und+behalte+den+Kontext.+Erstelle+noch+keinen+Backlog+und+noch+keine+
  Tasks.+Warte+damit+bis+zum+abschlie%C3%9Fenden+%2Ffinalize.%0A%0A%23+Beispiele+%E2%80%94+Abschluss
  aufgabe+1+%28Behavior-Trees+f%C3%BCr+Marienk%C3%A4fer%29%0A%0ADieses+Dokument+enth%C3%A4lt+die+in+
  der+Aufgabenstellung+referenzierten+Beispielausschnitte+sowie+die+vollst%C3%A4ndige+Beispielintera
  ktion.+Sie+dienen+zur+Validierung+des+erwarteten+Verhaltens.+Nutzereingaben+sind+mit+dem+Zeichen+%
  60%3E%60+%28schlie%C3%9Fende+spitze+Klammer+gefolgt+von+einem+Leerzeichen%29+gekennzeichnet.+Die+Z
  eichen+%60%25%3E%60+%28Prozentzeichen+und+Gr%C3%B6%C3%9Ferzeichen+gefolgt+von+einem+Leerzeichen%29
  +stellen+die+Kommandozeile+dar.+Der+Name+des+Programms+dient+nur+als+Beispiel+und+ist+nicht+vorges
  chrieben.%0A%0A%23%23+1+Beispiel-Spielfeld%0A%0ABeispielausgabe+eines+10+%C3%97+6+Spielfelds+%28au
  s+%60exampleBoard.txt%60%29%3A%0A%0A%60%60%60%0A%2B----------%2B%0A%7C..%23...*...%7C%0A%7C..%23..
  .%23%23..%7C%0A%7C..%23..%5E...*%7C%0A%7C..%23%23%23%23....%7C%0A%7C.*....%23...%7C%0A%7C....o....
  .%7C%0A%2B----------%2B%0A%60%60%60%0A%0A%23%23+2+Beispiel-Behavior-Tree+%28Mermaid-Syntax%29%0A%0
  A%60%60%60%0Aflowchart+TD%0A++++A%5B%3F%5D+--%3E+B%28%5BCondition%5D%29%0A++++A+--%3E+C%5B-%3E%5D%
  0A++++C+--%3E+D%28%5BCondition%5D%29+++%0A++++C+--%3E+E%5B%3DM%3E%5D+++++++++++++%0A++++E+--%3E+F%
  5BAction%5D%0A++++E+--%3E+G%5BAction%5D%0A%60%60%60%0A%0A%23%23+3+Beispiele+zu+einzelnen+Befehlen%
  0A%0A%23%23%23+3.1+%60quit%60%0A%0A%60%60%60%0A%3E+quit%0A%60%60%60%0A%0A%23%23%23+3.2+%60load+boa
  rd%60%0A%0A%60%60%60%0A%3E+load+board+.%2Fboard.txt%0A..%23...*...%0A..%23..%23%23%23..%0A..%23..%
  5E...*%0A..%23%23%23%23....%0A.*....%23...%0A....o.....%0A%60%60%60%0A%0A%23%23%23+3.3+%60load+tre
  es%60%0A%0A%60%60%60%0A%3E+load+trees+.%2Ftree.txt%0Aflowchart+TD%0A++++A%5B%3F%5D+--%3E+B%28%5Btr
  eeFront%5D%29%0A++++A+--%3E+C%5B-%3E%5D%0A++++C+--%3E+D%28%5BleafFront%5D%29+++%0A++++C+--%3E+E%5B
  -%3E%5D+++++++++++++%0A++++E+--%3E+F%5BtakeLeaf%5D%0A++++E+--%3E+G%5Bmove%5D%0A%60%60%60%0A%0A%23%
  23%23+3.4+%60list+ladybugs%60%0A%0A%60%60%60%0A%3E+list+ladybugs%0A1+2+3+4%0A%60%60%60%0A%0A%23%23
  %23+3.5+%60print+positon%60%0A%0A%60%60%60%0A%3E+print+positon+1%0A%281%2C+3%29%0A%60%60%60%0A%0A%
  23%23%23+3.6+%60reset+tree%60%0A%0A%60%60%60%0A%3E+reset+tree+1%0A%60%60%60%0A%0A%23%23%23+3.7+%60
  jump+to%60%0A%0A%60%60%60%0A%3E+jump+to+1+D%0A%60%60%60%0A%0A%23%23%23+3.8+%60head%60%0A%0A%60%60%
  60%0A%3E+head+1%0AD%0A%60%60%60%0A%0A%23%23%23+3.9+%60add+sibling%60%0A%0A%60%60%60%0A%3E+add+sibl
  ing+1+G+H%5Bmove%5D%0A%60%60%60%0A%0A%23%23%23+3.10+%60next+action%60%0A%0A%60%60%60%0A%3E+next+ac
  tion%0A1+A+fallback+ENTRY%0A1+B+sequence+ENTRY%0A1+D+treeFront+FAILURE%0A1+B+sequence+FAILURE%0A1+
  C+parallel+ENTRY%0A1+F+takeLeaf+FAILURE%0A%2B----------%2B%0A%7C..%23...*...%7C%0A%7C..%23...%23%2
  3..%7C%0A%7C..%23..%5E...*%7C%0A%7C..%23%23%23%23....%7C%0A%7C.*.%3E..%23...%7C%0A%7C....o.....%7C
  %0A%2B----------%2B%0A2+A+parallel+ENTRY%0A2+B+turnRight+SUCCESS%0A%2B----------%2B%0A%7C..%23...*
  ...%7C%0A%7C..%23...%23%23..%7C%0A%7C..%23..%5E...*%7C%0A%7C..%23%23%23%23....%7C%0A%7C.*.v..%23..
  .%7C%0A%7C....o.....%7C%0A%2B----------%2B%0A%60%60%60%0A%0A%23%23+4+Vollst%C3%A4ndige+Beispielint
  eraktion%0A%0A%60%60%60%0A%25%3E+java+KaraTrees%0A%3E+load+board+.%2Finput%2Fboards%2FexampleBoard
  .txt%0A..%23...*...%0A..%23...%23%23..%0A..%23..%5E...*%0A..%23%23%23%23....%0A.*.%3E..%23...%0A..
  ..o...v.%0A%3E+load+trees+.%2Finput%2Ftrees%2FexampleTree.txt+.%2Finput%2Ftrees%2Fspinner.txt%0Afl
  owchart+TD%0A++++A%5B%3F%5D+--%3E+B%5B-%3E%5D%0A++++A+--%3E+C%5B%3D1%3E%5D%0A++++B+--%3E+D%28%5Btr
  eeFront%5D%29%0A++++B+--%3E+E%5BturnLeft%5D%0A++++C+--%3E+F%5BtakeLeaf%5D%0A++++C+--%3E+G%5Bmove%5
  D%0A++++C+--%3E+H%5B-%3E%5D%0A++++H+--%3E+I%28%5BatEdge%5D%29%0A++++H+--%3E+J%5BturnRight%5D%0Aflo
  wchart+TD%0A++++A%5B%3D1%3E%5D+--%3E+B%5BturnRight%5D%0A++++A+--%3E+C%5Bmove%5D%0A%3E+list+ladybug
  s%0A1+2%0A%3E+print+position+1%0A%286%2C+3%29%0A%3E+next+action%0A1+A+fallback+ENTRY%0A1+B+sequenc
  e+ENTRY%0A1+D+treeFront+FAILURE%0A1+B+sequence+FAILURE%0A1+C+parallel+ENTRY%0A1+F+takeLeaf+FAILURE
  %0A%2B----------%2B%0A%7C..%23...*...%7C%0A%7C..%23...%23%23..%7C%0A%7C..%23..%5E...*%7C%0A%7C..%2
  3%23%23%23....%7C%0A%7C.*.%3E..%23...%7C%0A%7C....o.....%7C%0A%2B----------%2B%0A2+A+parallel+ENTR
  Y%0A2+B+turnRight+SUCCESS%0A%2B----------%2B%0A%7C..%23...*...%7C%0A%7C..%23...%23%23..%7C%0A%7C..
  %23..%5E...*%7C%0A%7C..%23%23%23%23....%7C%0A%7C.*.v..%23...%7C%0A%7C....o.....%7C%0A%2B----------
  %2B%0A%3E+next+action%0A1+G+move+SUCCESS%0A%2B----------%2B%0A%7C..%23...*...%7C%0A%7C..%23..%5E%2
  3%23..%7C%0A%7C..%23......*%7C%0A%7C..%23%23%23%23....%7C%0A%7C.*.v..%23...%7C%0A%7C....o.....%7C%
  0A%2B----------%2B%0A2+C+move+SUCCESS%0A%2B----------%2B%0A%7C..%23...*...%7C%0A%7C..%23..%5E%23%2
  3..%7C%0A%7C..%23......*%7C%0A%7C..%23%23%23%23....%7C%0A%7C.*....%23...%7C%0A%7C...vo.....%7C%0A%
  2B----------%2B%0A%3E+next+action%0A1+H+sequence+ENTRY%0A1+I+atEdge+FAILURE%0A1+H+sequence+FAILURE
  %0A1+C+parallel+SUCCESS%0A1+A+fallback+SUCCESS%0A1+A+fallback+ENTRY%0A1+B+sequence+ENTRY%0A1+D+tre
  eFront+FAILURE%0A1+B+sequence+FAILURE%0A1+C+parallel+ENTRY%0A1+F+takeLeaf+FAILURE%0A%2B----------%
  2B%0A%7C..%23...*...%7C%0A%7C..%23..%5E%23%23..%7C%0A%7C..%23......*%7C%0A%7C..%23%23%23%23....%7C
  %0A%7C.*....%23...%7C%0A%7C...vo.....%7C%0A%2B----------%2B%0A2+A+parallel+SUCCESS%0A2+A+parallel+
  ENTRY%0A2+B+turnRight+SUCCESS%0A%2B----------%2B%0A%7C..%23...*...%7C%0A%7C..%23..%5E%23%23..%7C%0
  A%7C..%23......*%7C%0A%7C..%23%23%23%23....%7C%0A%7C.*....%23...%7C%0A%7C...%3Co.....%7C%0A%2B----
  ------%2B%0A%3E+next+action%0A1+G+move+SUCCESS%0A%2B----------%2B%0A%7C..%23..%5E*...%7C%0A%7C..%2
  3...%23%23..%7C%0A%7C..%23......*%7C%0A%7C..%23%23%23%23....%7C%0A%7C.*....%23...%7C%0A%7C...%3Co.
  ....%7C%0A%2B----------%2B%0A2+C+move+SUCCESS%0A%2B----------%2B%0A%7C..%23..%5E*...%7C%0A%7C..%23
  ...%23%23..%7C%0A%7C..%23......*%7C%0A%7C..%23%23%23%23....%7C%0A%7C.*....%23...%7C%0A%7C..%3C.o..
  ...%7C%0A%2B----------%2B%0A%3E+next+action%0A1+H+sequence+ENTRY%0A1+I+atEdge+SUCCESS%0A1+J+turnRi
  ght+SUCCESS%0A%2B----------%2B%0A%7C..%23..%3E*...%7C%0A%7C..%23...%23%23..%7C%0A%7C..%23......*%7
  C%0A%7C..%23%23%23%23....%7C%0A%7C.*....%23...%7C%0A%7C..%3C.o.....%7C%0A%2B----------%2B%0A2+A+pa
  rallel+SUCCESS%0A2+A+parallel+ENTRY%0A2+B+turnRight+SUCCESS%0A%2B----------%2B%0A%7C..%23..%3E*...
  %7C%0A%7C..%23...%23%23..%7C%0A%7C..%23......*%7C%0A%7C..%23%23%23%23....%7C%0A%7C.*....%23...%7C%
  0A%7C..%5E.o.....%7C%0A%2B----------%2B%0A%3E+next+action%0A1+H+sequence+SUCCESS%0A1+C+parallel+SU
  CCESS%0A1+A+fallback+SUCCESS%0A1+A+fallback+ENTRY%0A1+B+sequence+ENTRY%0A1+D+treeFront+FAILURE%0A1
  +B+sequence+FAILURE%0A1+C+parallel+ENTRY%0A1+F+takeLeaf+SUCCESS%0A%2B----------%2B%0A%7C..%23..%3E
  ....%7C%0A%7C..%23...%23%23..%7C%0A%7C..%23......*%7C%0A%7C..%23%23%23%23....%7C%0A%7C.*....%23...
  %7C%0A%7C..%5E.o.....%7C%0A%2B----------%2B%0A2+C+move+SUCCESS%0A%2B----------%2B%0A%7C..%23..%3E.
  ...%7C%0A%7C..%23...%23%23..%7C%0A%7C..%23......*%7C%0A%7C..%23%23%23%23....%7C%0A%7C.*%5E...%23..
  .%7C%0A%7C....o.....%7C%0A%2B----------%2B%0A%3E+next+action%0A1+G+move+SUCCESS%0A%2B----------%2B
  %0A%7C..%23...%3E...%7C%0A%7C..%23...%23%23..%7C%0A%7C..%23......*%7C%0A%7C..%23%23%23%23....%7C%0
  A%7C.*%5E...%23...%7C%0A%7C....o.....%7C%0A%2B----------%2B%0A2+A+parallel+SUCCESS%0A2+A+parallel+
  ENTRY%0A2+B+turnRight+SUCCESS%0A%2B----------%2B%0A%7C..%23...%3E...%7C%0A%7C..%23...%23%23..%7C%0
  A%7C..%23......*%7C%0A%7C..%23%23%23%23....%7C%0A%7C.*%3E...%23...%7C%0A%7C....o.....%7C%0A%2B----
  ------%2B%0A%3E+next+action%0A1+H+sequence+ENTRY%0A1+I+atEdge+SUCCESS%0A1+J+turnRight+SUCCESS%0A%2
  B----------%2B%0A%7C..%23...v...%7C%0A%7C..%23...%23%23..%7C%0A%7C..%23......*%7C%0A%7C..%23%23%23
  %23....%7C%0A%7C.*%3E...%23...%7C%0A%7C....o.....%7C%0A%2B----------%2B%0A2+C+move+SUCCESS%0A%2B--
  --------%2B%0A%7C..%23...v...%7C%0A%7C..%23...%23%23..%7C%0A%7C..%23......*%7C%0A%7C..%23%23%23%23
  ....%7C%0A%7C.*.%3E..%23...%7C%0A%7C....o.....%7C%0A%2B----------%2B%0A%3E+print+position+1%0A%287
  %2C+1%29%0A%3E+head+1%0AJ%0A%3E+add+sibling+1+J+K%5BturnLeft%5D%0A%3E+next+action%0A1+K+turnLeft+S
  UCCESS%0A%2B----------%2B%0A%7C..%23...%3E...%7C%0A%7C..%23...%23%23..%7C%0A%7C..%23......*%7C%0A%
  7C..%23%23%23%23....%7C%0A%7C.*.%3E..%23...%7C%0A%7C....o.....%7C%0A%2B----------%2B%0A2+A+paralle
  l+SUCCESS%0A2+A+parallel+ENTRY%0A2+B+turnRight+SUCCESS%0A%2B----------%2B%0A%7C..%23...%3E...%7C%0
  A%7C..%23...%23%23..%7C%0A%7C..%23......*%7C%0A%7C..%23%23%23%23....%7C%0A%7C.*.v..%23...%7C%0A%7C
  ....o.....%7C%0A%2B----------%2B%0A%3E+quit%0A%60%60%60&project=ProgrammingST25-Final1&role=requir
  ements&task=Understand+the+st25final01+and+create+its+backlog+when+prompted.&timestamp=2026-07-27T
  18%3A04%3A13.903Z&domain=st25final01

● Injected adaptive memory context into system prompt

● <adaptive_rules>
  - Wenn die nächste Aktion ausgeführt wird, wird danach zusätzlich das Spielfeld ausgegeben und der
   nächste Marienkäfer ist an der Reihe.
  - All commands except 'quit' and 'load board' require at least one valid behavior tree and a valid
   board to be loaded; otherwise an appropriate error must be shown.
  - Initial positions and ordering of ladybugs are determined by the board: ladybugs are sorted
  first by row then by column.
  - Bei Sequence-Knoten werden übersprungene Kinder so behandelt, als ob sie 'SUCCESS' zurückgegeben
   hätten.
  - Each Behavior-Tree must contain at least one action; this must be validated during 'load trees'.
  - Bei der Rückgabe jedes Knotens (Blatt und Nicht-Blatt) wird ausgegeben: Marienkäfernummer,
  Bezeichner des Knotens, Typ des Knotens und Ergebnis ('SUCCESS' oder 'FAILURE').
  - Beim erfolgreichen Laden eines neuen Spielfelds werden geladene Behavior-Trees sowie deren
  Marienkäfer gelöscht.
  - Der Befehl `load board` überschreibt das alte Spielfeld, falls das neue gültig ist.
  - Bei Parallel-Knoten werden übersprungene Kinder so behandelt, als ob sie 'FAILURE' zurückgegeben
   hätten; dabei ändert sich M nicht.
  - Examples in the statement that show input lines prefixed with '> ' indicate the prompt
  characters and are not part of the entered command.
  - The assignment-specific implementation guidelines document applies mandatorily to
  Abschlussaufgabe 1 "Behavior-Trees für Marienkäfer".
  - Bei Fallback-Knoten werden übersprungene Kinder so behandelt, als ob sie 'FAILURE' zurückgegeben
   hätten.
  - Each ladybug receives a unique sequential identifier starting from 1.
  - Das Spielfeld wird zeilenweise ausgegeben und mit den Zeichen '+', '-' und '|' umrandet.
  - Jede Spielfeldzeile beginnt und endet mit dem Zeichen '|'.
  - Oben und unten wird eine Zeile `+---+` eingefügt; Anzahl der Bindestriche entspricht der Breite
  des Felds.
  - After printing an error message the program must continue and wait for the next input.
  - On invalid input or unsuccessful command execution an error message must be printed that begins
  with 'Error,' and contains no special characters (for example newlines or umlauts).
  - Program must read input from standard input (System.in) unless otherwise specified.
  - Program must write outputs to System.out (and may write error messages to System.err); standard
  streams must never be reassigned.
  - Program outputs must exactly match the specification (case, spaces, newlines); no additional
  information may be printed.
  - Submitted program must compile without errors.
  - Submitted program must not use Java library elements except java.util.Scanner and elements from
  the listed packages.
  - Submitted program must use only Java SE 21.
  - The program must not call System.exit(), Runtime.exit() or similar.
  - The provided set of Checkstyle rules must be followed.
  - Beim Eintritt in einen Nicht-Blattknoten wird Ausgabe: Marienkäfernummer, Bezeichner des
  Knotens, Typ des Knotens und 'ENTRY'.
  - Die Schreibweise des Knotentyps orientiert sich am Konzepte-Abschnitt und folgt Camel Case
  (Beispiele: 'fallback', 'sequence', 'parallel').
  - Beim mehrfachen Ausführen von `load trees` werden, falls alle neuen Behavior-Trees gültig sind,
  alle alten Trees und deren Marienkäfer überschrieben.
  - The command 'load trees' may only be executed after a board has been loaded (via the
  board-loading command).
  - The number of behavior trees to load must not exceed the number of ladybugs on the loaded board.
  - When executing 'load trees' each file's contents must be read, printed verbatim, then parsed and
   validated; if any tree is invalid the command must be aborted with an error.
  - Students must submit their *.java files online as a single-person submission with the
  appropriate folder structure.
  - Das Koordinatensystem hat den Ursprung (1,1) in der oberen linken Ecke.
  - Die x-Achse verläuft positiv nach rechts; die y-Achse verläuft positiv nach unten.
  - The program must terminate when the user enters the command 'quit' and must not use
  System.exit() or similar to do so.
  </adaptive_rules>

  <memories>
    - Abschlussaufgabe 1 — Behavior-Trees für Marienkäfer uses Java SE 21.
    - Abschlussaufgabe 1 — Behavior-Trees für Marienkäfer relates to the Spielfeld layout and
  coordinate system: origin (1,1) top-left, leaves as '*', bordered with '+','-','|'.
    - Behavior-Trees for Marienkäfer uses core commands: load board, load trees, next action, quit
    - The document 'Abschlussaufgabe 1 — Behavior-Trees für Marienkäfer' relates to the course
  'Programmieren'.
    - The document 'Abschlussaufgabe 1 — Behavior-Trees für Marienkäfer' relates to the points value
   '20 Punkte'.
    - The document 'Abschlussaufgabe 1 — Behavior-Trees für Marienkäfer' relates to the semester
  'Sommersemester 2025'.
    - The file task.md contains the assignment 'Abschlussaufgabe 1 — Behavior-Trees für Marienkäfer'
   and its metadata (lecture, semester, instructor, group, points, version).
    - The document 'Abschlussaufgabe 1 — Behavior-Trees für Marienkäfer' relates to the version
  '1.0'.
    - ProgrammingST25-Final1 uses Java SE 21 as the language/runtime level
    - ProgrammingST25-Final1 uses Java SE 21 as the required Java runtime/version.
    - The document task.md is an assignment for the course Programmieren.
  </memories>
  <knowledge>
    - Zum Einlesen des Inhalts der Spielfeld-Datei kann `Files::readAllLines` verwendet werden.
  </knowledge>
  <entity_paths>
    - ProgrammingST25-Final1 USES Java SE 21: ProgrammingST25-Final1 uses Java SE 21 as the
  language/runtime level; ProgrammingST25-Final1 uses Java SE 21 as the required Java
  runtime/version.
    - Abschlussaufgabe 1 — Behavior-Trees für Marienkäfer RELATES_TO Prof. Dr.-Ing. Anne Koziolek:
  The document 'Abschlussaufgabe 1 — Behavior-Trees für Marienkäfer' relates to the instructor
  'Prof. Dr.-Ing. Anne Koziolek'.
    - Abschlussaufgabe 1 — Behavior-Trees für Marienkäfer RELATES_TO Institute of Information
  Security and Dependability (KASTEL): The document 'Abschlussaufgabe 1 — Behavior-Trees für
  Marienkäfer' relates to the group 'Institute of Information Security and Dependability (KASTEL)'.
    - Abschlussaufgabe 1 — Behavior-Trees für Marienkäfer RELATES_TO Sommersemester 2025: The
  document 'Abschlussaufgabe 1 — Behavior-Trees für Marienkäfer' relates to the semester
  'Sommersemester 2025'.
    - Abschlussaufgabe 1 — Behavior-Trees für Marienkäfer RELATES_TO 20 Punkte: The document
  'Abschlussaufgabe 1 — Behavior-Trees für Marienkäfer' relates to the points value '20 Punkte'.
    - Abschlussaufgabe 1 — Behavior-Trees für Marienkäfer RELATES_TO Programmieren: The document
  'Abschlussaufgabe 1 — Behavior-Trees für Marienkäfer' relates to the course 'Programmieren'.
    - Abschlussaufgabe 1 — Behavior-Trees für Marienkäfer RELATES_TO Spielfeld layout and coordinate
   system: Abschlussaufgabe 1 — Behavior-Trees für Marienkäfer relates to the Spielfeld layout and
  coordinate system: origin (1,1) top-left, leaves as '*', bordered with '+','-','|'.
    - Abschlussaufgabe 1 — Behavior-Trees für Marienkäfer RELATES_TO 1.0: The document
  'Abschlussaufgabe 1 — Behavior-Trees für Marienkäfer' relates to the version '1.0'.
    - Abschlussaufgabe 1 — Behavior-Trees für Marienkäfer USES Java SE 21: Abschlussaufgabe 1 —
  Behavior-Trees für Marienkäfer uses Java SE 21.
    - Behavior-Trees for Marienkäfer USES Core commands: load board, load trees, next action, quit:
  Behavior-Trees for Marienkäfer uses core commands: load board, load trees, next action, quit
  </entity_paths>
  <entity_matches>
    - ProgrammingST25-Final1 (score: 1.00) — Repository and project for the final assignment.
    - Abschlussaufgabe 1 — Behavior-Trees für Marienkäfer (score: 0.79) — Assignment document about
  behavior trees for ladybugs.
    - Behavior-Trees for Marienkäfer (score: 0.78) — Interactive program controlling ladybugs with
  behavior trees
    - Core commands: load board, load trees, next action, quit (score: 0.74) — Primary text commands
   the program must support
    - Spielfeld layout and coordinate system (score: 0.74) — Board origin (1,1) top-left; leaves
  `*`; border `+`,`-`,`|`.
  </entity_matches>
  <insights>
    - Agent community around ProgrammingST25-Final1, Java SE 21. Relevant agent facts:
  ProgrammingST25-Final1 uses Java SE 21 as the required Java runtime/version.;
  ProgrammingST25-Final1 uses Java SE 21 as the language/runtime level; Abschlussaufgabe 1 —
  Behavior-Trees für Marienkäfer uses Java SE 21.
    - Agent community around Abschlussaufgabe 1 — Behavior-Trees für Marienkäfer, Spielfeld layout
  and coordinate system, Sommersemester 2025. Relevant agent facts: The file task.md contains the
  assignment 'Abschlussaufgabe 1 — Behavior-Trees für Marienkäfer' and its metadata (lecture,
  semester, instructor, group, points, version).; Abschlussaufgabe 1 — Behavior-Trees für
  Marienkäfer uses Java SE 21.; Abschlussaufgabe 1 — Behavior-Trees für Marienkäfer relates to the
  Spielfeld layout and coordinate system: origin (1,1) top-left, leaves as '*', bordered with
  '+','-','|'.
    - Agent community around Behavior-Trees for Marienkäfer, Core commands: load board, load trees,
  next action, quit. Relevant agent facts: Behavior-Trees for Marienkäfer uses core commands: load
  board, load trees, next action, quit
    - Agent community around Prof. Dr.-Ing. Anne Koziolek, Institute of Information Security and
  Dependability (KASTEL), 20 Punkte. Relevant agent facts: The file task.md contains the assignment
  'Abschlussaufgabe 1 — Behavior-Trees für Marienkäfer' and its metadata (lecture, semester,
  instructor, group, points, version).; Prof. Dr.-Ing. Anne Koziolek is the instructor listed for
  the assignment in task.md.; The assignment document task.md is associated with the Institute of
  Information Security and Dependability (KASTEL).
    - Agent community around ProgrammingST25-Final1, Abschlussaufgabe 1 — Behavior-Trees für
  Marienkäfer, Spielfeld layout and coordinate system connects task.md, Institute of Information
  Security and Dependability (KASTEL), 20 Punkte, Version 1.0. Relevant agent facts: The file
  task.md contains the assignment 'Abschlussaufgabe 1 — Behavior-Trees für Marienkäfer' and its
  metadata (lecture, semester, instructor, group, points, version).; Prof. Dr.-Ing. Anne Koziolek is
   the instructor listed for the assignment in task.md.; The assignment document task.md is
  associated with the Institute of Information Security and Dependability (KASTEL).
  </insights>

● adaptive-memory extension active (role=requirements, memorySession=20260727-195942-req) - type
  /memory-help. MCP tools registered (memory=true, backlog=true).







Changes    +0 -0
Duration   2m 49s
Tokens     ↑ 33.0k (1.3k cached) • ↓ 706 (284 reasoning)
[delivery:requirements] Turn 10/11 complete
[delivery:requirements] Turn 11/11: Finalize backlog creation
● [adaptive-context] GET http://localhost:4444/api/agents/7af7809a-adce-4fa9-9609-fd61059de0ff/sessi
  ons/20260727-195942-req/context?input=%2Ffinalize&project=ProgrammingST25-Final1&role=requirements
  &task=Understand+the+st25final01+and+create+its+backlog+when+prompted.&timestamp=2026-07-27T18%3A0
  4%3A34.234Z&domain=st25final01

● Injected adaptive memory context into system prompt

● <adaptive_rules>
  - After printing an error message the program must continue and wait for the next input.
  - On invalid input or unsuccessful command execution an error message must be printed that begins
  with 'Error,' and contains no special characters (for example newlines or umlauts).
  - Program must read input from standard input (System.in) unless otherwise specified.
  - Program must write outputs to System.out (and may write error messages to System.err); standard
  streams must never be reassigned.
  - Program outputs must exactly match the specification (case, spaces, newlines); no additional
  information may be printed.
  - Submitted program must compile without errors.
  - Submitted program must not use Java library elements except java.util.Scanner and elements from
  the listed packages.
  - Submitted program must use only Java SE 21.
  - The program must not call System.exit(), Runtime.exit() or similar.
  - The provided set of Checkstyle rules must be followed.
  - Examples in the statement that show input lines prefixed with '> ' indicate the prompt
  characters and are not part of the entered command.
  - The assignment-specific implementation guidelines document applies mandatorily to
  Abschlussaufgabe 1 "Behavior-Trees für Marienkäfer".
  - Students must submit their *.java files online as a single-person submission with the
  appropriate folder structure.
  - Beim erfolgreichen Laden eines neuen Spielfelds werden geladene Behavior-Trees sowie deren
  Marienkäfer gelöscht.
  - Der Befehl `load board` überschreibt das alte Spielfeld, falls das neue gültig ist.
  - All commands except 'quit' and 'load board' require at least one valid behavior tree and a valid
   board to be loaded; otherwise an appropriate error must be shown.
  - The program must terminate when the user enters the command 'quit' and must not use
  System.exit() or similar to do so.
  - Each Behavior-Tree must contain at least one action; this must be validated during 'load trees'.
  - Beim mehrfachen Ausführen von `load trees` werden, falls alle neuen Behavior-Trees gültig sind,
  alle alten Trees und deren Marienkäfer überschrieben.
  - The command 'load trees' may only be executed after a board has been loaded (via the
  board-loading command).
  - The number of behavior trees to load must not exceed the number of ladybugs on the loaded board.
  - When executing 'load trees' each file's contents must be read, printed verbatim, then parsed and
   validated; if any tree is invalid the command must be aborted with an error.
  - Initial positions and ordering of ladybugs are determined by the board: ladybugs are sorted
  first by row then by column.
  </adaptive_rules>

  <memories>
    - ProgrammingST25-Final1 uses Java SE 21 as the language/runtime level
    - ProgrammingST25-Final1 uses Java SE 21 as the required Java runtime/version.
  </memories>
  <entity_paths>
    - ProgrammingST25-Final1 CONSTRAINT Spielfeld ASCII format: The board uses origin (1,1) at
  top-left and ASCII layout with leaves as '*' and borders '+', '-', '|'.
    - ProgrammingST25-Final1 USES Java SE 21: ProgrammingST25-Final1 uses Java SE 21 as the
  language/runtime level; ProgrammingST25-Final1 uses Java SE 21 as the required Java
  runtime/version.
    - task.md RELATES_TO Abschlussaufgabe 1 — Behavior-Trees für Marienkäfer: The file task.md
  contains the assignment 'Abschlussaufgabe 1 — Behavior-Trees für Marienkäfer' and its metadata
  (lecture, semester, instructor, group, points, version).
    - task.md RELATES_TO Marienkäfer auf einem zweidimensionalen Spielfeld: task.md specifies
  controlling multiple Marienkäfer on a two-dimensional playing field
    - task.md RELATES_TO vereinfachter Behavior-Tree: task.md states each Marienkäfer's behavior is
  defined by a simplified Behavior-Tree
    - task.md RELATES_TO verschiedene Aktionen: task.md indicates Marienkäfer can execute various
  actions
    - task.md RELATES_TO Prof. Dr.-Ing. Anne Koziolek: Prof. Dr.-Ing. Anne Koziolek is the
  instructor listed for the assignment in task.md.; The document task.md lists the instructor as
  "Prof. Dr.-Ing. Anne Koziolek"
    - task.md RELATES_TO Institute of Information Security and Dependability (KASTEL): The
  assignment document task.md is associated with the Institute of Information Security and
  Dependability (KASTEL).; The document task.md identifies the group as "Institute of Information
  Security and Dependability (KASTEL)"
    - task.md RELATES_TO Sommersemester 2025: The assignment in task.md is for Sommersemester 2025.;
   The document task.md specifies the semester as "Sommersemester 2025"
    - task.md RELATES_TO 20 Punkte: The assignment in task.md is worth 20 Punkte.; The document
  task.md states the assignment is worth 20 points
    - task.md RELATES_TO Programmieren: The document task.md is an assignment for the course
  Programmieren.; The document task.md is associated with the course "Programmieren"
    - task.md RELATES_TO Version 1.0: The assignment document task.md is versioned as 1.0.; The
  document task.md has version "1.0"
    - Abschlussaufgabe 1 — Behavior-Trees für Marienkäfer RELATES_TO Marienkäfer (ladybugs):
  Abschlussaufgabe 1 — Behavior-Trees für Marienkäfer describes controlling multiple ladybugs on a
  2D board
    - Abschlussaufgabe 1 — Behavior-Trees für Marienkäfer RELATES_TO zweidimensionales Spielfeld (2D
   game board): Abschlussaufgabe 1 — Behavior-Trees für Marienkäfer specifies a two-dimensional play
   field
    - Abschlussaufgabe 1 — Behavior-Trees für Marienkäfer RELATES_TO geforderte Befehle mit
  Beispiel-I/O (commands with example I/O): Abschlussaufgabe 1 — Behavior-Trees für Marienkäfer
  states the system should support specified commands with example input/output
    - Abschlussaufgabe 1 — Behavior-Trees für Marienkäfer RELATES_TO Prof. Dr.-Ing. Anne Koziolek:
  The document 'Abschlussaufgabe 1 — Behavior-Trees für Marienkäfer' relates to the instructor
  'Prof. Dr.-Ing. Anne Koziolek'.
    - Abschlussaufgabe 1 — Behavior-Trees für Marienkäfer RELATES_TO Institute of Information
  Security and Dependability (KASTEL): The document 'Abschlussaufgabe 1 — Behavior-Trees für
  Marienkäfer' relates to the group 'Institute of Information Security and Dependability (KASTEL)'.
    - Abschlussaufgabe 1 — Behavior-Trees für Marienkäfer RELATES_TO Sommersemester 2025: The
  document 'Abschlussaufgabe 1 — Behavior-Trees für Marienkäfer' relates to the semester
  'Sommersemester 2025'.
    - Abschlussaufgabe 1 — Behavior-Trees für Marienkäfer RELATES_TO 20 Punkte: The document
  'Abschlussaufgabe 1 — Behavior-Trees für Marienkäfer' relates to the points value '20 Punkte'.
    - Abschlussaufgabe 1 — Behavior-Trees für Marienkäfer RELATES_TO Programmieren: The document
  'Abschlussaufgabe 1 — Behavior-Trees für Marienkäfer' relates to the course 'Programmieren'.
  </entity_paths>
  <entity_matches>
    - ProgrammingST25-Final1 (score: 1.00) — Course project repository for the Marienkäfer
  behavior-tree assignment.
    - task.md (score: 0.67) — Assignment document for ProgrammingST25-Final1 containing task details
    - Core commands: load board, load trees, next action, quit (score: 0.67) — Primary text commands
   the program must support
    - Abschlussaufgabe 1 — Behavior-Trees für Marienkäfer (score: 0.64) — Assignment document
  describing the coding task
    - Java SE 21 (score: 0.63) — Java Standard Edition 21 runtime and language version.
  </entity_matches>
  <insights>
    - Agent community around ProgrammingST25-Final1, Java SE 21. Relevant agent facts:
  ProgrammingST25-Final1 uses Java SE 21 as the required Java runtime/version.; The board uses
  origin (1,1) at top-left and ASCII layout with leaves as '*' and borders '+', '-', '|'.;
  ProgrammingST25-Final1 uses Java SE 21 as the language/runtime level
    - Agent community around task.md, Prof. Dr.-Ing. Anne Koziolek, Institute of Information
  Security and Dependability (KASTEL). Relevant agent facts: The file task.md contains the
  assignment 'Abschlussaufgabe 1 — Behavior-Trees für Marienkäfer' and its metadata (lecture,
  semester, instructor, group, points, version).; The document task.md identifies the group as
  "Institute of Information Security and Dependability (KASTEL)"; The document task.md is associated
   with the course "Programmieren"
    - Agent community around Core commands: load board, load trees, next action, quit,
  Behavior-Trees for Marienkäfer. Relevant agent facts: Behavior-Trees for Marienkäfer uses core
  commands: load board, load trees, next action, quit
    - Agent community around Abschlussaufgabe 1 — Behavior-Trees für Marienkäfer, Sommersemester
  2025, Programmieren. Relevant agent facts: The file task.md contains the assignment
  'Abschlussaufgabe 1 — Behavior-Trees für Marienkäfer' and its metadata (lecture, semester,
  instructor, group, points, version).; Abschlussaufgabe 1 — Behavior-Trees für Marienkäfer uses a
  simplified Behavior-Tree to define agent behavior; Abschlussaufgabe 1 — Behavior-Trees für
  Marienkäfer describes controlling multiple ladybugs on a 2D board
    - Agent community around ProgrammingST25-Final1, task.md, Abschlussaufgabe 1 — Behavior-Trees
  für Marienkäfer connects Institute of Information Security and Dependability (KASTEL), 20 Punkte,
  Version 1.0, Sommersemester 2025. Relevant agent facts: The file task.md contains the assignment
  'Abschlussaufgabe 1 — Behavior-Trees für Marienkäfer' and its metadata (lecture, semester,
  instructor, group, points, version).; The document task.md identifies the group as "Institute of
  Information Security and Dependability (KASTEL)"; The document task.md is associated with the
  course "Programmieren"
  </insights>

● adaptive-memory extension active (role=requirements, memorySession=20260727-195942-req) - type
  /memory-help. MCP tools registered (memory=true, backlog=true).



● List directory .
  └ 6 files found

● List directory context
  └ 1 file found

● List directory .github
  └ 1 file found

● [turn-persistence] [turn-persistence] turn_end SKIPPED ai: no assistant message with content



● Create Backlog (MCP: agentic-memory) · Abschlussaufgabe 1: Java SE 21 Konsolenanwendung zur Steue…
  └ Backlog "Behavior-Trees für Marienkäfer" created with id: dabed945-c7b4-4d34-...



● Create Tasks (MCP: agentic-memory) · backlogId: "dabed945-c7b4-4d34-9437-a8bb7c751c86", tasks: [1…
  └ Created 14 task(s) in backlog dabed945-c7b4-4d34-9437-a8bb7c751c86.



● Get Tasks (MCP: agentic-memory) · backlogId: "dabed945-c7b4-4d34-9437-a8bb7c751c86"
  └ Output too large to read at once (21.5 KB). Saved to: /var/folders/fs/p8fxyq6...







Changes    +0 -0
Duration   4m 14s
Tokens     ↑ 217.9k (179.1k cached) • ↓ 4.6k (1.2k reasoning)
[delivery:requirements] Turn 11/11 complete
[delivery:requirements] Exercise requirements stream complete — advancing to backlog discovery
[delivery] Phase B: Backlog discovery
[delivery] Using backlog: "Behavior-Trees für Marienkäfer" (dabed945-c7b4-4d34-9437-a8bb7c751c86)
[delivery] Backlog: "Behavior-Trees für Marienkäfer" (dabed945-c7b4-4d34-9437-a8bb7c751c86)

[delivery] Phase C: Coding

● [adaptive-context] GET http://localhost:4444/api/agents/7af7809a-adce-4fa9-9609-fd61059de0ff/sessi
  ons/20260727-195942-coding/context?input=Implement+%22Behavior-Trees+f%C3%BCr+Marienk%C3%A4fer%22+
  backlog%3A+Project+scaffold%3A+Main+class%2C+package+structure%2C+and+REPL+skeleton%3B+Board+data+
  model%3A+Board+class+with+grid%2C+file+parsing%2C+and+ASCII+rendering%3B+load+board+command%3A+fil
  e+loading%2C+verbatim+output%2C+validation%2C+and+overwrite+logic%3B+Behavior+Tree+node+model%3A+A
  ll+5+node+types+with+tree+structure+and+validation%3B+Behavior+Tree+parser%3A+Mermaid+flowchart+sy
  ntax+parsing+into+node+tree%3B+Ladybug+model%3A+Position%2C+direction%2C+ID+assignment%2C+and+boar
  d-based+sorting%3B+load+trees+command%3A+Tree+file+loading%2C+validation%2C+and+assignment+to+lady
  bugs%3B+Condition+implementations%3A+leafFront%2C+treeFront%2C+mushroomFront%2C+atEdge%2C+existsPa
  th+variants%3B+Action+implementations%3A+turnLeft%2C+turnRight%2C+placeLeaf%2C+takeLeaf%2C+move%2C
  +fly%3B+Query+commands%3A+list+ladybugs%2C+print+position%2C+head%3B+Tree+manipulation+commands%3A
  +reset+tree%2C+jump+to%2C+add+sibling%3B+next+action+command%3A+Tree+traversal+with+ENTRY%2FEXIT+l
  ogging+and+per-ladybug+iteration%3B+Error+handling+hardening%3A+Comprehensive+validation+and+error
  +messages%3B+Integration+testing%3A+Verify+full+example+interaction+from+examples.md&project=Progr
  ammingST25-Final1&role=coding&task=Implement+backlog+%22Behavior-Trees+f%C3%BCr+Marienk%C3%A4fer%2
  2+in+the+selected+exercise+repository.&timestamp=2026-07-27T18%3A05%3A57.263Z&domain=st25final01

● Injected adaptive memory context into system prompt

● <adaptive_rules>
  - Examples in the statement that show input lines prefixed with '> ' indicate the prompt
  characters and are not part of the entered command.
  - The assignment-specific implementation guidelines document applies mandatorily to
  Abschlussaufgabe 1 "Behavior-Trees für Marienkäfer".
  - Each Behavior-Tree must contain at least one action; this must be validated during 'load trees'.
  - All commands except 'quit' and 'load board' require at least one valid behavior tree and a valid
   board to be loaded; otherwise an appropriate error must be shown.
  - Initial positions and ordering of ladybugs are determined by the board: ladybugs are sorted
  first by row then by column.
  - Beim mehrfachen Ausführen von `load trees` werden, falls alle neuen Behavior-Trees gültig sind,
  alle alten Trees und deren Marienkäfer überschrieben.
  - The number of behavior trees to load must not exceed the number of ladybugs on the loaded board.
  - When executing 'load trees' each file's contents must be read, printed verbatim, then parsed and
   validated; if any tree is invalid the command must be aborted with an error.
  - Wenn die nächste Aktion ausgeführt wird, wird danach zusätzlich das Spielfeld ausgegeben und der
   nächste Marienkäfer ist an der Reihe.
  - Students must submit their *.java files online as a single-person submission with the
  appropriate folder structure.
  - Each ladybug receives a unique sequential identifier starting from 1.
  - Beim erfolgreichen Laden eines neuen Spielfelds werden geladene Behavior-Trees sowie deren
  Marienkäfer gelöscht.
  - Der Befehl `load board` überschreibt das alte Spielfeld, falls das neue gültig ist.
  - The command 'load trees' may only be executed after a board has been loaded (via the
  board-loading command).
  - Bei der Rückgabe jedes Knotens (Blatt und Nicht-Blatt) wird ausgegeben: Marienkäfernummer,
  Bezeichner des Knotens, Typ des Knotens und Ergebnis ('SUCCESS' oder 'FAILURE').
  - Bei Fallback-Knoten werden übersprungene Kinder so behandelt, als ob sie 'FAILURE' zurückgegeben
   hätten.
  - Bei Parallel-Knoten werden übersprungene Kinder so behandelt, als ob sie 'FAILURE' zurückgegeben
   hätten; dabei ändert sich M nicht.
  - Beim Eintritt in einen Nicht-Blattknoten wird Ausgabe: Marienkäfernummer, Bezeichner des
  Knotens, Typ des Knotens und 'ENTRY'.
  - Die Schreibweise des Knotentyps orientiert sich am Konzepte-Abschnitt und folgt Camel Case
  (Beispiele: 'fallback', 'sequence', 'parallel').
  - Bei Sequence-Knoten werden übersprungene Kinder so behandelt, als ob sie 'SUCCESS' zurückgegeben
   hätten.
  - Das Koordinatensystem hat den Ursprung (1,1) in der oberen linken Ecke.
  - Die x-Achse verläuft positiv nach rechts; die y-Achse verläuft positiv nach unten.
  - After printing an error message the program must continue and wait for the next input.
  - On invalid input or unsuccessful command execution an error message must be printed that begins
  with 'Error,' and contains no special characters (for example newlines or umlauts).
  - Program must read input from standard input (System.in) unless otherwise specified.
  - Program must write outputs to System.out (and may write error messages to System.err); standard
  streams must never be reassigned.
  - Program outputs must exactly match the specification (case, spaces, newlines); no additional
  information may be printed.
  - Submitted program must compile without errors.
  - Submitted program must not use Java library elements except java.util.Scanner and elements from
  the listed packages.
  - Submitted program must use only Java SE 21.
  - The program must not call System.exit(), Runtime.exit() or similar.
  - The provided set of Checkstyle rules must be followed.
  - The program must terminate when the user enters the command 'quit' and must not use
  System.exit() or similar to do so.
  - Das Spielfeld wird zeilenweise ausgegeben und mit den Zeichen '+', '-' und '|' umrandet.
  - Jede Spielfeldzeile beginnt und endet mit dem Zeichen '|'.
  - Oben und unten wird eine Zeile `+---+` eingefügt; Anzahl der Bindestriche entspricht der Breite
  des Felds.
  </adaptive_rules>

  <memories>
    - Abschlussaufgabe 1 — Behavior-Trees für Marienkäfer describes controlling multiple ladybugs on
   a 2D board
    - Abschlussaufgabe 1 — Behavior-Trees für Marienkäfer uses Java SE 21.
    - Behavior-Trees for Marienkäfer uses core commands: load board, load trees, next action, quit
    - Abschlussaufgabe 1 — Behavior-Trees für Marienkäfer states the system should support specified
   commands with example input/output
    - Document task.md contains the section 'Abschlussaufgabe 1 — Behavior-Trees für Marienkäfer > 1
   Einführung'.
    - The document 'Abschlussaufgabe 1 — Behavior-Trees für Marienkäfer' relates to the course
  'Programmieren'.
    - Abschlussaufgabe 1 — Behavior-Trees für Marienkäfer uses a simplified Behavior-Tree to define
  agent behavior
    - ProgrammingST25-Final1 uses Mermaid syntax for Behavior-Tree definitions.
    - The document 'Abschlussaufgabe 1 — Behavior-Trees für Marienkäfer' relates to the semester
  'Sommersemester 2025'.
    - ProgrammingST25-Final1 involves controlling multiple Marienkäfer on a two-dimensional
  Spielfeld.
  </memories>
  <entity_paths>
    - ProgrammingST25-Final1 RELATES_TO Multi-Marienkäfer 2D Spielfeld: ProgrammingST25-Final1
  involves controlling multiple Marienkäfer on a two-dimensional Spielfeld.
    - ProgrammingST25-Final1 CONSTRAINT Spielfeld ASCII format: The board uses origin (1,1) at
  top-left and ASCII layout with leaves as '*' and borders '+', '-', '|'.
    - ProgrammingST25-Final1 USES Java SE 21: ProgrammingST25-Final1 uses Java SE 21 as the
  language/runtime level; ProgrammingST25-Final1 uses Java SE 21 as the required Java platform.
    - ProgrammingST25-Final1 USES Mermaid: ProgrammingST25-Final1 uses Mermaid syntax for
  Behavior-Tree definitions.
    - ProgrammingST25-Final1 USES fallback node: ProgrammingST25-Final1 uses the Fallback-node
  convention: try children left-to-right until one returns Success, otherwise return Failure; symbol
   '?'
    - ProgrammingST25-Final1 USES sequence node: ProgrammingST25-Final1 uses the Sequence-node
  convention: call children in order and return Failure on the first child's Failure, otherwise
  Success; symbol '->'
    - ProgrammingST25-Final1 USES Action node: ProgrammingST25-Final1 uses Action-node convention:
  leaf nodes that attempt an action and return SUCCESS or FAILURE; shown as squared boxes with free
  names
    - ProgrammingST25-Final1 USES Condition node: ProgrammingST25-Final1 uses Condition-node
  convention: leaf nodes that evaluate a condition and return SUCCESS or FAILURE; shown as rounded
  boxes
    - ProgrammingST25-Final1 USES left-to-right node ordering: ProgrammingST25-Final1 uses the
  convention that node order on the same tree level is left-to-right
    - Behavior-Trees for Marienkäfer USES Core commands: load board, load trees, next action, quit:
  Behavior-Trees for Marienkäfer uses core commands: load board, load trees, next action, quit
    - Abschlussaufgabe 1 — Behavior-Trees für Marienkäfer RELATES_TO Marienkäfer (ladybugs):
  Abschlussaufgabe 1 — Behavior-Trees für Marienkäfer describes controlling multiple ladybugs on a
  2D board
    - Abschlussaufgabe 1 — Behavior-Trees für Marienkäfer RELATES_TO zweidimensionales Spielfeld (2D
   game board): Abschlussaufgabe 1 — Behavior-Trees für Marienkäfer specifies a two-dimensional play
   field
    - Abschlussaufgabe 1 — Behavior-Trees für Marienkäfer RELATES_TO geforderte Befehle mit
  Beispiel-I/O (commands with example I/O): Abschlussaufgabe 1 — Behavior-Trees für Marienkäfer
  states the system should support specified commands with example input/output
    - Abschlussaufgabe 1 — Behavior-Trees für Marienkäfer RELATES_TO Prof. Dr.-Ing. Anne Koziolek:
  The document 'Abschlussaufgabe 1 — Behavior-Trees für Marienkäfer' relates to the instructor
  'Prof. Dr.-Ing. Anne Koziolek'.
    - Abschlussaufgabe 1 — Behavior-Trees für Marienkäfer RELATES_TO Institute of Information
  Security and Dependability (KASTEL): The document 'Abschlussaufgabe 1 — Behavior-Trees für
  Marienkäfer' relates to the group 'Institute of Information Security and Dependability (KASTEL)'.
    - Abschlussaufgabe 1 — Behavior-Trees für Marienkäfer RELATES_TO Sommersemester 2025: The
  document 'Abschlussaufgabe 1 — Behavior-Trees für Marienkäfer' relates to the semester
  'Sommersemester 2025'.
    - Abschlussaufgabe 1 — Behavior-Trees für Marienkäfer RELATES_TO 20 Punkte: The document
  'Abschlussaufgabe 1 — Behavior-Trees für Marienkäfer' relates to the points value '20 Punkte'.
    - Abschlussaufgabe 1 — Behavior-Trees für Marienkäfer RELATES_TO Programmieren: The document
  'Abschlussaufgabe 1 — Behavior-Trees für Marienkäfer' relates to the course 'Programmieren'.
    - Abschlussaufgabe 1 — Behavior-Trees für Marienkäfer RELATES_TO Spielfeld layout and coordinate
   system: Abschlussaufgabe 1 — Behavior-Trees für Marienkäfer relates to the Spielfeld layout and
  coordinate system: origin (1,1) top-left, leaves as '*', bordered with '+','-','|'.
    - Abschlussaufgabe 1 — Behavior-Trees für Marienkäfer RELATES_TO 1.0: The document
  'Abschlussaufgabe 1 — Behavior-Trees für Marienkäfer' relates to the version '1.0'.
  </entity_paths>
  <entity_matches>
    - ProgrammingST25-Final1 (score: 1.00) — Repository/project for the final assignment
  ProgrammingST25-Final1.
    - Behavior-Trees for Marienkäfer (score: 0.89) — Interactive program controlling ladybugs with
  behavior trees
    - Abschlussaufgabe 1 — Behavior-Trees für Marienkäfer (score: 0.86) — Aufgabenbeschreibung zur
  Implementierung von Behavior-Trees für Marienkäfer
    - task.md (Abschlussaufgabe 1 — Behavior-Trees für Marienkäfer, Abschnitt 2 Konzepte) (score:
  0.84) — Assignment section describing behavior-tree concepts.
    - Multi-Marienkäfer 2D Spielfeld (score: 0.80) — Control multiple ladybugs on a two-dimensional
  game board.
  </entity_matches>
  <insights>
    - Agent community around ProgrammingST25-Final1, Multi-Marienkäfer 2D Spielfeld, Spielfeld ASCII
   format connects Condition node, left-to-right node ordering. Relevant agent facts: The board uses
   origin (1,1) at top-left and ASCII layout with leaves as '*' and borders '+', '-', '|'.;
  ProgrammingST25-Final1 uses Java SE 21 as the language/runtime level; ProgrammingST25-Final1 uses
  Java SE 21 as the required Java platform.
    - Agent community around Behavior-Trees for Marienkäfer, Core commands: load board, load trees,
  next action, quit. Relevant agent facts: Behavior-Trees for Marienkäfer uses core commands: load
  board, load trees, next action, quit
    - Agent community around Abschlussaufgabe 1 — Behavior-Trees für Marienkäfer, Prof. Dr.-Ing.
  Anne Koziolek, Institute of Information Security and Dependability (KASTEL) connects
  zweidimensionales Spielfeld (2D game board), geforderte Befehle mit Beispiel-I/O (commands with
  example I/O), Spielfeld layout and coordinate system. Relevant agent facts: The file task.md
  contains the assignment 'Abschlussaufgabe 1 — Behavior-Trees für Marienkäfer' and its metadata
  (lecture, semester, instructor, group, points, version).; Abschlussaufgabe 1 — Behavior-Trees für
  Marienkäfer uses a simplified Behavior-Tree to define agent behavior; Abschlussaufgabe 1 —
  Behavior-Trees für Marienkäfer describes controlling multiple ladybugs on a 2D board
    - Agent community around task.md (Abschlussaufgabe 1 — Behavior-Trees für Marienkäfer, Abschnitt
   2 Konzepte), fallback node, sequence node connects parallel node. Relevant agent facts:
  ProgrammingST25-Final1 uses the Fallback-node convention: try children left-to-right until one
  returns Success, otherwise return Failure; symbol '?'; The document defines the fallback node:
  tick children left-to-right and return SUCCESS on the first child's SUCCESS, otherwise return
  FAILURE.; ProgrammingST25-Final1 uses the Sequence-node convention: call children in order and
  return Failure on the first child's Failure, otherwise Success; symbol '->'
    - Agent community around task.md, Marienkäfer auf einem zweidimensionalen Spielfeld,
  verschiedene Aktionen connects Version 1.0, Action-Knoten, Condition-Knoten. Relevant agent facts:
   The file task.md contains the assignment 'Abschlussaufgabe 1 — Behavior-Trees für Marienkäfer'
  and its metadata (lecture, semester, instructor, group, points, version).; The document task.md
  identifies the group as "Institute of Information Security and Dependability (KASTEL)"; The
  document task.md is associated with the course "Programmieren"
  </insights>

● adaptive-memory extension active (role=coding, memorySession=20260727-195942-coding) - type
  /memory-help. MCP tools registered (memory=true, backlog=true).

● Claim Next Task (MCP: agentic-memory) · backlogId: "dabed945-c7b4-4d34-9437-a8bb7c751c86"
  └ Claimed task "Project scaffold: Main class, package structure, and REPL skele...

● [turn-persistence] [turn-persistence] turn_end SKIPPED ai: no assistant message with content



● List directory .
  └ 15 files found

● Search (glob)
  │ "**/*.java"
  └ No matches found

● List directory src
  └ 1 file found

● Read pom.xml
  └ 31 lines read

● Read task.md
  └ 426 lines read

● [turn-persistence] [turn-persistence] turn_end SKIPPED ai: no assistant message with content

● Read examples.md
  └ 376 lines read

● Read guidelines.md
  └ 104 lines read

● Read checkstyle.xml
  └ 353 lines read

● [turn-persistence] [turn-persistence] turn_end SKIPPED ai: no assistant message with content



● Read README.md
  │ src/README.md
  └ 4 lines read



● Search (glob)
  │ "**/*" in input
  └ 6 files found

● Search (glob)
  │ "**/*" in listings
  └ 1 file found



● Create package directory structure (shell)
  │ mkdir -p /Users/nghalinh2711/Development/student-repos/st25final01/src/edu/kit/kastel/final1
  └ 1 line…

● Create Main.java +48
  └ src/edu/kit/kastel/final1/Main.java

● [turn-persistence] [turn-persistence] turn_end SKIPPED ai: no assistant message with content



● Compile the Java source (shell)
  │ cd /Users/nghalinh2711/Development/student-repos/st25final01 && javac --release 21
  │ src/edu/kit/kastel/final1/Main.java -d build 2>&1
  └ 1 line…

● Test REPL with quit and unknown commands (shell)
  │ cd /Users/nghalinh2711/Development/student-repos/st25final01 && echo -e "hello\nquit" | java -cp
  │ build edu.kit.kastel.final1.Main 2>&1
  └ 2 lines…

● [turn-persistence] [turn-persistence] turn_end SKIPPED ai: no assistant message with content

● Test quit-only and empty lines (shell)
  │ cd /Users/nghalinh2711/Development/student-repos/st25final01 && echo -e "\n\nquit" | java -cp
  │ build edu.kit.kastel.final1.Main 2>&1; echo "Exit code: $?"
  └ 2 lines…

● [turn-persistence] [turn-persistence] turn_end SKIPPED ai: no assistant message with content



● Run checkstyle on Main.java (shell)
  │ cd /Users/nghalinh2711/Development/student-repos/st25final01 && mvn checkstyle:check
  │ -Dcheckstyle.config.location=checkstyle.xml 2>&1 | tail -30
  └ 22 lines…



● Read shell output Reading command output
  └ 1 line…

● Edit pom.xml +5

● [turn-persistence] [turn-persistence] turn_end SKIPPED ai: no assistant message with content

● Run checkstyle with compatible plugin version (shell)
  │ cd /Users/nghalinh2711/Development/student-repos/st25final01 && mvn checkstyle:check
  │ -Dcheckstyle.config.location=checkstyle.xml 2>&1 | tail -30
  └ 22 lines…

● [turn-persistence] [turn-persistence] turn_end SKIPPED ai: no assistant message with content

● Edit pom.xml +1 -1

● [turn-persistence] [turn-persistence] turn_end SKIPPED ai: no assistant message with content

● Run checkstyle with plugin 3.2.0 (shell)
  │ cd /Users/nghalinh2711/Development/student-repos/st25final01 && mvn checkstyle:check
  │ -Dcheckstyle.config.location=checkstyle.xml 2>&1 | tail -30
  └ 22 lines…

● [turn-persistence] [turn-persistence] turn_end SKIPPED ai: no assistant message with content

● Edit pom.xml +1 -1

● [turn-persistence] [turn-persistence] turn_end SKIPPED ai: no assistant message with content

● Run checkstyle with plugin 3.1.2 (checkstyle 8.x) (shell)
  │ cd /Users/nghalinh2711/Development/student-repos/st25final01 && mvn checkstyle:check
  │ -Dcheckstyle.config.location=checkstyle.xml 2>&1 | tail -30
  └ 24 lines…

● [turn-persistence] [turn-persistence] turn_end SKIPPED ai: no assistant message with content

● Edit pom.xml +8 -1

● [turn-persistence] [turn-persistence] turn_end SKIPPED ai: no assistant message with content

● Run checkstyle with checkstyle 10.3.4 (shell)
  │ cd /Users/nghalinh2711/Development/student-repos/st25final01 && mvn checkstyle:check
  │ -Dcheckstyle.config.location=checkstyle.xml 2>&1 | tail -30
  └ 22 lines…

● [turn-persistence] [turn-persistence] turn_end SKIPPED ai: no assistant message with content

● Edit pom.xml +1 -1

● [turn-persistence] [turn-persistence] turn_end SKIPPED ai: no assistant message with content

● Try checkstyle 10.0.0 (shell)
  │ cd /Users/nghalinh2711/Development/student-repos/st25final01 && mvn checkstyle:check
  │ -Dcheckstyle.config.location=checkstyle.xml 2>&1 | tail -30
  └ 28 lines…

● [turn-persistence] [turn-persistence] turn_end SKIPPED ai: no assistant message with content

● Edit pom.xml +1 -1

● [turn-persistence] [turn-persistence] turn_end SKIPPED ai: no assistant message with content



● Edit checkstyle.xml +1 -1



● Edit pom.xml +1 -8

● Search (grep)
  │ "accessModifiers" (checkstyle.xml)
  └ 1 line found

● [turn-persistence] [turn-persistence] turn_end SKIPPED ai: no assistant message with content

● Search (grep)
  │ "accessModifiers" (checkstyle.xml)
  └ 7 lines found

● [turn-persistence] [turn-persistence] turn_end SKIPPED ai: no assistant message with content



● Run checkstyle with fixed config (shell)
  │ cd /Users/nghalinh2711/Development/student-repos/st25final01 && mvn checkstyle:check
  │ -Dcheckstyle.config.location=checkstyle.xml 2>&1 | tail -40
  └ 16 lines…



● Final verification: clean compile and test (shell)
  │ cd /Users/nghalinh2711/Development/student-repos/st25final01 && rm -rf build && javac --release
  │ 21 src/edu/kit/kastel/final1/Main.java -d build && echo "--- Test: unknown command ---" && echo
  │ "hello" | java -cp build edu.kit.kastel.final1.Main && echo "--- Test: quit ---" && echo "quit"
  │ | java -cp build edu.kit.kastel.final1.Main && echo "--- Test: multiple inputs ---" && printf
  │ "foo\nbar\nquit\n" | java -cp build edu.kit.kastel.final1.Main
  └ 7 lines…



● Update Task (MCP: agentic-memory) · backlogId: "dabed945-c7b4-4d34-9437-a8bb7c751c86", taskId: "a…
  └ Task "Project scaffold: Main class, package structure, and REPL skeleton" (ac...

● Update Scratchpad (MCP: agentic-memory) · sessionId: "22ff652c-7eca-4939-9bf1-caecfb03d942", note…
  └ Scratchpad updated.



● Claim Next Task (MCP: agentic-memory) · backlogId: "dabed945-c7b4-4d34-9437-a8bb7c751c86"
  └ Claimed task "Board data model: Board class with grid, file parsing, and ASCI...



● Read exampleBoard.txt
  └ input/boards/exampleBoard.txt

● Read exampleBoard.txt
  │ listings/exampleBoard.txt
  └ 8 lines read

● Read exampleFullBoard.txt
  │ input/boards/exampleFullBoard.txt
  └ 6 lines read



● Create CellType.java +47
  └ src/edu/kit/kastel/final1/CellType.java



● Create Board.java +210
  └ src/edu/kit/kastel/final1/Board.java



● Create LadybugDirection.java +101
  └ src/edu/kit/kastel/final1/LadybugDirection.java



● Edit Board.java +8 -11
  └ src/edu/kit/kastel/final1/Board.java



● Compile all Java files (shell)
  │ cd /Users/nghalinh2711/Development/student-repos/st25final01 && rm -rf build && javac --release
  │ 21 src/edu/kit/kastel/final1/*.java -d build 2>&1
  └ 1 line…



● Test Board parsing and rendering (shell)
  │ cd /Users/nghalinh2711/Development/student-repos/st25final01 && cat > /tmp/TestBoard.java <<
  │ 'JAVAEOF'
  │ import edu.kit.kastel.final1.*;
  │ import java.util.List;
  │ import java.nio.file.Files;…
  └ 47 lines…

● Fix and re-run Board test (shell)
  │ cd /Users/nghalinh2711/Development/student-repos/st25final01 && cat > /tmp/TestBoard.java <<
  │ 'JAVAEOF'
  │ import edu.kit.kastel.final1.*;
  │ import java.util.List;
  │ import java.nio.file.Files;…
  └ 65 lines…

● [turn-persistence] [turn-persistence] turn_end SKIPPED ai: no assistant message with content



● Run checkstyle on all Java files (shell)
  │ cd /Users/nghalinh2711/Development/student-repos/st25final01 && mvn checkstyle:check
  │ -Dcheckstyle.config.location=checkstyle.xml 2>&1 | tail -20
  └ 16 lines…



● Update Scratchpad (MCP: agentic-memory) · sessionId: "22ff652c-7eca-4939-9bf1-caecfb03d942", note…
  └ Scratchpad updated.

● Update Task (MCP: agentic-memory) · backlogId: "dabed945-c7b4-4d34-9437-a8bb7c751c86", taskId: "8…
  └ Task "Board data model: Board class with grid, file parsing, and ASCII render...

● Claim Next Task (MCP: agentic-memory) · backlogId: "dabed945-c7b4-4d34-9437-a8bb7c751c86"
  └ Claimed task "load board command: file loading, verbatim output, validation, ...

● [turn-persistence] [turn-persistence] turn_end SKIPPED ai: no assistant message with content



● Create GameState.java +70
  └ src/edu/kit/kastel/final1/GameState.java



● Edit Main.java +90 -1
  └ src/edu/kit/kastel/final1/Main.java

● Compile and test load board command (shell)
  │ cd /Users/nghalinh2711/Development/student-repos/st25final01 && rm -rf build && javac --release
  │ 21 src/edu/kit/kastel/final1/*.java -d build 2>&1 && echo "--- Test load board ---" && printf
  │ "load board input/boards/exampleFullBoard.txt\nquit\n" | java -cp build
  │ edu.kit.kastel.final1.Main
  └ 8 lines…

● [turn-persistence] [turn-persistence] turn_end SKIPPED ai: no assistant message with content

● Test error cases for load board (shell)
  │ cd /Users/nghalinh2711/Development/student-repos/st25final01 && echo "--- Test: load board
  │ without path ---" && printf "load board\nquit\n" | java -cp build edu.kit.kastel.final1.Main
  │ && echo "--- Test: load board with nonexistent file ---" && printf "load board
  │ nonexistent.txt\nquit\n" | java -cp build edu.kit.kastel.final1.Main && echo "--- Test: load
  │ board invalid board ---" && printf "load board pom.xml\nquit\n" | java -cp build …
  └ 44 lines…

● [turn-persistence] [turn-persistence] turn_end SKIPPED ai: no assistant message with content

● Test that old board is kept on error (shell)
  │ cd /Users/nghalinh2711/Development/student-repos/st25final01 && echo "--- Test: old board kept
  │ after invalid load ---" && printf "load board input/boards/exampleFullBoard.txt\nload board
  │ nonexistent.txt\nload board input/boards/exampleFullBoard.txt\nquit\n" | java -cp build
  │ edu.kit.kastel.final1.Main
  └ 15 lines…

● [turn-persistence] [turn-persistence] turn_end SKIPPED ai: no assistant message with content

● Run checkstyle (shell)
  │ cd /Users/nghalinh2711/Development/student-repos/st25final01 && mvn checkstyle:check
  │ -Dcheckstyle.config.location=checkstyle.xml 2>&1 | tail -10
  └ 11 lines…

● [turn-persistence] [turn-persistence] turn_end SKIPPED ai: no assistant message with content

● Update Task (MCP: agentic-memory) · state: "done", taskId: "37dead1e-19ef-4d88-96fb-a8130f126429"…
  └ Task "load board command: file loading, verbatim output, validation, and over...

● Claim Next Task (MCP: agentic-memory) · backlogId: "dabed945-c7b4-4d34-9437-a8bb7c751c86"
  └ Claimed task "Behavior Tree node model: All 5 node types with tree structure ...

● [turn-persistence] [turn-persistence] turn_end SKIPPED ai: no assistant message with content



● Create BehaviorNode.java +105
  └ src/edu/kit/kastel/final1/BehaviorNode.java



● Create FallbackNode.java +23
  └ src/edu/kit/kastel/final1/FallbackNode.java

● Create SequenceNode.java +23
  └ src/edu/kit/kastel/final1/SequenceNode.java

● Create ParallelNode.java +35
  └ src/edu/kit/kastel/final1/ParallelNode.java

● Create ConditionNode.java +35
  └ src/edu/kit/kastel/final1/ConditionNode.java

● Create ActionNode.java +35
  └ src/edu/kit/kastel/final1/ActionNode.java

● Compile all files and test node model (shell)
  │ cd /Users/nghalinh2711/Development/student-repos/st25final01 && rm -rf build && javac
  │ --release 21 src/edu/kit/kastel/final1/*.java -d build 2>&1 && cat > /tmp/TestNodes.java <<
  │ 'JAVAEOF'
  │ import edu.kit.kastel.final1.*;…
  └ 56 lines…

● [turn-persistence] [turn-persistence] turn_end SKIPPED ai: no assistant message with content

● Run checkstyle (shell)
  │ cd /Users/nghalinh2711/Development/student-repos/st25final01 && mvn checkstyle:check
  │ -Dcheckstyle.config.location=checkstyle.xml 2>&1 | tail -10
  └ 11 lines…

● [turn-persistence] [turn-persistence] turn_end SKIPPED ai: no assistant message with content

● Update Task (MCP: agentic-memory) · backlogId: "dabed945-c7b4-4d34-9437-a8bb7c751c86", state: "do…
  └ Task "Behavior Tree node model: All 5 node types with tree structure and vali...

● Claim Next Task (MCP: agentic-memory) · backlogId: "dabed945-c7b4-4d34-9437-a8bb7c751c86"
  └ Claimed task "Behavior Tree parser: Mermaid flowchart syntax parsing into nod...

● [turn-persistence] [turn-persistence] turn_end SKIPPED ai: no assistant message with content



● Read spinner.txt
  │ input/trees/spinner.txt
  └ 3 lines read

● Read exampleTree.txt
  │ input/trees/exampleTree.txt
  └ 10 lines read

● Read sectionTree.txt
  │ input/trees/sectionTree.txt
  └ 7 lines read



● Create TreeParser.java +161
  └ src/edu/kit/kastel/final1/TreeParser.java

● Compile and test TreeParser (shell)
  │ cd /Users/nghalinh2711/Development/student-repos/st25final01 && rm -rf build && javac
  │ --release 21 src/edu/kit/kastel/final1/*.java -d build 2>&1 && cat > /tmp/TestParser.java <<
  │ 'JAVAEOF'
  │ import edu.kit.kastel.final1.*;
  │ import java.nio.file.Files;…
  └ 71 lines…

● [turn-persistence] [turn-persistence] turn_end SKIPPED ai: no assistant message with content



● Debug condition node type names (shell)
  │ cd /Users/nghalinh2711/Development/student-repos/st25final01 && cat > /tmp/DebugCond.java <<
  │ 'JAVAEOF'
  │ import edu.kit.kastel.final1.*;
  │ import java.util.List;…
  └ 31 lines…



● Edit TreeParser.java
  └ src/edu/kit/kastel/final1/TreeParser.java

● Edit TreeParser.java +6 -1
  └ src/edu/kit/kastel/final1/TreeParser.java

● [turn-persistence] [turn-persistence] turn_end SKIPPED ai: no assistant message with content

● Test fixed condition parsing (shell)
  │ cd /Users/nghalinh2711/Development/student-repos/st25final01 && rm -rf build && javac
  │ --release 21 src/edu/kit/kastel/final1/*.java -d build 2>&1 && cat > /tmp/TestCondFix.java <<
  │ 'JAVAEOF'
  │ import edu.kit.kastel.final1.*;
  │ import java.util.List;…
  └ 33 lines…

● [turn-persistence] [turn-persistence] turn_end SKIPPED ai: no assistant message with content



● Run checkstyle (shell)
  │ cd /Users/nghalinh2711/Development/student-repos/st25final01 && mvn checkstyle:check
  │ -Dcheckstyle.config.location=checkstyle.xml 2>&1 | tail -10
  └ 11 lines…

● Final verification of all example trees (shell)
  │ cd /Users/nghalinh2711/Development/student-repos/st25final01 && java -cp build TestParser 2>&1
  └ 3 lines…

● [turn-persistence] [turn-persistence] turn_end SKIPPED ai: no assistant message with content

● Re-run full parser tests (shell)
  │ cd /Users/nghalinh2711/Development/student-repos/st25final01 && javac --release 21 -cp build
  │ /tmp/TestParser.java -d build && java -cp build TestParser
  └ 26 lines…

● [turn-persistence] [turn-persistence] turn_end SKIPPED ai: no assistant message with content



● Update Task (MCP: agentic-memory) · backlogId: "dabed945-c7b4-4d34-9437-a8bb7c751c86", state: "do…
  └ Task "Behavior Tree parser: Mermaid flowchart syntax parsing into node tree" ...

● Claim Next Task (MCP: agentic-memory) · backlogId: "dabed945-c7b4-4d34-9437-a8bb7c751c86"
  └ Claimed task "Ladybug model: Position, direction, ID assignment, and board-ba...



● Create Ladybug.java +155
  └ src/edu/kit/kastel/final1/Ladybug.java



● Edit GameState.java +49 -5
  └ src/edu/kit/kastel/final1/GameState.java

● Compile and verify ladybug model (shell)
  │ cd /Users/nghalinh2711/Development/student-repos/st25final01 && rm -rf build && javac
  │ --release 21 src/edu/kit/kastel/final1/*.java -d build 2>&1 && cat > /tmp/TestLadybug.java <<
  │ 'JAVAEOF'
  │ import edu.kit.kastel.final1.*;
  │ import java.util.List;…
  └ 54 lines…

● [turn-persistence] [turn-persistence] turn_end SKIPPED ai: no assistant message with content

● Run checkstyle (shell)
  │ cd /Users/nghalinh2711/Development/student-repos/st25final01 && mvn checkstyle:check
  │ -Dcheckstyle.config.location=checkstyle.xml 2>&1 | tail -10
  └ 11 lines…

● [turn-persistence] [turn-persistence] turn_end SKIPPED ai: no assistant message with content

● Update Task (MCP: agentic-memory) · backlogId: "dabed945-c7b4-4d34-9437-a8bb7c751c86", state: "do…
  └ Task "Ladybug model: Position, direction, ID assignment, and board-based sort...

● Claim Next Task (MCP: agentic-memory) · backlogId: "dabed945-c7b4-4d34-9437-a8bb7c751c86"
  └ Claimed task "load trees command: Tree file loading, validation, and assignme...

● [turn-persistence] [turn-persistence] turn_end SKIPPED ai: no assistant message with content



● Edit Main.java +3
  └ src/edu/kit/kastel/final1/Main.java

● Edit Main.java +70
  └ src/edu/kit/kastel/final1/Main.java

● [turn-persistence] [turn-persistence] turn_end SKIPPED ai: no assistant message with content

● Compile and test load trees command (shell)
  │ cd /Users/nghalinh2711/Development/student-repos/st25final01 && rm -rf build && javac
  │ --release 21 src/edu/kit/kastel/final1/*.java -d build 2>&1 && echo "--- Test: load trees
  │ without board ---" && printf "load trees input/trees/exampleTree.txt\nquit\n" | java -cp build
  │ edu.kit.kastel.final1.Main && echo "--- Test: load board then trees ---" && printf "load
  │ board input/boards/exampleFullBoard.txt\nload trees input/trees/exampleTree.txt\nquit\n" | …
  └ 32 lines…

● [turn-persistence] [turn-persistence] turn_end SKIPPED ai: no assistant message with content

● Test loading 2 trees for 2 ladybugs (shell)
  │ cd /Users/nghalinh2711/Development/student-repos/st25final01 && printf "load board
  │ input/boards/exampleFullBoard.txt\nload trees input/trees/exampleTree.txt
  │ input/trees/spinner.txt\nquit\n" | java -cp build edu.kit.kastel.final1.Main
  └ 20 lines…

● [turn-persistence] [turn-persistence] turn_end SKIPPED ai: no assistant message with content

● Test tree replacement on reload (shell)
  │ cd /Users/nghalinh2711/Development/student-repos/st25final01 && printf "load board
  │ input/boards/exampleFullBoard.txt\nload trees input/trees/exampleTree.txt\nload trees
  │ input/trees/spinner.txt\nquit\n" | java -cp build edu.kit.kastel.final1.Main
  └ 20 lines…

● [turn-persistence] [turn-persistence] turn_end SKIPPED ai: no assistant message with content

● Test load trees with invalid tree (shell)
  │ cd /Users/nghalinh2711/Development/student-repos/st25final01 && printf "load board
  │ input/boards/exampleFullBoard.txt\nload trees input/trees/sectionTree.txt\nquit\n" | java -cp
  │ build edu.kit.kastel.final1.Main
  └ 14 lines…

● [turn-persistence] [turn-persistence] turn_end SKIPPED ai: no assistant message with content

● Test board reload clears trees (shell)
  │ cd /Users/nghalinh2711/Development/student-repos/st25final01 && printf "load board
  │ input/boards/exampleFullBoard.txt\nload trees input/trees/exampleTree.txt\nload board
  │ input/boards/exampleFullBoard.txt\nload trees input/trees/spinner.txt\nquit\n" | java -cp build
  │ edu.kit.kastel.final1.Main
  └ 26 lines…

● [turn-persistence] [turn-persistence] turn_end SKIPPED ai: no assistant message with content

● Run checkstyle (shell)
  │ cd /Users/nghalinh2711/Development/student-repos/st25final01 && mvn checkstyle:check
  │ -Dcheckstyle.config.location=checkstyle.xml 2>&1 | tail -10
  └ 11 lines…

● [turn-persistence] [turn-persistence] turn_end SKIPPED ai: no assistant message with content

● Update Task (MCP: agentic-memory) · backlogId: "dabed945-c7b4-4d34-9437-a8bb7c751c86", state: "do…
  └ Task "load trees command: Tree file loading, validation, and assignment to la...

● Claim Next Task (MCP: agentic-memory) · backlogId: "dabed945-c7b4-4d34-9437-a8bb7c751c86"
  └ Cannot claim the next task — unresolved tasks are blocking:

● [turn-persistence] [turn-persistence] turn_end SKIPPED ai: no assistant message with content

● Claim Next Task (MCP: agentic-memory) · backlogId: "dabed945-c7b4-4d34-9437-a8bb7c751c86"
  └ Claimed task "Condition implementations: leafFront, treeFront, mushroomFront,...

● [turn-persistence] [turn-persistence] turn_end SKIPPED ai: no assistant message with content



● Create NodeStatus.java +12
  └ src/edu/kit/kastel/final1/NodeStatus.java

● Create ConditionEvaluator.java +200
  └ src/edu/kit/kastel/final1/ConditionEvaluator.java

● [turn-persistence] [turn-persistence] turn_end SKIPPED ai: no assistant message with content

● Compile and test conditions (shell)
  │ cd /Users/nghalinh2711/Development/student-repos/st25final01 && rm -rf build && javac
  │ --release 21 src/edu/kit/kastel/final1/*.java -d build 2>&1 && cat > /tmp/TestConditions.java
  │ << 'JAVAEOF'
  │ import edu.kit.kastel.final1.*;
  │ import java.util.List;…
  └ 70 lines…

● [turn-persistence] [turn-persistence] turn_end SKIPPED ai: no assistant message with content



● Test treeFront with ladybug facing a tree (shell)
  │ cd /Users/nghalinh2711/Development/student-repos/st25final01 && cat > /tmp/TestCond2.java <<
  │ 'JAVAEOF'
  │ import edu.kit.kastel.final1.*;
  │ import java.util.List;
  │ import java.util.ArrayList;…
  └ 53 lines…

● Test mushroomFront correctly (shell)
  │ cd /Users/nghalinh2711/Development/student-repos/st25final01 && cat > /tmp/TestCond3.java <<
  │ 'JAVAEOF'
  │ import edu.kit.kastel.final1.*;
  │ import java.util.List;
  │ import java.nio.file.Files;…
  └ 49 lines…

● [turn-persistence] [turn-persistence] turn_end SKIPPED ai: no assistant message with content

● Run checkstyle (shell)
  │ cd /Users/nghalinh2711/Development/student-repos/st25final01 && mvn checkstyle:check
  │ -Dcheckstyle.config.location=checkstyle.xml 2>&1 | tail -10
  └ 11 lines…

● [turn-persistence] [turn-persistence] turn_end SKIPPED ai: no assistant message with content

● Update Task (MCP: agentic-memory) · backlogId: "dabed945-c7b4-4d34-9437-a8bb7c751c86", state: "do…
  └ Task "Condition implementations: leafFront, treeFront, mushroomFront, atEdge,...

● Claim Next Task (MCP: agentic-memory) · backlogId: "dabed945-c7b4-4d34-9437-a8bb7c751c86"
  └ Claimed task "Action implementations: turnLeft, turnRight, placeLeaf, takeLea...

● [turn-persistence] [turn-persistence] turn_end SKIPPED ai: no assistant message with content



● Create ActionEvaluator.java +172
  └ src/edu/kit/kastel/final1/ActionEvaluator.java

● Compile and test actions (shell)
  │ cd /Users/nghalinh2711/Development/student-repos/st25final01 && rm -rf build && javac
  │ --release 21 src/edu/kit/kastel/final1/*.java -d build 2>&1 && cat > /tmp/TestActions.java <<
  │ 'JAVAEOF'
  │ import edu.kit.kastel.final1.*;
  │ import java.util.List;…
  └ 99 lines…

● [turn-persistence] [turn-persistence] turn_end SKIPPED ai: no assistant message with content

● Run checkstyle (shell)
  │ cd /Users/nghalinh2711/Development/student-repos/st25final01 && mvn checkstyle:check
  │ -Dcheckstyle.config.location=checkstyle.xml 2>&1 | tail -10
  └ 11 lines…

● [turn-persistence] [turn-persistence] turn_end SKIPPED ai: no assistant message with content

● Claim Next Task (MCP: agentic-memory) · backlogId: "dabed945-c7b4-4d34-9437-a8bb7c751c86"
  └ Cannot claim the next task — unresolved tasks are blocking:

● Update Task (MCP: agentic-memory) · backlogId: "dabed945-c7b4-4d34-9437-a8bb7c751c86", state: "do…
  └ Task "Action implementations: turnLeft, turnRight, placeLeaf, takeLeaf, move,...

● [turn-persistence] [turn-persistence] turn_end SKIPPED ai: no assistant message with content

● Claim Next Task (MCP: agentic-memory) · backlogId: "dabed945-c7b4-4d34-9437-a8bb7c751c86"
  └ Claimed task "Query commands: list ladybugs, print position, head" (2e3817eb-...

● [turn-persistence] [turn-persistence] turn_end SKIPPED ai: no assistant message with content



● Edit Main.java +9
  └ src/edu/kit/kastel/final1/Main.java



● Edit Main.java +135
  └ src/edu/kit/kastel/final1/Main.java

● Compile and test query commands (shell)
  │ cd /Users/nghalinh2711/Development/student-repos/st25final01 && rm -rf build && javac --release
  │ 21 src/edu/kit/kastel/final1/*.java -d build 2>&1 && printf "load board
  │ input/boards/exampleFullBoard.txt\nload trees input/trees/exampleTree.txt
  │ input/trees/spinner.txt\nlist ladybugs\nprint position 1\nprint position 2\nhead 1\nhead
  │ 2\nquit\n" | java -cp build edu.kit.kastel.final1.Main
  └ 25 lines…

● [turn-persistence] [turn-persistence] turn_end SKIPPED ai: no assistant message with content

● Test query command error cases (shell)
  │ cd /Users/nghalinh2711/Development/student-repos/st25final01 && echo "--- Without board/trees
  │ ---" && printf "list ladybugs\nprint position 1\nhead 1\nquit\n" | java -cp build
  │ edu.kit.kastel.final1.Main && echo "--- Invalid ladybug ---" && printf "load board
  │ input/boards/exampleFullBoard.txt\nload trees input/trees/exampleTree.txt\nprint position
  │ 99\nhead abc\nquit\n" | java -cp build edu.kit.kastel.final1.Main
  └ 24 lines…

● [turn-persistence] [turn-persistence] turn_end SKIPPED ai: no assistant message with content

● Run checkstyle (shell)
  │ cd /Users/nghalinh2711/Development/student-repos/st25final01 && mvn checkstyle:check
  │ -Dcheckstyle.config.location=checkstyle.xml 2>&1 | tail -10
  └ 11 lines…

● [turn-persistence] [turn-persistence] turn_end SKIPPED ai: no assistant message with content

● Update Task (MCP: agentic-memory) · backlogId: "dabed945-c7b4-4d34-9437-a8bb7c751c86", state: "do…
  └ Task "Query commands: list ladybugs, print position, head" (2e3817eb-4bd8-4f6...

● Claim Next Task (MCP: agentic-memory) · backlogId: "dabed945-c7b4-4d34-9437-a8bb7c751c86"
  └ Cannot claim the next task — unresolved tasks are blocking:

● [turn-persistence] [turn-persistence] turn_end SKIPPED ai: no assistant message with content

● Claim Next Task (MCP: agentic-memory) · backlogId: "dabed945-c7b4-4d34-9437-a8bb7c751c86"
  └ Claimed task "Tree manipulation commands: reset tree, jump to, add sibling" (...

● [turn-persistence] [turn-persistence] turn_end SKIPPED ai: no assistant message with content



● Edit BehaviorNode.java +19
  └ src/edu/kit/kastel/final1/BehaviorNode.java



● Edit Main.java +9
  └ src/edu/kit/kastel/final1/Main.java



● Edit Main.java +147
  └ src/edu/kit/kastel/final1/Main.java

● Compile and test tree manipulation commands (shell)
  │ cd /Users/nghalinh2711/Development/student-repos/st25final01 && rm -rf build && javac --release
  │ 21 src/edu/kit/kastel/final1/*.java -d build 2>&1 && printf "load board
  │ input/boards/exampleFullBoard.txt\nload trees input/trees/sectionTree.txt\nhead 1\nreset tree
  │ 1\nhead 1\njump to 1 C\nhead 1\nadd sibling 1 G H[move]\nhead 1\nquit\n" | java -cp build
  │ edu.kit.kastel.final1.Main
  └ 18 lines…

● [turn-persistence] [turn-persistence] turn_end SKIPPED ai: no assistant message with content

● Test jump to and add sibling edge cases (shell)
  │ cd /Users/nghalinh2711/Development/student-repos/st25final01 && printf "load board
  │ input/boards/exampleFullBoard.txt\nload trees input/trees/sectionTree.txt\njump to 1 D\nhead
  │ 1\njump to 1 E\nhead 1\njump to 1 Z\nadd sibling 1 A X[move]\nquit\n" | java -cp build
  │ edu.kit.kastel.final1.Main
  └ 18 lines…

● [turn-persistence] [turn-persistence] turn_end SKIPPED ai: no assistant message with content

● Run checkstyle (shell)
  │ cd /Users/nghalinh2711/Development/student-repos/st25final01 && mvn checkstyle:check
  │ -Dcheckstyle.config.location=checkstyle.xml 2>&1 | tail -10
  └ 11 lines…

● [turn-persistence] [turn-persistence] turn_end SKIPPED ai: no assistant message with content

● Update Task (MCP: agentic-memory) · backlogId: "dabed945-c7b4-4d34-9437-a8bb7c751c86", state: "do…
  └ Task "Tree manipulation commands: reset tree, jump to, add sibling" (3201317f...

● Claim Next Task (MCP: agentic-memory) · backlogId: "dabed945-c7b4-4d34-9437-a8bb7c751c86"
  └ Claimed task "next action command: Tree traversal with ENTRY/EXIT logging and...

● [turn-persistence] [turn-persistence] turn_end SKIPPED ai: no assistant message with content



● Create TreeExecutor.java +245
  └ src/edu/kit/kastel/final1/TreeExecutor.java



● Edit Main.java +3
  └ src/edu/kit/kastel/final1/Main.java



● Edit Main.java +42
  └ src/edu/kit/kastel/final1/Main.java

● Compile and test next action (shell)
  │ cd /Users/nghalinh2711/Development/student-repos/st25final01 && rm -rf build && javac --release
  │ 21 src/edu/kit/kastel/final1/*.java -d build 2>&1 && printf "load board
  │ input/boards/exampleFullBoard.txt\nload trees input/trees/exampleTree.txt
  │ input/trees/spinner.txt\nnext action\nquit\n" | java -cp build edu.kit.kastel.final1.Main
  └ 44 lines…

● [turn-persistence] [turn-persistence] turn_end SKIPPED ai: no assistant message with content



● Test multiple next action calls (shell)
  │ cd /Users/nghalinh2711/Development/student-repos/st25final01 && printf "load board
  │ input/boards/exampleFullBoard.txt\nload trees input/trees/exampleTree.txt
  │ input/trees/spinner.txt\nnext action\nnext action\nnext action\nquit\n" | java -cp build
  │ edu.kit.kastel.final1.Main
  └ 75 lines…



● Edit Ladybug.java +1
  └ src/edu/kit/kastel/final1/Ladybug.java

● Edit Ladybug.java +1
  └ src/edu/kit/kastel/final1/Ladybug.java

● [turn-persistence] [turn-persistence] turn_end SKIPPED ai: no assistant message with content

● Edit Ladybug.java +30
  └ src/edu/kit/kastel/final1/Ladybug.java

● [turn-persistence] [turn-persistence] turn_end SKIPPED ai: no assistant message with content



● Edit TreeExecutor.java +113 -70
  └ src/edu/kit/kastel/final1/TreeExecutor.java

● Compile and test next action with wrapping (shell)
  │ cd /Users/nghalinh2711/Development/student-repos/st25final01 && rm -rf build && javac --release
  │ 21 src/edu/kit/kastel/final1/*.java -d build 2>&1 && printf "load board
  │ input/boards/exampleFullBoard.txt\nload trees input/trees/exampleTree.txt
  │ input/trees/spinner.txt\nnext action\nnext action\nnext action\nquit\n" | java -cp build
  │ edu.kit.kastel.final1.Main
  └ 85 lines…

● [turn-persistence] [turn-persistence] turn_end SKIPPED ai: no assistant message with content



● Edit TreeExecutor.java +3 -3
  └ src/edu/kit/kastel/final1/TreeExecutor.java

● Edit TreeExecutor.java +31 -15
  └ src/edu/kit/kastel/final1/TreeExecutor.java

● [turn-persistence] [turn-persistence] turn_end SKIPPED ai: no assistant message with content

● Test next action with parallel state tracking (shell)
  │ cd /Users/nghalinh2711/Development/student-repos/st25final01 && rm -rf build && javac --release
  │ 21 src/edu/kit/kastel/final1/*.java -d build 2>&1 && printf "load board
  │ input/boards/exampleFullBoard.txt\nload trees input/trees/exampleTree.txt
  │ input/trees/spinner.txt\nnext action\nnext action\nnext action\nquit\n" | java -cp build
  │ edu.kit.kastel.final1.Main
  └ 81 lines…

● [turn-persistence] [turn-persistence] turn_end SKIPPED ai: no assistant message with content



● Edit TreeExecutor.java +14 -5
  └ src/edu/kit/kastel/final1/TreeExecutor.java



● Edit TreeExecutor.java +10
  └ src/edu/kit/kastel/final1/TreeExecutor.java

● Edit TreeExecutor.java +10 -10
  └ src/edu/kit/kastel/final1/TreeExecutor.java

● [turn-persistence] [turn-persistence] turn_end SKIPPED ai: no assistant message with content

● Compile and test with propagation fix (shell)
  │ cd /Users/nghalinh2711/Development/student-repos/st25final01 && rm -rf build && javac --release
  │ 21 src/edu/kit/kastel/final1/*.java -d build 2>&1 && printf "load board
  │ input/boards/exampleFullBoard.txt\nload trees input/trees/exampleTree.txt
  │ input/trees/spinner.txt\nnext action\nnext action\nnext action\nquit\n" | java -cp build
  │ edu.kit.kastel.final1.Main
  └ 82 lines…

● [turn-persistence] [turn-persistence] turn_end SKIPPED ai: no assistant message with content



● Edit TreeExecutor.java +11 -2
  └ src/edu/kit/kastel/final1/TreeExecutor.java

● Test with null current fix (shell)
  │ cd /Users/nghalinh2711/Development/student-repos/st25final01 && rm -rf build && javac --release
  │ 21 src/edu/kit/kastel/final1/*.java -d build 2>&1 && printf "load board
  │ input/boards/exampleFullBoard.txt\nload trees input/trees/exampleTree.txt
  │ input/trees/spinner.txt\nnext action\nnext action\nnext action\nquit\n" | java -cp build
  │ edu.kit.kastel.final1.Main
  └ 92 lines…

● [turn-persistence] [turn-persistence] turn_end SKIPPED ai: no assistant message with content



● Edit TreeExecutor.java +5 -1
  └ src/edu/kit/kastel/final1/TreeExecutor.java

● Test with wrap logging (shell)
  │ cd /Users/nghalinh2711/Development/student-repos/st25final01 && rm -rf build && javac --release
  │ 21 src/edu/kit/kastel/final1/*.java -d build 2>&1 && printf "load board
  │ input/boards/exampleFullBoard.txt\nload trees input/trees/exampleTree.txt
  │ input/trees/spinner.txt\nnext action\nnext action\nnext action\nquit\n" | java -cp build
  │ edu.kit.kastel.final1.Main
  └ 94 lines…

● [turn-persistence] [turn-persistence] turn_end SKIPPED ai: no assistant message with content



● Edit TreeExecutor.java +3 -4
  └ src/edu/kit/kastel/final1/TreeExecutor.java

● Test with fixed wrap logging (shell)
  │ cd /Users/nghalinh2711/Development/student-repos/st25final01 && rm -rf build && javac --release
  │ 21 src/edu/kit/kastel/final1/*.java -d build 2>&1 && printf "load board
  │ input/boards/exampleFullBoard.txt\nload trees input/trees/exampleTree.txt
  │ input/trees/spinner.txt\nnext action\nnext action\nnext action\nquit\n" | java -cp build
  │ edu.kit.kastel.final1.Main
  └ 93 lines…

● [turn-persistence] [turn-persistence] turn_end SKIPPED ai: no assistant message with content



● Run checkstyle (shell)
  │ cd /Users/nghalinh2711/Development/student-repos/st25final01 && mvn checkstyle:check
  │ -Dcheckstyle.config.location=checkstyle.xml 2>&1 | tail -10
  └ 11 lines…

● Update Task (MCP: agentic-memory) · backlogId: "dabed945-c7b4-4d34-9437-a8bb7c751c86", state: "do…
  └ Task "next action command: Tree traversal with ENTRY/EXIT logging and per-lad...

● Claim Next Task (MCP: agentic-memory) · backlogId: "dabed945-c7b4-4d34-9437-a8bb7c751c86"
  └ Claimed task "Error handling hardening: Comprehensive validation and error me...

● [turn-persistence] [turn-persistence] turn_end SKIPPED ai: no assistant message with content



● Comprehensive error handling test (shell)
  │ cd /Users/nghalinh2711/Development/student-repos/st25final01 && printf "invalid\nload\nload
  │ board\nload board nonexistent\nload board pom.xml\nload trees\nload trees
  │ input/trees/spinner.txt\nload board input/boards/exampleFullBoard.txt\nload trees
  │ input/trees/nonexistent.txt\nload trees input/trees/exampleTree.txt input/trees/spinner.txt
  │ input/trees/sectionTree.txt\nlist ladybugs\nprint position 99\nprint position abc\nhead …
  └ 63 lines…



● Test state after error (shell)
  │ cd /Users/nghalinh2711/Development/student-repos/st25final01 && printf "load board
  │ input/boards/exampleFullBoard.txt\nload trees input/trees/exampleTree.txt\nload board
  │ input/boards/exampleFullBoard.txt\nlist ladybugs\nload trees input/trees/exampleTree.txt\nnext
  │ action\nquit\n" | java -cp build edu.kit.kastel.final1.Main
  └ 48 lines…

● Test edge cases that could crash (shell)
  │ cd /Users/nghalinh2711/Development/student-repos/st25final01 && printf "next action\nprint
  │ position 1 2\nhead\njump to\nadd sibling\nreset\nlist\nload\nquit\n" | java -cp build
  │ edu.kit.kastel.final1.Main
  └ 9 lines…

● [turn-persistence] [turn-persistence] turn_end SKIPPED ai: no assistant message with content



● Verify error messages format (shell)
  │ cd /Users/nghalinh2711/Development/student-repos/st25final01 && grep -r 'Error,'
  │ src/edu/kit/kastel/final1/*.java | grep -v 'UnsupportedOperationException'
  └ 50 lines…



✗ Edit Main.java
  │ src/edu/kit/kastel/final1/Main.java
  └ Multiple matches found

● Read Main.java
  │ src/edu/kit/kastel/final1/Main.java
  └ L90:105 (16 lines read)

● [turn-persistence] [turn-persistence] turn_end SKIPPED ai: no assistant message with content

● Edit Main.java +2
  └ src/edu/kit/kastel/final1/Main.java

● [turn-persistence] [turn-persistence] turn_end SKIPPED ai: no assistant message with content

● Compile and run final checkstyle (shell)
  │ cd /Users/nghalinh2711/Development/student-repos/st25final01 && rm -rf build && javac --release
  │ 21 src/edu/kit/kastel/final1/*.java -d build 2>&1 && mvn checkstyle:check
  │ -Dcheckstyle.config.location=checkstyle.xml 2>&1 | tail -10
  └ 11 lines…

● [turn-persistence] [turn-persistence] turn_end SKIPPED ai: no assistant message with content

● Update Task (MCP: agentic-memory) · backlogId: "dabed945-c7b4-4d34-9437-a8bb7c751c86", state: "do…
  └ Task "Error handling hardening: Comprehensive validation and error messages" ...

● Claim Next Task (MCP: agentic-memory) · backlogId: "dabed945-c7b4-4d34-9437-a8bb7c751c86"
  └ Claimed task "Integration testing: Verify full example interaction from examp...

● [turn-persistence] [turn-persistence] turn_end SKIPPED ai: no assistant message with content



● Check all example board files (shell)
  │ cd /Users/nghalinh2711/Development/student-repos/st25final01 && echo "=== exampleBoard.txt ==="
  │ && cat input/boards/exampleBoard.txt && echo "=== exampleFullBoard.txt ===" && cat
  │ input/boards/exampleFullBoard.txt && echo "=== sectionBoard.txt ===" && cat
  │ input/boards/sectionBoard.txt
  └ 16 lines…



● Create test board and run full example interaction (shell)
  │ cd /Users/nghalinh2711/Development/student-repos/st25final01 && cat > /tmp/testboard.txt <<
  │ 'EOF'
  │ ..#...*...
  │ ..#...##..
  │ ..#..^...*…
  └ 213 lines…



● Final checkstyle and compilation verification (shell)
  │ cd /Users/nghalinh2711/Development/student-repos/st25final01 && rm -rf build && javac --release
  │ 21 src/edu/kit/kastel/final1/*.java -d build 2>&1 && echo "=== Compilation: OK ===" && mvn
  │ checkstyle:check -Dcheckstyle.config.location=checkstyle.xml 2>&1 | tail -5
  └ 7 lines…

● Update Task (MCP: agentic-memory) · backlogId: "dabed945-c7b4-4d34-9437-a8bb7c751c86", state: "do…
  └ Task "Integration testing: Verify full example interaction from examples.md" ...

● Claim Next Task (MCP: agentic-memory) · backlogId: "dabed945-c7b4-4d34-9437-a8bb7c751c86"
  └ No claimable to_do task remains in this backlog.

● [turn-persistence] [turn-persistence] turn_end SKIPPED ai: no assistant message with content



● Get Tasks (MCP: agentic-memory) · backlogId: "dabed945-c7b4-4d34-9437-a8bb7c751c86"
  └ Output too large to read at once (21.5 KB). Saved to: /var/folders/fs/p8fxyq6...

● Check task states from the output (shell)
  │ cat
  │ /var/folders/fs/p8fxyq611_d7_glm0yth2st80000gn/T/1785176910788-copilot-tool-output-q9rvkt.txt |
  │ grep -E '^\[|\"state\"'
  └ 2 lines…

● [turn-persistence] [turn-persistence] turn_end SKIPPED ai: no assistant message with content







Changes    +2520 -142
Duration   22m 49s
Tokens     ↑ 14.9m (14.8m cached) • ↓ 93.5k (34.5k reasoning)
[delivery] Coding agent exited with code 0
[delivery] Backlog verification passed.
[delivery] Phase E: Feedback

[delivery] Feedback agent — interactive session.
[delivery] Provide feedback to the agent. Exit the session (Ctrl+C or /exit) when done.

