
===== wt2122final01 started at 2026-07-16T07:22:48Z =====
PROGRAMMING_DIR=/Users/nghalinh2711/Development/student-repos/wt2122final01
COMMAND=pnpm delivery:run -- --exercise --dry-run

$ tsx delivery/run.ts -- --exercise --dry-run
/Users/nghalinh2711/Development/ha-linh-nguyen/Implementierung/delivery/lib/cli/args.ts:82
        throw new Error(`Unknown argument: ${arg}`);
              ^

Error: Unknown argument: --
    at parseCoordinatorArgs (/Users/nghalinh2711/Development/ha-linh-nguyen/Implementierung/delivery/lib/cli/args.ts:82:15)
    at <anonymous> (/Users/nghalinh2711/Development/ha-linh-nguyen/Implementierung/delivery/run.ts:169:14)
    at ModuleJob.run (node:internal/modules/esm/module_job:413:25)
    at async onImport.tracePromise.__proto__ (node:internal/modules/esm/loader:660:26)
    at async asyncRunEntryPointWithESMLoader (node:internal/modules/run_main:101:5)

Node.js v24.12.0
[ELIFECYCLE] Command failed with exit code 1.

===== wt2122final01 started at 2026-07-16T07:23:19Z =====
PROGRAMMING_DIR=/Users/nghalinh2711/Development/student-repos/wt2122final01
COMMAND=pnpm delivery:run -- --exercise --dry-run

$ tsx delivery/run.ts -- --exercise --dry-run
/Users/nghalinh2711/Development/ha-linh-nguyen/Implementierung/delivery/lib/cli/args.ts:82
        throw new Error(`Unknown argument: ${arg}`);
              ^

Error: Unknown argument: --
    at parseCoordinatorArgs (/Users/nghalinh2711/Development/ha-linh-nguyen/Implementierung/delivery/lib/cli/args.ts:82:15)
    at <anonymous> (/Users/nghalinh2711/Development/ha-linh-nguyen/Implementierung/delivery/run.ts:169:14)
    at ModuleJob.run (node:internal/modules/esm/module_job:413:25)
    at async onImport.tracePromise.__proto__ (node:internal/modules/esm/loader:660:26)
    at async asyncRunEntryPointWithESMLoader (node:internal/modules/run_main:101:5)

Node.js v24.12.0
[ELIFECYCLE] Command failed with exit code 1.

===== wt2122final01 started at 2026-07-16T07:27:11Z =====
PROGRAMMING_DIR=/Users/nghalinh2711/Development/student-repos/wt2122final01
COMMAND=pnpm delivery:run -- --exercise 

delivery/scripts/run-exercises.sh: line 382: DELIVERY_ARGS[@]: unbound variable

===== wt2122final01 started at 2026-07-16T07:28:30Z =====
PROGRAMMING_DIR=/Users/nghalinh2711/Development/student-repos/wt2122final01
COMMAND=pnpm delivery:run --exercise 

delivery/scripts/run-exercises.sh: line 382: DELIVERY_ARGS[@]: unbound variable

===== wt2122final01 started at 2026-07-16T07:29:29Z =====
PROGRAMMING_DIR=/Users/nghalinh2711/Development/student-repos/wt2122final01
COMMAND=pnpm delivery:run --exercise 

delivery/scripts/run-exercises.sh: line 382: DELIVERY_ARGS[@]: unbound variable

===== wt2122final01 started at 2026-07-16T07:31:53Z =====
PROGRAMMING_DIR=/Users/nghalinh2711/Development/student-repos/wt2122final01
COMMAND=pnpm delivery:run -- --exercise 

$ tsx delivery/run.ts -- --exercise
/Users/nghalinh2711/Development/ha-linh-nguyen/Implementierung/delivery/lib/cli/args.ts:82
        throw new Error(`Unknown argument: ${arg}`);
              ^

Error: Unknown argument: --
    at parseCoordinatorArgs (/Users/nghalinh2711/Development/ha-linh-nguyen/Implementierung/delivery/lib/cli/args.ts:82:15)
    at <anonymous> (/Users/nghalinh2711/Development/ha-linh-nguyen/Implementierung/delivery/run.ts:169:14)
    at ModuleJob.run (node:internal/modules/esm/module_job:413:25)
    at async onImport.tracePromise.__proto__ (node:internal/modules/esm/loader:660:26)
    at async asyncRunEntryPointWithESMLoader (node:internal/modules/run_main:101:5)

Node.js v24.12.0
[ELIFECYCLE] Command failed with exit code 1.

===== wt2122final01 started at 2026-07-16T07:33:29Z =====
PROGRAMMING_DIR=/Users/nghalinh2711/Development/student-repos/wt2122final01
COMMAND=pnpm delivery:run --exercise 

$ tsx delivery/run.ts --exercise

[delivery] Run ID: 20260716-093329
[delivery] Assignment: /Users/nghalinh2711/Development/student-repos/wt2122final01
[delivery] Assignment ID: wt2122final01
[delivery] Coding session: 20260716-093329-coding
[delivery] Requirements session: 20260716-093329-req
[delivery] Requirements log: /Users/nghalinh2711/Development/sandbox/20260716-093329/requirements-output.log

[delivery] Phase A: Requirements

[delivery:requirements] Exercise stream: 13 turns for wt2122final01 (starting at turn 1)
[delivery:requirements] Output log: /Users/nghalinh2711/Development/sandbox/20260716-093329/requirements-output.log
[delivery:requirements] Turn 1/13: Introduction
● adaptive-memory extension active (role=requirements, memorySession=20260716-093329-req) - type
  /memory-help. MCP tools registered (memory=false, backlog=true).







Changes    +0 -0
Duration   7s
Tokens     ↑ 16.5k (1.2k cached) • ↓ 126 (70 reasoning)
[delivery:requirements] Turn 1/13 complete
[delivery:requirements] Turn 2/13: task.md — segment 1/11 — Abschlussaufgabe 1 — Ausbreitungsanalyse in Rechnernetzen
● adaptive-memory extension active (role=requirements, memorySession=20260716-093329-req) - type
  /memory-help. MCP tools registered (memory=false, backlog=true).







Changes    +0 -0
Duration   19s
Tokens     ↑ 17.0k (16.5k cached) • ↓ 413 (239 reasoning)
[delivery:requirements] Turn 2/13 complete
[delivery:requirements] Turn 3/13: task.md — segment 2/11 — Abschlussaufgabe 1 — Ausbreitungsanalyse in Rechnernetzen > 1 Graphentheorie
● adaptive-memory extension active (role=requirements, memorySession=20260716-093329-req) - type
  /memory-help. MCP tools registered (memory=false, backlog=true).







Changes    +0 -0
Duration   33s
Tokens     ↑ 18.9k (17.0k cached) • ↓ 530 (251 reasoning)
[delivery:requirements] Turn 3/13 complete
[delivery:requirements] Turn 4/13: task.md — segment 3/11 — Abschlussaufgabe 1 — Ausbreitungsanalyse in Rechnernetzen > 2 Rechnernetze
● adaptive-memory extension active (role=requirements, memorySession=20260716-093329-req) - type
  /memory-help. MCP tools registered (memory=false, backlog=true).







Changes    +0 -0
Duration   46s
Tokens     ↑ 20.4k (18.8k cached) • ↓ 421 (192 reasoning)
[delivery:requirements] Turn 4/13 complete
[delivery:requirements] Turn 5/13: task.md — segment 4/11 — Abschlussaufgabe 1 — Ausbreitungsanalyse in Rechnernetzen > 3 Klammerschreibweise
● adaptive-memory extension active (role=requirements, memorySession=20260716-093329-req) - type
  /memory-help. MCP tools registered (memory=false, backlog=true).







Changes    +0 -0
Duration   57s
Tokens     ↑ 21.3k (20.4k cached) • ↓ 352 (184 reasoning)
[delivery:requirements] Turn 5/13 complete
[delivery:requirements] Turn 6/13: task.md — segment 5/11 — Abschlussaufgabe 1 — Ausbreitungsanalyse in Rechnernetzen > 4 Vorgegebene Klassen
● adaptive-memory extension active (role=requirements, memorySession=20260716-093329-req) - type
  /memory-help. MCP tools registered (memory=false, backlog=true).







Changes    +0 -0
Duration   1m 8s
Tokens     ↑ 22.1k (21.2k cached) • ↓ 389 (160 reasoning)
[delivery:requirements] Turn 6/13 complete
[delivery:requirements] Turn 7/13: task.md — segment 6/11 — Abschlussaufgabe 1 — Ausbreitungsanalyse in Rechnernetzen > 4 Vorgegebene Klassen > 4.1 `class ParseException extends Exception`
● adaptive-memory extension active (role=requirements, memorySession=20260716-093329-req) - type
  /memory-help. MCP tools registered (memory=false, backlog=true).







Changes    +0 -0
Duration   1m 17s
Tokens     ↑ 22.6k (22.0k cached) • ↓ 174 (64 reasoning)
[delivery:requirements] Turn 7/13 complete
[delivery:requirements] Turn 8/13: task.md — segment 7/11 — Abschlussaufgabe 1 — Ausbreitungsanalyse in Rechnernetzen > 4 Vorgegebene Klassen > 4.2 `class IP implements Comparable<IP>`
● adaptive-memory extension active (role=requirements, memorySession=20260716-093329-req) - type
  /memory-help. MCP tools registered (memory=false, backlog=true).







Changes    +0 -0
Duration   1m 26s
Tokens     ↑ 23.4k (22.5k cached) • ↓ 226 (20 reasoning)
[delivery:requirements] Turn 8/13 complete
[delivery:requirements] Turn 9/13: task.md — segment 8/11 — Abschlussaufgabe 1 — Ausbreitungsanalyse in Rechnernetzen > 4 Vorgegebene Klassen > 4.3 `class Network`
● adaptive-memory extension active (role=requirements, memorySession=20260716-093329-req) - type
  /memory-help. MCP tools registered (memory=false, backlog=true).







Changes    +0 -0
Duration   1m 46s
Tokens     ↑ 26.0k (23.4k cached) • ↓ 961 (525 reasoning)
[delivery:requirements] Turn 9/13 complete
[delivery:requirements] Turn 10/13: task.md — segment 9/11 — Abschlussaufgabe 1 — Ausbreitungsanalyse in Rechnernetzen > 5 Beispielinteraktion
● adaptive-memory extension active (role=requirements, memorySession=20260716-093329-req) - type
  /memory-help. MCP tools registered (memory=false, backlog=true).



● Search (glob)
  │ "**/*"
  └ 32 files found







Changes    +0 -0
Duration   2m 2s
Tokens     ↑ 54.7k (52.9k cached) • ↓ 439 (210 reasoning)
[delivery:requirements] Turn 10/13 complete
[delivery:requirements] Turn 11/13: examples.md — segment 10/11 — Beispiele — Abschlussaufgabe 1 (Ausbreitungsanalyse in Rechnernetzen)
● adaptive-memory extension active (role=requirements, memorySession=20260716-093329-req) - type
  /memory-help. MCP tools registered (memory=false, backlog=true).







Changes    +0 -0
Duration   2m 30s
Tokens     ↑ 30.8k (26.6k cached) • ↓ 1.5k (1.1k reasoning)
[delivery:requirements] Turn 11/13 complete
[delivery:requirements] Turn 12/13: guidelines.md — segment 11/11 — Implementierungsrichtlinien — Abschlussaufgabe 1 (WS 2021/22)
● adaptive-memory extension active (role=requirements, memorySession=20260716-093329-req) - type
  /memory-help. MCP tools registered (memory=false, backlog=true).







Changes    +0 -0
Duration   3m 16s
Tokens     ↑ 33.2k (30.7k cached) • ↓ 2.5k (988 reasoning)
[delivery:requirements] Turn 12/13 complete
[delivery:requirements] Turn 13/13: Finalize backlog creation
● adaptive-memory extension active (role=requirements, memorySession=20260716-093329-req) - type
  /memory-help. MCP tools registered (memory=false, backlog=true).



● Create Backlog (MCP: agentic-memory) · Abschlussaufgabe 1 — Implementierung der drei Java-Klassen…
  └ Backlog "Ausbreitungsanalyse in Rechnernetzen" created with id: 2062ad24-0138...



● Create Tasks (MCP: agentic-memory) · backlogId: "2062ad24-0138-4ca2-b4d5-b52f2dac5df0", tasks: [1…
  └ Created 17 task(s) in backlog 2062ad24-0138-4ca2-b4d5-b52f2dac5df0.



● Get Tasks (MCP: agentic-memory) · backlogId: "2062ad24-0138-4ca2-b4d5-b52f2dac5df0"
  └ Output too large to read at once (29.8 KB). Saved to: /var/folders/fs/p8fxyq6...







Changes    +0 -0
Duration   4m 52s
Tokens     ↑ 165.0k (152.2k cached) • ↓ 6.1k (1.2k reasoning)
[delivery:requirements] Turn 13/13 complete
[delivery:requirements] Exercise requirements stream complete — advancing to backlog discovery
[delivery] Phase B: Backlog discovery
[delivery] Using backlog: "Ausbreitungsanalyse in Rechnernetzen" (2062ad24-0138-4ca2-b4d5-b52f2dac5df0)
[delivery] Backlog: "Ausbreitungsanalyse in Rechnernetzen" (2062ad24-0138-4ca2-b4d5-b52f2dac5df0)

[delivery] Phase C: Coding

● adaptive-memory extension active (role=coding, memorySession=20260716-093329-coding) - type
  /memory-help. MCP tools registered (memory=false, backlog=true).

● Claim Next Task (MCP: agentic-memory) · backlogId: "2062ad24-0138-4ca2-b4d5-b52f2dac5df0"
  └ Claimed task "IP-Klasse: Parsing und Validierung von IPv4-Adressen" (d1b62885...



● List directory .
  └ 12 files found

● Search (glob)
  │ "**/*.java"
  └ 7 files found

● Read ParseException.java
  │ src/ParseException.java
  └ 5 lines read

● Read IP.java
  │ src/IP.java
  └ 15 lines read

● Read pom.xml
  └ 32 lines read

● Search (glob)
  │ "**/*Test*.java"
  └ 1 file found

● Read task.md
  └ 1 line read

● Read Test.java
  │ listings/Test.java
  └ 91 lines read



● Edit IP.java +57 -3
  └ src/IP.java



● Compile IP and ParseException classes (shell)
  │ cd /Users/nghalinh2711/Development/student-repos/wt2122final01 && javac src/IP.java
  │ src/ParseException.java 2>&1
  └ 1 line…



● Run IP class tests (shell)
  │ cd /Users/nghalinh2711/Development/student-repos/wt2122final01 && cat > /tmp/TestIP.java <<
  │ 'JAVAEOF'
  │ public class TestIP {
  │ public static void main(String[] args) {
  │ int passed = 0;…
  └ 108 lines…



● Compile all source files together (shell)
  │ cd /Users/nghalinh2711/Development/student-repos/wt2122final01 && javac src/Network.java
  │ src/IP.java src/ParseException.java 2>&1
  └ 1 line…



● Update Task (MCP: agentic-memory) · backlogId: "2062ad24-0138-4ca2-b4d5-b52f2dac5df0", taskId: "d…
  └ Task "IP-Klasse: Parsing und Validierung von IPv4-Adressen" (d1b62885-ba82-4d...



● Claim Next Task (MCP: agentic-memory) · backlogId: "2062ad24-0138-4ca2-b4d5-b52f2dac5df0"
  └ Claimed task "ParseException-Klasse implementieren" (3cdadc87-9a3f-4d70-821f-...

● Read ParseException.java
  │ listings/ParseException.java
  └ 3 lines read

● Read ParseException.java
  │ src/ParseException.java
  └ 5 lines read



● Create package directory structure (shell)
  │ mkdir -p /Users/nghalinh2711/Development/student-repos/wt2122final01/src/edu/kit/kastel
  └ 1 line…

● Create ParseException.java +8
  └ src/edu/kit/kastel/ParseException.java



● Edit IP.java +2
  └ src/IP.java



● Move IP.java to package dir, remove old ParseException (shell)
  │ mv /Users/nghalinh2711/Development/student-repos/wt2122final01/src/IP.java
  │ /Users/nghalinh2711/Development/student-repos/wt2122final01/src/edu/kit/kastel/IP.java && rm
  │ /Users/nghalinh2711/Development/student-repos/wt2122final01/src/ParseException.java
  └ 1 line…



● Read Network.java
  │ src/Network.java
  └ 45 lines read



● Edit Network.java +2
  └ src/Network.java

● Move Network.java to package directory (shell)
  │ mv /Users/nghalinh2711/Development/student-repos/wt2122final01/src/Network.java
  │ /Users/nghalinh2711/Development/student-repos/wt2122final01/src/edu/kit/kastel/Network.java
  └ 1 line…



● Compile all Java files in package (shell)
  │ cd /Users/nghalinh2711/Development/student-repos/wt2122final01 && javac
  │ src/edu/kit/kastel/*.java 2>&1
  └ 1 line…



● Re-run IP tests after package move (shell)
  │ cd /Users/nghalinh2711/Development/student-repos/wt2122final01 && java -cp src:/tmp/classes
  │ TestIP 2>&1
  └ 12 lines…



● Update Task (MCP: agentic-memory) · state: "done", taskId: "3cdadc87-9a3f-4d70-821f-a2d2e39add8b"…
  └ Task "ParseException-Klasse implementieren" (3cdadc87-9a3f-4d70-821f-a2d2e39a...



● Claim Next Task (MCP: agentic-memory) · backlogId: "2062ad24-0138-4ca2-b4d5-b52f2dac5df0"
  └ Claimed task "IP-Klasse: toString, equals, hashCode und compareTo" (21b3b82d-...



● Verify IP toString/equals/hashCode/compareTo (shell)
  │ cd /Users/nghalinh2711/Development/student-repos/wt2122final01 && cat > /tmp/TestIP2.java <<
  │ 'JAVAEOF'
  │ public class TestIP2 {
  │ public static void main(String[] args) throws Exception {
  │ int passed = 0;…
  └ 65 lines…



● Update Task (MCP: agentic-memory) · state: "done", taskId: "21b3b82d-05d8-4f42-bd7e-04d8506c7602"…
  └ Task "IP-Klasse: toString, equals, hashCode und compareTo" (21b3b82d-05d8-4f4...



● Claim Next Task (MCP: agentic-memory) · backlogId: "2062ad24-0138-4ca2-b4d5-b52f2dac5df0"
  └ Claimed task "Network: Interne Graph-Datenstruktur entwerfen" (ff7d31a3-7529-...



● Read Network.java
  │ listings/Network.java
  └ 25 lines read

● Read Network.java
  │ src/edu/kit/kastel/Network.java
  └ 47 lines read

● Read task.md
  └ L1:100 (100 lines read)

● Read task.md
  └ L100:200 (101 lines read)

● Read task.md
  └ L200:280 (61 lines read)



● Read Network.java
  │ src/edu/kit/kastel/Network.java
  └ 47 lines read

● Edit Network.java +433 -9
  └ src/edu/kit/kastel/Network.java



● Compile all Java sources (shell)
  │ cd /Users/nghalinh2711/Development/student-repos/wt2122final01 && javac
  │ src/edu/kit/kastel/*.java 2>&1
  └ 1 line…



● Test Network data structure (shell)
  │ cd /Users/nghalinh2711/Development/student-repos/wt2122final01 && cat >
  │ /tmp/TestNetworkDS.java << 'JAVAEOF'
  │ import edu.kit.kastel.*;
  │ import java.util.*;…
  └ 145 lines…

● Check for compiled class files (shell)
  │ ls /Users/nghalinh2711/Development/student-repos/wt2122final01/src/edu/kit/kastel/*.class 2>&1
  └ 4 lines…

● Recompile and verify Network methods (shell)
  │ cd /Users/nghalinh2711/Development/student-repos/wt2122final01 && rm -f
  │ src/edu/kit/kastel/*.class && javac src/edu/kit/kastel/*.java 2>&1 && javap -p
  │ src/edu/kit/kastel/Network.class 2>&1 | grep -E "getDegree|getNodes"
  └ 3 lines…



● Re-run Network data structure tests (shell)
  │ cd /Users/nghalinh2711/Development/student-repos/wt2122final01 && javac -cp src
  │ /tmp/TestNetworkDS.java -d /tmp/classes3 2>&1 && java -cp src:/tmp/classes3 TestNetworkDS 2>&1
  └ 17 lines…

● Compile to out directory and verify (shell)
  │ cd /Users/nghalinh2711/Development/student-repos/wt2122final01 && mkdir -p out && javac -d out
  │ src/edu/kit/kastel/*.java 2>&1 && javap -p out/edu/kit/kastel/Network.class 2>&1 | grep -E
  │ "getDegree|getNodes|public"
  └ 17 lines…

● Compile and run tests against out/ classes (shell)
  │ cd /Users/nghalinh2711/Development/student-repos/wt2122final01 && javac -cp out -d /tmp/classes3
  │ /tmp/TestNetworkDS.java 2>&1 && java -cp out:/tmp/classes3 TestNetworkDS 2>&1
  └ 13 lines…



● Update Task (MCP: agentic-memory) · state: "done", taskId: "ff7d31a3-7529-42d8-910a-77febee25035"…
  └ Task "Network: Interne Graph-Datenstruktur entwerfen" (ff7d31a3-7529-42d8-910...



● Claim Next Task (MCP: agentic-memory) · backlogId: "2062ad24-0138-4ca2-b4d5-b52f2dac5df0"
  └ Claimed task "Network: Konstruktor Network(IP root, List<IP> children)" (0c84...



● Test Network(IP, List) constructor (shell)
  │ cd /Users/nghalinh2711/Development/student-repos/wt2122final01 && cat >
  │ /tmp/TestNetConstructor.java << 'JAVAEOF'
  │ import edu.kit.kastel.*;
  │ import java.util.*;…
  └ 97 lines…



● Update Task (MCP: agentic-memory) · state: "done", taskId: "0c84901c-7f38-407f-9c49-0189327c1c61"…
  └ Task "Network: Konstruktor Network(IP root, List<IP> children)" (0c84901c-7f3...



● Claim Next Task (MCP: agentic-memory) · backlogId: "2062ad24-0138-4ca2-b4d5-b52f2dac5df0"
  └ Claimed task "Network: list()" (8d236ef9-ff9c-419d-a1c9-fb9b7cdfbf29) and mar...



● Test Network.list() method (shell)
  │ cd /Users/nghalinh2711/Development/student-repos/wt2122final01 && cat > /tmp/TestList.java <<
  │ 'JAVAEOF'
  │ import edu.kit.kastel.*;
  │ import java.util.*;…
  └ 69 lines…



● Update Task (MCP: agentic-memory) · state: "done", taskId: "8d236ef9-ff9c-419d-a1c9-fb9b7cdfbf29"…
  └ Task "Network: list()" (8d236ef9-ff9c-419d-a1c9-fb9b7cdfbf29) updated to stat...



● Claim Next Task (MCP: agentic-memory) · backlogId: "2062ad24-0138-4ca2-b4d5-b52f2dac5df0"
  └ Claimed task "Network: contains(IP ip)" (c572cc1e-7c8f-4db7-bbe2-ec0501667a1b...



● Test Network.contains() (shell)
  │ cd /Users/nghalinh2711/Development/student-repos/wt2122final01 && cat > /tmp/TestContains.java
  │ << 'JAVAEOF'
  │ import edu.kit.kastel.*;
  │ import java.util.*;…
  └ 40 lines…



● Update Task (MCP: agentic-memory) · state: "done", taskId: "c572cc1e-7c8f-4db7-bbe2-ec0501667a1b"…
  └ Task "Network: contains(IP ip)" (c572cc1e-7c8f-4db7-bbe2-ec0501667a1b) update...



● Claim Next Task (MCP: agentic-memory) · backlogId: "2062ad24-0138-4ca2-b4d5-b52f2dac5df0"
  └ Claimed task "Network: connect(IP ip1, IP ip2)" (a96980af-c6d1-41e7-adf7-8860...



● Test Network.connect() (shell)
  │ cd /Users/nghalinh2711/Development/student-repos/wt2122final01 && cat > /tmp/TestConnect.java
  │ << 'JAVAEOF'
  │ import edu.kit.kastel.*;
  │ import java.util.*;…
  └ 57 lines…



● Update Task (MCP: agentic-memory) · state: "done", taskId: "a96980af-c6d1-41e7-adf7-8860520f77d8"…
  └ Task "Network: connect(IP ip1, IP ip2)" (a96980af-c6d1-41e7-adf7-8860520f77d8...



● Claim Next Task (MCP: agentic-memory) · backlogId: "2062ad24-0138-4ca2-b4d5-b52f2dac5df0"
  └ Claimed task "Network: disconnect(IP ip1, IP ip2)" (a3d07e70-0370-4d7f-8876-b...



● Test Network.disconnect() (shell)
  │ cd /Users/nghalinh2711/Development/student-repos/wt2122final01 && cat >
  │ /tmp/TestDisconnect.java << 'JAVAEOF'
  │ import edu.kit.kastel.*;
  │ import java.util.*;…
  └ 67 lines…



● Update Task (MCP: agentic-memory) · state: "done", taskId: "a3d07e70-0370-4d7f-8876-b5334a767f4e"…
  └ Task "Network: disconnect(IP ip1, IP ip2)" (a3d07e70-0370-4d7f-8876-b5334a767...



● Claim Next Task (MCP: agentic-memory) · backlogId: "2062ad24-0138-4ca2-b4d5-b52f2dac5df0"
  └ Claimed task "Network: Konstruktor Network(String bracketNotation)" (1491d2b4...



● Read Network.java
  │ src/edu/kit/kastel/Network.java
  └ L42:55 (14 lines read)

● Read Network.java
  │ src/edu/kit/kastel/Network.java
  └ L55:75 (21 lines read)

● Edit Network.java +128 -3
  └ src/edu/kit/kastel/Network.java

● Compile after bracket notation implementation (shell)
  │ cd /Users/nghalinh2711/Development/student-repos/wt2122final01 && javac -d out
  │ src/edu/kit/kastel/*.java 2>&1
  └ 1 line…



● Test bracket notation parser (shell)
  │ cd /Users/nghalinh2711/Development/student-repos/wt2122final01 && cat > /tmp/TestBracket.java
  │ << 'JAVAEOF'
  │ import edu.kit.kastel.*;
  │ import java.util.*;…
  └ 116 lines…



● Update Task (MCP: agentic-memory) · state: "done", taskId: "1491d2b4-fe4a-46f7-b933-3074aff39151"…
  └ Task "Network: Konstruktor Network(String bracketNotation)" (1491d2b4-fe4a-46...



● Claim Next Task (MCP: agentic-memory) · backlogId: "2062ad24-0138-4ca2-b4d5-b52f2dac5df0"
  └ Claimed task "Network: add(Network subnet)" (251006ad-92b3-4d21-a2ce-dab5449e...



● Read Network.java
  │ src/edu/kit/kastel/Network.java
  └ L126:175 (50 lines read)

● Read Network.java
  │ src/edu/kit/kastel/Network.java
  └ L195:240 (46 lines read)

● Read Network.java
  │ src/edu/kit/kastel/Network.java
  └ L240:265 (26 lines read)

● Edit Network.java +32 -27
  └ src/edu/kit/kastel/Network.java

● Compile after add() fix (shell)
  │ cd /Users/nghalinh2711/Development/student-repos/wt2122final01 && javac -d out
  │ src/edu/kit/kastel/*.java 2>&1
  └ 1 line…

● Test Network.add() method (shell)
  │ cd /Users/nghalinh2711/Development/student-repos/wt2122final01 && cat > /tmp/TestAdd.java <<
  │ 'JAVAEOF'
  │ import edu.kit.kastel.*;
  │ import java.util.*;…
  └ 77 lines…



● Update Task (MCP: agentic-memory) · state: "done", taskId: "251006ad-92b3-4d21-a2ce-dab5449e693f"…
  └ Task "Network: add(Network subnet)" (251006ad-92b3-4d21-a2ce-dab5449e693f) up...



● Claim Next Task (MCP: agentic-memory) · backlogId: "2062ad24-0138-4ca2-b4d5-b52f2dac5df0"
  └ Claimed task "Network: getHeight(IP root)" (f2768b9b-e146-416e-b3fc-788563d06...



● Test Network.getHeight() (shell)
  │ cd /Users/nghalinh2711/Development/student-repos/wt2122final01 && cat > /tmp/TestHeight.java
  │ << 'JAVAEOF'
  │ import edu.kit.kastel.*;
  │ import java.util.*;…
  └ 60 lines…



● Update Task (MCP: agentic-memory) · state: "done", taskId: "f2768b9b-e146-416e-b3fc-788563d06d5d"…
  └ Task "Network: getHeight(IP root)" (f2768b9b-e146-416e-b3fc-788563d06d5d) upd...



● Claim Next Task (MCP: agentic-memory) · backlogId: "2062ad24-0138-4ca2-b4d5-b52f2dac5df0"
  └ Claimed task "Network: getLevels(IP root)" (9ffea32d-f9d4-491c-9ef4-9b97d1913...



● Test Network.getLevels() (shell)
  │ cd /Users/nghalinh2711/Development/student-repos/wt2122final01 && cat > /tmp/TestLevels.java
  │ << 'JAVAEOF'
  │ import edu.kit.kastel.*;
  │ import java.util.*;…
  └ 59 lines…



● Update Task (MCP: agentic-memory) · state: "done", taskId: "9ffea32d-f9d4-491c-9ef4-9b97d191340e"…
  └ Task "Network: getLevels(IP root)" (9ffea32d-f9d4-491c-9ef4-9b97d191340e) upd...



● Claim Next Task (MCP: agentic-memory) · backlogId: "2062ad24-0138-4ca2-b4d5-b52f2dac5df0"
  └ Claimed task "Network: getRoute(IP start, IP end)" (6e17e6a9-5504-4902-be02-8...



● Test Network.getRoute() (shell)
  │ cd /Users/nghalinh2711/Development/student-repos/wt2122final01 && cat > /tmp/TestRoute.java <<
  │ 'JAVAEOF'
  │ import edu.kit.kastel.*;
  │ import java.util.*;…
  └ 71 lines…



● Update Task (MCP: agentic-memory) · state: "done", taskId: "6e17e6a9-5504-4902-be02-8c599ffc3711"…
  └ Task "Network: getRoute(IP start, IP end)" (6e17e6a9-5504-4902-be02-8c599ffc3...



● Claim Next Task (MCP: agentic-memory) · backlogId: "2062ad24-0138-4ca2-b4d5-b52f2dac5df0"
  └ Claimed task "Network: toString(IP root)" (fc4e926f-4777-45b7-9a50-7e51ceb451...



● Test Network.toString(IP) (shell)
  │ cd /Users/nghalinh2711/Development/student-repos/wt2122final01 && cat > /tmp/TestToString.java
  │ << 'JAVAEOF'
  │ import edu.kit.kastel.*;
  │ import java.util.*;…
  └ 58 lines…



● Update Task (MCP: agentic-memory) · state: "done", taskId: "fc4e926f-4777-45b7-9a50-7e51ceb4519d"…
  └ Task "Network: toString(IP root)" (fc4e926f-4777-45b7-9a50-7e51ceb4519d) upda...



● Claim Next Task (MCP: agentic-memory) · backlogId: "2062ad24-0138-4ca2-b4d5-b52f2dac5df0"
  └ Claimed task "Network: equals und hashCode implementieren" (a951f6c0-9243-424...



● Test Network equals/hashCode (shell)
  │ cd /Users/nghalinh2711/Development/student-repos/wt2122final01 && cat > /tmp/TestEquals.java
  │ << 'JAVAEOF'
  │ import edu.kit.kastel.*;
  │ import java.util.*;…
  └ 54 lines…



● Update Task (MCP: agentic-memory) · state: "done", taskId: "a951f6c0-9243-4246-bb94-96122dd91ab4"…
  └ Task "Network: equals und hashCode implementieren" (a951f6c0-9243-4246-bb94-9...



● Claim Next Task (MCP: agentic-memory) · backlogId: "2062ad24-0138-4ca2-b4d5-b52f2dac5df0"
  └ Claimed task "Code-Qualität: Checkstyle, JavaDoc, Paketstruktur" (baa10a0f-b5...



● Read checkstyle.xml
  └ 353 lines read



● Check if checkstyle is available (shell)
  │ cd /Users/nghalinh2711/Development/student-repos/wt2122final01 && which checkstyle 2>&1 || echo
  │ "checkstyle not found"
  └ 2 lines…

● Run Maven checkstyle (shell)
  │ cd /Users/nghalinh2711/Development/student-repos/wt2122final01 && mvn checkstyle:check
  │ -Dcheckstyle.config.location=checkstyle.xml 2>&1 | tail -80
  └ 2 lines…

● Check Java version (shell)
  │ which java && java -version 2>&1
  └ 5 lines…

● Download and run checkstyle (shell)
  │ cd /Users/nghalinh2711/Development/student-repos/wt2122final01 && curl -sL -o
  │ /tmp/checkstyle.jar "https://github.com/checkstyle/checkstyle/releases/download/checkstyle-10.12
  │ .4/checkstyle-10.12.4-all.jar" && java -jar /tmp/checkstyle.jar -c checkstyle.xml
  │ src/edu/kit/kastel/*.java 2>&1
  └ 19 lines…

● Try older checkstyle version (shell)
  │ cd /Users/nghalinh2711/Development/student-repos/wt2122final01 && curl -sL -o
  │ /tmp/checkstyle.jar "https://github.com/checkstyle/checkstyle/releases/download/checkstyle-9.3/c
  │ heckstyle-9.3-all.jar" && java -jar /tmp/checkstyle.jar -c checkstyle.xml
  │ src/edu/kit/kastel/*.java 2>&1
  └ 19 lines…

● Try checkstyle 8.x (shell)
  │ cd /Users/nghalinh2711/Development/student-repos/wt2122final01 && curl -sL -o
  │ /tmp/checkstyle.jar "https://github.com/checkstyle/checkstyle/releases/download/checkstyle-8.45.
  │ 1/checkstyle-8.45.1-all.jar" && java -jar /tmp/checkstyle.jar -c checkstyle.xml
  │ src/edu/kit/kastel/*.java 2>&1
  └ 18 lines…



● Check current JavaDoc state in Network.java (shell)
  │ cd /Users/nghalinh2711/Development/student-repos/wt2122final01 && grep -n
  │ '^import\|^package\|public\|private\|protected\|//\|/\*\*\|^\s*\*'
  │ src/edu/kit/kastel/Network.java | head -50
  └ 51 lines…

● Check lines > 120 chars in Network.java (shell)
  │ cd /Users/nghalinh2711/Development/student-repos/wt2122final01 && awk 'length > 120 {print NR ":
  │ " length " chars: " $0}' src/edu/kit/kastel/Network.java
  └ 2 lines…

● List all methods in all classes (shell)
  │ cd /Users/nghalinh2711/Development/student-repos/wt2122final01 && echo "=== Network.java methods
  │ ===" && grep -n 'public\|private\|protected\|// ───' src/edu/kit/kastel/Network.java && echo
  │ "=== IP.java issues ===" && grep -n 'public\|private\|protected\|//\|/\*\*\|^\s*\*'
  │ src/edu/kit/kastel/IP.java && echo "=== ParseException.java issues ===" && grep -n
  │ 'public\|private\|protected\|//\|/\*\*\|^\s*\*' src/edu/kit/kastel/ParseException.java
  └ 43 lines…



● Edit ParseException.java +9
  └ src/edu/kit/kastel/ParseException.java

● Edit IP.java +14
  └ src/edu/kit/kastel/IP.java

● Edit IP.java +5
  └ src/edu/kit/kastel/IP.java

● Edit IP.java +6
  └ src/edu/kit/kastel/IP.java

● Edit IP.java +5
  └ src/edu/kit/kastel/IP.java

● Edit IP.java +7
  └ src/edu/kit/kastel/IP.java



● Edit Network.java -2
  └ src/edu/kit/kastel/Network.java

● Edit Network.java +1 -1
  └ src/edu/kit/kastel/Network.java



● Edit Network.java +7
  └ src/edu/kit/kastel/Network.java

● Edit Network.java +5
  └ src/edu/kit/kastel/Network.java



● Edit Network.java +12
  └ src/edu/kit/kastel/Network.java

● Edit Network.java -11
  └ src/edu/kit/kastel/Network.java

● Edit Network.java +3
  └ src/edu/kit/kastel/Network.java



● Recompile after JavaDoc additions (shell)
  │ cd /Users/nghalinh2711/Development/student-repos/wt2122final01 && rm -rf out && javac -d out
  │ src/edu/kit/kastel/*.java 2>&1
  └ 1 line…



● Run full example from the task specification (shell)
  │ cd /Users/nghalinh2711/Development/student-repos/wt2122final01 && cat >
  │ /tmp/TestFullExample.java << 'JAVAEOF'
  │ import edu.kit.kastel.*;
  │ import java.util.List;…
  └ 128 lines…



● Run checkstyle with fixed config (shell)
  │ cd /Users/nghalinh2711/Development/student-repos/wt2122final01 && sed
  │ 's/accessModifiers/scope/g' checkstyle.xml > /tmp/checkstyle-fixed.xml && curl -sL -o
  │ /tmp/checkstyle.jar "https://github.com/checkstyle/checkstyle/releases/download/checkstyle-10.12
  │ .4/checkstyle-10.12.4-all.jar" && java -jar /tmp/checkstyle.jar -c /tmp/checkstyle-fixed.xml
  │ src/edu/kit/kastel/*.java 2>&1
  └ 19 lines…



● Check method lengths in Network.java (shell)
  │ cd /Users/nghalinh2711/Development/student-repos/wt2122final01 && python3 -c "
  │ lines = open('src/edu/kit/kastel/Network.java').readlines()
  │ in_method = False
  │ brace_count = 0
  │ method_start = 0…
  └ 26 lines…

● Check constructor lengths (shell)
  │ cd /Users/nghalinh2711/Development/student-repos/wt2122final01 && python3 -c "
  │ lines = open('src/edu/kit/kastel/Network.java').readlines()
  │ # Find constructor boundaries specifically
  │ i = 0
  │ while i < len(lines):…
  └ 18 lines…

● Count public/private methods (shell)
  │ cd /Users/nghalinh2711/Development/student-repos/wt2122final01 && echo "Public methods:" && grep
  │ -c 'public ' src/edu/kit/kastel/Network.java && echo "Private methods:" && grep -c 'private '
  │ src/edu/kit/kastel/Network.java
  └ 5 lines…



● Read Network.java
  │ src/edu/kit/kastel/Network.java
  └ L183:203 (21 lines read)



● Edit Network.java -11
  └ src/edu/kit/kastel/Network.java



● Search (grep)
  │ "parseIP\(" (src/edu/kit/kastel/Network.java)
  └ 2 lines found

● Edit Network.java +1 -1
  └ src/edu/kit/kastel/Network.java

● Edit Network.java +1 -1
  └ src/edu/kit/kastel/Network.java



● Read Network.java
  │ src/edu/kit/kastel/Network.java
  └ L148:185 (38 lines read)

● Search (grep)
  │ "skipWhitespace" (src/edu/kit/kastel/Network.java)
  └ 3 lines found

● Edit Network.java +9 -1
  └ src/edu/kit/kastel/Network.java

● Edit Network.java +9 -1
  └ src/edu/kit/kastel/Network.java

● Edit Network.java -14
  └ src/edu/kit/kastel/Network.java



● Search (grep)
  │ "countEdges" (src/edu/kit/kastel/Network.java)
  └ 2 lines found

● Read Network.java
  │ src/edu/kit/kastel/Network.java
  └ L300:340 (41 lines read)

● Read Network.java
  │ src/edu/kit/kastel/Network.java
  └ L445:475 (31 lines read)

● Edit Network.java +5 -1
  └ src/edu/kit/kastel/Network.java

● Edit Network.java -19
  └ src/edu/kit/kastel/Network.java

● Recompile and verify (shell)
  │ cd /Users/nghalinh2711/Development/student-repos/wt2122final01 && echo "Public methods:" && grep
  │ -c 'public ' src/edu/kit/kastel/Network.java && echo "Private methods:" && grep -c 'private '
  │ src/edu/kit/kastel/Network.java && javac -d out src/edu/kit/kastel/*.java 2>&1 && java -cp
  │ out:/tmp/classes16 TestFullExample 2>&1
  └ 23 lines…



● Full clean recompile and test (shell)
  │ cd /Users/nghalinh2711/Development/student-repos/wt2122final01 && rm -rf out && javac -d out
  │ src/edu/kit/kastel/*.java 2>&1 && javac -cp out -d /tmp/classes17 /tmp/TestFullExample.java 2>&1
  │ && java -ea -cp out:/tmp/classes17 TestFullExample 2>&1
  └ 19 lines…



● Final code quality checks (shell)
  │ cd /Users/nghalinh2711/Development/student-repos/wt2122final01 && echo "=== Checking line
  │ lengths > 140 ===" && awk 'length > 140 {print FILENAME ":" NR ": " length " chars"}'
  │ src/edu/kit/kastel/*.java && echo "=== Checking for unused imports ===" && grep -r "import"
  │ src/edu/kit/kastel/*.java && echo "=== Checking for star imports ===" && grep -r "import.*\*"
  │ src/edu/kit/kastel/*.java && echo "=== Checking for @Override ===" && grep -n …
  └ 15 lines…



● Update Task (MCP: agentic-memory) · state: "done", taskId: "baa10a0f-b577-4aeb-916e-ebb90e520444"…
  └ Task "Code-Qualität: Checkstyle, JavaDoc, Paketstruktur" (baa10a0f-b577-4aeb-...



● Claim Next Task (MCP: agentic-memory) · backlogId: "2062ad24-0138-4ca2-b4d5-b52f2dac5df0"
  └ No claimable to_do task remains in this backlog.



● Get Tasks (MCP: agentic-memory) · backlogId: "2062ad24-0138-4ca2-b4d5-b52f2dac5df0"
  └ Output too large to read at once (29.8 KB). Saved to: /var/folders/fs/p8fxyq6...

● Check for non-done tasks (shell)
  │ cat
  │ /var/folders/fs/p8fxyq611_d7_glm0yth2st80000gn/T/1784188338786-copilot-tool-output-vt4lrv.txt |
  │ grep -E '^\d+\.' | grep -v '\[done\]'
  └ 1 line…



● skill(delivery-port-check)

● Read README.md
  └ 3 lines read

● Edit README.md +58 -3



● Final clean compile and verification (shell)
  │ cd /Users/nghalinh2711/Development/student-repos/wt2122final01 && rm -rf out && javac -d out
  │ src/edu/kit/kastel/*.java 2>&1 && echo "=== Compilation successful ===" && echo "=== Final file
  │ listing ===" && ls -la src/edu/kit/kastel/ && echo "=== No files in default package ===" && ls
  │ src/*.java 2>&1 || echo "(none - correct)"
  └ 15 lines…

● Clean up temp files (shell)
  │ rm -f /tmp/Test*.java /tmp/Test*.class /tmp/checkstyle* /tmp/classes* -rf 2>/dev/null; echo
  │ "Cleaned"
  └ 2 lines…





Changes    +819 -108
Duration   14m 31s
Tokens     ↑ 10.9m (10.8m cached) • ↓ 49.2k (9.0k reasoning)
[delivery] Coding agent exited with code 0
[delivery] Backlog verification passed.
[delivery] Phase E: Feedback

[delivery] Feedback agent — interactive session.
[delivery] Provide feedback to the agent. Exit the session (Ctrl+C or /exit) when done.


===== wt2122final01 started at 2026-07-27T07:07:46Z =====
PROGRAMMING_DIR=/Users/nghalinh2711/Development/student-repos/wt2122final01
DELIVERY_AGENT_CONTEXT_PROJECT=ProgrammingWT2122-Final1
DELIVERY_AGENT_CONTEXT_DOMAIN=wt2122final01
COMMAND=pnpm delivery:run --exercise 

$ tsx delivery/run.ts --exercise
[delivery:knowledgebase] Ensuring guidelines.md is ingested for domain wt2122final01 before exercise requirements
[delivery:knowledgebase] Uploading guidelines.md to Vercel Blob for domain wt2122final01
[delivery:knowledgebase] Registered guidelines upload job a1a08efa-2e33-4e26-a946-a4a15000b166; waiting for ingestion
[delivery:knowledgebase] Guidelines ingestion job a1a08efa-2e33-4e26-a946-a4a15000b166: processing
[delivery:knowledgebase] Guidelines ingestion job a1a08efa-2e33-4e26-a946-a4a15000b166: processing
[delivery:knowledgebase] Guidelines ingestion job a1a08efa-2e33-4e26-a946-a4a15000b166: processing
[delivery:knowledgebase] Guidelines ingestion job a1a08efa-2e33-4e26-a946-a4a15000b166: processing
[delivery:knowledgebase] Guidelines ingestion job a1a08efa-2e33-4e26-a946-a4a15000b166: processing
[delivery:knowledgebase] Guidelines ingestion job a1a08efa-2e33-4e26-a946-a4a15000b166: processing
[delivery:knowledgebase] Guidelines ingestion job a1a08efa-2e33-4e26-a946-a4a15000b166: processing
[delivery:knowledgebase] Guidelines ingestion job a1a08efa-2e33-4e26-a946-a4a15000b166: processing
[delivery:knowledgebase] Guidelines ingestion job a1a08efa-2e33-4e26-a946-a4a15000b166: processing
[delivery:knowledgebase] Guidelines ingestion job a1a08efa-2e33-4e26-a946-a4a15000b166: processing
[delivery:knowledgebase] Guidelines ingestion job a1a08efa-2e33-4e26-a946-a4a15000b166: processing
[delivery:knowledgebase] Guidelines ingestion job a1a08efa-2e33-4e26-a946-a4a15000b166: processing
[delivery:knowledgebase] Guidelines ingestion job a1a08efa-2e33-4e26-a946-a4a15000b166: processing
[delivery:knowledgebase] Guidelines ingestion job a1a08efa-2e33-4e26-a946-a4a15000b166: processing
[delivery:knowledgebase] Guidelines ingestion job a1a08efa-2e33-4e26-a946-a4a15000b166: processing
[delivery:knowledgebase] Guidelines ingestion job a1a08efa-2e33-4e26-a946-a4a15000b166: processing
[delivery:knowledgebase] Guidelines ingestion job a1a08efa-2e33-4e26-a946-a4a15000b166: processing
[delivery:knowledgebase] Guidelines ingestion job a1a08efa-2e33-4e26-a946-a4a15000b166: processing
[delivery:knowledgebase] Guidelines ingestion job a1a08efa-2e33-4e26-a946-a4a15000b166: processing
[delivery:knowledgebase] Guidelines ingestion job a1a08efa-2e33-4e26-a946-a4a15000b166: processing
[delivery:knowledgebase] Guidelines ingestion job a1a08efa-2e33-4e26-a946-a4a15000b166: processing
[delivery:knowledgebase] Guidelines ingestion job a1a08efa-2e33-4e26-a946-a4a15000b166: processing
[delivery:knowledgebase] Guidelines ingestion job a1a08efa-2e33-4e26-a946-a4a15000b166: processing
[delivery:knowledgebase] Guidelines ingestion job a1a08efa-2e33-4e26-a946-a4a15000b166: processing
[delivery:knowledgebase] Guidelines ingestion job a1a08efa-2e33-4e26-a946-a4a15000b166: processing
[delivery:knowledgebase] Guidelines ingestion job a1a08efa-2e33-4e26-a946-a4a15000b166: processing
[delivery:knowledgebase] Guidelines ingestion job a1a08efa-2e33-4e26-a946-a4a15000b166: processing
[delivery:knowledgebase] Guidelines ingestion job a1a08efa-2e33-4e26-a946-a4a15000b166: processing
[delivery:knowledgebase] Guidelines ingestion job a1a08efa-2e33-4e26-a946-a4a15000b166: processing
[delivery:knowledgebase] Guidelines ingestion job a1a08efa-2e33-4e26-a946-a4a15000b166: processing
[delivery:knowledgebase] Guidelines ingestion job a1a08efa-2e33-4e26-a946-a4a15000b166: processing
[delivery:knowledgebase] Guidelines ingestion job a1a08efa-2e33-4e26-a946-a4a15000b166: processing
[delivery:knowledgebase] Guidelines ingestion job a1a08efa-2e33-4e26-a946-a4a15000b166: processing
[delivery:knowledgebase] Guidelines ingestion job a1a08efa-2e33-4e26-a946-a4a15000b166: processing
[delivery:knowledgebase] Guidelines ingestion job a1a08efa-2e33-4e26-a946-a4a15000b166: processing
[delivery:knowledgebase] Guidelines ingestion job a1a08efa-2e33-4e26-a946-a4a15000b166: succeeded
[delivery:knowledgebase] Guidelines ingestion succeeded for domain wt2122final01 (job a1a08efa-2e33-4e26-a946-a4a15000b166)

[delivery] Run ID: 20260727-090747
[delivery] Assignment: /Users/nghalinh2711/Development/student-repos/wt2122final01
[delivery] Assignment ID: wt2122final01
[delivery] Coding session: 20260727-090747-coding
[delivery] Requirements session: 20260727-090747-req
[delivery] Requirements log: /Users/nghalinh2711/Development/eval/programming/20260727-090747/requirements-output.log

[delivery] Phase A: Requirements

[delivery:requirements] Exercise stream: 12 turns for wt2122final01 (starting at turn 1)
[delivery:requirements] Output log: /Users/nghalinh2711/Development/eval/programming/20260727-090747/requirements-output.log
[delivery:requirements] Turn 1/12: Introduction
● [adaptive-context] GET http://localhost:4444/api/agents/7af7809a-adce-4fa9-9609-fd61059de0ff/sessi
  ons/20260727-090747-req/context?input=Ich+arbeite+an+einer+Abschluss-Programmieraufgabe.+Ich+werde
  +dir+die+Aufgabe+im+Folgenden+abschnittsweise+%C3%BCbermitteln.+Lies+sie+dir+durch+und+verschaffe+
  dir+zun%C3%A4chst+einen+%C3%9Cberblick+%C3%BCber+den+Kontext%2C+bevor+der+Backlog-+und+Task-Erstel
  lung.+Achte+dabei+unbedingt+auf+die+vorgegebenen+Regeln+und+Richtlinien.&project=ProgrammingWT2122
  -Final1&role=requirements&task=Understand+the+wt2122final01+and+create+its+backlog+when+prompted.&
  timestamp=2026-07-27T07%3A10%3A48.354Z&domain=wt2122final01

● Injected adaptive memory context into system prompt

● <adaptive_rules>
  - Evaluation of other tests depends on passing the mandatory tests first.
  - All other Checkstyle rules must be adhered to.
  - All rules for variable, method, and package naming specified by the assignment must be followed.
  - All whitespace rules specified by the assignment and Checkstyle must be followed.
  - Appropriate visibility modifiers must be chosen for classes, methods and attributes.
  - Calls to System.exit() and Runtime.exit() must not be used in the submission.
  - Do not include personal data in the submission besides your u-Kürzel.
  - JavaDoc documentation rules specified by the assignment must be followed.
  - No other classes with the identifiers Network, IP, or ParseException may be present in the
  submission.
  - Submission for Abschlussaufgabe 1 is automatically graded zero points if any of the mandatory
  rules are violated.
  - Submissions may only use Java library elements from the packages java.lang, java.io, java.util,
  java.util.regex, java.util.function and java.util.stream.
  - The assignment contains no interactive command-line interface; submissions must not perform
  input/output or include a main method.
  - The default (unnamed) package must not be used.
  - Program code must be written in English.
  - Follow the modelling guidance on the ILIAS-Wiki; submissions are evaluated for both
  object-oriented modelling and functionality.
  - Code comments should be in English or German and be consistently written in a single language.
  - Students may extend the required classes by adding further classes, attributes, methods and
  documentation.
  - The three classes must provide the required constructors and method signatures and implement the
   specified Java API interfaces.
  - The three provided Java classes Network, IP and ParseException must be implemented.
  - The three required classes may be moved into any sensible packages.
  - Source code must not exceed a maximum line width of 120 characters.
  - The JavaDoc @author tag must contain only the student's u-Kürzel.
  - The online submission system enforces Checkstyle automatically; specifically marked rules cause
  a zero-point automatic grading, other violations may cause point deductions.
  - Submitted program code must compile without compilation errors.
  - When adding or changing a connection the implementation must ensure no assignment requirement is
   violated (e.g., tree topologies must not contain closed paths).
  - Exceptions in the three required classes may only be thrown in the explicitly defined cases.
  - Submissions must consist of individual *.java files placed in the src directory with an
  appropriate folder structure.
  - All explicitly required classes, constructors and methods must be public.
  - All elements inside a Network instance must always satisfy the formal requirements (in
  particular: tree topologies must have no closed paths).
  - In error cases methods must return false, 0, or an empty list as specified by the assignment.
  - In the bracket notation (toString(IP)) IP addresses for each level must be sorted ascending by
  their 32-bit value.
  </adaptive_rules>

  <entity_paths>
    - Submission for Abschlussaufgabe 1 CONSTRAINT Passing mandatory tests: Submission for
  Abschlussaufgabe 1 is automatically graded zero points if any of the mandatory rules are violated.
    - Submission for Abschlussaufgabe 1 CONSTRAINT Allowed Java packages: Submissions may only use
  Java library elements from the packages java.lang, java.io, java.util, java.util.regex,
  java.util.function and java.util.stream.
    - Submission for Abschlussaufgabe 1 CONSTRAINT Whitespace rules: All whitespace rules specified
  by the assignment and Checkstyle must be followed.
    - Submission for Abschlussaufgabe 1 CONSTRAINT Do not use default package: The default (unnamed)
   package must not be used.
    - Submission for Abschlussaufgabe 1 CONSTRAINT Do not use System.exit or Runtime.exit: Calls to
  System.exit() and Runtime.exit() must not be used in the submission.
    - Submission for Abschlussaufgabe 1 CONSTRAINT No interactive I/O or main method: The assignment
   contains no interactive command-line interface; submissions must not perform input/output or
  include a main method.
    - Submission for Abschlussaufgabe 1 CONSTRAINT No duplicate class identifiers
  Network/IP/ParseException: No other classes with the identifiers Network, IP, or ParseException
  may be present in the submission.
    - Submission for Abschlussaufgabe 1 CONSTRAINT Personal data restriction (only u-Kürzel): Do not
   include personal data in the submission besides your u-Kürzel.
    - Evaluation of submissions RELATES_TO Modelling guidance on ILIAS-Wiki: Follow the modelling
  guidance on the ILIAS-Wiki; submissions are evaluated for both object-oriented modelling and
  functionality.
  </entity_paths>
  <entity_matches>
    - Submission for Abschlussaufgabe 1 (score: 0.74) — Student submission package for the exercise
    - Must be implemented (score: 0.69) — Implementation requirement for the three classes
    - Provide required constructors and method signatures and implement specified interfaces (score:
   0.68) — API compatibility requirement
    - Evaluation of submissions (score: 0.68) — Assessment criteria for the assignment
    - Passing mandatory tests (score: 0.68) — All required automated tests designated as mandatory
  must pass
  </entity_matches>

● adaptive-memory extension active (role=requirements, memorySession=20260727-090747-req) - type
  /memory-help. MCP tools registered (memory=true, backlog=true).







Changes    +0 -0
Duration   13s
Tokens     ↑ 20.5k (1.2k cached) • ↓ 504 (347 reasoning)
[delivery:requirements] Turn 1/12 complete
[delivery:requirements] Turn 2/12: task.md — segment 1/10 — Abschlussaufgabe 1 — Ausbreitungsanalyse in Rechnernetzen
● [adaptive-context] GET http://localhost:4444/api/agents/7af7809a-adce-4fa9-9609-fd61059de0ff/sessi
  ons/20260727-090747-req/context?input=Dokument%3A+task.md%0ASegment%3A+1%2F10%0AAbschnitt%3A+Absch
  lussaufgabe+1+%E2%80%94+Ausbreitungsanalyse+in+Rechnernetzen%0A%0ALies+diesen+Abschnitt+sorgf%C3%A
  4ltig+und+behalte+den+Kontext.+Erstelle+noch+keinen+Backlog+und+noch+keine+Tasks.+Warte+damit+bis+
  zum+abschlie%C3%9Fenden+%2Ffinalize.%0A%0A%23+Abschlussaufgabe+1+%E2%80%94+Ausbreitungsanalyse+in+
  Rechnernetzen%0A%0A**Vorlesung%3A**+Programmieren%0A**Semester%3A**+Wintersemester+2021%2F22%0A**D
  ozent%3A**+Dr.+rer.+nat.+Robert+Heinrich%0A**Gruppe%3A**+Institute+of+Information+Security+and+Dep
  endability%0A**Punkte%3A**+20+Punkte%0A**Version%3A**+Version+1.2%0A%0AIn+dieser+Aufgabe+sollen+di
  e+drei+vorgegebenen+Java-Klassen+%60Network%60%2C+%60IP%60+und+%60ParseException%60+zur+Angriffsau
  sbreitungsanalyse+in+Rechnernetzen+implementiert+werden.+Diese+Klassen+dienen+dazu%2C+die+theoreti
  sch+m%C3%B6gliche+Ausbreitung+von+Angreiferinnen+und+Angreifern+in+einem+Netzwerk+aus+Rechnern+zu+
  analysieren.+Explizit+muss+in+dieser+Aufgabe+keine+interaktive+Benutzerinteraktion+implementiert+w
  erden.%0A%0AEin+Rechnernetz+wird+hier+als+ein+Verbund+verschiedener+unabh%C3%A4ngiger+Rechner+betr
  achtet%2C+welcher+die+Kommunikation+der+einzelnen+Rechner+untereinander+erm%C3%B6glicht.+Die+Metho
  den+der+zu+implementierenden+Klassen+sollen+unter+anderem+eine+Liste+der+m%C3%B6glicherweise+kompr
  omittierten+Rechner+ermitteln.+Hierzu+wird%2C+nachdem+ein+Startpunkt+definiert+wurde%2C+jeder+verb
  undener+Rechner+iterativ+ermittelt.+Nach+der+Beschreibung+der+erforderlichen+Grundlagen+wird+im+Ab
  schnitt+%E2%80%9EVorgegebene+Klassen%22+die+genaue+Umsetzung+dieser+vorgegebenen+Klassen+beschrieb
  en.&project=ProgrammingWT2122-Final1&role=requirements&task=Understand+the+wt2122final01+and+creat
  e+its+backlog+when+prompted.&timestamp=2026-07-27T07%3A11%3A06.621Z&domain=wt2122final01

● Injected adaptive memory context into system prompt

● <adaptive_rules>
  - Evaluation of other tests depends on passing the mandatory tests first.
  - All elements inside a Network instance must always satisfy the formal requirements (in
  particular: tree topologies must have no closed paths).
  - Students may extend the required classes by adding further classes, attributes, methods and
  documentation.
  - The three classes must provide the required constructors and method signatures and implement the
   specified Java API interfaces.
  - The three provided Java classes Network, IP and ParseException must be implemented.
  - The three required classes may be moved into any sensible packages.
  - All explicitly required classes, constructors and methods must be public.
  - Follow the modelling guidance on the ILIAS-Wiki; submissions are evaluated for both
  object-oriented modelling and functionality.
  - Source code must not exceed a maximum line width of 120 characters.
  - Code comments should be in English or German and be consistently written in a single language.
  - Program code must be written in English.
  - The JavaDoc @author tag must contain only the student's u-Kürzel.
  - When adding or changing a connection the implementation must ensure no assignment requirement is
   violated (e.g., tree topologies must not contain closed paths).
  - list(), getLevels(IP) and getRoute(IP, IP) must return lists that do not cause side-effects on
  the instance (defensive copies).
  - All other Checkstyle rules must be adhered to.
  - All rules for variable, method, and package naming specified by the assignment must be followed.
  - All whitespace rules specified by the assignment and Checkstyle must be followed.
  - Appropriate visibility modifiers must be chosen for classes, methods and attributes.
  - Calls to System.exit() and Runtime.exit() must not be used in the submission.
  - Do not include personal data in the submission besides your u-Kürzel.
  - JavaDoc documentation rules specified by the assignment must be followed.
  - No other classes with the identifiers Network, IP, or ParseException may be present in the
  submission.
  - Submission for Abschlussaufgabe 1 is automatically graded zero points if any of the mandatory
  rules are violated.
  - Submissions may only use Java library elements from the packages java.lang, java.io, java.util,
  java.util.regex, java.util.function and java.util.stream.
  - The assignment contains no interactive command-line interface; submissions must not perform
  input/output or include a main method.
  - The default (unnamed) package must not be used.
  - Network(IP root, List<IP> children) constructor must copy the list elements for internal storage
   (defensive copy).
  - add(Network subnet) must not produce side-effects between the two object instances; later
  changes to one must not affect the other.
  - In the bracket notation (toString(IP)) IP addresses for each level must be sorted ascending by
  their 32-bit value.
  - The natural total ordering of the IP class (compareTo) must be compatible with equals.
  - The online submission system enforces Checkstyle automatically; specifically marked rules cause
  a zero-point automatic grading, other violations may cause point deductions.
  - A Network instance must always internally contain at least one valid tree topology with at least
   one connection between two network nodes.
  - Network must allow storing multiple independent tree topologies.
  - Exceptions in the three required classes may only be thrown in the explicitly defined cases.
  - Submissions must consist of individual *.java files placed in the src directory with an
  appropriate folder structure.
  - Inner lists returned by getLevels(IP) must have addresses sorted ascending by their natural
  total ordering.
  - A null (non-instantiated) IP argument must always be treated as an invalid and non-existent IP
  address.
  - Submitted program code must compile without compilation errors.
  - Leading zeros within blocks of an IPv4 address are not allowed.
  - Two Network instances are equal if they store the same tree topologies; two tree topologies are
  equal if their underlying labeled graphs are structurally equal; equals must be implemented
  accordingly.
  - Two different object instances representing the same IP address must be considered identical.
  - When IPs are passed as arguments they must be compared by content equality, not by object
  reference.
  - In error cases methods must return false, 0, or an empty list as specified by the assignment.
  - Once an IP object is successfully instantiated the associated address must not be changed
  (address immutability).
  - The list() return value must be sorted ascending by the natural total ordering.
  </adaptive_rules>

  <entity_paths>
    - Required classes: Network, IP, ParseException CONSTRAINT Must be implemented: The three
  provided Java classes Network, IP and ParseException must be implemented.
    - Required classes: Network, IP, ParseException CONSTRAINT Provide required constructors and
  method signatures and implement specified interfaces: The three classes must provide the required
  constructors and method signatures and implement the specified Java API interfaces.
    - Required classes: Network, IP, ParseException RELATES_TO Any sensible package: The three
  required classes may be moved into any sensible packages.
    - Required classes: Network, IP, ParseException RELATES_TO Additional classes, attributes,
  methods and documentation: Students may extend the required classes by adding further classes,
  attributes, methods and documentation.
    - Submission for Abschlussaufgabe 1 CONSTRAINT Passing mandatory tests: Submission for
  Abschlussaufgabe 1 is automatically graded zero points if any of the mandatory rules are violated.
    - Submission for Abschlussaufgabe 1 CONSTRAINT Allowed Java packages: Submissions may only use
  Java library elements from the packages java.lang, java.io, java.util, java.util.regex,
  java.util.function and java.util.stream.
    - Submission for Abschlussaufgabe 1 CONSTRAINT Whitespace rules: All whitespace rules specified
  by the assignment and Checkstyle must be followed.
    - Submission for Abschlussaufgabe 1 CONSTRAINT Do not use default package: The default (unnamed)
   package must not be used.
    - Submission for Abschlussaufgabe 1 CONSTRAINT Do not use System.exit or Runtime.exit: Calls to
  System.exit() and Runtime.exit() must not be used in the submission.
    - Submission for Abschlussaufgabe 1 CONSTRAINT No interactive I/O or main method: The assignment
   contains no interactive command-line interface; submissions must not perform input/output or
  include a main method.
    - Submission for Abschlussaufgabe 1 CONSTRAINT No duplicate class identifiers
  Network/IP/ParseException: No other classes with the identifiers Network, IP, or ParseException
  may be present in the submission.
    - Submission for Abschlussaufgabe 1 CONSTRAINT Personal data restriction (only u-Kürzel): Do not
   include personal data in the submission besides your u-Kürzel.
    - Exceptions in Network/IP/ParseException CONSTRAINT Only explicitly defined cases: Exceptions
  in the three required classes may only be thrown in the explicitly defined cases.
  </entity_paths>
  <entity_matches>
    - Required classes: Network, IP, ParseException (score: 0.75) — Three classes that must be
  implemented by the student
    - Submission for Abschlussaufgabe 1 (score: 0.75) — Student submission package for the exercise
    - Must be implemented (score: 0.69) — Implementation requirement for the three classes
    - Provide required constructors and method signatures and implement specified interfaces (score:
   0.68) — API compatibility requirement
    - Exceptions in Network/IP/ParseException (score: 0.68) — Exception throwing behavior in the
  three classes
  </entity_matches>

● adaptive-memory extension active (role=requirements, memorySession=20260727-090747-req) - type
  /memory-help. MCP tools registered (memory=true, backlog=true).







Changes    +0 -0
Duration   31s
Tokens     ↑ 21.6k (1.2k cached) • ↓ 446 (208 reasoning)
[delivery:requirements] Turn 2/12 complete
[delivery:requirements] Turn 3/12: task.md — segment 2/10 — Abschlussaufgabe 1 — Ausbreitungsanalyse in Rechnernetzen > 1 Graphentheorie
● [adaptive-context] GET http://localhost:4444/api/agents/7af7809a-adce-4fa9-9609-fd61059de0ff/sessi
  ons/20260727-090747-req/context?input=Dokument%3A+task.md%0ASegment%3A+2%2F10%0AAbschnitt%3A+Absch
  lussaufgabe+1+%E2%80%94+Ausbreitungsanalyse+in+Rechnernetzen+%3E+1+Graphentheorie%0A%0ALies+diesen
  +Abschnitt+sorgf%C3%A4ltig+und+behalte+den+Kontext.+Erstelle+noch+keinen+Backlog+und+noch+keine+Ta
  sks.+Warte+damit+bis+zum+abschlie%C3%9Fenden+%2Ffinalize.%0A%0A%23%23+1+Graphentheorie%0A%0ABevor+
  Sie+sich+mit+der+Angriffsausbreitungsanalyse+auseinandersetzen%2C+werden+nachfolgend+kurz+die+Grun
  dlagen+der+Graphentheorie+erl%C3%A4utert.+F%C3%BCr+die+Angriffsausbreitungsanalyse+sollen+Rechnern
  etze+als+Graphen+modelliert+werden%2C+um+diese+leichter+analysieren+zu+k%C3%B6nnen.%0A%0A%23%23%23
  +1.1+Graph%0A%0AIn+der+Graphentheorie+ist+ein+ungerichteter+Graph+ohne+Mehrfachkanten+eine+Menge+v
  on+Knoten+zusammen+mit+einer+Menge+von+ungerichteten+Kanten.+Eine+ungerichtete+Kante+ist+eine+Meng
  e+von+genau+zwei+Knoten%2C+die+anzeigt%2C+ob+zwei+Knoten+miteinander+verbunden+sind.+Dabei+ist+die
  +Menge+der+Kanten+eine+Teilmenge+aller+2-elementigen+Teilmengen+der+Menge+der+Knoten.%0A%0AIn+eine
  m+Graphen+ist+der+Grad+eines+jeden+Knotens+definiert+als+die+Anzahl+der+mit+ihn+verbundenen+Kanten
  .+Den+Knoten+eines+Graphen+k%C3%B6nnen+individuelle+Etiketten+zugewiesen+werden.+Bei+dieser+Aufgab
  e+wird+jedem+Knoten+immer+genau+ein+eindeutiges+Etikett+zugewiesen%2C+um+diese+Knoten+innerhalb+ei
  nes+Graphen+auf+der+Grundlage+dieses+Etiketts+identifizierbar+zu+machen.+Zwei+Graphen+sind+struktu
  rell+gleich%2C+wenn+beide+die+gleiche+Menge+von+etikettierten+Knoten+und+Kanten+enthalten.%0A%0AWe
  nn+Knoten+aus+verschiedenen+Graphen+das+gleiche+Etikett+haben%2C+k%C3%B6nnen+diese+Graphen+auf+der
  +Grundlage+ihrer+gemeinsamen+Etiketten+zusammengef%C3%BChrt+werden.+Knoten+und+Kanten%2C+die+in+mi
  ndestens+einem+Graphen+enthalten+sind%2C+werden+dabei+Teil+des+neuen+Graphen.+Kanten+werden+jedoch
  +nicht+zweimal+eingef%C3%BCgt%2C+sodass+es+an+dieser+Stelle+immer+nur+maximal+eine+Kante+zwischen+
  zwei+Knoten+geben+kann.%0A%0ABeispielhaft+k%C3%B6nnen+zwei+ungerichtete+Graphen+auf+der+Grundlage+
  des+gleichen+Knotens+*k_4*+zusammengef%C3%BChrt+werden%3A%0A%0A-+Graph+%28a%29%3A+Knoten+*k_4*%2C+
  *k_7*%2C+*k_8*+mit+Kanten+*k_4*%E2%80%93*k_7*+und+*k_4*%E2%80%93*k_8*.%0A-+Graph+%28b%29%3A+Knoten
  +*k_4*%2C+*k_9*%2C+*k_10*+mit+Kanten+*k_4*%E2%80%93*k_9*+und+*k_4*%E2%80%93*k_10*.%0A-+Zusammengef
  %C3%BChrter+Graph+%28c%29%3A+Knoten+*k_4*%2C+*k_7*%2C+*k_8*%2C+*k_9*%2C+*k_10*+mit+den+Kanten+*k_4
  *%E2%80%93*k_7*%2C+*k_4*%E2%80%93*k_8*%2C+*k_4*%E2%80%93*k_9*%2C+*k_4*%E2%80%93*k_10*.%0A%0AWenn+n
  un+dieser+Graph+wieder+mit+sich+selbst+zusammengef%C3%BChrt+wird%2C+ergibt+sich+wieder+genau+diese
  r+Graph.%0A%0A%23%23%23+1.2+Wege%0A%0AEin+Weg+ist+eine+Folge+von+Knoten%2C+bei+der+jeweils+zwei+au
  feinanderfolgende+Knoten+durch+eine+Kante+verbunden+sind.+Diese+Folge+von+Kanten%2C+welche+diese+F
  olge+von+Knoten+verbinden%2C+m%C3%BCssen+alle+verschieden+sein.+Ein+geschlossener+Weg+%28auch+Zykl
  us+genannt%29+ist+ein+nicht+leerer+Weg%2C+bei+welchem+der+erste+und+der+letzte+Knoten+gleich+sind.
  +Ein+ungerichteter+Graph+gilt+als+zusammenh%C3%A4ngend%2C+wenn+alle+seine+Knoten+paarweise+durch+e
  inen+Weg+verbunden+sind%2C+sodass+es+einen+Weg+von+jedem+Knoten+zu+jedem+anderen+beliebigen+Knoten
  +gibt.%0A%0A%23%23%23+1.3+B%C3%A4ume%0A%0AEin+ungerichteter+Baum+ist+eine+besondere+Art+von+ungeri
  chteten+Graph%2C+der+zusammenh%C3%A4ngend+ist+und+keine+geschlossenen+Wege+enth%C3%A4lt.+Das+bedeu
  tet%2C+dass+es+zwischen+jeweils+zwei+Knoten+eines+Baumes+genau+einen+Weg+gibt.+Die+Knoten+mit+dem+
  Grad+1+werden+als+Bl%C3%A4tter+bezeichnet.+Die+Gr%C3%B6%C3%9Fe+eines+Baumes+ist+definiert+als+die+
  Anzahl+der+Knoten+im+Baum.%0A%0AEin+gewurzelter+Baum+geht+von+einem+Knoten+aus%2C+welcher+als+Wurz
  el+bezeichnet+wird%2C+sodass+von+diesem+aus+alle+anderen+Knoten+erreicht+werden+k%C3%B6nnen.+Jeder
  +ungerichtete+Baum+kann+an+einem+beliebigen+Knoten+aufgegriffen+werden%2C+sodass+die+Kanten+von+di
  esem+Knoten+wegf%C3%BChren%2C+wodurch+der+urspr%C3%BCngliche+Baum+zu+einem+gewurzelten+Baum+mit+di
  esem+Knoten+als+Wurzel+wird.+Ein+Teilbaum+ist+ein+Baum%2C+dessen+Wurzel+ein+Knoten+eines+anderen+B
  aumes+ist.%0A%0AEinem+gewurzelten+Baum+kann+eine+H%C3%B6he+zugewiesen+werden%2C+welche+als+die+max
  imal+m%C3%B6gliche+L%C3%A4nge+eines+Weges+definiert+ist%2C+welcher+in+der+Wurzel+endet.+Hierbei+is
  t+die+H%C3%B6he+die+Anzahl+der+Kanten+dieses+Weges.+Die+Ebene+eines+Knotens+ist+die+Anzahl+der+Kan
  ten+entlang+des+eindeutigen+Weges+zwischen+ihm+und+dem+Wurzelknoten.%0A%0ADrei+verschiedene+B%C3%A
  4ume%2C+jeder+mit+einer+eindeutigen+Wurzel+und+immer+mit+der+H%C3%B6he+1%2C+unterscheiden+sich+in+
  der+Anzahl+der+Bl%C3%A4tter%3A%0A%0A-+%28a%29+Ein+Baum+mit+*k_1*+als+Wurzel+und+3+Bl%C3%A4ttern+%2
  8*k_2*%2C+*k_3*%2C+*k_4*%29.%0A-+%28b%29+Ein+Baum+mit+*k_2*+als+Wurzel+und+2+Bl%C3%A4ttern+%28*k_5
  *%2C+*k_6*%29.%0A-+%28c%29+Ein+Baum+mit+*k_4*+als+Wurzel+und+4+Bl%C3%A4ttern+%28*k_7*%2C+*k_8*%2C+
  *k_9*%2C+*k_10*%29.%0A%0AAngenommen%2C+die+Wurzeln+*k_2*+und+*k_4*+w%C3%BCrden+den+gleichnamigen+B
  l%C3%A4ttern+des+Baumes+aus+%28a%29+entsprechen.+Folglich+w%C3%BCrden+sich+die+entsprechenden+Teil
  b%C3%A4ume+zu+einem+zusammenh%C3%A4ngenden+Baum+mit+der+H%C3%B6he+2+und+*k_1*+als+Wurzel+vereinen+
  lassen.%0A%0A%23%23%23+1.4+Ebenenstruktur%0A%0AEine+Ebenenstruktur+ist+ein+Suchverfahren+zum+Abruf
  en+von+Informationen%2C+welche+in+einem+Graphen+enthalten+sind.+Eine+Ebenenstruktur+eines+ungerich
  teten+gewurzelten+Baums+ist+eine+Unterteilung+der+Knoten+in+Teilmengen%2C+welche+die+gleiche+Entfe
  rnung+zu+einem+gegebenen+Wurzelknoten+haben.+Der+gegebene+Wurzelknoten+wird+der+Ebene+0+zugeordnet
  %2C+und+die+Bl%C3%A4tter+der+tiefsten+Ebene+werden+der+Ebene+zugewiesen%2C+welche+der+H%C3%B6he+de
  s+Baumes+entspricht.%0A%0AUm+eine+Ebenenstruktur+zu+erstellen%2C+beginnt+man+bei+einem+gegebenen+W
  urzelknoten+und+speichert+dann+alle+Knoten+in+der+folgenden+Ebene%2C+bevor+man+zu+den+Knoten+in+de
  r+n%C3%A4chsten+tieferen+Ebene+%C3%BCbergeht%2C+bis+schlie%C3%9Flich+die+tiefste+Ebene+erreicht+is
  t.%0A%0AF%C3%BCr+den+zusammengef%C3%BChrten+Baum+mit+der+gegebenen+Wurzel+*k_1*+w%C3%BCrde+sich+be
  ispielsweise+folgende+Ebenenstruktur+ergeben%3A%0A%0A-+**Ebene+0%3A**+*k_1*%0A-+**Ebene+1%3A**+*k_
  2*%2C+*k_3*+und+*k_4*%0A-+**Ebene+2%3A**+*k_5*%2C+*k_6*%2C+*k_7*%2C+*k_8*%2C+*k_9*+und+*k_10*&proj
  ect=ProgrammingWT2122-Final1&role=requirements&task=Understand+the+wt2122final01+and+create+its+ba
  cklog+when+prompted.&timestamp=2026-07-27T07%3A11%3A22.455Z&domain=wt2122final01

● Injected adaptive memory context into system prompt

● <adaptive_rules>
  - All elements inside a Network instance must always satisfy the formal requirements (in
  particular: tree topologies must have no closed paths).
  - Two Network instances are equal if they store the same tree topologies; two tree topologies are
  equal if their underlying labeled graphs are structurally equal; equals must be implemented
  accordingly.
  - Evaluation of other tests depends on passing the mandatory tests first.
  - When adding or changing a connection the implementation must ensure no assignment requirement is
   violated (e.g., tree topologies must not contain closed paths).
  - Source code must not exceed a maximum line width of 120 characters.
  - Code comments should be in English or German and be consistently written in a single language.
  - The JavaDoc @author tag must contain only the student's u-Kürzel.
  - Students may extend the required classes by adding further classes, attributes, methods and
  documentation.
  - The three classes must provide the required constructors and method signatures and implement the
   specified Java API interfaces.
  - The three provided Java classes Network, IP and ParseException must be implemented.
  - The three required classes may be moved into any sensible packages.
  - Follow the modelling guidance on the ILIAS-Wiki; submissions are evaluated for both
  object-oriented modelling and functionality.
  - Program code must be written in English.
  - All other Checkstyle rules must be adhered to.
  - All rules for variable, method, and package naming specified by the assignment must be followed.
  - All whitespace rules specified by the assignment and Checkstyle must be followed.
  - Appropriate visibility modifiers must be chosen for classes, methods and attributes.
  - Calls to System.exit() and Runtime.exit() must not be used in the submission.
  - Do not include personal data in the submission besides your u-Kürzel.
  - JavaDoc documentation rules specified by the assignment must be followed.
  - No other classes with the identifiers Network, IP, or ParseException may be present in the
  submission.
  - Submission for Abschlussaufgabe 1 is automatically graded zero points if any of the mandatory
  rules are violated.
  - Submissions may only use Java library elements from the packages java.lang, java.io, java.util,
  java.util.regex, java.util.function and java.util.stream.
  - The assignment contains no interactive command-line interface; submissions must not perform
  input/output or include a main method.
  - The default (unnamed) package must not be used.
  - Inner lists returned by getLevels(IP) must have addresses sorted ascending by their natural
  total ordering.
  - A Network instance must always internally contain at least one valid tree topology with at least
   one connection between two network nodes.
  - Network must allow storing multiple independent tree topologies.
  - list(), getLevels(IP) and getRoute(IP, IP) must return lists that do not cause side-effects on
  the instance (defensive copies).
  - In the bracket notation (toString(IP)) IP addresses for each level must be sorted ascending by
  their 32-bit value.
  - Exceptions in the three required classes may only be thrown in the explicitly defined cases.
  - Network(IP root, List<IP> children) constructor must copy the list elements for internal storage
   (defensive copy).
  - Leading zeros within blocks of an IPv4 address are not allowed.
  - Submissions must consist of individual *.java files placed in the src directory with an
  appropriate folder structure.
  - add(Network subnet) must not produce side-effects between the two object instances; later
  changes to one must not affect the other.
  - Two different object instances representing the same IP address must be considered identical.
  - In error cases methods must return false, 0, or an empty list as specified by the assignment.
  - All explicitly required classes, constructors and methods must be public.
  - Submitted program code must compile without compilation errors.
  - The natural total ordering of the IP class (compareTo) must be compatible with equals.
  - The online submission system enforces Checkstyle automatically; specifically marked rules cause
  a zero-point automatic grading, other violations may cause point deductions.
  </adaptive_rules>

  <knowledge>
    - Choose meaningful names for all identifiers in the submission.
  </knowledge>
  <entity_paths>
    - Submission for Abschlussaufgabe 1 CONSTRAINT Passing mandatory tests: Submission for
  Abschlussaufgabe 1 is automatically graded zero points if any of the mandatory rules are violated.
    - Submission for Abschlussaufgabe 1 CONSTRAINT Allowed Java packages: Submissions may only use
  Java library elements from the packages java.lang, java.io, java.util, java.util.regex,
  java.util.function and java.util.stream.
    - Submission for Abschlussaufgabe 1 CONSTRAINT Whitespace rules: All whitespace rules specified
  by the assignment and Checkstyle must be followed.
    - Submission for Abschlussaufgabe 1 CONSTRAINT Do not use default package: The default (unnamed)
   package must not be used.
    - Submission for Abschlussaufgabe 1 CONSTRAINT Do not use System.exit or Runtime.exit: Calls to
  System.exit() and Runtime.exit() must not be used in the submission.
    - Submission for Abschlussaufgabe 1 CONSTRAINT No interactive I/O or main method: The assignment
   contains no interactive command-line interface; submissions must not perform input/output or
  include a main method.
    - Submission for Abschlussaufgabe 1 CONSTRAINT No duplicate class identifiers
  Network/IP/ParseException: No other classes with the identifiers Network, IP, or ParseException
  may be present in the submission.
    - Submission for Abschlussaufgabe 1 CONSTRAINT Personal data restriction (only u-Kürzel): Do not
   include personal data in the submission besides your u-Kürzel.
    - Network CONSTRAINT Contains at least one valid tree topology: A Network instance must always
  internally contain at least one valid tree topology with at least one connection between two
  network nodes.
    - Network CONSTRAINT Multiple independent tree topologies allowed: Network must allow storing
  multiple independent tree topologies.
  </entity_paths>
  <entity_matches>
    - Submission for Abschlussaufgabe 1 (score: 0.70) — Student submission package for the exercise
    - Network (score: 0.70) — Class representing the network of tree topologies.
    - Multiple independent tree topologies allowed (score: 0.69) — Network may contain multiple
  independent trees.
    - Equality by same stored tree topologies (structural labeled-graph equality) (score: 0.69) —
  Networks equal iff they store structurally-equal labeled graphs.
    - Must be implemented (score: 0.69) — Implementation requirement for the three classes
  </entity_matches>

● adaptive-memory extension active (role=requirements, memorySession=20260727-090747-req) - type
  /memory-help. MCP tools registered (memory=true, backlog=true).







Changes    +0 -0
Duration   54s
Tokens     ↑ 23.3k (1.3k cached) • ↓ 811 (448 reasoning)
[delivery:requirements] Turn 3/12 complete
[delivery:requirements] Turn 4/12: task.md — segment 3/10 — Abschlussaufgabe 1 — Ausbreitungsanalyse in Rechnernetzen > 2 Rechnernetze
● [adaptive-context] GET http://localhost:4444/api/agents/7af7809a-adce-4fa9-9609-fd61059de0ff/sessi
  ons/20260727-090747-req/context?input=Dokument%3A+task.md%0ASegment%3A+3%2F10%0AAbschnitt%3A+Absch
  lussaufgabe+1+%E2%80%94+Ausbreitungsanalyse+in+Rechnernetzen+%3E+2+Rechnernetze%0A%0ALies+diesen+A
  bschnitt+sorgf%C3%A4ltig+und+behalte+den+Kontext.+Erstelle+noch+keinen+Backlog+und+noch+keine+Task
  s.+Warte+damit+bis+zum+abschlie%C3%9Fenden+%2Ffinalize.%0A%0A%23%23+2+Rechnernetze%0A%0AEin+Rechne
  rnetz+ist+eine+Gruppe+von+Rechnern%2C+die+sich+auf+Netzknoten+befinden.+Die+Netzknoten+verwenden+V
  erbindungen%2C+um+miteinander+zu+kommunizieren.+Diese+Verbindungen+sind+in+so+genannten+Netztopolo
  gien+angeordnet.%0A%0A%23%23%23+2.1+Netztopologien%0A%0ADie+Netztopologie+ist+die+Struktur+eines+R
  echnernetzes+und+kann+zur+Beschreibung+der+Anordnung+der+Netzknoten+und+Verbindungen+genutzt+werde
  n.+Sie+ist+dabei+eine+Anwendung+der+Graphentheorie%2C+bei+der+kommunizierende+Rechner+als+Knoten+u
  nd+die+Verbindungen+zwischen+den+Ger%C3%A4ten+als+Kanten+zwischen+den+Knoten+modelliert+werden.%0A
  %0A%23%23%23+2.2+Baumtopologien%0A%0ABaumtopologien+sind+Netztopologien%2C+welche+dadurch+gekennze
  ichnet+sind%2C+dass+sie+einen+ersten+bzw.+obersten+Netzknoten+%28Wurzel%29+haben%2C+von+der+eine+o
  der+mehrere+Verbindungen+ausgehen.+Diese+f%C3%BChren+weiter+zu+Knoten+mit+dem+Grad+1+%28Bl%C3%A4tt
  er%29+oder+rekursiv+zu+Wurzeln+von+Teilb%C3%A4umen.%0A%0A%23%23%23+2.3+IP-Adressen%0A%0AEine+IP-Ad
  resse+ist+eine+Adresse+in+Rechnernetzen%2C+die+den+Netzknoten+zugewiesen+wird%2C+um+sie+innerhalb+
  des+Netzes+adressierbar+zu+machen.+Die+IP-Adresse+entspricht+dabei+dem+Etikett+des+Knotens.+In+die
  ser+Aufgabe+werden+IP-Adressen+vereinfacht+betrachtet%2C+sodass+sie+unter+anderem+immer+nur+einen+
  konkreten+Netzknoten+bezeichnen.+Folglich+haben+Netzknoten+in+dieser+Aufgabe+immer+genau+eine+fest
  e+IP-Adresse+zur+eindeutigen+Identifizierung.%0A%0AIn+dieser+Aufgabe+werden+hierzu+immer+IPv4-Adre
  ssen+verwendet.+Die+Dezimalpunktschreibweise+ist+die+%C3%BCbliche+Darstellung+von+IPv4-Adressen.+D
  iese+32-Bit-Adressen+werden+in+dezimaler+Form+in+vier+8-Bit-Bl%C3%B6cken+geschrieben%2C+die+jeweil
  s+durch+einen+Punkt+getrennt+sind.+Dadurch+ergibt+sich+f%C3%BCr+jeden+8-Bit-Block+ein+dezimaler+We
  rtebereich+von+0+bis+255.+F%C3%BChrende+Nullen+innerhalb+der+Bl%C3%B6cke+sind+nicht+erlaubt%2C+sod
  ass+zum+Beispiel+ein-+und+zweistellige+Zahlen+nicht+mit+einer+vorangestellten+0+auf+ein+einheitlic
  hes+L%C3%A4ngenformat+gebracht+werden+d%C3%BCrfen.%0A%0AAufgrund+der+vereinfachten+Betrachtungswei
  se+wird+in+dieser+Aufgabe+nicht+zwischen+Netzklasse+oder+zwischen+Netzanteil+und+Hostanteil+unters
  chieden.+Folglich+werden+IP-Adressen+nur+als+Kennungen+der+Netzknoten+verwendet.+Solange+keine+Anf
  orderungen+der+Baumtopologien+verletzt+werden%2C+k%C3%B6nnen+die+Adressen+von+einschlie%C3%9Flich+
  %600.0.0.0%60+bis+einschlie%C3%9Flich+%60255.255.255.255%60+den+Netzknoten+zugewiesen+werden.%0A%0
  A%23%23%23+2.4+Beispiel%0A%0ADrei+Baumtopologien%2C+jede+mit+der+H%C3%B6he+1+und+mit+einem+oberste
  n+Netzknoten%3A%0A%0A-+%28a%29+Wurzel+%6085.193.148.81%60+mit+Bl%C3%A4ttern+%6034.49.145.239%60%2C
  +%60231.189.0.127%60%2C+%60141.255.1.133%60.%0A-+%28b%29+Wurzel+%60141.255.1.133%60+mit+Bl%C3%A4tt
  ern+%600.146.197.108%60%2C+%60122.117.67.158%60.%0A-+%28c%29+Wurzel+%60231.189.0.127%60+mit+Bl%C3%
  A4ttern+%60252.29.23.0%60%2C+%60116.132.83.77%60%2C+%6039.20.222.120%60%2C+%6077.135.84.171%60.%0A
  %0ADa+diese+drei+Baumtopologien+jeweils+paarweise+einen+Netzknoten+mit+der+gleichen+IP-Adresse+%28
  %60141.255.1.133%60+und+%60231.189.0.127%60%29+haben%2C+k%C3%B6nnen+diese+Baumtopologien+zu+einer+
  zusammenh%C3%A4ngenden+Baumtopologie+mit+der+H%C3%B6he+2+und+%6085.193.148.81%60+als+Wurzel+verein
  igt+werden.%0A%0AF%C3%BCr+diese+vereinigte+Baumtopologie+mit+der+gegebenen+Wurzel+%6085.193.148.81
  %60+w%C3%BCrde+sich+hierbei+folgende+Ebenenstruktur+ergeben%3A%0A%0A-+**Ebene+0%3A**+%6085.193.148
  .81%60%0A-+**Ebene+1%3A**+%60141.255.1.133%60%2C+%6034.49.145.239%60+und+%60231.189.0.127%60%0A-+*
  *Ebene+2%3A**+%60122.117.67.158%60%2C+%600.146.197.108%60%2C+%6077.135.84.171%60%2C+%6039.20.222.1
  20%60%2C+%60252.29.23.0%60+und+%60116.132.83.77%60&project=ProgrammingWT2122-Final1&role=requireme
  nts&task=Understand+the+wt2122final01+and+create+its+backlog+when+prompted.&timestamp=2026-07-27T0
  7%3A11%3A45.972Z&domain=wt2122final01

● Injected adaptive memory context into system prompt

● <adaptive_rules>
  - All elements inside a Network instance must always satisfy the formal requirements (in
  particular: tree topologies must have no closed paths).
  - In the bracket notation (toString(IP)) IP addresses for each level must be sorted ascending by
  their 32-bit value.
  - Inner lists returned by getLevels(IP) must have addresses sorted ascending by their natural
  total ordering.
  - A Network instance must always internally contain at least one valid tree topology with at least
   one connection between two network nodes.
  - Network must allow storing multiple independent tree topologies.
  - list(), getLevels(IP) and getRoute(IP, IP) must return lists that do not cause side-effects on
  the instance (defensive copies).
  - Once an IP object is successfully instantiated the associated address must not be changed
  (address immutability).
  - Two different object instances representing the same IP address must be considered identical.
  - Leading zeros within blocks of an IPv4 address are not allowed.
  - Evaluation of other tests depends on passing the mandatory tests first.
  - A null (non-instantiated) IP argument must always be treated as an invalid and non-existent IP
  address.
  - Network(IP root, List<IP> children) constructor must copy the list elements for internal storage
   (defensive copy).
  - Two Network instances are equal if they store the same tree topologies; two tree topologies are
  equal if their underlying labeled graphs are structurally equal; equals must be implemented
  accordingly.
  - Source code must not exceed a maximum line width of 120 characters.
  - Code comments should be in English or German and be consistently written in a single language.
  - Follow the modelling guidance on the ILIAS-Wiki; submissions are evaluated for both
  object-oriented modelling and functionality.
  - When adding or changing a connection the implementation must ensure no assignment requirement is
   violated (e.g., tree topologies must not contain closed paths).
  - Program code must be written in English.
  - All other Checkstyle rules must be adhered to.
  - All rules for variable, method, and package naming specified by the assignment must be followed.
  - All whitespace rules specified by the assignment and Checkstyle must be followed.
  - Appropriate visibility modifiers must be chosen for classes, methods and attributes.
  - Calls to System.exit() and Runtime.exit() must not be used in the submission.
  - Do not include personal data in the submission besides your u-Kürzel.
  - JavaDoc documentation rules specified by the assignment must be followed.
  - No other classes with the identifiers Network, IP, or ParseException may be present in the
  submission.
  - Submission for Abschlussaufgabe 1 is automatically graded zero points if any of the mandatory
  rules are violated.
  - Submissions may only use Java library elements from the packages java.lang, java.io, java.util,
  java.util.regex, java.util.function and java.util.stream.
  - The assignment contains no interactive command-line interface; submissions must not perform
  input/output or include a main method.
  - The default (unnamed) package must not be used.
  - The natural total ordering of the IP class (compareTo) must be compatible with equals.
  - The JavaDoc @author tag must contain only the student's u-Kürzel.
  - add(Network subnet) must not produce side-effects between the two object instances; later
  changes to one must not affect the other.
  - Students may extend the required classes by adding further classes, attributes, methods and
  documentation.
  - The three classes must provide the required constructors and method signatures and implement the
   specified Java API interfaces.
  - The three provided Java classes Network, IP and ParseException must be implemented.
  - The three required classes may be moved into any sensible packages.
  - When IPs are passed as arguments they must be compared by content equality, not by object
  reference.
  - All explicitly required classes, constructors and methods must be public.
  - Submissions must consist of individual *.java files placed in the src directory with an
  appropriate folder structure.
  - Submitted program code must compile without compilation errors.
  - In error cases methods must return false, 0, or an empty list as specified by the assignment.
  - Exceptions in the three required classes may only be thrown in the explicitly defined cases.
  - The online submission system enforces Checkstyle automatically; specifically marked rules cause
  a zero-point automatic grading, other violations may cause point deductions.
  </adaptive_rules>

  <knowledge>
    - Choose meaningful names for all identifiers in the submission.
  </knowledge>
  <entity_paths>
    - Network CONSTRAINT Contains at least one valid tree topology: A Network instance must always
  internally contain at least one valid tree topology with at least one connection between two
  network nodes.
    - Network CONSTRAINT Multiple independent tree topologies allowed: Network must allow storing
  multiple independent tree topologies.
    - Submission for Abschlussaufgabe 1 CONSTRAINT Passing mandatory tests: Submission for
  Abschlussaufgabe 1 is automatically graded zero points if any of the mandatory rules are violated.
    - Submission for Abschlussaufgabe 1 CONSTRAINT Allowed Java packages: Submissions may only use
  Java library elements from the packages java.lang, java.io, java.util, java.util.regex,
  java.util.function and java.util.stream.
    - Submission for Abschlussaufgabe 1 CONSTRAINT Whitespace rules: All whitespace rules specified
  by the assignment and Checkstyle must be followed.
    - Submission for Abschlussaufgabe 1 CONSTRAINT Do not use default package: The default (unnamed)
   package must not be used.
    - Submission for Abschlussaufgabe 1 CONSTRAINT Do not use System.exit or Runtime.exit: Calls to
  System.exit() and Runtime.exit() must not be used in the submission.
    - Submission for Abschlussaufgabe 1 CONSTRAINT No interactive I/O or main method: The assignment
   contains no interactive command-line interface; submissions must not perform input/output or
  include a main method.
    - Submission for Abschlussaufgabe 1 CONSTRAINT No duplicate class identifiers
  Network/IP/ParseException: No other classes with the identifiers Network, IP, or ParseException
  may be present in the submission.
    - Submission for Abschlussaufgabe 1 CONSTRAINT Personal data restriction (only u-Kürzel): Do not
   include personal data in the submission besides your u-Kürzel.
    - Required classes: Network, IP, ParseException CONSTRAINT Must be implemented: The three
  provided Java classes Network, IP and ParseException must be implemented.
    - Required classes: Network, IP, ParseException CONSTRAINT Provide required constructors and
  method signatures and implement specified interfaces: The three classes must provide the required
  constructors and method signatures and implement the specified Java API interfaces.
    - Required classes: Network, IP, ParseException RELATES_TO Any sensible package: The three
  required classes may be moved into any sensible packages.
    - Required classes: Network, IP, ParseException RELATES_TO Additional classes, attributes,
  methods and documentation: Students may extend the required classes by adding further classes,
  attributes, methods and documentation.
    - getLevels(IP) CONSTRAINT Inner lists sorted ascending by natural order: Inner lists returned
  by getLevels(IP) must have addresses sorted ascending by their natural total ordering.
  </entity_paths>
  <entity_matches>
    - Network (score: 0.74) — Class representing the network of tree topologies.
    - Multiple independent tree topologies allowed (score: 0.73) — Network may contain multiple
  independent trees.
    - Submission for Abschlussaufgabe 1 (score: 0.71) — Student submission package for the exercise
    - Required classes: Network, IP, ParseException (score: 0.70) — Three classes that must be
  implemented by the student
    - getLevels(IP) (score: 0.70) — Method returning lists of IPs per level.
  </entity_matches>

● adaptive-memory extension active (role=requirements, memorySession=20260727-090747-req) - type
  /memory-help. MCP tools registered (memory=true, backlog=true).







Changes    +0 -0
Duration   1m 12s
Tokens     ↑ 25.1k (1.3k cached) • ↓ 511 (232 reasoning)
[delivery:requirements] Turn 4/12 complete
[delivery:requirements] Turn 5/12: task.md — segment 4/10 — Abschlussaufgabe 1 — Ausbreitungsanalyse in Rechnernetzen > 3 Klammerschreibweise
● [adaptive-context] GET http://localhost:4444/api/agents/7af7809a-adce-4fa9-9609-fd61059de0ff/sessi
  ons/20260727-090747-req/context?input=Dokument%3A+task.md%0ASegment%3A+4%2F10%0AAbschnitt%3A+Absch
  lussaufgabe+1+%E2%80%94+Ausbreitungsanalyse+in+Rechnernetzen+%3E+3+Klammerschreibweise%0A%0ALies+d
  iesen+Abschnitt+sorgf%C3%A4ltig+und+behalte+den+Kontext.+Erstelle+noch+keinen+Backlog+und+noch+kei
  ne+Tasks.+Warte+damit+bis+zum+abschlie%C3%9Fenden+%2Ffinalize.%0A%0A%23%23+3+Klammerschreibweise%0
  A%0ADie+Haupteingabe+des+Systems+ist+eine+Beschreibung+von+Baumtopologien+in+Klammerschreibweise.+
  Eingeschlossen+von+einer+%C3%B6ffnenden+%60%28%60+und+einer+schlie%C3%9Fenden+%60%29%60+runden+Kla
  mmer+werden+dabei+die+Netzknoten+einer+einzelnen+Baumtopologie+mit+der+H%C3%B6he+1+zusammengefasst
  .+Eine+hierarchische+Struktur+wird+dadurch+erreicht%2C+dass+eingeklammerte+Baumtopologien+%28Teilb
  %C3%A4ume%29+innerhalb+von+eingeklammerten+Baumtopologien+erlaubt+sind.+Dabei+muss+eine+Baumtopolo
  gie+in+Klammerschreibweise+mindestens+zwei+verschiedene+Knoten+%28Teilbaum+oder+Blatt%29%2C+sprich
  +eine+Verbindung+enthalten.+Dies+gilt+auch+f%C3%BCr+eingeklammerte+Baumtopologien+innerhalb+von+ei
  ngeklammerten+Baumtopologien.%0A%0ADie+Netzknoten+werden+durch+ihre+IP-Adressen+bestimmt%2C+die+in
  nerhalb+der+Klammern+durch+ein+Leerzeichen+abgegrenzt+sind.+Da+die+Klammerschreibweise+g%C3%BCltig
  e+Baumtopologien+beschreibt%2C+darf+innerhalb+einer+Klammerschreibweise%2C+einschlie%C3%9Flich+der
  +hierarchisch+enthaltenen+Klammerschreibweisen%2C+jede+Adresse+nur+maximal+einmal+enthalten+sein.%
  0A%0ADie+erste+IP-Adresse+nach+einer+%C3%B6ffnenden+Klammer+ist+die+des+obersten+Netzknoten+%28Wur
  zel%29+und+danach+folgt+die+Auflistung+der+direkten+Bl%C3%A4tter+oder+Teilb%C3%A4ume.+Sofern+nicht
  +ausdr%C3%BCcklich+etwas+anderes+verlangt+wird%2C+spielt+die+Reihenfolge+keine+Rolle%2C+in+welcher
  +die+IP-Adressen+f%C3%BCr+jede+Ebene+aufgef%C3%BChrt+werden.%0A%0ABeispielsweise+lautet+die+Klamme
  rschreibweise+f%C3%BCr+die+Beispielb%C3%A4ume%3A%0A%0A1.+%60%2885.193.148.81+141.255.1.133+34.49.1
  45.239+231.189.0.127%29%60%0A2.+%60%28141.255.1.133+122.117.67.158+0.146.197.108%29%60%0A3.+%60%28
  231.189.0.127+77.135.84.171+39.20.222.120+252.29.23.0+116.132.83.77%29%60%0A4.+%60%2885.193.148.81
  +%28141.255.1.133+122.117.67.158+0.146.197.108%29+34.49.145.239+%28231.189.0.127+77.135.84.171+39.
  20.222.120+252.29.23.0+116.132.83.77%29%29%60&project=ProgrammingWT2122-Final1&role=requirements&t
  ask=Understand+the+wt2122final01+and+create+its+backlog+when+prompted.&timestamp=2026-07-27T07%3A1
  2%3A02.783Z&domain=wt2122final01

● Injected adaptive memory context into system prompt

● <adaptive_rules>
  - All elements inside a Network instance must always satisfy the formal requirements (in
  particular: tree topologies must have no closed paths).
  - A Network instance must always internally contain at least one valid tree topology with at least
   one connection between two network nodes.
  - Network must allow storing multiple independent tree topologies.
  - Network(IP root, List<IP> children) constructor must copy the list elements for internal storage
   (defensive copy).
  - Evaluation of other tests depends on passing the mandatory tests first.
  - Inner lists returned by getLevels(IP) must have addresses sorted ascending by their natural
  total ordering.
  - All other Checkstyle rules must be adhered to.
  - All rules for variable, method, and package naming specified by the assignment must be followed.
  - All whitespace rules specified by the assignment and Checkstyle must be followed.
  - Appropriate visibility modifiers must be chosen for classes, methods and attributes.
  - Calls to System.exit() and Runtime.exit() must not be used in the submission.
  - Do not include personal data in the submission besides your u-Kürzel.
  - JavaDoc documentation rules specified by the assignment must be followed.
  - No other classes with the identifiers Network, IP, or ParseException may be present in the
  submission.
  - Submission for Abschlussaufgabe 1 is automatically graded zero points if any of the mandatory
  rules are violated.
  - Submissions may only use Java library elements from the packages java.lang, java.io, java.util,
  java.util.regex, java.util.function and java.util.stream.
  - The assignment contains no interactive command-line interface; submissions must not perform
  input/output or include a main method.
  - The default (unnamed) package must not be used.
  - list(), getLevels(IP) and getRoute(IP, IP) must return lists that do not cause side-effects on
  the instance (defensive copies).
  - When adding or changing a connection the implementation must ensure no assignment requirement is
   violated (e.g., tree topologies must not contain closed paths).
  - In the bracket notation (toString(IP)) IP addresses for each level must be sorted ascending by
  their 32-bit value.
  - Leading zeros within blocks of an IPv4 address are not allowed.
  - Students may extend the required classes by adding further classes, attributes, methods and
  documentation.
  - The three classes must provide the required constructors and method signatures and implement the
   specified Java API interfaces.
  - The three provided Java classes Network, IP and ParseException must be implemented.
  - The three required classes may be moved into any sensible packages.
  - Follow the modelling guidance on the ILIAS-Wiki; submissions are evaluated for both
  object-oriented modelling and functionality.
  - Two Network instances are equal if they store the same tree topologies; two tree topologies are
  equal if their underlying labeled graphs are structurally equal; equals must be implemented
  accordingly.
  - Program code must be written in English.
  - The JavaDoc @author tag must contain only the student's u-Kürzel.
  - Code comments should be in English or German and be consistently written in a single language.
  - Source code must not exceed a maximum line width of 120 characters.
  - The natural total ordering of the IP class (compareTo) must be compatible with equals.
  - add(Network subnet) must not produce side-effects between the two object instances; later
  changes to one must not affect the other.
  - Submissions must consist of individual *.java files placed in the src directory with an
  appropriate folder structure.
  - All explicitly required classes, constructors and methods must be public.
  - Two different object instances representing the same IP address must be considered identical.
  - The online submission system enforces Checkstyle automatically; specifically marked rules cause
  a zero-point automatic grading, other violations may cause point deductions.
  - A null (non-instantiated) IP argument must always be treated as an invalid and non-existent IP
  address.
  - Once an IP object is successfully instantiated the associated address must not be changed
  (address immutability).
  - Submitted program code must compile without compilation errors.
  - When IPs are passed as arguments they must be compared by content equality, not by object
  reference.
  - Exceptions in the three required classes may only be thrown in the explicitly defined cases.
  - In error cases methods must return false, 0, or an empty list as specified by the assignment.
  - The list() return value must be sorted ascending by the natural total ordering.
  </adaptive_rules>

  <entity_paths>
    - Submission for Abschlussaufgabe 1 CONSTRAINT Passing mandatory tests: Submission for
  Abschlussaufgabe 1 is automatically graded zero points if any of the mandatory rules are violated.
    - Submission for Abschlussaufgabe 1 CONSTRAINT Allowed Java packages: Submissions may only use
  Java library elements from the packages java.lang, java.io, java.util, java.util.regex,
  java.util.function and java.util.stream.
    - Submission for Abschlussaufgabe 1 CONSTRAINT Whitespace rules: All whitespace rules specified
  by the assignment and Checkstyle must be followed.
    - Submission for Abschlussaufgabe 1 CONSTRAINT Do not use default package: The default (unnamed)
   package must not be used.
    - Submission for Abschlussaufgabe 1 CONSTRAINT Do not use System.exit or Runtime.exit: Calls to
  System.exit() and Runtime.exit() must not be used in the submission.
    - Submission for Abschlussaufgabe 1 CONSTRAINT No interactive I/O or main method: The assignment
   contains no interactive command-line interface; submissions must not perform input/output or
  include a main method.
    - Submission for Abschlussaufgabe 1 CONSTRAINT No duplicate class identifiers
  Network/IP/ParseException: No other classes with the identifiers Network, IP, or ParseException
  may be present in the submission.
    - Submission for Abschlussaufgabe 1 CONSTRAINT Personal data restriction (only u-Kürzel): Do not
   include personal data in the submission besides your u-Kürzel.
    - Network CONSTRAINT Contains at least one valid tree topology: A Network instance must always
  internally contain at least one valid tree topology with at least one connection between two
  network nodes.
    - Network CONSTRAINT Multiple independent tree topologies allowed: Network must allow storing
  multiple independent tree topologies.
  </entity_paths>
  <entity_matches>
    - Submission for Abschlussaufgabe 1 (score: 0.72) — Student submission package for the exercise
    - Multiple independent tree topologies allowed (score: 0.71) — Network may contain multiple
  independent trees.
    - Network (score: 0.71) — Class representing the network of tree topologies.
    - Must be implemented (score: 0.69) — Implementation requirement for the three classes
    - Contains at least one valid tree topology (score: 0.68) — Internal invariant: at least one
  valid topology with ≥1 connection.
  </entity_matches>

● adaptive-memory extension active (role=requirements, memorySession=20260727-090747-req) - type
  /memory-help. MCP tools registered (memory=true, backlog=true).







Changes    +0 -0
Duration   1m 30s
Tokens     ↑ 25.9k (1.3k cached) • ↓ 644 (426 reasoning)
[delivery:requirements] Turn 5/12 complete
[delivery:requirements] Turn 6/12: task.md — segment 5/10 — Abschlussaufgabe 1 — Ausbreitungsanalyse in Rechnernetzen > 4 Vorgegebene Klassen
● [adaptive-context] GET http://localhost:4444/api/agents/7af7809a-adce-4fa9-9609-fd61059de0ff/sessi
  ons/20260727-090747-req/context?input=Dokument%3A+task.md%0ASegment%3A+5%2F10%0AAbschnitt%3A+Absch
  lussaufgabe+1+%E2%80%94+Ausbreitungsanalyse+in+Rechnernetzen+%3E+4+Vorgegebene+Klassen%0A%0ALies+d
  iesen+Abschnitt+sorgf%C3%A4ltig+und+behalte+den+Kontext.+Erstelle+noch+keinen+Backlog+und+noch+kei
  ne+Tasks.+Warte+damit+bis+zum+abschlie%C3%9Fenden+%2Ffinalize.%0A%0A%23%23+4+Vorgegebene+Klassen%0
  A%0AIn+dieser+Aufgabe+m%C3%BCssen+die+drei+vorgegebenen+Java-Klassen+%60Network%60%2C+%60IP%60+und
  +%60ParseException%60+implementiert+werden.+Diese+Aufgabe+beinhaltet+ausdr%C3%BCcklich+keine+Komma
  ndozeilenschnittstelle+f%C3%BCr+eine+interaktive+Benutzerinteraktion.+Folglich+darf+Ihre+Abgabe+au
  ch+keine+Ein-+und+Ausgaben+oder+eine+%60main%60-Methode+enthalten.+Laden+Sie+dazu+die+drei+vorgege
  benen+Klassen+zusammen+mit+diesem+Aufgabenblatt+von+ILIAS+herunter.+Sie+m%C3%BCssen+diese+drei+Jav
  a-Klassen+so+vervollst%C3%A4ndigen%2C+dass+die+vorgegebenen+Konstruktoren+und+Methoden+die+gew%C3%
  BCnschte+Funktionalit%C3%A4t+bereitstellen.+Alle+ausdr%C3%BCcklich+geforderten+Klassen%2C+Konstruk
  toren+und+Methoden+m%C3%BCssen+immer+%C3%B6ffentlich+%28%60public%60%29+sein.+Verschieben+Sie+dies
  e+drei+Klassen+noch+in+beliebige%2C+aber+sinnvolle+Pakete.+W%C3%A4hrend+der+Abgabe+gibt+Ihnen+das+
  Einreichungssystem+auch+Auskunft+dar%C3%BCber%2C+ob+die+geforderten+Signaturen+gefunden+werden+kon
  nten.%0A%0ASie+m%C3%BCssen+nat%C3%BCrlich+weitere+Klassen+zu+Ihrer+Abgabe+hinzuf%C3%BCgen%2C+sowie
  +weitere+Attribute%2C+Methoden+und+Dokumentation+zu+den+drei+vorgegebenen+Klassen+erg%C3%A4nzen.+E
  s+d%C3%BCrfen+jedoch+keine+weiteren+Klassen+mit+den+Bezeichnern+%60Network%60%2C+%60IP%60+oder+%60
  ParseException%60+in+Ihrer+Abgabe+vorhanden+sein.+Diese+drei+Klassen+m%C3%BCssen+ihre+geforderten+
  Konstruktoren+und+Methodensignaturen+bereitstellen+und+die+vorgegebenen+Schnittstellen+der+Java-AP
  I+implementieren.%0A%0ADer+Aufruf+der+Methoden+darf+nicht+gegen+die+zuvor+definierten+Vorgaben+ver
  sto%C3%9Fen.+Beispielsweise+muss+beim+Hinzuf%C3%BCgen+oder+%C3%84ndern+einer+Verbindung+immer+dara
  uf+geachtet+werden%2C+dass+keine+Anforderung+verletzt+wird%2C+wie+etwa+die+Anforderung%2C+dass+Bau
  mtopologien+keine+geschlossenen+Wege+enthalten+d%C3%BCrfen.+In+den+drei+geforderten+Klassen+d%C3%B
  Crfen+Exceptions+nur+in+den+ausdr%C3%BCcklich+definierten+F%C3%A4llen+geworfen+werden.+In+Fehlerf%
  C3%A4llen+wird+je+nach+Anforderung+%60false%60%2C+0+oder+eine+leere+Liste+zur%C3%BCckgegeben.&proj
  ect=ProgrammingWT2122-Final1&role=requirements&task=Understand+the+wt2122final01+and+create+its+ba
  cklog+when+prompted.&timestamp=2026-07-27T07%3A12%3A21.429Z&domain=wt2122final01

● Injected adaptive memory context into system prompt

● <adaptive_rules>
  - When adding or changing a connection the implementation must ensure no assignment requirement is
   violated (e.g., tree topologies must not contain closed paths).
  - Exceptions in the three required classes may only be thrown in the explicitly defined cases.
  - Students may extend the required classes by adding further classes, attributes, methods and
  documentation.
  - The three classes must provide the required constructors and method signatures and implement the
   specified Java API interfaces.
  - The three provided Java classes Network, IP and ParseException must be implemented.
  - The three required classes may be moved into any sensible packages.
  - Evaluation of other tests depends on passing the mandatory tests first.
  - All elements inside a Network instance must always satisfy the formal requirements (in
  particular: tree topologies must have no closed paths).
  - Follow the modelling guidance on the ILIAS-Wiki; submissions are evaluated for both
  object-oriented modelling and functionality.
  - In error cases methods must return false, 0, or an empty list as specified by the assignment.
  - All explicitly required classes, constructors and methods must be public.
  - A Network instance must always internally contain at least one valid tree topology with at least
   one connection between two network nodes.
  - Network must allow storing multiple independent tree topologies.
  - list(), getLevels(IP) and getRoute(IP, IP) must return lists that do not cause side-effects on
  the instance (defensive copies).
  - The natural total ordering of the IP class (compareTo) must be compatible with equals.
  - The JavaDoc @author tag must contain only the student's u-Kürzel.
  - add(Network subnet) must not produce side-effects between the two object instances; later
  changes to one must not affect the other.
  - All other Checkstyle rules must be adhered to.
  - All rules for variable, method, and package naming specified by the assignment must be followed.
  - All whitespace rules specified by the assignment and Checkstyle must be followed.
  - Appropriate visibility modifiers must be chosen for classes, methods and attributes.
  - Calls to System.exit() and Runtime.exit() must not be used in the submission.
  - Do not include personal data in the submission besides your u-Kürzel.
  - JavaDoc documentation rules specified by the assignment must be followed.
  - No other classes with the identifiers Network, IP, or ParseException may be present in the
  submission.
  - Submission for Abschlussaufgabe 1 is automatically graded zero points if any of the mandatory
  rules are violated.
  - Submissions may only use Java library elements from the packages java.lang, java.io, java.util,
  java.util.regex, java.util.function and java.util.stream.
  - The assignment contains no interactive command-line interface; submissions must not perform
  input/output or include a main method.
  - The default (unnamed) package must not be used.
  - Program code must be written in English.
  - Source code must not exceed a maximum line width of 120 characters.
  - The online submission system enforces Checkstyle automatically; specifically marked rules cause
  a zero-point automatic grading, other violations may cause point deductions.
  - Code comments should be in English or German and be consistently written in a single language.
  - Submissions must consist of individual *.java files placed in the src directory with an
  appropriate folder structure.
  - Network(IP root, List<IP> children) constructor must copy the list elements for internal storage
   (defensive copy).
  - Inner lists returned by getLevels(IP) must have addresses sorted ascending by their natural
  total ordering.
  - Submitted program code must compile without compilation errors.
  - In the bracket notation (toString(IP)) IP addresses for each level must be sorted ascending by
  their 32-bit value.
  - Two Network instances are equal if they store the same tree topologies; two tree topologies are
  equal if their underlying labeled graphs are structurally equal; equals must be implemented
  accordingly.
  - Leading zeros within blocks of an IPv4 address are not allowed.
  - Once an IP object is successfully instantiated the associated address must not be changed
  (address immutability).
  - A null (non-instantiated) IP argument must always be treated as an invalid and non-existent IP
  address.
  - Two different object instances representing the same IP address must be considered identical.
  - When IPs are passed as arguments they must be compared by content equality, not by object
  reference.
  - The list() return value must be sorted ascending by the natural total ordering.
  </adaptive_rules>

  <knowledge>
    - Choose meaningful names for all identifiers in the submission.
  </knowledge>
  <entity_paths>
    - Required classes: Network, IP, ParseException CONSTRAINT Must be implemented: The three
  provided Java classes Network, IP and ParseException must be implemented.
    - Required classes: Network, IP, ParseException CONSTRAINT Provide required constructors and
  method signatures and implement specified interfaces: The three classes must provide the required
  constructors and method signatures and implement the specified Java API interfaces.
    - Required classes: Network, IP, ParseException RELATES_TO Any sensible package: The three
  required classes may be moved into any sensible packages.
    - Required classes: Network, IP, ParseException RELATES_TO Additional classes, attributes,
  methods and documentation: Students may extend the required classes by adding further classes,
  attributes, methods and documentation.
    - Submission for Abschlussaufgabe 1 CONSTRAINT Passing mandatory tests: Submission for
  Abschlussaufgabe 1 is automatically graded zero points if any of the mandatory rules are violated.
    - Submission for Abschlussaufgabe 1 CONSTRAINT Allowed Java packages: Submissions may only use
  Java library elements from the packages java.lang, java.io, java.util, java.util.regex,
  java.util.function and java.util.stream.
    - Submission for Abschlussaufgabe 1 CONSTRAINT Whitespace rules: All whitespace rules specified
  by the assignment and Checkstyle must be followed.
    - Submission for Abschlussaufgabe 1 CONSTRAINT Do not use default package: The default (unnamed)
   package must not be used.
    - Submission for Abschlussaufgabe 1 CONSTRAINT Do not use System.exit or Runtime.exit: Calls to
  System.exit() and Runtime.exit() must not be used in the submission.
    - Submission for Abschlussaufgabe 1 CONSTRAINT No interactive I/O or main method: The assignment
   contains no interactive command-line interface; submissions must not perform input/output or
  include a main method.
    - Submission for Abschlussaufgabe 1 CONSTRAINT No duplicate class identifiers
  Network/IP/ParseException: No other classes with the identifiers Network, IP, or ParseException
  may be present in the submission.
    - Submission for Abschlussaufgabe 1 CONSTRAINT Personal data restriction (only u-Kürzel): Do not
   include personal data in the submission besides your u-Kürzel.
    - Exceptions in Network/IP/ParseException CONSTRAINT Only explicitly defined cases: Exceptions
  in the three required classes may only be thrown in the explicitly defined cases.
  </entity_paths>
  <entity_matches>
    - Required classes: Network, IP, ParseException (score: 0.77) — Three classes that must be
  implemented by the student
    - Submission for Abschlussaufgabe 1 (score: 0.76) — Student submission package for the exercise
    - Exceptions in Network/IP/ParseException (score: 0.71) — Exception throwing behavior in the
  three classes
    - No duplicate class identifiers Network/IP/ParseException (score: 0.71) — Identifier uniqueness
   requirement
    - Must be implemented (score: 0.70) — Implementation requirement for the three classes
  </entity_matches>

● adaptive-memory extension active (role=requirements, memorySession=20260727-090747-req) - type
  /memory-help. MCP tools registered (memory=true, backlog=true).







Changes    +0 -0
Duration   1m 47s
Tokens     ↑ 26.9k (1.3k cached) • ↓ 465 (212 reasoning)
[delivery:requirements] Turn 6/12 complete
[delivery:requirements] Turn 7/12: task.md — segment 6/10 — Abschlussaufgabe 1 — Ausbreitungsanalyse in Rechnernetzen > 4 Vorgegebene Klassen > 4.1 `class ParseException extends Exception`
● [adaptive-context] GET http://localhost:4444/api/agents/7af7809a-adce-4fa9-9609-fd61059de0ff/sessi
  ons/20260727-090747-req/context?input=Dokument%3A+task.md%0ASegment%3A+6%2F10%0AAbschnitt%3A+Absch
  lussaufgabe+1+%E2%80%94+Ausbreitungsanalyse+in+Rechnernetzen+%3E+4+Vorgegebene+Klassen+%3E+4.1+%60
  class+ParseException+extends+Exception%60%0A%0ALies+diesen+Abschnitt+sorgf%C3%A4ltig+und+behalte+d
  en+Kontext.+Erstelle+noch+keinen+Backlog+und+noch+keine+Tasks.+Warte+damit+bis+zum+abschlie%C3%9Fe
  nden+%2Ffinalize.%0A%0A%23%23%23+4.1+%60class+ParseException+extends+Exception%60%0A%0ADiese+eigen
  s+definierte+%60Exception%60+signalisiert%2C+dass+ein+unerwarteter+Fehler+beim+Parsen+der+textuell
  en+Klammerschreibweise+oder+Dezimalpunktschreibweise+aufgetreten+ist.%0A%0A%60%60%60java%0Apublic+
  class+ParseException+extends+Exception+%7B%0A++++public+ParseException%28String+message%29+%7B+sup
  er%28message%29%3B+%7D%0A%7D%0A%60%60%60%0A%0A%23%23%23%23+%60ParseException%28String+message%29%6
  0%0A%0ADiese+%60ParseException%60+muss+den+spezifizierenden+Konstruktor+implementieren%2C+der+eine
  +neue+%60Exception%60+mit+der+angegebenen+Fehlermeldung+instanziiert.&project=ProgrammingWT2122-Fi
  nal1&role=requirements&task=Understand+the+wt2122final01+and+create+its+backlog+when+prompted.&tim
  estamp=2026-07-27T07%3A12%3A38.092Z&domain=wt2122final01

● Injected adaptive memory context into system prompt

● <adaptive_rules>
  - Evaluation of other tests depends on passing the mandatory tests first.
  - Exceptions in the three required classes may only be thrown in the explicitly defined cases.
  - Students may extend the required classes by adding further classes, attributes, methods and
  documentation.
  - The three classes must provide the required constructors and method signatures and implement the
   specified Java API interfaces.
  - The three provided Java classes Network, IP and ParseException must be implemented.
  - The three required classes may be moved into any sensible packages.
  - All explicitly required classes, constructors and methods must be public.
  - Program code must be written in English.
  - Source code must not exceed a maximum line width of 120 characters.
  - Code comments should be in English or German and be consistently written in a single language.
  - The JavaDoc @author tag must contain only the student's u-Kürzel.
  - Follow the modelling guidance on the ILIAS-Wiki; submissions are evaluated for both
  object-oriented modelling and functionality.
  - All other Checkstyle rules must be adhered to.
  - All rules for variable, method, and package naming specified by the assignment must be followed.
  - All whitespace rules specified by the assignment and Checkstyle must be followed.
  - Appropriate visibility modifiers must be chosen for classes, methods and attributes.
  - Calls to System.exit() and Runtime.exit() must not be used in the submission.
  - Do not include personal data in the submission besides your u-Kürzel.
  - JavaDoc documentation rules specified by the assignment must be followed.
  - No other classes with the identifiers Network, IP, or ParseException may be present in the
  submission.
  - Submission for Abschlussaufgabe 1 is automatically graded zero points if any of the mandatory
  rules are violated.
  - Submissions may only use Java library elements from the packages java.lang, java.io, java.util,
  java.util.regex, java.util.function and java.util.stream.
  - The assignment contains no interactive command-line interface; submissions must not perform
  input/output or include a main method.
  - The default (unnamed) package must not be used.
  - Submitted program code must compile without compilation errors.
  - The online submission system enforces Checkstyle automatically; specifically marked rules cause
  a zero-point automatic grading, other violations may cause point deductions.
  - All elements inside a Network instance must always satisfy the formal requirements (in
  particular: tree topologies must have no closed paths).
  - When adding or changing a connection the implementation must ensure no assignment requirement is
   violated (e.g., tree topologies must not contain closed paths).
  - list(), getLevels(IP) and getRoute(IP, IP) must return lists that do not cause side-effects on
  the instance (defensive copies).
  - Submissions must consist of individual *.java files placed in the src directory with an
  appropriate folder structure.
  - The natural total ordering of the IP class (compareTo) must be compatible with equals.
  - In the bracket notation (toString(IP)) IP addresses for each level must be sorted ascending by
  their 32-bit value.
  - In error cases methods must return false, 0, or an empty list as specified by the assignment.
  - Leading zeros within blocks of an IPv4 address are not allowed.
  - A null (non-instantiated) IP argument must always be treated as an invalid and non-existent IP
  address.
  - Network(IP root, List<IP> children) constructor must copy the list elements for internal storage
   (defensive copy).
  - A Network instance must always internally contain at least one valid tree topology with at least
   one connection between two network nodes.
  - Network must allow storing multiple independent tree topologies.
  - Inner lists returned by getLevels(IP) must have addresses sorted ascending by their natural
  total ordering.
  - add(Network subnet) must not produce side-effects between the two object instances; later
  changes to one must not affect the other.
  </adaptive_rules>

  <entity_paths>
    - Submission for Abschlussaufgabe 1 CONSTRAINT Passing mandatory tests: Submission for
  Abschlussaufgabe 1 is automatically graded zero points if any of the mandatory rules are violated.
    - Submission for Abschlussaufgabe 1 CONSTRAINT Allowed Java packages: Submissions may only use
  Java library elements from the packages java.lang, java.io, java.util, java.util.regex,
  java.util.function and java.util.stream.
    - Submission for Abschlussaufgabe 1 CONSTRAINT Whitespace rules: All whitespace rules specified
  by the assignment and Checkstyle must be followed.
    - Submission for Abschlussaufgabe 1 CONSTRAINT Do not use default package: The default (unnamed)
   package must not be used.
    - Submission for Abschlussaufgabe 1 CONSTRAINT Do not use System.exit or Runtime.exit: Calls to
  System.exit() and Runtime.exit() must not be used in the submission.
    - Submission for Abschlussaufgabe 1 CONSTRAINT No interactive I/O or main method: The assignment
   contains no interactive command-line interface; submissions must not perform input/output or
  include a main method.
    - Submission for Abschlussaufgabe 1 CONSTRAINT No duplicate class identifiers
  Network/IP/ParseException: No other classes with the identifiers Network, IP, or ParseException
  may be present in the submission.
    - Submission for Abschlussaufgabe 1 CONSTRAINT Personal data restriction (only u-Kürzel): Do not
   include personal data in the submission besides your u-Kürzel.
    - Exceptions in Network/IP/ParseException CONSTRAINT Only explicitly defined cases: Exceptions
  in the three required classes may only be thrown in the explicitly defined cases.
    - Required classes: Network, IP, ParseException CONSTRAINT Must be implemented: The three
  provided Java classes Network, IP and ParseException must be implemented.
    - Required classes: Network, IP, ParseException CONSTRAINT Provide required constructors and
  method signatures and implement specified interfaces: The three classes must provide the required
  constructors and method signatures and implement the specified Java API interfaces.
    - Required classes: Network, IP, ParseException RELATES_TO Any sensible package: The three
  required classes may be moved into any sensible packages.
    - Required classes: Network, IP, ParseException RELATES_TO Additional classes, attributes,
  methods and documentation: Students may extend the required classes by adding further classes,
  attributes, methods and documentation.
  </entity_paths>
  <entity_matches>
    - Submission for Abschlussaufgabe 1 (score: 0.72) — Student submission package for the exercise
    - Exceptions in Network/IP/ParseException (score: 0.70) — Exception throwing behavior in the
  three classes
    - Required classes: Network, IP, ParseException (score: 0.70) — Three classes that must be
  implemented by the student
    - Must be implemented (score: 0.69) — Implementation requirement for the three classes
    - Provide required constructors and method signatures and implement specified interfaces (score:
   0.68) — API compatibility requirement
  </entity_matches>

● adaptive-memory extension active (role=requirements, memorySession=20260727-090747-req) - type
  /memory-help. MCP tools registered (memory=true, backlog=true).







Changes    +0 -0
Duration   1m 59s
Tokens     ↑ 27.3k (1.3k cached) • ↓ 216 (106 reasoning)
[delivery:requirements] Turn 7/12 complete
[delivery:requirements] Turn 8/12: task.md — segment 7/10 — Abschlussaufgabe 1 — Ausbreitungsanalyse in Rechnernetzen > 4 Vorgegebene Klassen > 4.2 `class IP implements Comparable<IP>`
● [adaptive-context] GET http://localhost:4444/api/agents/7af7809a-adce-4fa9-9609-fd61059de0ff/sessi
  ons/20260727-090747-req/context?input=Dokument%3A+task.md%0ASegment%3A+7%2F10%0AAbschnitt%3A+Absch
  lussaufgabe+1+%E2%80%94+Ausbreitungsanalyse+in+Rechnernetzen+%3E+4+Vorgegebene+Klassen+%3E+4.2+%60
  class+IP+implements+Comparable%3CIP%3E%60%0A%0ALies+diesen+Abschnitt+sorgf%C3%A4ltig+und+behalte+d
  en+Kontext.+Erstelle+noch+keinen+Backlog+und+noch+keine+Tasks.+Warte+damit+bis+zum+abschlie%C3%9Fe
  nden+%2Ffinalize.%0A%0A%23%23%23+4.2+%60class+IP+implements+Comparable%3CIP%3E%60%0A%0ADie+Klasse+
  modelliert+IPv4-Adressen+und+legt+eine+Ordnung+f%C3%BCr+sie+fest.+%C3%9Cberlegen+Sie+sich+unter+an
  derem%2C+wie+die+im+Konstruktor+%C3%BCbergebene+Adresse+f%C3%BCr+die+Objektinstanz+gespeichert+wer
  den+sollen.+Sobald+ein+Objekt+erfolgreich+instanziiert+wurde%2C+kann+die+zugeh%C3%B6rige+Adresse+n
  icht+mehr+ge%C3%A4ndert+werden.+Zwei+Objektinstanzen+der+Klasse+%60IP%60+sind+gleich%2C+wenn+sie+d
  ie+gleiche+IP-Adresse+repr%C3%A4sentieren.%0A%0A%60%60%60java%0Apublic+class+IP+implements+Compara
  ble%3CIP%3E+%7B%0A%0A++++public+IP%28final+String+pointNotation%29+throws+ParseException+%7B+%7D%0
  A%0A++++%40Override%0A++++public+String+toString%28%29+%7B+return+null%3B+%7D%0A%0A++++%40Override
  %0A++++public+int+compareTo%28IP+o%29+%7B+return+0%3B+%7D%0A%7D%0A%60%60%60%0A%0A%23%23%23%23+%60I
  P%28final+String+pointNotation%29+throws+ParseException%60%0A%0ADer+Konstruktor+nimmt+eine+textuel
  le+Repr%C3%A4sentation+einer+IPv4-Adresse+entgegen+und+instanziiert+ein+neues+Objekt+f%C3%BCr+dies
  e+Adresse.+Dabei+muss+die+%C3%BCbergebene+Zeichenkette+dem+Format+der+Dezimalpunktschreibweise+ent
  sprechen.+Ist+die+%C3%9Cberpr%C3%BCfung+nicht+m%C3%B6glich+oder+wird+das+Format+verletzt%2C+wird+i
  m+Konstruktor+eine+%60ParseException%60+geworfen.%0A%0A%23%23%23%23+%60String+toString%28%29%60%0A
  %0AUnabh%C3%A4ngig+von+der+gew%C3%A4hlten+internen+Darstellung+gibt+diese+Methode+f%C3%BCr+jedes+O
  bjekt+der+Klasse+dessen+IPv4-Adresse+als+Zeichenkette+in+Dezimalpunktschreibweise+zur%C3%BCck.+Es+
  wird+nur+diese+Zeichenkette+von+der+Methode+zur%C3%BCckgegeben%2C+keine+anderen+Zeichen+oder+Ausga
  ben.%0A%0A%23%23%23%23+%60int+compareTo%28IP+o%29%60%0A%0ADiese+Methode+aus+der+Schnittstelle+%60C
  omparable%60+erlegt+jedem+Objekt+der+Klasse+eine+nat%C3%BCrliche+Gesamtordnung+auf.+IPv4-Adressen+
  werden+in+aufsteigender+Reihenfolge+nach+ihrem+32-Bit-Wert+geordnet.+Folglich+stehen+die+Adressen+
  mit+dem+niedrigsten+Bit-Wert+%28%600.0.0.0%60%29+in+der+Gesamtordnung+vor+der+Adresse+mit+dem+h%C3
  %B6chsten+Bit-Wert+%28%60255.255.255.255%60%29.+Dazu+vergleicht+diese+Methode+ihr+Objekt+mit+dem+a
  ngegebenen+Objekt.+Beachten+Sie+hierzu+die+Dokumentation+der+Schnittstelle+%60Comparable%60+aus+de
  r+Java-API+%28%3Chttps%3A%2F%2Fdocs.oracle.com%2Fen%2Fjava%2Fjavase%2F11%2Fdocs%2Fapi%2Fjava.base%
  2Fjava%2Flang%2FComparable.html%3E%29.+Au%C3%9Ferdem+wird+noch+gefordert%2C+dass+diese+nat%C3%BCrl
  iche+Gesamtordnung+ebenso+kompatibel+mit+der+Methode+%60equals%60+der+Klasse+ist.&project=Programm
  ingWT2122-Final1&role=requirements&task=Understand+the+wt2122final01+and+create+its+backlog+when+p
  rompted.&timestamp=2026-07-27T07%3A12%3A50.070Z&domain=wt2122final01

● Injected adaptive memory context into system prompt

● <adaptive_rules>
  - The natural total ordering of the IP class (compareTo) must be compatible with equals.
  - Two different object instances representing the same IP address must be considered identical.
  - In the bracket notation (toString(IP)) IP addresses for each level must be sorted ascending by
  their 32-bit value.
  - Evaluation of other tests depends on passing the mandatory tests first.
  - All explicitly required classes, constructors and methods must be public.
  - Once an IP object is successfully instantiated the associated address must not be changed
  (address immutability).
  - Leading zeros within blocks of an IPv4 address are not allowed.
  - All other Checkstyle rules must be adhered to.
  - All rules for variable, method, and package naming specified by the assignment must be followed.
  - All whitespace rules specified by the assignment and Checkstyle must be followed.
  - Appropriate visibility modifiers must be chosen for classes, methods and attributes.
  - Calls to System.exit() and Runtime.exit() must not be used in the submission.
  - Do not include personal data in the submission besides your u-Kürzel.
  - JavaDoc documentation rules specified by the assignment must be followed.
  - No other classes with the identifiers Network, IP, or ParseException may be present in the
  submission.
  - Submission for Abschlussaufgabe 1 is automatically graded zero points if any of the mandatory
  rules are violated.
  - Submissions may only use Java library elements from the packages java.lang, java.io, java.util,
  java.util.regex, java.util.function and java.util.stream.
  - The assignment contains no interactive command-line interface; submissions must not perform
  input/output or include a main method.
  - The default (unnamed) package must not be used.
  - When IPs are passed as arguments they must be compared by content equality, not by object
  reference.
  - Students may extend the required classes by adding further classes, attributes, methods and
  documentation.
  - The three classes must provide the required constructors and method signatures and implement the
   specified Java API interfaces.
  - The three provided Java classes Network, IP and ParseException must be implemented.
  - The three required classes may be moved into any sensible packages.
  - When adding or changing a connection the implementation must ensure no assignment requirement is
   violated (e.g., tree topologies must not contain closed paths).
  - Inner lists returned by getLevels(IP) must have addresses sorted ascending by their natural
  total ordering.
  - Network(IP root, List<IP> children) constructor must copy the list elements for internal storage
   (defensive copy).
  - Follow the modelling guidance on the ILIAS-Wiki; submissions are evaluated for both
  object-oriented modelling and functionality.
  - All elements inside a Network instance must always satisfy the formal requirements (in
  particular: tree topologies must have no closed paths).
  - Source code must not exceed a maximum line width of 120 characters.
  - Program code must be written in English.
  - Code comments should be in English or German and be consistently written in a single language.
  - list(), getLevels(IP) and getRoute(IP, IP) must return lists that do not cause side-effects on
  the instance (defensive copies).
  - A null (non-instantiated) IP argument must always be treated as an invalid and non-existent IP
  address.
  - add(Network subnet) must not produce side-effects between the two object instances; later
  changes to one must not affect the other.
  - The JavaDoc @author tag must contain only the student's u-Kürzel.
  - Two Network instances are equal if they store the same tree topologies; two tree topologies are
  equal if their underlying labeled graphs are structurally equal; equals must be implemented
  accordingly.
  - The online submission system enforces Checkstyle automatically; specifically marked rules cause
  a zero-point automatic grading, other violations may cause point deductions.
  - Submissions must consist of individual *.java files placed in the src directory with an
  appropriate folder structure.
  - Exceptions in the three required classes may only be thrown in the explicitly defined cases.
  - The list() return value must be sorted ascending by the natural total ordering.
  - Submitted program code must compile without compilation errors.
  - A Network instance must always internally contain at least one valid tree topology with at least
   one connection between two network nodes.
  - Network must allow storing multiple independent tree topologies.
  - In error cases methods must return false, 0, or an empty list as specified by the assignment.
  </adaptive_rules>

  <memories>
    - The document task.md describes 'Abschlussaufgabe 1 — Ausbreitungsanalyse in Rechnernetzen'.
    - The assignment requires implementing the three provided Java classes Network, IP, and
  ParseException.
    - The assignment (task.md) is for the course 'Programmieren' in Wintersemester 2021/22.
    - The assignment is worth 20 points (Punkte).
    - The document task.md is the assignment document for the course Programmieren.
    - The assignment document is Version 1.2.
    - The assignment uses Java as the implementation language (Java classes are specified).
  </memories>
  <entity_paths>
    - Abschlussaufgabe 1 — Ausbreitungsanalyse in Rechnernetzen CONSTRAINT No interactive user
  interaction required: The assignment explicitly does not require implementing interactive user
  interaction.
    - Abschlussaufgabe 1 — Ausbreitungsanalyse in Rechnernetzen DEPENDS_ON Network: The assignment
  requires implementing the three provided Java classes Network, IP, and ParseException.
    - Abschlussaufgabe 1 — Ausbreitungsanalyse in Rechnernetzen DEPENDS_ON IP: The assignment
  requires implementing the three provided Java classes Network, IP, and ParseException.
    - Abschlussaufgabe 1 — Ausbreitungsanalyse in Rechnernetzen DEPENDS_ON ParseException: The
  assignment requires implementing the three provided Java classes Network, IP, and ParseException.
    - Abschlussaufgabe 1 — Ausbreitungsanalyse in Rechnernetzen RELATES_TO Iterative connected-host
  enumeration / compromised-hosts list: The analysis must iteratively determine every connected host
   from a defined start point to list possibly compromised machines.
    - task.md CONSTRAINT Iterative connected-host discovery from a start point: The document
  requires methods that compute possibly compromised hosts by iteratively discovering connected
  hosts starting from a defined start point.
    - task.md RELATES_TO Institute of Information Security and Dependability: The document task.md
  associates the assignment with the Institute of Information Security and Dependability group.; The
   assignment is associated with the Institute of Information Security and Dependability group.
    - task.md RELATES_TO Programmieren: The document task.md is the assignment document for the
  course Programmieren.
    - task.md RELATES_TO Dr. rer. nat. Robert Heinrich: The document task.md lists Dr. rer. nat.
  Robert Heinrich as the instructor.; Dr. rer. nat. Robert Heinrich is listed as the Dozent for the
  assignment.
    - task.md RELATES_TO 20 Punkte: The document task.md states the assignment is worth 20 points.;
  The assignment is worth 20 points (Punkte).
    - task.md RELATES_TO Version 1.2: The document task.md is version 1.2.; The assignment document
  is Version 1.2.
    - task.md RELATES_TO Abschlussaufgabe 1 — Ausbreitungsanalyse in Rechnernetzen: The document
  task.md describes 'Abschlussaufgabe 1 — Ausbreitungsanalyse in Rechnernetzen'.
    - task.md RELATES_TO Programmieren (Wintersemester 2021/22): The assignment (task.md) is for the
   course 'Programmieren' in Wintersemester 2021/22.
    - task.md USES Java: The assignment uses Java as the implementation language (Java classes are
  specified).
    - Abschlussaufgabe 1 — Ausbreitungsanalyse in Rechnernetzen DEPENDS_ON Network: The assignment
  requires implementing the three provided Java classes Network, IP, and ParseException.
    - Network DEPENDS_ON IP: The assignment requires implementing the three provided Java classes
  Network, IP, and ParseException.
    - Abschlussaufgabe 1 — Ausbreitungsanalyse in Rechnernetzen DEPENDS_ON Network: The assignment
  requires implementing the three provided Java classes Network, IP, and ParseException.
    - Network DEPENDS_ON ParseException: The assignment requires implementing the three provided
  Java classes Network, IP, and ParseException.
    - Abschlussaufgabe 1 — Ausbreitungsanalyse in Rechnernetzen DEPENDS_ON IP: The assignment
  requires implementing the three provided Java classes Network, IP, and ParseException.
    - IP DEPENDS_ON ParseException: The assignment requires implementing the three provided Java
  classes Network, IP, and ParseException.
    - task.md RELATES_TO Abschlussaufgabe 1 — Ausbreitungsanalyse in Rechnernetzen: The document
  task.md describes 'Abschlussaufgabe 1 — Ausbreitungsanalyse in Rechnernetzen'.
    - Abschlussaufgabe 1 — Ausbreitungsanalyse in Rechnernetzen CONSTRAINT No interactive user
  interaction required: The assignment explicitly does not require implementing interactive user
  interaction.
    - task.md RELATES_TO Abschlussaufgabe 1 — Ausbreitungsanalyse in Rechnernetzen: The document
  task.md describes 'Abschlussaufgabe 1 — Ausbreitungsanalyse in Rechnernetzen'.
    - Abschlussaufgabe 1 — Ausbreitungsanalyse in Rechnernetzen DEPENDS_ON Network: The assignment
  requires implementing the three provided Java classes Network, IP, and ParseException.
    - task.md RELATES_TO Abschlussaufgabe 1 — Ausbreitungsanalyse in Rechnernetzen: The document
  task.md describes 'Abschlussaufgabe 1 — Ausbreitungsanalyse in Rechnernetzen'.
    - Abschlussaufgabe 1 — Ausbreitungsanalyse in Rechnernetzen DEPENDS_ON IP: The assignment
  requires implementing the three provided Java classes Network, IP, and ParseException.
  </entity_paths>
  <entity_matches>
    - Abschlussaufgabe 1 — Ausbreitungsanalyse in Rechnernetzen (score: 0.76) — Assignment to
  analyze attacker propagation in computer networks.
    - task.md (score: 0.73) — Assignment document for the course exercise.
    - 20 Punkte (score: 0.70) — Point value assigned to the exercise.
    - Institute of Information Security and Dependability (score: 0.67) — Organization/group
  responsible for the assignment.
    - Programmieren (score: 0.66) — Course name for which the assignment is given.
  </entity_matches>

● adaptive-memory extension active (role=requirements, memorySession=20260727-090747-req) - type
  /memory-help. MCP tools registered (memory=true, backlog=true).







Changes    +0 -0
Duration   2m 16s
Tokens     ↑ 28.9k (1.3k cached) • ↓ 577 (350 reasoning)
[delivery:requirements] Turn 8/12 complete
[delivery:requirements] Turn 9/12: task.md — segment 8/10 — Abschlussaufgabe 1 — Ausbreitungsanalyse in Rechnernetzen > 4 Vorgegebene Klassen > 4.3 `class Network`
● [adaptive-context] GET
  http://localhost:4444/api/agents/7af7809a-adce-4fa9-9609-fd61059de0ff/sessions/20260727-090747-req
  /context?input=Dokument%3A+task.md%0ASegment%3A+8%2F10%0AAbschnitt%3A+Abschlussaufgabe+1+%E2%80%94
  +Ausbreitungsanalyse+in+Rechnernetzen+%3E+4+Vorgegebene+Klassen+%3E+4.3+%60class+Network%60%0A%0AL
  ies+diesen+Abschnitt+sorgf%C3%A4ltig+und+behalte+den+Kontext.+Erstelle+noch+keinen+Backlog+und+noc
  h+keine+Tasks.+Warte+damit+bis+zum+abschlie%C3%9Fenden+%2Ffinalize.%0A%0A%23%23%23+4.3+%60class+Ne
  twork%60%0A%0ADie+Klasse+ist+das+Kernelement+dieser+Aufgabe+und+enth%C3%A4lt+die+wichtigsten+Metho
  den+f%C3%BCr+die+Angriffsausbreitungsanalyse.+Neben+dem+Anlegen%2C+Hinzuf%C3%BCgen+und+%C3%84ndern
  +von+Baumtopologien+bietet+sie+auch+weitere+Methoden+zum+Abrufen+von+Informationen+%C3%BCber+diese
  +Baumtopologien.+%C3%9Cberlegen+Sie+sich+unter+anderem%2C+wie+die+%C3%BCbergebenen+Baumtopologien+
  in+den+Objektinstanzen+gespeichert+werden+sollen.%0A%0AAlle+Elemente+innerhalb+einer+Objektinstanz
  +der+Klasse+m%C3%BCssen+immer+den+formalen+Anforderungen+entsprechen%2C+wie+etwa%2C+dass+Baumtopol
  ogien+keine+geschlossenen+Wege+enthalten+d%C3%BCrfen.+Achten+Sie+daher+beim+Anlegen+oder+Hinzuf%C3
  %BCgen+von+Baumtopologien+und+beim+Entfernen+oder+Hinzuf%C3%BCgen+von+Verbindungen+besonders+darau
  f%2C+dass+keine+Anforderungen+an+Baumtopologien+verletzt+werden.%0A%0AIntern+muss+immer+mindestens
  +eine+g%C3%BCltige+Baumtopologie+vorhanden+sein.+Das+hei%C3%9Ft%2C+es+muss+mindestens+eine+g%C3%BC
  ltige+Verbindung+mit+zwei+Netzknoten+vorhanden+sein.+Die+Klasse+%60Network%60+muss+es+auch+erlaube
  n%2C+mehrere+unabh%C3%A4ngige+Baumtopologien+zu+speichern.+Das+hei%C3%9Ft%2C+es+kann+mehrere+g%C3%
  BCltige+Baumtopologien+geben%2C+die+nicht+unbedingt+miteinander+verbunden+sein+m%C3%BCssen.+Es+k%C
  3%B6nnen+jedoch+Verbindungen+oder+ganze+Baumtopologien+hinzugef%C3%BCgt+werden%2C+die+diese+mitein
  ander+verbinden.%0A%0AWenn+IP-Adressen+als+Argument+%C3%BCbergeben+werden%2C+werden+sie+auf+der+Gr
  undlage+ihrer+inhaltlichen+Gleichheit+und+nicht+auf+der+Grundlage+ihrer+Objektreferenz+verglichen.
  +Das+bedeutet%2C+dass+zwei+verschiedene+Objektinstanzen%2C+welche+die+gleiche+IP-Adresse+repr%C3%A
  4sentieren%2C+als+identisch+betrachtet+werden.+Behandeln+Sie+ein+nicht+instanziiertes+IP-Adressen-
  Argument+%28%60null%60%29+immer+als+eine+ung%C3%BCltige+und+nicht+existierende+IP-Adresse.%0A%0AZw
  ei+Instanzen+der+Klasse+%60Network%60+sind+dann+gleich%2C+wenn+sie+die+gleichen+Baumtopologien+spe
  ichern.+Zwei+Baumtopologien+sind+gleich%2C+wenn+die+ihnen+zugrunde+liegenden+etikettierten+Graphen
  +strukturell+gleich+sind.+Setzen+Sie+hierf%C3%BCr+die+Methode+%60equals%60+in+der+Klasse+entsprech
  end+um.%0A%0A%60%60%60java%0Aimport+java.util.List%3B%0A%0Apublic+class+Network+%7B%0A++++public+N
  etwork%28final+IP+root%2C+final+List%3CIP%3E+children%29+%7B+%7D%0A%0A++++public+Network%28final+S
  tring+bracketNotation%29+throws+ParseException+%7B+%7D%0A%0A++++public+boolean+add%28final+Network
  +subnet%29+%7B+return+false%3B+%7D%0A%0A++++public+List%3CIP%3E+list%28%29+%7B+return+null%3B+%7D%
  0A%0A++++public+boolean+connect%28final+IP+ip1%2C+final+IP+ip2%29+%7B+return+false%3B+%7D%0A%0A+++
  +public+boolean+disconnect%28final+IP+ip1%2C+final+IP+ip2%29+%7B+return+false%3B+%7D%0A%0A++++publ
  ic+boolean+contains%28final+IP+ip%29+%7B+return+false%3B+%7D%0A%0A++++public+int+getHeight%28final
  +IP+root%29+%7B+return+0%3B+%7D%0A%0A++++public+List%3CList%3CIP%3E%3E+getLevels%28final+IP+root%2
  9+%7B+return+null%3B+%7D%0A%0A++++public+List%3CIP%3E+getRoute%28final+IP+start%2C+final+IP+end%29
  +%7B+return+null%3B+%7D%0A%0A++++public+String+toString%28IP+root%29+%7B+return+null%3B+%7D%0A%7D%
  0A%60%60%60%0A%0A%23%23%23%23+%60Network%28final+IP+root%2C+final+List%3CIP%3E+children%29%60%0A%0
  ADieser+Konstruktor+erzeugt+eine+neue+Objektinstanz+und+f%C3%BCgt+die+%C3%BCbergebene+nichtleere+u
  nd+g%C3%BCltige+Baumtopologie+der+Objektinstanz+hinzu.+Dabei+hat+die+Baumtopologie+die+H%C3%B6he+1
  +mit+dem+Argument+%60root%60+als+Wurzel+und+den+Netzknoten+%28mindestens+einer%29+in+der+Liste+%60
  children%60+als+direkt+verbundene+Netzknoten.+Achten+Sie+darauf%2C+die+Elemente+aus+dieser+Liste+f
  %C3%BCr+die+interne+Speicherung+zu+kopieren%2C+da+die+Liste+unver%C3%A4nderlich+sein+k%C3%B6nnte+o
  der+vom+Aufrufer+nachtr%C3%A4glich+ge%C3%A4ndert+werden+k%C3%B6nnte.%0A%0AWenn+die+Argumente+keine
  +g%C3%BCltige+Baumtopologie+beschreiben+oder+wenn+eines+der+Argumente+nicht+instanziiert+ist+oder+
  nicht+instanziierte+Elemente+enth%C3%A4lt%2C+wird+eine+angemessene+%60RuntimeException%60+geworfen
  .%0A%0A%23%23%23%23+%60Network%28final+String+bracketNotation%29+throws+ParseException%60%0A%0ADie
  ser+Konstruktor+erzeugt+eine+neue+Objektinstanz+und+f%C3%BCgt+ihr+die+%C3%BCbergebene+nichtleere+u
  nd+g%C3%BCltige+Baumtopologie+hinzu.+Die+Baumtopologie+wird+dabei+als+Zeichenkette+in+der+Klammers
  chreibweise+angegeben+und+muss+dem+zuvor+angegebenen+Format+der+Klammerschreibweise+entsprechen.+I
  st+dies+nicht+m%C3%B6glich+oder+wird+das+Format+verletzt%2C+wird+im+Konstruktor+eine+%60ParseExcep
  tion%60+geworfen.%0A%0A%23%23%23%23+%60boolean+add%28final+Network+subnet%29%60%0A%0ADiese+Methode
  +kopiert+die+Baumtopologien+der+%C3%BCbergebenen+Objektinstanz+in+ihre+eigene+Instanz.+Wenn+Verbin
  dungen+oder+Netzknoten+aus+den+beiden+Instanzen+aufgrund+ihrer+IP-Adressen+gleich+sind%2C+werden+s
  ie+zusammengef%C3%BChrt.+Wenn+die+Baumtopologien+erfolgreich+kopiert+werden+konnten+und+sich+somit
  +die+eigene+Instanz+intern+ge%C3%A4ndert+hat%2C+wird+%60true%60+zur%C3%BCckgegeben%2C+ansonsten+wi
  rd+immer+%60false%60+zur%C3%BCckgegeben.%0A%0AAchten+Sie+dabei+darauf%2C+dass+es+keine+Seiteneffek
  te+zwischen+diesen+beiden+Objektinstanzen+gibt%2C+sodass+beispielsweise+eine+sp%C3%A4tere+%C3%84nd
  erung+an+einer+der+Instanzen+die+andere+nicht+beeinflusst.%0A%0A%23%23%23%23+%60List%3CIP%3E+list%
  28%29%60%0A%0ADiese+Methode+gibt+die+IP-Adressen+aller+derzeit+in+der+Objektinstanz+vorhandenen+Ne
  tzknoten+in+einer+neuen+und+unabh%C3%A4ngigen+Liste+zur%C3%BCck.+Die+Adressen+in+dieser+Liste+sind
  +nach+ihrer+nat%C3%BCrlichen+Gesamtordnung+aufsteigend+sortiert.+Achten+Sie+darauf%2C+dass+diese+z
  ur%C3%BCckgegebene+Liste+keine+Seiteneffekte+auf+die+Instanz+hat.%0A%0A%23%23%23%23+%60boolean+con
  nect%28final+IP+ip1%2C+final+IP+ip2%29%60%0A%0ADiese+Methode+f%C3%BCgt+eine+neue+Verbindung+zwisch
  en+zwei+bestehenden+Netzknoten+hinzu.+Diese+werden+durch+die+beiden+Argumente+f%C3%BCr+ihre+jeweil
  igen+IP-Adressen+bestimmt.+Konnte+eine+neue+Verbindung+erfolgreich+hinzugef%C3%BCgt+werden%2C+wird
  +%60true%60+zur%C3%BCckgegeben%2C+ansonsten+wird+immer+%60false%60+zur%C3%BCckgegeben.%0A%0A%23%23
  %23%23+%60boolean+disconnect%28final+IP+ip1%2C+final+IP+ip2%29%60%0A%0ADiese+Methode+entfernt+eine
  +bestehende+Verbindung+zwischen+zwei+Netzknoten.+Diese+beiden+Netzknoten+werden+anhand+der+%C3%BCb
  ergebenen+IP-Adressen+bestimmt.+Wenn+ein+Netzknoten+dann+den+Grad+0+hat%2C+wird+er+aus+der+Objekti
  nstanz+entfernt%2C+damit+seine+IP-Adresse+neu+vergeben+werden+kann.+Wenn+es+nur+noch+eine+Verbindu
  ng+gibt%2C+darf+diese+nicht+entfernt+werden%2C+da+es+sonst+keine+weiteren+Netzknoten+mehr+g%C3%A4b
  e.+Konnte+eine+Verbindung+erfolgreich+entfernt+werden%2C+wird+%60true%60+zur%C3%BCckgegeben%2C+ans
  onsten+wird+immer+%60false%60+zur%C3%BCckgegeben.%0A%0A%23%23%23%23+%60boolean+contains%28final+IP
  +ip%29%60%0A%0ADiese+Methode+gibt+%60true%60+zur%C3%BCck%2C+wenn+die+Objektinstanz+einen+Netzknote
  n+mit+der+angegebenen+IP-Adresse+enth%C3%A4lt.+Andernfalls+wird+immer+%60false%60+zur%C3%BCckgegeb
  en.%0A%0A%23%23%23%23+%60int+getHeight%28final+IP+root%29%60%0A%0ADiese+Methode+gibt+die+ganzzahli
  ge+H%C3%B6he+einer+Baumtopologie+aus.+Diese+Baumtopologie+wird+an+dem+durch+das+Argument+bestimmte
  n+vorhandenen+Netzknoten+aufgegriffen%2C+sodass+dieser+als+oberster+Netzknoten+betrachtet+wird.+We
  nn+die+angegebene+IP-Adresse+nicht+intern+vergeben+ist%2C+wird+immer+0+zur%C3%BCckgegeben.%0A%0A%2
  3%23%23%23+%60List%3CList%3CIP%3E%3E+getLevels%28final+IP+root%29%60%0A%0ADiese+Methode+gibt+die+E
  benenstruktur+einer+Baumtopologie+in+Listenform+aus.+Die+Adressen+der+Netzknoten+einer+Ebene+werde
  n+in+eine+sortierte+Liste+eingef%C3%BCgt.+Die+gesamte+zur%C3%BCckgegebene+Ebenenstruktur+ist+wiede
  rum+eine+aufsteigend+sortierte+Liste+dieser+Listen+der+einzelnen+Ebenen.+Diese+Baumtopologie+wird+
  an+dem+durch+das+Argument+bestimmten+vorhandenen+Netzknoten+aufgegriffen%2C+sodass+dieser+als+ihr+
  oberster+Netzknoten+gilt.+Diesem+gegebenen+Netzknoten+wird+die+erste+Ebene+zugewiesen+und+seine+IP
  -Adresse+als+einziges+Element+der+ersten+inneren+Liste+eingef%C3%BCgt.+Die+IP-Adressen+der+nachfol
  genden+Ebene+werden+dann+in+die+nachfolgende+Liste+eingef%C3%BCgt.+Die+Adressen+in+den+inneren+Lis
  ten+f%C3%BCr+die+Ebenen+werden+in+aufsteigender+Reihenfolge+nach+ihrer+nat%C3%BCrlichen+Gesamtordn
  ung+sortiert.%0A%0AWenn+kein+Netzknoten+mit+der+angegeben+IP-Adresse+vorhanden+ist%2C+wird+nur+ein
  e+instanziierte+leere+Liste+zur%C3%BCckgegeben.+Achten+Sie+darauf%2C+dass+alle+zur%C3%BCckgegebene
  n+Listen+keine+Seiteneffekte+auf+die+Instanz+haben.%0A%0A%23%23%23%23+%60List%3CIP%3E+getRoute%28f
  inal+IP+start%2C+final+IP+end%29%60%0A%0ADiese+Methode+gibt+in+einer+Liste+die+einzelnen+IP-Adress
  en+der+Netzknoten+des+k%C3%BCrzesten+Weges+zwischen+den+durch+das+jeweilige+Argument+bestimmten+St
  art-+und+Endknoten+zur%C3%BCck.+Die+IP-Adresse+des+Startknotens+ist+das+erste+Element+in+dieser+Li
  ste+und+die+IP-Adresse+des+Endknotens+das+letzte+Element.+Die+aufeinanderfolgenden+Netzknoten+in+d
  er+Liste+m%C3%BCssen+immer+durch+eine+Verbindung+in+der+Baumtopologie+verbunden+sein.+Existiert+ei
  ner+der+beiden+angegebenen+Netzknoten+nicht+oder+besteht+kein+Weg+zwischen+den+beiden%2C+wird+nur+
  eine+instanziierte+leere+Liste+zur%C3%BCckgegeben.+Es+ist+darauf+zu+achten%2C+dass+die+zur%C3%BCck
  gegebene+Liste+keine+Nebeneffekte+auf+die+Instanz+hat.%0A%0A%23%23%23%23+%60String+toString%28IP+r
  oot%29%60%0A%0ADiese+Methode+gibt+die+Klammerschreibweise+als+Zeichenkette+f%C3%BCr+eine+Baumtopol
  ogie+zur%C3%BCck.+An+dieser+Stelle+m%C3%BCssen+innerhalb+dieser+Klammerschreibweise+die+IP-Adresse
  n+f%C3%BCr+jede+Ebene+aufsteigend+nach+ihrem+32-Bit-Wert+sortiert+sein.+Folglich+werden+die+IP-Adr
  essen+mit+dem+niedrigsten+Bit-Wert+in+einer+Ebene+von+links+nach+rechts+zuerst+aufgelistet.+Diese+
  Baumtopologie+wird+an+dem+durch+das+Argument+angegebenen+bestehenden+Netzknoten+aufgegriffen%2C+so
  dass+dieser+als+dessen+oberster+Netzknoten+gilt.+Wenn+die+angegebene+Adresse+nicht+innerhalb+der+I
  nstanz+zugewiesen+ist%2C+wird+nur+eine+instanziierte+leere+Zeichenkette+zur%C3%BCckgegeben.&projec
  t=ProgrammingWT2122-Final1&role=requirements&task=Understand+the+wt2122final01+and+create+its+back
  log+when+prompted.&timestamp=2026-07-27T07%3A13%3A06.910Z&domain=wt2122final01

● Injected adaptive memory context into system prompt

● <adaptive_rules>
  - A null (non-instantiated) IP argument must always be treated as an invalid and non-existent IP
  address.
  - Two different object instances representing the same IP address must be considered identical.
  - In the bracket notation (toString(IP)) IP addresses for each level must be sorted ascending by
  their 32-bit value.
  - Network(IP root, List<IP> children) constructor must copy the list elements for internal storage
   (defensive copy).
  - All elements inside a Network instance must always satisfy the formal requirements (in
  particular: tree topologies must have no closed paths).
  - list(), getLevels(IP) and getRoute(IP, IP) must return lists that do not cause side-effects on
  the instance (defensive copies).
  - When IPs are passed as arguments they must be compared by content equality, not by object
  reference.
  - Two Network instances are equal if they store the same tree topologies; two tree topologies are
  equal if their underlying labeled graphs are structurally equal; equals must be implemented
  accordingly.
  - Exceptions in the three required classes may only be thrown in the explicitly defined cases.
  - When adding or changing a connection the implementation must ensure no assignment requirement is
   violated (e.g., tree topologies must not contain closed paths).
  - A Network instance must always internally contain at least one valid tree topology with at least
   one connection between two network nodes.
  - Network must allow storing multiple independent tree topologies.
  - Leading zeros within blocks of an IPv4 address are not allowed.
  - The list() return value must be sorted ascending by the natural total ordering.
  - Evaluation of other tests depends on passing the mandatory tests first.
  - The natural total ordering of the IP class (compareTo) must be compatible with equals.
  - add(Network subnet) must not produce side-effects between the two object instances; later
  changes to one must not affect the other.
  - Students may extend the required classes by adding further classes, attributes, methods and
  documentation.
  - The three classes must provide the required constructors and method signatures and implement the
   specified Java API interfaces.
  - The three provided Java classes Network, IP and ParseException must be implemented.
  - The three required classes may be moved into any sensible packages.
  - All other Checkstyle rules must be adhered to.
  - All rules for variable, method, and package naming specified by the assignment must be followed.
  - All whitespace rules specified by the assignment and Checkstyle must be followed.
  - Appropriate visibility modifiers must be chosen for classes, methods and attributes.
  - Calls to System.exit() and Runtime.exit() must not be used in the submission.
  - Do not include personal data in the submission besides your u-Kürzel.
  - JavaDoc documentation rules specified by the assignment must be followed.
  - No other classes with the identifiers Network, IP, or ParseException may be present in the
  submission.
  - Submission for Abschlussaufgabe 1 is automatically graded zero points if any of the mandatory
  rules are violated.
  - Submissions may only use Java library elements from the packages java.lang, java.io, java.util,
  java.util.regex, java.util.function and java.util.stream.
  - The assignment contains no interactive command-line interface; submissions must not perform
  input/output or include a main method.
  - The default (unnamed) package must not be used.
  - Once an IP object is successfully instantiated the associated address must not be changed
  (address immutability).
  - Follow the modelling guidance on the ILIAS-Wiki; submissions are evaluated for both
  object-oriented modelling and functionality.
  - Inner lists returned by getLevels(IP) must have addresses sorted ascending by their natural
  total ordering.
  - All explicitly required classes, constructors and methods must be public.
  - Source code must not exceed a maximum line width of 120 characters.
  - Program code must be written in English.
  - Code comments should be in English or German and be consistently written in a single language.
  - The JavaDoc @author tag must contain only the student's u-Kürzel.
  - In error cases methods must return false, 0, or an empty list as specified by the assignment.
  - Submitted program code must compile without compilation errors.
  - The online submission system enforces Checkstyle automatically; specifically marked rules cause
  a zero-point automatic grading, other violations may cause point deductions.
  - Submissions must consist of individual *.java files placed in the src directory with an
  appropriate folder structure.
  </adaptive_rules>

  <memories>
    - The document task.md describes 'Abschlussaufgabe 1 — Ausbreitungsanalyse in Rechnernetzen'.
    - The assignment requires implementing the three provided Java classes Network, IP, and
  ParseException.
    - The assignment (task.md) is for the course 'Programmieren' in Wintersemester 2021/22.
    - The document task.md is the assignment document for the course Programmieren.
    - The assignment document is Version 1.2.
    - The assignment uses Java as the implementation language (Java classes are specified).
  </memories>
  <entity_paths>
    - Abschlussaufgabe 1 — Ausbreitungsanalyse in Rechnernetzen CONSTRAINT No interactive user
  interaction required: The assignment explicitly does not require implementing interactive user
  interaction.
    - Abschlussaufgabe 1 — Ausbreitungsanalyse in Rechnernetzen DEPENDS_ON Network: The assignment
  requires implementing the three provided Java classes Network, IP, and ParseException.
    - Abschlussaufgabe 1 — Ausbreitungsanalyse in Rechnernetzen DEPENDS_ON IP: The assignment
  requires implementing the three provided Java classes Network, IP, and ParseException.
    - Abschlussaufgabe 1 — Ausbreitungsanalyse in Rechnernetzen DEPENDS_ON ParseException: The
  assignment requires implementing the three provided Java classes Network, IP, and ParseException.
    - Abschlussaufgabe 1 — Ausbreitungsanalyse in Rechnernetzen RELATES_TO Iterative connected-host
  enumeration / compromised-hosts list: The analysis must iteratively determine every connected host
   from a defined start point to list possibly compromised machines.
    - task.md CONSTRAINT Iterative connected-host discovery from a start point: The document
  requires methods that compute possibly compromised hosts by iteratively discovering connected
  hosts starting from a defined start point.
    - task.md RELATES_TO Institute of Information Security and Dependability: The document task.md
  associates the assignment with the Institute of Information Security and Dependability group.; The
   assignment is associated with the Institute of Information Security and Dependability group.
    - task.md RELATES_TO Programmieren: The document task.md is the assignment document for the
  course Programmieren.
    - task.md RELATES_TO Dr. rer. nat. Robert Heinrich: The document task.md lists Dr. rer. nat.
  Robert Heinrich as the instructor.; Dr. rer. nat. Robert Heinrich is listed as the Dozent for the
  assignment.
    - task.md RELATES_TO 20 Punkte: The document task.md states the assignment is worth 20 points.;
  The assignment is worth 20 points (Punkte).
    - task.md RELATES_TO Version 1.2: The document task.md is version 1.2.; The assignment document
  is Version 1.2.
    - task.md RELATES_TO Abschlussaufgabe 1 — Ausbreitungsanalyse in Rechnernetzen: The document
  task.md describes 'Abschlussaufgabe 1 — Ausbreitungsanalyse in Rechnernetzen'.
    - task.md RELATES_TO Programmieren (Wintersemester 2021/22): The assignment (task.md) is for the
   course 'Programmieren' in Wintersemester 2021/22.
    - task.md USES Java: The assignment uses Java as the implementation language (Java classes are
  specified).
    - Abschlussaufgabe 1 — Ausbreitungsanalyse in Rechnernetzen DEPENDS_ON Network: The assignment
  requires implementing the three provided Java classes Network, IP, and ParseException.
    - Network DEPENDS_ON IP: The assignment requires implementing the three provided Java classes
  Network, IP, and ParseException.
    - Abschlussaufgabe 1 — Ausbreitungsanalyse in Rechnernetzen DEPENDS_ON Network: The assignment
  requires implementing the three provided Java classes Network, IP, and ParseException.
    - Network DEPENDS_ON ParseException: The assignment requires implementing the three provided
  Java classes Network, IP, and ParseException.
    - Abschlussaufgabe 1 — Ausbreitungsanalyse in Rechnernetzen DEPENDS_ON IP: The assignment
  requires implementing the three provided Java classes Network, IP, and ParseException.
    - IP DEPENDS_ON ParseException: The assignment requires implementing the three provided Java
  classes Network, IP, and ParseException.
    - task.md RELATES_TO Abschlussaufgabe 1 — Ausbreitungsanalyse in Rechnernetzen: The document
  task.md describes 'Abschlussaufgabe 1 — Ausbreitungsanalyse in Rechnernetzen'.
    - Abschlussaufgabe 1 — Ausbreitungsanalyse in Rechnernetzen CONSTRAINT No interactive user
  interaction required: The assignment explicitly does not require implementing interactive user
  interaction.
    - task.md RELATES_TO Abschlussaufgabe 1 — Ausbreitungsanalyse in Rechnernetzen: The document
  task.md describes 'Abschlussaufgabe 1 — Ausbreitungsanalyse in Rechnernetzen'.
    - Abschlussaufgabe 1 — Ausbreitungsanalyse in Rechnernetzen DEPENDS_ON Network: The assignment
  requires implementing the three provided Java classes Network, IP, and ParseException.
    - task.md RELATES_TO Abschlussaufgabe 1 — Ausbreitungsanalyse in Rechnernetzen: The document
  task.md describes 'Abschlussaufgabe 1 — Ausbreitungsanalyse in Rechnernetzen'.
    - Abschlussaufgabe 1 — Ausbreitungsanalyse in Rechnernetzen DEPENDS_ON IP: The assignment
  requires implementing the three provided Java classes Network, IP, and ParseException.
  </entity_paths>
  <entity_matches>
    - Abschlussaufgabe 1 — Ausbreitungsanalyse in Rechnernetzen (score: 0.74) — Assignment to
  analyze attacker propagation in computer networks.
    - task.md (score: 0.68) — Assignment document for the course exercise.
    - Institute of Information Security and Dependability (score: 0.67) — Organization/group
  responsible for the assignment.
    - Java (score: 0.66) — Programming language required for the specified classes.
    - 20 Punkte (score: 0.66) — Point value assigned to the exercise.
  </entity_matches>

● adaptive-memory extension active (role=requirements, memorySession=20260727-090747-req) - type
  /memory-help. MCP tools registered (memory=true, backlog=true).







Changes    +0 -0
Duration   2m 40s
Tokens     ↑ 31.5k (1.3k cached) • ↓ 990 (472 reasoning)
[delivery:requirements] Turn 9/12 complete
[delivery:requirements] Turn 10/12: task.md — segment 9/10 — Abschlussaufgabe 1 — Ausbreitungsanalyse in Rechnernetzen > 5 Beispielinteraktion
● [adaptive-context] GET http://localhost:4444/api/agents/7af7809a-adce-4fa9-9609-fd61059de0ff/sessi
  ons/20260727-090747-req/context?input=Dokument%3A+task.md%0ASegment%3A+9%2F10%0AAbschnitt%3A+Absch
  lussaufgabe+1+%E2%80%94+Ausbreitungsanalyse+in+Rechnernetzen+%3E+5+Beispielinteraktion%0A%0ALies+d
  iesen+Abschnitt+sorgf%C3%A4ltig+und+behalte+den+Kontext.+Erstelle+noch+keinen+Backlog+und+noch+kei
  ne+Tasks.+Warte+damit+bis+zum+abschlie%C3%9Fenden+%2Ffinalize.%0A%0A%23%23+5+Beispielinteraktion%0
  A%0ABeachten+Sie+die+programmatische+Interaktion+einer+beispielhaften+Ausf%C3%BChrung+%28siehe+%60
  examples.md%60%29.+In+dieser+%60main%60-Methode+werden+die+Konstruktoren+und+Methoden+der+drei+gef
  orderten+Klassen+mit+beispielhaften+Parametern+aufgerufen.+Die+erwarteten+Ausgaben+sind+entspreche
  nd+als+Kommentare+direkt+%C3%BCber+der+entsprechenden+Zeile+eingef%C3%BCgt.+Bei+einem+Abgabeversuc
  h+werden+diese+Konstruktoren+und+Methoden+entsprechend+dieser+Beispielinteraktion+ausgef%C3%BChrt+
  und+deren+Ausgaben+mit+den+erwarteten+Ausgaben+verglichen.+Bitte+beachten+Sie%2C+dass+das+erfolgre
  iche+Bestehen+dieses+verpflichtenden+Tests+Voraussetzung+f%C3%BCr+eine+erfolgreiche+Wertung+ist.&p
  roject=ProgrammingWT2122-Final1&role=requirements&task=Understand+the+wt2122final01+and+create+its
  +backlog+when+prompted.&timestamp=2026-07-27T07%3A13%3A31.658Z&domain=wt2122final01

● Injected adaptive memory context into system prompt

● <adaptive_rules>
  - Code comments should be in English or German and be consistently written in a single language.
  - All explicitly required classes, constructors and methods must be public.
  - Students may extend the required classes by adding further classes, attributes, methods and
  documentation.
  - The three classes must provide the required constructors and method signatures and implement the
   specified Java API interfaces.
  - The three provided Java classes Network, IP and ParseException must be implemented.
  - The three required classes may be moved into any sensible packages.
  - Source code must not exceed a maximum line width of 120 characters.
  - Evaluation of other tests depends on passing the mandatory tests first.
  - Submission for Abschlussaufgabe 1 is automatically graded zero points if any of the mandatory
  rules are violated.
  - All other Checkstyle rules must be adhered to.
  - All rules for variable, method, and package naming specified by the assignment must be followed.
  - All whitespace rules specified by the assignment and Checkstyle must be followed.
  - Appropriate visibility modifiers must be chosen for classes, methods and attributes.
  - Calls to System.exit() and Runtime.exit() must not be used in the submission.
  - Do not include personal data in the submission besides your u-Kürzel.
  - JavaDoc documentation rules specified by the assignment must be followed.
  - No other classes with the identifiers Network, IP, or ParseException may be present in the
  submission.
  - Submissions may only use Java library elements from the packages java.lang, java.io, java.util,
  java.util.regex, java.util.function and java.util.stream.
  - The assignment contains no interactive command-line interface; submissions must not perform
  input/output or include a main method.
  - The default (unnamed) package must not be used.
  - Follow the modelling guidance on the ILIAS-Wiki; submissions are evaluated for both
  object-oriented modelling and functionality.
  - The JavaDoc @author tag must contain only the student's u-Kürzel.
  - All elements inside a Network instance must always satisfy the formal requirements (in
  particular: tree topologies must have no closed paths).
  - When adding or changing a connection the implementation must ensure no assignment requirement is
   violated (e.g., tree topologies must not contain closed paths).
  - Program code must be written in English.
  - The online submission system enforces Checkstyle automatically; specifically marked rules cause
  a zero-point automatic grading, other violations may cause point deductions.
  - Submitted program code must compile without compilation errors.
  - In error cases methods must return false, 0, or an empty list as specified by the assignment.
  - Submissions must consist of individual *.java files placed in the src directory with an
  appropriate folder structure.
  - Exceptions in the three required classes may only be thrown in the explicitly defined cases.
  - A Network instance must always internally contain at least one valid tree topology with at least
   one connection between two network nodes.
  - Network must allow storing multiple independent tree topologies.
  - add(Network subnet) must not produce side-effects between the two object instances; later
  changes to one must not affect the other.
  - list(), getLevels(IP) and getRoute(IP, IP) must return lists that do not cause side-effects on
  the instance (defensive copies).
  - In the bracket notation (toString(IP)) IP addresses for each level must be sorted ascending by
  their 32-bit value.
  - Inner lists returned by getLevels(IP) must have addresses sorted ascending by their natural
  total ordering.
  - Leading zeros within blocks of an IPv4 address are not allowed.
  - Two Network instances are equal if they store the same tree topologies; two tree topologies are
  equal if their underlying labeled graphs are structurally equal; equals must be implemented
  accordingly.
  - The natural total ordering of the IP class (compareTo) must be compatible with equals.
  - Network(IP root, List<IP> children) constructor must copy the list elements for internal storage
   (defensive copy).
  </adaptive_rules>

  <memories>
    - The repository ProgrammingWT2122-Final1 includes the task document 'Abschlussaufgabe 1 —
  Ausbreitungsanalyse in Rechnernetzen (20 Punkte, Version 1.2)'.
    - Document 'Abschlussaufgabe 1 — Ausbreitungsanalyse in Rechnernetzen (Version 1.2)' relates to
  ProgrammingWT2122-Final1
    - The document task.md describes 'Abschlussaufgabe 1 — Ausbreitungsanalyse in Rechnernetzen'.
    - The assignment (task.md) is for the course 'Programmieren' in Wintersemester 2021/22.
    - The document task.md is the assignment document for the course Programmieren.
    - ProgrammingWT2122-Final1 relates to the feature: iterative spread analysis from a startpoint
  identifying connected hosts
    - ProgrammingWT2122-Final1 constrains the implementation to not include an interactive CLI
    - ProgrammingWT2122-Final1 requires implementation of the Java classes Network, IP, and
  ParseException
  </memories>
  <entity_paths>
    - ProgrammingWT2122-Final1 CONSTRAINT No interactive CLI required: ProgrammingWT2122-Final1
  constrains the implementation to not include an interactive CLI
    - ProgrammingWT2122-Final1 CONSTRAINT Network, IP, ParseException (Java classes):
  ProgrammingWT2122-Final1 requires implementation of the Java classes Network, IP, and
  ParseException
    - ProgrammingWT2122-Final1 CONSTRAINT IPv4 dotted-decimal address format and semantics
  (0.0.0.0–255.255.255.255; no leading zeros; unique labels; no net/host split):
  ProgrammingWT2122-Final1 constrains node identifiers to IPv4 dotted-decimal addresses with four
  8-bit blocks (0–255) and no leading zeros; addresses are used only as unique labels and there is
  no network/host distinction.
    - ProgrammingWT2122-Final1 RELATES_TO Abschlussaufgabe 1 — Ausbreitungsanalyse in Rechnernetzen
  (20 Punkte, Version 1.2): The repository ProgrammingWT2122-Final1 includes the task document
  'Abschlussaufgabe 1 — Ausbreitungsanalyse in Rechnernetzen (20 Punkte, Version 1.2)'.
    - ProgrammingWT2122-Final1 RELATES_TO Iterative spread analysis from a startpoint:
  ProgrammingWT2122-Final1 relates to the feature: iterative spread analysis from a startpoint
  identifying connected hosts
    - task.md CONSTRAINT Iterative connected-host discovery from a start point: The document
  requires methods that compute possibly compromised hosts by iteratively discovering connected
  hosts starting from a defined start point.
    - task.md RELATES_TO Institute of Information Security and Dependability: The document task.md
  associates the assignment with the Institute of Information Security and Dependability group.; The
   assignment is associated with the Institute of Information Security and Dependability group.
    - task.md RELATES_TO Programmieren: The document task.md is the assignment document for the
  course Programmieren.
    - task.md RELATES_TO Dr. rer. nat. Robert Heinrich: The document task.md lists Dr. rer. nat.
  Robert Heinrich as the instructor.; Dr. rer. nat. Robert Heinrich is listed as the Dozent for the
  assignment.
    - task.md RELATES_TO 20 Punkte: The document task.md states the assignment is worth 20 points.;
  The assignment is worth 20 points (Punkte).
    - task.md RELATES_TO Version 1.2: The document task.md is version 1.2.; The assignment document
  is Version 1.2.
    - task.md RELATES_TO Abschlussaufgabe 1 — Ausbreitungsanalyse in Rechnernetzen: The document
  task.md describes 'Abschlussaufgabe 1 — Ausbreitungsanalyse in Rechnernetzen'.
    - task.md RELATES_TO Programmieren (Wintersemester 2021/22): The assignment (task.md) is for the
   course 'Programmieren' in Wintersemester 2021/22.
    - task.md USES Java: The assignment uses Java as the implementation language (Java classes are
  specified).
    - Abschlussaufgabe 1 — Ausbreitungsanalyse in Rechnernetzen CONSTRAINT No interactive user
  interaction required: The assignment explicitly does not require implementing interactive user
  interaction.
    - Abschlussaufgabe 1 — Ausbreitungsanalyse in Rechnernetzen DEPENDS_ON Network: The assignment
  requires implementing the three provided Java classes Network, IP, and ParseException.
    - Abschlussaufgabe 1 — Ausbreitungsanalyse in Rechnernetzen DEPENDS_ON IP: The assignment
  requires implementing the three provided Java classes Network, IP, and ParseException.
    - Abschlussaufgabe 1 — Ausbreitungsanalyse in Rechnernetzen DEPENDS_ON ParseException: The
  assignment requires implementing the three provided Java classes Network, IP, and ParseException.
    - Abschlussaufgabe 1 — Ausbreitungsanalyse in Rechnernetzen RELATES_TO Iterative connected-host
  enumeration / compromised-hosts list: The analysis must iteratively determine every connected host
   from a defined start point to list possibly compromised machines.
    - ProgrammingWT2122-Final1 RELATES_TO Abschlussaufgabe 1 — Ausbreitungsanalyse in Rechnernetzen
  (20 Punkte, Version 1.2): The repository ProgrammingWT2122-Final1 includes the task document
  'Abschlussaufgabe 1 — Ausbreitungsanalyse in Rechnernetzen (20 Punkte, Version 1.2)'.
    - Abschlussaufgabe 1 — Ausbreitungsanalyse in Rechnernetzen (20 Punkte, Version 1.2) CONSTRAINT
  No interactive CLI required: The assignment document constrains the implementation: no interactive
   CLI is required.
  </entity_paths>
  <entity_matches>
    - ProgrammingWT2122-Final1 (score: 1.00) — Course project repository for the WT2122 final
  assignment.
    - task.md (score: 0.79) — Assignment document for the course exercise.
    - Abschlussaufgabe 1 — Ausbreitungsanalyse in Rechnernetzen (score: 0.79) — Assignment to
  analyze attacker propagation in computer networks.
    - 20 Punkte (score: 0.73) — Point value assigned to the exercise.
    - Programmieren (score: 0.68) — Course name for which the assignment is given.
  </entity_matches>

● adaptive-memory extension active (role=requirements, memorySession=20260727-090747-req) - type
  /memory-help. MCP tools registered (memory=true, backlog=true).







Changes    +0 -0
Duration   2m 55s
Tokens     ↑ 32.3k (1.3k cached) • ↓ 327 (177 reasoning)
[delivery:requirements] Turn 10/12 complete
[delivery:requirements] Turn 11/12: examples.md — segment 10/10 — Beispiele — Abschlussaufgabe 1 (Ausbreitungsanalyse in Rechnernetzen)
● [adaptive-context] GET http://localhost:4444/api/agents/7af7809a-adce-4fa9-9609-fd61059de0ff/sessi
  ons/20260727-090747-req/context?input=Dokument%3A+examples.md%0ASegment%3A+10%2F10%0AAbschnitt%3A+
  Beispiele+%E2%80%94+Abschlussaufgabe+1+%28Ausbreitungsanalyse+in+Rechnernetzen%29%0A%0ALies+diesen
  +Abschnitt+sorgf%C3%A4ltig+und+behalte+den+Kontext.+Erstelle+noch+keinen+Backlog+und+noch+keine+Ta
  sks.+Warte+damit+bis+zum+abschlie%C3%9Fenden+%2Ffinalize.%0A%0A%23+Beispiele+%E2%80%94+Abschlussau
  fgabe+1+%28Ausbreitungsanalyse+in+Rechnernetzen%29%0A%0ADieses+Dokument+enth%C3%A4lt+die+in+der+Au
  fgabenstellung+referenzierten+Beispiele.+Sie+umfassen+Beispiel-Eingaben+in+Klammerschreibweise%2C+
  die+Vorlagen+der+vorgegebenen+Java-Klassen+sowie+die+programmatische+Beispielinteraktion+in+einer+
  %60main%60-Methode+%28mit+erwarteten+Ausgaben+als+Kommentare%29.%0A%0A%23%23+1+Beispiele+f%C3%BCr+
  Klammerschreibweise+%28%60ips.txt%60%29%0A%0A%60%60%60%0A%2885.193.148.81+141.255.1.133+34.49.145.
  239+231.189.0.127%29%0A%28141.255.1.133+122.117.67.158+0.146.197.108%29%0A%28231.189.0.127+77.135.
  84.171+39.20.222.120+252.29.23.0+116.132.83.77%29%0A%2885.193.148.81+%28141.255.1.133+122.117.67.1
  58+0.146.197.108%29+34.49.145.239+%28231.189.0.127+77.135.84.171+39.20.222.120+252.29.23.0+116.132
  .83.77%29%29%0A%60%60%60%0A%0A%23%23+2+Vorgegebene+Klassen-Stubs%0A%0A%23%23%23+2.1+%60ParseExcept
  ion.java%60%0A%0A%60%60%60java%0Apublic+class+ParseException+extends+Exception+%7B%0A++++public+Pa
  rseException%28String+message%29+%7B+super%28message%29%3B+%7D%0A%7D%0A%60%60%60%0A%0A%23%23%23+2.
  2+%60IP.java%60%0A%0A%60%60%60java%0Apublic+class+IP+implements+Comparable%3CIP%3E+%7B%0A%0A++++pu
  blic+IP%28final+String+pointNotation%29+throws+ParseException+%7B+%7D%0A%0A++++%40Override%0A++++p
  ublic+String+toString%28%29+%7B+return+null%3B+%7D%0A%0A++++%40Override%0A++++public+int+compareTo
  %28IP+o%29+%7B+return+0%3B+%7D%0A%7D%0A%60%60%60%0A%0A%23%23%23+2.3+%60Network.java%60%0A%0A%60%60
  %60java%0Aimport+java.util.List%3B%0A%0Apublic+class+Network+%7B%0A++++public+Network%28final+IP+r
  oot%2C+final+List%3CIP%3E+children%29+%7B+%7D%0A%0A++++public+Network%28final+String+bracketNotati
  on%29+throws+ParseException+%7B+%7D%0A%0A++++public+boolean+add%28final+Network+subnet%29+%7B+retu
  rn+false%3B+%7D%0A%0A++++public+List%3CIP%3E+list%28%29+%7B+return+null%3B+%7D%0A%0A++++public+boo
  lean+connect%28final+IP+ip1%2C+final+IP+ip2%29+%7B+return+false%3B+%7D%0A%0A++++public+boolean+dis
  connect%28final+IP+ip1%2C+final+IP+ip2%29+%7B+return+false%3B+%7D%0A%0A++++public+boolean+contains
  %28final+IP+ip%29+%7B+return+false%3B+%7D%0A%0A++++public+int+getHeight%28final+IP+root%29+%7B+ret
  urn+0%3B+%7D%0A%0A++++public+List%3CList%3CIP%3E%3E+getLevels%28final+IP+root%29+%7B+return+null%3
  B+%7D%0A%0A++++public+List%3CIP%3E+getRoute%28final+IP+start%2C+final+IP+end%29+%7B+return+null%3B
  +%7D%0A%0A++++public+String+toString%28IP+root%29+%7B+return+null%3B+%7D%0A%7D%0A%60%60%60%0A%0A%2
  3%23+3+Programmatische+Beispielinteraktion+%28%60Test.java%60%29%0A%0AIn+dieser+%60main%60-Methode
  +werden+die+Konstruktoren+und+Methoden+der+drei+geforderten+Klassen+mit+beispielhaften+Parametern+
  aufgerufen.+Die+erwarteten+Ausgaben+sind+als+Kommentare+direkt+%C3%BCber+der+entsprechenden+Zeile+
  eingef%C3%BCgt.%0A%0A%60%60%60java%0Aimport+java.util.List%3B%0A%0Apublic+class+Test+%7B%0A++++pub
  lic+static+void+main%28String%5B%5D+args%29+throws+ParseException+%7B%0A++++++++%2F%2F+Construct+i
  nitial+network%0A++++++++IP+root+%3D+new+IP%28%22141.255.1.133%22%29%3B%0A++++++++List%3CList%3CIP
  %3E%3E+levels+%3D+List.of%28List.of%28root%29%2C%0A++++++++++++++++List.of%28new+IP%28%220.146.197
  .108%22%29%2C+new+IP%28%22122.117.67.158%22%29%29%29%3B%0A++++++++final+Network+network+%3D+new+Ne
  twork%28root%2C+levels.get%281%29%29%3B%0A++++++++%2F%2F+%28141.255.1.133+0.146.197.108+122.117.67
  .158%29%0A++++++++System.out.println%28network.toString%28root%29%29%3B%0A++++++++%2F%2F+true%0A++
  ++++++System.out.println%28%28levels.size%28%29+-+1%29+%3D%3D+network.getHeight%28root%29%29%3B%0A
  ++++++++%2F%2F+true%0A++++++++System.out.println%28List.of%28List.of%28root%29%2C+levels.get%281%2
  9%29%0A++++++++++++++++.equals%28network.getLevels%28root%29%29%29%3B%0A%0A++++++++%2F%2F+%22Chang
  e%22+root+and+call+toString%2C+getHeight+and+getLevels+again%0A++++++++root+%3D+new+IP%28%22122.11
  7.67.158%22%29%3B%0A++++++++levels+%3D+List.of%28List.of%28root%29%2C+List.of%28new+IP%28%22141.25
  5.1.133%22%29%29%2C%0A++++++++++++++++List.of%28new+IP%28%220.146.197.108%22%29%29%29%3B%0A+++++++
  +%2F%2F+true%0A++++++++System.out.println%28%22%28122.117.67.158+%28141.255.1.133+0.146.197.108%29
  %29%22%0A++++++++++++++++.equals%28network.toString%28root%29%29%29%3B%0A++++++++%2F%2F+true%0A+++
  +++++System.out.println%28%28levels.size%28%29+-+1%29+%3D%3D+network.getHeight%28root%29%29%3B%0A+
  +++++++%2F%2F+true%0A++++++++System.out.println%28levels.equals%28network.getLevels%28root%29%29%2
  9%3B%0A%0A++++++++%2F%2F+Try+to+add+circular+dependency%0A++++++++%2F%2F+false%0A++++++++System.ou
  t.println%28%0A++++++++++++++++network.add%28new+Network%28%22%28122.117.67.158+0.146.197.108%29%2
  2%29%29%29%3B%0A%0A++++++++%2F%2F+Merge+two+subnets+with+initial+network%0A++++++++%2F%2F+true%0A+
  +++++++System.out.println%28network.add%28new+Network%28%0A++++++++++++++++%22%2885.193.148.81+34.
  49.145.239+231.189.0.127+141.255.1.133%29%22%29%29%29%3B%0A++++++++%2F%2F+true%0A++++++++System.ou
  t%0A++++++++++++++++.println%28network.add%28new+Network%28%22%28231.189.0.127+252.29.23.0%22%0A++
  ++++++++++++++++++++++%2B+%22+116.132.83.77+39.20.222.120+77.135.84.171%29%22%29%29%29%3B%0A%0A+++
  +++++%2F%2F+%22Change%22+root+and+call+toString%2C+getHeight+and+getLevels+again%0A++++++++root+%3
  D+new+IP%28%2285.193.148.81%22%29%3B%0A++++++++levels+%3D+List.of%28List.of%28root%29%2C%0A+++++++
  +++++++++List.of%28new+IP%28%2234.49.145.239%22%29%2C+new+IP%28%22141.255.1.133%22%29%2C%0A+++++++
  +++++++++++++++++new+IP%28%22231.189.0.127%22%29%29%2C%0A++++++++++++++++List.of%28new+IP%28%220.1
  46.197.108%22%29%2C+new+IP%28%2239.20.222.120%22%29%2C%0A++++++++++++++++++++++++new+IP%28%2277.13
  5.84.171%22%29%2C+new+IP%28%22116.132.83.77%22%29%2C%0A++++++++++++++++++++++++new+IP%28%22122.117
  .67.158%22%29%2C+new+IP%28%22252.29.23.0%22%29%29%29%3B%0A++++++++%2F%2F+true%0A++++++++System.out
  .println%28%0A++++++++++++++++%28%22%2885.193.148.81+34.49.145.239+%28141.255.1.133+0.146.197.108%
  22%0A++++++++++++++++++++++++%2B+%22+122.117.67.158%29+%28231.189.0.127+39.20.222.120%22%0A+++++++
  +++++++++++++++++%2B+%22+77.135.84.171+116.132.83.77+252.29.23.0%29%29%22%29%0A+++++++++++++++++++
  +++++++++++++.equals%28network.toString%28root%29%29%29%3B%0A++++++++%2F%2F+true%0A++++++++System.
  out.println%28%28levels.size%28%29+-+1%29+%3D%3D+network.getHeight%28root%29%29%3B%0A++++++++%2F%2
  F+true%0A++++++++System.out.println%28levels.equals%28network.getLevels%28root%29%29%29%3B%0A+++++
  +++%2F%2F+true%0A++++++++System.out.println%28List%0A++++++++++++++++.of%28new+IP%28%22141.255.1.1
  33%22%29%2C+new+IP%28%2285.193.148.81%22%29%2C%0A++++++++++++++++++++++++new+IP%28%22231.189.0.127
  %22%29%29%0A++++++++++++++++.equals%28network.getRoute%28new+IP%28%22141.255.1.133%22%29%2C%0A++++
  ++++++++++++++++++++new+IP%28%22231.189.0.127%22%29%29%29%29%3B%0A%0A++++++++%2F%2F+%22Change%22+r
  oot+and+call+getHeight+again%0A++++++++root+%3D+new+IP%28%2234.49.145.239%22%29%3B%0A++++++++level
  s+%3D+List.of%28List.of%28root%29%2C+List.of%28new+IP%28%2285.193.148.81%22%29%29%2C%0A+++++++++++
  +++++List.of%28new+IP%28%22141.255.1.133%22%29%2C+new+IP%28%22231.189.0.127%22%29%29%2C%0A++++++++
  ++++++++List.of%28new+IP%28%220.146.197.108%22%29%2C+new+IP%28%2239.20.222.120%22%29%2C%0A++++++++
  ++++++++++++++++new+IP%28%2277.135.84.171%22%29%2C+new+IP%28%22116.132.83.77%22%29%2C%0A++++++++++
  ++++++++++++++new+IP%28%22122.117.67.158%22%29%2C+new+IP%28%22252.29.23.0%22%29%29%29%3B%0A+++++++
  +%2F%2F+true%0A++++++++System.out.println%28%28levels.size%28%29+-+1%29+%3D%3D+network.getHeight%2
  8root%29%29%3B%0A%0A++++++++%2F%2F+Remove+edge+and+list+tree+afterwards%0A++++++++%2F%2F+true%0A++
  ++++++System.out.println%28network.disconnect%28new+IP%28%2285.193.148.81%22%29%2C%0A+++++++++++++
  +++new+IP%28%2234.49.145.239%22%29%29%29%3B%0A++++++++%2F%2F+true%0A++++++++System.out.println%28%
  0A++++++++++++++++List.of%28new+IP%28%220.146.197.108%22%29%2C+new+IP%28%2239.20.222.120%22%29%2C%
  0A++++++++++++++++++++++++new+IP%28%2277.135.84.171%22%29%2C+new+IP%28%2285.193.148.81%22%29%2C%0A
  ++++++++++++++++++++++++new+IP%28%22116.132.83.77%22%29%2C+new+IP%28%22122.117.67.158%22%29%2C%0A+
  +++++++++++++++++++++++new+IP%28%22141.255.1.133%22%29%2C+new+IP%28%22231.189.0.127%22%29%2C%0A+++
  +++++++++++++++++++++new+IP%28%22252.29.23.0%22%29%29.equals%28network.list%28%29%29%29%3B%0A++++%
  7D%0A%7D%0A%60%60%60%0A%0A%23%23+4+Zus%C3%A4tzliche+Beispielinteraktion+%28textuelle+Befehlsschnit
  tstelle%29%0A%0AHinweis%3A+Die+Aufgabenstellung+verlangt+**keine**+Kommandozeilen-Interaktion+%28k
  eine+%60main%60-Methode+mit+Ein-%2FAusgabe%29.+Die+folgende+Sequenz+stammt+aus+den+bereitgestellte
  n+Beispielmaterialien+und+illustriert+das+fachliche+Verhalten+%28Baumtopologien+hinzuf%C3%BCgen%2C
  +ausgeben%2C+H%C3%B6he+und+Ebenen+bestimmen+sowie+Verbindungen+entfernen%29.+Nutzereingaben+sind+m
  it+%60%3E%60+gekennzeichnet.%0A%0A%60%60%60%0A%3E+add+%28141.255.1.133+0.146.197.108+122.117.67.15
  8%29%0A%3E+print+141.255.1.133%0A%28141.255.1.133+0.146.197.108+122.117.67.158%29%0A%3E+height+141
  .255.1.133%0A1%0A%3E+levels+141.255.1.133%0A141.255.1.133%0A0.146.197.108+122.117.67.158%0A%3E+pri
  nt+122.117.67.158%0A%28122.117.67.158+%28141.255.1.133+0.146.197.108%29%29%0A%3E+height+122.117.67
  .158%0A2%0A%3E+levels+122.117.67.158%0A122.117.67.158%0A141.255.1.133%0A0.146.197.108%0A%3E+add+%2
  8122.117.67.158+0.146.197.108%29%0AError%2C+adding+it+would+cause+a+cycle+in+the+topology.%0A%3E+a
  dd+%2885.193.148.81+34.49.145.239+231.189.0.127+141.255.1.133%29%0A%3E+add+%28231.189.0.127+252.29
  .23.0+116.132.83.77+39.20.222.120+77.135.84.171%29%0A%3E+print+85.193.148.81%0A%2885.193.148.81+34
  .49.145.239+%28141.255.1.133+0.146.197.108+122.117.67.158%29+%28231.189.0.127+39.20.222.120+77.135
  .84.171+116.132.83.77+252.29.23.0%29%29%0A%3E+height+85.193.148.81%0A2%0A%3E+levels+85.193.148.81%
  0A34.49.145.239+141.255.1.133+231.189.0.127%0A0.146.197.108+39.20.222.120+77.135.84.171+116.132.83
  .77+122.117.67.158+252.29.23.0%0A%3E+height+34.49.145.239%0A3%0Aremove+85.193.148.81+34.49.145.239
  %0A%3E+list%0A0.146.197.108+39.20.222.120+77.135.84.171+85.193.148.81+116.132.83.77+122.117.67.158
  +141.255.1.133+231.189.0.127+252.29.23.0%0A%3E+reset%0A%3E+list%0Aempty%0A%3E+quit%0A%60%60%60&pro
  ject=ProgrammingWT2122-Final1&role=requirements&task=Understand+the+wt2122final01+and+create+its+b
  acklog+when+prompted.&timestamp=2026-07-27T07%3A13%3A45.968Z&domain=wt2122final01

● Injected adaptive memory context into system prompt

● <adaptive_rules>
  - Network(IP root, List<IP> children) constructor must copy the list elements for internal storage
   (defensive copy).
  - Inner lists returned by getLevels(IP) must have addresses sorted ascending by their natural
  total ordering.
  - In the bracket notation (toString(IP)) IP addresses for each level must be sorted ascending by
  their 32-bit value.
  - The natural total ordering of the IP class (compareTo) must be compatible with equals.
  - All elements inside a Network instance must always satisfy the formal requirements (in
  particular: tree topologies must have no closed paths).
  - Students may extend the required classes by adding further classes, attributes, methods and
  documentation.
  - The three classes must provide the required constructors and method signatures and implement the
   specified Java API interfaces.
  - The three provided Java classes Network, IP and ParseException must be implemented.
  - The three required classes may be moved into any sensible packages.
  - list(), getLevels(IP) and getRoute(IP, IP) must return lists that do not cause side-effects on
  the instance (defensive copies).
  - add(Network subnet) must not produce side-effects between the two object instances; later
  changes to one must not affect the other.
  - When IPs are passed as arguments they must be compared by content equality, not by object
  reference.
  - All explicitly required classes, constructors and methods must be public.
  - Two different object instances representing the same IP address must be considered identical.
  - Code comments should be in English or German and be consistently written in a single language.
  - When adding or changing a connection the implementation must ensure no assignment requirement is
   violated (e.g., tree topologies must not contain closed paths).
  - A Network instance must always internally contain at least one valid tree topology with at least
   one connection between two network nodes.
  - Network must allow storing multiple independent tree topologies.
  - Two Network instances are equal if they store the same tree topologies; two tree topologies are
  equal if their underlying labeled graphs are structurally equal; equals must be implemented
  accordingly.
  - Follow the modelling guidance on the ILIAS-Wiki; submissions are evaluated for both
  object-oriented modelling and functionality.
  - Source code must not exceed a maximum line width of 120 characters.
  - Program code must be written in English.
  - All other Checkstyle rules must be adhered to.
  - All rules for variable, method, and package naming specified by the assignment must be followed.
  - All whitespace rules specified by the assignment and Checkstyle must be followed.
  - Appropriate visibility modifiers must be chosen for classes, methods and attributes.
  - Calls to System.exit() and Runtime.exit() must not be used in the submission.
  - Do not include personal data in the submission besides your u-Kürzel.
  - JavaDoc documentation rules specified by the assignment must be followed.
  - No other classes with the identifiers Network, IP, or ParseException may be present in the
  submission.
  - Submission for Abschlussaufgabe 1 is automatically graded zero points if any of the mandatory
  rules are violated.
  - Submissions may only use Java library elements from the packages java.lang, java.io, java.util,
  java.util.regex, java.util.function and java.util.stream.
  - The assignment contains no interactive command-line interface; submissions must not perform
  input/output or include a main method.
  - The default (unnamed) package must not be used.
  - In error cases methods must return false, 0, or an empty list as specified by the assignment.
  - Evaluation of other tests depends on passing the mandatory tests first.
  - Leading zeros within blocks of an IPv4 address are not allowed.
  - The JavaDoc @author tag must contain only the student's u-Kürzel.
  - The list() return value must be sorted ascending by the natural total ordering.
  - Once an IP object is successfully instantiated the associated address must not be changed
  (address immutability).
  - The online submission system enforces Checkstyle automatically; specifically marked rules cause
  a zero-point automatic grading, other violations may cause point deductions.
  - Exceptions in the three required classes may only be thrown in the explicitly defined cases.
  - Submissions must consist of individual *.java files placed in the src directory with an
  appropriate folder structure.
  - A null (non-instantiated) IP argument must always be treated as an invalid and non-existent IP
  address.
  - Submitted program code must compile without compilation errors.
  </adaptive_rules>

  <memories>
    - Document 'Abschlussaufgabe 1 — Ausbreitungsanalyse in Rechnernetzen (Version 1.2)' relates to
  ProgrammingWT2122-Final1
    - The document task.md describes 'Abschlussaufgabe 1 — Ausbreitungsanalyse in Rechnernetzen'.
    - The repository ProgrammingWT2122-Final1 includes the task document 'Abschlussaufgabe 1 —
  Ausbreitungsanalyse in Rechnernetzen (20 Punkte, Version 1.2)'.
    - task.md (segment 3/10) presents an example where three tree topologies sharing node IPs are
  united into a connected rooted tree with root 85.193.148.81 and an explicit Ebenenstruktur (levels
   0–2).
    - DOCUMENT task.md (segment 2/10) defines graph-theory foundations used to model networks for
  attack-spread analysis in ProgrammingWT2122-Final1, including: undirected simple graphs with
  unique node labels, graph merge semantics (union with no duplicate edges), paths and cycles,
  connectedness, trees and rooted trees (height, leaves, subtrees), and Ebenenstruktur (level-order
  grouping by distance from root).
    - The assignment (task.md) is for the course 'Programmieren' in Wintersemester 2021/22.
    - ProgrammingWT2122-Final1 constrains the implementation to not include an interactive CLI
    - The document task.md is the assignment document for the course Programmieren.
    - ProgrammingWT2122-Final1 relates to the feature: iterative spread analysis from a startpoint
  identifying connected hosts
    - ProgrammingWT2122-Final1 requires implementation of the Java classes Network, IP, and
  ParseException
    - The assignment requires implementing the Java classes Network, IP, and ParseException.
    - The assignment requires implementing the three provided Java classes Network, IP, and
  ParseException.
    - task.md (segment 2/10) defines rooted-tree concepts: root, subtree, height (maximal path
  length in edges to root) and level (distance in edges to root)
    - ProgrammingWT2122-Final1 constrains node identifiers to IPv4 dotted-decimal addresses with
  four 8-bit blocks (0–255) and no leading zeros; addresses are used only as unique labels and there
   is no network/host distinction.
    - The assignment document is Version 1.2.
    - The assignment uses Java as the implementation language (Java classes are specified).
  </memories>
  <entity_paths>
    - ProgrammingWT2122-Final1 CONSTRAINT No interactive CLI required: ProgrammingWT2122-Final1
  constrains the implementation to not include an interactive CLI
    - ProgrammingWT2122-Final1 CONSTRAINT Network, IP, ParseException (Java classes):
  ProgrammingWT2122-Final1 requires implementation of the Java classes Network, IP, and
  ParseException
    - ProgrammingWT2122-Final1 CONSTRAINT IPv4 dotted-decimal address format and semantics
  (0.0.0.0–255.255.255.255; no leading zeros; unique labels; no net/host split):
  ProgrammingWT2122-Final1 constrains node identifiers to IPv4 dotted-decimal addresses with four
  8-bit blocks (0–255) and no leading zeros; addresses are used only as unique labels and there is
  no network/host distinction.
    - ProgrammingWT2122-Final1 RELATES_TO Abschlussaufgabe 1 — Ausbreitungsanalyse in Rechnernetzen
  (20 Punkte, Version 1.2): The repository ProgrammingWT2122-Final1 includes the task document
  'Abschlussaufgabe 1 — Ausbreitungsanalyse in Rechnernetzen (20 Punkte, Version 1.2)'.
    - ProgrammingWT2122-Final1 RELATES_TO Iterative spread analysis from a startpoint:
  ProgrammingWT2122-Final1 relates to the feature: iterative spread analysis from a startpoint
  identifying connected hosts
    - Abschlussaufgabe 1 — Ausbreitungsanalyse in Rechnernetzen CONSTRAINT No interactive user
  interaction required: The assignment explicitly does not require implementing interactive user
  interaction.
    - Abschlussaufgabe 1 — Ausbreitungsanalyse in Rechnernetzen DEPENDS_ON Network: The assignment
  requires implementing the three provided Java classes Network, IP, and ParseException.
    - Abschlussaufgabe 1 — Ausbreitungsanalyse in Rechnernetzen DEPENDS_ON IP: The assignment
  requires implementing the three provided Java classes Network, IP, and ParseException.
    - Abschlussaufgabe 1 — Ausbreitungsanalyse in Rechnernetzen DEPENDS_ON ParseException: The
  assignment requires implementing the three provided Java classes Network, IP, and ParseException.
    - Abschlussaufgabe 1 — Ausbreitungsanalyse in Rechnernetzen RELATES_TO Iterative connected-host
  enumeration / compromised-hosts list: The analysis must iteratively determine every connected host
   from a defined start point to list possibly compromised machines.
    - task.md CONSTRAINT Iterative connected-host discovery from a start point: The document
  requires methods that compute possibly compromised hosts by iteratively discovering connected
  hosts starting from a defined start point.
    - task.md CONSTRAINT Eindeutige Knotenetiketten: task.md requires that every node is assigned
  exactly one unique label for identification within a graph.
    - task.md RELATES_TO Institute of Information Security and Dependability: The document task.md
  associates the assignment with the Institute of Information Security and Dependability group.; The
   assignment is associated with the Institute of Information Security and Dependability group.
    - task.md RELATES_TO Programmieren: The document task.md is the assignment document for the
  course Programmieren.
    - task.md RELATES_TO Dr. rer. nat. Robert Heinrich: The document task.md lists Dr. rer. nat.
  Robert Heinrich as the instructor.; Dr. rer. nat. Robert Heinrich is listed as the Dozent for the
  assignment.
    - task.md RELATES_TO 20 Punkte: The document task.md states the assignment is worth 20 points.;
  The assignment is worth 20 points (Punkte).
    - task.md RELATES_TO Version 1.2: The document task.md is version 1.2.; The assignment document
  is Version 1.2.
    - task.md RELATES_TO Abschlussaufgabe 1 — Ausbreitungsanalyse in Rechnernetzen: The document
  task.md describes 'Abschlussaufgabe 1 — Ausbreitungsanalyse in Rechnernetzen'.
    - task.md RELATES_TO Programmieren (Wintersemester 2021/22): The assignment (task.md) is for the
   course 'Programmieren' in Wintersemester 2021/22.
    - task.md RELATES_TO Ungerichteter Baum: task.md defines an undirected tree as a connected
  acyclic graph with exactly one path between any two nodes; leaves are nodes of degree 1 and tree
  size is the number of nodes.
  </entity_paths>
  <entity_matches>
    - ProgrammingWT2122-Final1 (score: 1.00) — Course project repository for the WT2122 final
  assignment.
    - Abschlussaufgabe 1 — Ausbreitungsanalyse in Rechnernetzen (score: 0.77) — Assignment to
  analyze attacker propagation in computer networks.
    - task.md (score: 0.69) — Assignment document 'Abschlussaufgabe 1 — Ausbreitungsanalyse in
  Rechnernetzen'.
    - 20 Punkte (score: 0.68) — Point value assigned to the exercise.
    - Institute of Information Security and Dependability (score: 0.67) — Organization/group
  responsible for the assignment.
  </entity_matches>

● adaptive-memory extension active (role=requirements, memorySession=20260727-090747-req) - type
  /memory-help. MCP tools registered (memory=true, backlog=true).







Changes    +0 -0
Duration   3m 28s
Tokens     ↑ 35.6k (1.3k cached) • ↓ 1.4k (804 reasoning)
[delivery:requirements] Turn 11/12 complete
[delivery:requirements] Turn 12/12: Finalize backlog creation
● [adaptive-context] GET http://localhost:4444/api/agents/7af7809a-adce-4fa9-9609-fd61059de0ff/sessi
  ons/20260727-090747-req/context?input=%2Ffinalize&project=ProgrammingWT2122-Final1&role=requiremen
  ts&task=Understand+the+wt2122final01+and+create+its+backlog+when+prompted.&timestamp=2026-07-27T07
  %3A14%3A18.303Z&domain=wt2122final01

● Injected adaptive memory context into system prompt

● <adaptive_rules>
  - All other Checkstyle rules must be adhered to.
  - All rules for variable, method, and package naming specified by the assignment must be followed.
  - All whitespace rules specified by the assignment and Checkstyle must be followed.
  - Appropriate visibility modifiers must be chosen for classes, methods and attributes.
  - Calls to System.exit() and Runtime.exit() must not be used in the submission.
  - Do not include personal data in the submission besides your u-Kürzel.
  - JavaDoc documentation rules specified by the assignment must be followed.
  - No other classes with the identifiers Network, IP, or ParseException may be present in the
  submission.
  - Submission for Abschlussaufgabe 1 is automatically graded zero points if any of the mandatory
  rules are violated.
  - Submissions may only use Java library elements from the packages java.lang, java.io, java.util,
  java.util.regex, java.util.function and java.util.stream.
  - The assignment contains no interactive command-line interface; submissions must not perform
  input/output or include a main method.
  - The default (unnamed) package must not be used.
  - Source code must not exceed a maximum line width of 120 characters.
  - Program code must be written in English.
  - Submitted program code must compile without compilation errors.
  - Follow the modelling guidance on the ILIAS-Wiki; submissions are evaluated for both
  object-oriented modelling and functionality.
  - The online submission system enforces Checkstyle automatically; specifically marked rules cause
  a zero-point automatic grading, other violations may cause point deductions.
  - All explicitly required classes, constructors and methods must be public.
  - Submissions must consist of individual *.java files placed in the src directory with an
  appropriate folder structure.
  - Evaluation of other tests depends on passing the mandatory tests first.
  - When adding or changing a connection the implementation must ensure no assignment requirement is
   violated (e.g., tree topologies must not contain closed paths).
  - Students may extend the required classes by adding further classes, attributes, methods and
  documentation.
  - The three classes must provide the required constructors and method signatures and implement the
   specified Java API interfaces.
  - The three provided Java classes Network, IP and ParseException must be implemented.
  - The three required classes may be moved into any sensible packages.
  - All elements inside a Network instance must always satisfy the formal requirements (in
  particular: tree topologies must have no closed paths).
  - In error cases methods must return false, 0, or an empty list as specified by the assignment.
  </adaptive_rules>

  <memories>
    - ProgrammingWT2122-Final1 requires that, on submission, the constructors and methods from the
  example interaction are executed and their outputs compared to the expected outputs (provided as
  comments); passing this mandatory test is required for successful grading.
    - ProgrammingWT2122-Final1 constrains the implementation to not include an interactive CLI
    - Passing the mandatory examples-based execution test (the constructors and methods are executed
   and outputs compared to expected outputs) is required for a successful grading of
  ProgrammingWT2122-Final1.
    - The repository ProgrammingWT2122-Final1 includes the task document 'Abschlussaufgabe 1 —
  Ausbreitungsanalyse in Rechnernetzen (20 Punkte, Version 1.2)'.
    - ProgrammingWT2122-Final1 requires implementation of the Java classes Network, IP, and
  ParseException
  </memories>
  <entity_paths>
    - ProgrammingWT2122-Final1 CONSTRAINT Examples-based mandatory test: Passing the mandatory
  examples-based execution test (the constructors and methods are executed and outputs compared to
  expected outputs) is required for a successful grading of ProgrammingWT2122-Final1.
    - ProgrammingWT2122-Final1 CONSTRAINT Example-interaction automated grading requirement:
  ProgrammingWT2122-Final1 requires that, on submission, the constructors and methods from the
  example interaction are executed and their outputs compared to the expected outputs (provided as
  comments); passing this mandatory test is required for successful grading.
    - ProgrammingWT2122-Final1 CONSTRAINT No interactive CLI required: ProgrammingWT2122-Final1
  constrains the implementation to not include an interactive CLI
    - ProgrammingWT2122-Final1 CONSTRAINT Network, IP, ParseException (Java classes):
  ProgrammingWT2122-Final1 requires implementation of the Java classes Network, IP, and
  ParseException
    - ProgrammingWT2122-Final1 CONSTRAINT IPv4 dotted-decimal address format and semantics
  (0.0.0.0–255.255.255.255; no leading zeros; unique labels; no net/host split):
  ProgrammingWT2122-Final1 constrains node identifiers to IPv4 dotted-decimal addresses with four
  8-bit blocks (0–255) and no leading zeros; addresses are used only as unique labels and there is
  no network/host distinction.
    - ProgrammingWT2122-Final1 RELATES_TO Abschlussaufgabe 1 — Ausbreitungsanalyse in Rechnernetzen:
   The repository ProgrammingWT2122-Final1 includes the task document 'Abschlussaufgabe 1 —
  Ausbreitungsanalyse in Rechnernetzen (20 Punkte, Version 1.2)'.
    - ProgrammingWT2122-Final1 RELATES_TO Iterative spread analysis from a startpoint:
  ProgrammingWT2122-Final1 relates to the feature: iterative spread analysis from a startpoint
  identifying connected hosts
    - task.md CONSTRAINT IPv4-Format: task.md constrains IPv4 format: dotted-decimal with four 8-bit
   blocks (0–255) and forbids leading zeros; allowed range 0.0.0.0–255.255.255.255.
    - task.md CONSTRAINT Netz- und Hostanteil Unterscheidung: task.md specifies that, for this
  assignment, no distinction is made between network/host portions or network classes for IP
  addresses.
    - task.md CONSTRAINT Iterative connected-host discovery from a start point: The document
  requires methods that compute possibly compromised hosts by iteratively discovering connected
  hosts starting from a defined start point.
    - task.md CONSTRAINT Eindeutige Knotenetiketten: task.md requires that every node is assigned
  exactly one unique label for identification within a graph.
    - task.md RELATES_TO Section 1: Graphentheorie: The document task.md contains section '1
  Graphentheorie' with graph-theory basics for the project.
    - task.md RELATES_TO Netztopologie: task.md maps Netztopologie to graph theory: communicating
  computers → graph nodes; connections → edges.
    - task.md RELATES_TO Institute of Information Security and Dependability: The document task.md
  associates the assignment with the Institute of Information Security and Dependability group.; The
   assignment is associated with the Institute of Information Security and Dependability group.
    - task.md RELATES_TO Programmieren: The document task.md is the assignment document for the
  course Programmieren.
    - task.md RELATES_TO Dr. rer. nat. Robert Heinrich: The document task.md lists Dr. rer. nat.
  Robert Heinrich as the instructor.; Dr. rer. nat. Robert Heinrich is listed as the Dozent for the
  assignment.
    - task.md RELATES_TO 20 Punkte: The document task.md states the assignment is worth 20 points.;
  The assignment is worth 20 points (Punkte).
    - task.md RELATES_TO Version 1.2: The document task.md is version 1.2.; The assignment document
  is Version 1.2.
    - task.md RELATES_TO Abschlussaufgabe 1 — Ausbreitungsanalyse in Rechnernetzen: The document
  task.md describes 'Abschlussaufgabe 1 — Ausbreitungsanalyse in Rechnernetzen'.
    - task.md RELATES_TO Programmieren (Wintersemester 2021/22): The assignment (task.md) is for the
   course 'Programmieren' in Wintersemester 2021/22.
  </entity_paths>
  <entity_matches>
    - ProgrammingWT2122-Final1 (score: 1.00) — Course assignment repository and codebase for the
  final task
    - task.md (score: 0.68) — Assignment document section about networks and topologies.
    - Institute of Information Security and Dependability (score: 0.67) — Organization/group
  responsible for the assignment.
    - Java (score: 0.66) — Programming language required for the specified classes.
    - 20 Punkte (score: 0.66) — Point value assigned to the exercise.
  </entity_matches>
  <insights>
    - Agent community around ProgrammingWT2122-Final1, No interactive CLI required, Network, IP,
  ParseException (Java classes). Relevant agent facts: The assignment document constrains the
  implementation: no interactive CLI is required.; ProgrammingWT2122-Final1 constrains the
  implementation to not include an interactive CLI; Passing the mandatory examples-based execution
  test (the constructors and methods are executed and outputs compared to expected outputs) is
  required for a successful grading of ProgrammingWT2122-Final1.
    - Agent community around task.md, Institute of Information Security and Dependability, Java
  connects Programmieren, Dr. rer. nat. Robert Heinrich, Version 1.2. Relevant agent facts: The
  document task.md contains section '1 Graphentheorie' with graph-theory basics for the project.;
  task.md constrains IPv4 format: dotted-decimal with four 8-bit blocks (0–255) and forbids leading
  zeros; allowed range 0.0.0.0–255.255.255.255.; task.md uses IP-Adressen as the labels/identifiers
  for Netzknoten; each Netzknoten has exactly one fixed IP-Adresse.
    - Agent community around Abschlussaufgabe 1 — Ausbreitungsanalyse in Rechnernetzen, No
  interactive user interaction required, Network connects Iterative connected-host enumeration /
  compromised-hosts list, Iterative reachable-nodes spread analysis. Relevant agent facts: The
  analysis must iteratively determine every connected host from a defined start point to list
  possibly compromised machines.; The assignment explicitly does not require implementing
  interactive user interaction.; The assignment requires implementing the three provided Java
  classes Network, IP, and ParseException.
    - Agent community around task.md (segment 2/10), Graph, Path/Cycle/Connected Graph connects
  Graph merge, Merged tree example (k1 root). Relevant agent facts: task.md (segment 2/10)
  constrains Graph to be undirected without multiple edges and nodes have unique labels; task.md
  (segment 2/10) defines paths, cycles, and connected graphs: paths are node sequences with distinct
   edges, cycles are closed paths, connectivity means paths between all node pairs; task.md (segment
   2/10) defines rooted-tree concepts: root, subtree, height (maximal path length in edges to root)
  and level (distance in edges to root)
    - Agent community around ProgrammingWT2122-Final1, No interactive CLI required, Network, IP,
  ParseException (Java classes) connects Iterative connected-host enumeration / compromised-hosts
  list, No interactive user interaction required, Network, IP. Relevant agent facts: The analysis
  must iteratively determine every connected host from a defined start point to list possibly
  compromised machines.; The assignment explicitly does not require implementing interactive user
  interaction.; The assignment requires implementing the three provided Java classes Network, IP,
  and ParseException.
  </insights>

● adaptive-memory extension active (role=requirements, memorySession=20260727-090747-req) - type
  /memory-help. MCP tools registered (memory=true, backlog=true).



● Create Backlog (MCP: agentic-memory) · Abschlussaufgabe 1 — Ausbreitungsanalyse in Rechnernetzen …
  └ Backlog "WT2122-Final1: Network, IP, ParseException" created with id: 1d8b7e9...



● Create Tasks (MCP: agentic-memory) · backlogId: "1d8b7e9b-61d2-4a2d-a857-74c8186adb62", tasks: [9…
  └ Created 9 task(s) in backlog 1d8b7e9b-61d2-4a2d-a857-74c8186adb62.



● Get Tasks (MCP: agentic-memory) · backlogId: "1d8b7e9b-61d2-4a2d-a857-74c8186adb62"
  └ 1. [to_do] (p10) Implementiere ParseException — Implementiere die Klasse Pars...







Changes    +0 -0
Duration   5m 28s
Tokens     ↑ 174.0k (128.1k cached) • ↓ 7.2k (4.2k reasoning)
[delivery:requirements] Turn 12/12 complete
[delivery:requirements] Exercise requirements stream complete — advancing to backlog discovery
[delivery] Phase B: Backlog discovery
[delivery] Using backlog: "WT2122-Final1: Network, IP, ParseException" (1d8b7e9b-61d2-4a2d-a857-74c8186adb62)
[delivery] Backlog: "WT2122-Final1: Network, IP, ParseException" (1d8b7e9b-61d2-4a2d-a857-74c8186adb62)

[delivery] Phase C: Coding

● [adaptive-context] GET
  http://localhost:4444/api/agents/7af7809a-adce-4fa9-9609-fd61059de0ff/sessions/20260727-090747-cod
  ing/context?input=Implement+%22WT2122-Final1%3A+Network%2C+IP%2C+ParseException%22+backlog%3A+Impl
  ementiere+ParseException%3B+Implementiere+IP-Klasse+%28IPv4-Adresse%2C+Comparable%29%3B+Network%3A
  +Graph-Datenstruktur%2C+IP%2FChildren-Konstruktor%2C+equals%2C+contains%2C+list%3B+Network%3A+Klam
  merschreibweise-Konstruktor%3B+Network%3A+getRoute+und+toString%28root%29%3B+Network%3A+getHeight+
  und+getLevels%3B+Network%3A+connect+und+disconnect%3B+Network%3A+add%28Network+subnet%29%3B+JavaDo
  c%2C+Package-Organisation+und+Pflichttest-Verifikation&project=ProgrammingWT2122-Final1&role=codin
  g&task=Implement+backlog+%22WT2122-Final1%3A+Network%2C+IP%2C+ParseException%22+in+the+selected+ex
  ercise+repository.&timestamp=2026-07-27T07%3A16%3A20.078Z&domain=wt2122final01

● Injected adaptive memory context into system prompt

● <adaptive_rules>
  - Students may extend the required classes by adding further classes, attributes, methods and
  documentation.
  - The three classes must provide the required constructors and method signatures and implement the
   specified Java API interfaces.
  - The three provided Java classes Network, IP and ParseException must be implemented.
  - The three required classes may be moved into any sensible packages.
  - All other Checkstyle rules must be adhered to.
  - All rules for variable, method, and package naming specified by the assignment must be followed.
  - All whitespace rules specified by the assignment and Checkstyle must be followed.
  - Appropriate visibility modifiers must be chosen for classes, methods and attributes.
  - Calls to System.exit() and Runtime.exit() must not be used in the submission.
  - Do not include personal data in the submission besides your u-Kürzel.
  - JavaDoc documentation rules specified by the assignment must be followed.
  - No other classes with the identifiers Network, IP, or ParseException may be present in the
  submission.
  - Submission for Abschlussaufgabe 1 is automatically graded zero points if any of the mandatory
  rules are violated.
  - Submissions may only use Java library elements from the packages java.lang, java.io, java.util,
  java.util.regex, java.util.function and java.util.stream.
  - The assignment contains no interactive command-line interface; submissions must not perform
  input/output or include a main method.
  - The default (unnamed) package must not be used.
  - Code comments should be in English or German and be consistently written in a single language.
  - In the bracket notation (toString(IP)) IP addresses for each level must be sorted ascending by
  their 32-bit value.
  - Network(IP root, List<IP> children) constructor must copy the list elements for internal storage
   (defensive copy).
  - Source code must not exceed a maximum line width of 120 characters.
  - list(), getLevels(IP) and getRoute(IP, IP) must return lists that do not cause side-effects on
  the instance (defensive copies).
  - All elements inside a Network instance must always satisfy the formal requirements (in
  particular: tree topologies must have no closed paths).
  - Program code must be written in English.
  - add(Network subnet) must not produce side-effects between the two object instances; later
  changes to one must not affect the other.
  - The JavaDoc @author tag must contain only the student's u-Kürzel.
  - The natural total ordering of the IP class (compareTo) must be compatible with equals.
  - Submitted program code must compile without compilation errors.
  - Inner lists returned by getLevels(IP) must have addresses sorted ascending by their natural
  total ordering.
  - All explicitly required classes, constructors and methods must be public.
  - Exceptions in the three required classes may only be thrown in the explicitly defined cases.
  - When adding or changing a connection the implementation must ensure no assignment requirement is
   violated (e.g., tree topologies must not contain closed paths).
  - The online submission system enforces Checkstyle automatically; specifically marked rules cause
  a zero-point automatic grading, other violations may cause point deductions.
  - Submissions must consist of individual *.java files placed in the src directory with an
  appropriate folder structure.
  - Once an IP object is successfully instantiated the associated address must not be changed
  (address immutability).
  - Leading zeros within blocks of an IPv4 address are not allowed.
  - Two Network instances are equal if they store the same tree topologies; two tree topologies are
  equal if their underlying labeled graphs are structurally equal; equals must be implemented
  accordingly.
  - When IPs are passed as arguments they must be compared by content equality, not by object
  reference.
  - A Network instance must always internally contain at least one valid tree topology with at least
   one connection between two network nodes.
  - Network must allow storing multiple independent tree topologies.
  - Follow the modelling guidance on the ILIAS-Wiki; submissions are evaluated for both
  object-oriented modelling and functionality.
  - Evaluation of other tests depends on passing the mandatory tests first.
  - Two different object instances representing the same IP address must be considered identical.
  - In error cases methods must return false, 0, or an empty list as specified by the assignment.
  - A null (non-instantiated) IP argument must always be treated as an invalid and non-existent IP
  address.
  </adaptive_rules>

  <memories>
    - The repository ProgrammingWT2122-Final1 includes the task document 'Abschlussaufgabe 1 —
  Ausbreitungsanalyse in Rechnernetzen (20 Punkte, Version 1.2)'.
    - ProgrammingWT2122-Final1 requires implementation of the Java classes Network, IP, and
  ParseException
    - Document 'Abschlussaufgabe 1 — Ausbreitungsanalyse in Rechnernetzen (Version 1.2)' relates to
  ProgrammingWT2122-Final1
    - The assignment requires implementing the Java classes Network, IP, and ParseException.
    - The assignment requires implementing the three provided Java classes Network, IP, and
  ParseException.
    - The assignment document requires implementing the Java classes Network, IP, and
  ParseException.
    - ProgrammingWT2122-Final1 uses IPv4 addresses as the node labels for Netzknoten in the
  assignment.
  </memories>
  <entity_paths>
    - ProgrammingWT2122-Final1 CONSTRAINT Examples-based mandatory test: Passing the mandatory
  examples-based execution test (the constructors and methods are executed and outputs compared to
  expected outputs) is required for a successful grading of ProgrammingWT2122-Final1.
    - ProgrammingWT2122-Final1 CONSTRAINT Example-interaction automated grading requirement:
  ProgrammingWT2122-Final1 requires that, on submission, the constructors and methods from the
  example interaction are executed and their outputs compared to the expected outputs (provided as
  comments); passing this mandatory test is required for successful grading.
    - ProgrammingWT2122-Final1 CONSTRAINT No interactive CLI required: ProgrammingWT2122-Final1
  constrains the implementation to not include an interactive CLI
    - ProgrammingWT2122-Final1 CONSTRAINT Network, IP, ParseException (Java classes):
  ProgrammingWT2122-Final1 requires implementation of the Java classes Network, IP, and
  ParseException
    - ProgrammingWT2122-Final1 CONSTRAINT IPv4 dotted-decimal address format and semantics
  (0.0.0.0–255.255.255.255; no leading zeros; unique labels; no net/host split):
  ProgrammingWT2122-Final1 constrains node identifiers to IPv4 dotted-decimal addresses with four
  8-bit blocks (0–255) and no leading zeros; addresses are used only as unique labels and there is
  no network/host distinction.
    - ProgrammingWT2122-Final1 CONSTRAINT IPv4 format and range constraint: ProgrammingWT2122-Final1
   CONSTRAINT IPv4 addresses must use dotted-decimal four 8-bit blocks (0–255), no leading zeros,
  allowed range 0.0.0.0–255.255.255.255, and network/host portions are ignored.
    - ProgrammingWT2122-Final1 RELATES_TO Abschlussaufgabe 1 — Ausbreitungsanalyse in Rechnernetzen:
   The repository ProgrammingWT2122-Final1 includes the task document 'Abschlussaufgabe 1 —
  Ausbreitungsanalyse in Rechnernetzen (20 Punkte, Version 1.2)'.
    - ProgrammingWT2122-Final1 RELATES_TO ParseException: The repository ProgrammingWT2122-Final1
  defines a custom Java class ParseException that extends Exception and provides the constructor
  ParseException(String message).
    - ProgrammingWT2122-Final1 RELATES_TO Iterative spread analysis from a startpoint:
  ProgrammingWT2122-Final1 relates to the feature: iterative spread analysis from a startpoint
  identifying connected hosts
    - ProgrammingWT2122-Final1 USES IPv4 address: ProgrammingWT2122-Final1 uses IPv4 addresses as
  the node labels for Netzknoten in the assignment.
    - ProgrammingWT2122-Final1 USES Einreichungssystem signature verification:
  ProgrammingWT2122-Final1 USES an Einreichungssystem that reports whether the required method
  signatures were found
    - ParseException.java RELATES_TO ProgrammingWT2122-Final1: ParseException.java stub is provided
  defining class ParseException extends Exception with constructor ParseException(String).
    - Test.java RELATES_TO ProgrammingWT2122-Final1: Test.java provides programmatic examples that
  define expected Network semantics: bracket-notation toString formatting (with nesting),
  getHeight/getLevels for rooted trees, add() must reject operations causing cycles and accept valid
   merges, disconnect() removes an edge, list() returns a node listing after modifications, and
  getRoute() returns the path between two IPs.
    - IP CONSTRAINT ParseException: The assignment document requires implementation of the three
  Java classes Network, IP, and ParseException.
    - IP DEPENDS_ON ParseException: The assignment requires implementing the three provided Java
  classes Network, IP, and ParseException.
    - IP RELATES_TO ParseException: The assignment document requires implementing the Java classes
  Network, IP, and ParseException.
    - IP USES ParseException: The assignment requires implementing the Java classes Network, IP, and
   ParseException.; examples.md calls the constructors and methods of the required Java classes
  Network, IP, and ParseException in its example main with example parameters.
    - IP USES Comparable<IP>: The IP class is immutable and implements Comparable<IP> with natural
  ordering by 32-bit value compatible with equals
    - ProgrammingWT2122-Final1 RELATES_TO Abschlussaufgabe 1 — Ausbreitungsanalyse in Rechnernetzen:
   The repository ProgrammingWT2122-Final1 includes the task document 'Abschlussaufgabe 1 —
  Ausbreitungsanalyse in Rechnernetzen (20 Punkte, Version 1.2)'.
    - Abschlussaufgabe 1 — Ausbreitungsanalyse in Rechnernetzen CONSTRAINT No interactive user
  interaction required: The assignment explicitly does not require implementing interactive user
  interaction.
    - ProgrammingWT2122-Final1 RELATES_TO Abschlussaufgabe 1 — Ausbreitungsanalyse in Rechnernetzen:
   The repository ProgrammingWT2122-Final1 includes the task document 'Abschlussaufgabe 1 —
  Ausbreitungsanalyse in Rechnernetzen (20 Punkte, Version 1.2)'.
    - Abschlussaufgabe 1 — Ausbreitungsanalyse in Rechnernetzen CONSTRAINT No interactive CLI
  required: The assignment document constrains the implementation: no interactive CLI is required.
  </entity_paths>
  <entity_matches>
    - ProgrammingWT2122-Final1 (score: 1.00) — Course project repository for the Wintersemester
  2021/22 final assignment
    - Network, IP, ParseException (Java classes) (score: 0.85) — Named Java classes to be
  implemented for the assignment
    - ParseException.java (score: 0.78) — Provided Java stub for ParseException used by IP and
  Network.
    - Test.java (score: 0.78) — Example main demonstrating expected Network and IP behavior and
  outputs.
    - IP (score: 0.77) — Predefined Java class IP required by the assignment.
  </entity_matches>
  <insights>
    - Agent community around ProgrammingWT2122-Final1, Network, IP, ParseException (Java classes),
  ParseException.java connects Example-interaction automated grading requirement, No interactive CLI
   required, Iterative spread analysis from a startpoint, IPv4 dotted-decimal address format and
  semantics (0.0.0.0–255.255.255.255; no leading zeros; unique labels; no net/host split). Relevant
  agent facts: Passing the mandatory examples-based execution test (the constructors and methods are
   executed and outputs compared to expected outputs) is required for a successful grading of
  ProgrammingWT2122-Final1.; ProgrammingWT2122-Final1 requires that, on submission, the constructors
   and methods from the example interaction are executed and their outputs compared to the expected
  outputs (provided as comments); passing this mandatory test is required for successful grading.;
  The assignment document constrains the implementation: no interactive CLI is required.
    - Agent community around IP, Abschlussaufgabe 1 — Ausbreitungsanalyse in Rechnernetzen,
  ParseException connects IP comparison, null-invalid, structural equals, defensive copies, Network
  API method specification (11 methods), Tree-topology constraints (no cycles; at least one tree;
  multiple independent trees allowed), Iterative connected-host enumeration / compromised-hosts
  list. Relevant agent facts: Network must compare IPs by content (not by reference), treat null IP
  as invalid, define equals() as structural equality of underlying labelled graphs, and use
  defensive copies for list inputs/returns.; The Network class provides 11 public methods
  (constructors, merge/add, parsing, connect/disconnect, queries, traversal and serialization) with
  the specified behaviors and error semantics (e.g., ParseException for bracket parsing, add merges
  without side effects, connect prevents cycles, disconnect removes degree-0 nodes but not the last
  connection, list/getLevels/getRoute sorting/empty-return rules).; The Network class must enforce
  tree-topology invariants: no cycles; at least one valid tree with ≥1 connection; multiple
  independent trees allowed.
    - Agent community around task.md (segment 2/10), Eindeutige Knotenetiketten (Unique node
  labels), Graph connects Rechnernetze als Graphen, Gewurzelter Baum (Rooted tree) properties,
  Path/Cycle/Connected Graph. Relevant agent facts: The assignment document task.md specifies that
  attack-propagation analysis models computer networks as graphs.; Graph merge semantics: graphs
  sharing node labels are merged by union of nodes and edges, and duplicate edges are not inserted
  (at most one edge between two nodes).; The assignment requires that every node is assigned exactly
   one unique label.
    - Agent community around IPv4 address, Klammerschreibweise, Parenthesized tree topology
  representation connects Einzigartigkeit der IP-Adressen innerhalb einer Klammerschreibweise,
  Mindestgröße: mindestens zwei verschiedene Knoten, IP-Notation und Wurzelregel, Teilbäume
  (subtrees). Relevant agent facts: Within a single Klammerschreibweise (including nested parts),
  each IP address may appear at most once (no duplicates).; Every bracketed tree topology (including
   nested ones) must contain at least two different nodes (minimum one connection).; Nodes are
  specified as IPv4 addresses separated by spaces; the first IP after '(' is the root, subsequent
  entries are direct leaves or subtrees.
    - Agent community around task.md, IPv4-Format, Netz- und Hostanteil Unterscheidung connects
  Section 1: Graphentheorie, IP-Adresse, Netztopologie, Institute of Information Security and
  Dependability. Relevant agent facts: The document task.md contains section '1 Graphentheorie' with
   graph-theory basics for the project.; task.md constrains IPv4 format: dotted-decimal with four
  8-bit blocks (0–255) and forbids leading zeros; allowed range 0.0.0.0–255.255.255.255.; task.md
  uses IP-Adressen as the labels/identifiers for Netzknoten; each Netzknoten has exactly one fixed
  IP-Adresse.
  </insights>

● adaptive-memory extension active (role=coding, memorySession=20260727-090747-coding) - type
  /memory-help. MCP tools registered (memory=true, backlog=true).

● List directory .
  └ 14 files found

● Claim Next Task (MCP: agentic-memory) · backlogId: "1d8b7e9b-61d2-4a2d-a857-74c8186adb62"
  └ Claimed task "Implementiere ParseException" (3217cdd9-65c4-4303-bac2-142f2606...

● [turn-persistence] [turn-persistence] turn_end SKIPPED ai: no assistant message with content



● List directory src
  └ 2 files found

● Search (glob)
  │ "**/*.java" in src
  └ No matches found



● Read task.md
  └ 1 line read

● Read examples.md
  └ 208 lines read

● List directory listings
  └ 5 files found



● Read ParseException.java
  │ listings/ParseException.java
  └ 3 lines read

● Read IP.java
  │ listings/IP.java
  └ 10 lines read

● Read Network.java
  │ listings/Network.java
  └ 25 lines read

● Read guidelines.md
  └ 88 lines read



● Read README.md
  │ src/README.md
  └ 2 lines read

● Read checkstyle.xml
  └ 353 lines read



● Create package directory for Java source files (shell)
  │ mkdir -p /Users/nghalinh2711/Development/student-repos/wt2122final01/src/networkanalysis
  └ 1 line…

● Create ParseException.java +20
  └ src/networkanalysis/ParseException.java

● [turn-persistence] [turn-persistence] turn_end SKIPPED ai: no assistant message with content



● Compile ParseException.java to verify correctness (shell)
  │ cd /Users/nghalinh2711/Development/student-repos/wt2122final01 && javac -d target/classes
  │ src/networkanalysis/ParseException.java 2>&1
  └ 1 line…



● Update Task (MCP: agentic-memory) · backlogId: "1d8b7e9b-61d2-4a2d-a857-74c8186adb62", taskId: "3…
  └ Task "Implementiere ParseException" (3217cdd9-65c4-4303-bac2-142f2606903f) up...

● Update Scratchpad (MCP: agentic-memory) · sessionId: "8103ac4a-ad68-485c-8b9c-114a2d90d0e3", task…
  └ Scratchpad updated.



● Claim Next Task (MCP: agentic-memory) · backlogId: "1d8b7e9b-61d2-4a2d-a857-74c8186adb62"
  └ Claimed task "Implementiere IP-Klasse (IPv4-Adresse, Comparable)" (ab825175-3...



● Create IP.java +142
  └ src/networkanalysis/IP.java

● Compile IP.java to verify correctness (shell)
  │ cd /Users/nghalinh2711/Development/student-repos/wt2122final01 && javac -d target/classes
  │ src/networkanalysis/ParseException.java src/networkanalysis/IP.java 2>&1
  └ 1 line…

● [turn-persistence] [turn-persistence] turn_end SKIPPED ai: no assistant message with content



● Run quick IP validation tests (shell)
  │ cd /Users/nghalinh2711/Development/student-repos/wt2122final01 && cat > target/TestIP.java <<
  │ 'JAVAEOF'
  │ import networkanalysis.IP;
  │ import networkanalysis.ParseException;…
  └ 114 lines…



● Update Task (MCP: agentic-memory) · state: "done", taskId: "ab825175-3cd2-4220-aa2a-77a5b7c51ccf"…
  └ Task "Implementiere IP-Klasse (IPv4-Adresse, Comparable)" (ab825175-3cd2-4220...

● Claim Next Task (MCP: agentic-memory) · backlogId: "1d8b7e9b-61d2-4a2d-a857-74c8186adb62"
  └ Claimed task "Network: Graph-Datenstruktur, IP/Children-Konstruktor, equals, ...



● Create Network.java +664
  └ src/networkanalysis/Network.java



● Compile all three Java source files (shell)
  │ cd /Users/nghalinh2711/Development/student-repos/wt2122final01 && javac -d target/classes
  │ src/networkanalysis/ParseException.java src/networkanalysis/IP.java
  │ src/networkanalysis/Network.java 2>&1
  └ 1 line…



● Run the full example interaction test from examples.md (shell)
  │ cd /Users/nghalinh2711/Development/student-repos/wt2122final01 && cat > target/Test.java <<
  │ 'JAVAEOF'
  │ import java.util.List;
  │ import networkanalysis.IP;
  │ import networkanalysis.Network;…
  └ 111 lines…



● Debug test to diagnose failures (shell)
  │ cd /Users/nghalinh2711/Development/student-repos/wt2122final01 && cat > target/DebugTest.java
  │ << 'JAVAEOF'
  │ import java.util.List;
  │ import networkanalysis.IP;
  │ import networkanalysis.Network;…
  └ 93 lines…



● Edit Network.java +5 -8
  └ src/networkanalysis/Network.java



● Recompile and re-run the full example test (shell)
  │ cd /Users/nghalinh2711/Development/student-repos/wt2122final01 && javac -d target/classes
  │ src/networkanalysis/ParseException.java src/networkanalysis/IP.java
  │ src/networkanalysis/Network.java 2>&1 && javac -cp target/classes target/Test.java -d
  │ target/classes 2>&1 && java -cp target/classes Test 2>&1
  └ 17 lines…



✗ agentic_memory-update_task state: "done", taskId: "ae1308cc-1943-4dbc-85a9-8823d3e9bfb9", backlog…
  └ Tool 'agentic_memory-update_task' does not exist.

● Claim Next Task (MCP: agentic-memory) · backlogId: "1d8b7e9b-61d2-4a2d-a857-74c8186adb62"
  └ Cannot claim the next task — unresolved tasks are blocking:



● Update Task (MCP: agentic-memory) · state: "done", backlogId: "1d8b7e9b-61d2-4a2d-a857-74c8186adb…
  └ Task "Network: Graph-Datenstruktur, IP/Children-Konstruktor, equals, contains...

● Claim Next Task (MCP: agentic-memory) · backlogId: "1d8b7e9b-61d2-4a2d-a857-74c8186adb62"
  └ Claimed task "Network: Klammerschreibweise-Konstruktor" (368aada3-2cb2-4f63-9...

● [turn-persistence] [turn-persistence] turn_end SKIPPED ai: no assistant message with content



● Test bracket notation constructor with all examples (shell)
  │ cd /Users/nghalinh2711/Development/student-repos/wt2122final01 && cat >
  │ target/TestBracket.java << 'JAVAEOF'
  │ import networkanalysis.Network;
  │ import networkanalysis.ParseException;…
  └ 72 lines…



● Debug nested bracket notation parsing (shell)
  │ cd /Users/nghalinh2711/Development/student-repos/wt2122final01 && cat >
  │ target/TestBracket2.java << 'JAVAEOF'
  │ import networkanalysis.Network;
  │ import networkanalysis.ParseException;…
  └ 16 lines…



● Edit Network.java +1 -1
  └ src/networkanalysis/Network.java

● Recompile and test nested bracket parsing fix (shell)
  │ cd /Users/nghalinh2711/Development/student-repos/wt2122final01 && javac -d target/classes
  │ src/networkanalysis/ParseException.java src/networkanalysis/IP.java
  │ src/networkanalysis/Network.java 2>&1 && javac -cp target/classes target/TestBracket2.java -d
  │ target/classes 2>&1 && java -cp target/classes TestBracket2 2>&1
  └ 3 lines…

● [turn-persistence] [turn-persistence] turn_end SKIPPED ai: no assistant message with content



● Re-run full example test and bracket tests (shell)
  │ cd /Users/nghalinh2711/Development/student-repos/wt2122final01 && javac -cp target/classes
  │ target/Test.java -d target/classes 2>&1 && java -cp target/classes Test 2>&1 && echo "---" &&
  │ javac -cp target/classes target/TestBracket.java -d target/classes 2>&1 && java -cp
  │ target/classes TestBracket 2>&1
  └ 33 lines…



● Run Maven checkstyle validation (shell)
  │ cd /Users/nghalinh2711/Development/student-repos/wt2122final01 && mvn checkstyle:check -q 2>&1 |
  │ tail -30
  └ 31 lines…



● Read pom.xml
  └ 32 lines read



● Run checkstyle with project config (shell)
  │ cd /Users/nghalinh2711/Development/student-repos/wt2122final01 && mvn checkstyle:check
  │ -Dcheckstyle.config.location=checkstyle.xml -q 2>&1 | tail -30
  └ 8 lines…



● Edit ParseException.java +1 -1
  └ src/networkanalysis/ParseException.java

● Edit Network.java +1 -1
  └ src/networkanalysis/Network.java

● [turn-persistence] [turn-persistence] turn_end SKIPPED ai: no assistant message with content



● Recompile and re-run full example test (shell)
  │ cd /Users/nghalinh2711/Development/student-repos/wt2122final01 && javac -d target/classes
  │ src/networkanalysis/ParseException.java src/networkanalysis/IP.java
  │ src/networkanalysis/Network.java 2>&1 && javac -cp target/classes target/Test.java -d
  │ target/classes 2>&1 && java -cp target/classes Test 2>&1
  └ 17 lines…



● Check for lines exceeding 120 characters (shell)
  │ cd /Users/nghalinh2711/Development/student-repos/wt2122final01 && for f in
  │ src/networkanalysis/*.java; do echo "=== $f ==="; awk 'length > 120 {print "Line " NR ": "
  │ length " chars: " $0}' "$f"; done
  └ 4 lines…



● Update Task (MCP: agentic-memory) · state: "done", backlogId: "1d8b7e9b-61d2-4a2d-a857-74c8186adb…
  └ Task "Network: Klammerschreibweise-Konstruktor" (368aada3-2cb2-4f63-9518-acbe...

● Claim Next Task (MCP: agentic-memory) · backlogId: "1d8b7e9b-61d2-4a2d-a857-74c8186adb62"
  └ Claimed task "Network: getRoute und toString(root)" (7ca2e0bf-ee80-4895-ba63-...



● Test getRoute and toString edge cases (shell)
  │ cd /Users/nghalinh2711/Development/student-repos/wt2122final01 && cat >
  │ target/TestRouteString.java << 'JAVAEOF'
  │ import java.util.List;
  │ import networkanalysis.IP;
  │ import networkanalysis.Network;…
  └ 47 lines…



● Update Task (MCP: agentic-memory) · state: "done", backlogId: "1d8b7e9b-61d2-4a2d-a857-74c8186adb…
  └ Task "Network: getRoute und toString(root)" (7ca2e0bf-ee80-4895-ba63-5c457028...

● Claim Next Task (MCP: agentic-memory) · backlogId: "1d8b7e9b-61d2-4a2d-a857-74c8186adb62"
  └ Claimed task "Network: getHeight und getLevels" (ac651667-37d7-414f-972f-974e...



● Test getHeight and getLevels with re-rooting (shell)
  │ cd /Users/nghalinh2711/Development/student-repos/wt2122final01 && cat >
  │ target/TestHeightLevels.java << 'JAVAEOF'
  │ import java.util.List;
  │ import networkanalysis.IP;
  │ import networkanalysis.Network;…
  └ 66 lines…



● Update Task (MCP: agentic-memory) · state: "done", backlogId: "1d8b7e9b-61d2-4a2d-a857-74c8186adb…
  └ Task "Network: getHeight und getLevels" (ac651667-37d7-414f-972f-974e81ee89d0...

● Claim Next Task (MCP: agentic-memory) · backlogId: "1d8b7e9b-61d2-4a2d-a857-74c8186adb62"
  └ Claimed task "Network: connect und disconnect" (24746938-84b4-4bbe-98d1-a3e69...



● Test connect and disconnect edge cases (shell)
  │ cd /Users/nghalinh2711/Development/student-repos/wt2122final01 && cat >
  │ target/TestConnectDisconnect.java << 'JAVAEOF'
  │ import networkanalysis.IP;
  │ import networkanalysis.Network;
  │ import networkanalysis.ParseException;…
  └ 80 lines…



● Update Task (MCP: agentic-memory) · state: "done", backlogId: "1d8b7e9b-61d2-4a2d-a857-74c8186adb…
  └ Task "Network: connect und disconnect" (24746938-84b4-4bbe-98d1-a3e6981b40c6)...

● Claim Next Task (MCP: agentic-memory) · backlogId: "1d8b7e9b-61d2-4a2d-a857-74c8186adb62"
  └ Claimed task "Network: add(Network subnet)" (34be1da1-e28a-432c-9ed0-6e5626bf...



● Test add method edge cases (shell)
  │ cd /Users/nghalinh2711/Development/student-repos/wt2122final01 && cat > target/TestAdd.java <<
  │ 'JAVAEOF'
  │ import networkanalysis.IP;
  │ import networkanalysis.Network;
  │ import networkanalysis.ParseException;…
  └ 49 lines…



● Edit Network.java +3 -3
  └ src/networkanalysis/Network.java



● Edit Network.java +9 -6
  └ src/networkanalysis/Network.java

● Re-run all tests after add fix (shell)
  │ cd /Users/nghalinh2711/Development/student-repos/wt2122final01 && javac -d target/classes
  │ src/networkanalysis/ParseException.java src/networkanalysis/IP.java
  │ src/networkanalysis/Network.java 2>&1 && javac -cp target/classes target/Test.java -d
  │ target/classes 2>&1 && java -cp target/classes Test 2>&1 && echo "---" && javac -cp
  │ target/classes target/TestAdd.java -d target/classes 2>&1 && java -cp target/classes TestAdd …
  └ 28 lines…

● [turn-persistence] [turn-persistence] turn_end SKIPPED ai: no assistant message with content



● Claim Next Task (MCP: agentic-memory) · backlogId: "1d8b7e9b-61d2-4a2d-a857-74c8186adb62"
  └ Cannot claim the next task — unresolved tasks are blocking:

● Update Task (MCP: agentic-memory) · state: "done", backlogId: "1d8b7e9b-61d2-4a2d-a857-74c8186adb…
  └ Task "Network: add(Network subnet)" (34be1da1-e28a-432c-9ed0-6e5626bffbc6) up...



● Claim Next Task (MCP: agentic-memory) · backlogId: "1d8b7e9b-61d2-4a2d-a857-74c8186adb62"
  └ Claimed task "JavaDoc, Package-Organisation und Pflichttest-Verifikation" (46...



● Comprehensive formal requirement check (shell)
  │ cd /Users/nghalinh2711/Development/student-repos/wt2122final01 && echo "=== Packages ===" &&
  │ head -1 src/networkanalysis/*.java && echo "" && echo "=== Imports check ===" && grep "^import
  │ " src/networkanalysis/Network.java && echo "" && echo "=== No main/System.exit ===" && grep
  │ -n "main\|System.exit\|Runtime.exit" src/networkanalysis/*.java || echo "None found (good)" &&
  │ echo "" && echo "=== JavaDoc coverage ===" && for f in src/networkanalysis/*.java; do echo …
  └ 38 lines…



● Read ParseException.java
  │ src/networkanalysis/ParseException.java
  └ 19 lines read

● Read IP.java
  │ src/networkanalysis/IP.java
  └ 141 lines read

● Final comprehensive validation (shell)
  │ cd /Users/nghalinh2711/Development/student-repos/wt2122final01 && echo "=== Line length check
  │ ===" && awk 'length > 120 {print FILENAME ":" NR ": " length " chars"}'
  │ src/networkanalysis/*.java | head -5 && echo "Done" && echo "" && echo "=== All public methods
  │ in Network.java ===" && grep -n "public " src/networkanalysis/Network.java | grep -v
  │ "//\|private\|protected" | head -20 && echo "" && echo "=== Compilation check ===" && javac -d…
  └ 43 lines…

● [turn-persistence] [turn-persistence] turn_end SKIPPED ai: no assistant message with content



● Clean up temporary test files (shell)
  │ rm -f /Users/nghalinh2711/Development/student-repos/wt2122final01/target/Test*.java
  │ /Users/nghalinh2711/Development/student-repos/wt2122final01/target/Test*.class
  │ /Users/nghalinh2711/Development/student-repos/wt2122final01/target/DebugTest*.class
  └ 1 line…

● Update Task (MCP: agentic-memory) · backlogId: "1d8b7e9b-61d2-4a2d-a857-74c8186adb62", state: "do…
  └ Task "JavaDoc, Package-Organisation und Pflichttest-Verifikation" (46a0f7de-2...

● Claim Next Task (MCP: agentic-memory) · backlogId: "1d8b7e9b-61d2-4a2d-a857-74c8186adb62"
  └ No claimable to_do task remains in this backlog.

● [turn-persistence] [turn-persistence] turn_end SKIPPED ai: no assistant message with content



● Get Tasks (MCP: agentic-memory) · backlogId: "1d8b7e9b-61d2-4a2d-a857-74c8186adb62"
  └ 1. [done] (p10) Implementiere ParseException — Implementiere die Klasse Parse...







Changes    +846 -20
Duration   10m 47s
Tokens     ↑ 3.9m (3.8m cached) • ↓ 42.2k (18.8k reasoning)
[delivery] Coding agent exited with code 0
[delivery] Backlog verification passed.
[delivery] Phase E: Feedback

[delivery] Feedback agent — interactive session.
[delivery] Provide feedback to the agent. Exit the session (Ctrl+C or /exit) when done.

