
===== wt2223final02 started at 2026-07-16T07:22:49Z =====
PROGRAMMING_DIR=/Users/nghalinh2711/Development/student-repos/wt2223final02
COMMAND=pnpm delivery:run -- --exercise --dry-run

$ tsx delivery/run.ts -- --exercise --dry-run
/Users/nghalinh2711/Development/ha-linh-nguyen/Implementierung/delivery/lib/cli/args.ts:82
        throw new Error(`Unknown argument: ${arg}`);
              ^

Error: Unknown argument: --
    at parseCoordinatorArgs (/Users/nghalinh2711/Development/ha-linh-nguyen/Implementierung/delivery/lib/cli/args.ts:82:15)
    at <anonymous> (/Users/nghalinh2711/Development/ha-linh-nguyen/Implementierung/delivery/run.ts:169:14)
    at ModuleJob.run (node:internal/modules/esm/module_job:413:25)
    at async onImport.tracePromise.__proto__ (node:internal/modules/esm/loader:660:26)
    at async asyncRunEntryPointWithESMLoader (node:internal/modules/run_main:101:5)

Node.js v24.12.0
[ELIFECYCLE] Command failed with exit code 1.

===== wt2223final02 started at 2026-07-16T07:23:20Z =====
PROGRAMMING_DIR=/Users/nghalinh2711/Development/student-repos/wt2223final02
COMMAND=pnpm delivery:run -- --exercise --dry-run

$ tsx delivery/run.ts -- --exercise --dry-run
/Users/nghalinh2711/Development/ha-linh-nguyen/Implementierung/delivery/lib/cli/args.ts:82
        throw new Error(`Unknown argument: ${arg}`);
              ^

Error: Unknown argument: --
    at parseCoordinatorArgs (/Users/nghalinh2711/Development/ha-linh-nguyen/Implementierung/delivery/lib/cli/args.ts:82:15)
    at <anonymous> (/Users/nghalinh2711/Development/ha-linh-nguyen/Implementierung/delivery/run.ts:169:14)
    at ModuleJob.run (node:internal/modules/esm/module_job:413:25)
    at async onImport.tracePromise.__proto__ (node:internal/modules/esm/loader:660:26)
    at async asyncRunEntryPointWithESMLoader (node:internal/modules/run_main:101:5)

Node.js v24.12.0
[ELIFECYCLE] Command failed with exit code 1.

===== wt2223final02 started at 2026-07-16T07:27:11Z =====
PROGRAMMING_DIR=/Users/nghalinh2711/Development/student-repos/wt2223final02
COMMAND=pnpm delivery:run -- --exercise 

delivery/scripts/run-exercises.sh: line 382: DELIVERY_ARGS[@]: unbound variable

===== wt2223final02 started at 2026-07-16T07:28:30Z =====
PROGRAMMING_DIR=/Users/nghalinh2711/Development/student-repos/wt2223final02
COMMAND=pnpm delivery:run --exercise 

delivery/scripts/run-exercises.sh: line 382: DELIVERY_ARGS[@]: unbound variable

===== wt2223final02 started at 2026-07-16T07:29:29Z =====
PROGRAMMING_DIR=/Users/nghalinh2711/Development/student-repos/wt2223final02
COMMAND=pnpm delivery:run --exercise 

delivery/scripts/run-exercises.sh: line 382: DELIVERY_ARGS[@]: unbound variable

===== wt2223final02 started at 2026-07-16T07:31:54Z =====
PROGRAMMING_DIR=/Users/nghalinh2711/Development/student-repos/wt2223final02
COMMAND=pnpm delivery:run -- --exercise 

$ tsx delivery/run.ts -- --exercise
/Users/nghalinh2711/Development/ha-linh-nguyen/Implementierung/delivery/lib/cli/args.ts:82
        throw new Error(`Unknown argument: ${arg}`);
              ^

Error: Unknown argument: --
    at parseCoordinatorArgs (/Users/nghalinh2711/Development/ha-linh-nguyen/Implementierung/delivery/lib/cli/args.ts:82:15)
    at <anonymous> (/Users/nghalinh2711/Development/ha-linh-nguyen/Implementierung/delivery/run.ts:169:14)
    at ModuleJob.run (node:internal/modules/esm/module_job:413:25)
    at async onImport.tracePromise.__proto__ (node:internal/modules/esm/loader:660:26)
    at async asyncRunEntryPointWithESMLoader (node:internal/modules/run_main:101:5)

Node.js v24.12.0
[ELIFECYCLE] Command failed with exit code 1.

===== wt2223final02 started at 2026-07-16T09:08:19Z =====
PROGRAMMING_DIR=/Users/nghalinh2711/Development/student-repos/wt2223final02
COMMAND=pnpm delivery:run --exercise 

$ tsx delivery/run.ts --exercise

[delivery] Run ID: 20260716-110820
[delivery] Assignment: /Users/nghalinh2711/Development/student-repos/wt2223final02
[delivery] Assignment ID: wt2223final02
[delivery] Coding session: 20260716-110820-coding
[delivery] Requirements session: 20260716-110820-req
[delivery] Requirements log: /Users/nghalinh2711/Development/sandbox/20260716-110820/requirements-output.log

[delivery] Phase A: Requirements

[delivery:requirements] Exercise stream: 13 turns for wt2223final02 (starting at turn 1)
[delivery:requirements] Output log: /Users/nghalinh2711/Development/sandbox/20260716-110820/requirements-output.log
[delivery:requirements] Turn 1/13: Introduction
● adaptive-memory extension active (role=requirements, memorySession=20260716-110820-req) - type
  /memory-help. MCP tools registered (memory=false, backlog=true).







Changes    +0 -0
Duration   8s
Tokens     ↑ 16.5k (16.3k cached) • ↓ 310 (219 reasoning)
[delivery:requirements] Turn 1/13 complete
[delivery:requirements] Turn 2/13: task.md — segment 1/11 — Abschlussaufgabe 2 — Verkehrssimulation
● adaptive-memory extension active (role=requirements, memorySession=20260716-110820-req) - type
  /memory-help. MCP tools registered (memory=false, backlog=true).







Changes    +0 -0
Duration   18s
Tokens     ↑ 16.8k (16.5k cached) • ↓ 167 (67 reasoning)
[delivery:requirements] Turn 2/13 complete
[delivery:requirements] Turn 3/13: task.md — segment 2/11 — Abschlussaufgabe 2 — Verkehrssimulation > 1 Verkehrssimulation
● adaptive-memory extension active (role=requirements, memorySession=20260716-110820-req) - type
  /memory-help. MCP tools registered (memory=false, backlog=true).







Changes    +0 -0
Duration   28s
Tokens     ↑ 17.3k (16.8k cached) • ↓ 330 (168 reasoning)
[delivery:requirements] Turn 3/13 complete
[delivery:requirements] Turn 4/13: task.md — segment 3/11 — Abschlussaufgabe 2 — Verkehrssimulation > 2 Simulationselemente
● adaptive-memory extension active (role=requirements, memorySession=20260716-110820-req) - type
  /memory-help. MCP tools registered (memory=false, backlog=true).







Changes    +0 -0
Duration   46s
Tokens     ↑ 19.0k (17.2k cached) • ↓ 788 (506 reasoning)
[delivery:requirements] Turn 4/13 complete
[delivery:requirements] Turn 5/13: task.md — segment 4/11 — Abschlussaufgabe 2 — Verkehrssimulation > 3 Simulationsaufbau
● adaptive-memory extension active (role=requirements, memorySession=20260716-110820-req) - type
  /memory-help. MCP tools registered (memory=false, backlog=true).







Changes    +0 -0
Duration   59s
Tokens     ↑ 19.8k (18.9k cached) • ↓ 436 (297 reasoning)
[delivery:requirements] Turn 5/13 complete
[delivery:requirements] Turn 6/13: task.md — segment 5/11 — Abschlussaufgabe 2 — Verkehrssimulation > 4 Simulationsschritte
● adaptive-memory extension active (role=requirements, memorySession=20260716-110820-req) - type
  /memory-help. MCP tools registered (memory=false, backlog=true).







Changes    +0 -0
Duration   1m 16s
Tokens     ↑ 21.9k (19.7k cached) • ↓ 738 (427 reasoning)
[delivery:requirements] Turn 6/13 complete
[delivery:requirements] Turn 7/13: task.md — segment 6/11 — Abschlussaufgabe 2 — Verkehrssimulation > 5 Simulationsdateien
● adaptive-memory extension active (role=requirements, memorySession=20260716-110820-req) - type
  /memory-help. MCP tools registered (memory=false, backlog=true).







Changes    +0 -0
Duration   1m 27s
Tokens     ↑ 23.2k (21.8k cached) • ↓ 340 (138 reasoning)
[delivery:requirements] Turn 7/13 complete
[delivery:requirements] Turn 8/13: task.md — segment 7/11 — Abschlussaufgabe 2 — Verkehrssimulation > 6 Benutzerschnittstelle
● adaptive-memory extension active (role=requirements, memorySession=20260716-110820-req) - type
  /memory-help. MCP tools registered (memory=false, backlog=true).







Changes    +0 -0
Duration   1m 38s
Tokens     ↑ 24.8k (23.0k cached) • ↓ 366 (157 reasoning)
[delivery:requirements] Turn 8/13 complete
[delivery:requirements] Turn 9/13: task.md — segment 8/11 — Abschlussaufgabe 2 — Verkehrssimulation > 7 Beispielinteraktion
● adaptive-memory extension active (role=requirements, memorySession=20260716-110820-req) - type
  /memory-help. MCP tools registered (memory=false, backlog=true).







Changes    +0 -0
Duration   1m 44s
Tokens     ↑ 25.3k (24.7k cached) • ↓ 71 (25 reasoning)
[delivery:requirements] Turn 9/13 complete
[delivery:requirements] Turn 10/13: task.md — segment 9/11 — Abschlussaufgabe 2 — Verkehrssimulation > 8 Tipp: Visualisierung des Straßennetzwerks
● adaptive-memory extension active (role=requirements, memorySession=20260716-110820-req) - type
  /memory-help. MCP tools registered (memory=false, backlog=true).







Changes    +0 -0
Duration   1m 52s
Tokens     ↑ 25.7k (25.2k cached) • ↓ 75 (37 reasoning)
[delivery:requirements] Turn 10/13 complete
[delivery:requirements] Turn 11/13: examples.md — segment 10/11 — Beispiele — Abschlussaufgabe 2 (Verkehrssimulation)
● adaptive-memory extension active (role=requirements, memorySession=20260716-110820-req) - type
  /memory-help. MCP tools registered (memory=false, backlog=true).







Changes    +0 -0
Duration   2m 12s
Tokens     ↑ 28.4k (25.6k cached) • ↓ 922 (668 reasoning)
[delivery:requirements] Turn 11/13 complete
[delivery:requirements] Turn 12/13: guidelines.md — segment 11/11 — Implementierungsrichtlinien — Abschlussaufgabe 2 (WS 2022/23)
● adaptive-memory extension active (role=requirements, memorySession=20260716-110820-req) - type
  /memory-help. MCP tools registered (memory=false, backlog=true).







Changes    +0 -0
Duration   2m 43s
Tokens     ↑ 31.2k (28.3k cached) • ↓ 1.6k (778 reasoning)
[delivery:requirements] Turn 12/13 complete
[delivery:requirements] Turn 13/13: Finalize backlog creation
● adaptive-memory extension active (role=requirements, memorySession=20260716-110820-req) - type
  /memory-help. MCP tools registered (memory=false, backlog=true).



● Create Backlog (MCP: agentic-memory) · CLI-basierte Verkehrssimulation in Java SE 17. Diskretes S…
  └ Backlog "Verkehrssimulation — Abschlussaufgabe 2" created with id: 789709df-1...



● Create Tasks (MCP: agentic-memory) · backlogId: "789709df-1ed1-4e9a-9550-a18f33260c7f", tasks: [1…
  └ Created 18 task(s) in backlog 789709df-1ed1-4e9a-9550-a18f33260c7f.



● Get Tasks (MCP: agentic-memory) · backlogId: "789709df-1ed1-4e9a-9550-a18f33260c7f", state: "to_d…
  └ Output too large to read at once (24.8 KB). Saved to: /var/folders/fs/p8fxyq6...







Changes    +0 -0
Duration   4m 40s
Tokens     ↑ 153.1k (144.8k cached) • ↓ 6.5k (3.2k reasoning)
[delivery:requirements] Turn 13/13 complete
[delivery:requirements] Exercise requirements stream complete — advancing to backlog discovery
[delivery] Phase B: Backlog discovery
[delivery] Using backlog: "Verkehrssimulation — Abschlussaufgabe 2" (789709df-1ed1-4e9a-9550-a18f33260c7f)
[delivery] Backlog: "Verkehrssimulation — Abschlussaufgabe 2" (789709df-1ed1-4e9a-9550-a18f33260c7f)

[delivery] Phase C: Coding

● adaptive-memory extension active (role=coding, memorySession=20260716-110820-coding) - type
  /memory-help. MCP tools registered (memory=false, backlog=true).

● List Backlogs (MCP: agentic-memory)
  └ - Verkehrssimulation — Abschlussaufgabe 2 (789709df-1ed1-4e9a-9550-a18f33260c...



● Claim Next Task (MCP: agentic-memory) · backlogId: "789709df-1ed1-4e9a-9550-a18f33260c7f"
  └ Claimed task "Implement StreetNode class" (9ed79a9e-b91b-4d98-a1b0-f5e376a1b3...



● Search (glob)
  │ "**/build.*"
  └ No matches found

● Search (glob)
  │ "**/*.java"
  └ 1 file found

● Search (glob)
  │ "**/*.sim"
  └ 30 files found

● Read SimulationFileLoader.java
  │ src/edu/kit/kastel/trafficsimulation/io/SimulationFileLoader.java
  └ 107 lines read

● Read streets.sim
  │ files/basic/streets.sim
  └ 2 lines read

● Read crossings.sim
  │ files/basic/crossings.sim
  └ 2 lines read

● Read cars.sim
  │ files/basic/cars.sim
  └ 2 lines read



● Read crossings.sim
  │ files/advanced/crossings.sim
  └ 5 lines read

● Read streets.sim
  │ files/advanced/streets.sim
  └ 8 lines read

● Read streets.sim
  │ files/dense/streets.sim
  └ 8 lines read

● Read cars.sim
  │ files/advanced/cars.sim
  └ 28 lines read

● Read streets.sim
  │ files/advanced2/streets.sim
  └ 8 lines read



● Search (glob)
  │ "listings/**/*"
  └ 15 files found

● Search (glob)
  │ "*"
  └ 83 files found

● Read task.md
  └ 1 line read

● Read pom.xml
  └ 31 lines read

● Read task.md
  └ L1:80 (79 lines read)

● Read task.md
  └ L80:180 (101 lines read)

● Read task.md
  └ L180:280 (101 lines read)



● Create package directory for main simulation classes (shell)
  │ mkdir -p
  │ /Users/nghalinh2711/Development/student-repos/wt2223final02/src/edu/kit/kastel/trafficsimulation
  └ 1 line…

● Create StreetNode.java +120
  └ src/edu/kit/kastel/trafficsimulation/StreetNode.java



● Compile with Maven to verify (shell)
  │ cd /Users/nghalinh2711/Development/student-repos/wt2223final02 && mvn compile --quiet 2>&1 |
  │ tail -20
  └ 2 lines…

● Check for javac availability (shell)
  │ which javac && javac --version 2>&1 || echo "No javac"
  └ 3 lines…

● Try compiling to check syntax (shell)
  │ cd /Users/nghalinh2711/Development/student-repos/wt2223final02 && javac --release 21 -d build
  │ src/edu/kit/kastel/trafficsimulation/StreetNode.java 2>&1
  └ 37 lines…



● Update Task (MCP: agentic-memory) · backlogId: "789709df-1ed1-4e9a-9550-a18f33260c7f", taskId: "9…
  └ Task "Implement StreetNode class" (9ed79a9e-b91b-4d98-a1b0-f5e376a1b348) upda...



● Claim Next Task (MCP: agentic-memory) · backlogId: "789709df-1ed1-4e9a-9550-a18f33260c7f"
  └ Claimed task "Implement Street class" (61fe8f94-88a9-4e17-847d-f973f4afb1bf) ...



● Create Street.java +235
  └ src/edu/kit/kastel/trafficsimulation/Street.java

● Compile Street.java to check for errors (shell)
  │ cd /Users/nghalinh2711/Development/student-repos/wt2223final02 && javac --release 21 -d build
  │ src/edu/kit/kastel/trafficsimulation/Street.java 2>&1
  └ 67 lines…



● Update Task (MCP: agentic-memory) · backlogId: "789709df-1ed1-4e9a-9550-a18f33260c7f", taskId: "6…
  └ Task "Implement Street class" (61fe8f94-88a9-4e17-847d-f973f4afb1bf) updated ...

● Claim Next Task (MCP: agentic-memory) · backlogId: "789709df-1ed1-4e9a-9550-a18f33260c7f"
  └ Claimed task "Implement Car class" (754ebce8-80e0-4b03-b576-dd99bcbdb16c) and...

● Create Car.java +191
  └ src/edu/kit/kastel/trafficsimulation/Car.java

● Compile all three classes together (shell)
  │ cd /Users/nghalinh2711/Development/student-repos/wt2223final02 && javac --release 21 -d build
  │ src/edu/kit/kastel/trafficsimulation/*.java 2>&1
  └ 1 line…



● Update Task (MCP: agentic-memory) · backlogId: "789709df-1ed1-4e9a-9550-a18f33260c7f", taskId: "7…
  └ Task "Implement Car class" (754ebce8-80e0-4b03-b576-dd99bcbdb16c) updated to ...

● Claim Next Task (MCP: agentic-memory) · backlogId: "789709df-1ed1-4e9a-9550-a18f33260c7f"
  └ Claimed task "Implement Crossing class" (6a12d9f9-67d8-4f03-8948-06f2158190b9...

● Create Crossing.java +98
  └ src/edu/kit/kastel/trafficsimulation/Crossing.java

● Compile all classes including Crossing (shell)
  │ cd /Users/nghalinh2711/Development/student-repos/wt2223final02 && javac --release 21 -d build
  │ src/edu/kit/kastel/trafficsimulation/*.java 2>&1
  └ 1 line…



● Update Task (MCP: agentic-memory) · backlogId: "789709df-1ed1-4e9a-9550-a18f33260c7f", taskId: "6…
  └ Task "Implement Crossing class" (6a12d9f9-67d8-4f03-8948-06f2158190b9) update...

● Claim Next Task (MCP: agentic-memory) · backlogId: "789709df-1ed1-4e9a-9550-a18f33260c7f"
  └ Claimed task "Implement Roundabout class" (e13ac491-6899-4d4c-b81f-8f87ee26e1...

● Create Roundabout.java +35
  └ src/edu/kit/kastel/trafficsimulation/Roundabout.java

● Compile all classes including Roundabout (shell)
  │ cd /Users/nghalinh2711/Development/student-repos/wt2223final02 && javac --release 21 -d build
  │ src/edu/kit/kastel/trafficsimulation/*.java 2>&1
  └ 1 line…



● Update Task (MCP: agentic-memory) · backlogId: "789709df-1ed1-4e9a-9550-a18f33260c7f", taskId: "e…
  └ Task "Implement Roundabout class" (e13ac491-6899-4d4c-b81f-8f87ee26e1d5) upda...

● Claim Next Task (MCP: agentic-memory) · backlogId: "789709df-1ed1-4e9a-9550-a18f33260c7f"
  └ Claimed task "Implement network builder and validator" (b47be5d7-f3de-47a7-8d...



● Read task.md
  └ L280:380 (43 lines read)

● Read examples.md
  └ L1:80 (80 lines read)

● Create SimulationNetwork.java +284
  └ src/edu/kit/kastel/trafficsimulation/SimulationNetwork.java



● Create SimulationException.java +23
  └ src/edu/kit/kastel/trafficsimulation/SimulationException.java

● Compile all classes together (shell)
  │ cd /Users/nghalinh2711/Development/student-repos/wt2223final02 && javac --release 21 -d build
  │ src/edu/kit/kastel/trafficsimulation/*.java 2>&1
  └ 1 line…



● Edit SimulationNetwork.java +2 -2
  └ src/edu/kit/kastel/trafficsimulation/SimulationNetwork.java

● Recompile after edit (shell)
  │ cd /Users/nghalinh2711/Development/student-repos/wt2223final02 && javac --release 21 -d build
  │ src/edu/kit/kastel/trafficsimulation/*.java 2>&1
  └ 1 line…



● Update Task (MCP: agentic-memory) · backlogId: "789709df-1ed1-4e9a-9550-a18f33260c7f", taskId: "b…
  └ Task "Implement network builder and validator" (b47be5d7-f3de-47a7-8d47-5d36a...

● Claim Next Task (MCP: agentic-memory) · backlogId: "789709df-1ed1-4e9a-9550-a18f33260c7f"
  └ Claimed task "Implement file parsing for all .sim formats" (5c87c6aa-9a2c-427...



● Create ParsedStreet.java +14
  └ src/edu/kit/kastel/trafficsimulation/ParsedStreet.java

● Create ParsedCrossing.java +11
  └ src/edu/kit/kastel/trafficsimulation/ParsedCrossing.java

● Create ParsedCar.java +13
  └ src/edu/kit/kastel/trafficsimulation/ParsedCar.java



● Create SimulationFileParser.java +176
  └ src/edu/kit/kastel/trafficsimulation/SimulationFileParser.java



● Create ParsedSimulationData.java +31
  └ src/edu/kit/kastel/trafficsimulation/ParsedSimulationData.java



● Read SimulationNetwork.java
  │ src/edu/kit/kastel/trafficsimulation/SimulationNetwork.java
  └ 283 lines read

● Edit SimulationNetwork.java +28 -102
  └ src/edu/kit/kastel/trafficsimulation/SimulationNetwork.java

● Compile all simulation classes (shell)
  │ cd /Users/nghalinh2711/Development/student-repos/wt2223final02 && javac --release 21 -d build
  │ src/edu/kit/kastel/trafficsimulation/*.java 2>&1
  └ 15 lines…

● Compile all classes including io package (shell)
  │ cd /Users/nghalinh2711/Development/student-repos/wt2223final02 && javac --release 21 -d build
  │ src/edu/kit/kastel/trafficsimulation/*.java src/edu/kit/kastel/trafficsimulation/io/*.java 2>&1
  └ 1 line…



● Update Task (MCP: agentic-memory) · backlogId: "789709df-1ed1-4e9a-9550-a18f33260c7f", taskId: "5…
  └ Task "Implement file parsing for all .sim formats" (5c87c6aa-9a2c-4278-901b-b...

● Claim Next Task (MCP: agentic-memory) · backlogId: "789709df-1ed1-4e9a-9550-a18f33260c7f"
  └ Claimed task "Implement car movement logic" (6b935eaf-83ed-4aee-8806-eacff38d...



● Create CarMovementResult.java +13
  └ src/edu/kit/kastel/trafficsimulation/CarMovementResult.java



● Create SimulationEngine.java +249
  └ src/edu/kit/kastel/trafficsimulation/SimulationEngine.java

● Compile all classes (shell)
  │ cd /Users/nghalinh2711/Development/student-repos/wt2223final02 && javac --release 21 -d build
  │ src/edu/kit/kastel/trafficsimulation/*.java src/edu/kit/kastel/trafficsimulation/io/*.java 2>&1
  └ 1 line…



● Update Task (MCP: agentic-memory) · backlogId: "789709df-1ed1-4e9a-9550-a18f33260c7f", taskId: "6…
  └ Task "Implement car movement logic" (6b935eaf-83ed-4aee-8806-eacff38d36d3) up...

● Claim Next Task (MCP: agentic-memory) · backlogId: "789709df-1ed1-4e9a-9550-a18f33260c7f"
  └ Claimed task "Implement crossing tick update" (b1e86871-9dbe-4049-ae04-66bfe6...



● Update Task (MCP: agentic-memory) · backlogId: "789709df-1ed1-4e9a-9550-a18f33260c7f", taskId: "b…
  └ Task "Implement crossing tick update" (b1e86871-9dbe-4049-ae04-66bfe660e470) ...

● Claim Next Task (MCP: agentic-memory) · backlogId: "789709df-1ed1-4e9a-9550-a18f33260c7f"
  └ Claimed task "Implement street tick update with overtaking and turning" (3cfe...



● Edit StreetNode.java +10
  └ src/edu/kit/kastel/trafficsimulation/StreetNode.java



● Edit SimulationEngine.java +107 -51
  └ src/edu/kit/kastel/trafficsimulation/SimulationEngine.java

● Compile all classes (shell)
  │ cd /Users/nghalinh2711/Development/student-repos/wt2223final02 && javac --release 21 -d build
  │ src/edu/kit/kastel/trafficsimulation/*.java src/edu/kit/kastel/trafficsimulation/io/*.java 2>&1
  └ 1 line…



● Update Task (MCP: agentic-memory) · backlogId: "789709df-1ed1-4e9a-9550-a18f33260c7f", taskId: "3…
  └ Task "Implement street tick update with overtaking and turning" (3cfe7d28-b88...

● Claim Next Task (MCP: agentic-memory) · backlogId: "789709df-1ed1-4e9a-9550-a18f33260c7f"
  └ Claimed task "Implement simulation engine" (c6c83af7-81f7-4a97-91e8-62e64c979...



● Update Task (MCP: agentic-memory) · backlogId: "789709df-1ed1-4e9a-9550-a18f33260c7f", taskId: "c…
  └ Task "Implement simulation engine" (c6c83af7-81f7-4a97-91e8-62e64c97995d) upd...

● Claim Next Task (MCP: agentic-memory) · backlogId: "789709df-1ed1-4e9a-9550-a18f33260c7f"
  └ Claimed task "Implement CLI command loop and command parser" (ab9fee04-1052-4...



● Create TrafficSimulation.java +150
  └ src/edu/kit/kastel/trafficsimulation/TrafficSimulation.java

● Compile all classes (shell)
  │ cd /Users/nghalinh2711/Development/student-repos/wt2223final02 && javac --release 21 -d build
  │ src/edu/kit/kastel/trafficsimulation/*.java src/edu/kit/kastel/trafficsimulation/io/*.java 2>&1
  └ 1 line…



● Smoke test: load basic scenario, simulate, position (shell)
  │ cd /Users/nghalinh2711/Development/student-repos/wt2223final02 && echo -e "load
  │ files/basic\nsimulate 1\nposition 0\nposition 1\nquit" | java -cp build
  │ edu.kit.kastel.trafficsimulation.TrafficSimulation 2>&1
  └ 5 lines…



● Test error handling for bad commands (shell)
  │ cd /Users/nghalinh2711/Development/student-repos/wt2223final02 && echo -e "simulate
  │ 1\nbadcommand\nposition abc\nquit" | java -cp build
  │ edu.kit.kastel.trafficsimulation.TrafficSimulation 2>&1
  └ 4 lines…



● Update Task (MCP: agentic-memory) · backlogId: "789709df-1ed1-4e9a-9550-a18f33260c7f", taskId: "a…
  └ Task "Implement CLI command loop and command parser" (ab9fee04-1052-4fe7-b5ce...

● Claim Next Task (MCP: agentic-memory) · backlogId: "789709df-1ed1-4e9a-9550-a18f33260c7f"
  └ Claimed task "Implement load command" (83bc6bb6-f791-4c7a-8fa6-a040d64002a9) ...



● Test multiple loads (shell)
  │ cd /Users/nghalinh2711/Development/student-repos/wt2223final02 && echo -e "load
  │ files/basic\nposition 0\nload files/advanced\nposition 0\nquit" | java -cp build
  │ edu.kit.kastel.trafficsimulation.TrafficSimulation 2>&1
  └ 5 lines…



● Update Task (MCP: agentic-memory) · backlogId: "789709df-1ed1-4e9a-9550-a18f33260c7f", taskId: "8…
  └ Task "Implement load command" (83bc6bb6-f791-4c7a-8fa6-a040d64002a9) updated ...

● Claim Next Task (MCP: agentic-memory) · backlogId: "789709df-1ed1-4e9a-9550-a18f33260c7f"
  └ Claimed task "Implement position command" (98c74e27-da75-4265-a0fa-65fcdb6d11...



● Edit TrafficSimulation.java +2 -2
  └ src/edu/kit/kastel/trafficsimulation/TrafficSimulation.java



● Read examples.md
  └ L80:200 (121 lines read)

● Search (grep)
  │ "%>|^> |READY|Error:"
  └ 42 lines found

● Read examples.md
  └ L305:370 (63 lines read)



● Edit TrafficSimulation.java +1 -1
  └ src/edu/kit/kastel/trafficsimulation/TrafficSimulation.java



● Run full example interaction from examples.md (shell)
  │ cd /Users/nghalinh2711/Development/student-repos/wt2223final02 && echo -e "load
  │ files/basic\nposition 0\nsimulate 1\nposition 0\nposition 1\nsimulate 3\nposition 0\nposition
  │ 1\nsimulate 2\nposition 0\nposition 1\nload files/advanced\nsimulate 29\nposition 0\nposition
  │ 1\nposition 3\nposition 7\nposition 12\nposition 17\nposition 22\nposition 27\nposition
  │ 32\nquit" | java -cp build edu.kit.kastel.trafficsimulation.TrafficSimulation 2>&1
  └ 23 lines…



● Edit SimulationEngine.java +8 -3
  └ src/edu/kit/kastel/trafficsimulation/SimulationEngine.java

● Recompile and re-run the example (shell)
  │ cd /Users/nghalinh2711/Development/student-repos/wt2223final02 && javac --release 21 -d build
  │ src/edu/kit/kastel/trafficsimulation/*.java src/edu/kit/kastel/trafficsimulation/io/*.java 2>&1
  │ && echo -e "load files/basic\nposition 0\nsimulate 1\nposition 0\nposition 1\nsimulate
  │ 3\nposition 0\nposition 1\nsimulate 2\nposition 0\nposition 1\nquit" | java -cp build
  │ edu.kit.kastel.trafficsimulation.TrafficSimulation 2>&1
  └ 12 lines…



● Debug test: simulate 4 ticks directly (shell)
  │ cd /Users/nghalinh2711/Development/student-repos/wt2223final02 && echo -e "load
  │ files/basic\nsimulate 4\nposition 0\nposition 1\nquit" | java -cp build
  │ edu.kit.kastel.trafficsimulation.TrafficSimulation 2>&1
  └ 5 lines…



● Debug with trace output (shell)
  │ cd /Users/nghalinh2711/Development/student-repos/wt2223final02 && cat > /tmp/DebugEngine.java
  │ << 'JAVAEOF'
  │ package edu.kit.kastel.trafficsimulation;
  │
  │ class DebugEngine extends SimulationEngine {…
  └ 16 lines…

● Edit SimulationEngine.java +4
  └ src/edu/kit/kastel/trafficsimulation/SimulationEngine.java

● Edit SimulationEngine.java +7
  └ src/edu/kit/kastel/trafficsimulation/SimulationEngine.java

● Run with debug trace for 4 ticks (shell)
  │ cd /Users/nghalinh2711/Development/student-repos/wt2223final02 && javac --release 21 -d build
  │ src/edu/kit/kastel/trafficsimulation/*.java src/edu/kit/kastel/trafficsimulation/io/*.java 2>&1
  │ && echo -e "load files/basic\nsimulate 4\nposition 0\nposition 1\nquit" | java -cp build
  │ edu.kit.kastel.trafficsimulation.TrafficSimulation 2>&1
  └ 29 lines…



● Edit SimulationEngine.java +3 -3
  └ src/edu/kit/kastel/trafficsimulation/SimulationEngine.java

● Recompile and test with debug (shell)
  │ cd /Users/nghalinh2711/Development/student-repos/wt2223final02 && javac --release 21 -d build
  │ src/edu/kit/kastel/trafficsimulation/*.java src/edu/kit/kastel/trafficsimulation/io/*.java 2>&1
  │ && echo -e "load files/basic\nsimulate 4\nposition 0\nposition 1\nquit" | java -cp build
  │ edu.kit.kastel.trafficsimulation.TrafficSimulation 2>&1
  └ 29 lines…



● Edit SimulationEngine.java -7
  └ src/edu/kit/kastel/trafficsimulation/SimulationEngine.java

● Edit SimulationEngine.java -4
  └ src/edu/kit/kastel/trafficsimulation/SimulationEngine.java



● Full example interaction test (shell)
  │ cd /Users/nghalinh2711/Development/student-repos/wt2223final02 && javac --release 21 -d build
  │ src/edu/kit/kastel/trafficsimulation/*.java src/edu/kit/kastel/trafficsimulation/io/*.java
  │ 2>&1 && echo -e "load files/basic\nposition 0\nsimulate 1\nposition 0\nposition 1\nsimulate
  │ 3\nposition 0\nposition 1\nsimulate 2\nposition 0\nposition 1\nload files/advanced\nsimulate
  │ 29\nposition 0\nposition 1\nposition 3\nposition 7\nposition 12\nposition 17\nposition …
  └ 25 lines…



● Update Task (MCP: agentic-memory) · backlogId: "789709df-1ed1-4e9a-9550-a18f33260c7f", taskId: "9…
  └ Task "Implement position command" (98c74e27-da75-4265-a0fa-65fcdb6d11e5) upda...

● Claim Next Task (MCP: agentic-memory) · backlogId: "789709df-1ed1-4e9a-9550-a18f33260c7f"
  └ Claimed task "Implement quit command" (e668fc22-8ef7-47bd-b558-0f7af307cd12) ...



● Edit TrafficSimulation.java +7 -4
  └ src/edu/kit/kastel/trafficsimulation/TrafficSimulation.java

✗ Edit TrafficSimulation.java
  │ src/edu/kit/kastel/trafficsimulation/TrafficSimulation.java
  └ No match found

● Read TrafficSimulation.java
  │ src/edu/kit/kastel/trafficsimulation/TrafficSimulation.java
  └ L95:115 (21 lines read)

● Read TrafficSimulation.java
  │ src/edu/kit/kastel/trafficsimulation/TrafficSimulation.java
  └ L130:150 (21 lines read)

● Edit TrafficSimulation.java -3
  └ src/edu/kit/kastel/trafficsimulation/TrafficSimulation.java

● Compile and test quit command (shell)
  │ cd /Users/nghalinh2711/Development/student-repos/wt2223final02 && javac --release 21 -d build
  │ src/edu/kit/kastel/trafficsimulation/*.java src/edu/kit/kastel/trafficsimulation/io/*.java 2>&1
  │ && echo -e "quit" | java -cp build edu.kit.kastel.trafficsimulation.TrafficSimulation; echo
  │ "exit code: $?"
  └ 2 lines…

● Test quit after load and error (shell)
  │ cd /Users/nghalinh2711/Development/student-repos/wt2223final02 && echo -e "load
  │ files/basic\nsimulate 1\nbadcmd\nquit" | java -cp build
  │ edu.kit.kastel.trafficsimulation.TrafficSimulation 2>&1; echo "exit: $?"
  └ 5 lines…



● Update Task (MCP: agentic-memory) · backlogId: "789709df-1ed1-4e9a-9550-a18f33260c7f", taskId: "e…
  └ Task "Implement quit command" (e668fc22-8ef7-47bd-b558-0f7af307cd12) updated ...

● Claim Next Task (MCP: agentic-memory) · backlogId: "789709df-1ed1-4e9a-9550-a18f33260c7f"
  └ Claimed task "Implement simulate command" (de540442-c50f-4f1e-8a01-3f29a0fe07...



● Update Task (MCP: agentic-memory) · backlogId: "789709df-1ed1-4e9a-9550-a18f33260c7f", taskId: "d…
  └ Task "Implement simulate command" (de540442-c50f-4f1e-8a01-3f29a0fe074a) upda...

● Claim Next Task (MCP: agentic-memory) · backlogId: "789709df-1ed1-4e9a-9550-a18f33260c7f"
  └ Claimed task "Ensure Checkstyle compliance and Javadoc" (42e6629e-de4a-4d9a-a...

● Read checkstyle.xml
  └ L1:50 (50 lines read)



● Try running checkstyle (shell)
  │ which checkstyle 2>/dev/null || which mvn 2>/dev/null || echo "Neither checkstyle nor mvn found,
  │ will do manual review"
  └ 2 lines…



● Check for long lines (>140 chars) (shell)
  │ cd /Users/nghalinh2711/Development/student-repos/wt2223final02 && for f in
  │ src/edu/kit/kastel/trafficsimulation/*.java src/edu/kit/kastel/trafficsimulation/io/*.java; do
  │ awk 'length > 140 {print FILENAME ":" NR ":" length($0) ": " $0}' "$f"; done
  └ 1 line…

● Check for tab characters (shell)
  │ cd /Users/nghalinh2711/Development/student-repos/wt2223final02 && grep -Pl '\t'
  │ src/edu/kit/kastel/trafficsimulation/*.java src/edu/kit/kastel/trafficsimulation/io/*.java
  │ 2>/dev/null || echo "No tabs found"
  └ 2 lines…

● Check for star imports, System.exit, and other issues (shell)
  │ cd /Users/nghalinh2711/Development/student-repos/wt2223final02 && echo "=== Star imports ==="
  │ && grep -n 'import.*\*;' src/edu/kit/kastel/trafficsimulation/*.java
  │ src/edu/kit/kastel/trafficsimulation/io/*.java || echo "None" && echo "=== System.exit ===" &&
  │ grep -n 'System.exit\|Runtime.exit' src/edu/kit/kastel/trafficsimulation/*.java
  │ src/edu/kit/kastel/trafficsimulation/io/*.java || echo "None" && echo "=== Default package …
  └ 8 lines…



● Search (grep)
  │ "^import" (src/edu/kit/kastel/trafficsimulation)
  └ 29 lines found



● Edit SimulationEngine.java +1
  └ src/edu/kit/kastel/trafficsimulation/SimulationEngine.java

● Edit SimulationEngine.java +1 -1
  └ src/edu/kit/kastel/trafficsimulation/SimulationEngine.java

● Edit ParsedSimulationData.java -1
  └ src/edu/kit/kastel/trafficsimulation/ParsedSimulationData.java



● Check guidelines for checkstyle rules (shell)
  │ cd /Users/nghalinh2711/Development/student-repos/wt2223final02 && grep -i
  │ 'checkstyle\|javadoc\|@author\|system.exit\|120\|140\|line.length' guidelines.md 2>/dev/null |
  │ head -20 || echo "No guidelines found"
  └ 9 lines…



● Check for lines >120 chars (shell)
  │ cd /Users/nghalinh2711/Development/student-repos/wt2223final02 && for f in
  │ src/edu/kit/kastel/trafficsimulation/*.java src/edu/kit/kastel/trafficsimulation/io/*.java; do
  │ awk 'length > 120 {print FILENAME ":" NR " (" length($0) "): " $0}' "$f"; done
  └ 1 line…



● Final compile check (shell)
  │ cd /Users/nghalinh2711/Development/student-repos/wt2223final02 && javac --release 21 -d build
  │ src/edu/kit/kastel/trafficsimulation/*.java src/edu/kit/kastel/trafficsimulation/io/*.java 2>&1
  │ && echo "Compilation successful"
  └ 2 lines…

● Check for unused/redundant imports (shell)
  │ cd /Users/nghalinh2711/Development/student-repos/wt2223final02 && javac --release 21 -Xlint:all
  │ -d build src/edu/kit/kastel/trafficsimulation/*.java
  │ src/edu/kit/kastel/trafficsimulation/io/*.java 2>&1
  └ 5 lines…

● Edit SimulationException.java +2
  └ src/edu/kit/kastel/trafficsimulation/SimulationException.java

● Final compile with zero warnings (shell)
  │ cd /Users/nghalinh2711/Development/student-repos/wt2223final02 && javac --release 21 -Xlint:all
  │ -d build src/edu/kit/kastel/trafficsimulation/*.java
  │ src/edu/kit/kastel/trafficsimulation/io/*.java 2>&1 && echo "SUCCESS - zero warnings"
  └ 2 lines…



● List all source files (shell)
  │ cd /Users/nghalinh2711/Development/student-repos/wt2223final02 && find src -name "*.java" | sort
  └ 17 lines…



● Update Task (MCP: agentic-memory) · backlogId: "789709df-1ed1-4e9a-9550-a18f33260c7f", taskId: "4…
  └ Task "Ensure Checkstyle compliance and Javadoc" (42e6629e-de4a-4d9a-adf5-cd6f...

● Claim Next Task (MCP: agentic-memory) · backlogId: "789709df-1ed1-4e9a-9550-a18f33260c7f"
  └ Claimed task "Implement Main class and end-to-end wiring" (f328780d-c548-47cf...



● End-to-end test: basic scenario (shell)
  │ cd /Users/nghalinh2711/Development/student-repos/wt2223final02 && javac --release 21 -d build
  │ src/edu/kit/kastel/trafficsimulation/*.java src/edu/kit/kastel/trafficsimulation/io/*.java 2>&1
  │ && echo -e "load files/basic\nposition 0\nsimulate 1\nposition 0\nposition 1\nsimulate
  │ 3\nposition 0\nposition 1\nsimulate 2\nposition 0\nposition 1\nquit" | java -cp build
  │ edu.kit.kastel.trafficsimulation.TrafficSimulation 2>&1
  └ 12 lines…



● Edit SimulationEngine.java +5 -1
  └ src/edu/kit/kastel/trafficsimulation/SimulationEngine.java

● Edit SimulationEngine.java +6 -4
  └ src/edu/kit/kastel/trafficsimulation/SimulationEngine.java

● Edit SimulationEngine.java
  └ src/edu/kit/kastel/trafficsimulation/SimulationEngine.java

● Debug test: simulate 2 after basic load+4 ticks (shell)
  │ cd /Users/nghalinh2711/Development/student-repos/wt2223final02 && javac --release 21 -d build
  │ src/edu/kit/kastel/trafficsimulation/*.java src/edu/kit/kastel/trafficsimulation/io/*.java 2>&1
  │ && echo -e "load files/basic\nsimulate 4\nsimulate 2\nposition 0\nposition 1\nquit" | java -cp
  │ build edu.kit.kastel.trafficsimulation.TrafficSimulation 2>&1
  └ 6 lines…

● Edit SimulationEngine.java +4
  └ src/edu/kit/kastel/trafficsimulation/SimulationEngine.java

● Debug: just the problematic ticks (shell)
  │ cd /Users/nghalinh2711/Development/student-repos/wt2223final02 && javac --release 21 -d build
  │ src/edu/kit/kastel/trafficsimulation/*.java src/edu/kit/kastel/trafficsimulation/io/*.java 2>&1
  │ && echo -e "load files/basic\nsimulate 5\nposition 0\nposition 1\nquit" | java -cp build
  │ edu.kit.kastel.trafficsimulation.TrafficSimulation 2>&1
  └ 15 lines…



● Edit SimulationEngine.java +9 -1
  └ src/edu/kit/kastel/trafficsimulation/SimulationEngine.java



● Edit SimulationEngine.java -4
  └ src/edu/kit/kastel/trafficsimulation/SimulationEngine.java

● Edit SimulationEngine.java +1 -5
  └ src/edu/kit/kastel/trafficsimulation/SimulationEngine.java

● Compile and run full example (shell)
  │ cd /Users/nghalinh2711/Development/student-repos/wt2223final02 && javac --release 21 -d build
  │ src/edu/kit/kastel/trafficsimulation/*.java src/edu/kit/kastel/trafficsimulation/io/*.java 2>&1
  │ && echo -e "load files/basic\nposition 0\nsimulate 1\nposition 0\nposition 1\nsimulate
  │ 3\nposition 0\nposition 1\nsimulate 2\nposition 0\nposition 1\nquit" | java -cp build
  │ edu.kit.kastel.trafficsimulation.TrafficSimulation 2>&1
  └ 12 lines…



● Test advanced scenario (shell)
  │ cd /Users/nghalinh2711/Development/student-repos/wt2223final02 && echo -e "load
  │ files/advanced\nsimulate 29\nposition 0\nposition 1\nposition 3\nposition 7\nposition
  │ 12\nposition 17\nposition 22\nposition 27\nposition 32\nquit" | java -cp build
  │ edu.kit.kastel.trafficsimulation.TrafficSimulation 2>&1
  └ 12 lines…



● Update Task (MCP: agentic-memory) · backlogId: "789709df-1ed1-4e9a-9550-a18f33260c7f", taskId: "f…
  └ Task "Implement Main class and end-to-end wiring" (f328780d-c548-47cf-bd21-a4...

● Claim Next Task (MCP: agentic-memory) · backlogId: "789709df-1ed1-4e9a-9550-a18f33260c7f"
  └ No claimable to_do task remains in this backlog.



● Get Tasks (MCP: agentic-memory) · backlogId: "789709df-1ed1-4e9a-9550-a18f33260c7f"
  └ Output too large to read at once (24.7 KB). Saved to: /var/folders/fs/p8fxyq6...

● Check task states (shell)
  │ cd /Users/nghalinh2711/Development/student-repos/wt2223final02 && cat
  │ /var/folders/fs/p8fxyq611_d7_glm0yth2st80000gn/T/1784194346751-copilot-tool-output-r5lk4q.txt |
  │ grep -oP '\[(done|in_progress|to_do|blocked)\]' | sort | uniq -c
  └ 6 lines…

● Count task states (shell)
  │ grep -o '\[done\]'
  │ /var/folders/fs/p8fxyq611_d7_glm0yth2st80000gn/T/1784194346751-copilot-tool-output-r5lk4q.txt
  │ | wc -l && grep -o '\[in_progress\]'
  │ /var/folders/fs/p8fxyq611_d7_glm0yth2st80000gn/T/1784194346751-copilot-tool-output-r5lk4q.txt
  │ | wc -l && grep -o '\[to_do\]' …
  └ 9 lines…



● Read README.md
  └ 3 lines read

● Edit README.md +61 -3



● Final clean compile and smoke test (shell)
  │ cd /Users/nghalinh2711/Development/student-repos/wt2223final02 && rm -rf build && javac
  │ --release 21 -Xlint:all -d build src/edu/kit/kastel/trafficsimulation/*.java
  │ src/edu/kit/kastel/trafficsimulation/io/*.java 2>&1 && echo "BUILD: SUCCESS" && echo -e "load
  │ files/basic\nsimulate 6\nposition 0\nposition 1\nquit" | java -cp build
  │ edu.kit.kastel.trafficsimulation.TrafficSimulation 2>&1
  └ 6 lines…







Changes    +1912 -202
Duration   20m 7s
Tokens     ↑ 13.3m (13.3m cached) • ↓ 76.9k (31.8k reasoning)
[delivery] Coding agent exited with code 0
[delivery] Backlog verification passed.
[delivery] Phase E: Feedback

[delivery] Feedback agent — interactive session.
[delivery] Provide feedback to the agent. Exit the session (Ctrl+C or /exit) when done.


===== wt2223final02 started at 2026-07-26T09:57:48Z =====
PROGRAMMING_DIR=/Users/nghalinh2711/Development/student-repos/wt2223final02
DELIVERY_AGENT_CONTEXT_PROJECT=ProgrammingWT2223-Final2
DELIVERY_AGENT_CONTEXT_DOMAIN=wt2223final02
COMMAND=pnpm delivery:run --exercise 

$ tsx delivery/run.ts --exercise
[delivery:knowledgebase] Ensuring guidelines.md is ingested for domain wt2223final02 before exercise requirements
[delivery:knowledgebase] Uploading guidelines.md to Vercel Blob for domain wt2223final02
[delivery:knowledgebase] Registered guidelines upload job 8ad567e6-8fed-432b-95bb-0d4402e79b13; waiting for ingestion
[delivery:knowledgebase] Guidelines ingestion job 8ad567e6-8fed-432b-95bb-0d4402e79b13: processing
[delivery:knowledgebase] Guidelines ingestion job 8ad567e6-8fed-432b-95bb-0d4402e79b13: processing
[delivery:knowledgebase] Guidelines ingestion job 8ad567e6-8fed-432b-95bb-0d4402e79b13: processing
[delivery:knowledgebase] Guidelines ingestion job 8ad567e6-8fed-432b-95bb-0d4402e79b13: processing
[delivery:knowledgebase] Guidelines ingestion job 8ad567e6-8fed-432b-95bb-0d4402e79b13: processing
[delivery:knowledgebase] Guidelines ingestion job 8ad567e6-8fed-432b-95bb-0d4402e79b13: processing
[delivery:knowledgebase] Guidelines ingestion job 8ad567e6-8fed-432b-95bb-0d4402e79b13: processing
[delivery:knowledgebase] Guidelines ingestion job 8ad567e6-8fed-432b-95bb-0d4402e79b13: processing
[delivery:knowledgebase] Guidelines ingestion job 8ad567e6-8fed-432b-95bb-0d4402e79b13: processing
[delivery:knowledgebase] Guidelines ingestion job 8ad567e6-8fed-432b-95bb-0d4402e79b13: processing
[delivery:knowledgebase] Guidelines ingestion job 8ad567e6-8fed-432b-95bb-0d4402e79b13: processing
[delivery:knowledgebase] Guidelines ingestion job 8ad567e6-8fed-432b-95bb-0d4402e79b13: processing
[delivery:knowledgebase] Guidelines ingestion job 8ad567e6-8fed-432b-95bb-0d4402e79b13: processing
[delivery:knowledgebase] Guidelines ingestion job 8ad567e6-8fed-432b-95bb-0d4402e79b13: processing
[delivery:knowledgebase] Guidelines ingestion job 8ad567e6-8fed-432b-95bb-0d4402e79b13: processing
[delivery:knowledgebase] Guidelines ingestion job 8ad567e6-8fed-432b-95bb-0d4402e79b13: processing
[delivery:knowledgebase] Guidelines ingestion job 8ad567e6-8fed-432b-95bb-0d4402e79b13: processing
[delivery:knowledgebase] Guidelines ingestion job 8ad567e6-8fed-432b-95bb-0d4402e79b13: processing
[delivery:knowledgebase] Guidelines ingestion job 8ad567e6-8fed-432b-95bb-0d4402e79b13: succeeded
[delivery:knowledgebase] Guidelines ingestion succeeded for domain wt2223final02 (job 8ad567e6-8fed-432b-95bb-0d4402e79b13)

[delivery] Run ID: 20260726-115748
[delivery] Assignment: /Users/nghalinh2711/Development/student-repos/wt2223final02
[delivery] Assignment ID: wt2223final02
[delivery] Coding session: 20260726-115748-coding
[delivery] Requirements session: 20260726-115748-req
[delivery] Requirements log: /Users/nghalinh2711/Development/eval/programming/20260726-115748/requirements-output.log

[delivery] Phase A: Requirements

[delivery:requirements] Exercise stream: 12 turns for wt2223final02 (starting at turn 1)
[delivery:requirements] Output log: /Users/nghalinh2711/Development/eval/programming/20260726-115748/requirements-output.log
[delivery:requirements] Turn 1/12: Introduction
● [adaptive-context] GET http://localhost:4444/api/agents/7af7809a-adce-4fa9-9609-fd61059de0ff/sessi
  ons/20260726-115748-req/context?input=Ich+arbeite+an+einer+Abschluss-Programmieraufgabe.+Ich+werde
  +dir+die+Aufgabe+im+Folgenden+abschnittsweise+%C3%BCbermitteln.+Lies+sie+dir+durch+und+verschaffe+
  dir+zun%C3%A4chst+einen+%C3%9Cberblick+%C3%BCber+den+Kontext%2C+bevor+der+Backlog-+und+Task-Erstel
  lung.+Achte+dabei+unbedingt+auf+die+vorgegebenen+Regeln+und+Richtlinien.&project=ProgrammingWT2223
  -Final2&role=requirements&task=Understand+the+wt2223final02+and+create+its+backlog+when+prompted.&
  timestamp=2026-07-26T09%3A59%3A22.751Z&domain=wt2223final02

● Injected adaptive memory context into system prompt

● <adaptive_rules>
  - Follow all Checkstyle rules; specially marked Checkstyle rules cause automatic zero points if
  violated.
  - Assignment submission is automatically scored zero if any of the mandatory rules listed in the
  document are violated.
  - Mandatory tests must be passed before other tests are evaluated.
  - The Javadoc author tag must contain only the student's u-Kürzel.
  - Submit only your .java files online with the correct folder structure and as individual work.
  - streets.sim lines must follow `[Startknoten]-->[Endknoten]:[Länge]m,[Art]x,[Limit]max` with no
  spaces; [Art] is 1 or 2
  - Choose appropriate visibilities for classes, methods, and attributes.
  - Comments should be written consistently in either English or German.
  - Do not use the default package.
  - Interactive program outputs must match the specification exactly, including case, spaces, and
  line breaks.
  - Program code must be written in English.
  - Program code must compile without errors.
  - Source files must not exceed a maximum line width of 120 characters.
  - Student solutions may only use java.util.Scanner and elements from the packages java.lang,
  java.io, java.util, java.util.regex, java.util.stream and java.util.function.
  - Student solutions must use Java SE 17.
  - System.exit(), Runtime.exit() or similar must not be used.
  - A valid command always consists of a keyword and optionally a space-separated parameter.
  - Crossing green-phase duration (for Dauer>0) must be integer in [3,10] Ticks
  - Error messages must be a single line and contain no line breaks.
  - Error messages must begin with the character sequence 'Error:' with no leading spaces.
  - Error messages must not contain special characters such as line breaks or umlauts.
  - Cars placed on a street at load must respect a minimum distance of 10 m between cars
  - The program must be able to simulate several hundred cars
  - Implementation must not use System.exit() or other excluded functions to implement quit
  - Placeholders in square brackets like [path] are never part of the actual program output.
  - crossings.sim lines must follow `[ID]:[Dauer]t` where Dauer==0 indicates roundabout and Dauer>0
  indicates crossing
  - When filling a street at load the first car is placed at the end; subsequent cars follow with 10
   m spacing
  - Standard input and output streams must never be reassigned.
  - Use System.in for input unless otherwise specified.
  - Use System.out for output unless otherwise specified.
  - During `load` the network must be validated for completeness, correctness and adherence to all
  value ranges
  - File paths passed to `load` must not contain spaces
  - Loading requires three input files in one folder: streets.sim, crossings.sim, cars.sim
  - The program must use the provided SimulationFileLoader class to read the files
  - Do not add personal data other than your u-Kürzel to submissions.
  - cars.sim lines must follow `[ID],[Straße],[v],[a]` with no spaces
  </adaptive_rules>

  <entity_paths>
    - Submission process CONSTRAINT Submit .java files with folder structure in individual work:
  Submit only your .java files online with the correct folder structure and as individual work.
    - Assignment submission CONSTRAINT Violation of mandatory rules leads to zero points: Assignment
   submission is automatically scored zero if any of the mandatory rules listed in the document are
  violated.
    - Assignment submission CONSTRAINT Pass mandatory tests before other tests: Mandatory tests must
   be passed before other tests are evaluated.
    - Student solutions USES Java SE 17: Student solutions must use Java SE 17.
    - Student solutions CONSTRAINT Permitted Java library packages: Student solutions may only use
  java.util.Scanner and elements from the packages java.lang, java.io, java.util, java.util.regex,
  java.util.stream and java.util.function.
    - Student solutions CONSTRAINT Compile without errors: Program code must compile without errors.
    - Student solutions CONSTRAINT Max line width 120 characters: Source files must not exceed a
  maximum line width of 120 characters.
    - Student solutions CONSTRAINT No default package: Do not use the default package.
    - Student solutions CONSTRAINT No System.exit or Runtime.exit: System.exit(), Runtime.exit() or
  similar must not be used.
    - Student solutions CONSTRAINT Exact output matching: Interactive program outputs must match the
   specification exactly, including case, spaces, and line breaks.
    - Student solutions CONSTRAINT Code language must be English: Program code must be written in
  English.
    - Student solutions CONSTRAINT Consistent comment language (English or German): Comments should
  be written consistently in either English or German.
    - Student solutions CONSTRAINT Appropriate visibility for classes/methods/attributes: Choose
  appropriate visibilities for classes, methods, and attributes.
  </entity_paths>
  <entity_matches>
    - Submission process (score: 0.77) — Geben Sie online Ihre `*.java`-Dateien zur Aufgabe A in
  Einzelarbeit mit der entsprechenden Ordnerstruktur im zugehörigen Verzeichnis ab.
    - Assignment submission (score: 0.75) — Sie müssen zuerst die verpflichtenden Tests bestehen,
  bevor die anderen Tests ausgewertet werden können.
    - Submit .java files with folder structure in individual work (score: 0.74) — Geben Sie online
  Ihre `*.java`-Dateien zur Aufgabe A in Einzelarbeit mit der entsprechenden Ordnerstruktur im
  zugehörigen Verzeichnis ab.
    - Compile without errors (score: 0.73) — Achten Sie auf fehlerfrei kompilierenden Programmcode.
    - Student solutions (score: 0.71) — Wählen Sie geeignete Sichtbarkeiten für Ihre Klassen,
  Methoden und Attribute.
  </entity_matches>

● adaptive-memory extension active (role=requirements, memorySession=20260726-115748-req) - type
  /memory-help. MCP tools registered (memory=true, backlog=true).







Changes    +0 -0
Duration   12s
Tokens     ↑ 20.7k (1.2k cached) • ↓ 454 (200 reasoning)
[delivery:requirements] Turn 1/12 complete
[delivery:requirements] Turn 2/12: task.md — segment 1/10 — Abschlussaufgabe 2 — Verkehrssimulation
● [adaptive-context] GET
  http://localhost:4444/api/agents/7af7809a-adce-4fa9-9609-fd61059de0ff/sessions/20260726-115748-req
  /context?input=Dokument%3A+task.md%0ASegment%3A+1%2F10%0AAbschnitt%3A+Abschlussaufgabe+2+%E2%80%94
  +Verkehrssimulation%0A%0ALies+diesen+Abschnitt+sorgf%C3%A4ltig+und+behalte+den+Kontext.+Erstelle+n
  och+keinen+Backlog+und+noch+keine+Tasks.+Warte+damit+bis+zum+abschlie%C3%9Fenden+%2Ffinalize.%0A%0
  A%23+Abschlussaufgabe+2+%E2%80%94+Verkehrssimulation%0A%0A**Vorlesung%3A**+Programmieren%0A**Semes
  ter%3A**+Wintersemester+2022%2F23%0A**Dozent%3A**+Prof.+Dr.-Ing.+Anne+Koziolek%0A**Gruppe%3A**+Ins
  titute+of+Information+Security+and+Dependability%0A**Punkte%3A**+20+Punkte%0A**Version%3A**+1.1&pr
  oject=ProgrammingWT2223-Final2&role=requirements&task=Understand+the+wt2223final02+and+create+its+
  backlog+when+prompted.&timestamp=2026-07-26T09%3A59%3A37.799Z&domain=wt2223final02

● Injected adaptive memory context into system prompt

● <adaptive_rules>
  - The program must be able to simulate several hundred cars
  - streets.sim lines must follow `[Startknoten]-->[Endknoten]:[Länge]m,[Art]x,[Limit]max` with no
  spaces; [Art] is 1 or 2
  - The Javadoc author tag must contain only the student's u-Kürzel.
  - When filling a street at load the first car is placed at the end; subsequent cars follow with 10
   m spacing
  - Choose appropriate visibilities for classes, methods, and attributes.
  - Comments should be written consistently in either English or German.
  - Do not use the default package.
  - Interactive program outputs must match the specification exactly, including case, spaces, and
  line breaks.
  - Program code must be written in English.
  - Program code must compile without errors.
  - Source files must not exceed a maximum line width of 120 characters.
  - Student solutions may only use java.util.Scanner and elements from the packages java.lang,
  java.io, java.util, java.util.regex, java.util.stream and java.util.function.
  - Student solutions must use Java SE 17.
  - System.exit(), Runtime.exit() or similar must not be used.
  - cars.sim lines must follow `[ID],[Straße],[v],[a]` with no spaces
  - crossings.sim lines must follow `[ID]:[Dauer]t` where Dauer==0 indicates roundabout and Dauer>0
  indicates crossing
  - Assignment submission is automatically scored zero if any of the mandatory rules listed in the
  document are violated.
  - Mandatory tests must be passed before other tests are evaluated.
  - During `load` the network must be validated for completeness, correctness and adherence to all
  value ranges
  - File paths passed to `load` must not contain spaces
  - Loading requires three input files in one folder: streets.sim, crossings.sim, cars.sim
  - The program must use the provided SimulationFileLoader class to read the files
  - Crossing green-phase duration (for Dauer>0) must be integer in [3,10] Ticks
  - Submit only your .java files online with the correct folder structure and as individual work.
  - Cars placed on a street at load must respect a minimum distance of 10 m between cars
  - Initial green phase for all crossings is 0 (first connected street has green)
  - Street nodes may have up to four incoming and four outgoing streets and must have at least one
  incoming and one outgoing street
  - Do not add personal data other than your u-Kürzel to submissions.
  - At initialization cars start with speed 0 m/Tick and desired direction 0
  - Errors from SimulationFileLoader must be handled sensibly (e.g., shown as an error message)
  - Follow all Checkstyle rules; specially marked Checkstyle rules cause automatic zero points if
  violated.
  - Pass the path string directly to the SimulationFileLoader constructor; the path string itself
  need not be validated
  - Implementation must not use System.exit() or other excluded functions to implement quit
  - Error messages must be a single line and contain no line breaks.
  - Error messages must begin with the character sequence 'Error:' with no leading spaces.
  - Error messages must not contain special characters such as line breaks or umlauts.
  - Street length must be integer in [10,10000] meters and max speed integer in [5,40] m/Tick
  - Car desired speed must be integer in [20,40] m/Tick and acceleration integer in [1,10] m/Tick²
  - Lengths, distances, speeds, accelerations, and time units must be integers (no fractions)
  - Placeholders in square brackets like [path] are never part of the actual program output.
  - `simulate` must error if ticks is invalid or negative or if called before the first successful
  load
  - A valid network may contain no cars; a network with no nodes, streets, and cars can still be
  valid
  - Standard input and output streams must never be reassigned.
  - Use System.in for input unless otherwise specified.
  - Use System.out for output unless otherwise specified.
  - The `quit` command must terminate the program and must work in every situation
  - A valid command always consists of a keyword and optionally a space-separated parameter.
  </adaptive_rules>

  <entity_paths>
    - Assignment submission CONSTRAINT Violation of mandatory rules leads to zero points: Assignment
   submission is automatically scored zero if any of the mandatory rules listed in the document are
  violated.
    - Assignment submission CONSTRAINT Pass mandatory tests before other tests: Mandatory tests must
   be passed before other tests are evaluated.
    - Submission process CONSTRAINT Submit .java files with folder structure in individual work:
  Submit only your .java files online with the correct folder structure and as individual work.
    - Student solutions USES Java SE 17: Student solutions must use Java SE 17.
    - Student solutions CONSTRAINT Permitted Java library packages: Student solutions may only use
  java.util.Scanner and elements from the packages java.lang, java.io, java.util, java.util.regex,
  java.util.stream and java.util.function.
    - Student solutions CONSTRAINT Compile without errors: Program code must compile without errors.
    - Student solutions CONSTRAINT Max line width 120 characters: Source files must not exceed a
  maximum line width of 120 characters.
    - Student solutions CONSTRAINT No default package: Do not use the default package.
    - Student solutions CONSTRAINT No System.exit or Runtime.exit: System.exit(), Runtime.exit() or
  similar must not be used.
    - Student solutions CONSTRAINT Exact output matching: Interactive program outputs must match the
   specification exactly, including case, spaces, and line breaks.
    - Student solutions CONSTRAINT Code language must be English: Program code must be written in
  English.
    - Student solutions CONSTRAINT Consistent comment language (English or German): Comments should
  be written consistently in either English or German.
    - Student solutions CONSTRAINT Appropriate visibility for classes/methods/attributes: Choose
  appropriate visibilities for classes, methods, and attributes.
  </entity_paths>
  <entity_matches>
    - Assignment submission (score: 0.75) — Sie müssen zuerst die verpflichtenden Tests bestehen,
  bevor die anderen Tests ausgewertet werden können.
    - Submission process (score: 0.72) — Geben Sie online Ihre `*.java`-Dateien zur Aufgabe A in
  Einzelarbeit mit der entsprechenden Ordnerstruktur im zugehörigen Verzeichnis ab.
    - Student solutions (score: 0.70) — Wählen Sie geeignete Sichtbarkeiten für Ihre Klassen,
  Methoden und Attribute.
    - Pass mandatory tests before other tests (score: 0.70) — Sie müssen zuerst die verpflichtenden
  Tests bestehen, bevor die anderen Tests ausgewertet werden können.
    - Submit .java files with folder structure in individual work (score: 0.69) — Geben Sie online
  Ihre `*.java`-Dateien zur Aufgabe A in Einzelarbeit mit der entsprechenden Ordnerstruktur im
  zugehörigen Verzeichnis ab.
  </entity_matches>

● adaptive-memory extension active (role=requirements, memorySession=20260726-115748-req) - type
  /memory-help. MCP tools registered (memory=true, backlog=true).







Changes    +0 -0
Duration   24s
Tokens     ↑ 21.4k (1.2k cached) • ↓ 122 (50 reasoning)
[delivery:requirements] Turn 2/12 complete
[delivery:requirements] Turn 3/12: task.md — segment 2/10 — Abschlussaufgabe 2 — Verkehrssimulation > 1 Verkehrssimulation
● [adaptive-context] GET http://localhost:4444/api/agents/7af7809a-adce-4fa9-9609-fd61059de0ff/sessi
  ons/20260726-115748-req/context?input=Dokument%3A+task.md%0ASegment%3A+2%2F10%0AAbschnitt%3A+Absch
  lussaufgabe+2+%E2%80%94+Verkehrssimulation+%3E+1+Verkehrssimulation%0A%0ALies+diesen+Abschnitt+sor
  gf%C3%A4ltig+und+behalte+den+Kontext.+Erstelle+noch+keinen+Backlog+und+noch+keine+Tasks.+Warte+dam
  it+bis+zum+abschlie%C3%9Fenden+%2Ffinalize.%0A%0A%23%23+1+Verkehrssimulation%0A%0AIn+dieser+Aufgab
  e+geht+es+um+den+Entwurf+und+die+Implementierung+einer+Verkehrssimulation%2C+in+der+Stra%C3%9Fenne
  tzwerke+simuliert+werden.%0ASo+k%C3%B6nnen+unterschiedliche+Szenarien+oder+Verkehrsbedingungen+in+
  einer+kontrollierten+Umgebung+getestet+und+erforscht+werden.%0ADie+Simulation+besteht+aus+einem+Mo
  dell%2C+welches+von+der+Realit%C3%A4t+abstrahiert%2C+und+einer+Ausf%C3%BChrungslogik%2C+welche+das
  +Modell+schrittweise+aktualisiert.%0AEin+*Stra%C3%9Fennetzwerk*+besteht+in+der+Verkehrssimulation+
  aus+*Stra%C3%9Fen*+und+*Stra%C3%9Fenknoten*+%28siehe+%60img%2Fnetwork.png%60%29.%0AAuf+den+Stra%C3
  %9Fen+fahren+*Autos*%2C+die+dynamisch+miteinander+interagieren.%0AHierbei+m%C3%BCssen+mehrere+hund
  ert+Autos+simuliert+werden+k%C3%B6nnen.%0A*Zeit*+wird+diskret+simuliert%2C+also+in+festen+Simulati
  onsschritten+als+Zeiteinheit.%0ADiese+Simulationsschritte+werden+im+Weiteren+als+*Tick*+bezeichnet
  .&project=ProgrammingWT2223-Final2&role=requirements&task=Understand+the+wt2223final02+and+create+
  its+backlog+when+prompted.&timestamp=2026-07-26T09%3A59%3A49.391Z&domain=wt2223final02

● Injected adaptive memory context into system prompt

● <adaptive_rules>
  - streets.sim lines must follow `[Startknoten]-->[Endknoten]:[Länge]m,[Art]x,[Limit]max` with no
  spaces; [Art] is 1 or 2
  - The program must be able to simulate several hundred cars
  - Street nodes may have up to four incoming and four outgoing streets and must have at least one
  incoming and one outgoing street
  - crossings.sim lines must follow `[ID]:[Dauer]t` where Dauer==0 indicates roundabout and Dauer>0
  indicates crossing
  - Cars placed on a street at load must respect a minimum distance of 10 m between cars
  - When filling a street at load the first car is placed at the end; subsequent cars follow with 10
   m spacing
  - cars.sim lines must follow `[ID],[Straße],[v],[a]` with no spaces
  - `simulate` must error if ticks is invalid or negative or if called before the first successful
  load
  - Errors from SimulationFileLoader must be handled sensibly (e.g., shown as an error message)
  - During `load` the network must be validated for completeness, correctness and adherence to all
  value ranges
  - File paths passed to `load` must not contain spaces
  - Loading requires three input files in one folder: streets.sim, crossings.sim, cars.sim
  - The program must use the provided SimulationFileLoader class to read the files
  - The Javadoc author tag must contain only the student's u-Kürzel.
  - Street length must be integer in [10,10000] meters and max speed integer in [5,40] m/Tick
  - A valid network may contain no cars; a network with no nodes, streets, and cars can still be
  valid
  - Choose appropriate visibilities for classes, methods, and attributes.
  - Comments should be written consistently in either English or German.
  - Do not use the default package.
  - Interactive program outputs must match the specification exactly, including case, spaces, and
  line breaks.
  - Program code must be written in English.
  - Program code must compile without errors.
  - Source files must not exceed a maximum line width of 120 characters.
  - Student solutions may only use java.util.Scanner and elements from the packages java.lang,
  java.io, java.util, java.util.regex, java.util.stream and java.util.function.
  - Student solutions must use Java SE 17.
  - System.exit(), Runtime.exit() or similar must not be used.
  - Initial green phase for all crossings is 0 (first connected street has green)
  - Crossing green-phase duration (for Dauer>0) must be integer in [3,10] Ticks
  - Submit only your .java files online with the correct folder structure and as individual work.
  - Car desired speed must be integer in [20,40] m/Tick and acceleration integer in [1,10] m/Tick²
  - Pass the path string directly to the SimulationFileLoader constructor; the path string itself
  need not be validated
  - Assignment submission is automatically scored zero if any of the mandatory rules listed in the
  document are violated.
  - Mandatory tests must be passed before other tests are evaluated.
  - At initialization cars start with speed 0 m/Tick and desired direction 0
  - Lengths, distances, speeds, accelerations, and time units must be integers (no fractions)
  - No crossing may exist without streets (i.e., crossings must be connected to streets)
  - Error messages must be a single line and contain no line breaks.
  - Error messages must begin with the character sequence 'Error:' with no leading spaces.
  - Error messages must not contain special characters such as line breaks or umlauts.
  - Do not add personal data other than your u-Kürzel to submissions.
  - Standard input and output streams must never be reassigned.
  - Use System.in for input unless otherwise specified.
  - Use System.out for output unless otherwise specified.
  - Placeholders in square brackets like [path] are never part of the actual program output.
  - `position` must error for unknown ID or if called before the first successful load
  - Implementation must not use System.exit() or other excluded functions to implement quit
  - Follow all Checkstyle rules; specially marked Checkstyle rules cause automatic zero points if
  violated.
  - Invalid commands (incorrect keyword or parameters) must produce an error message printed to the
  command line.
  - The `quit` command must terminate the program and must work in every situation
  - A valid command always consists of a keyword and optionally a space-separated parameter.
  </adaptive_rules>

  <knowledge>
    - Identifiers are integers in [0, Integer.MAX_VALUE]
    - The `simulate [ticks]` command executes the given number of simulation steps and prints READY
  on success
    - Multiple successful loads are allowed; a successful load replaces the current network
  </knowledge>
  <entity_paths>
    - Assignment submission CONSTRAINT Violation of mandatory rules leads to zero points: Assignment
   submission is automatically scored zero if any of the mandatory rules listed in the document are
  violated.
    - Assignment submission CONSTRAINT Pass mandatory tests before other tests: Mandatory tests must
   be passed before other tests are evaluated.
    - Submission process CONSTRAINT Submit .java files with folder structure in individual work:
  Submit only your .java files online with the correct folder structure and as individual work.
    - Simulation scalability CONSTRAINT Support multiple hundred cars: The program must be able to
  simulate several hundred cars
    - streets.sim format CONSTRAINT `[Startknoten]-->[Endknoten]:[Länge]m,[Art]x,[Limit]max` with no
   spaces; [Art] ∈ {1,2}: streets.sim lines must follow
  `[Startknoten]-->[Endknoten]:[Länge]m,[Art]x,[Limit]max` with no spaces; [Art] is 1 or 2
  </entity_paths>
  <entity_matches>
    - streets.sim, crossings.sim, cars.sim (score: 0.74) — Required input files for a network
    - Assignment submission (score: 0.73) — Sie müssen zuerst die verpflichtenden Tests bestehen,
  bevor die anderen Tests ausgewertet werden können.
    - Submission process (score: 0.71) — Geben Sie online Ihre `*.java`-Dateien zur Aufgabe A in
  Einzelarbeit mit der entsprechenden Ordnerstruktur im zugehörigen Verzeichnis ab.
    - Simulation scalability (score: 0.70) — Required simulation capacity
    - streets.sim format (score: 0.70) — Line format for streets.sim
  </entity_matches>

● adaptive-memory extension active (role=requirements, memorySession=20260726-115748-req) - type
  /memory-help. MCP tools registered (memory=true, backlog=true).







Changes    +0 -0
Duration   35s
Tokens     ↑ 21.8k (1.3k cached) • ↓ 203 (77 reasoning)
[delivery:requirements] Turn 3/12 complete
[delivery:requirements] Turn 4/12: task.md — segment 3/10 — Abschlussaufgabe 2 — Verkehrssimulation > 2 Simulationselemente
● [adaptive-context] GET
  http://localhost:4444/api/agents/7af7809a-adce-4fa9-9609-fd61059de0ff/sessions/20260726-115748-req
  /context?input=Dokument%3A+task.md%0ASegment%3A+3%2F10%0AAbschnitt%3A+Abschlussaufgabe+2+%E2%80%94
  +Verkehrssimulation+%3E+2+Simulationselemente%0A%0ALies+diesen+Abschnitt+sorgf%C3%A4ltig+und+behal
  te+den+Kontext.+Erstelle+noch+keinen+Backlog+und+noch+keine+Tasks.+Warte+damit+bis+zum+abschlie%C3
  %9Fenden+%2Ffinalize.%0A%0A%23%23+2+Simulationselemente%0A%0AIm+Folgenden+werden+die+Elemente+der+
  Simulation+und+deren+Zusammenh%C3%A4nge+beschrieben.%0AAlle+Simulationselemente+haben+einen+*Ident
  ifikator*%2C+der+pro+Elementtyp+eindeutig+ist.%0AEine+Stra%C3%9Fe+und+ein+Auto+k%C3%B6nnen+zum+Bei
  spiel+also+den+gleichen+Identifikator+haben.%0AF%C3%BCr+zwei+Stra%C3%9Fen+ist+das+nicht+m%C3%B6gli
  ch.%0ADer+Identifikator+ist+eine+Ganzzahl+im+Bereich+%5B0%2C+%60Integer.MAX_VALUE%60%5D.%0A%0AL%C3
  %A4ngen%2C+Distanzen%2C+Geschwindigkeiten%2C+Beschleunigungen+und+Zeiteinheiten+sind+im+Rahmen+der
  +Simulation+*nicht*+mit+Nachkommagenauigkeit+simuliert.%0ADas+hei%C3%9Ft%2C+die+diese+Werte+sind+i
  mmer+Ganzzahlen+der+angegebenen+Einheiten.%0A%0A%23%23%23+2.1+Stra%C3%9Fen%0A%0AStra%C3%9Fen+werde
  n+in+der+Simulation+*unidirektional*+modelliert.%0ASomit+ist+die+Gegenrichtung+einer+Stra%C3%9Fe+i
  n+der+echten+Welt%2C+in+der+Simulation+eine+andere+Stra%C3%9Fe%2C+deren+Eigenschaften+unabh%C3%A4n
  gig+von+der+urspr%C3%BCnglichen+Stra%C3%9Fe+ist.%0AEine+Stra%C3%9Fe+ist+immer+mit+genau+zwei+versc
  hiedenen+Stra%C3%9Fenknoten+verbunden%2C+einem+Start-+und+einem+Endknoten.%0AAutos+k%C3%B6nnen+auf
  +einer+Stra%C3%9Fe+nur+vom+Startknoten+zum+Endknoten+fahren.%0A%0AStra%C3%9Fen+haben+folgende+Eige
  nschaften%3A%0A%0A-+eine+L%C3%A4nge+in+Meter+%5Bm%5D+%28minimal+10%2C+maximal+10000%29%0A-+eine+Ma
  ximalgeschwindigkeit+in+Meter+pro+Tick+%5Bm%2FTick%5D+%28minimal+5%2C+maximal+40%29%0A-+eine+Stra%
  C3%9Fenart+%28*einspurig*+oder+*mit+%C3%9Cberholspur*%29%0A%0A**Einspurige+Stra%C3%9Fen**%0AAuf+ei
  nspurigen+Stra%C3%9Fen+k%C3%B6nnen+Autos+nicht+%C3%BCberholen+bzw.+%C3%BCberholt+werden.%0ADie+Rei
  henfolge+der+Autos+auf+einer+solchen+Stra%C3%9Fe+kann+sich+deshalb+nicht+%C3%A4ndern%2C+abgesehen+
  davon%2C+dass+Autos+die+Stra%C3%9Fe+verlassen+oder+betreten.%0A%0A**Stra%C3%9Fen+mit+%C3%9Cberhols
  pur**%0AStra%C3%9Fen+mit+%C3%9Cberholspur+haben%2C+wie+auch+einspurige+Stra%C3%9Fen%2C+nur+eine+Fa
  hrspur.%0AJedoch+kann+ein+Auto+das+vorausfahrende+Auto+%C3%BCberholen%2C+vorausgesetzt+alle+Abstan
  dsregeln+%28siehe+Abschnitt+**Aktualisierung+einer+Stra%C3%9Fe**%29+erm%C3%B6glichen+dies.%0A%0A%2
  3%23%23+2.2+Stra%C3%9Fenknoten%0A%0AEin+Stra%C3%9Fenknoten+verbindet+Stra%C3%9Fen+im+Netzwerk.%0AJ
  eder+Stra%C3%9Fenknoten+kann+bis+zu+vier+eingehende+und+bis+zu+vier+ausgehenden+Stra%C3%9Fen+haben
  .%0AJeder+Knoten+muss+aber+mindestens+eine+eingehende+und+eine+ausgehende+Stra%C3%9Fe+haben.%0AAut
  os%2C+die+den+Stra%C3%9Fenknoten+%C3%BCberqueren%2C+fahren+immer+von+einer+eingehenden+Stra%C3%9Fe
  +zu+einer+ausgehenden+Stra%C3%9Fe.%0AUm+die+Simulation+zu+vereinfachen%2C+werden+die+Knoten+als+Pu
  nkte+interpretiert%2C+deren+%C3%9Cberquerung+keine+Zeit+kostet.%0AAutos+werden+also+von+dem+Ende+e
  iner+Stra%C3%9Fe+direkt+zu+Beginn+der+n%C3%A4chsten+versetzt.%0ADie+Reihenfolge%2C+in+der+Stra%C3%
  9Fen+mit+einem+Knoten+verbunden+werden%2C+ist+relevant+f%C3%BCr+die+Simulation.%0AEs+gibt+zwei+Art
  en+von+Stra%C3%9Fenknoten%3A+*Kreisel*+und+*Kreuzungen*.%0A%0A**Kreisel**%0AEin+Kreisel+ist+ein+St
  ra%C3%9Fenknoten%2C+bei+dem+Autos+von+allen+eingehenden+Stra%C3%9Fen+gleichzeitig+den+Knoten+zu+al
  len+ausgehenden+Stra%C3%9Fen+%C3%BCberqueren+k%C3%B6nnen.+Autos+behindern+sich+also+nicht+beim+%C3
  %9Cberqueren+des+Kreisels.%0A%0A**Kreuzung**%0AKreuzungen+sind+Stra%C3%9Fenknoten+mit+Ampeln%2C+be
  i+dem+immer+nur+die+Autos+einer+eingehenden+Stra%C3%9Fe+den+Knoten+%C3%BCberqueren+d%C3%BCrfen.%0A
  Dabei+handelt+es+sich+um+die+Stra%C3%9Fe%2C+deren+Ampel+gr%C3%BCn+ist.%0AKreuzungen+haben+folgende
  +Eigenschaften%3A%0A%0A-+eine+Gr%C3%BCnphasendauer+in+Ticks+%5BTick%5D+%28minimal+3%2C+maximal+10%
  29%0A-+ein+Gr%C3%BCnphasenindikator%2C+der+angibt%2C+welche+eingehende+Stra%C3%9Fe+gr%C3%BCn+hat.%
  0A%0AStra%C3%9Fen+bekommen+in+der+Reihenfolge+gr%C3%BCn%2C+in+der+sie+mit+der+Kreuzung+verbunden+w
  urden.%0AZuerst+hat+also+die+zuerst+verbundene+Stra%C3%9Fe+gr%C3%BCn%2C+danach+die+zweite.%0AHatte
  n+alle+eingehenden+Stra%C3%9Fen+gr%C3%BCn%2C+bekommt+als+N%C3%A4chstes+wieder+die+erste+Stra%C3%9F
  e+gr%C3%BCn.%0A%0A%23%23%23+2.3+Autos%0A%0AAutos+befinden+sich+immer+genau+auf+einer+Stra%C3%9Fe.%
  0AAutos+befinden+sich+insbesondere+nie+auf+einem+Stra%C3%9Fenknoten.%0AIn+der+Simulation+werden+Au
  tos+als+Punkte+dargestellt%2C+sie+haben+also+eine+L%C3%A4nge+von+0+Metern.%0AAllerdings+muss+jedes
  +Auto+immer+mindestens+10+Meter+Abstand+zum+n%C3%A4chsten+vorher+fahrenden+Auto+halten.%0AAuf+eine
  r+Stra%C3%9Fe+mit+50+Meter+L%C3%A4nge+passen+also+bis+zu+sechs+Autos.%0ADer+Mindestabstand+gilt+au
  ch+f%C3%BCr+das+%C3%9Cberqueren+eines+Stra%C3%9Fenknotens.%0AEin+Auto+kann+also+einen+Stra%C3%9Fen
  knoten+nur+dann+in+eine+ausgehende+Stra%C3%9Fe+%C3%BCberqueren%2C+wenn+das+n%C3%A4chste+Auto+diese
  r+Stra%C3%9Fe+mindestens+10+Meter+auf+dieser+Stra%C3%9Fe+gefahren+ist.%0AUm+vom+Startknoten+bis+zu
  m+Endknoten+einer+Stra%C3%9Fe+zu+fahren%2C+muss+ein+Auto+die+gesamte+L%C3%A4nge+der+Stra%C3%9Fe+ge
  fahren+haben.%0ADies+geschieht+abh%C3%A4ngig+von+der+aktuellen+Geschwindigkeit+des+Autos+und+folge
  nden+Eigenschaften+des+Autos%3A%0A%0A-+eine+Wunschgeschwindigkeit+im+Meter+pro+Tick+%5Bm%2FTick%5D
  +%28minimal+20%2C+maximal+40%29%0A-+eine+Beschleunigung+in+Meter+pro+Tick%C2%B2+%5Bm%2FTick%C2%B2%
  5D+%28minimal+1%2C+maximal+10%29%0A%0AZudem+haben+Autos+eine+Wunschrichtung.%0ADie+Wunschrichtung+
  gibt+an%2C+auf+welche+ausgehende+Stra%C3%9Fe+das+Auto+bei+dem+n%C3%A4chsten+Stra%C3%9Fenknoten+abb
  iegen+will.%0AZuerst+will+ein+Auto+immer+auf+die+erste+ausgehende+Stra%C3%9Fe+%28in+der+Reihenfolg
  e%2C+in+der+die+Stra%C3%9Fen+zum+Knoten+hinzugef%C3%BCgt+wurden%29+abbiegen.%0ANach+jedem+Abbiegev
  organg+wird+die+Wunschrichtung+erh%C3%B6ht.%0ANach+dem+vierten+Abbiegevorgang+ist+die+Wunschrichtu
  ng+wieder+die+erste+Stra%C3%9Fe.%0AHat+ein+Stra%C3%9Fenknoten+weniger+ausgehende+Stra%C3%9Fen+als+
  maximal+m%C3%B6glich%2C+kann+es+sein%2C+dass+die+gew%C3%BCnschte+n-te+Stra%C3%9Fe+nicht+existiert.
  %0AIn+diesem+Fall+wird+die+n%C3%A4chste+existierende+Stra%C3%9Fe+in+der+Rotation+gew%C3%A4hlt.%0AD
  ennoch+wird+die+Wunschrichtung+f%C3%BCr+den+n%C3%A4chsten+Abbiegevorgang+so+erh%C3%B6ht%2C+als+ob+
  die+Stra%C3%9Fe+existiert+h%C3%A4tte.%0A%0A*Beispiel%3A+Die+Wunschrichtung+ist+die+vierte+Stra%C3%
  9Fe.+Allerdings+hat+der+Stra%C3%9Fenknoten+nur+drei+ausgehende+Stra%C3%9Fen.+Deshalb+biegt+das+Aut
  o+auf+die+erste+Stra%C3%9Fe+ab.+Nach+dem+Abbiegen+ist+die+neue+Wunschrichtung+die+erste+Stra%C3%9F
  e.*&project=ProgrammingWT2223-Final2&role=requirements&task=Understand+the+wt2223final02+and+creat
  e+its+backlog+when+prompted.&timestamp=2026-07-26T10%3A00%3A01.026Z&domain=wt2223final02

● adaptive-memory extension active (role=requirements, memorySession=20260726-115748-req) - type
  /memory-help. MCP tools registered (memory=true, backlog=true).







Changes    +0 -0
Duration   1m 1s
Tokens     ↑ 22.1k (1.3k cached) • ↓ 882 (455 reasoning)
[delivery:requirements] Turn 4/12 complete
[delivery:requirements] Turn 5/12: task.md — segment 4/10 — Abschlussaufgabe 2 — Verkehrssimulation > 3 Simulationsaufbau
● [adaptive-context] GET http://localhost:4444/api/agents/7af7809a-adce-4fa9-9609-fd61059de0ff/sessi
  ons/20260726-115748-req/context?input=Dokument%3A+task.md%0ASegment%3A+4%2F10%0AAbschnitt%3A+Absch
  lussaufgabe+2+%E2%80%94+Verkehrssimulation+%3E+3+Simulationsaufbau%0A%0ALies+diesen+Abschnitt+sorg
  f%C3%A4ltig+und+behalte+den+Kontext.+Erstelle+noch+keinen+Backlog+und+noch+keine+Tasks.+Warte+dami
  t+bis+zum+abschlie%C3%9Fenden+%2Ffinalize.%0A%0A%23%23+3+Simulationsaufbau%0A%0AZu+Beginn+der+Simu
  lation+wird+das+Stra%C3%9Fennetzwerk+aufgebaut.%0ADabei+wird+gepr%C3%BCft%2C+ob+das+Netzwerk+volls
  t%C3%A4ndig+ist.%0ASo+darf+es+zum+Beispiel+keine+Kreuzungen+ohne+Stra%C3%9Fen+geben.%0AZudem+d%C3%
  BCrfen+nicht+zu+viele+Autos+auf+eine+Stra%C3%9Fe+gesetzt+werden.%0AEin+Netzwerk+ohne+Autos+kann+tr
  otzdem+valide+sein.+Ein+Netzwerk%2C+das+weder+Knoten%2C+noch+Stra%C3%9Fen%2C+noch+Autos+hat+z%C3%A
  4hlt+auch+als+valide.%0A%0AAuch+alle+anderen+Einschr%C3%A4nkungen+aus+Abschnitt+**Simulationseleme
  nte**+m%C3%BCssen+beachtet+werden.%0ADer+Gr%C3%BCnphasenindikator+einer+Kreuzung+indiziert+eingehe
  nde+Stra%C3%9Fen+in+der+Reihenfolge%2C+wie+die+Stra%C3%9Fen+der+Kreuzung+hinzugef%C3%BCgt+wurden.%
  0AWegen+der+Wunschrichtung+von+Autos+gilt+dies+ebenfalls+f%C3%BCr+die+ausgehende+Stra%C3%9Fen.%0A%
  0ADie+Stra%C3%9Fen+werden+vom+Ende+aus+mit+ihren+Autos+bef%C3%BCllt.%0ADazu+wird+das+erste+Auto+au
  f+das+Ende+der+Stra%C3%9Fe+gesetzt.%0ADanach+werden+alle+anderen+Autos+mit+dem+Mindestabstand+von+
  10+Metern+dahinter+eingereiht.%0AEine+Stra%C3%9Fe+mit+70+Metern+L%C3%A4nge+und+f%C3%BCnf+Autos+hat
  +nach+dem+Aufbau+alle+Autos+auf+den+letzten+40+Metern+der+Stra%C3%9Fe+%28siehe+%60img%2Fplacing-ca
  rs.png%60%29.+Auf+der+Stra%C3%9Fe+k%C3%B6nnen+sich+maximal+8+Autos+gleichzeitig+befinden.%0A%0AZu+
  Beginn+haben+die+Autos+die+Geschwindigkeit+0+m%2FTick.%0ADie+initiale+Wunschrichtung+aller+Autos+h
  at+den+Wert+0.%0ADie+Gr%C3%BCnphase+aller+Kreuzungen+hat+ebenso+den+Wert+0.&project=ProgrammingWT2
  223-Final2&role=requirements&task=Understand+the+wt2223final02+and+create+its+backlog+when+prompte
  d.&timestamp=2026-07-26T10%3A00%3A27.557Z&domain=wt2223final02

● Injected adaptive memory context into system prompt

● <adaptive_rules>
  - streets.sim lines must follow `[Startknoten]-->[Endknoten]:[Länge]m,[Art]x,[Limit]max` with no
  spaces; [Art] is 1 or 2
  - When filling a street at load the first car is placed at the end; subsequent cars follow with 10
   m spacing
  - The program must be able to simulate several hundred cars
  - Cars placed on a street at load must respect a minimum distance of 10 m between cars
  - At initialization cars start with speed 0 m/Tick and desired direction 0
  - crossings.sim lines must follow `[ID]:[Dauer]t` where Dauer==0 indicates roundabout and Dauer>0
  indicates crossing
  - Initial green phase for all crossings is 0 (first connected street has green)
  - Car desired speed must be integer in [20,40] m/Tick and acceleration integer in [1,10] m/Tick²
  - No crossing may exist without streets (i.e., crossings must be connected to streets)
  - cars.sim lines must follow `[ID],[Straße],[v],[a]` with no spaces
  - Street length must be integer in [10,10000] meters and max speed integer in [5,40] m/Tick
  - During `load` the network must be validated for completeness, correctness and adherence to all
  value ranges
  - File paths passed to `load` must not contain spaces
  - Loading requires three input files in one folder: streets.sim, crossings.sim, cars.sim
  - The program must use the provided SimulationFileLoader class to read the files
  - Choose appropriate visibilities for classes, methods, and attributes.
  - Comments should be written consistently in either English or German.
  - Do not use the default package.
  - Interactive program outputs must match the specification exactly, including case, spaces, and
  line breaks.
  - Program code must be written in English.
  - Program code must compile without errors.
  - Source files must not exceed a maximum line width of 120 characters.
  - Student solutions may only use java.util.Scanner and elements from the packages java.lang,
  java.io, java.util, java.util.regex, java.util.stream and java.util.function.
  - Student solutions must use Java SE 17.
  - System.exit(), Runtime.exit() or similar must not be used.
  - The Javadoc author tag must contain only the student's u-Kürzel.
  - Street nodes may have up to four incoming and four outgoing streets and must have at least one
  incoming and one outgoing street
  - `simulate` must error if ticks is invalid or negative or if called before the first successful
  load
  - A valid network may contain no cars; a network with no nodes, streets, and cars can still be
  valid
  - Errors from SimulationFileLoader must be handled sensibly (e.g., shown as an error message)
  - Crossing green-phase duration (for Dauer>0) must be integer in [3,10] Ticks
  - Submit only your .java files online with the correct folder structure and as individual work.
  - Lengths, distances, speeds, accelerations, and time units must be integers (no fractions)
  - Pass the path string directly to the SimulationFileLoader constructor; the path string itself
  need not be validated
  - Assignment submission is automatically scored zero if any of the mandatory rules listed in the
  document are violated.
  - Mandatory tests must be passed before other tests are evaluated.
  - Follow all Checkstyle rules; specially marked Checkstyle rules cause automatic zero points if
  violated.
  - Implementation must not use System.exit() or other excluded functions to implement quit
  - Invalid commands (incorrect keyword or parameters) must produce an error message printed to the
  command line.
  - Do not add personal data other than your u-Kürzel to submissions.
  - Error messages must be a single line and contain no line breaks.
  - Error messages must begin with the character sequence 'Error:' with no leading spaces.
  - Error messages must not contain special characters such as line breaks or umlauts.
  - Placeholders in square brackets like [path] are never part of the actual program output.
  - Standard input and output streams must never be reassigned.
  - Use System.in for input unless otherwise specified.
  - Use System.out for output unless otherwise specified.
  - Identifiers are integers in [0, Integer.MAX_VALUE]
  - The `quit` command must terminate the program and must work in every situation
  - `position` must error for unknown ID or if called before the first successful load
  </adaptive_rules>

  <memories>
    - ProgrammingWT2223-Final2 requires the input files streets.sim, crossings.sim, and cars.sim in
  exact specified formats
    - ProgrammingWT2223-Final2 enforces source-code constraints: no System.exit(), no default
  package, and maximum line width 120 characters
    - ProgrammingWT2223-Final2 implements an interactive command interface where commands are a
  keyword plus an optional parameter
    - ProgrammingWT2223-Final2 requires that error messages begin with 'Error:' contain no special
  characters, and that all outputs exactly match the specification
    - ProgrammingWT2223-Final2 uses Java SE 17 with only the allowed packages (java.lang, java.io,
  java.util, java.util.regex, java.util.stream, java.util.function, java.util.Scanner)
  </memories>
  <knowledge>
    - A valid command always consists of a keyword and optionally a space-separated parameter.
    - The `simulate [ticks]` command executes the given number of simulation steps and prints READY
  on success
    - Multiple successful loads are allowed; a successful load replaces the current network
    - The `load [path]` command loads the network from three files in the specified folder and
  prints READY on success
  </knowledge>
  <entity_paths>
    - ProgrammingWT2223-Final2 USES Java SE 17 (restricted packages): ProgrammingWT2223-Final2 uses
  Java SE 17 with only the allowed packages (java.lang, java.io, java.util, java.util.regex,
  java.util.stream, java.util.function, java.util.Scanner)
    - ProgrammingWT2223-Final2 CONSTRAINT source code constraints: ProgrammingWT2223-Final2 enforces
   source-code constraints: no System.exit(), no default package, and maximum line width 120
  characters
    - ProgrammingWT2223-Final2 CONSTRAINT output and error message formatting:
  ProgrammingWT2223-Final2 requires that error messages begin with 'Error:' contain no special
  characters, and that all outputs exactly match the specification
    - ProgrammingWT2223-Final2 CONSTRAINT streets.sim / crossings.sim / cars.sim input files:
  ProgrammingWT2223-Final2 requires the input files streets.sim, crossings.sim, and cars.sim in
  exact specified formats
    - ProgrammingWT2223-Final2 RELATES_TO Interactive command interface: ProgrammingWT2223-Final2
  implements an interactive command interface where commands are a keyword plus an optional
  parameter
    - Assignment submission CONSTRAINT Violation of mandatory rules leads to zero points: Assignment
   submission is automatically scored zero if any of the mandatory rules listed in the document are
  violated.
    - Assignment submission CONSTRAINT Pass mandatory tests before other tests: Mandatory tests must
   be passed before other tests are evaluated.
    - streets.sim format CONSTRAINT `[Startknoten]-->[Endknoten]:[Länge]m,[Art]x,[Limit]max` with no
   spaces; [Art] ∈ {1,2}: streets.sim lines must follow
  `[Startknoten]-->[Endknoten]:[Länge]m,[Art]x,[Limit]max` with no spaces; [Art] is 1 or 2
    - Street filling order CONSTRAINT First car at end; further cars spaced 10 m: When filling a
  street at load the first car is placed at the end; subsequent cars follow with 10 m spacing
  </entity_paths>
  <entity_matches>
    - ProgrammingWT2223-Final2 (score: 1.00) — Course project repository for the WT2223 final
  assignment
    - streets.sim, crossings.sim, cars.sim (score: 0.76) — Required input files for a network
    - Assignment submission (score: 0.74) — Sie müssen zuerst die verpflichtenden Tests bestehen,
  bevor die anderen Tests ausgewertet werden können.
    - streets.sim format (score: 0.72) — Line format for streets.sim
    - Street filling order (score: 0.71) — How cars are placed on a street during load
  </entity_matches>

● adaptive-memory extension active (role=requirements, memorySession=20260726-115748-req) - type
  /memory-help. MCP tools registered (memory=true, backlog=true).







Changes    +0 -0
Duration   1m 18s
Tokens     ↑ 24.8k (1.3k cached) • ↓ 451 (249 reasoning)
[delivery:requirements] Turn 5/12 complete
[delivery:requirements] Turn 6/12: task.md — segment 5/10 — Abschlussaufgabe 2 — Verkehrssimulation > 4 Simulationsschritte
● [adaptive-context] GET
  http://localhost:4444/api/agents/7af7809a-adce-4fa9-9609-fd61059de0ff/sessions/20260726-115748-req
  /context?input=Dokument%3A+task.md%0ASegment%3A+5%2F10%0AAbschnitt%3A+Abschlussaufgabe+2+%E2%80%94
  +Verkehrssimulation+%3E+4+Simulationsschritte%0A%0ALies+diesen+Abschnitt+sorgf%C3%A4ltig+und+behal
  te+den+Kontext.+Erstelle+noch+keinen+Backlog+und+noch+keine+Tasks.+Warte+damit+bis+zum+abschlie%C3
  %9Fenden+%2Ffinalize.%0A%0A%23%23+4+Simulationsschritte%0A%0AEin+Simulationsschritt+entspricht+ein
  em+Tick.%0AIn+diesem+Schritt+wird+das+Modell+der+Simulation+aktualisiert.%0AHierbei+k%C3%B6nnen+si
  ch+Autos+bewegen+und+Gr%C3%BCnphasen+werden+gegebenenfalls+angepasst.%0AEin+Simulationsschritt+%C3
  %BCberf%C3%BChrt+das+Stra%C3%9Fennetzwerk+also+von+einem+validen+Ausgangszustand+immer+in+einen+va
  liden+Folgezustand.%0ADie+Aktualisierung+l%C3%A4uft+in+folgender+Reihenfolge+ab%3A%0A%0A1.+Aktuali
  sierung+aller+Stra%C3%9Fen+aufsteigend+dem+Identifikator+nach%0A2.+Aktualisierung+aller+Kreuzungen
  +aufsteigend+dem+Identifikator+nach%0A%0AZum+Beispiel+werden+in+einem+Netzwerk+mit+den+Stra%C3%9Fe
  n+S%3Csub%3E0%3C%2Fsub%3E+und+S%3Csub%3E1%3C%2Fsub%3E+sowie+den+Kreuzungen+K%3Csub%3E0%3C%2Fsub%3E
  +und+K%3Csub%3E1%3C%2Fsub%3E+die+Elemente+in+der+Reihenfolge+%28S%3Csub%3E0%3C%2Fsub%3E%2C+S%3Csub
  %3E1%3C%2Fsub%3E%2C+K%3Csub%3E0%3C%2Fsub%3E%2C+K%3Csub%3E1%3C%2Fsub%3E%29+aktualisiert+%28die+Numm
  ern+entsprechen+dem+Identifikator%29.%0AIm+Folgenden+werden+die+einzelnen+Teilabl%C3%A4ufe+des+Sim
  ulationsschrittes+n%C3%A4her+beschrieben.%0A%0A%23%23%23+4.1+Aktualisierung+einer+Stra%C3%9Fe%0A%0
  AInnerhalb+einer+Stra%C3%9Fe+werden+alle+Autos+in+ihrer+Reihenfolge+von+hinten+%28Endknoten%29+nac
  h+vorne+%28Startknoten%29+aktualisiert.%0A%0ADie+Bewegung+eines+Autos+in+einem+Tick+f%C3%BCr+versc
  hiedene+F%C3%A4lle+abh%C3%A4ngig+von+Wunschgeschwindigkeit+%28v%3Csub%3Ewunsch%3C%2Fsub%3E%29%2C+B
  eschleunigung+%28a%29%2C+aktueller+Geschwindigkeit+%28v%3Csub%3Ealt%3C%2Fsub%3E%29+sowie+Maximalge
  schwindigkeit+%28v%3Csub%3Emax%3C%2Fsub%3E%29+ist+in+%60img%2Fsteps_1.png%60%2F%60img%2Fsteps_2.pn
  g%60+dargestellt.+Nach+Abschluss+des+Ticks+steht+das+Auto+an+Position+A%27.%0A%0AIm+Rahmen+einer+A
  ktualisierung+eines+Autos+wird+zuerst+die+Geschwindigkeit+angepasst.%0ADann+wird+das+Auto+gegebene
  nfalls+bewegt.%0AZur+Aktualisierung+der+Geschwindigkeit+wird+die+Formel+%60v_neu+%3D+min%28v_alt+%
  2B+a+%C2%B7+%281+Tick%29%2C+v_wunsch%2C+v_max%29%60+verwendet.%0AHierbei+ist+v%3Csub%3Eneu%3C%2Fsu
  b%3E+die+neue+Geschwindigkeit+des+Autos%2C+v%3Csub%3Ealt%3C%2Fsub%3E+die+bisherige+Geschwindigkeit
  +des+Autos%2C+v%3Csub%3Ewunsch%3C%2Fsub%3E+die+Wunschgeschwindigkeit+des+Autos%2C+v%3Csub%3Emax%3C
  %2Fsub%3E+die+Maximalgeschwindigkeit+der+Stra%C3%9Fe+und+a+die+Beschleunigung+des+Autos.%0ADie+Ges
  chwindigkeit+eines+vorausfahrenden+Autos+beeinflusst+nicht+die+Aktualisierung+der+Geschwindigkeit.
  %0A%0AJedes+Auto+bewegt+sich+dann+entsprechend+der+angepassten+Geschwindigkeit+auf+der+Stra%C3%9Fe
  +nach+vorne+%28siehe+%60img%2Fsteps_1.png%60%2F%60img%2Fsteps_2.png%60%29.%0ADie+Bewegung+kann+abe
  r+vorzeitig+beendet+werden.%0AJedes+Auto+kann+nur+so+weit+fahren%2C+wie+der+Mindestabstand+es+zul%
  C3%A4sst.%0ADie+Ausnahme+hierbei+ist+das+%C3%9Cberholen+auf+Stra%C3%9Fen+mit+%C3%9Cberholspur.%0AB
  efindet+sich+zum+Beispiel+ein+Auto+mit+einer+angepassten+Geschwindigkeit+von+10+Meter+pro+Tick+all
  ein+auf+einer+Stra%C3%9Fe+mit+15+Metern+Abstand+zum+Ende+der+Stra%C3%9Fe%2C+wird+es+bis+auf+5+Mete
  r+an+das+Ende+der+Stra%C3%9Fe+hinbewegt.%0ABef%C3%A4nde+sich+jedoch+ein+Auto+am+Ende+der+Stra%C3%9
  Fe%2C+w%C3%BCrde+das+fahrende+Auto+nach+5+Metern+stoppen.%0A%0AHat+ein+Auto+das+Ende+der+Stra%C3%9
  Fe+erreicht+und+kann+es+im+aktuellen+Tick+mindestens+noch+einen+Meter+fahren%2C+kann+es+%C3%BCber+
  den+Stra%C3%9Fenknoten+abbiegen+%28abbiegen+bezeichnet+hierbei+das+%C3%9Cberqueren+des+Knotens%2C+
  unabh%C3%A4ngig+von+der+Richtung%29.%0ADies+geht+jedoch%2C+nur+wenn+nach+dem+Abbiegevorgang+auf+de
  r+neuen+Stra%C3%9Fe+der+Mindestabstand+zum+herausfahrenden+Auto+eingehalten+werden+kann.%0ADie+ver
  bleibende+Fahrtstrecke+des+Ticks+kann+nach+dem+Abbiegen+dann+noch+direkt+%28also+noch+w%C3%A4hrend
  +des+aktualisieren+des+Autos%29+auf+der+neuen+Stra%C3%9Fe+weitergefahren+werden.%0AAuch+hier+muss+
  wie+immer+der+Mindestabstand+eingehalten+werden+%28siehe+%60img%2Fturning.png%60%29.%0ADie+Maximal
  geschwindigkeit+der+neuen+Stra%C3%9Fe+wird+hierbei+ignoriert.%0AUnabh%C3%A4ngig+von+der+verbleiben
  den+Fahrtstrecke+darf+ein+Auto+aber+nicht+erneut+abbiegen.%0AEs+bleibt+in+diesem+Fall+also+am+*End
  e*+der+neuen+Stra%C3%9Fe+stehen.%0A%0A%60img%2Fturning.png%60+zeigt+Abbiegevorg%C3%A4nge+eines+Aut
  os+A+auf+die+ausgehenden+Stra%C3%9Fen+eines+Knotens.+Das+Auto+f%C3%A4hrt+mit+der+%28angepassten%29
  +Geschwindigkeit+10+Meter+pro+Tick.+Abbiegen+auf+Position+A%27+ist+nicht+erlaubt.+Abbiegen+auf+A%2
  7%27+und+A%27%27%27+ist+erlaubt.+Der+tats%C3%A4chliche+Abbiegevorgang+h%C3%A4ngt+von+der+Wunschric
  htung+und+dem+Stra%C3%9Fenknoten+ab.%0A%0A%C3%9Cber+Kreisel+darf+immer+abgebogen+werden.%0A%C3%9Cb
  er+Kreuzungen+darf+nur+abgebogen+werden%2C+wenn+die+entsprechende+eingehende+Stra%C3%9Fe+gr%C3%BCn
  +hat.%0A%0AAutos%2C+die+w%C3%A4hrend+der+Aktualisierung+ihrer+Stra%C3%9Fe+auf+eine+andere+Stra%C3%
  9Fe+abgebogen+sind%2C+d%C3%BCrfen+bei+der+Aktualisierung+der+anderen+Stra%C3%9Fe+nicht+erneut+bewe
  gt+werden.+Pro+Simulationsschritt+wird+also+jedes+Auto+nur+einmal+bewegt.%0A%0A%60img%2Fovertaking
  _1.png%60%2F%60img%2Fovertaking_2.png%60+zeigt+eine+%C3%9Cbersicht+%C3%BCber+erlaubte+%28Fall+1%29
  +und+unerlaubte+%28Fall+2-4%29+%C3%9Cberholvorg%C3%A4nge+auf+einer+Stra%C3%9Fe+mit+%C3%9Cberholspu
  r.+Fall+1+ist+nur+erlaubt%2C+falls+zus%C3%A4tzliche+Bedingungen+wie+Restdistanz+im+aktuellen+Tick+
  gegeben+sind.%0A%0ABefindet+sich+ein+Auto+auf+einer+Stra%C3%9Fe+mit+%C3%9Cberholspur%2C+kann+es+da
  s+vorausfahrende+Auto+gegebenenfalls+%C3%BCberholen+%28siehe+%60img%2Fovertaking_1.png%60%2F%60img
  %2Fovertaking_2.png%60%29.%0ADabei+endet+die+Bewegung+nicht+bei+dem+Erreichen+des+Minimalabstandes
  +zum+vorausfahrenden+Auto.%0AStattdessen+wird+das+Auto+weiterbewegt%2C+als+ob+das+vorausfahrende+A
  uto+nicht+existiert.%0ADies+ist+jedoch+nur+m%C3%B6glich%2C+wenn+nach+dem+Ende+der+Bewegung+des+Aut
  os+erneut+alle+Mindestabst%C3%A4nde+%28sowohl+nach+vorne+als+auch+nach+hinten%29+eingehalten+werde
  n+k%C3%B6nnen+%28siehe+Fall+1+und+Fall+3+in+%60img%2Fovertaking_1.png%60%2F%60img%2Fovertaking_2.p
  ng%60%29.%0AEs+kann+hierbei+immer+nur+ein+Auto+%C3%BCberholt+werden+%28siehe+Fall+2%29.%0AWurde+ei
  n+Auto+%C3%BCberholt%2C+kann+das+%C3%BCberholende+Auto+nicht+im+gleichen+Tick+noch+die+Kreuzung+%C
  3%BCberqueren+%28Fall+4%29.%0ADas+bedeutet+%C3%BCber+einen+Stra%C3%9Fenknoten+wird+nie+%C3%BCberho
  lt+und+das+vorderste+Auto+kann+nur+%C3%BCberholt+werden%2C+wenn+das+%C3%BCberholende+Auto+am+Ende+
  der+Stra%C3%9Fe+stehen+bleiben+kann.%0ANach+dem+Abbiegen+darf+beim+Fahren+der+verbleibenden+Fahrts
  trecke+auf+der+neuen+Stra%C3%9Fe+das+Auto+nicht+mehr+%C3%BCberholen.+%C3%9Cberholen+und+Abbiegen+f
  indet+f%C3%BCr+ein+Auto+also+nie+im+gleichen+Tick+statt.%0A%0AWird+ein+Auto+in+einem+Tick+nicht+be
  wegt%2C+wird+die+Geschwindigkeit+des+Autos+nach+der+Geschwindigkeitsanpassung+auf+0+gesetzt.%0ADas
  +reine+Abbiegen+z%C3%A4hlt+hierbei+jedoch+nicht+als+Bewegung.%0ADies+ist+zum+Beispiel+in+einem+Sta
  u+der+Fall%2C+also+wenn+der+Abstand+zum+vorausfahrenden+Auto+bereits+Mindestabstand+entspricht+und
  +nicht+%C3%BCberholt+werden+kann.%0A%0A%23%23%23+4.2+Aktualisierung+einer+Kreuzung%0A%0AZur+Aktual
  isierung+einer+Kreuzung+muss+nur+die+Gr%C3%BCnschaltung+angepasst+werden.%0ADaf%C3%BCr+wird+die+ve
  rbleibende+Dauer+der+aktuellen+Gr%C3%BCnphase+um+einen+Tick+reduziert.%0AIst+die+verbleibende+Daue
  r+dann+0%2C+m%C3%BCssen+die+Ampeln+umgeschaltet+werden.%0ADazu+wird+der+Gr%C3%BCnphasenindikator%2
  C+welcher+angibt%2C+welche+eingehende+Stra%C3%9Fe+gr%C3%BCn+hat%2C+um+eins+erh%C3%B6ht.%0AFalls+er
  +die+letzte+eingehende+Stra%C3%9Fe+indiziert%2C+wird+er+stattdessen+auf+0+gesetzt.%0AAnschlie%C3%9
  Fend+muss+die+Gr%C3%BCnphasendauer+wieder+auf+den+Ausgangswert+der+Kreuzung+gesetzt+werden.&projec
  t=ProgrammingWT2223-Final2&role=requirements&task=Understand+the+wt2223final02+and+create+its+back
  log+when+prompted.&timestamp=2026-07-26T10%3A00%3A44.245Z&domain=wt2223final02

● Injected adaptive memory context into system prompt

● <adaptive_rules>
  - streets.sim lines must follow `[Startknoten]-->[Endknoten]:[Länge]m,[Art]x,[Limit]max` with no
  spaces; [Art] is 1 or 2
  - crossings.sim lines must follow `[ID]:[Dauer]t` where Dauer==0 indicates roundabout and Dauer>0
  indicates crossing
  - Car desired speed must be integer in [20,40] m/Tick and acceleration integer in [1,10] m/Tick²
  - Initial green phase for all crossings is 0 (first connected street has green)
  - Crossing green-phase duration (for Dauer>0) must be integer in [3,10] Ticks
  - Street length must be integer in [10,10000] meters and max speed integer in [5,40] m/Tick
  - When filling a street at load the first car is placed at the end; subsequent cars follow with 10
   m spacing
  - At initialization cars start with speed 0 m/Tick and desired direction 0
  - cars.sim lines must follow `[ID],[Straße],[v],[a]` with no spaces
  - During `load` the network must be validated for completeness, correctness and adherence to all
  value ranges
  - File paths passed to `load` must not contain spaces
  - Loading requires three input files in one folder: streets.sim, crossings.sim, cars.sim
  - The program must use the provided SimulationFileLoader class to read the files
  - Cars placed on a street at load must respect a minimum distance of 10 m between cars
  - No crossing may exist without streets (i.e., crossings must be connected to streets)
  - The program must be able to simulate several hundred cars
  - Street nodes may have up to four incoming and four outgoing streets and must have at least one
  incoming and one outgoing street
  - `simulate` must error if ticks is invalid or negative or if called before the first successful
  load
  - Identifiers are integers in [0, Integer.MAX_VALUE]
  - Errors from SimulationFileLoader must be handled sensibly (e.g., shown as an error message)
  - The Javadoc author tag must contain only the student's u-Kürzel.
  - Choose appropriate visibilities for classes, methods, and attributes.
  - Comments should be written consistently in either English or German.
  - Do not use the default package.
  - Interactive program outputs must match the specification exactly, including case, spaces, and
  line breaks.
  - Program code must be written in English.
  - Program code must compile without errors.
  - Source files must not exceed a maximum line width of 120 characters.
  - Student solutions may only use java.util.Scanner and elements from the packages java.lang,
  java.io, java.util, java.util.regex, java.util.stream and java.util.function.
  - Student solutions must use Java SE 17.
  - System.exit(), Runtime.exit() or similar must not be used.
  - Implementation must not use System.exit() or other excluded functions to implement quit
  - A valid network may contain no cars; a network with no nodes, streets, and cars can still be
  valid
  - Standard input and output streams must never be reassigned.
  - Use System.in for input unless otherwise specified.
  - Use System.out for output unless otherwise specified.
  - Submit only your .java files online with the correct folder structure and as individual work.
  - Assignment submission is automatically scored zero if any of the mandatory rules listed in the
  document are violated.
  - Mandatory tests must be passed before other tests are evaluated.
  - Lengths, distances, speeds, accelerations, and time units must be integers (no fractions)
  - Pass the path string directly to the SimulationFileLoader constructor; the path string itself
  need not be validated
  - Do not add personal data other than your u-Kürzel to submissions.
  - `position` must error for unknown ID or if called before the first successful load
  - Placeholders in square brackets like [path] are never part of the actual program output.
  - Follow all Checkstyle rules; specially marked Checkstyle rules cause automatic zero points if
  violated.
  - The `quit` command must terminate the program and must work in every situation
  - Invalid commands (incorrect keyword or parameters) must produce an error message printed to the
  command line.
  - Error messages must be a single line and contain no line breaks.
  - Error messages must begin with the character sequence 'Error:' with no leading spaces.
  - Error messages must not contain special characters such as line breaks or umlauts.
  </adaptive_rules>

  <memories>
    - ProgrammingWT2223-Final2 requires the input files streets.sim, crossings.sim, and cars.sim in
  exact specified formats
    - ProgrammingWT2223-Final2 enforces source-code constraints: no System.exit(), no default
  package, and maximum line width 120 characters
    - ProgrammingWT2223-Final2 implements an interactive command interface where commands are a
  keyword plus an optional parameter
    - ProgrammingWT2223-Final2 requires that error messages begin with 'Error:' contain no special
  characters, and that all outputs exactly match the specification
    - ProgrammingWT2223-Final2 uses Java SE 17 with only the allowed packages (java.lang, java.io,
  java.util, java.util.regex, java.util.stream, java.util.function, java.util.Scanner)
  </memories>
  <knowledge>
    - A valid command always consists of a keyword and optionally a space-separated parameter.
    - The `simulate [ticks]` command executes the given number of simulation steps and prints READY
  on success
    - Multiple successful loads are allowed; a successful load replaces the current network
  </knowledge>
  <entity_paths>
    - ProgrammingWT2223-Final2 USES Java SE 17 (restricted packages): ProgrammingWT2223-Final2 uses
  Java SE 17 with only the allowed packages (java.lang, java.io, java.util, java.util.regex,
  java.util.stream, java.util.function, java.util.Scanner)
    - ProgrammingWT2223-Final2 CONSTRAINT source code constraints: ProgrammingWT2223-Final2 enforces
   source-code constraints: no System.exit(), no default package, and maximum line width 120
  characters
    - ProgrammingWT2223-Final2 CONSTRAINT output and error message formatting:
  ProgrammingWT2223-Final2 requires that error messages begin with 'Error:' contain no special
  characters, and that all outputs exactly match the specification
    - ProgrammingWT2223-Final2 CONSTRAINT streets.sim / crossings.sim / cars.sim input files:
  ProgrammingWT2223-Final2 requires the input files streets.sim, crossings.sim, and cars.sim in
  exact specified formats
    - ProgrammingWT2223-Final2 RELATES_TO Interactive command interface: ProgrammingWT2223-Final2
  implements an interactive command interface where commands are a keyword plus an optional
  parameter
    - Crossing initial green phase RELATES_TO Green phase value 0 meaning first connected street
  green: Initial green phase for all crossings is 0 (first connected street has green)
    - Crossing green-phase duration CONSTRAINT Duration ∈ [3,10] ticks; integer-only: Crossing
  green-phase duration (for Dauer>0) must be integer in [3,10] Ticks
    - Crossing connectivity CONSTRAINT No crossings without streets: No crossing may exist without
  streets (i.e., crossings must be connected to streets)
  </entity_paths>
  <entity_matches>
    - ProgrammingWT2223-Final2 (score: 1.00) — Course project repository for the WT2223 final
  assignment
    - Crossing initial green phase (score: 0.72) — Initial green-phase state
    - Crossing green-phase duration (score: 0.71) — Allowed green-phase duration for crossings
    - Crossing connectivity (score: 0.70) — Crossings must have streets
    - streets.sim, crossings.sim, cars.sim (score: 0.70) — Required input files for a network
  </entity_matches>

● adaptive-memory extension active (role=requirements, memorySession=20260726-115748-req) - type
  /memory-help. MCP tools registered (memory=true, backlog=true).







Changes    +0 -0
Duration   1m 43s
Tokens     ↑ 26.9k (1.3k cached) • ↓ 818 (405 reasoning)
[delivery:requirements] Turn 6/12 complete
[delivery:requirements] Turn 7/12: task.md — segment 6/10 — Abschlussaufgabe 2 — Verkehrssimulation > 5 Simulationsdateien
● [adaptive-context] GET http://localhost:4444/api/agents/7af7809a-adce-4fa9-9609-fd61059de0ff/sessi
  ons/20260726-115748-req/context?input=Dokument%3A+task.md%0ASegment%3A+6%2F10%0AAbschnitt%3A+Absch
  lussaufgabe+2+%E2%80%94+Verkehrssimulation+%3E+5+Simulationsdateien%0A%0ALies+diesen+Abschnitt+sor
  gf%C3%A4ltig+und+behalte+den+Kontext.+Erstelle+noch+keinen+Backlog+und+noch+keine+Tasks.+Warte+dam
  it+bis+zum+abschlie%C3%9Fenden+%2Ffinalize.%0A%0A%23%23+5+Simulationsdateien%0A%0ADie+Netzwerkstru
  ktur+und+alle+Simulationselemente+werden+aus+Text-Dateien+geladen.%0ADaf%C3%BCr+werden+immer+genau
  +drei+Dateien+ben%C3%B6tigt%3A+die+Datei+*streets.sim*%2C+die+Datei+*crossings.sim*%2C+sowie+die+D
  atei+*cars.sim*.%0ADie+Datei+*streets.sim*+enth%C3%A4lt+Informationen+%C3%BCber+alle+Stra%C3%9Fen%
  2C+inklusive+an+welche+Stra%C3%9Fenknoten+sie+angebunden+sind.%0ADie+Datei+*crossings.sim*+enth%C3
  %A4lt+zus%C3%A4tzlich+Informationen+%C3%BCber+die+Stra%C3%9Fenknoten.%0ADie+Datei+*cars.sim*+enth%
  C3%A4lt+Informationen+%C3%BCber+alle+Autos%2C+inklusive+auf+welcher+Stra%C3%9Fe+sie+starten.%0A%0A
  %23%23%23+5.1+%60SimulationFileLoader%60%0A%0ADie+Klasse+stellt+drei+Methoden+bereit%2C+also+jewei
  ls+eine+pro+Datei.%0ADie+Klasse+erwartet+als+Konstruktor-Parameter+den+Dateipfad%2C+welcher+angibt
  %2C+in+welchem+Ordner+die+Simulationsdateien+liegen.%0ADie+Methoden+lesen+die+Dateien+jeweils+ein+
  und+geben+den+Inhalt+der+Datei+zeilenweise+als+Liste+von+Zeichenketten+zur%C3%BCck.%0AJede+Zeile+i
  st+dabei+das+Eingabeformat+f%C3%BCr+ein+Simulationselement.%0ADer+Inhalt+dieser+Liste%2C+inklusive
  +der+syntaktischen+Korrektheit+des+Eingabeformats%2C+muss+selbst+%C3%BCberpr%C3%BCft+werden.%0ABea
  chten+Sie+die+Javadoc-Kommentare+der+entsprechenden+Methoden.%0A%0A%23%23%23+5.2+Eingabeformat%0A%
  0AIm+Folgenden+wird+das+Eingabeformat+f%C3%BCr+alle+drei+Dateien+diskutiert.%0APlatzhalter+f%C3%BC
  r+Werte+werden+dabei+mit+eckigen+Klammern+gekennzeichnet%3A+%60%5BPlatzhalter%5D%60.%0A%0A*Hinweis
  %3A*+Stra%C3%9Fen+sind+die+einzigen+Simulationselemente%2C+welche+keine+expliziten+Identifikatoren
  +im+Eingabeformat+besitzen.+Hier+m%C3%BCssen+die+Identifikatoren+deshalb+dynamisch+vergeben+werden
  .+Dies+geschieht+in+der+Einlesereihenfolge+%28also+in+der+Datei+*streets.sim*+von+oben+nach+unten%
  29+startend+mit+dem+Identifikator+%600%60.%0A%0A**Stra%C3%9Fen**+haben+das+folgende+Eingabeformat+
  %28keine+Leerzeichen%29%3A%0A%0A%60%5BStartknoten%5D--%3E%5BEndknoten%5D%3A%5BL%C3%A4nge%5Dm%2C%5B
  Art%5Dx%2C%5BLimit%5Dmax%60%0A%0A*Beispiel%3A*+%603--%3E1%3A300m%2C2x%2C130max%60%0A%0A-+%60%5BSta
  rtknoten%5D%60+und+%60%5BEndknoten%5D%60+geben+den+Identifikator+des+jeweiligen+Stra%C3%9Fenknoten
  s+an.%0A-+%60%5BL%C3%A4nge%5D%60+gibt+die+L%C3%A4nge+der+Stra%C3%9Fe+in+Meter+an.%0A-+%60%5BArt%5D
  %60+ist+die+Stra%C3%9Fenart%2C+also+entweder+%601%60+f%C3%BCr+einspurig+oder+%602%60+f%C3%BCr+eins
  purig+mit+%C3%9Cberholspur.%0A-+%60%5BLimit%5D%60+ist+die+Maximalgeschwindigkeit+in+Meter+pro+Tick
  .%0A%0A**Kreuzungen**+haben+das+folgende+Eingabeformat+%28keine+Leerzeichen%29%3A%0A%0A%60%5BID%5D
  %3A%5BDauer%5Dt%60%0A%0A*Beispiel%3A*+%600%3A5t%60%0A%0A-+%60%5BID%5D%60+gibt+den+Identifikator+de
  s+Stra%C3%9Fenknotens+an.%0A-+%60%5BDauer%5D%60+gibt+die+Gr%C3%BCnphasendauer+in+Ticks+an.+Ist+der
  +Wert+%600%60%2C+ist+der+Knoten+ein+Kreisel.+Ist+der+Wert+gr%C3%B6%C3%9Fer+als+%600%60%2C+ist+der+
  Knoten+eine+Kreuzung.%0A%0A**Autos**+haben+das+folgende+Eingabeformat+%28keine+Leerzeichen%29%3A%0
  A%0A%60%5BID%5D%2C%5BStra%C3%9Fe%5D%2C%5Bv%5D%2C%5Ba%5D%60%0A%0A*Beispiel%3A*+%605%2C2%2C20%2C5%60
  %0A%0A-+%60%5BID%5D%60+gibt+den+Identifikator+des+Autos+an.%0A-+%60%5BStra%C3%9Fe%5D%60+gibt+den+I
  dentifikator+der+Stra%C3%9Fe+an%2C+auf+der+das+Auto+startet.%0A-+%60%5Bv%5D%60+gibt+die+Wunschgesc
  hwindigkeit+in+Meter+pro+Tick+an.%0A-+%60%5Ba%5D%60+gibt+die+Beschleunigung+in+Meter+pro+Tick%C2%B
  2+an.&project=ProgrammingWT2223-Final2&role=requirements&task=Understand+the+wt2223final02+and+cre
  ate+its+backlog+when+prompted.&timestamp=2026-07-26T10%3A01%3A08.991Z&domain=wt2223final02

● Injected adaptive memory context into system prompt

● <adaptive_rules>
  - streets.sim lines must follow `[Startknoten]-->[Endknoten]:[Länge]m,[Art]x,[Limit]max` with no
  spaces; [Art] is 1 or 2
  - cars.sim lines must follow `[ID],[Straße],[v],[a]` with no spaces
  - crossings.sim lines must follow `[ID]:[Dauer]t` where Dauer==0 indicates roundabout and Dauer>0
  indicates crossing
  - The program must be able to simulate several hundred cars
  - Car desired speed must be integer in [20,40] m/Tick and acceleration integer in [1,10] m/Tick²
  - Pass the path string directly to the SimulationFileLoader constructor; the path string itself
  need not be validated
  - Street length must be integer in [10,10000] meters and max speed integer in [5,40] m/Tick
  - Errors from SimulationFileLoader must be handled sensibly (e.g., shown as an error message)
  - Street nodes may have up to four incoming and four outgoing streets and must have at least one
  incoming and one outgoing street
  - Submit only your .java files online with the correct folder structure and as individual work.
  - When filling a street at load the first car is placed at the end; subsequent cars follow with 10
   m spacing
  - During `load` the network must be validated for completeness, correctness and adherence to all
  value ranges
  - File paths passed to `load` must not contain spaces
  - Loading requires three input files in one folder: streets.sim, crossings.sim, cars.sim
  - The program must use the provided SimulationFileLoader class to read the files
  - Cars placed on a street at load must respect a minimum distance of 10 m between cars
  - The Javadoc author tag must contain only the student's u-Kürzel.
  - Error messages must be a single line and contain no line breaks.
  - Error messages must begin with the character sequence 'Error:' with no leading spaces.
  - Error messages must not contain special characters such as line breaks or umlauts.
  - Choose appropriate visibilities for classes, methods, and attributes.
  - Comments should be written consistently in either English or German.
  - Do not use the default package.
  - Interactive program outputs must match the specification exactly, including case, spaces, and
  line breaks.
  - Program code must be written in English.
  - Program code must compile without errors.
  - Source files must not exceed a maximum line width of 120 characters.
  - Student solutions may only use java.util.Scanner and elements from the packages java.lang,
  java.io, java.util, java.util.regex, java.util.stream and java.util.function.
  - Student solutions must use Java SE 17.
  - System.exit(), Runtime.exit() or similar must not be used.
  - Standard input and output streams must never be reassigned.
  - Use System.in for input unless otherwise specified.
  - Use System.out for output unless otherwise specified.
  - Lengths, distances, speeds, accelerations, and time units must be integers (no fractions)
  - Crossing green-phase duration (for Dauer>0) must be integer in [3,10] Ticks
  - Initial green phase for all crossings is 0 (first connected street has green)
  - At initialization cars start with speed 0 m/Tick and desired direction 0
  - A valid network may contain no cars; a network with no nodes, streets, and cars can still be
  valid
  - No crossing may exist without streets (i.e., crossings must be connected to streets)
  - Placeholders in square brackets like [path] are never part of the actual program output.
  - `simulate` must error if ticks is invalid or negative or if called before the first successful
  load
  - Do not add personal data other than your u-Kürzel to submissions.
  - Follow all Checkstyle rules; specially marked Checkstyle rules cause automatic zero points if
  violated.
  - A valid command always consists of a keyword and optionally a space-separated parameter.
  - `position` must error for unknown ID or if called before the first successful load
  - Assignment submission is automatically scored zero if any of the mandatory rules listed in the
  document are violated.
  - Mandatory tests must be passed before other tests are evaluated.
  - Implementation must not use System.exit() or other excluded functions to implement quit
  - Identifiers are integers in [0, Integer.MAX_VALUE]
  - Invalid commands (incorrect keyword or parameters) must produce an error message printed to the
  command line.
  </adaptive_rules>

  <memories>
    - The document 'task.md' is the assignment titled 'Abschlussaufgabe 2 — Verkehrssimulation'.
    - task.md is titled 'Abschlussaufgabe 2 — Verkehrssimulation'.
    - ProgrammingWT2223-Final2 requires the input files streets.sim, crossings.sim, and cars.sim in
  exact specified formats
    - The assignment document 'task.md' relates to the course 'Programmieren'.
    - ProgrammingWT2223-Final2 enforces source-code constraints: no System.exit(), no default
  package, and maximum line width 120 characters
    - ProgrammingWT2223-Final2 requires that error messages begin with 'Error:' contain no special
  characters, and that all outputs exactly match the specification
    - ProgrammingWT2223-Final2 implements an interactive command interface where commands are a
  keyword plus an optional parameter
    - ProgrammingWT2223-Final2 uses Java SE 17 with only the allowed packages (java.lang, java.io,
  java.util, java.util.regex, java.util.stream, java.util.function, java.util.Scanner)
  </memories>
  <knowledge>
    - The `quit` command must terminate the program and must work in every situation
  </knowledge>
  <entity_paths>
    - ProgrammingWT2223-Final2 USES Java SE 17 (restricted packages): ProgrammingWT2223-Final2 uses
  Java SE 17 with only the allowed packages (java.lang, java.io, java.util, java.util.regex,
  java.util.stream, java.util.function, java.util.Scanner)
    - ProgrammingWT2223-Final2 CONSTRAINT source code constraints: ProgrammingWT2223-Final2 enforces
   source-code constraints: no System.exit(), no default package, and maximum line width 120
  characters
    - ProgrammingWT2223-Final2 CONSTRAINT output and error message formatting:
  ProgrammingWT2223-Final2 requires that error messages begin with 'Error:' contain no special
  characters, and that all outputs exactly match the specification
    - ProgrammingWT2223-Final2 CONSTRAINT streets.sim / crossings.sim / cars.sim input files:
  ProgrammingWT2223-Final2 requires the input files streets.sim, crossings.sim, and cars.sim in
  exact specified formats
    - ProgrammingWT2223-Final2 RELATES_TO Interactive command interface: ProgrammingWT2223-Final2
  implements an interactive command interface where commands are a keyword plus an optional
  parameter
    - task.md RELATES_TO Institute of Information Security and Dependability: task.md attributes the
   assignment to the Institute of Information Security and Dependability group.; The assignment
  document 'task.md' associates the work with the 'Institute of Information Security and
  Dependability' group.
    - task.md RELATES_TO Prof. Dr.-Ing. Anne Koziolek: task.md lists Prof. Dr.-Ing. Anne Koziolek as
   the instructor.; The assignment document 'task.md' names 'Prof. Dr.-Ing. Anne Koziolek' as the
  lecturer.
    - task.md RELATES_TO 20 Punkte: task.md sets the assignment points to 20.; The assignment in
  'task.md' is worth 20 points.
    - task.md RELATES_TO Programmieren: task.md specifies the course 'Programmieren'.; The
  assignment document 'task.md' relates to the course 'Programmieren'.
    - task.md RELATES_TO Version 1.1: task.md indicates document version 1.1.; The assignment
  document 'task.md' is at version 1.1.
    - task.md RELATES_TO Abschlussaufgabe 2 — Verkehrssimulation: task.md is titled
  'Abschlussaufgabe 2 — Verkehrssimulation'.; The document 'task.md' is the assignment titled
  'Abschlussaufgabe 2 — Verkehrssimulation'.
    - task.md RELATES_TO Wintersemester 2022/23: task.md states the semester 'Wintersemester
  2022/23'.; The assignment in 'task.md' is for the semester 'Wintersemester 2022/23'.
  </entity_paths>
  <entity_matches>
    - ProgrammingWT2223-Final2 (score: 1.00) — Course project repository for the WT2223 final
  assignment
    - Abschlussaufgabe 2 — Verkehrssimulation (score: 0.83) — Title of the assignment described in
  task.md.
    - streets.sim, crossings.sim, cars.sim (score: 0.78) — Required input files for a network
    - streets.sim / crossings.sim / cars.sim input files (score: 0.78) — Required input files for
  the program; must follow exact format specifications
    - task.md (score: 0.72) — Assignment file named task.md containing the assignment content.
  </entity_matches>
  <insights>
    - Agent community around ProgrammingWT2223-Final2, streets.sim / crossings.sim / cars.sim input
  files, Java SE 17 (restricted packages) connects Interactive command interface. Relevant agent
  facts: ProgrammingWT2223-Final2 enforces source-code constraints: no System.exit(), no default
  package, and maximum line width 120 characters; ProgrammingWT2223-Final2 requires that error
  messages begin with 'Error:' contain no special characters, and that all outputs exactly match the
   specification; ProgrammingWT2223-Final2 requires the input files streets.sim, crossings.sim, and
  cars.sim in exact specified formats
    - Agent community around Abschlussaufgabe 2 — Verkehrssimulation, task.md, Institute of
  Information Security and Dependability connects Programmieren, Version 1.1, Wintersemester
  2022/23. Relevant agent facts: The assignment document 'task.md' is at version 1.1.; The
  assignment in 'task.md' is worth 20 points.; The document 'task.md' is the assignment titled
  'Abschlussaufgabe 2 — Verkehrssimulation'.
  </insights>

● adaptive-memory extension active (role=requirements, memorySession=20260726-115748-req) - type
  /memory-help. MCP tools registered (memory=true, backlog=true).







Changes    +0 -0
Duration   2m 3s
Tokens     ↑ 28.8k (1.3k cached) • ↓ 563 (286 reasoning)
[delivery:requirements] Turn 7/12 complete
[delivery:requirements] Turn 8/12: task.md — segment 7/10 — Abschlussaufgabe 2 — Verkehrssimulation > 6 Benutzerschnittstelle
● [adaptive-context] GET http://localhost:4444/api/agents/7af7809a-adce-4fa9-9609-fd61059de0ff/sessi
  ons/20260726-115748-req/context?input=Dokument%3A+task.md%0ASegment%3A+7%2F10%0AAbschnitt%3A+Absch
  lussaufgabe+2+%E2%80%94+Verkehrssimulation+%3E+6+Benutzerschnittstelle%0A%0ALies+diesen+Abschnitt+
  sorgf%C3%A4ltig+und+behalte+den+Kontext.+Erstelle+noch+keinen+Backlog+und+noch+keine+Tasks.+Warte+
  damit+bis+zum+abschlie%C3%9Fenden+%2Ffinalize.%0A%0A%23%23+6+Benutzerschnittstelle%0A%0ANach+dem+S
  tart+des+Programmes+erfolgt+die+Interaktion+%C3%BCber+die+Kommandozeile.+Nach+dem+Starten+des+Prog
  ramms+kann+der+Nutzer+eine+Reihe+von+g%C3%BCltigen+Befehlen+eingeben.%0AEin+g%C3%BCltiger+Befehl+b
  esteht+immer+aus+einem+Schl%C3%BCsselwort+und+je+nach+Befehl+zudem+aus+einem+durch+ein+Leerzeichen
  +getrennten+Parameter%3A%0A%0A%60%5BSchl%C3%BCsselwort%5D+%5BParameter%5D%60%0A%0AUng%C3%BCltige+B
  efehle+%28egal+ob+durch+inkorrekte+Befehlsbezeichnung+oder+inkorrekte+Parameter%29+f%C3%BChren+zu+
  einer+Fehlermeldung%2C+welche+auf+der+Kommandozeile+ausgegeben+wird.+Jede+Fehlermeldung+beginnt+mi
  t+der+Zeichenkette+%60Error%3A%60+%28keine+Leerzeichen%29.+Danach+soll+eine+sinnvolle+Nachricht%2C
  +passend+zum+verursachenden+Fehler%2C+folgen.+Fehlermeldungen+bestehen+immer+aus+einer+Zeile+und+e
  nthalten+keine+Zeilenumbr%C3%BCche.%0A%0A%23%23%23+6.1+Load-Befehl%0A%0ABefehlsschema%3A+%60load+%
  5Bpath%5D%60%0A%0ADer+Load-Befehl+l%C3%A4dt+die+Simulationselemente+aus+den+Eingabedateien.+Nutzen
  +Sie+dazu+den+%60SimulationFileLoader%60+und+den+Dateipfad%2C+welcher+als+Parameter+%60%5Bpath%5D%
  60+dem+Load-Befehl+%C3%BCbergeben+wird+%28es+ist+hierbei+egal%2C+ob+der+Pfad+relativ+oder+absolut+
  ist%29.%0ADer+Dateipfad+ist+eine+Zeichenkette+und+kann+direkt+dem+%60SimulationFileLoader%60-Konst
  ruktor+%C3%BCbergeben+werden.+Der+Inhalt+der+Zeichenkette+muss+hierbei+*nicht*+validiert+werden.+E
  in+Dateipfad+kann+keine+Leerzeichen+enthalten.+Sie+m%C3%BCssen+eventuelle+Fehler+des+%60Simulation
  FileLoader%60+entsprechend+weiterverarbeiten.%0ADer+%60SimulationFileLoader%60+liest+die+Simulatio
  nselemente+in+der+Reihenfolge+ein%2C+in+der+sie+in+den+entsprechenden+Dateien+aufgelistet+sind.%0A
  Stra%C3%9Fenknoten+werden+erzeugt+und+mit+den+passenden+Stra%C3%9Fen+verbunden.+Hierbei+wird+in+de
  r+Reihenfolge+vorgegangen%2C+die+durch+das+Einlesen+definiert+wurde.+Danach+werden+die+Autos+in+de
  r+Reihenfolge+des+Einlesens+auf+die+Stra%C3%9Fen+verteilt+%28siehe+Abschnitt+**Simulationsaufbau**
  %29.%0ANach+dem+erfolgreichen+Laden+wird+%60READY%60+%28Gro%C3%9Fbuchstaben%29+auf+der+Kommandozei
  le+ausgegeben.+Fehler+m%C3%BCssen+zum+Beispiel+ausgegeben+werden%2C+wenn+der+Inhalt+der+Dateien%2C
  +welche+der+%60SimulationFileLoader%60+l%C3%A4dt%2C+nicht+zum+erwarteten+Eingabeformat+passt%2C+we
  nn+die+Werte+der+Simulationselemente+nicht+im+erlaubten+Bereich+liegen+oder+wenn+die+Simulationsel
  emente+ein+unvollst%C3%A4ndiges+bzw.+inkorrektes+Netzwerk+bilden.%0A%0ADer+Load-Befehl+kann+auch+m
  ehrfach+ausgef%C3%BChrt+werden.+Hierbei+werden+alle+Schritte+des+Load-Befehls+normal+ausgef%C3%BCh
  rt+und+das+aktuelle+Netzwerk+nach+dem+erfolgreichen+Laden+verworfen.+Dies+kann+genutzt+werden%2C+u
  m+das+Netzwerk+in+den+Ausgangszustand+zu+bringen.%0A%0ADie+Beispielinteraktionen+finden+Sie+in+%60
  examples.md%60+%28Abschnitte+**load**+und+**load2**%29.%0A%0A%23%23%23+6.2+Simulate-Befehl%0A%0ABe
  fehlsschema%3A+%60simulate+%5Bticks%5D%60%0A%0ADer+Simulate-Befehl+simuliert+eine+bestimmte+Anzahl
  +an+Simulationsschritten%2C+welche+durch+eine+Ganzzahl+%60%5Bticks%5D%60+spezifiziert+wird.+Die+Si
  mulationsschritte+werden+nacheinander+durchgef%C3%BChrt+%28siehe+Abschnitt+**Simulationsschritte**
  %29.+Nach+der+Durchf%C3%BChrung+aller+Simulationsschritte+wird+%60READY%60+ausgegeben.+Der+Befehl+
  %60simulate+10%60+hat+die+gleiche+Auswirkung+wie+das+zehnfache+Aufrufen+des+Befehls+%60simulate+1%
  60.%0AFehler+m%C3%BCssen+ausgegeben+werden%2C+wenn+%60%5Bticks%5D%60+keine+g%C3%BCltige+Ganzzahl+o
  der+negativ+ist.%0AZudem+darf+der+Simulate-Befehl+nicht+vor+dem+ersten+Aufruf+des+Load-Befehls+auf
  gerufen+werden.%0A%0ADie+Beispielinteraktionen+finden+Sie+in+%60examples.md%60+%28Abschnitte+**sim
  ulate**+und+**simulate2**%29.%0A%0A%23%23%23+6.3+Position-Befehl%0A%0ABefehlsschema%3A+%60position
  +%5BID%5D%60%0A%0ADer+Position-Befehl+gibt+Informationen+%C3%BCber+die+Position+und+die+Geschwindi
  gkeit+eines+bestimmten+Autos+aus.+Der+Parameter+%60%5BID%5D%60+ist+der+Identifikator+eines+Autos+u
  nd+spezifiziert+dadurch%2C+welches+Auto+gemeint+ist.+Nach+dem+Aufruf+des+Befehls+werden+die+Inform
  ationen+wie+folgt+ausgegeben%3A%0A%0A%60Car+%5BID%5D+on+street+%5BS%5D+with+speed+%5Bv%5D+and+posi
  tion+%5BP%5D%60%0A%0ADabei+ist%3A%0A%0A-+%60%5BS%5D%60+der+Identifikator+der+Stra%C3%9Fe+auf+der+s
  ich+das+Auto+befindet%0A-+%60%5Bv%5D%60+die+aktuelle+Geschwindigkeit+des+Autos+in+Meter+pro+Tick%0
  A-+%60%5BP%5D%60+die+Distanz%2C+welche+das+Auto+auf+der+aktuellen+Stra%C3%9Fe+bereits+gefahren+ist
  .%0A%0AFehler+m%C3%BCssen+ausgegeben+werden%2C+wenn+%60%5BID%5D%60+kein+g%C3%BCltiger+Identifikato
  r+eines+Autos+ist+und+wenn+der+Position-Befehl+vor+dem+ersten+Aufruf+des+Load-Befehls+aufgerufen+w
  ird.+Jedoch+darf+der+Befehl+aufgerufen+werden%2C+bevor+der+Simulate-Befehl+das+erste+Mal+aufgerufe
  n+wurde.%0A%0ADie+Beispielinteraktionen+finden+Sie+in+%60examples.md%60+%28Abschnitte+**position**
  +und+**position2**%29.%0A%0A%23%23%23+6.4+Quit-Befehl%0A%0ABefehlsschema%3A+%60quit%60%0A%0ADer+Qu
  it-Befehl+beendet+das+Programm.%0ABeachten+Sie%2C+dass+f%C3%BCr+das+Testen+Ihrer+Abgabe+dieser+Bef
  ehl+essenziell+ist%2C+da+viele+der+Tests+%60quit%60+am+Ende+einer+Testsequenz+verwenden%2C+um+Ihr+
  Programm+zu+beenden.%0AStellen+Sie+daher+sicher%2C+dass+der+Befehl+in+jeder+Situation+funktioniert
  .%0ABeachten+Sie+bitte+nochmals%2C+dass+Sie+hierf%C3%BCr+**nicht**+%60System.exit%28%29%60+oder+an
  dere+ausgeschlossene+Funktionen+verwenden+d%C3%BCrfen.&project=ProgrammingWT2223-Final2&role=requi
  rements&task=Understand+the+wt2223final02+and+create+its+backlog+when+prompted.&timestamp=2026-07-
  26T10%3A01%3A28.830Z&domain=wt2223final02

● Injected adaptive memory context into system prompt

● <adaptive_rules>
  - A valid command always consists of a keyword and optionally a space-separated parameter.
  - Errors from SimulationFileLoader must be handled sensibly (e.g., shown as an error message)
  - The program must be able to simulate several hundred cars
  - Pass the path string directly to the SimulationFileLoader constructor; the path string itself
  need not be validated
  - When filling a street at load the first car is placed at the end; subsequent cars follow with 10
   m spacing
  - Invalid commands (incorrect keyword or parameters) must produce an error message printed to the
  command line.
  - Street length must be integer in [10,10000] meters and max speed integer in [5,40] m/Tick
  - streets.sim lines must follow `[Startknoten]-->[Endknoten]:[Länge]m,[Art]x,[Limit]max` with no
  spaces; [Art] is 1 or 2
  - Error messages must be a single line and contain no line breaks.
  - Error messages must begin with the character sequence 'Error:' with no leading spaces.
  - Error messages must not contain special characters such as line breaks or umlauts.
  - The `quit` command must terminate the program and must work in every situation
  - The Javadoc author tag must contain only the student's u-Kürzel.
  - `simulate` must error if ticks is invalid or negative or if called before the first successful
  load
  - Street nodes may have up to four incoming and four outgoing streets and must have at least one
  incoming and one outgoing street
  - Crossing green-phase duration (for Dauer>0) must be integer in [3,10] Ticks
  - `position` must error for unknown ID or if called before the first successful load
  - Assignment submission is automatically scored zero if any of the mandatory rules listed in the
  document are violated.
  - Mandatory tests must be passed before other tests are evaluated.
  - Cars placed on a street at load must respect a minimum distance of 10 m between cars
  - Implementation must not use System.exit() or other excluded functions to implement quit
  - At initialization cars start with speed 0 m/Tick and desired direction 0
  - Car desired speed must be integer in [20,40] m/Tick and acceleration integer in [1,10] m/Tick²
  - cars.sim lines must follow `[ID],[Straße],[v],[a]` with no spaces
  - Choose appropriate visibilities for classes, methods, and attributes.
  - Comments should be written consistently in either English or German.
  - Do not use the default package.
  - Interactive program outputs must match the specification exactly, including case, spaces, and
  line breaks.
  - Program code must be written in English.
  - Program code must compile without errors.
  - Source files must not exceed a maximum line width of 120 characters.
  - Student solutions may only use java.util.Scanner and elements from the packages java.lang,
  java.io, java.util, java.util.regex, java.util.stream and java.util.function.
  - Student solutions must use Java SE 17.
  - System.exit(), Runtime.exit() or similar must not be used.
  - During `load` the network must be validated for completeness, correctness and adherence to all
  value ranges
  - File paths passed to `load` must not contain spaces
  - Loading requires three input files in one folder: streets.sim, crossings.sim, cars.sim
  - The program must use the provided SimulationFileLoader class to read the files
  - crossings.sim lines must follow `[ID]:[Dauer]t` where Dauer==0 indicates roundabout and Dauer>0
  indicates crossing
  - No crossing may exist without streets (i.e., crossings must be connected to streets)
  - Placeholders in square brackets like [path] are never part of the actual program output.
  - Submit only your .java files online with the correct folder structure and as individual work.
  - A valid network may contain no cars; a network with no nodes, streets, and cars can still be
  valid
  - Lengths, distances, speeds, accelerations, and time units must be integers (no fractions)
  - Follow all Checkstyle rules; specially marked Checkstyle rules cause automatic zero points if
  violated.
  - Standard input and output streams must never be reassigned.
  - Use System.in for input unless otherwise specified.
  - Use System.out for output unless otherwise specified.
  - Do not add personal data other than your u-Kürzel to submissions.
  - Identifiers are integers in [0, Integer.MAX_VALUE]
  </adaptive_rules>

  <memories>
    - task.md is titled 'Abschlussaufgabe 2 — Verkehrssimulation'.
    - The document 'task.md' is the assignment titled 'Abschlussaufgabe 2 — Verkehrssimulation'.
    - The assignment document 'task.md' relates to the course 'Programmieren'.
    - task.md specifies the course 'Programmieren'.
    - ProgrammingWT2223-Final2 requires an interactive program interface that accepts commands
  (keyword plus optional parameter).
    - ProgrammingWT2223-Final2 requires the input files streets.sim, crossings.sim, and cars.sim in
  exact specified formats
    - ProgrammingWT2223-Final2 enforces source-code constraints: no System.exit(), no default
  package, and maximum line width 120 characters.
    - ProgrammingWT2223-Final2 enforces source-code constraints: no System.exit(), no default
  package, and maximum line width 120 characters
    - ProgrammingWT2223-Final2 requires that error messages begin with 'Error:' contain no special
  characters, and that all outputs exactly match the specification
    - ProgrammingWT2223-Final2 implements an interactive command interface where commands are a
  keyword plus an optional parameter
    - ProgrammingWT2223-Final2 requires that error messages begin with 'Error:' contain no special
  characters, and that all outputs exactly match the specification.
    - ProgrammingWT2223-Final2 uses Java SE 17 with only the allowed packages (java.lang, java.io,
  java.util, java.util.regex, java.util.stream, java.util.function, java.util.Scanner)
    - The assignment in 'task.md' is for the semester 'Wintersemester 2022/23'.
  </memories>
  <knowledge>
    - Initial green phase for all crossings is 0 (first connected street has green)
    - The `simulate [ticks]` command executes the given number of simulation steps and prints READY
  on success
    - The `load [path]` command loads the network from three files in the specified folder and
  prints READY on success
    - Multiple successful loads are allowed; a successful load replaces the current network
    - The `position [ID]` command prints `Car [ID] on Street [S] with speed [v] and position [P]`
  </knowledge>
  <entity_paths>
    - ProgrammingWT2223-Final2 USES Java SE 17 (restricted packages): ProgrammingWT2223-Final2 uses
  Java SE 17 with only the allowed packages (java.lang, java.io, java.util, java.util.regex,
  java.util.stream, java.util.function, java.util.Scanner)
    - ProgrammingWT2223-Final2 CONSTRAINT source code constraints: ProgrammingWT2223-Final2 enforces
   source-code constraints: no System.exit(), no default package, and maximum line width 120
  characters; ProgrammingWT2223-Final2 enforces source-code constraints: no System.exit(), no
  default package, and maximum line width 120 characters.
    - ProgrammingWT2223-Final2 CONSTRAINT output and error message formatting:
  ProgrammingWT2223-Final2 requires that error messages begin with 'Error:' contain no special
  characters, and that all outputs exactly match the specification; ProgrammingWT2223-Final2
  requires that error messages begin with 'Error:' contain no special characters, and that all
  outputs exactly match the specification.
    - ProgrammingWT2223-Final2 CONSTRAINT streets.sim / crossings.sim / cars.sim input files:
  ProgrammingWT2223-Final2 requires the input files streets.sim, crossings.sim, and cars.sim in
  exact specified formats
    - ProgrammingWT2223-Final2 CONSTRAINT Interactive command interface (keyword + optional
  parameter): ProgrammingWT2223-Final2 requires an interactive program interface that accepts
  commands (keyword plus optional parameter).
    - ProgrammingWT2223-Final2 RELATES_TO Interactive command interface: ProgrammingWT2223-Final2
  implements an interactive command interface where commands are a keyword plus an optional
  parameter
    - Assignment submission CONSTRAINT Violation of mandatory rules leads to zero points: Assignment
   submission is automatically scored zero if any of the mandatory rules listed in the document are
  violated.
    - Assignment submission CONSTRAINT Pass mandatory tests before other tests: Mandatory tests must
   be passed before other tests are evaluated.
    - task.md RELATES_TO Institute of Information Security and Dependability: task.md attributes the
   assignment to the Institute of Information Security and Dependability group.; The assignment
  document 'task.md' associates the work with the 'Institute of Information Security and
  Dependability' group.
    - task.md RELATES_TO Prof. Dr.-Ing. Anne Koziolek: task.md lists Prof. Dr.-Ing. Anne Koziolek as
   the instructor.; The assignment document 'task.md' names 'Prof. Dr.-Ing. Anne Koziolek' as the
  lecturer.
    - task.md RELATES_TO 20 Punkte: task.md sets the assignment points to 20.; The assignment in
  'task.md' is worth 20 points.
    - task.md RELATES_TO Programmieren: task.md specifies the course 'Programmieren'.; The
  assignment document 'task.md' relates to the course 'Programmieren'.
    - task.md RELATES_TO Version 1.1: task.md indicates document version 1.1.; The assignment
  document 'task.md' is at version 1.1.
    - task.md RELATES_TO Abschlussaufgabe 2 — Verkehrssimulation: task.md is titled
  'Abschlussaufgabe 2 — Verkehrssimulation'.; The document 'task.md' is the assignment titled
  'Abschlussaufgabe 2 — Verkehrssimulation'.
    - task.md RELATES_TO Wintersemester 2022/23: task.md states the semester 'Wintersemester
  2022/23'.; The assignment in 'task.md' is for the semester 'Wintersemester 2022/23'.
  </entity_paths>
  <entity_matches>
    - ProgrammingWT2223-Final2 (score: 1.00) — system named ProgrammingWT2223-Final2
    - Abschlussaufgabe 2 — Verkehrssimulation (score: 0.79) — Title of the assignment described in
  task.md.
    - Assignment submission (score: 0.74) — Sie müssen zuerst die verpflichtenden Tests bestehen,
  bevor die anderen Tests ausgewertet werden können.
    - task.md (score: 0.72) — Assignment file named task.md containing the assignment content.
    - streets.sim / crossings.sim / cars.sim input files (score: 0.70) — Required input files for
  the program; must follow exact format specifications
  </entity_matches>
  <insights>
    - Agent community around ProgrammingWT2223-Final2, streets.sim / crossings.sim / cars.sim input
  files, Java SE 17 (restricted packages) connects Interactive command interface. Relevant agent
  facts: ProgrammingWT2223-Final2 enforces source-code constraints: no System.exit(), no default
  package, and maximum line width 120 characters; ProgrammingWT2223-Final2 requires that error
  messages begin with 'Error:' contain no special characters, and that all outputs exactly match the
   specification; ProgrammingWT2223-Final2 requires the input files streets.sim, crossings.sim, and
  cars.sim in exact specified formats
    - Agent community around Abschlussaufgabe 2 — Verkehrssimulation, task.md, Institute of
  Information Security and Dependability connects Programmieren, Version 1.1, Wintersemester
  2022/23. Relevant agent facts: The assignment document 'task.md' is at version 1.1.; The
  assignment in 'task.md' is worth 20 points.; The document 'task.md' is the assignment titled
  'Abschlussaufgabe 2 — Verkehrssimulation'.
  </insights>

● adaptive-memory extension active (role=requirements, memorySession=20260726-115748-req) - type
  /memory-help. MCP tools registered (memory=true, backlog=true).







Changes    +0 -0
Duration   2m 19s
Tokens     ↑ 30.9k (1.3k cached) • ↓ 337 (25 reasoning)
[delivery:requirements] Turn 8/12 complete
[delivery:requirements] Turn 9/12: task.md — segment 8/10 — Abschlussaufgabe 2 — Verkehrssimulation > 7 Beispielinteraktion
● [adaptive-context] GET
  http://localhost:4444/api/agents/7af7809a-adce-4fa9-9609-fd61059de0ff/sessions/20260726-115748-req
  /context?input=Dokument%3A+task.md%0ASegment%3A+8%2F10%0AAbschnitt%3A+Abschlussaufgabe+2+%E2%80%94
  +Verkehrssimulation+%3E+7+Beispielinteraktion%0A%0ALies+diesen+Abschnitt+sorgf%C3%A4ltig+und+behal
  te+den+Kontext.+Erstelle+noch+keinen+Backlog+und+noch+keine+Tasks.+Warte+damit+bis+zum+abschlie%C3
  %9Fenden+%2Ffinalize.%0A%0A%23%23+7+Beispielinteraktion%0A%0AIm+Folgenden+wird+eine+Beispielintera
  ktion+mit+zwei+bestimmten+Netzwerken+gezeigt.+Neben+diesem+Netzwerk+befinden+sich+noch+andere+Netz
  werke+im+ausgelieferten+Beispielprojekt.+Erstellen+Sie+auch+eigene+Netzwerke+mit+verschiedenen+Eig
  enschaften%2C+um+Ihre+L%C3%B6sung+zu+testen.+Ihre+L%C3%B6sung+muss+f%C3%BCr+beliebige%2C+valide+Ne
  tzwerke+funktionieren.%0A%0ADie+vollst%C3%A4ndige+Beispielinteraktion+finden+Sie+in+%60examples.md
  %60.&project=ProgrammingWT2223-Final2&role=requirements&task=Understand+the+wt2223final02+and+crea
  te+its+backlog+when+prompted.&timestamp=2026-07-26T10%3A01%3A44.453Z&domain=wt2223final02

● Injected adaptive memory context into system prompt

● <adaptive_rules>
  - The program must be able to simulate several hundred cars
  - streets.sim lines must follow `[Startknoten]-->[Endknoten]:[Länge]m,[Art]x,[Limit]max` with no
  spaces; [Art] is 1 or 2
  - Choose appropriate visibilities for classes, methods, and attributes.
  - Comments should be written consistently in either English or German.
  - Do not use the default package.
  - Interactive program outputs must match the specification exactly, including case, spaces, and
  line breaks.
  - Program code must be written in English.
  - Program code must compile without errors.
  - Source files must not exceed a maximum line width of 120 characters.
  - Student solutions may only use java.util.Scanner and elements from the packages java.lang,
  java.io, java.util, java.util.regex, java.util.stream and java.util.function.
  - Student solutions must use Java SE 17.
  - System.exit(), Runtime.exit() or similar must not be used.
  - During `load` the network must be validated for completeness, correctness and adherence to all
  value ranges
  - File paths passed to `load` must not contain spaces
  - Loading requires three input files in one folder: streets.sim, crossings.sim, cars.sim
  - The program must use the provided SimulationFileLoader class to read the files
  - Submit only your .java files online with the correct folder structure and as individual work.
  - The Javadoc author tag must contain only the student's u-Kürzel.
  - crossings.sim lines must follow `[ID]:[Dauer]t` where Dauer==0 indicates roundabout and Dauer>0
  indicates crossing
  - A valid network may contain no cars; a network with no nodes, streets, and cars can still be
  valid
  - Crossing green-phase duration (for Dauer>0) must be integer in [3,10] Ticks
  - When filling a street at load the first car is placed at the end; subsequent cars follow with 10
   m spacing
  - Car desired speed must be integer in [20,40] m/Tick and acceleration integer in [1,10] m/Tick²
  - Street nodes may have up to four incoming and four outgoing streets and must have at least one
  incoming and one outgoing street
  - cars.sim lines must follow `[ID],[Straße],[v],[a]` with no spaces
  - Initial green phase for all crossings is 0 (first connected street has green)
  - Assignment submission is automatically scored zero if any of the mandatory rules listed in the
  document are violated.
  - Mandatory tests must be passed before other tests are evaluated.
  - Implementation must not use System.exit() or other excluded functions to implement quit
  - At initialization cars start with speed 0 m/Tick and desired direction 0
  - Error messages must be a single line and contain no line breaks.
  - Error messages must begin with the character sequence 'Error:' with no leading spaces.
  - Error messages must not contain special characters such as line breaks or umlauts.
  - Do not add personal data other than your u-Kürzel to submissions.
  - Errors from SimulationFileLoader must be handled sensibly (e.g., shown as an error message)
  - Cars placed on a street at load must respect a minimum distance of 10 m between cars
  - Pass the path string directly to the SimulationFileLoader constructor; the path string itself
  need not be validated
  - Follow all Checkstyle rules; specially marked Checkstyle rules cause automatic zero points if
  violated.
  - No crossing may exist without streets (i.e., crossings must be connected to streets)
  - Lengths, distances, speeds, accelerations, and time units must be integers (no fractions)
  - `simulate` must error if ticks is invalid or negative or if called before the first successful
  load
  - The `quit` command must terminate the program and must work in every situation
  - A valid command always consists of a keyword and optionally a space-separated parameter.
  - Street length must be integer in [10,10000] meters and max speed integer in [5,40] m/Tick
  - Placeholders in square brackets like [path] are never part of the actual program output.
  - Standard input and output streams must never be reassigned.
  - Use System.in for input unless otherwise specified.
  - Use System.out for output unless otherwise specified.
  - `position` must error for unknown ID or if called before the first successful load
  </adaptive_rules>

  <memories>
    - The document 'task.md' is the assignment titled 'Abschlussaufgabe 2 — Verkehrssimulation'.
    - task.md is titled 'Abschlussaufgabe 2 — Verkehrssimulation'.
    - The assignment document 'task.md' relates to the course 'Programmieren'.
    - The assignment in 'task.md' is for the semester 'Wintersemester 2022/23'.
    - ProgrammingWT2223-Final2 requires the input files streets.sim, crossings.sim, and cars.sim in
  exact specified formats
    - ProgrammingWT2223-Final2 requires an interactive program interface that accepts commands
  (keyword plus optional parameter).
    - ProgrammingWT2223-Final2 enforces source-code constraints: no System.exit(), no default
  package, and maximum line width 120 characters.
    - ProgrammingWT2223-Final2 enforces source-code constraints: no System.exit(), no default
  package, and maximum line width 120 characters
    - ProgrammingWT2223-Final2 requires that error messages begin with 'Error:' contain no special
  characters, and that all outputs exactly match the specification
    - ProgrammingWT2223-Final2 implements an interactive command interface where commands are a
  keyword plus an optional parameter
    - ProgrammingWT2223-Final2 requires that error messages begin with 'Error:' contain no special
  characters, and that all outputs exactly match the specification.
    - ProgrammingWT2223-Final2 uses Java SE 17 with only the allowed packages (java.lang, java.io,
  java.util, java.util.regex, java.util.stream, java.util.function, java.util.Scanner)
  </memories>
  <knowledge>
    - Multiple successful loads are allowed; a successful load replaces the current network
    - The `load [path]` command loads the network from three files in the specified folder and
  prints READY on success
  </knowledge>
  <entity_paths>
    - ProgrammingWT2223-Final2 USES Java SE 17 (restricted packages): ProgrammingWT2223-Final2 uses
  Java SE 17 with only the allowed packages (java.lang, java.io, java.util, java.util.regex,
  java.util.stream, java.util.function, java.util.Scanner)
    - ProgrammingWT2223-Final2 CONSTRAINT source code constraints: ProgrammingWT2223-Final2 enforces
   source-code constraints: no System.exit(), no default package, and maximum line width 120
  characters; ProgrammingWT2223-Final2 enforces source-code constraints: no System.exit(), no
  default package, and maximum line width 120 characters.
    - ProgrammingWT2223-Final2 CONSTRAINT output and error message formatting:
  ProgrammingWT2223-Final2 requires that error messages begin with 'Error:' contain no special
  characters, and that all outputs exactly match the specification; ProgrammingWT2223-Final2
  requires that error messages begin with 'Error:' contain no special characters, and that all
  outputs exactly match the specification.
    - ProgrammingWT2223-Final2 CONSTRAINT streets.sim / crossings.sim / cars.sim input files:
  ProgrammingWT2223-Final2 requires the input files streets.sim, crossings.sim, and cars.sim in
  exact specified formats
    - ProgrammingWT2223-Final2 CONSTRAINT Interactive command interface (keyword + optional
  parameter): ProgrammingWT2223-Final2 requires an interactive program interface that accepts
  commands (keyword plus optional parameter).
    - ProgrammingWT2223-Final2 RELATES_TO Interactive command interface: ProgrammingWT2223-Final2
  implements an interactive command interface where commands are a keyword plus an optional
  parameter
    - Assignment submission CONSTRAINT Violation of mandatory rules leads to zero points: Assignment
   submission is automatically scored zero if any of the mandatory rules listed in the document are
  violated.
    - Assignment submission CONSTRAINT Pass mandatory tests before other tests: Mandatory tests must
   be passed before other tests are evaluated.
    - task.md RELATES_TO Institute of Information Security and Dependability: task.md attributes the
   assignment to the Institute of Information Security and Dependability group.; The assignment
  document 'task.md' associates the work with the 'Institute of Information Security and
  Dependability' group.
    - task.md RELATES_TO Prof. Dr.-Ing. Anne Koziolek: task.md lists Prof. Dr.-Ing. Anne Koziolek as
   the instructor.; The assignment document 'task.md' names 'Prof. Dr.-Ing. Anne Koziolek' as the
  lecturer.
    - task.md RELATES_TO 20 Punkte: task.md sets the assignment points to 20.; The assignment in
  'task.md' is worth 20 points.
    - task.md RELATES_TO Programmieren: task.md specifies the course 'Programmieren'.; The
  assignment document 'task.md' relates to the course 'Programmieren'.
    - task.md RELATES_TO Version 1.1: task.md indicates document version 1.1.; The assignment
  document 'task.md' is at version 1.1.
    - task.md RELATES_TO Abschlussaufgabe 2 — Verkehrssimulation: task.md is titled
  'Abschlussaufgabe 2 — Verkehrssimulation'.; The document 'task.md' is the assignment titled
  'Abschlussaufgabe 2 — Verkehrssimulation'.
    - task.md RELATES_TO Wintersemester 2022/23: task.md states the semester 'Wintersemester
  2022/23'.; The assignment in 'task.md' is for the semester 'Wintersemester 2022/23'.
  </entity_paths>
  <entity_matches>
    - ProgrammingWT2223-Final2 (score: 1.00) — system named ProgrammingWT2223-Final2
    - Abschlussaufgabe 2 — Verkehrssimulation (score: 0.82) — Title of the assignment described in
  task.md.
    - Assignment submission (score: 0.73) — Sie müssen zuerst die verpflichtenden Tests bestehen,
  bevor die anderen Tests ausgewertet werden können.
    - task.md (score: 0.72) — Assignment file named task.md containing the assignment content.
    - 20 Punkte (score: 0.70) — Point value assigned to the task.
  </entity_matches>
  <insights>
    - Agent community around ProgrammingWT2223-Final2, Java SE 17 (restricted packages), source code
   constraints connects Interactive command interface. Relevant agent facts:
  ProgrammingWT2223-Final2 enforces source-code constraints: no System.exit(), no default package,
  and maximum line width 120 characters; ProgrammingWT2223-Final2 requires that error messages begin
   with 'Error:' contain no special characters, and that all outputs exactly match the
  specification; ProgrammingWT2223-Final2 requires the input files streets.sim, crossings.sim, and
  cars.sim in exact specified formats
    - Agent community around Abschlussaufgabe 2 — Verkehrssimulation, task.md, 20 Punkte connects
  Programmieren, Version 1.1, Wintersemester 2022/23. Relevant agent facts: The assignment document
  'task.md' is at version 1.1.; The assignment in 'task.md' is worth 20 points.; The document
  'task.md' is the assignment titled 'Abschlussaufgabe 2 — Verkehrssimulation'.
  </insights>

● adaptive-memory extension active (role=requirements, memorySession=20260726-115748-req) - type
  /memory-help. MCP tools registered (memory=true, backlog=true).







Changes    +0 -0
Duration   2m 31s
Tokens     ↑ 31.3k (1.3k cached) • ↓ 110 (55 reasoning)
[delivery:requirements] Turn 9/12 complete
[delivery:requirements] Turn 10/12: task.md — segment 9/10 — Abschlussaufgabe 2 — Verkehrssimulation > 8 Tipp: Visualisierung des Straßennetzwerks
● [adaptive-context] GET http://localhost:4444/api/agents/7af7809a-adce-4fa9-9609-fd61059de0ff/sessi
  ons/20260726-115748-req/context?input=Dokument%3A+task.md%0ASegment%3A+9%2F10%0AAbschnitt%3A+Absch
  lussaufgabe+2+%E2%80%94+Verkehrssimulation+%3E+8+Tipp%3A+Visualisierung+des+Stra%C3%9Fennetzwerks%
  0A%0ALies+diesen+Abschnitt+sorgf%C3%A4ltig+und+behalte+den+Kontext.+Erstelle+noch+keinen+Backlog+u
  nd+noch+keine+Tasks.+Warte+damit+bis+zum+abschlie%C3%9Fenden+%2Ffinalize.%0A%0A%23%23+8+Tipp%3A+Vi
  sualisierung+des+Stra%C3%9Fennetzwerks%0A%0ADas+Stra%C3%9Fennetzwerk%2C+welches+in+der+Datei+*stre
  ets.sim*+definiert+ist%2C+ist+*Mermaid*+%28mermaid.js.org%2Fintro%29+kompatibel.+Deswegen+k%C3%B6n
  nen+die+Stra%C3%9Fennetzwerke+im+Mermaid+Live+Web-Editor+%28mermaid.live%29+visualisiert+werden.+E
  rsetzen+Sie+dazu+den+Mermaid-Beispielcode+im+Web-Editor+mit+der+Zeile+%60stateDiagram-v2%60+%28mer
  maid.js.org%2Fsyntax%2FstateDiagram.html%29.+Kopieren+Sie+danach+den+Inhalt+der+Datei+*streets.sim
  *+darunter.+Falls+sie+statt+den+IDs+der+Stra%C3%9Fenknoten+die+Eigenschaften+sehen+wollen%2C+kopie
  ren+sie+zus%C3%A4tzlich+den+Inhalt+der+Datei+*crossings.sim*+darunter.+Autos+k%C3%B6nnen+nicht+vis
  ualisiert+werden.%0ADie+Visualisierung+der+Stra%C3%9Fennetzwerke+dient+lediglich+als+Hilfsmittel+u
  nd+ist+f%C3%BCr+die+Umsetzung+der+Abschlussaufgabe+**nicht**+ben%C3%B6tigt.&project=ProgrammingWT2
  223-Final2&role=requirements&task=Understand+the+wt2223final02+and+create+its+backlog+when+prompte
  d.&timestamp=2026-07-26T10%3A01%3A56.704Z&domain=wt2223final02

● Injected adaptive memory context into system prompt

● <adaptive_rules>
  - streets.sim lines must follow `[Startknoten]-->[Endknoten]:[Länge]m,[Art]x,[Limit]max` with no
  spaces; [Art] is 1 or 2
  - The program must be able to simulate several hundred cars
  - cars.sim lines must follow `[ID],[Straße],[v],[a]` with no spaces
  - crossings.sim lines must follow `[ID]:[Dauer]t` where Dauer==0 indicates roundabout and Dauer>0
  indicates crossing
  - When filling a street at load the first car is placed at the end; subsequent cars follow with 10
   m spacing
  - Choose appropriate visibilities for classes, methods, and attributes.
  - Comments should be written consistently in either English or German.
  - Do not use the default package.
  - Interactive program outputs must match the specification exactly, including case, spaces, and
  line breaks.
  - Program code must be written in English.
  - Program code must compile without errors.
  - Source files must not exceed a maximum line width of 120 characters.
  - Student solutions may only use java.util.Scanner and elements from the packages java.lang,
  java.io, java.util, java.util.regex, java.util.stream and java.util.function.
  - Student solutions must use Java SE 17.
  - System.exit(), Runtime.exit() or similar must not be used.
  - Initial green phase for all crossings is 0 (first connected street has green)
  - During `load` the network must be validated for completeness, correctness and adherence to all
  value ranges
  - File paths passed to `load` must not contain spaces
  - Loading requires three input files in one folder: streets.sim, crossings.sim, cars.sim
  - The program must use the provided SimulationFileLoader class to read the files
  - Street nodes may have up to four incoming and four outgoing streets and must have at least one
  incoming and one outgoing street
  - Submit only your .java files online with the correct folder structure and as individual work.
  - A valid network may contain no cars; a network with no nodes, streets, and cars can still be
  valid
  - No crossing may exist without streets (i.e., crossings must be connected to streets)
  - Cars placed on a street at load must respect a minimum distance of 10 m between cars
  - The Javadoc author tag must contain only the student's u-Kürzel.
  - Street length must be integer in [10,10000] meters and max speed integer in [5,40] m/Tick
  - Errors from SimulationFileLoader must be handled sensibly (e.g., shown as an error message)
  - Crossing green-phase duration (for Dauer>0) must be integer in [3,10] Ticks
  - Assignment submission is automatically scored zero if any of the mandatory rules listed in the
  document are violated.
  - Mandatory tests must be passed before other tests are evaluated.
  - Invalid commands (incorrect keyword or parameters) must produce an error message printed to the
  command line.
  - Follow all Checkstyle rules; specially marked Checkstyle rules cause automatic zero points if
  violated.
  - Pass the path string directly to the SimulationFileLoader constructor; the path string itself
  need not be validated
  - `simulate` must error if ticks is invalid or negative or if called before the first successful
  load
  - Do not add personal data other than your u-Kürzel to submissions.
  - Standard input and output streams must never be reassigned.
  - Use System.in for input unless otherwise specified.
  - Use System.out for output unless otherwise specified.
  - At initialization cars start with speed 0 m/Tick and desired direction 0
  - Placeholders in square brackets like [path] are never part of the actual program output.
  - `position` must error for unknown ID or if called before the first successful load
  - Implementation must not use System.exit() or other excluded functions to implement quit
  - Identifiers are integers in [0, Integer.MAX_VALUE]
  - The `quit` command must terminate the program and must work in every situation
  - Error messages must be a single line and contain no line breaks.
  - Error messages must begin with the character sequence 'Error:' with no leading spaces.
  - Error messages must not contain special characters such as line breaks or umlauts.
  - A valid command always consists of a keyword and optionally a space-separated parameter.
  - Lengths, distances, speeds, accelerations, and time units must be integers (no fractions)
  </adaptive_rules>

  <memories>
    - The document 'task.md' is the assignment titled 'Abschlussaufgabe 2 — Verkehrssimulation'.
    - task.md is titled 'Abschlussaufgabe 2 — Verkehrssimulation'.
    - ProgrammingWT2223-Final2 requires the input files streets.sim, crossings.sim, and cars.sim in
  exact specified formats
    - The assignment document 'task.md' relates to the course 'Programmieren'.
    - The assignment in 'task.md' is for the semester 'Wintersemester 2022/23'.
    - ProgrammingWT2223-Final2 requires an interactive program interface that accepts commands
  (keyword plus optional parameter).
    - ProgrammingWT2223-Final2 enforces source-code constraints: no System.exit(), no default
  package, and maximum line width 120 characters.
    - ProgrammingWT2223-Final2 enforces source-code constraints: no System.exit(), no default
  package, and maximum line width 120 characters
    - ProgrammingWT2223-Final2 requires that error messages begin with 'Error:' contain no special
  characters, and that all outputs exactly match the specification
    - ProgrammingWT2223-Final2 implements an interactive command interface where commands are a
  keyword plus an optional parameter
    - ProgrammingWT2223-Final2 uses Java SE 17 with only the allowed packages (java.lang, java.io,
  java.util, java.util.regex, java.util.stream, java.util.function, java.util.Scanner)
  </memories>
  <knowledge>
    - Car desired speed must be integer in [20,40] m/Tick and acceleration integer in [1,10] m/Tick²
  </knowledge>
  <entity_paths>
    - ProgrammingWT2223-Final2 USES Java SE 17 (restricted packages): ProgrammingWT2223-Final2 uses
  Java SE 17 with only the allowed packages (java.lang, java.io, java.util, java.util.regex,
  java.util.stream, java.util.function, java.util.Scanner)
    - ProgrammingWT2223-Final2 CONSTRAINT source code constraints: ProgrammingWT2223-Final2 enforces
   source-code constraints: no System.exit(), no default package, and maximum line width 120
  characters; ProgrammingWT2223-Final2 enforces source-code constraints: no System.exit(), no
  default package, and maximum line width 120 characters.
    - ProgrammingWT2223-Final2 CONSTRAINT output and error message formatting:
  ProgrammingWT2223-Final2 requires that error messages begin with 'Error:' contain no special
  characters, and that all outputs exactly match the specification; ProgrammingWT2223-Final2
  requires that error messages begin with 'Error:' contain no special characters, and that all
  outputs exactly match the specification.
    - ProgrammingWT2223-Final2 CONSTRAINT streets.sim / crossings.sim / cars.sim input files:
  ProgrammingWT2223-Final2 requires the input files streets.sim, crossings.sim, and cars.sim in
  exact specified formats
    - ProgrammingWT2223-Final2 CONSTRAINT Interactive command interface (keyword + optional
  parameter): ProgrammingWT2223-Final2 requires an interactive program interface that accepts
  commands (keyword plus optional parameter).
    - ProgrammingWT2223-Final2 RELATES_TO Interactive command interface: ProgrammingWT2223-Final2
  implements an interactive command interface where commands are a keyword plus an optional
  parameter
    - task.md RELATES_TO Institute of Information Security and Dependability: task.md attributes the
   assignment to the Institute of Information Security and Dependability group.; The assignment
  document 'task.md' associates the work with the 'Institute of Information Security and
  Dependability' group.
    - task.md RELATES_TO Prof. Dr.-Ing. Anne Koziolek: task.md lists Prof. Dr.-Ing. Anne Koziolek as
   the instructor.; The assignment document 'task.md' names 'Prof. Dr.-Ing. Anne Koziolek' as the
  lecturer.
    - task.md RELATES_TO 20 Punkte: task.md sets the assignment points to 20.; The assignment in
  'task.md' is worth 20 points.
    - task.md RELATES_TO Programmieren: task.md specifies the course 'Programmieren'.; The
  assignment document 'task.md' relates to the course 'Programmieren'.
    - task.md RELATES_TO Version 1.1: task.md indicates document version 1.1.; The assignment
  document 'task.md' is at version 1.1.
    - task.md RELATES_TO Abschlussaufgabe 2 — Verkehrssimulation: task.md is titled
  'Abschlussaufgabe 2 — Verkehrssimulation'.; The document 'task.md' is the assignment titled
  'Abschlussaufgabe 2 — Verkehrssimulation'.
    - task.md RELATES_TO Wintersemester 2022/23: task.md states the semester 'Wintersemester
  2022/23'.; The assignment in 'task.md' is for the semester 'Wintersemester 2022/23'.
  </entity_paths>
  <entity_matches>
    - ProgrammingWT2223-Final2 (score: 1.00) — system named ProgrammingWT2223-Final2
    - Abschlussaufgabe 2 — Verkehrssimulation (score: 0.84) — Title of the assignment described in
  task.md.
    - streets.sim / crossings.sim / cars.sim input files (score: 0.72) — Required input files for
  the program; must follow exact format specifications
    - task.md (score: 0.72) — Assignment file named task.md containing the assignment content.
    - 20 Punkte (score: 0.69) — Point value assigned to the task.
  </entity_matches>
  <insights>
    - Agent community around ProgrammingWT2223-Final2, streets.sim / crossings.sim / cars.sim input
  files, Java SE 17 (restricted packages) connects Interactive command interface. Relevant agent
  facts: ProgrammingWT2223-Final2 enforces source-code constraints: no System.exit(), no default
  package, and maximum line width 120 characters; ProgrammingWT2223-Final2 requires that error
  messages begin with 'Error:' contain no special characters, and that all outputs exactly match the
   specification; ProgrammingWT2223-Final2 requires the input files streets.sim, crossings.sim, and
  cars.sim in exact specified formats
    - Agent community around Abschlussaufgabe 2 — Verkehrssimulation, task.md, 20 Punkte connects
  Programmieren, Version 1.1, Wintersemester 2022/23. Relevant agent facts: The assignment document
  'task.md' is at version 1.1.; The assignment in 'task.md' is worth 20 points.; The document
  'task.md' is the assignment titled 'Abschlussaufgabe 2 — Verkehrssimulation'.
  </insights>

● adaptive-memory extension active (role=requirements, memorySession=20260726-115748-req) - type
  /memory-help. MCP tools registered (memory=true, backlog=true).







Changes    +0 -0
Duration   2m 41s
Tokens     ↑ 31.6k (1.3k cached) • ↓ 78 (34 reasoning)
[delivery:requirements] Turn 10/12 complete
[delivery:requirements] Turn 11/12: examples.md — segment 10/10 — Beispiele — Abschlussaufgabe 2 (Verkehrssimulation)
● [adaptive-context] GET http://localhost:4444/api/agents/7af7809a-adce-4fa9-9609-fd61059de0ff/sessi
  ons/20260726-115748-req/context?input=Dokument%3A+examples.md%0ASegment%3A+10%2F10%0AAbschnitt%3A+
  Beispiele+%E2%80%94+Abschlussaufgabe+2+%28Verkehrssimulation%29%0A%0ALies+diesen+Abschnitt+sorgf%C
  3%A4ltig+und+behalte+den+Kontext.+Erstelle+noch+keinen+Backlog+und+noch+keine+Tasks.+Warte+damit+b
  is+zum+abschlie%C3%9Fenden+%2Ffinalize.%0A%0A%23+Beispiele+%E2%80%94+Abschlussaufgabe+2+%28Verkehr
  ssimulation%29%0A%0ADieses+Dokument+enth%C3%A4lt+die+in+der+Aufgabenstellung+referenzierten+Beispi
  el-Simulationsdateien+sowie+die+vollst%C3%A4ndige+Beispielinteraktion.%0ADie+Zeichen+%60%25%3E+%60
  +%28Prozent-Zeichen+und+Gr%C3%B6%C3%9Fer-Zeichen+gefolgt+von+einem+Leerzeichen%29+stellen+die+Komm
  andozeile+dar.+Der+Programmname+%28z.+B.+%60TrafficNetworkSimulation%60%29+dient+nur+als+Beispiel+
  und+ist+nicht+vorgeschrieben.%0ADas+Zeichen+%60%3E+%60+markiert+eine+Benutzereingabe+und+ist+selbs
  t+nicht+Teil+der+Eingabe.%0A%0A%23%23+1+Beispiel-Simulationsdateien%0A%0AIm+Beispielprojekt+befind
  en+sich+mehrere+Netzwerke.+Die+Beispielinteraktion+verwendet+die+Netzwerke+%60basic%60+und+%60adva
  nced%60.%0A%0A%23%23%23+1.1+%60files%2Fbasic%60+%E2%80%94+Grundlegende+Funktionalit%C3%A4t+mit+zwe
  i+Autos%0A%0A%60streets.sim%60%3A%0A%0A%60%60%60%0A0--%3E1%3A40m%2C1x%2C15max%0A1--%3E0%3A60m%2C1x
  %2C35max%0A%60%60%60%0A%0A%60crossings.sim%60%3A%0A%0A%60%60%60%0A0%3A0t%0A1%3A0t%0A%60%60%60%0A%0
  A%60cars.sim%60%3A%0A%0A%60%60%60%0A0%2C0%2C40%2C5%0A1%2C1%2C30%2C10%0A%60%60%60%0A%0A%23%23%23+1.
  2+%60files%2Fadvanced%60+%E2%80%94+Mehr+Autos%2C+Ampeln+und+Abbiegen%0A%0A%60streets.sim%60%3A%0A%
  0A%60%60%60%0A0--%3E4%3A50m%2C1x%2C10max%0A4--%3E0%3A50m%2C1x%2C10max%0A1--%3E4%3A100m%2C1x%2C20ma
  x%0A4--%3E1%3A100m%2C1x%2C20max%0A2--%3E4%3A400m%2C1x%2C40max%0A4--%3E2%3A400m%2C1x%2C40max%0A3--%
  3E4%3A200m%2C1x%2C35max%0A4--%3E3%3A200m%2C1x%2C35max%0A%60%60%60%0A%0A%60crossings.sim%60%3A%0A%0
  A%60%60%60%0A0%3A0t%0A1%3A0t%0A2%3A0t%0A3%3A0t%0A4%3A3t%0A%60%60%60%0A%0A%60cars.sim%60+%28Auszug%
  29%3A%0A%0A%60%60%60%0A0%2C0%2C25%2C7%0A1%2C0%2C20%2C4%0A2%2C1%2C35%2C5%0A3%2C1%2C35%2C5%0A4%2C2%2
  C30%2C8%0A5%2C2%2C20%2C7%0A6%2C2%2C30%2C6%0A7%2C2%2C40%2C3%0A9%2C3%2C20%2C2%0A10%2C3%2C30%2C6%0A11
  %2C3%2C30%2C6%0A12%2C3%2C25%2C6%0A14%2C4%2C25%2C2%0A15%2C4%2C30%2C5%0A16%2C4%2C35%2C3%0A17%2C4%2C2
  5%2C6%0A19%2C5%2C25%2C2%0A20%2C5%2C30%2C6%0A21%2C5%2C25%2C8%0A22%2C5%2C30%2C6%0A24%2C6%2C25%2C6%0A
  25%2C6%2C35%2C5%0A26%2C6%2C25%2C4%0A27%2C6%2C20%2C4%0A29%2C7%2C30%2C4%0A30%2C7%2C35%2C7%0A31%2C7%2
  C30%2C5%0A32%2C7%2C30%2C7%0A%60%60%60%0A%0A%23%23%23+1.3+%60files%2Fadvanced2%60+%E2%80%94+Wie+adv
  anced%2C+jedoch+mit+%C3%9Cberholen+und+mehr+Autos%0A%0A%60streets.sim%60%3A%0A%0A%60%60%60%0A0--%3
  E4%3A50m%2C1x%2C10max%0A4--%3E0%3A50m%2C1x%2C10max%0A1--%3E4%3A100m%2C1x%2C20max%0A4--%3E1%3A100m%
  2C1x%2C20max%0A2--%3E4%3A400m%2C2x%2C40max%0A4--%3E2%3A400m%2C2x%2C40max%0A3--%3E4%3A200m%2C2x%2C3
  5max%0A4--%3E3%3A200m%2C2x%2C35max%0A%60%60%60%0A%0A%60crossings.sim%60%3A%0A%0A%60%60%60%0A0%3A0t
  %0A1%3A0t%0A2%3A0t%0A3%3A0t%0A4%3A3t%0A%60%60%60%0A%0A%60cars.sim%60%3A%0A%0A%60%60%60%0A0%2C0%2C2
  5%2C7%0A1%2C0%2C20%2C4%0A2%2C1%2C35%2C5%0A3%2C1%2C35%2C5%0A4%2C2%2C30%2C8%0A5%2C2%2C20%2C7%0A6%2C2
  %2C30%2C6%0A7%2C2%2C40%2C3%0A8%2C2%2C25%2C3%0A9%2C3%2C20%2C2%0A10%2C3%2C30%2C6%0A11%2C3%2C30%2C6%0
  A12%2C3%2C25%2C6%0A13%2C3%2C20%2C10%0A14%2C4%2C25%2C2%0A15%2C4%2C30%2C5%0A16%2C4%2C35%2C3%0A17%2C4
  %2C25%2C6%0A18%2C4%2C40%2C10%0A19%2C5%2C25%2C2%0A20%2C5%2C30%2C6%0A21%2C5%2C25%2C8%0A22%2C5%2C30%2
  C6%0A23%2C5%2C40%2C10%0A24%2C6%2C25%2C6%0A25%2C6%2C35%2C5%0A26%2C6%2C25%2C4%0A27%2C6%2C20%2C4%0A28
  %2C6%2C25%2C3%0A29%2C7%2C30%2C4%0A30%2C7%2C35%2C7%0A31%2C7%2C30%2C5%0A32%2C7%2C30%2C7%0A33%2C7%2C2
  5%2C2%0A%60%60%60%0A%0A%23%23%23+1.4+%60files%2Fdense%60+%E2%80%94+Simples+Netzwerk+mit+langen+Str
  a%C3%9Fen%2C+%C3%9Cberholen+und+sehr+vielen+Autos%0A%0A%60streets.sim%60%3A%0A%0A%60%60%60%0A0--%3
  E1%3A2000m%2C2x%2C40max%0A1--%3E2%3A1000m%2C2x%2C30max%0A2--%3E5%3A300m%2C1x%2C10max%0A2--%3E3%3A1
  000m%2C2x%2C30max%0A3--%3E4%3A1500m%2C1x%2C40max%0A4--%3E5%3A1000m%2C2x%2C30max%0A5--%3E0%3A1000m%
  2C2x%2C30max%0A5--%3E2%3A350m%2C1x%2C15max%0A%60%60%60%0A%0A%60crossings.sim%60%3A%0A%0A%60%60%60%
  0A0%3A0t%0A1%3A0t%0A2%3A3t%0A3%3A0t%0A4%3A0t%0A5%3A3t%0A%60%60%60%0A%0A%60cars.sim%60+%28Auszug+de
  r+ersten+Zeilen+%E2%80%94+die+Datei+enth%C3%A4lt+210+Autos%29%3A%0A%0A%60%60%60%0A0%2C0%2C20%2C1%0
  A1%2C0%2C35%2C6%0A2%2C0%2C30%2C6%0A3%2C0%2C25%2C6%0A4%2C0%2C30%2C4%0A5%2C0%2C30%2C5%0A6%2C0%2C20%2
  C5%0A7%2C0%2C35%2C6%0A8%2C0%2C35%2C6%0A9%2C0%2C25%2C4%0A10%2C0%2C35%2C5%0A11%2C0%2C30%2C8%0A12%2C0
  %2C40%2C6%0A13%2C0%2C40%2C5%0A14%2C0%2C25%2C10%0A15%2C0%2C20%2C7%0A16%2C0%2C30%2C4%0A17%2C0%2C35%2
  C1%0A18%2C0%2C25%2C7%0A19%2C0%2C40%2C5%0A%60%60%60%0A%0A%23%23%23+1.5+%60files%2Ftrafficjam%60+%E2
  %80%94+Deadlock-Szenario%2C+nichts+bewegt+sich%0A%0A%60streets.sim%60%3A%0A%0A%60%60%60%0A0--%3E1%
  3A100m%2C1x%2C20max%0A1--%3E2%3A100m%2C1x%2C20max%0A2--%3E3%3A100m%2C1x%2C20max%0A3--%3E0%3A100m%2
  C2x%2C30max%0A%60%60%60%0A%0A%60crossings.sim%60%3A%0A%0A%60%60%60%0A0%3A0t%0A1%3A0t%0A2%3A0t%0A3%
  3A0t%0A%60%60%60%0A%0A%60cars.sim%60%3A%0A%0A%60%60%60%0A0%2C0%2C30%2C4%0A1%2C0%2C30%2C7%0A2%2C0%2
  C25%2C5%0A3%2C0%2C30%2C4%0A4%2C0%2C40%2C5%0A5%2C0%2C20%2C5%0A6%2C0%2C30%2C3%0A7%2C0%2C20%2C3%0A8%2
  C0%2C35%2C5%0A9%2C0%2C30%2C6%0A10%2C0%2C30%2C6%0A11%2C1%2C25%2C4%0A12%2C1%2C30%2C4%0A13%2C1%2C30%2
  C7%0A14%2C1%2C25%2C7%0A15%2C1%2C30%2C6%0A16%2C1%2C20%2C6%0A17%2C1%2C30%2C8%0A18%2C1%2C35%2C6%0A19%
  2C1%2C30%2C3%0A20%2C1%2C30%2C1%0A21%2C1%2C25%2C9%0A22%2C2%2C30%2C4%0A23%2C2%2C30%2C6%0A24%2C2%2C35
  %2C5%0A25%2C2%2C30%2C5%0A26%2C2%2C30%2C4%0A27%2C2%2C30%2C10%0A28%2C2%2C20%2C6%0A29%2C2%2C25%2C6%0A
  30%2C2%2C20%2C7%0A31%2C2%2C25%2C3%0A32%2C2%2C20%2C8%0A33%2C3%2C30%2C5%0A34%2C3%2C30%2C2%0A35%2C3%2
  C30%2C4%0A36%2C3%2C35%2C5%0A37%2C3%2C20%2C5%0A38%2C3%2C30%2C6%0A39%2C3%2C30%2C1%0A40%2C3%2C35%2C8%
  0A41%2C3%2C25%2C6%0A42%2C3%2C30%2C3%0A43%2C3%2C30%2C6%0A%60%60%60%0A%0A%23%23+2+load+%E2%80%94+Erf
  olgreiches+Laden%0A%0A%60%60%60%0A%3E+load+files%2Fbasic%0AREADY%0A%60%60%60%0A%0A%23%23+3+load2+%
  E2%80%94+Fehlerhaftes+Laden%0A%0A%60%60%60%0A%3E+load+load%2Finvalid%0AError%3A+Street+7+cannot+ha
  ve+more+than+15+cars.%0A%60%60%60%0A%0A%23%23+4+simulate+%E2%80%94+Erfolgreiche+Simulation%0A%0A%6
  0%60%60%0A%3E+simulate+5%0AREADY%0A%60%60%60%0A%0A%23%23+5+simulate2+%E2%80%94+Simulation+vor+erst
  em+%60load%60%0A%0A%60%60%60%0A%3E+simulate+1%0AError%3A+Street+network+is+yet+to+be+loaded.%0A%60
  %60%60%0A%0A%23%23+6+position+%E2%80%94+Erfolgreiche+Positionsabfrage%0A%0A%60%60%60%0A%3E+positio
  n+19%0ACar+19+on+street+7+with+speed+20+and+position+1370%0A%60%60%60%0A%0A%23%23+7+position2+%E2%
  80%94+Position+eines+unbekannten+Autos%0A%0A%60%60%60%0A%3E+position+744%0AError%3A+There+is+no+ca
  r+with+the+identifier+744.%0A%60%60%60%0A%0A%23%23+8+Vollst%C3%A4ndige+Beispielinteraktion+%28basi
  c%2C+dann+advanced%29%0A%0A%60%60%60%0A%25%3E+java+TrafficNetworkSimulation%0A%3E+load+files%2Fbas
  ic%0AREADY%0A%3E+position+0%0ACar+0+on+street+0+with+speed+0+and+position+40%0A%3E+simulate+1%0ARE
  ADY%0A%3E+position+0%0ACar+0+on+street+1+with+speed+5+and+position+5%0A%3E+position+1%0ACar+1+on+s
  treet+0+with+speed+10+and+position+10%0A%3E+simulate+3%0AREADY%0A%3E+position+0%0ACar+0+on+street+
  1+with+speed+20+and+position+50%0A%3E+position+1%0ACar+1+on+street+1+with+speed+15+and+position+15
  %0A%3E+simulate+2%0AREADY%0A%3E+position+0%0ACar+0+on+street+0+with+speed+15+and+position+30%0A%3E
  +position+1%0ACar+1+on+street+0+with+speed+30+and+position+10%0A%3E+load+files%2Fadvanced%0AREADY%
  0A%3E+simulate+29%0AREADY%0A%3E+position+0%0ACar+0+on+street+5+with+speed+25+and+position+92%0A%3E
  +position+1%0ACar+1+on+street+5+with+speed+18+and+position+42%0A%3E+position+3%0ACar+3+on+street+2
  +with+speed+10+and+position+70%0A%3E+position+7%0ACar+7+on+street+1+with+speed+9+and+position+38%0
  A%3E+position+12%0ACar+12+on+street+2+with+speed+12+and+position+90%0A%3E+position+17%0ACar+17+on+
  street+1+with+speed+10+and+position+18%0A%3E+position+22%0ACar+22+on+street+4+with+speed+0+and+pos
  ition+370%0A%3E+position+27%0ACar+27+on+street+6+with+speed+0+and+position+190%0A%3E+position+32%0
  ACar+32+on+street+6+with+speed+0+and+position+150%0A%3E+quit%0A%60%60%60&project=ProgrammingWT2223
  -Final2&role=requirements&task=Understand+the+wt2223final02+and+create+its+backlog+when+prompted.&
  timestamp=2026-07-26T10%3A02%3A06.978Z&domain=wt2223final02

● Injected adaptive memory context into system prompt

● <adaptive_rules>
  - streets.sim lines must follow `[Startknoten]-->[Endknoten]:[Länge]m,[Art]x,[Limit]max` with no
  spaces; [Art] is 1 or 2
  - During `load` the network must be validated for completeness, correctness and adherence to all
  value ranges
  - File paths passed to `load` must not contain spaces
  - Loading requires three input files in one folder: streets.sim, crossings.sim, cars.sim
  - The program must use the provided SimulationFileLoader class to read the files
  - The program must be able to simulate several hundred cars
  - When filling a street at load the first car is placed at the end; subsequent cars follow with 10
   m spacing
  - cars.sim lines must follow `[ID],[Straße],[v],[a]` with no spaces
  - Cars placed on a street at load must respect a minimum distance of 10 m between cars
  - crossings.sim lines must follow `[ID]:[Dauer]t` where Dauer==0 indicates roundabout and Dauer>0
  indicates crossing
  - Errors from SimulationFileLoader must be handled sensibly (e.g., shown as an error message)
  - Initial green phase for all crossings is 0 (first connected street has green)
  - A valid network may contain no cars; a network with no nodes, streets, and cars can still be
  valid
  - Street length must be integer in [10,10000] meters and max speed integer in [5,40] m/Tick
  - At initialization cars start with speed 0 m/Tick and desired direction 0
  - Invalid commands (incorrect keyword or parameters) must produce an error message printed to the
  command line.
  - `simulate` must error if ticks is invalid or negative or if called before the first successful
  load
  - Crossing green-phase duration (for Dauer>0) must be integer in [3,10] Ticks
  - Street nodes may have up to four incoming and four outgoing streets and must have at least one
  incoming and one outgoing street
  - `position` must error for unknown ID or if called before the first successful load
  - Assignment submission is automatically scored zero if any of the mandatory rules listed in the
  document are violated.
  - Mandatory tests must be passed before other tests are evaluated.
  - Pass the path string directly to the SimulationFileLoader constructor; the path string itself
  need not be validated
  - Car desired speed must be integer in [20,40] m/Tick and acceleration integer in [1,10] m/Tick²
  - Error messages must be a single line and contain no line breaks.
  - Error messages must begin with the character sequence 'Error:' with no leading spaces.
  - Error messages must not contain special characters such as line breaks or umlauts.
  - Lengths, distances, speeds, accelerations, and time units must be integers (no fractions)
  - Submit only your .java files online with the correct folder structure and as individual work.
  - No crossing may exist without streets (i.e., crossings must be connected to streets)
  - Placeholders in square brackets like [path] are never part of the actual program output.
  - Implementation must not use System.exit() or other excluded functions to implement quit
  - The Javadoc author tag must contain only the student's u-Kürzel.
  - Follow all Checkstyle rules; specially marked Checkstyle rules cause automatic zero points if
  violated.
  - Do not add personal data other than your u-Kürzel to submissions.
  - Standard input and output streams must never be reassigned.
  - Use System.in for input unless otherwise specified.
  - Use System.out for output unless otherwise specified.
  - Identifiers are integers in [0, Integer.MAX_VALUE]
  - Choose appropriate visibilities for classes, methods, and attributes.
  - Comments should be written consistently in either English or German.
  - Do not use the default package.
  - Interactive program outputs must match the specification exactly, including case, spaces, and
  line breaks.
  - Program code must be written in English.
  - Program code must compile without errors.
  - Source files must not exceed a maximum line width of 120 characters.
  - Student solutions may only use java.util.Scanner and elements from the packages java.lang,
  java.io, java.util, java.util.regex, java.util.stream and java.util.function.
  - Student solutions must use Java SE 17.
  - System.exit(), Runtime.exit() or similar must not be used.
  - A valid command always consists of a keyword and optionally a space-separated parameter.
  </adaptive_rules>

  <memories>
    - task.md is titled 'Abschlussaufgabe 2 — Verkehrssimulation'.
    - The document 'task.md' is the assignment titled 'Abschlussaufgabe 2 — Verkehrssimulation'.
    - ProgrammingWT2223-Final2 models a traffic simulation composed of a street network of roads and
   road nodes
    - ProgrammingWT2223-Final2 requires the input files streets.sim, crossings.sim, and cars.sim in
  exact specified formats
    - ProgrammingWT2223-Final2 models a Straßennetzwerk composed of Straßen and Straßenknoten.
    - The assignment document 'task.md' relates to the course 'Programmieren'.
    - ProgrammingWT2223-Final2 defines a traffic simulation as a model plus execution logic.
    - ProgrammingWT2223-Final2 relates to an interactive command interface requiring keyword plus
  optional parameter commands
    - ProgrammingWT2223-Final2 enforces coding and output rules: no System.exit(), no default
  package, max 120 char lines, error messages start with 'Error:', outputs must exactly match
  specification
    - ProgrammingWT2223-Final2 requires an interactive program interface that accepts commands
  (keyword plus optional parameter).
    - ProgrammingWT2223-Final2 enforces source-code constraints: no System.exit(), no default
  package, and maximum line width 120 characters.
    - ProgrammingWT2223-Final2 enforces source-code constraints: no System.exit(), no default
  package, and maximum line width 120 characters
    - ProgrammingWT2223-Final2's simulation comprises a model and an execution logic that updates
  the model stepwise
    - ProgrammingWT2223-Final2 implements an interactive command interface where commands are a
  keyword plus an optional parameter
    - ProgrammingWT2223-Final2 requires that error messages begin with 'Error:' contain no special
  characters, and that all outputs exactly match the specification
    - ProgrammingWT2223-Final2 requires input files named streets.sim, crossings.sim, and cars.sim
  with exact format specifications
    - ProgrammingWT2223-Final2 includes cars that drive on roads and dynamically interact with each
  other
    - ProgrammingWT2223-Final2 constrains simulation time to discrete steps called Ticks.
    - ProgrammingWT2223-Final2 includes Autos that drive on streets and interact dynamically.
    - ProgrammingWT2223-Final2 requires that error messages begin with 'Error:' contain no special
  characters, and that all outputs exactly match the specification.
    - ProgrammingWT2223-Final2 uses Java SE 17 with only the allowed packages (java.lang, java.io,
  java.util, java.util.regex, java.util.stream, java.util.function, java.util.Scanner)
  </memories>
  <knowledge>
    - The `quit` command must terminate the program and must work in every situation
  </knowledge>
  <entity_paths>
    - ProgrammingWT2223-Final2 USES Java SE 17 (restricted packages): ProgrammingWT2223-Final2 uses
  Java SE 17 with only the allowed packages (java.lang, java.io, java.util, java.util.regex,
  java.util.stream, java.util.function, java.util.Scanner)
    - ProgrammingWT2223-Final2 CONSTRAINT source code constraints: ProgrammingWT2223-Final2 enforces
   source-code constraints: no System.exit(), no default package, and maximum line width 120
  characters; ProgrammingWT2223-Final2 enforces source-code constraints: no System.exit(), no
  default package, and maximum line width 120 characters.
    - ProgrammingWT2223-Final2 CONSTRAINT output and error message formatting:
  ProgrammingWT2223-Final2 requires that error messages begin with 'Error:' contain no special
  characters, and that all outputs exactly match the specification; ProgrammingWT2223-Final2
  requires that error messages begin with 'Error:' contain no special characters, and that all
  outputs exactly match the specification.
    - ProgrammingWT2223-Final2 CONSTRAINT streets.sim / crossings.sim / cars.sim input files:
  ProgrammingWT2223-Final2 requires the input files streets.sim, crossings.sim, and cars.sim in
  exact specified formats
    - ProgrammingWT2223-Final2 CONSTRAINT Interactive command interface (keyword + optional
  parameter): ProgrammingWT2223-Final2 requires an interactive program interface that accepts
  commands (keyword plus optional parameter).
    - ProgrammingWT2223-Final2 CONSTRAINT Java SE 17 with restricted packages:
  ProgrammingWT2223-Final2 constrains the Java runtime to Java SE 17 with a restricted set of
  allowed packages
    - ProgrammingWT2223-Final2 CONSTRAINT Submission coding and output rules:
  ProgrammingWT2223-Final2 enforces coding and output rules: no System.exit(), no default package,
  max 120 char lines, error messages start with 'Error:', outputs must exactly match specification
    - ProgrammingWT2223-Final2 CONSTRAINT streets.sim, crossings.sim, cars.sim:
  ProgrammingWT2223-Final2 requires input files named streets.sim, crossings.sim, and cars.sim with
  exact format specifications
    - ProgrammingWT2223-Final2 CONSTRAINT Diskrete Zeit: Ticks: ProgrammingWT2223-Final2 simulates
  time discretely in fixed steps called Ticks
    - ProgrammingWT2223-Final2 CONSTRAINT Time discretization: Tick: ProgrammingWT2223-Final2
  constrains simulation time to discrete steps called Ticks.
    - ProgrammingWT2223-Final2 CONSTRAINT Straßen properties: ProgrammingWT2223-Final2 constrains
  Straßen properties: length 10–10000 m, max speed 5–40 m/Tick, type either 'einspurig' or 'mit
  Überholspur' with corresponding overtaking rules.
    - ProgrammingWT2223-Final2 CONSTRAINT Auto dynamics: ProgrammingWT2223-Final2 specifies car
  dynamics: desired speed 20–40 m/Tick, acceleration 1–10 m/Tick², and an auto must travel an entire
   street length to go from start to end.
    - ProgrammingWT2223-Final2 RELATES_TO Interactive command interface: ProgrammingWT2223-Final2
  implements an interactive command interface where commands are a keyword plus an optional
  parameter; ProgrammingWT2223-Final2 relates to an interactive command interface requiring keyword
  plus optional parameter commands
    - ProgrammingWT2223-Final2 RELATES_TO Straßennetzwerk (Straßen und Straßenknoten):
  ProgrammingWT2223-Final2 models a traffic simulation composed of a street network of roads and
  road nodes
    - ProgrammingWT2223-Final2 RELATES_TO Autos: ProgrammingWT2223-Final2 includes cars that drive
  on roads and dynamically interact with each other; ProgrammingWT2223-Final2 includes Autos that
  drive on streets and interact dynamically.
    - ProgrammingWT2223-Final2 RELATES_TO Modell und Ausführungslogik: ProgrammingWT2223-Final2's
  simulation comprises a model and an execution logic that updates the model stepwise
    - ProgrammingWT2223-Final2 RELATES_TO Straßennetzwerk (Straßen and Straßenknoten):
  ProgrammingWT2223-Final2 models a Straßennetzwerk composed of Straßen and Straßenknoten.
    - ProgrammingWT2223-Final2 RELATES_TO Traffic simulation model and execution logic:
  ProgrammingWT2223-Final2 defines a traffic simulation as a model plus execution logic.
    - Abschlussaufgabe 2 — Verkehrssimulation CONSTRAINT mehrere hundert Autos: The assignment
  requires the simulation to be able to simulate several hundred cars.
    - task.md RELATES_TO Institute of Information Security and Dependability: task.md attributes the
   assignment to the Institute of Information Security and Dependability group.; The assignment
  document 'task.md' associates the work with the 'Institute of Information Security and
  Dependability' group.
  </entity_paths>
  <entity_matches>
    - ProgrammingWT2223-Final2 (score: 1.00) — Course project repository and simulation
  specification.
    - Abschlussaufgabe 2 — Verkehrssimulation (score: 0.81) — Assignment document for the traffic
  simulation task.
    - streets.sim, crossings.sim, cars.sim (score: 0.77) — Required input files for a network
    - streets.sim / crossings.sim / cars.sim input files (score: 0.73) — Required input files for
  the program; must follow exact format specifications
    - task.md (score: 0.72) — Assignment document file named task.md
  </entity_matches>
  <insights>
    - Agent community around ProgrammingWT2223-Final2, streets.sim / crossings.sim / cars.sim input
  files, Java SE 17 (restricted packages) connects Interactive command interface. Relevant agent
  facts: ProgrammingWT2223-Final2 enforces source-code constraints: no System.exit(), no default
  package, and maximum line width 120 characters; ProgrammingWT2223-Final2 requires that error
  messages begin with 'Error:' contain no special characters, and that all outputs exactly match the
   specification; ProgrammingWT2223-Final2 requires the input files streets.sim, crossings.sim, and
  cars.sim in exact specified formats
    - Agent community around Abschlussaufgabe 2 — Verkehrssimulation, task.md, Institute of
  Information Security and Dependability connects Programmieren, Version 1.1, Wintersemester
  2022/23. Relevant agent facts: The assignment document 'task.md' is at version 1.1.; The
  assignment in 'task.md' is worth 20 points.; The document 'task.md' is the assignment titled
  'Abschlussaufgabe 2 — Verkehrssimulation'.
  </insights>

● adaptive-memory extension active (role=requirements, memorySession=20260726-115748-req) - type
  /memory-help. MCP tools registered (memory=true, backlog=true).







Changes    +0 -0
Duration   3m 5s
Tokens     ↑ 35.0k (1.3k cached) • ↓ 779 (467 reasoning)
[delivery:requirements] Turn 11/12 complete
[delivery:requirements] Turn 12/12: Finalize backlog creation
● [adaptive-context] GET http://localhost:4444/api/agents/7af7809a-adce-4fa9-9609-fd61059de0ff/sessi
  ons/20260726-115748-req/context?input=%2Ffinalize&project=ProgrammingWT2223-Final2&role=requiremen
  ts&task=Understand+the+wt2223final02+and+create+its+backlog+when+prompted.&timestamp=2026-07-26T10
  %3A02%3A30.875Z&domain=wt2223final02

● Injected adaptive memory context into system prompt

● <adaptive_rules>
  - The `quit` command must terminate the program and must work in every situation
  - Implementation must not use System.exit() or other excluded functions to implement quit
  - Choose appropriate visibilities for classes, methods, and attributes.
  - Comments should be written consistently in either English or German.
  - Do not use the default package.
  - Interactive program outputs must match the specification exactly, including case, spaces, and
  line breaks.
  - Program code must be written in English.
  - Program code must compile without errors.
  - Source files must not exceed a maximum line width of 120 characters.
  - Student solutions may only use java.util.Scanner and elements from the packages java.lang,
  java.io, java.util, java.util.regex, java.util.stream and java.util.function.
  - Student solutions must use Java SE 17.
  - System.exit(), Runtime.exit() or similar must not be used.
  - Assignment submission is automatically scored zero if any of the mandatory rules listed in the
  document are violated.
  - Mandatory tests must be passed before other tests are evaluated.
  - Submit only your .java files online with the correct folder structure and as individual work.
  - `simulate` must error if ticks is invalid or negative or if called before the first successful
  load
  - Placeholders in square brackets like [path] are never part of the actual program output.
  - Follow all Checkstyle rules; specially marked Checkstyle rules cause automatic zero points if
  violated.
  - The program must be able to simulate several hundred cars
  - When filling a street at load the first car is placed at the end; subsequent cars follow with 10
   m spacing
  - During `load` the network must be validated for completeness, correctness and adherence to all
  value ranges
  - File paths passed to `load` must not contain spaces
  - Loading requires three input files in one folder: streets.sim, crossings.sim, cars.sim
  - The program must use the provided SimulationFileLoader class to read the files
  - streets.sim lines must follow `[Startknoten]-->[Endknoten]:[Länge]m,[Art]x,[Limit]max` with no
  spaces; [Art] is 1 or 2
  - `position` must error for unknown ID or if called before the first successful load
  - Standard input and output streams must never be reassigned.
  - Use System.in for input unless otherwise specified.
  - Use System.out for output unless otherwise specified.
  - Crossing green-phase duration (for Dauer>0) must be integer in [3,10] Ticks
  - Invalid commands (incorrect keyword or parameters) must produce an error message printed to the
  command line.
  - A valid command always consists of a keyword and optionally a space-separated parameter.
  </adaptive_rules>

  <memories>
    - ProgrammingWT2223-Final2 requires an interactive program interface that accepts commands
  (keyword plus optional parameter).
    - ProgrammingWT2223-Final2 enforces coding and output rules: no System.exit(), no default
  package, max 120 char lines, error messages start with 'Error:', outputs must exactly match
  specification
    - ProgrammingWT2223-Final2 enforces source-code constraints: no System.exit(), no default
  package, and maximum line width 120 characters
    - ProgrammingWT2223-Final2 implements an interactive command interface where commands are a
  keyword plus an optional parameter
    - ProgrammingWT2223-Final2 requires that error messages begin with 'Error:' contain no special
  characters, and that all outputs exactly match the specification
  </memories>
  <knowledge>
    - The `simulate [ticks]` command executes the given number of simulation steps and prints READY
  on success
    - `position` may be called before the first `simulate` but after a successful `load`
  </knowledge>
  <entity_paths>
    - ProgrammingWT2223-Final2 USES Java SE 17 (restricted packages): ProgrammingWT2223-Final2 uses
  Java SE 17 with only the allowed packages (java.lang, java.io, java.util, java.util.regex,
  java.util.stream, java.util.function, java.util.Scanner)
    - ProgrammingWT2223-Final2 CONSTRAINT source code constraints: ProgrammingWT2223-Final2 enforces
   source-code constraints: no System.exit(), no default package, and maximum line width 120
  characters
    - ProgrammingWT2223-Final2 CONSTRAINT output and error message formatting:
  ProgrammingWT2223-Final2 requires that error messages begin with 'Error:' contain no special
  characters, and that all outputs exactly match the specification
    - ProgrammingWT2223-Final2 CONSTRAINT streets.sim / crossings.sim / cars.sim input files:
  ProgrammingWT2223-Final2 requires the input files streets.sim, crossings.sim, and cars.sim in
  exact specified formats
    - ProgrammingWT2223-Final2 CONSTRAINT Java SE 17 (restricted packages): ProgrammingWT2223-Final2
   constrains the Java runtime to Java SE 17 with a restricted set of allowed packages
    - ProgrammingWT2223-Final2 CONSTRAINT Interactive command interface (keyword + optional
  parameter): ProgrammingWT2223-Final2 requires an interactive program interface that accepts
  commands (keyword plus optional parameter).
    - ProgrammingWT2223-Final2 CONSTRAINT Submission coding and output rules:
  ProgrammingWT2223-Final2 enforces coding and output rules: no System.exit(), no default package,
  max 120 char lines, error messages start with 'Error:', outputs must exactly match specification
    - ProgrammingWT2223-Final2 CONSTRAINT streets.sim, crossings.sim, cars.sim:
  ProgrammingWT2223-Final2 requires the input files streets.sim, crossings.sim, and cars.sim in
  exact specified formats
    - ProgrammingWT2223-Final2 CONSTRAINT Diskrete Zeit: Ticks: ProgrammingWT2223-Final2 simulates
  time discretely in fixed steps called Ticks
    - ProgrammingWT2223-Final2 CONSTRAINT Time discretization: Tick: ProgrammingWT2223-Final2
  constrains simulation time to discrete steps called Ticks.
    - ProgrammingWT2223-Final2 CONSTRAINT Straßen properties: ProgrammingWT2223-Final2 constrains
  Straßen properties: length 10–10000 m, max speed 5–40 m/Tick, type either 'einspurig' or 'mit
  Überholspur' with corresponding overtaking rules.
    - ProgrammingWT2223-Final2 CONSTRAINT Auto dynamics: ProgrammingWT2223-Final2 specifies car
  dynamics: desired speed 20–40 m/Tick, acceleration 1–10 m/Tick², and an auto must travel an entire
   street length to go from start to end.
    - ProgrammingWT2223-Final2 CONSTRAINT Kreuzung green phase: ProgrammingWT2223-Final2 constrains
  Kreuzung green-phase duration to 3–10 Ticks and cycles green in the order streets were connected.
    - ProgrammingWT2223-Final2 CONSTRAINT Zeitdiskrete Simulation (Tick): ProgrammingWT2223-Final2
  constrains simulation time to discrete steps called Ticks.
    - ProgrammingWT2223-Final2 CONSTRAINT Autos position and spacing: ProgrammingWT2223-Final2
  models Autos as point entities always located on a Straße (never on a node), with zero length and
  mandatory minimum distance 10 m to the vehicle ahead, including when crossing nodes.
    - ProgrammingWT2223-Final2 CONSTRAINT Element Identifiers: ProgrammingWT2223-Final2 requires
  per-element-type unique integer identifiers in range [0, Integer.MAX_VALUE].
    - ProgrammingWT2223-Final2 RELATES_TO Interactive command interface: ProgrammingWT2223-Final2
  implements an interactive command interface where commands are a keyword plus an optional
  parameter
    - ProgrammingWT2223-Final2 RELATES_TO Straßennetzwerk (Straßen und Straßenknoten):
  ProgrammingWT2223-Final2 models a traffic simulation composed of a street network of roads and
  road nodes
    - ProgrammingWT2223-Final2 RELATES_TO Straßennetzwerk (Straßen und Straßenknoten):
  ProgrammingWT2223-Final2 models a Straßennetzwerk composed of Straßen and Straßenknoten.
    - ProgrammingWT2223-Final2 RELATES_TO Autos: ProgrammingWT2223-Final2 includes cars that drive
  on roads and dynamically interact with each other; ProgrammingWT2223-Final2 includes Autos that
  drive on streets and interact dynamically.
  </entity_paths>
  <entity_matches>
    - ProgrammingWT2223-Final2 (score: 1.00) — Course project repository and simulation
  specification.
    - task.md (score: 0.72) — Assignment document 'task.md' for ProgrammingWT2223-Final2.
    - Abschlussaufgabe 2 — Verkehrssimulation (score: 0.67) — Assignment document for the traffic
  simulation task.
    - streets.sim / crossings.sim / cars.sim input files (score: 0.65) — Required input files for
  the program; must follow exact format specifications
    - Submission coding and output rules (score: 0.64) — No System.exit; no default package;
  120-char line width; Error: prefix; exact outputs
  </entity_matches>
  <insights>
    - Agent community around ProgrammingWT2223-Final2, streets.sim / crossings.sim / cars.sim input
  files, Submission coding and output rules connects output and error message formatting,
  Interactive command interface, Interactive command interface (keyword + optional parameter).
  Relevant agent facts: ProgrammingWT2223-Final2 enforces source-code constraints: no System.exit(),
   no default package, and maximum line width 120 characters; ProgrammingWT2223-Final2 requires that
   error messages begin with 'Error:' contain no special characters, and that all outputs exactly
  match the specification; ProgrammingWT2223-Final2 requires the input files streets.sim,
  crossings.sim, and cars.sim in exact specified formats
    - Agent community around task.md, Kreuzung Ampelregeln (Grünphasendauer 3–10 Ticks, zyklische
  Reihenfolge), Institute of Information Security and Dependability connects Programmieren, Version
  1.1, Wintersemester 2022/23. Relevant agent facts: The assignment document 'task.md' is at version
   1.1.; The assignment in 'task.md' is worth 20 points.; The document 'task.md' is the assignment
  titled 'Abschlussaufgabe 2 — Verkehrssimulation'.
    - Agent community around Abschlussaufgabe 2 — Verkehrssimulation, mehrere hundert Autos.
  Relevant agent facts: The document 'task.md' is the assignment titled 'Abschlussaufgabe 2 —
  Verkehrssimulation'.; task.md is titled 'Abschlussaufgabe 2 — Verkehrssimulation'.; The assignment
   requires the simulation to be able to simulate several hundred cars.
    - Agent community around Autos, Straßen, dynamische Interaktion. Relevant agent facts:
  ProgrammingWT2223-Final2 includes cars that drive on roads and dynamically interact with each
  other; ProgrammingWT2223-Final2 includes Autos that drive on streets and interact dynamically.;
  Cars drive on the streets and dynamically interact with each other.
    - Agent community around Verkehrssimulation, Diskrete Zeitsimulation in Ticks, Modell. Relevant
  agent facts: Time in the simulation is discretized into fixed simulation steps called 'Ticks'.;
  The assignment requires designing and implementing a traffic simulation.; The traffic simulation
  consists of an abstract model and an execution logic that updates the model stepwise.
  </insights>

● adaptive-memory extension active (role=requirements, memorySession=20260726-115748-req) - type
  /memory-help. MCP tools registered (memory=true, backlog=true).



● Create Backlog (MCP: agentic-memory) · Abschlussaufgabe 2 — Verkehrssimulation (WS 2022/23). Inte…
  └ Backlog "Verkehrssimulation" created with id: 680d2676-76b1-4bed-a7cc-4fb7d30...



● Create Tasks (MCP: agentic-memory) · backlogId: "680d2676-76b1-4bed-a7cc-4fb7d301688e", tasks: [1…
  └ Created 13 task(s) in backlog 680d2676-76b1-4bed-a7cc-4fb7d301688e.



● Get Tasks (MCP: agentic-memory) · backlogId: "680d2676-76b1-4bed-a7cc-4fb7d301688e"
  └ Output too large to read at once (30.0 KB). Saved to: /var/folders/fs/p8fxyq6...







Changes    +0 -0
Duration   5m 9s
Tokens     ↑ 165.7k (123.3k cached) • ↓ 7.0k (2.8k reasoning)
[delivery:requirements] Turn 12/12 complete
[delivery:requirements] Exercise requirements stream complete — advancing to backlog discovery
[delivery] Phase B: Backlog discovery
[delivery] Using backlog: "Verkehrssimulation" (680d2676-76b1-4bed-a7cc-4fb7d301688e)
[delivery] Backlog: "Verkehrssimulation" (680d2676-76b1-4bed-a7cc-4fb7d301688e)

[delivery] Phase C: Coding

● [adaptive-context] GET http://localhost:4444/api/agents/7af7809a-adce-4fa9-9609-fd61059de0ff/sessi
  ons/20260726-115748-coding/context?input=Implement+%22Verkehrssimulation%22+backlog%3A+Project+sca
  ffolding+and+package+structure%3B+Domain+model+%E2%80%94+Street%2C+Node+%28Crossing%2FRoundabout%2
  9%2C+Car%3B+Input+file+parsing+and+validation%3B+Network+construction%2C+validation%2C+and+car+pla
  cement%3B+CLI+framework%2C+command+loop%2C+and+quit+command%3B+Load+command+integration%3B+Positio
  n+command%3B+Simulation+engine+%E2%80%94+car+speed+update+and+basic+movement%3B+Simulation+engine+
  %E2%80%94+overtaking+on+type-2+streets%3B+Simulation+engine+%E2%80%94+node+crossing%2C+traffic+lig
  hts%2C+and+wishDirection%3B+Simulate+command+integration%3B+Comprehensive+error+handling%2C+edge+c
  ases%2C+and+robustness%3B+Integration+testing+with+all+provided+example+networks&project=Programmi
  ngWT2223-Final2&role=coding&task=Implement+backlog+%22Verkehrssimulation%22+in+the+selected+exerci
  se+repository.&timestamp=2026-07-26T10%3A04%3A33.883Z&domain=wt2223final02

● Injected adaptive memory context into system prompt

● <adaptive_rules>
  - The program must be able to simulate several hundred cars
  - During `load` the network must be validated for completeness, correctness and adherence to all
  value ranges
  - File paths passed to `load` must not contain spaces
  - Loading requires three input files in one folder: streets.sim, crossings.sim, cars.sim
  - The program must use the provided SimulationFileLoader class to read the files
  - Errors from SimulationFileLoader must be handled sensibly (e.g., shown as an error message)
  - When filling a street at load the first car is placed at the end; subsequent cars follow with 10
   m spacing
  - Submit only your .java files online with the correct folder structure and as individual work.
  - streets.sim lines must follow `[Startknoten]-->[Endknoten]:[Länge]m,[Art]x,[Limit]max` with no
  spaces; [Art] is 1 or 2
  - Initial green phase for all crossings is 0 (first connected street has green)
  - A valid network may contain no cars; a network with no nodes, streets, and cars can still be
  valid
  - cars.sim lines must follow `[ID],[Straße],[v],[a]` with no spaces
  - Pass the path string directly to the SimulationFileLoader constructor; the path string itself
  need not be validated
  - crossings.sim lines must follow `[ID]:[Dauer]t` where Dauer==0 indicates roundabout and Dauer>0
  indicates crossing
  - Cars placed on a street at load must respect a minimum distance of 10 m between cars
  - Street length must be integer in [10,10000] meters and max speed integer in [5,40] m/Tick
  - Street nodes may have up to four incoming and four outgoing streets and must have at least one
  incoming and one outgoing street
  - Implementation must not use System.exit() or other excluded functions to implement quit
  - Placeholders in square brackets like [path] are never part of the actual program output.
  - `simulate` must error if ticks is invalid or negative or if called before the first successful
  load
  - At initialization cars start with speed 0 m/Tick and desired direction 0
  - Car desired speed must be integer in [20,40] m/Tick and acceleration integer in [1,10] m/Tick²
  - Crossing green-phase duration (for Dauer>0) must be integer in [3,10] Ticks
  - Assignment submission is automatically scored zero if any of the mandatory rules listed in the
  document are violated.
  - Mandatory tests must be passed before other tests are evaluated.
  - No crossing may exist without streets (i.e., crossings must be connected to streets)
  - Choose appropriate visibilities for classes, methods, and attributes.
  - Comments should be written consistently in either English or German.
  - Do not use the default package.
  - Interactive program outputs must match the specification exactly, including case, spaces, and
  line breaks.
  - Program code must be written in English.
  - Program code must compile without errors.
  - Source files must not exceed a maximum line width of 120 characters.
  - Student solutions may only use java.util.Scanner and elements from the packages java.lang,
  java.io, java.util, java.util.regex, java.util.stream and java.util.function.
  - Student solutions must use Java SE 17.
  - System.exit(), Runtime.exit() or similar must not be used.
  - Follow all Checkstyle rules; specially marked Checkstyle rules cause automatic zero points if
  violated.
  - The Javadoc author tag must contain only the student's u-Kürzel.
  - `position` must error for unknown ID or if called before the first successful load
  - The `quit` command must terminate the program and must work in every situation
  - Lengths, distances, speeds, accelerations, and time units must be integers (no fractions)
  - A valid command always consists of a keyword and optionally a space-separated parameter.
  - Standard input and output streams must never be reassigned.
  - Use System.in for input unless otherwise specified.
  - Use System.out for output unless otherwise specified.
  - Error messages must be a single line and contain no line breaks.
  - Error messages must begin with the character sequence 'Error:' with no leading spaces.
  - Error messages must not contain special characters such as line breaks or umlauts.
  - Invalid commands (incorrect keyword or parameters) must produce an error message printed to the
  command line.
  </adaptive_rules>

  <memories>
    - ProgrammingWT2223-Final2 relates to the design and implementation of a traffic simulation
  (Verkehrssimulation).
    - ProgrammingWT2223-Final2 models a traffic simulation composed of a street network of roads and
   road nodes
    - ProgrammingWT2223-Final2 defines a traffic simulation as a model plus execution logic.
    - The assignment requires designing and implementing a traffic simulation.
    - ProgrammingWT2223-Final2 includes cars that drive on roads and dynamically interact with each
  other
    - The document 'task.md' is the assignment titled 'Abschlussaufgabe 2 — Verkehrssimulation'.
    - task.md is titled 'Abschlussaufgabe 2 — Verkehrssimulation'.
    - ProgrammingWT2223-Final2 requires the input files streets.sim, crossings.sim, and cars.sim in
  exact specified formats
    - ProgrammingWT2223-Final2 includes Autos that drive on streets and interact dynamically.
    - ProgrammingWT2223-Final2 relates to a set of named example networks (basic, advanced,
  advanced2, dense, trafficjam) with described scenarios.
    - ProgrammingWT2223-Final2's simulation comprises a model and an execution logic that updates
  the model stepwise
    - Cars in ProgrammingWT2223-Final2 are modelled as points on streets (never on nodes) with
  minimum following distance 10 m
    - examples.md (Abschlussaufgabe 2 — Verkehrssimulation) documents example networks named
  files/basic, files/advanced, files/advanced2, files/dense, and files/trafficjam
  </memories>
  <entity_paths>
    - ProgrammingWT2223-Final2 USES Java SE 17 (restricted packages): ProgrammingWT2223-Final2 uses
  Java SE 17 with only the allowed packages (java.lang, java.io, java.util, java.util.regex,
  java.util.stream, java.util.function, java.util.Scanner)
    - ProgrammingWT2223-Final2 CONSTRAINT position output format: ProgrammingWT2223-Final2
  constrains the position output format to exactly "Car [ID] on Street [S] with speed [v] and
  position [P]" and forbids including '>' or '%>' characters.
    - ProgrammingWT2223-Final2 CONSTRAINT source code constraints: ProgrammingWT2223-Final2 enforces
   source-code constraints: no System.exit(), no default package, and maximum line width 120
  characters
    - ProgrammingWT2223-Final2 CONSTRAINT output and error message formatting:
  ProgrammingWT2223-Final2 requires that error messages begin with 'Error:' contain no special
  characters, and that all outputs exactly match the specification
    - ProgrammingWT2223-Final2 CONSTRAINT streets.sim / crossings.sim / cars.sim input files:
  ProgrammingWT2223-Final2 requires the input files streets.sim, crossings.sim, and cars.sim in
  exact specified formats
    - ProgrammingWT2223-Final2 CONSTRAINT Java SE 17 (restricted packages): ProgrammingWT2223-Final2
   constrains the Java runtime to Java SE 17 with a restricted set of allowed packages
    - ProgrammingWT2223-Final2 CONSTRAINT Interactive command interface (keyword + optional
  parameter): ProgrammingWT2223-Final2 requires an interactive program interface that accepts
  commands (keyword plus optional parameter).
    - ProgrammingWT2223-Final2 CONSTRAINT Submission coding and output rules:
  ProgrammingWT2223-Final2 enforces coding and output rules: no System.exit(), no default package,
  max 120 char lines, error messages start with 'Error:', outputs must exactly match specification
    - ProgrammingWT2223-Final2 CONSTRAINT streets.sim, crossings.sim, cars.sim:
  ProgrammingWT2223-Final2 requires the input files streets.sim, crossings.sim, and cars.sim in
  exact specified formats
    - ProgrammingWT2223-Final2 CONSTRAINT Diskrete Zeit (Ticks): ProgrammingWT2223-Final2 simulates
  time discretely in fixed steps called Ticks
    - ProgrammingWT2223-Final2 CONSTRAINT Time discretization: Tick: ProgrammingWT2223-Final2
  constrains simulation time to discrete steps called Ticks.
    - ProgrammingWT2223-Final2 CONSTRAINT Straßen properties: ProgrammingWT2223-Final2 constrains
  Straßen properties: length 10–10000 m, max speed 5–40 m/Tick, type either 'einspurig' or 'mit
  Überholspur' with corresponding overtaking rules.
    - ProgrammingWT2223-Final2 CONSTRAINT Overtaking allowed only on streets with overtaking lane:
  ProgrammingWT2223-Final2 allows overtaking only on streets that have an overtaking lane;
  single-lane streets prohibit overtaking
    - ProgrammingWT2223-Final2 CONSTRAINT Integer-only numeric values: ProgrammingWT2223-Final2
  constrains all numeric values to integers (no fractional precision)
    - ProgrammingWT2223-Final2 CONSTRAINT Auto dynamics: ProgrammingWT2223-Final2 specifies car
  dynamics: desired speed 20–40 m/Tick, acceleration 1–10 m/Tick², and an auto must travel an entire
   street length to go from start to end.
    - ProgrammingWT2223-Final2 CONSTRAINT Kreuzung green phase: ProgrammingWT2223-Final2 constrains
  Kreuzung green-phase duration to 3–10 Ticks and cycles green in the order streets were connected.
    - ProgrammingWT2223-Final2 CONSTRAINT Zeitdiskrete Simulation (Tick): ProgrammingWT2223-Final2
  constrains simulation time to discrete steps called Ticks.
    - ProgrammingWT2223-Final2 CONSTRAINT Autos position and spacing: ProgrammingWT2223-Final2
  models Autos as point entities always located on a Straße (never on a node), with zero length and
  mandatory minimum distance 10 m to the vehicle ahead, including when crossing nodes.
    - ProgrammingWT2223-Final2 CONSTRAINT Element Identifiers: ProgrammingWT2223-Final2 requires
  per-element-type unique integer identifiers in range [0, Integer.MAX_VALUE].
    - ProgrammingWT2223-Final2 CONSTRAINT v_neu = min(v_alt + a · (1 Tick), v_wunsch, v_max): Car
  speed is updated each tick using v_neu = min(v_alt + a · (1 Tick), v_wunsch, v_max).
  </entity_paths>
  <entity_matches>
    - ProgrammingWT2223-Final2 (score: 1.00) — Course project repository for the Verkehrssimulation
  assignment
    - Verkehrssimulation (score: 0.86) — Traffic simulation system under design and implementation.
    - streets.sim, crossings.sim, cars.sim (score: 0.82) — Named input files for the simulation,
  each with exact format requirements
    - Simulationsaufbau Netzvalidierung (keine Kreuzungen ohne Straßen; max Autos pro Straße; leeres
   Netzwerk erlaubt) (score: 0.82) — Validation rules for road network completeness and car counts
  at simulation start.
    - Abschlussaufgabe 2 — Verkehrssimulation (score: 0.81) — Assignment document for the traffic
  simulation task.
  </entity_matches>
  <insights>
    - Agent community around ProgrammingWT2223-Final2, streets.sim, crossings.sim, cars.sim, Java SE
   17 (restricted packages) connects Example networks, Expected error messages, streets.sim /
  crossings.sim / cars.sim input files, Interactive command interface. Relevant agent facts:
  ProgrammingWT2223-Final2 relates to a set of named example networks (basic, advanced, advanced2,
  dense, trafficjam) with described scenarios.; ProgrammingWT2223-Final2 relates to example error
  messages including street-capacity, network-not-loaded, and missing-car-id messages.;
  ProgrammingWT2223-Final2 constrains the position output format to exactly "Car [ID] on Street [S]
  with speed [v] and position [P]" and forbids including '>' or '%>' characters.
    - Agent community around Verkehrssimulation, Diskrete Zeitsimulation in Ticks, Modell. Relevant
  agent facts: Time in the simulation is discretized into fixed simulation steps called 'Ticks'.;
  The assignment requires designing and implementing a traffic simulation.; The traffic simulation
  consists of an abstract model and an execution logic that updates the model stepwise.
    - Agent community around Simulationsaufbau Netzvalidierung (keine Kreuzungen ohne Straßen; max
  Autos pro Straße; leeres Netzwerk erlaubt), Diskrete Zeit (Ticks), task.md connects Institute of
  Information Security and Dependability, Prof. Dr.-Ing. Anne Koziolek, 20 Punkte, Programmieren.
  Relevant agent facts: The assignment document 'task.md' is at version 1.1.; The assignment in
  'task.md' is worth 20 points.; The document 'task.md' is the assignment titled 'Abschlussaufgabe 2
   — Verkehrssimulation'.
    - Agent community around Abschlussaufgabe 2 — Verkehrssimulation, mehrere hundert Autos.
  Relevant agent facts: The document 'task.md' is the assignment titled 'Abschlussaufgabe 2 —
  Verkehrssimulation'.; task.md is titled 'Abschlussaufgabe 2 — Verkehrssimulation'.; The assignment
   requires the simulation to be able to simulate several hundred cars.
    - Agent community around position output format, examples.md connects load load/invalid,
  position 744, simulate before load','simulate 1 (pre-load), load files/basic. Relevant agent
  facts: examples.md documents that an invalid load ('load load/invalid') produces the error 'Street
   7 cannot have more than 15 cars.'; examples.md documents that asking 'position' for an unknown
  car (e.g. 'position 744') returns 'Error: There is no car with the identifier 744.'; examples.md
  documents that running 'simulate' before any network is loaded yields 'Error: Street network is
  yet to be loaded.'
  </insights>

● adaptive-memory extension active (role=coding, memorySession=20260726-115748-coding) - type
  /memory-help. MCP tools registered (memory=true, backlog=true).



✗ Get Scratchpad (MCP: agentic-memory) · sessionId: "2fdde66a-9b14-4767-850b-b163dad6ab6b"
  └ MCP server 'agentic-memory': Forbidden.

● Claim Next Task (MCP: agentic-memory) · backlogId: "680d2676-76b1-4bed-a7cc-4fb7d301688e"
  └ Claimed task "Project scaffolding and package structure" (d08c8e7e-f4c3-45d4-...



● Search (glob)
  │ "**/*.java"
  └ No matches found

● Search (glob)
  │ "**/build.gradle*"
  └ No matches found

● Search (glob)
  │ "**/pom.xml"
  └ 1 file found

● Search (glob)
  │ "**/.gitignore"
  └ 1 file found



● Read .gitignore
  └ 205 lines read

● Read pom.xml
  └ 31 lines read

● List directory .
  └ 17 files found

● Read task.md
  └ 1 line read

● List directory src
  └ 1 file found

● [turn-persistence] [turn-persistence] turn_end SKIPPED ai: no assistant message with content

● Read examples.md
  └ L1:60 (59 lines read)

● Read task.md
  └ L1:80 (79 lines read)

● [turn-persistence] [turn-persistence] turn_end SKIPPED ai: no assistant message with content



● Edit pom.xml +2 -2

● Create package directory structure (shell)
  │ mkdir -p /Users/nghalinh2711/Development/student-repos/wt2223final02/src/traffic/simulation
  └ 1 line…



● Create Main.java +51
  └ src/traffic/simulation/Main.java



● Create Simulation.java +65
  └ src/traffic/simulation/Simulation.java



● Compile the project with Maven (shell)
  │ cd /Users/nghalinh2711/Development/student-repos/wt2223final02 && mvn compile --quiet 2>&1
  └ 1 line…



● Read checkstyle.xml
  └ L1:30 (30 lines read)

● Search (glob)
  │ "src/**/*.java"
  └ 2 files found

● Check if src/README.md exists (shell)
  │ ls -la /Users/nghalinh2711/Development/student-repos/wt2223final02/src/README.md 2>&1
  └ 2 lines…

● Run checkstyle on Java files (shell)
  │ cd /Users/nghalinh2711/Development/student-repos/wt2223final02 && mvn checkstyle:check
  │ -Dcheckstyle.config.location=checkstyle.xml --quiet 2>&1 || true
  └ 8 lines…

● [turn-persistence] [turn-persistence] turn_end SKIPPED ai: no assistant message with content



● Check line lengths in Java files (shell)
  │ cd /Users/nghalinh2711/Development/student-repos/wt2223final02 && awk 'length > 120 {print
  │ FILENAME ":" NR ": " length " chars"}' src/**/*.java 2>&1
  └ 3 lines…

● Check line lengths in Java files (shell)
  │ cd /Users/nghalinh2711/Development/student-repos/wt2223final02 && find src -name '*.java' -exec
  │ awk 'length > 120 {print FILENAME ":" NR ": " length " chars"}' {} \;
  └ 1 line…

● [turn-persistence] [turn-persistence] turn_end SKIPPED ai: no assistant message with content



● Update Task (MCP: agentic-memory) · backlogId: "680d2676-76b1-4bed-a7cc-4fb7d301688e", taskId: "d…
  └ Task "Project scaffolding and package structure" (d08c8e7e-f4c3-45d4-8c9d-2a6...

● Update Scratchpad (MCP: agentic-memory) · sessionId: "2fdde66a-9b14-4767-850b-b163dad6ab6b", task…
  └ Scratchpad updated.



● Claim Next Task (MCP: agentic-memory) · backlogId: "680d2676-76b1-4bed-a7cc-4fb7d301688e"
  └ Claimed task "Domain model — Street, Node (Crossing/Roundabout), Car" (7612b7...



● Create Crossing.java +63
  └ src/traffic/simulation/Crossing.java

● Create Street.java +123
  └ src/traffic/simulation/Street.java

● Create Node.java +115
  └ src/traffic/simulation/Node.java

● Create Roundabout.java +22
  └ src/traffic/simulation/Roundabout.java

● Create Car.java +146
  └ src/traffic/simulation/Car.java



● Compile the project with Maven (shell)
  │ cd /Users/nghalinh2711/Development/student-repos/wt2223final02 && mvn compile --quiet 2>&1
  └ 1 line…



● Check line lengths in all Java files (shell)
  │ cd /Users/nghalinh2711/Development/student-repos/wt2223final02 && find src -name '*.java' -exec
  │ awk 'length > 120 {print FILENAME ":" NR ": " length " chars: " $0}' {} \;
  └ 1 line…



● Update Scratchpad (MCP: agentic-memory) · sessionId: "2fdde66a-9b14-4767-850b-b163dad6ab6b", find…
  └ Scratchpad updated.

● Update Task (MCP: agentic-memory) · backlogId: "680d2676-76b1-4bed-a7cc-4fb7d301688e", state: "do…
  └ Task "Domain model — Street, Node (Crossing/Roundabout), Car" (7612b76d-a51d-...



● Claim Next Task (MCP: agentic-memory) · backlogId: "680d2676-76b1-4bed-a7cc-4fb7d301688e"
  └ Claimed task "Input file parsing and validation" (3cff645c-8ccb-457f-b85c-043...



● Search (glob)
  │ "**/*.java"
  └ 7 files found

● Search (glob)
  │ "**/*FileLoader*"
  └ 1 file found

● Search (grep)
  │ "SimulationFileLoader"
  └ 2 files found



● Search (grep)
  │ "SimulationFileLoader"
  └ 27 lines found

● Inspect SimulationFileLoader class API (shell)
  │ javap -public /Users/nghalinh2711/Development/student-repos/wt2223final02/target/classes/edu/kit
  │ /kastel/trafficsimulation/io/SimulationFileLoader.class 2>&1
  └ 11 lines…



● Create SimulationParser.java +177
  └ src/traffic/simulation/SimulationParser.java

● Create SimulationException.java +17
  └ src/traffic/simulation/SimulationException.java

● Compile the project with Maven (shell)
  │ cd /Users/nghalinh2711/Development/student-repos/wt2223final02 && mvn compile --quiet 2>&1
  └ 1 line…

● [turn-persistence] [turn-persistence] turn_end SKIPPED ai: no assistant message with content



● Check line lengths in all Java files (shell)
  │ cd /Users/nghalinh2711/Development/student-repos/wt2223final02 && find src -name '*.java' -exec
  │ awk 'length > 120 {print FILENAME ":" NR ": " length " chars"}' {} \;
  └ 1 line…



● Update Task (MCP: agentic-memory) · backlogId: "680d2676-76b1-4bed-a7cc-4fb7d301688e", state: "do…
  └ Task "Input file parsing and validation" (3cff645c-8ccb-457f-b85c-0438eb72d87...

● Update Scratchpad (MCP: agentic-memory) · sessionId: "2fdde66a-9b14-4767-850b-b163dad6ab6b", find…
  └ Scratchpad updated.



● Claim Next Task (MCP: agentic-memory) · backlogId: "680d2676-76b1-4bed-a7cc-4fb7d301688e"
  └ Claimed task "Network construction, validation, and car placement" (40f86e1c-...



● Search (grep)
  │ "cannot have more than|cannot be|capacity|15 cars"
  └ 1 line found

● Search (grep)
  │ "max.*Auto|Auto.*Straße|Kapazität|capacity"
  └ 7 lines found

● Search (grep)
  │ "Simulationsaufbau|Auto.*Straße.*Ende|10.*Abstand|positioniert"
  └ 4 lines found

● [turn-persistence] [turn-persistence] turn_end SKIPPED ai: no assistant message with content

● Read task.md
  └ L105:130 (26 lines read)

● [turn-persistence] [turn-persistence] turn_end SKIPPED ai: no assistant message with content

● Search (grep)
  │ "15|max.*Auto|Auto.*max"
  └ No matches found

● [turn-persistence] [turn-persistence] turn_end SKIPPED ai: no assistant message with content



● Create SimulationModel.java +190
  └ src/traffic/simulation/SimulationModel.java



● Create NetworkBuilder.java +138
  └ src/traffic/simulation/NetworkBuilder.java



● Read Simulation.java
  │ src/traffic/simulation/Simulation.java
  └ 64 lines read

● Edit Simulation.java +49 -3
  └ src/traffic/simulation/Simulation.java

● [turn-persistence] [turn-persistence] turn_end SKIPPED ai: no assistant message with content

● Compile the project with Maven (shell)
  │ cd /Users/nghalinh2711/Development/student-repos/wt2223final02 && mvn compile --quiet 2>&1
  └ 1 line…

● [turn-persistence] [turn-persistence] turn_end SKIPPED ai: no assistant message with content



● Check line lengths (shell)
  │ cd /Users/nghalinh2711/Development/student-repos/wt2223final02 && find src -name '*.java' -exec
  │ awk 'length > 120 {print FILENAME ":" NR ": " length " chars"}' {} \;
  └ 1 line…

● Test loading basic network (shell)
  │ cd /Users/nghalinh2711/Development/student-repos/wt2223final02 && echo -e 'load
  │ files/basic\nposition 0\nquit' | java -cp target/classes traffic.simulation.Main 2>&1
  └ 3 lines…



● List available test networks (shell)
  │ ls -la /Users/nghalinh2711/Development/student-repos/wt2223final02/files/ 2>&1
  └ 10 lines…

● Test position for unknown car and simulate before load (shell)
  │ cd /Users/nghalinh2711/Development/student-repos/wt2223final02 && echo -e 'position 0\nsimulate
  │ 1\nload files/advanced\nposition 0\nposition 744\nquit' | java -cp target/classes
  │ traffic.simulation.Main 2>&1
  └ 6 lines…



● Search (grep)
  │ "Car.*on Street"
  └ No matches found

● Search (grep)
  │ "position"
  └ 37 lines found

● [turn-persistence] [turn-persistence] turn_end SKIPPED ai: no assistant message with content



● Edit Simulation.java +1 -1
  └ src/traffic/simulation/Simulation.java

● Compile and test position format (shell)
  │ cd /Users/nghalinh2711/Development/student-repos/wt2223final02 && mvn compile --quiet 2>&1 &&
  │ echo -e 'load files/basic\nposition 0\nposition 1\nquit' | java -cp target/classes
  │ traffic.simulation.Main 2>&1
  └ 4 lines…

● [turn-persistence] [turn-persistence] turn_end SKIPPED ai: no assistant message with content



● Update Task (MCP: agentic-memory) · backlogId: "680d2676-76b1-4bed-a7cc-4fb7d301688e", state: "do…
  └ Task "Network construction, validation, and car placement" (40f86e1c-29ab-468...

● Update Scratchpad (MCP: agentic-memory) · sessionId: "2fdde66a-9b14-4767-850b-b163dad6ab6b", find…
  └ Scratchpad updated.



● Claim Next Task (MCP: agentic-memory) · backlogId: "680d2676-76b1-4bed-a7cc-4fb7d301688e"
  └ Claimed task "CLI framework, command loop, and quit command" (b95d7310-c37a-4...



● Read Main.java
  │ src/traffic/simulation/Main.java
  └ 50 lines read

● Search (grep)
  │ "unknown|invalid command|Error:"
  └ 3 lines found

● [turn-persistence] [turn-persistence] turn_end SKIPPED ai: no assistant message with content



● Test quit during load, position, and blank lines (shell)
  │ cd /Users/nghalinh2711/Development/student-repos/wt2223final02 && echo -e 'quit' | java -cp
  │ target/classes traffic.simulation.Main 2>&1; echo "Exit code: $?"
  └ 2 lines…

● Test CLI edge cases: invalid commands, quit everywhere (shell)
  │ cd /Users/nghalinh2711/Development/student-repos/wt2223final02 && echo -e 'invalid\n\nquit' |
  │ java -cp target/classes traffic.simulation.Main 2>&1
  └ 2 lines…



● Update Task (MCP: agentic-memory) · backlogId: "680d2676-76b1-4bed-a7cc-4fb7d301688e", state: "do…
  └ Task "CLI framework, command loop, and quit command" (b95d7310-c37a-4299-ba48...

● Update Scratchpad (MCP: agentic-memory) · sessionId: "2fdde66a-9b14-4767-850b-b163dad6ab6b", find…
  └ Scratchpad updated.



● Claim Next Task (MCP: agentic-memory) · backlogId: "680d2676-76b1-4bed-a7cc-4fb7d301688e"
  └ Claimed task "Load command integration" (a26e5481-3f70-484d-8fa8-fd3725baa094...



● Test load command: basic, invalid, repeat load (shell)
  │ cd /Users/nghalinh2711/Development/student-repos/wt2223final02 && echo -e 'load
  │ files/basic\nload files/advanced\nload non_existent\nposition 0\nload files/basic\nposition
  │ 0\nquit' | java -cp target/classes traffic.simulation.Main 2>&1
  └ 7 lines…



● Update Scratchpad (MCP: agentic-memory) · sessionId: "2fdde66a-9b14-4767-850b-b163dad6ab6b", find…
  └ Scratchpad updated.

● Update Task (MCP: agentic-memory) · backlogId: "680d2676-76b1-4bed-a7cc-4fb7d301688e", state: "do…
  └ Task "Load command integration" (a26e5481-3f70-484d-8fa8-fd3725baa094) update...



● Claim Next Task (MCP: agentic-memory) · backlogId: "680d2676-76b1-4bed-a7cc-4fb7d301688e"
  └ Claimed task "Position command" (bbd73670-8361-4065-86d1-dfbfb298bb05) and ma...



● Verify position command against examples (shell)
  │ cd /Users/nghalinh2711/Development/student-repos/wt2223final02 && echo -e 'position 0\nload
  │ files/basic\nposition 0\nposition 744\nquit' | java -cp target/classes traffic.simulation.Main
  │ 2>&1
  └ 5 lines…



● Update Task (MCP: agentic-memory) · backlogId: "680d2676-76b1-4bed-a7cc-4fb7d301688e", state: "do…
  └ Task "Position command" (bbd73670-8361-4065-86d1-dfbfb298bb05) updated to sta...



● Claim Next Task (MCP: agentic-memory) · backlogId: "680d2676-76b1-4bed-a7cc-4fb7d301688e"
  └ Claimed task "Simulation engine — car speed update and basic movement" (93055...



● Read task.md
  └ L126:200 (75 lines read)



● Create SimulationEngine.java +223
  └ src/traffic/simulation/SimulationEngine.java



● Edit SimulationEngine.java +17 -2
  └ src/traffic/simulation/SimulationEngine.java

● Edit SimulationEngine.java +6 -7
  └ src/traffic/simulation/SimulationEngine.java



● Edit Simulation.java +2
  └ src/traffic/simulation/Simulation.java

● Edit Simulation.java +1
  └ src/traffic/simulation/Simulation.java

● Edit Simulation.java +3 -2
  └ src/traffic/simulation/Simulation.java

● Compile and test simulation with basic network (shell)
  │ cd /Users/nghalinh2711/Development/student-repos/wt2223final02 && mvn compile --quiet 2>&1 &&
  │ echo -e 'load files/basic\nposition 0\nposition 1\nsimulate 1\nposition 0\nposition 1\nquit' |
  │ java -cp target/classes traffic.simulation.Main 2>&1
  └ 6 lines…

● [turn-persistence] [turn-persistence] turn_end SKIPPED ai: no assistant message with content



● Edit SimulationEngine.java +2 -2
  └ src/traffic/simulation/SimulationEngine.java



● Edit SimulationEngine.java +4 -2
  └ src/traffic/simulation/SimulationEngine.java

● Compile and test simulation (shell)
  │ cd /Users/nghalinh2711/Development/student-repos/wt2223final02 && mvn compile --quiet 2>&1 &&
  │ echo -e 'load files/basic\nposition 0\nposition 1\nsimulate 1\nposition 0\nposition 1\nquit' |
  │ java -cp target/classes traffic.simulation.Main 2>&1
  └ 6 lines…

● [turn-persistence] [turn-persistence] turn_end SKIPPED ai: no assistant message with content



● Test multi-tick simulation against examples (shell)
  │ cd /Users/nghalinh2711/Development/student-repos/wt2223final02 && echo -e 'load
  │ files/basic\nsimulate 4\nposition 0\nposition 1\nquit' | java -cp target/classes
  │ traffic.simulation.Main 2>&1
  └ 4 lines…

● Test advanced network simulation (shell)
  │ cd /Users/nghalinh2711/Development/student-repos/wt2223final02 && echo -e 'load
  │ files/advanced\nsimulate 20\nposition 0\nposition 1\nposition 3\nposition 7\nquit' | java -cp
  │ target/classes traffic.simulation.Main 2>&1
  └ 6 lines…

● [turn-persistence] [turn-persistence] turn_end SKIPPED ai: no assistant message with content



● Check line lengths (shell)
  │ cd /Users/nghalinh2711/Development/student-repos/wt2223final02 && find src -name '*.java' -exec
  │ awk 'length > 120 {print FILENAME ":" NR ": " length " chars"}' {} \;
  └ 1 line…



● Edit SimulationEngine.java +15 -6
  └ src/traffic/simulation/SimulationEngine.java

● Compile and re-test basic network simulation (shell)
  │ cd /Users/nghalinh2711/Development/student-repos/wt2223final02 && mvn compile --quiet 2>&1 &&
  │ echo -e 'load files/basic\nsimulate 4\nposition 0\nposition 1\nquit' | java -cp target/classes
  │ traffic.simulation.Main 2>&1
  └ 4 lines…

● [turn-persistence] [turn-persistence] turn_end SKIPPED ai: no assistant message with content



● Update Task (MCP: agentic-memory) · backlogId: "680d2676-76b1-4bed-a7cc-4fb7d301688e", state: "do…
  └ Task "Simulation engine — car speed update and basic movement" (93055224-a021...

● Update Scratchpad (MCP: agentic-memory) · sessionId: "2fdde66a-9b14-4767-850b-b163dad6ab6b", find…
  └ Scratchpad updated.



● Claim Next Task (MCP: agentic-memory) · backlogId: "680d2676-76b1-4bed-a7cc-4fb7d301688e"
  └ Claimed task "Simulation engine — overtaking on type-2 streets" (f216d7e4-f7f...



● Read SimulationEngine.java
  │ src/traffic/simulation/SimulationEngine.java
  └ L55:120 (66 lines read)

● Edit SimulationEngine.java +99 -33
  └ src/traffic/simulation/SimulationEngine.java

● [turn-persistence] [turn-persistence] turn_end SKIPPED ai: no assistant message with content

● Compile and test with basic and advanced networks (shell)
  │ cd /Users/nghalinh2711/Development/student-repos/wt2223final02 && mvn compile --quiet 2>&1 &&
  │ echo -e 'load files/basic\nsimulate 4\nposition 0\nposition 1\nquit' | java -cp target/classes
  │ traffic.simulation.Main 2>&1
  └ 4 lines…

● [turn-persistence] [turn-persistence] turn_end SKIPPED ai: no assistant message with content

● Check which networks have type-2 streets (shell)
  │ grep ',2x,' /Users/nghalinh2711/Development/student-repos/wt2223final02/files/*/streets.sim 2>&1
  └ 11 lines…

● [turn-persistence] [turn-persistence] turn_end SKIPPED ai: no assistant message with content

● Test advanced2 network with type-2 streets (shell)
  │ cd /Users/nghalinh2711/Development/student-repos/wt2223final02 && echo -e 'load
  │ files/advanced2\nposition 0\nposition 1\nsimulate 5\nposition 0\nposition 1\nquit' | java -cp
  │ target/classes traffic.simulation.Main 2>&1
  └ 6 lines…

● [turn-persistence] [turn-persistence] turn_end SKIPPED ai: no assistant message with content

● Check line lengths (shell)
  │ cd /Users/nghalinh2711/Development/student-repos/wt2223final02 && find src -name '*.java' -exec
  │ awk 'length > 120 {print FILENAME ":" NR ": " length " chars"}' {} \;
  └ 1 line…

● Test trafficjam network with overtaking (shell)
  │ cd /Users/nghalinh2711/Development/student-repos/wt2223final02 && echo -e 'load
  │ files/trafficjam\nposition 0\nsimulate 10\nposition 0\nposition 1\nquit' | java -cp
  │ target/classes traffic.simulation.Main 2>&1
  └ 5 lines…

● [turn-persistence] [turn-persistence] turn_end SKIPPED ai: no assistant message with content



● Update Task (MCP: agentic-memory) · backlogId: "680d2676-76b1-4bed-a7cc-4fb7d301688e", state: "do…
  └ Task "Simulation engine — overtaking on type-2 streets" (f216d7e4-f7fa-4bd0-a...



● Claim Next Task (MCP: agentic-memory) · backlogId: "680d2676-76b1-4bed-a7cc-4fb7d301688e"
  └ Claimed task "Simulation engine — node crossing, traffic lights, and wishDire...



● Edit SimulationEngine.java +15 -5
  └ src/traffic/simulation/SimulationEngine.java

● Compile and test advanced network (has crossing at node 4) (shell)
  │ cd /Users/nghalinh2711/Development/student-repos/wt2223final02 && mvn compile --quiet 2>&1 &&
  │ echo -e 'load files/advanced\nsimulate 20\nposition 0\nposition 1\nposition 3\nposition
  │ 7\nposition 12\nposition 17\nposition 22\nposition 27\nposition 32\nquit' | java -cp
  │ target/classes traffic.simulation.Main 2>&1
  └ 11 lines…

● [turn-persistence] [turn-persistence] turn_end SKIPPED ai: no assistant message with content

● Check line lengths and compile (shell)
  │ cd /Users/nghalinh2711/Development/student-repos/wt2223final02 && find src -name '*.java' -exec
  │ awk 'length > 120 {print FILENAME ":" NR ": " length " chars"}' {} \; && echo "---" && mvn
  │ compile --quiet 2>&1 && echo "BUILD OK"
  └ 3 lines…

● [turn-persistence] [turn-persistence] turn_end SKIPPED ai: no assistant message with content



● Update Task (MCP: agentic-memory) · backlogId: "680d2676-76b1-4bed-a7cc-4fb7d301688e", state: "do…
  └ Task "Simulation engine — node crossing, traffic lights, and wishDirection" (...



● Claim Next Task (MCP: agentic-memory) · backlogId: "680d2676-76b1-4bed-a7cc-4fb7d301688e"
  └ Claimed task "Simulate command integration" (a90170cf-739a-4e38-bfe2-9da14a46...



● Edit Simulation.java +3 -2
  └ src/traffic/simulation/Simulation.java

● Compile and test simulate command against examples (shell)
  │ cd /Users/nghalinh2711/Development/student-repos/wt2223final02 && mvn compile --quiet 2>&1 &&
  │ echo -e 'simulate 1\nload files/basic\nsimulate 0\nsimulate 4\nposition 0\nsimulate -1\nquit' |
  │ java -cp target/classes traffic.simulation.Main 2>&1
  └ 7 lines…

● [turn-persistence] [turn-persistence] turn_end SKIPPED ai: no assistant message with content

● Test invalid ticks format (shell)
  │ cd /Users/nghalinh2711/Development/student-repos/wt2223final02 && echo -e 'load
  │ files/basic\nsimulate abc\nquit' | java -cp target/classes traffic.simulation.Main 2>&1
  └ 3 lines…

● [turn-persistence] [turn-persistence] turn_end SKIPPED ai: no assistant message with content



● Update Task (MCP: agentic-memory) · backlogId: "680d2676-76b1-4bed-a7cc-4fb7d301688e", state: "do…
  └ Task "Simulate command integration" (a90170cf-739a-4e38-bfe2-9da14a46d5f4) up...



● Claim Next Task (MCP: agentic-memory) · backlogId: "680d2676-76b1-4bed-a7cc-4fb7d301688e"
  └ Claimed task "Comprehensive error handling, edge cases, and robustness" (5257...



● Test empty network and dense network with 210 cars (shell)
  │ cd /Users/nghalinh2711/Development/student-repos/wt2223final02 && echo -e 'load files/empty
  │ 2>&1' | java -cp target/classes traffic.simulation.Main 2>&1; echo "---"; ls files/empty/ 2>&1
  │ || echo "No empty directory"
  └ 5 lines…

● Test dense network with 210 cars for performance (shell)
  │ cd /Users/nghalinh2711/Development/student-repos/wt2223final02 && echo -e 'load
  │ files/dense\nsimulate 10\nposition 0\nposition 209\nquit' | java -cp target/classes
  │ traffic.simulation.Main 2>&1
  └ 5 lines…

● [turn-persistence] [turn-persistence] turn_end SKIPPED ai: no assistant message with content

● Check dense network cars distribution (shell)
  │ cat /Users/nghalinh2711/Development/student-repos/wt2223final02/files/dense/cars.sim 2>&1 | head
  │ -30
  └ 31 lines…

● [turn-persistence] [turn-persistence] turn_end SKIPPED ai: no assistant message with content

● Check car distribution across streets in dense (shell)
  │ cut -d',' -f2 /Users/nghalinh2711/Development/student-repos/wt2223final02/files/dense/cars.sim |
  │ sort | uniq -c | sort -rn 2>&1
  └ 9 lines…

● [turn-persistence] [turn-persistence] turn_end SKIPPED ai: no assistant message with content



● Edit SimulationModel.java
  └ src/traffic/simulation/SimulationModel.java

● Edit SimulationModel.java +1 -2
  └ src/traffic/simulation/SimulationModel.java

● Edit SimulationModel.java -2
  └ src/traffic/simulation/SimulationModel.java

● [turn-persistence] [turn-persistence] turn_end SKIPPED ai: no assistant message with content

● Compile and test dense network with 210 cars (shell)
  │ cd /Users/nghalinh2711/Development/student-repos/wt2223final02 && mvn compile --quiet 2>&1 &&
  │ time echo -e 'load files/dense\nposition 0\nposition 209\nquit' | java -cp target/classes
  │ traffic.simulation.Main 2>&1
  └ 8 lines…

● [turn-persistence] [turn-persistence] turn_end SKIPPED ai: no assistant message with content

● Test dense network simulation performance (shell)
  │ cd /Users/nghalinh2711/Development/student-repos/wt2223final02 && time echo -e 'load
  │ files/dense\nsimulate 100\nposition 0\nquit' | java -cp target/classes traffic.simulation.Main
  │ 2>&1
  └ 8 lines…

● [turn-persistence] [turn-persistence] turn_end SKIPPED ai: no assistant message with content

● Test missing parameters and edge cases (shell)
  │ cd /Users/nghalinh2711/Development/student-repos/wt2223final02 && echo -e
  │ 'load\nposition\nsimulate\nload files/basic\nposition\nsimulate\nquit' | java -cp target/classes
  │ traffic.simulation.Main 2>&1
  └ 7 lines…

● [turn-persistence] [turn-persistence] turn_end SKIPPED ai: no assistant message with content



● Final compilation and line length check (shell)
  │ cd /Users/nghalinh2711/Development/student-repos/wt2223final02 && find src -name '*.java' -exec
  │ awk 'length > 120 {print FILENAME ":" NR ": " length " chars"}' {} \; && mvn compile --quiet
  │ 2>&1 && echo "ALL OK"
  └ 2 lines…



● Update Task (MCP: agentic-memory) · backlogId: "680d2676-76b1-4bed-a7cc-4fb7d301688e", state: "do…
  └ Task "Comprehensive error handling, edge cases, and robustness" (52573101-408...



● Claim Next Task (MCP: agentic-memory) · backlogId: "680d2676-76b1-4bed-a7cc-4fb7d301688e"
  └ Claimed task "Integration testing with all provided example networks" (3e1cae...



● Read examples.md
  └ L270:370 (98 lines read)



● Test full example interaction (basic + advanced) (shell)
  │ cd /Users/nghalinh2711/Development/student-repos/wt2223final02 && echo -e 'load files/basic
  │ position 0
  │ simulate 1
  │ position 0
  │ position 1…
  └ 41 lines…



● Check advanced cars.sim for cars 0-3, 7, 12, 17, 22, 27, 32 (shell)
  │ cat /Users/nghalinh2711/Development/student-repos/wt2223final02/files/advanced/cars.sim 2>&1
  └ 29 lines…



● Update Task (MCP: agentic-memory) · backlogId: "680d2676-76b1-4bed-a7cc-4fb7d301688e", state: "bl…
  └ Task "Integration testing with all provided example networks" (3e1caeb4-b2c9-...

● Update Scratchpad (MCP: agentic-memory) · sessionId: "2fdde66a-9b14-4767-850b-b163dad6ab6b", find…
  └ Scratchpad updated.



● Claim Next Task (MCP: agentic-memory) · backlogId: "680d2676-76b1-4bed-a7cc-4fb7d301688e"
  └ Cannot claim the next task — unresolved tasks are blocking:



● Update Task (MCP: agentic-memory) · backlogId: "680d2676-76b1-4bed-a7cc-4fb7d301688e", state: "in…
  └ Task "Integration testing with all provided example networks" (3e1caeb4-b2c9-...

● Debug advanced network - simulate 1 tick (shell)
  │ cd /Users/nghalinh2711/Development/student-repos/wt2223final02 && echo -e 'load files/advanced
  │ position 0
  │ position 1
  │ simulate 1
  │ position 0…
  └ 21 lines…

● [turn-persistence] [turn-persistence] turn_end SKIPPED ai: no assistant message with content

● Debug - check cars on street 1 after tick 1 (shell)
  │ cd /Users/nghalinh2711/Development/student-repos/wt2223final02 && echo -e 'load files/advanced
  │ position 2
  │ position 3
  │ simulate 1
  │ position 2…
  └ 11 lines…

● [turn-persistence] [turn-persistence] turn_end SKIPPED ai: no assistant message with content



● Edit SimulationEngine.java +4 -4
  └ src/traffic/simulation/SimulationEngine.java

● Compile and re-test full example interaction (shell)
  │ cd /Users/nghalinh2711/Development/student-repos/wt2223final02 && mvn compile --quiet 2>&1 &&
  │ echo -e 'load files/basic
  │ position 0
  │ simulate 1
  │ position 0…
  └ 42 lines…

● [turn-persistence] [turn-persistence] turn_end SKIPPED ai: no assistant message with content



● Edit SimulationEngine.java +4 -4
  └ src/traffic/simulation/SimulationEngine.java



● Edit SimulationEngine.java +2 -2
  └ src/traffic/simulation/SimulationEngine.java



● Compile and verify basic network still works (shell)
  │ cd /Users/nghalinh2711/Development/student-repos/wt2223final02 && mvn compile --quiet 2>&1 &&
  │ echo -e 'load files/basic
  │ position 0
  │ simulate 4
  │ position 0…
  └ 8 lines…



● Get Tasks (MCP: agentic-memory) · backlogId: "680d2676-76b1-4bed-a7cc-4fb7d301688e"
  └ Output too large to read at once (29.9 KB). Saved to: /var/folders/fs/p8fxyq6...

● [turn-persistence] [turn-persistence] turn_end SKIPPED ai: no assistant message with content

● Check table schema (sql)
  │ PRAGMA table_info(todos)
  └ Query executed successfully. Rows affected: 0.

● [turn-persistence] [turn-persistence] turn_end SKIPPED ai: no assistant message with content

● Update Task (MCP: agentic-memory) · backlogId: "680d2676-76b1-4bed-a7cc-4fb7d301688e", state: "bl…
  └ Task "Integration testing with all provided example networks" (3e1caeb4-b2c9-...

● Update Scratchpad (MCP: agentic-memory) · sessionId: "2fdde66a-9b14-4767-850b-b163dad6ab6b", find…
  └ Scratchpad updated.

● [turn-persistence] [turn-persistence] turn_end SKIPPED ai: no assistant message with content



● Claim Next Task (MCP: agentic-memory) · backlogId: "680d2676-76b1-4bed-a7cc-4fb7d301688e"
  └ Cannot claim the next task — unresolved tasks are blocking:



● Update Task (MCP: agentic-memory) · backlogId: "680d2676-76b1-4bed-a7cc-4fb7d301688e", state: "in…
  └ Task "Integration testing with all provided example networks" (3e1caeb4-b2c9-...

● Edit SimulationEngine.java +6 -6
  └ src/traffic/simulation/SimulationEngine.java

● [turn-persistence] [turn-persistence] turn_end SKIPPED ai: no assistant message with content



● Edit SimulationEngine.java +6 -6
  └ src/traffic/simulation/SimulationEngine.java

● Final compile and verify basic network (shell)
  │ cd /Users/nghalinh2711/Development/student-repos/wt2223final02 && mvn compile --quiet 2>&1 &&
  │ echo -e 'load files/basic
  │ position 0
  │ simulate 1
  │ position 0…
  └ 20 lines…

● [turn-persistence] [turn-persistence] turn_end SKIPPED ai: no assistant message with content



● Update Task (MCP: agentic-memory) · backlogId: "680d2676-76b1-4bed-a7cc-4fb7d301688e", state: "bl…
  └ Task "Integration testing with all provided example networks" (3e1caeb4-b2c9-...

● Update Scratchpad (MCP: agentic-memory) · sessionId: "2fdde66a-9b14-4767-850b-b163dad6ab6b", find…
  └ Scratchpad updated.

● Claim Next Task (MCP: agentic-memory) · backlogId: "680d2676-76b1-4bed-a7cc-4fb7d301688e"
  └ Cannot claim the next task — unresolved tasks are blocking:

● [turn-persistence] [turn-persistence] turn_end SKIPPED ai: no assistant message with content



● Search (glob)
  │ "src/**/*.java"
  └ 12 files found

● Final compilation and line length check (shell)
  │ cd /Users/nghalinh2711/Development/student-repos/wt2223final02 && mvn compile --quiet 2>&1 &&
  │ echo "BUILD OK" && find src -name '*.java' -exec awk 'length > 120 {print FILENAME ":" NR ": "
  │ length " chars"}' {} \; && echo "NO LONG LINES"
  └ 3 lines…







Changes    +1572 -93
Duration   21m 49s
Tokens     ↑ 10.5m (10.4m cached) • ↓ 76.7k (39.8k reasoning)
[delivery] Coding agent exited with code 0
[delivery] Backlog verification failed: Backlog still has unresolved tasks: Integration testing with all provided example networks [blocked]
[delivery] Re-running coding phase after verification failure.

[delivery] Phase C: Coding

● [adaptive-context] GET http://localhost:4444/api/agents/7af7809a-adce-4fa9-9609-fd61059de0ff/sessi
  ons/20260726-115748-coding/context?input=Implement+%22Verkehrssimulation%22+backlog%3A+Project+sca
  ffolding+and+package+structure%3B+Domain+model+%E2%80%94+Street%2C+Node+%28Crossing%2FRoundabout%2
  9%2C+Car%3B+Input+file+parsing+and+validation%3B+Network+construction%2C+validation%2C+and+car+pla
  cement%3B+CLI+framework%2C+command+loop%2C+and+quit+command%3B+Load+command+integration%3B+Positio
  n+command%3B+Simulation+engine+%E2%80%94+car+speed+update+and+basic+movement%3B+Simulation+engine+
  %E2%80%94+overtaking+on+type-2+streets%3B+Simulation+engine+%E2%80%94+node+crossing%2C+traffic+lig
  hts%2C+and+wishDirection%3B+Simulate+command+integration%3B+Comprehensive+error+handling%2C+edge+c
  ases%2C+and+robustness%3B+Integration+testing+with+all+provided+example+networks&project=Programmi
  ngWT2223-Final2&role=coding&task=Implement+backlog+%22Verkehrssimulation%22+in+the+selected+exerci
  se+repository.&timestamp=2026-07-26T10%3A26%3A25.093Z&domain=wt2223final02

● Injected adaptive memory context into system prompt

● <adaptive_rules>
  - The program must be able to simulate several hundred cars
  - During `load` the network must be validated for completeness, correctness and adherence to all
  value ranges
  - File paths passed to `load` must not contain spaces
  - Loading requires three input files in one folder: streets.sim, crossings.sim, cars.sim
  - The program must use the provided SimulationFileLoader class to read the files
  - Errors from SimulationFileLoader must be handled sensibly (e.g., shown as an error message)
  - When filling a street at load the first car is placed at the end; subsequent cars follow with 10
   m spacing
  - Car desired speed must be integer in [20,40] m/Tick and acceleration integer in [1,10] m/Tick²
  - Submit only your .java files online with the correct folder structure and as individual work.
  - streets.sim lines must follow `[Startknoten]-->[Endknoten]:[Länge]m,[Art]x,[Limit]max` with no
  spaces; [Art] is 1 or 2
  - Initial green phase for all crossings is 0 (first connected street has green)
  - A valid network may contain no cars; a network with no nodes, streets, and cars can still be
  valid
  - cars.sim lines must follow `[ID],[Straße],[v],[a]` with no spaces
  - Pass the path string directly to the SimulationFileLoader constructor; the path string itself
  need not be validated
  - crossings.sim lines must follow `[ID]:[Dauer]t` where Dauer==0 indicates roundabout and Dauer>0
  indicates crossing
  - Cars placed on a street at load must respect a minimum distance of 10 m between cars
  - Street length must be integer in [10,10000] meters and max speed integer in [5,40] m/Tick
  - Street nodes may have up to four incoming and four outgoing streets and must have at least one
  incoming and one outgoing street
  - At initialization cars start with speed 0 m/Tick and desired direction 0
  - `simulate` must error if ticks is invalid or negative or if called before the first successful
  load
  - No crossing may exist without streets (i.e., crossings must be connected to streets)
  - Placeholders in square brackets like [path] are never part of the actual program output.
  - Crossing green-phase duration (for Dauer>0) must be integer in [3,10] Ticks
  - Assignment submission is automatically scored zero if any of the mandatory rules listed in the
  document are violated.
  - Mandatory tests must be passed before other tests are evaluated.
  - Follow all Checkstyle rules; specially marked Checkstyle rules cause automatic zero points if
  violated.
  - Choose appropriate visibilities for classes, methods, and attributes.
  - Comments should be written consistently in either English or German.
  - Do not use the default package.
  - Interactive program outputs must match the specification exactly, including case, spaces, and
  line breaks.
  - Program code must be written in English.
  - Program code must compile without errors.
  - Source files must not exceed a maximum line width of 120 characters.
  - Student solutions may only use java.util.Scanner and elements from the packages java.lang,
  java.io, java.util, java.util.regex, java.util.stream and java.util.function.
  - Student solutions must use Java SE 17.
  - System.exit(), Runtime.exit() or similar must not be used.
  - Implementation must not use System.exit() or other excluded functions to implement quit
  - The Javadoc author tag must contain only the student's u-Kürzel.
  </adaptive_rules>

  <memories>
    - The backlog defines a prioritized task list covering project scaffolding, domain model
  (Street, Crossing/Roundabout, Car), input parsing and validation, network construction and car
  placement, CLI and quit, load and position commands, simulation engine (speed update, overtaking,
  node crossing, wishDirection), simulate command integration, error handling, and integration
  testing
    - ProgrammingWT2223-Final2 relates to the design and implementation of a traffic simulation
  (Verkehrssimulation).
    - ProgrammingWT2223-Final2 models a traffic simulation composed of a street network of roads and
   road nodes
    - ProgrammingWT2223-Final2 defines a traffic simulation as a model plus execution logic.
    - The assignment requires designing and implementing a traffic simulation.
    - Backlog '680d2676-76b1-4bed-a7cc-4fb7d301688e' was created for the ProgrammingWT2223-Final2
  project
    - The document 'task.md' is the assignment titled 'Abschlussaufgabe 2 — Verkehrssimulation'.
    - ProgrammingWT2223-Final2 requires the input files streets.sim, crossings.sim, and cars.sim in
  exact specified formats
    - ProgrammingWT2223-Final2 requires exactly three simulation files: streets.sim, crossings.sim,
  and cars.sim.
    - ProgrammingWT2223-Final2 requires students to create their own networks with varying
  properties to test their solution.
    - ProgrammingWT2223-Final2 includes cars that drive on roads and dynamically interact with each
  other
    - ProgrammingWT2223-Final2's simulation comprises a model and an execution logic that updates
  the model stepwise
    - ProgrammingWT2223-Final2 uses exactly three simulation files: streets.sim, crossings.sim, and
  cars.sim.
    - ProgrammingWT2223-Final2 includes multiple example networks in the delivered example project.
    - ProgrammingWT2223-Final2 relates to a set of named example networks (basic, advanced,
  advanced2, dense, trafficjam) with described scenarios.
  </memories>
  <entity_paths>
    - ProgrammingWT2223-Final2 USES examples.md: ProgrammingWT2223-Final2 includes examples.md which
   provides the complete example interaction.
    - ProgrammingWT2223-Final2 USES Java SE 17 (restricted packages): ProgrammingWT2223-Final2 uses
  Java SE 17 with only the allowed packages (java.lang, java.io, java.util, java.util.regex,
  java.util.stream, java.util.function, java.util.Scanner)
    - ProgrammingWT2223-Final2 USES streets.sim: ProgrammingWT2223-Final2 uses exactly three
  simulation files: streets.sim, crossings.sim, and cars.sim.
    - ProgrammingWT2223-Final2 USES cars.sim: ProgrammingWT2223-Final2 uses exactly three simulation
   files: streets.sim, crossings.sim, and cars.sim.
    - ProgrammingWT2223-Final2 USES crossings.sim: ProgrammingWT2223-Final2 uses exactly three
  simulation files: streets.sim, crossings.sim, and cars.sim.
    - ProgrammingWT2223-Final2 RELATES_TO Example networks: ProgrammingWT2223-Final2 relates to a
  set of named example networks (basic, advanced, advanced2, dense, trafficjam) with described
  scenarios.
    - ProgrammingWT2223-Final2 RELATES_TO Expected error messages: ProgrammingWT2223-Final2 relates
  to example error messages including street-capacity, network-not-loaded, and missing-car-id
  messages.
    - ProgrammingWT2223-Final2 RELATES_TO Interactive command interface: ProgrammingWT2223-Final2
  implements an interactive command interface where commands are a keyword plus an optional
  parameter
    - ProgrammingWT2223-Final2 RELATES_TO Straßennetzwerk (Straßen und Straßenknoten):
  ProgrammingWT2223-Final2 models a traffic simulation composed of a street network of roads and
  road nodes
    - ProgrammingWT2223-Final2 RELATES_TO Straßennetzwerk (Straßen und Straßenknoten):
  ProgrammingWT2223-Final2 models a Straßennetzwerk composed of Straßen and Straßenknoten.
    - ProgrammingWT2223-Final2 RELATES_TO Autos: ProgrammingWT2223-Final2 includes cars that drive
  on roads and dynamically interact with each other; ProgrammingWT2223-Final2 includes Autos that
  drive on streets and interact dynamically.
    - ProgrammingWT2223-Final2 RELATES_TO Modell und Ausführungslogik: ProgrammingWT2223-Final2's
  simulation comprises a model and an execution logic that updates the model stepwise
    - ProgrammingWT2223-Final2 RELATES_TO Traffic simulation model and execution logic:
  ProgrammingWT2223-Final2 defines a traffic simulation as a model plus execution logic.
    - ProgrammingWT2223-Final2 RELATES_TO Verkehrssimulation: ProgrammingWT2223-Final2 relates to
  the design and implementation of a traffic simulation (Verkehrssimulation).
    - ProgrammingWT2223-Final2 RELATES_TO Straßen: ProgrammingWT2223-Final2 models Straßen as
  unidirectional elements connecting exactly two different Straßenknoten (start → end).
    - ProgrammingWT2223-Final2 RELATES_TO Straßenknoten: ProgrammingWT2223-Final2 models
  Straßenknoten with up to four incoming and four outgoing streets, at least one incoming and one
  outgoing, where connection order matters and crossing a node costs no time.
    - ProgrammingWT2223-Final2 RELATES_TO Wunschrichtung rotation: ProgrammingWT2223-Final2 defines
  cars' Wunschrichtung rotation: start at first outgoing street, increment after each turn (wrap
  after fourth), skip non-existent streets but still increment the internal counter.
    - ProgrammingWT2223-Final2 RELATES_TO Kreisel / Kreuzung: ProgrammingWT2223-Final2 defines two
  node kinds: Kreisel (simultaneous crossing from all incoming to all outgoing) and Kreuzung
  (traffic-light controlled, only one incoming allowed when green).
    - ProgrammingWT2223-Final2 RELATES_TO Modell und Ausführungslogik (schrittweise Aktualisierung):
   ProgrammingWT2223-Final2's simulation comprises a model and an execution logic that updates the
  model stepwise
    - ProgrammingWT2223-Final2 RELATES_TO Aktualisierungsreihenfolge: Straßen → Kreuzungen
  (aufsteigende IDs): Each Tick the simulation updates all roads first (ascending ID) and then all
  intersections (ascending ID).
  </entity_paths>
  <entity_matches>
    - ProgrammingWT2223-Final2 (score: 1.00) — Course project repository for the traffic simulation
  assignment.
    - Verkehrssimulation (score: 0.86) — Traffic simulation system under design and implementation.
    - streets.sim, crossings.sim, cars.sim (score: 0.82) — The three required simulation input files
   (filenames grouped).
    - Simulationsaufbau Netzvalidierung (keine Kreuzungen ohne Straßen; max Autos pro Straße; leeres
   Netzwerk erlaubt) (score: 0.82) — Validation rules for road network completeness and car counts
  at simulation start.
    - Backlog 680d2676-76b1-4bed-a7cc-4fb7d301688e (score: 0.81) — Backlog document for the
  Verkehrssimulation project with stable ID
  </entity_matches>
  <insights>
    - Agent community around ProgrammingWT2223-Final2, streets.sim, crossings.sim, cars.sim, Java SE
   17 (restricted packages) connects source code constraints, output and error message formatting,
  streets.sim / crossings.sim / cars.sim input files, Interactive command interface. Relevant agent
  facts: ProgrammingWT2223-Final2 relates to a set of named example networks (basic, advanced,
  advanced2, dense, trafficjam) with described scenarios.; ProgrammingWT2223-Final2 relates to
  example error messages including street-capacity, network-not-loaded, and missing-car-id
  messages.; ProgrammingWT2223-Final2 constrains the position output format to exactly "Car [ID] on
  Street [S] with speed [v] and position [P]" and forbids including '>' or '%>' characters.
    - Agent community around Verkehrssimulation, Diskrete Zeitsimulation in Ticks, Modell. Relevant
  agent facts: Time in the simulation is discretized into fixed simulation steps called 'Ticks'.;
  The assignment requires designing and implementing a traffic simulation.; The traffic simulation
  consists of an abstract model and an execution logic that updates the model stepwise.
    - Agent community around Simulationsaufbau Netzvalidierung (keine Kreuzungen ohne Straßen; max
  Autos pro Straße; leeres Netzwerk erlaubt), Diskrete Zeit (Ticks), Speed update formula v_neu =
  min(v_alt + a · (1 Tick), v_wunsch, v_max) connects Institute of Information Security and
  Dependability, Prof. Dr.-Ing. Anne Koziolek, 20 Punkte, Programmieren. Relevant agent facts: The
  assignment document 'task.md' is at version 1.1.; The assignment in 'task.md' is worth 20 points.;
   The document 'task.md' is the assignment titled 'Abschlussaufgabe 2 — Verkehrssimulation'.
    - Agent community around Backlog 680d2676-76b1-4bed-a7cc-4fb7d301688e, Backlog task list
  (scaffolding, domain model, parsing, network, CLI, commands, simulation, testing), Backlog task
  count: 13. Relevant agent facts: Backlog '680d2676-76b1-4bed-a7cc-4fb7d301688e' was created for
  the ProgrammingWT2223-Final2 project; The backlog defines a prioritized task list covering project
   scaffolding, domain model (Street, Crossing/Roundabout, Car), input parsing and validation,
  network construction and car placement, CLI and quit, load and position commands, simulation
  engine (speed update, overtaking, node crossing, wishDirection), simulate command integration,
  error handling, and integration testing; The backlog contains 13 tasks
    - Agent community around examples.md, load load/invalid, position 744 connects Example networks
  (delivered example project), Beispielinteraktion, Example networks in delivered example project.
  Relevant agent facts: examples.md documents that an invalid load ('load load/invalid') produces
  the error 'Street 7 cannot have more than 15 cars.'; examples.md documents that asking 'position'
  for an unknown car (e.g. 'position 744') returns 'Error: There is no car with the identifier
  744.'; examples.md documents that running 'simulate' before any network is loaded yields 'Error:
  Street network is yet to be loaded.'
  </insights>

● adaptive-memory extension active (role=coding, memorySession=20260726-115748-coding) - type
  /memory-help. MCP tools registered (memory=true, backlog=true).

● List directory .
  └ 17 files found

✗ Get Scratchpad (MCP: agentic-memory) · sessionId: "53ac4120-bf85-4972-8969-460310676a74"
  └ MCP server 'agentic-memory': Forbidden.

● Claim Next Task (MCP: agentic-memory) · backlogId: "680d2676-76b1-4bed-a7cc-4fb7d301688e"
  └ Cannot claim the next task — unresolved tasks are blocking:

● [turn-persistence] [turn-persistence] turn_end SKIPPED ai: no assistant message with content



● Read task.md
  └ 1 line read

● List directory src
  └ 2 files found

● Read examples.md
  └ 367 lines read

● Get Tasks (MCP: agentic-memory) · backlogId: "680d2676-76b1-4bed-a7cc-4fb7d301688e"
  └ Output too large to read at once (29.9 KB). Saved to: /var/folders/fs/p8fxyq6...

● Read pom.xml
  └ 31 lines read

● Read checkstyle.xml
  └ 353 lines read

● Search (glob)
  │ "src/**/*.java"
  └ 12 files found

● Read full tasks output (shell)
  │ cat
  │ /var/folders/fs/p8fxyq611_d7_glm0yth2st80000gn/T/1785061597595-copilot-tool-output-ck4jbu.txt
  └ 10 lines…

● [turn-persistence] [turn-persistence] turn_end SKIPPED ai: no assistant message with content

● Read tasks list head (shell)
  │ cat
  │ /var/folders/fs/p8fxyq611_d7_glm0yth2st80000gn/T/1785061597595-copilot-tool-output-ck4jbu.txt |
  │ head -200
  └ 201 lines…

● [turn-persistence] [turn-persistence] turn_end SKIPPED ai: no assistant message with content

● Read tasks list tail (shell)
  │ cat
  │ /var/folders/fs/p8fxyq611_d7_glm0yth2st80000gn/T/1785061597595-copilot-tool-output-ck4jbu.txt |
  │ tail -50
  └ 51 lines…

● [turn-persistence] [turn-persistence] turn_end SKIPPED ai: no assistant message with content



✗ Check for retry tracking data (sql)
  │ SELECT * FROM session_state WHERE key LIKE '%retry%' OR key LIKE '%3e1caeb4%'
  └ Error: no such table: session_state

✗ Get Scratchpad (MCP: agentic-memory) · sessionId: "53ac4120-bf85-4972-8969-460310676a74"
  └ MCP server 'agentic-memory': Forbidden.



● Read Main.java
  │ src/traffic/simulation/Main.java
  └ 50 lines read

● Read Simulation.java
  │ src/traffic/simulation/Simulation.java
  └ 115 lines read

● Read Car.java
  │ src/traffic/simulation/Car.java
  └ 145 lines read

● Read Street.java
  │ src/traffic/simulation/Street.java
  └ 122 lines read

● Read Crossing.java
  │ src/traffic/simulation/Crossing.java
  └ 62 lines read

● Read Node.java
  │ src/traffic/simulation/Node.java
  └ 114 lines read

● Read Roundabout.java
  │ src/traffic/simulation/Roundabout.java
  └ 21 lines read

● Read SimulationException.java
  │ src/traffic/simulation/SimulationException.java
  └ 16 lines read

● [turn-persistence] [turn-persistence] turn_end SKIPPED ai: no assistant message with content

● Read SimulationModel.java
  │ src/traffic/simulation/SimulationModel.java
  └ 186 lines read

● Read SimulationParser.java
  │ src/traffic/simulation/SimulationParser.java
  └ 176 lines read

● Read NetworkBuilder.java
  │ src/traffic/simulation/NetworkBuilder.java
  └ 137 lines read

● Read SimulationEngine.java
  │ src/traffic/simulation/SimulationEngine.java
  └ 323 lines read

● [turn-persistence] [turn-persistence] turn_end SKIPPED ai: no assistant message with content



● List directory files
  └ 6 files found

● Update Task (MCP: agentic-memory) · backlogId: "680d2676-76b1-4bed-a7cc-4fb7d301688e", taskId: "3…
  └ Task "Integration testing with all provided example networks" (3e1caeb4-b2c9-...

● Build the project (shell)
  │ cd /Users/nghalinh2711/Development/student-repos/wt2223final02 && mvn compile -q 2>&1
  └ 1 line…



● Run basic example interaction test (shell)
  │ cd /Users/nghalinh2711/Development/student-repos/wt2223final02 && echo 'load files/basic
  │ position 0
  │ simulate 1
  │ position 0
  │ position 1…
  └ 19 lines…



● Test advanced network with simulate 29 (shell)
  │ cd /Users/nghalinh2711/Development/student-repos/wt2223final02 && echo 'load files/advanced
  │ simulate 29
  │ position 0
  │ position 1
  │ position 3…
  └ 19 lines…



● Read task.md
  └ L1:100 (100 lines read)

● Read task.md
  └ L100:200 (101 lines read)

● [turn-persistence] [turn-persistence] turn_end SKIPPED ai: no assistant message with content



● Edit SimulationEngine.java +2 -8
  └ src/traffic/simulation/SimulationEngine.java



● Rebuild and re-test advanced (shell)
  │ cd /Users/nghalinh2711/Development/student-repos/wt2223final02 && mvn compile -q 2>&1 && echo
  │ 'load files/advanced
  │ simulate 29
  │ position 0
  │ position 1…
  └ 20 lines…



● Search (grep)
  │ "Math.abs"
  └ 1 line found



● Edit SimulationEngine.java +7 -2
  └ src/traffic/simulation/SimulationEngine.java

● Rebuild and re-test advanced with targeted fix (shell)
  │ cd /Users/nghalinh2711/Development/student-repos/wt2223final02 && mvn compile -q 2>&1 && echo
  │ 'load files/advanced
  │ simulate 29
  │ position 0
  │ position 1…
  └ 20 lines…

● [turn-persistence] [turn-persistence] turn_end SKIPPED ai: no assistant message with content



● Check git status for changes (shell)
  │ cd /Users/nghalinh2711/Development/student-repos/wt2223final02 && git --no-pager diff src/
  └ 1 line…

● Check git status including staged (shell)
  │ cd /Users/nghalinh2711/Development/student-repos/wt2223final02 && git --no-pager status src/
  └ 10 lines…

● [turn-persistence] [turn-persistence] turn_end SKIPPED ai: no assistant message with content

● Check recent commits (shell)
  │ cd /Users/nghalinh2711/Development/student-repos/wt2223final02 && git --no-pager log --oneline
  │ -5
  └ 5 lines…

● [turn-persistence] [turn-persistence] turn_end SKIPPED ai: no assistant message with content

● Read SimulationEngine.java
  │ src/traffic/simulation/SimulationEngine.java
  └ 322 lines read

● [turn-persistence] [turn-persistence] turn_end SKIPPED ai: no assistant message with content



● Edit SimulationEngine.java +2 -2
  └ src/traffic/simulation/SimulationEngine.java

● Rebuild and verify basic test still passes (shell)
  │ cd /Users/nghalinh2711/Development/student-repos/wt2223final02 && mvn compile -q 2>&1 && echo
  │ 'load files/basic
  │ simulate 1
  │ position 0
  │ position 1…
  └ 6 lines…

● [turn-persistence] [turn-persistence] turn_end SKIPPED ai: no assistant message with content



● Test advanced with single tick debug (shell)
  │ cd /Users/nghalinh2711/Development/student-repos/wt2223final02 && echo 'load files/advanced
  │ simulate 1
  │ position 0
  │ position 1
  │ position 2…
  └ 19 lines…



● Test advanced with detailed step-by-step ticks (shell)
  │ cd /Users/nghalinh2711/Development/student-repos/wt2223final02 && for t in 1 1 1 1 1 1 1 1; do
  │ echo "simulate 1"; done | cat <(echo 'load files/advanced
  │ position 0
  │ position 1
  │ position 2…
  └ 23 lines…

● Verify 29-tick test with reverted canEnterStreet (shell)
  │ cd /Users/nghalinh2711/Development/student-repos/wt2223final02 && echo 'load files/advanced
  │ simulate 29
  │ position 0
  │ position 1
  │ position 3…
  └ 19 lines…

● [turn-persistence] [turn-persistence] turn_end SKIPPED ai: no assistant message with content



● Trace car 1 position at various tick intervals (shell)
  │ cd /Users/nghalinh2711/Development/student-repos/wt2223final02 && for t in 3 5 10 15 20 29; do
  │ echo "--- tick $t ---"; echo "load files/advanced
  │ simulate $t
  │ position 1
  │ quit" | java -cp target/classes traffic.simulation.Main 2>&1 | grep -v READY; done
  └ 13 lines…



● Edit SimulationEngine.java +29 -20
  └ src/traffic/simulation/SimulationEngine.java

● Rebuild and test basic scenario (shell)
  │ cd /Users/nghalinh2711/Development/student-repos/wt2223final02 && mvn compile -q 2>&1 && echo
  │ 'load files/basic
  │ simulate 1
  │ position 0
  │ position 1…
  └ 18 lines…

● [turn-persistence] [turn-persistence] turn_end SKIPPED ai: no assistant message with content



● Test advanced 29-tick scenario (shell)
  │ cd /Users/nghalinh2711/Development/student-repos/wt2223final02 && echo 'load files/advanced
  │ simulate 29
  │ position 0
  │ position 1
  │ position 3…
  └ 19 lines…



● Trace car positions at various ticks for advanced (shell)
  │ cd /Users/nghalinh2711/Development/student-repos/wt2223final02 && echo "load files/advanced
  │ simulate 6
  │ position 0
  │ position 1
  │ position 2…
  └ 24 lines…



● Run complete example interaction from examples.md (shell)
  │ cd /Users/nghalinh2711/Development/student-repos/wt2223final02 && echo 'load files/basic
  │ position 0
  │ simulate 1
  │ position 0
  │ position 1…
  └ 41 lines…



● List directory target
  └ 5 files found

● Search (glob)
  │ "**/*.jar"
  └ No matches found

● Search (glob)
  │ "**/SimulationFileLoader*"
  └ 1 file found

● Search (glob)
  │ "**/SimulationFileLoader.java"
  └ No matches found

● [turn-persistence] [turn-persistence] turn_end SKIPPED ai: no assistant message with content

● Read README.md
  │ files/README.md
  └ 10 lines read

● [turn-persistence] [turn-persistence] turn_end SKIPPED ai: no assistant message with content



● Edit SimulationEngine.java +17 -16
  └ src/traffic/simulation/SimulationEngine.java

● Rebuild and test basic + advanced (shell)
  │ cd /Users/nghalinh2711/Development/student-repos/wt2223final02 && mvn compile -q 2>&1 && echo
  │ '=== BASIC ===' && echo 'load files/basic
  │ position 0
  │ simulate 1
  │ position 0…
  └ 45 lines…

● [turn-persistence] [turn-persistence] turn_end SKIPPED ai: no assistant message with content



✗ Rubber-duck Review SimulationEngine for bugs
  └ The "rubber-duck" subagent uses a complementary model (a different model family than your
    session), but none is available for your current session model. Pick a specific model for it in
    /subagents, or switch your session model.

● [adaptive-context] GET http://localhost:4444/api/agents/7af7809a-adce-4fa9-9609-fd61059de0ff/sessi
  ons/20260726-115748-coding/context?input=Implement+%22Verkehrssimulation%22+backlog%3A+Project+sca
  ffolding+and+package+structure%3B+Domain+model+%E2%80%94+Street%2C+Node+%28Crossing%2FRoundabout%2
  9%2C+Car%3B+Input+file+parsing+and+validation%3B+Network+construction%2C+validation%2C+and+car+pla
  cement%3B+CLI+framework%2C+command+loop%2C+and+quit+command%3B+Load+command+integration%3B+Positio
  n+command%3B+Simulation+engine+%E2%80%94+car+speed+update+and+basic+movement%3B+Simulation+engine+
  %E2%80%94+overtaking+on+type-2+streets%3B+Simulation+engine+%E2%80%94+node+crossing%2C+traffic+lig
  hts%2C+and+wishDirection%3B+Simulate+command+integration%3B+Comprehensive+error+handling%2C+edge+c
  ases%2C+and+robustness%3B+Integration+testing+with+all+provided+example+networks&project=Programmi
  ngWT2223-Final2&role=coding&task=Implement+backlog+%22Verkehrssimulation%22+in+the+selected+exerci
  se+repository.&timestamp=2026-07-26T10%3A41%3A54.729Z&domain=wt2223final02

● [turn-persistence] [turn-persistence] turn_end SKIPPED ai: no assistant message with content

● [turn-persistence] [turn-persistence] turn_end SKIPPED ai: no assistant message with content


===== wt2223final02 started at 2026-07-28T09:41:59Z =====
PROGRAMMING_DIR=/Users/nghalinh2711/Development/student-repos/wt2223final02
DELIVERY_AGENT_CONTEXT_PROJECT=ProgrammingWT2223-Final2
DELIVERY_AGENT_CONTEXT_DOMAIN=wt2223final02
COMMAND=pnpm delivery:run --exercise --skip-kb-ingestion

$ tsx delivery/run.ts --exercise --skip-kb-ingestion
[delivery:knowledgebase] Skipping guidelines knowledgebase ingestion (--skip-kb-ingestion).

[delivery] Run ID: 20260728-114200
[delivery] Assignment: /Users/nghalinh2711/Development/student-repos/wt2223final02
[delivery] Assignment ID: wt2223final02
[delivery] Coding session: 20260728-114200-coding
[delivery] Requirements session: 20260728-114200-req
[delivery] Requirements log: /Users/nghalinh2711/Development/eval/programming/20260728-114200/requirements-output.log

[delivery] Phase A: Requirements

[delivery:requirements] Exercise stream: 12 turns for wt2223final02 (starting at turn 1)
[delivery:requirements] Output log: /Users/nghalinh2711/Development/eval/programming/20260728-114200/requirements-output.log
[delivery:requirements] Turn 1/12: Introduction
● [adaptive-context] GET http://localhost:4444/api/agents/7af7809a-adce-4fa9-9609-fd61059de0ff/sessi
  ons/20260728-114200-req/context?input=Ich+arbeite+an+einer+Abschluss-Programmieraufgabe.+Ich+werde
  +dir+die+Aufgabe+im+Folgenden+abschnittsweise+%C3%BCbermitteln.+Lies+sie+dir+durch+und+verschaffe+
  dir+zun%C3%A4chst+einen+%C3%9Cberblick+%C3%BCber+den+Kontext%2C+bevor+der+Backlog-+und+Task-Erstel
  lung.+Achte+dabei+unbedingt+auf+die+vorgegebenen+Regeln+und+Richtlinien.&project=ProgrammingWT2223
  -Final2&role=requirements&task=Understand+the+wt2223final02+and+create+its+backlog+when+prompted.&
  timestamp=2026-07-28T09%3A42%3A03.138Z&domain=wt2223final02

● Injected adaptive memory context into system prompt

● <adaptive_rules>
  - Follow all Checkstyle rules; specially marked Checkstyle rules cause automatic zero points if
  violated.
  - Assignment submission is automatically scored zero if any of the mandatory rules listed in the
  document are violated.
  - Mandatory tests must be passed before other tests are evaluated.
  - The Javadoc author tag must contain only the student's u-Kürzel.
  - Submit only your .java files online with the correct folder structure and as individual work.
  - streets.sim lines must follow `[Startknoten]-->[Endknoten]:[Länge]m,[Art]x,[Limit]max` with no
  spaces; [Art] is 1 or 2
  - Choose appropriate visibilities for classes, methods, and attributes.
  - Comments should be written consistently in either English or German.
  - Do not use the default package.
  - Interactive program outputs must match the specification exactly, including case, spaces, and
  line breaks.
  - Program code must be written in English.
  - Program code must compile without errors.
  - Source files must not exceed a maximum line width of 120 characters.
  - Student solutions may only use java.util.Scanner and elements from the packages java.lang,
  java.io, java.util, java.util.regex, java.util.stream and java.util.function.
  - Student solutions must use Java SE 17.
  - System.exit(), Runtime.exit() or similar must not be used.
  - A valid command always consists of a keyword and optionally a space-separated parameter.
  - Crossing green-phase duration (for Dauer>0) must be integer in [3,10] Ticks
  - Error messages must be a single line and contain no line breaks.
  - Error messages must begin with the character sequence 'Error:' with no leading spaces.
  - Error messages must not contain special characters such as line breaks or umlauts.
  - Cars placed on a street at load must respect a minimum distance of 10 m between cars
  - The program must be able to simulate several hundred cars
  - Implementation must not use System.exit() or other excluded functions to implement quit
  - Placeholders in square brackets like [path] are never part of the actual program output.
  - crossings.sim lines must follow `[ID]:[Dauer]t` where Dauer==0 indicates roundabout and Dauer>0
  indicates crossing
  - When filling a street at load the first car is placed at the end; subsequent cars follow with 10
   m spacing
  - Standard input and output streams must never be reassigned.
  - Use System.in for input unless otherwise specified.
  - Use System.out for output unless otherwise specified.
  - During `load` the network must be validated for completeness, correctness and adherence to all
  value ranges
  - File paths passed to `load` must not contain spaces
  - Loading requires three input files in one folder: streets.sim, crossings.sim, cars.sim
  - The program must use the provided SimulationFileLoader class to read the files
  - Do not add personal data other than your u-Kürzel to submissions.
  - cars.sim lines must follow `[ID],[Straße],[v],[a]` with no spaces
  </adaptive_rules>

  <entity_paths>
    - Submission process CONSTRAINT Submit .java files with folder structure in individual work:
  Submit only your .java files online with the correct folder structure and as individual work.
    - Assignment submission CONSTRAINT Violation of mandatory rules leads to zero points: Assignment
   submission is automatically scored zero if any of the mandatory rules listed in the document are
  violated.
    - Assignment submission CONSTRAINT Pass mandatory tests before other tests: Mandatory tests must
   be passed before other tests are evaluated.
    - Student solutions USES Java SE 17: Student solutions must use Java SE 17.
    - Student solutions CONSTRAINT Permitted Java library packages: Student solutions may only use
  java.util.Scanner and elements from the packages java.lang, java.io, java.util, java.util.regex,
  java.util.stream and java.util.function.
    - Student solutions CONSTRAINT Compile without errors: Program code must compile without errors.
    - Student solutions CONSTRAINT Max line width 120 characters: Source files must not exceed a
  maximum line width of 120 characters.
    - Student solutions CONSTRAINT No default package: Do not use the default package.
    - Student solutions CONSTRAINT No System.exit or Runtime.exit: System.exit(), Runtime.exit() or
  similar must not be used.
    - Student solutions CONSTRAINT Exact output matching: Interactive program outputs must match the
   specification exactly, including case, spaces, and line breaks.
    - Student solutions CONSTRAINT Code language must be English: Program code must be written in
  English.
    - Student solutions CONSTRAINT Consistent comment language (English or German): Comments should
  be written consistently in either English or German.
    - Student solutions CONSTRAINT Appropriate visibility for classes/methods/attributes: Choose
  appropriate visibilities for classes, methods, and attributes.
  </entity_paths>
  <entity_matches>
    - Submission process (score: 0.77) — Geben Sie online Ihre `*.java`-Dateien zur Aufgabe A in
  Einzelarbeit mit der entsprechenden Ordnerstruktur im zugehörigen Verzeichnis ab.
    - Assignment submission (score: 0.75) — Sie müssen zuerst die verpflichtenden Tests bestehen,
  bevor die anderen Tests ausgewertet werden können.
    - Submit .java files with folder structure in individual work (score: 0.74) — Geben Sie online
  Ihre `*.java`-Dateien zur Aufgabe A in Einzelarbeit mit der entsprechenden Ordnerstruktur im
  zugehörigen Verzeichnis ab.
    - Compile without errors (score: 0.73) — Achten Sie auf fehlerfrei kompilierenden Programmcode.
    - Student solutions (score: 0.71) — Wählen Sie geeignete Sichtbarkeiten für Ihre Klassen,
  Methoden und Attribute.
  </entity_matches>

● adaptive-memory extension active (role=requirements, memorySession=20260728-114200-req) - type
  /memory-help. MCP tools registered (memory=true, backlog=true).







Changes    +0 -0
Duration   12s
Tokens     ↑ 20.7k (1.3k cached) • ↓ 251 (121 reasoning)
[delivery:requirements] Turn 1/12 complete
[delivery:requirements] Turn 2/12: task.md — segment 1/10 — Abschlussaufgabe 2 — Verkehrssimulation
● [adaptive-context] GET
  http://localhost:4444/api/agents/7af7809a-adce-4fa9-9609-fd61059de0ff/sessions/20260728-114200-req
  /context?input=Dokument%3A+task.md%0ASegment%3A+1%2F10%0AAbschnitt%3A+Abschlussaufgabe+2+%E2%80%94
  +Verkehrssimulation%0A%0ALies+diesen+Abschnitt+sorgf%C3%A4ltig+und+behalte+den+Kontext.+Erstelle+n
  och+keinen+Backlog+und+noch+keine+Tasks.+Warte+damit+bis+zum+abschlie%C3%9Fenden+%2Ffinalize.%0A%0
  A%23+Abschlussaufgabe+2+%E2%80%94+Verkehrssimulation%0A%0A**Vorlesung%3A**+Programmieren%0A**Semes
  ter%3A**+Wintersemester+2022%2F23%0A**Dozent%3A**+Prof.+Dr.-Ing.+Anne+Koziolek%0A**Gruppe%3A**+Ins
  titute+of+Information+Security+and+Dependability%0A**Punkte%3A**+20+Punkte%0A**Version%3A**+1.1&pr
  oject=ProgrammingWT2223-Final2&role=requirements&task=Understand+the+wt2223final02+and+create+its+
  backlog+when+prompted.&timestamp=2026-07-28T09%3A42%3A19.717Z&domain=wt2223final02

● Injected adaptive memory context into system prompt

● <adaptive_rules>
  - The program must be able to simulate several hundred cars
  - streets.sim lines must follow `[Startknoten]-->[Endknoten]:[Länge]m,[Art]x,[Limit]max` with no
  spaces; [Art] is 1 or 2
  - The Javadoc author tag must contain only the student's u-Kürzel.
  - When filling a street at load the first car is placed at the end; subsequent cars follow with 10
   m spacing
  - Choose appropriate visibilities for classes, methods, and attributes.
  - Comments should be written consistently in either English or German.
  - Do not use the default package.
  - Interactive program outputs must match the specification exactly, including case, spaces, and
  line breaks.
  - Program code must be written in English.
  - Program code must compile without errors.
  - Source files must not exceed a maximum line width of 120 characters.
  - Student solutions may only use java.util.Scanner and elements from the packages java.lang,
  java.io, java.util, java.util.regex, java.util.stream and java.util.function.
  - Student solutions must use Java SE 17.
  - System.exit(), Runtime.exit() or similar must not be used.
  - cars.sim lines must follow `[ID],[Straße],[v],[a]` with no spaces
  - crossings.sim lines must follow `[ID]:[Dauer]t` where Dauer==0 indicates roundabout and Dauer>0
  indicates crossing
  - Assignment submission is automatically scored zero if any of the mandatory rules listed in the
  document are violated.
  - Mandatory tests must be passed before other tests are evaluated.
  - During `load` the network must be validated for completeness, correctness and adherence to all
  value ranges
  - File paths passed to `load` must not contain spaces
  - Loading requires three input files in one folder: streets.sim, crossings.sim, cars.sim
  - The program must use the provided SimulationFileLoader class to read the files
  - Crossing green-phase duration (for Dauer>0) must be integer in [3,10] Ticks
  - Submit only your .java files online with the correct folder structure and as individual work.
  - Cars placed on a street at load must respect a minimum distance of 10 m between cars
  - Street nodes may have up to four incoming and four outgoing streets and must have at least one
  incoming and one outgoing street
  - Initial green phase for all crossings is 0 (first connected street has green)
  - Do not add personal data other than your u-Kürzel to submissions.
  - At initialization cars start with speed 0 m/Tick and desired direction 0
  - Errors from SimulationFileLoader must be handled sensibly (e.g., shown as an error message)
  - Follow all Checkstyle rules; specially marked Checkstyle rules cause automatic zero points if
  violated.
  - Implementation must not use System.exit() or other excluded functions to implement quit
  - Pass the path string directly to the SimulationFileLoader constructor; the path string itself
  need not be validated
  - Error messages must be a single line and contain no line breaks.
  - Error messages must begin with the character sequence 'Error:' with no leading spaces.
  - Error messages must not contain special characters such as line breaks or umlauts.
  - Street length must be integer in [10,10000] meters and max speed integer in [5,40] m/Tick
  - Car desired speed must be integer in [20,40] m/Tick and acceleration integer in [1,10] m/Tick²
  - Lengths, distances, speeds, accelerations, and time units must be integers (no fractions)
  - `simulate` must error if ticks is invalid or negative or if called before the first successful
  load
  - Placeholders in square brackets like [path] are never part of the actual program output.
  - Standard input and output streams must never be reassigned.
  - Use System.in for input unless otherwise specified.
  - Use System.out for output unless otherwise specified.
  - A valid network may contain no cars; a network with no nodes, streets, and cars can still be
  valid
  - The `quit` command must terminate the program and must work in every situation
  - A valid command always consists of a keyword and optionally a space-separated parameter.
  </adaptive_rules>

  <entity_paths>
    - Assignment submission CONSTRAINT Violation of mandatory rules leads to zero points: Assignment
   submission is automatically scored zero if any of the mandatory rules listed in the document are
  violated.
    - Assignment submission CONSTRAINT Pass mandatory tests before other tests: Mandatory tests must
   be passed before other tests are evaluated.
    - Submission process CONSTRAINT Submit .java files with folder structure in individual work:
  Submit only your .java files online with the correct folder structure and as individual work.
    - Student solutions USES Java SE 17: Student solutions must use Java SE 17.
    - Student solutions CONSTRAINT Permitted Java library packages: Student solutions may only use
  java.util.Scanner and elements from the packages java.lang, java.io, java.util, java.util.regex,
  java.util.stream and java.util.function.
    - Student solutions CONSTRAINT Compile without errors: Program code must compile without errors.
    - Student solutions CONSTRAINT Max line width 120 characters: Source files must not exceed a
  maximum line width of 120 characters.
    - Student solutions CONSTRAINT No default package: Do not use the default package.
    - Student solutions CONSTRAINT No System.exit or Runtime.exit: System.exit(), Runtime.exit() or
  similar must not be used.
    - Student solutions CONSTRAINT Exact output matching: Interactive program outputs must match the
   specification exactly, including case, spaces, and line breaks.
    - Student solutions CONSTRAINT Code language must be English: Program code must be written in
  English.
    - Student solutions CONSTRAINT Consistent comment language (English or German): Comments should
  be written consistently in either English or German.
    - Student solutions CONSTRAINT Appropriate visibility for classes/methods/attributes: Choose
  appropriate visibilities for classes, methods, and attributes.
  </entity_paths>
  <entity_matches>
    - Assignment submission (score: 0.75) — Sie müssen zuerst die verpflichtenden Tests bestehen,
  bevor die anderen Tests ausgewertet werden können.
    - Submission process (score: 0.72) — Geben Sie online Ihre `*.java`-Dateien zur Aufgabe A in
  Einzelarbeit mit der entsprechenden Ordnerstruktur im zugehörigen Verzeichnis ab.
    - Student solutions (score: 0.70) — Wählen Sie geeignete Sichtbarkeiten für Ihre Klassen,
  Methoden und Attribute.
    - Pass mandatory tests before other tests (score: 0.70) — Sie müssen zuerst die verpflichtenden
  Tests bestehen, bevor die anderen Tests ausgewertet werden können.
    - Submit .java files with folder structure in individual work (score: 0.69) — Geben Sie online
  Ihre `*.java`-Dateien zur Aufgabe A in Einzelarbeit mit der entsprechenden Ordnerstruktur im
  zugehörigen Verzeichnis ab.
  </entity_matches>

● adaptive-memory extension active (role=requirements, memorySession=20260728-114200-req) - type
  /memory-help. MCP tools registered (memory=true, backlog=true).







Changes    +0 -0
Duration   25s
Tokens     ↑ 21.3k (1.3k cached) • ↓ 156 (60 reasoning)
[delivery:requirements] Turn 2/12 complete
[delivery:requirements] Turn 3/12: task.md — segment 2/10 — Abschlussaufgabe 2 — Verkehrssimulation > 1 Verkehrssimulation
● [adaptive-context] GET http://localhost:4444/api/agents/7af7809a-adce-4fa9-9609-fd61059de0ff/sessi
  ons/20260728-114200-req/context?input=Dokument%3A+task.md%0ASegment%3A+2%2F10%0AAbschnitt%3A+Absch
  lussaufgabe+2+%E2%80%94+Verkehrssimulation+%3E+1+Verkehrssimulation%0A%0ALies+diesen+Abschnitt+sor
  gf%C3%A4ltig+und+behalte+den+Kontext.+Erstelle+noch+keinen+Backlog+und+noch+keine+Tasks.+Warte+dam
  it+bis+zum+abschlie%C3%9Fenden+%2Ffinalize.%0A%0A%23%23+1+Verkehrssimulation%0A%0AIn+dieser+Aufgab
  e+geht+es+um+den+Entwurf+und+die+Implementierung+einer+Verkehrssimulation%2C+in+der+Stra%C3%9Fenne
  tzwerke+simuliert+werden.%0ASo+k%C3%B6nnen+unterschiedliche+Szenarien+oder+Verkehrsbedingungen+in+
  einer+kontrollierten+Umgebung+getestet+und+erforscht+werden.%0ADie+Simulation+besteht+aus+einem+Mo
  dell%2C+welches+von+der+Realit%C3%A4t+abstrahiert%2C+und+einer+Ausf%C3%BChrungslogik%2C+welche+das
  +Modell+schrittweise+aktualisiert.%0AEin+*Stra%C3%9Fennetzwerk*+besteht+in+der+Verkehrssimulation+
  aus+*Stra%C3%9Fen*+und+*Stra%C3%9Fenknoten*+%28siehe+%60img%2Fnetwork.png%60%29.%0AAuf+den+Stra%C3
  %9Fen+fahren+*Autos*%2C+die+dynamisch+miteinander+interagieren.%0AHierbei+m%C3%BCssen+mehrere+hund
  ert+Autos+simuliert+werden+k%C3%B6nnen.%0A*Zeit*+wird+diskret+simuliert%2C+also+in+festen+Simulati
  onsschritten+als+Zeiteinheit.%0ADiese+Simulationsschritte+werden+im+Weiteren+als+*Tick*+bezeichnet
  .&project=ProgrammingWT2223-Final2&role=requirements&task=Understand+the+wt2223final02+and+create+
  its+backlog+when+prompted.&timestamp=2026-07-28T09%3A42%3A31.107Z&domain=wt2223final02

● Injected adaptive memory context into system prompt

● <adaptive_rules>
  - streets.sim lines must follow `[Startknoten]-->[Endknoten]:[Länge]m,[Art]x,[Limit]max` with no
  spaces; [Art] is 1 or 2
  - The program must be able to simulate several hundred cars
  - Street nodes may have up to four incoming and four outgoing streets and must have at least one
  incoming and one outgoing street
  - crossings.sim lines must follow `[ID]:[Dauer]t` where Dauer==0 indicates roundabout and Dauer>0
  indicates crossing
  - Cars placed on a street at load must respect a minimum distance of 10 m between cars
  - When filling a street at load the first car is placed at the end; subsequent cars follow with 10
   m spacing
  - cars.sim lines must follow `[ID],[Straße],[v],[a]` with no spaces
  - `simulate` must error if ticks is invalid or negative or if called before the first successful
  load
  - Errors from SimulationFileLoader must be handled sensibly (e.g., shown as an error message)
  - During `load` the network must be validated for completeness, correctness and adherence to all
  value ranges
  - File paths passed to `load` must not contain spaces
  - Loading requires three input files in one folder: streets.sim, crossings.sim, cars.sim
  - The program must use the provided SimulationFileLoader class to read the files
  - The Javadoc author tag must contain only the student's u-Kürzel.
  - Street length must be integer in [10,10000] meters and max speed integer in [5,40] m/Tick
  - A valid network may contain no cars; a network with no nodes, streets, and cars can still be
  valid
  - Choose appropriate visibilities for classes, methods, and attributes.
  - Comments should be written consistently in either English or German.
  - Do not use the default package.
  - Interactive program outputs must match the specification exactly, including case, spaces, and
  line breaks.
  - Program code must be written in English.
  - Program code must compile without errors.
  - Source files must not exceed a maximum line width of 120 characters.
  - Student solutions may only use java.util.Scanner and elements from the packages java.lang,
  java.io, java.util, java.util.regex, java.util.stream and java.util.function.
  - Student solutions must use Java SE 17.
  - System.exit(), Runtime.exit() or similar must not be used.
  - Initial green phase for all crossings is 0 (first connected street has green)
  - Crossing green-phase duration (for Dauer>0) must be integer in [3,10] Ticks
  - Submit only your .java files online with the correct folder structure and as individual work.
  - Car desired speed must be integer in [20,40] m/Tick and acceleration integer in [1,10] m/Tick²
  - Pass the path string directly to the SimulationFileLoader constructor; the path string itself
  need not be validated
  - Assignment submission is automatically scored zero if any of the mandatory rules listed in the
  document are violated.
  - Mandatory tests must be passed before other tests are evaluated.
  - At initialization cars start with speed 0 m/Tick and desired direction 0
  - Lengths, distances, speeds, accelerations, and time units must be integers (no fractions)
  - No crossing may exist without streets (i.e., crossings must be connected to streets)
  - Error messages must be a single line and contain no line breaks.
  - Error messages must begin with the character sequence 'Error:' with no leading spaces.
  - Error messages must not contain special characters such as line breaks or umlauts.
  - Do not add personal data other than your u-Kürzel to submissions.
  - Standard input and output streams must never be reassigned.
  - Use System.in for input unless otherwise specified.
  - Use System.out for output unless otherwise specified.
  - Placeholders in square brackets like [path] are never part of the actual program output.
  - `position` must error for unknown ID or if called before the first successful load
  - Implementation must not use System.exit() or other excluded functions to implement quit
  - Follow all Checkstyle rules; specially marked Checkstyle rules cause automatic zero points if
  violated.
  - Invalid commands (incorrect keyword or parameters) must produce an error message printed to the
  command line.
  - The `quit` command must terminate the program and must work in every situation
  - A valid command always consists of a keyword and optionally a space-separated parameter.
  </adaptive_rules>

  <knowledge>
    - Identifiers are integers in [0, Integer.MAX_VALUE]
    - The `simulate [ticks]` command executes the given number of simulation steps and prints READY
  on success
    - Multiple successful loads are allowed; a successful load replaces the current network
  </knowledge>
  <entity_paths>
    - Assignment submission CONSTRAINT Violation of mandatory rules leads to zero points: Assignment
   submission is automatically scored zero if any of the mandatory rules listed in the document are
  violated.
    - Assignment submission CONSTRAINT Pass mandatory tests before other tests: Mandatory tests must
   be passed before other tests are evaluated.
    - Submission process CONSTRAINT Submit .java files with folder structure in individual work:
  Submit only your .java files online with the correct folder structure and as individual work.
    - Simulation scalability CONSTRAINT Support multiple hundred cars: The program must be able to
  simulate several hundred cars
    - streets.sim format CONSTRAINT `[Startknoten]-->[Endknoten]:[Länge]m,[Art]x,[Limit]max` with no
   spaces; [Art] ∈ {1,2}: streets.sim lines must follow
  `[Startknoten]-->[Endknoten]:[Länge]m,[Art]x,[Limit]max` with no spaces; [Art] is 1 or 2
  </entity_paths>
  <entity_matches>
    - streets.sim, crossings.sim, cars.sim (score: 0.74) — Required input files for a network
    - Assignment submission (score: 0.73) — Sie müssen zuerst die verpflichtenden Tests bestehen,
  bevor die anderen Tests ausgewertet werden können.
    - Submission process (score: 0.71) — Geben Sie online Ihre `*.java`-Dateien zur Aufgabe A in
  Einzelarbeit mit der entsprechenden Ordnerstruktur im zugehörigen Verzeichnis ab.
    - Simulation scalability (score: 0.70) — Required simulation capacity
    - streets.sim format (score: 0.70) — Line format for streets.sim
  </entity_matches>

● adaptive-memory extension active (role=requirements, memorySession=20260728-114200-req) - type
  /memory-help. MCP tools registered (memory=true, backlog=true).







Changes    +0 -0
Duration   38s
Tokens     ↑ 21.7k (1.3k cached) • ↓ 280 (124 reasoning)
[delivery:requirements] Turn 3/12 complete
[delivery:requirements] Turn 4/12: task.md — segment 3/10 — Abschlussaufgabe 2 — Verkehrssimulation > 2 Simulationselemente
● [adaptive-context] GET
  http://localhost:4444/api/agents/7af7809a-adce-4fa9-9609-fd61059de0ff/sessions/20260728-114200-req
  /context?input=Dokument%3A+task.md%0ASegment%3A+3%2F10%0AAbschnitt%3A+Abschlussaufgabe+2+%E2%80%94
  +Verkehrssimulation+%3E+2+Simulationselemente%0A%0ALies+diesen+Abschnitt+sorgf%C3%A4ltig+und+behal
  te+den+Kontext.+Erstelle+noch+keinen+Backlog+und+noch+keine+Tasks.+Warte+damit+bis+zum+abschlie%C3
  %9Fenden+%2Ffinalize.%0A%0A%23%23+2+Simulationselemente%0A%0AIm+Folgenden+werden+die+Elemente+der+
  Simulation+und+deren+Zusammenh%C3%A4nge+beschrieben.%0AAlle+Simulationselemente+haben+einen+*Ident
  ifikator*%2C+der+pro+Elementtyp+eindeutig+ist.%0AEine+Stra%C3%9Fe+und+ein+Auto+k%C3%B6nnen+zum+Bei
  spiel+also+den+gleichen+Identifikator+haben.%0AF%C3%BCr+zwei+Stra%C3%9Fen+ist+das+nicht+m%C3%B6gli
  ch.%0ADer+Identifikator+ist+eine+Ganzzahl+im+Bereich+%5B0%2C+%60Integer.MAX_VALUE%60%5D.%0A%0AL%C3
  %A4ngen%2C+Distanzen%2C+Geschwindigkeiten%2C+Beschleunigungen+und+Zeiteinheiten+sind+im+Rahmen+der
  +Simulation+*nicht*+mit+Nachkommagenauigkeit+simuliert.%0ADas+hei%C3%9Ft%2C+die+diese+Werte+sind+i
  mmer+Ganzzahlen+der+angegebenen+Einheiten.%0A%0A%23%23%23+2.1+Stra%C3%9Fen%0A%0AStra%C3%9Fen+werde
  n+in+der+Simulation+*unidirektional*+modelliert.%0ASomit+ist+die+Gegenrichtung+einer+Stra%C3%9Fe+i
  n+der+echten+Welt%2C+in+der+Simulation+eine+andere+Stra%C3%9Fe%2C+deren+Eigenschaften+unabh%C3%A4n
  gig+von+der+urspr%C3%BCnglichen+Stra%C3%9Fe+ist.%0AEine+Stra%C3%9Fe+ist+immer+mit+genau+zwei+versc
  hiedenen+Stra%C3%9Fenknoten+verbunden%2C+einem+Start-+und+einem+Endknoten.%0AAutos+k%C3%B6nnen+auf
  +einer+Stra%C3%9Fe+nur+vom+Startknoten+zum+Endknoten+fahren.%0A%0AStra%C3%9Fen+haben+folgende+Eige
  nschaften%3A%0A%0A-+eine+L%C3%A4nge+in+Meter+%5Bm%5D+%28minimal+10%2C+maximal+10000%29%0A-+eine+Ma
  ximalgeschwindigkeit+in+Meter+pro+Tick+%5Bm%2FTick%5D+%28minimal+5%2C+maximal+40%29%0A-+eine+Stra%
  C3%9Fenart+%28*einspurig*+oder+*mit+%C3%9Cberholspur*%29%0A%0A**Einspurige+Stra%C3%9Fen**%0AAuf+ei
  nspurigen+Stra%C3%9Fen+k%C3%B6nnen+Autos+nicht+%C3%BCberholen+bzw.+%C3%BCberholt+werden.%0ADie+Rei
  henfolge+der+Autos+auf+einer+solchen+Stra%C3%9Fe+kann+sich+deshalb+nicht+%C3%A4ndern%2C+abgesehen+
  davon%2C+dass+Autos+die+Stra%C3%9Fe+verlassen+oder+betreten.%0A%0A**Stra%C3%9Fen+mit+%C3%9Cberhols
  pur**%0AStra%C3%9Fen+mit+%C3%9Cberholspur+haben%2C+wie+auch+einspurige+Stra%C3%9Fen%2C+nur+eine+Fa
  hrspur.%0AJedoch+kann+ein+Auto+das+vorausfahrende+Auto+%C3%BCberholen%2C+vorausgesetzt+alle+Abstan
  dsregeln+%28siehe+Abschnitt+**Aktualisierung+einer+Stra%C3%9Fe**%29+erm%C3%B6glichen+dies.%0A%0A%2
  3%23%23+2.2+Stra%C3%9Fenknoten%0A%0AEin+Stra%C3%9Fenknoten+verbindet+Stra%C3%9Fen+im+Netzwerk.%0AJ
  eder+Stra%C3%9Fenknoten+kann+bis+zu+vier+eingehende+und+bis+zu+vier+ausgehenden+Stra%C3%9Fen+haben
  .%0AJeder+Knoten+muss+aber+mindestens+eine+eingehende+und+eine+ausgehende+Stra%C3%9Fe+haben.%0AAut
  os%2C+die+den+Stra%C3%9Fenknoten+%C3%BCberqueren%2C+fahren+immer+von+einer+eingehenden+Stra%C3%9Fe
  +zu+einer+ausgehenden+Stra%C3%9Fe.%0AUm+die+Simulation+zu+vereinfachen%2C+werden+die+Knoten+als+Pu
  nkte+interpretiert%2C+deren+%C3%9Cberquerung+keine+Zeit+kostet.%0AAutos+werden+also+von+dem+Ende+e
  iner+Stra%C3%9Fe+direkt+zu+Beginn+der+n%C3%A4chsten+versetzt.%0ADie+Reihenfolge%2C+in+der+Stra%C3%
  9Fen+mit+einem+Knoten+verbunden+werden%2C+ist+relevant+f%C3%BCr+die+Simulation.%0AEs+gibt+zwei+Art
  en+von+Stra%C3%9Fenknoten%3A+*Kreisel*+und+*Kreuzungen*.%0A%0A**Kreisel**%0AEin+Kreisel+ist+ein+St
  ra%C3%9Fenknoten%2C+bei+dem+Autos+von+allen+eingehenden+Stra%C3%9Fen+gleichzeitig+den+Knoten+zu+al
  len+ausgehenden+Stra%C3%9Fen+%C3%BCberqueren+k%C3%B6nnen.+Autos+behindern+sich+also+nicht+beim+%C3
  %9Cberqueren+des+Kreisels.%0A%0A**Kreuzung**%0AKreuzungen+sind+Stra%C3%9Fenknoten+mit+Ampeln%2C+be
  i+dem+immer+nur+die+Autos+einer+eingehenden+Stra%C3%9Fe+den+Knoten+%C3%BCberqueren+d%C3%BCrfen.%0A
  Dabei+handelt+es+sich+um+die+Stra%C3%9Fe%2C+deren+Ampel+gr%C3%BCn+ist.%0AKreuzungen+haben+folgende
  +Eigenschaften%3A%0A%0A-+eine+Gr%C3%BCnphasendauer+in+Ticks+%5BTick%5D+%28minimal+3%2C+maximal+10%
  29%0A-+ein+Gr%C3%BCnphasenindikator%2C+der+angibt%2C+welche+eingehende+Stra%C3%9Fe+gr%C3%BCn+hat.%
  0A%0AStra%C3%9Fen+bekommen+in+der+Reihenfolge+gr%C3%BCn%2C+in+der+sie+mit+der+Kreuzung+verbunden+w
  urden.%0AZuerst+hat+also+die+zuerst+verbundene+Stra%C3%9Fe+gr%C3%BCn%2C+danach+die+zweite.%0AHatte
  n+alle+eingehenden+Stra%C3%9Fen+gr%C3%BCn%2C+bekommt+als+N%C3%A4chstes+wieder+die+erste+Stra%C3%9F
  e+gr%C3%BCn.%0A%0A%23%23%23+2.3+Autos%0A%0AAutos+befinden+sich+immer+genau+auf+einer+Stra%C3%9Fe.%
  0AAutos+befinden+sich+insbesondere+nie+auf+einem+Stra%C3%9Fenknoten.%0AIn+der+Simulation+werden+Au
  tos+als+Punkte+dargestellt%2C+sie+haben+also+eine+L%C3%A4nge+von+0+Metern.%0AAllerdings+muss+jedes
  +Auto+immer+mindestens+10+Meter+Abstand+zum+n%C3%A4chsten+vorher+fahrenden+Auto+halten.%0AAuf+eine
  r+Stra%C3%9Fe+mit+50+Meter+L%C3%A4nge+passen+also+bis+zu+sechs+Autos.%0ADer+Mindestabstand+gilt+au
  ch+f%C3%BCr+das+%C3%9Cberqueren+eines+Stra%C3%9Fenknotens.%0AEin+Auto+kann+also+einen+Stra%C3%9Fen
  knoten+nur+dann+in+eine+ausgehende+Stra%C3%9Fe+%C3%BCberqueren%2C+wenn+das+n%C3%A4chste+Auto+diese
  r+Stra%C3%9Fe+mindestens+10+Meter+auf+dieser+Stra%C3%9Fe+gefahren+ist.%0AUm+vom+Startknoten+bis+zu
  m+Endknoten+einer+Stra%C3%9Fe+zu+fahren%2C+muss+ein+Auto+die+gesamte+L%C3%A4nge+der+Stra%C3%9Fe+ge
  fahren+haben.%0ADies+geschieht+abh%C3%A4ngig+von+der+aktuellen+Geschwindigkeit+des+Autos+und+folge
  nden+Eigenschaften+des+Autos%3A%0A%0A-+eine+Wunschgeschwindigkeit+im+Meter+pro+Tick+%5Bm%2FTick%5D
  +%28minimal+20%2C+maximal+40%29%0A-+eine+Beschleunigung+in+Meter+pro+Tick%C2%B2+%5Bm%2FTick%C2%B2%
  5D+%28minimal+1%2C+maximal+10%29%0A%0AZudem+haben+Autos+eine+Wunschrichtung.%0ADie+Wunschrichtung+
  gibt+an%2C+auf+welche+ausgehende+Stra%C3%9Fe+das+Auto+bei+dem+n%C3%A4chsten+Stra%C3%9Fenknoten+abb
  iegen+will.%0AZuerst+will+ein+Auto+immer+auf+die+erste+ausgehende+Stra%C3%9Fe+%28in+der+Reihenfolg
  e%2C+in+der+die+Stra%C3%9Fen+zum+Knoten+hinzugef%C3%BCgt+wurden%29+abbiegen.%0ANach+jedem+Abbiegev
  organg+wird+die+Wunschrichtung+erh%C3%B6ht.%0ANach+dem+vierten+Abbiegevorgang+ist+die+Wunschrichtu
  ng+wieder+die+erste+Stra%C3%9Fe.%0AHat+ein+Stra%C3%9Fenknoten+weniger+ausgehende+Stra%C3%9Fen+als+
  maximal+m%C3%B6glich%2C+kann+es+sein%2C+dass+die+gew%C3%BCnschte+n-te+Stra%C3%9Fe+nicht+existiert.
  %0AIn+diesem+Fall+wird+die+n%C3%A4chste+existierende+Stra%C3%9Fe+in+der+Rotation+gew%C3%A4hlt.%0AD
  ennoch+wird+die+Wunschrichtung+f%C3%BCr+den+n%C3%A4chsten+Abbiegevorgang+so+erh%C3%B6ht%2C+als+ob+
  die+Stra%C3%9Fe+existiert+h%C3%A4tte.%0A%0A*Beispiel%3A+Die+Wunschrichtung+ist+die+vierte+Stra%C3%
  9Fe.+Allerdings+hat+der+Stra%C3%9Fenknoten+nur+drei+ausgehende+Stra%C3%9Fen.+Deshalb+biegt+das+Aut
  o+auf+die+erste+Stra%C3%9Fe+ab.+Nach+dem+Abbiegen+ist+die+neue+Wunschrichtung+die+erste+Stra%C3%9F
  e.*&project=ProgrammingWT2223-Final2&role=requirements&task=Understand+the+wt2223final02+and+creat
  e+its+backlog+when+prompted.&timestamp=2026-07-28T09%3A42%3A47.197Z&domain=wt2223final02

● adaptive-memory extension active (role=requirements, memorySession=20260728-114200-req) - type
  /memory-help. MCP tools registered (memory=true, backlog=true).







Changes    +0 -0
Duration   1m 10s
Tokens     ↑ 22.0k (1.3k cached) • ↓ 1.1k (872 reasoning)
[delivery:requirements] Turn 4/12 complete
[delivery:requirements] Turn 5/12: task.md — segment 4/10 — Abschlussaufgabe 2 — Verkehrssimulation > 3 Simulationsaufbau
● [adaptive-context] GET http://localhost:4444/api/agents/7af7809a-adce-4fa9-9609-fd61059de0ff/sessi
  ons/20260728-114200-req/context?input=Dokument%3A+task.md%0ASegment%3A+4%2F10%0AAbschnitt%3A+Absch
  lussaufgabe+2+%E2%80%94+Verkehrssimulation+%3E+3+Simulationsaufbau%0A%0ALies+diesen+Abschnitt+sorg
  f%C3%A4ltig+und+behalte+den+Kontext.+Erstelle+noch+keinen+Backlog+und+noch+keine+Tasks.+Warte+dami
  t+bis+zum+abschlie%C3%9Fenden+%2Ffinalize.%0A%0A%23%23+3+Simulationsaufbau%0A%0AZu+Beginn+der+Simu
  lation+wird+das+Stra%C3%9Fennetzwerk+aufgebaut.%0ADabei+wird+gepr%C3%BCft%2C+ob+das+Netzwerk+volls
  t%C3%A4ndig+ist.%0ASo+darf+es+zum+Beispiel+keine+Kreuzungen+ohne+Stra%C3%9Fen+geben.%0AZudem+d%C3%
  BCrfen+nicht+zu+viele+Autos+auf+eine+Stra%C3%9Fe+gesetzt+werden.%0AEin+Netzwerk+ohne+Autos+kann+tr
  otzdem+valide+sein.+Ein+Netzwerk%2C+das+weder+Knoten%2C+noch+Stra%C3%9Fen%2C+noch+Autos+hat+z%C3%A
  4hlt+auch+als+valide.%0A%0AAuch+alle+anderen+Einschr%C3%A4nkungen+aus+Abschnitt+**Simulationseleme
  nte**+m%C3%BCssen+beachtet+werden.%0ADer+Gr%C3%BCnphasenindikator+einer+Kreuzung+indiziert+eingehe
  nde+Stra%C3%9Fen+in+der+Reihenfolge%2C+wie+die+Stra%C3%9Fen+der+Kreuzung+hinzugef%C3%BCgt+wurden.%
  0AWegen+der+Wunschrichtung+von+Autos+gilt+dies+ebenfalls+f%C3%BCr+die+ausgehende+Stra%C3%9Fen.%0A%
  0ADie+Stra%C3%9Fen+werden+vom+Ende+aus+mit+ihren+Autos+bef%C3%BCllt.%0ADazu+wird+das+erste+Auto+au
  f+das+Ende+der+Stra%C3%9Fe+gesetzt.%0ADanach+werden+alle+anderen+Autos+mit+dem+Mindestabstand+von+
  10+Metern+dahinter+eingereiht.%0AEine+Stra%C3%9Fe+mit+70+Metern+L%C3%A4nge+und+f%C3%BCnf+Autos+hat
  +nach+dem+Aufbau+alle+Autos+auf+den+letzten+40+Metern+der+Stra%C3%9Fe+%28siehe+%60img%2Fplacing-ca
  rs.png%60%29.+Auf+der+Stra%C3%9Fe+k%C3%B6nnen+sich+maximal+8+Autos+gleichzeitig+befinden.%0A%0AZu+
  Beginn+haben+die+Autos+die+Geschwindigkeit+0+m%2FTick.%0ADie+initiale+Wunschrichtung+aller+Autos+h
  at+den+Wert+0.%0ADie+Gr%C3%BCnphase+aller+Kreuzungen+hat+ebenso+den+Wert+0.&project=ProgrammingWT2
  223-Final2&role=requirements&task=Understand+the+wt2223final02+and+create+its+backlog+when+prompte
  d.&timestamp=2026-07-28T09%3A43%3A15.612Z&domain=wt2223final02

● Injected adaptive memory context into system prompt

● <adaptive_rules>
  - streets.sim lines must follow `[Startknoten]-->[Endknoten]:[Länge]m,[Art]x,[Limit]max` with no
  spaces; [Art] is 1 or 2
  - When filling a street at load the first car is placed at the end; subsequent cars follow with 10
   m spacing
  - The program must be able to simulate several hundred cars
  - Cars placed on a street at load must respect a minimum distance of 10 m between cars
  - At initialization cars start with speed 0 m/Tick and desired direction 0
  - crossings.sim lines must follow `[ID]:[Dauer]t` where Dauer==0 indicates roundabout and Dauer>0
  indicates crossing
  - Initial green phase for all crossings is 0 (first connected street has green)
  - Car desired speed must be integer in [20,40] m/Tick and acceleration integer in [1,10] m/Tick²
  - No crossing may exist without streets (i.e., crossings must be connected to streets)
  - cars.sim lines must follow `[ID],[Straße],[v],[a]` with no spaces
  - Street length must be integer in [10,10000] meters and max speed integer in [5,40] m/Tick
  - During `load` the network must be validated for completeness, correctness and adherence to all
  value ranges
  - File paths passed to `load` must not contain spaces
  - Loading requires three input files in one folder: streets.sim, crossings.sim, cars.sim
  - The program must use the provided SimulationFileLoader class to read the files
  - Choose appropriate visibilities for classes, methods, and attributes.
  - Comments should be written consistently in either English or German.
  - Do not use the default package.
  - Interactive program outputs must match the specification exactly, including case, spaces, and
  line breaks.
  - Program code must be written in English.
  - Program code must compile without errors.
  - Source files must not exceed a maximum line width of 120 characters.
  - Student solutions may only use java.util.Scanner and elements from the packages java.lang,
  java.io, java.util, java.util.regex, java.util.stream and java.util.function.
  - Student solutions must use Java SE 17.
  - System.exit(), Runtime.exit() or similar must not be used.
  - The Javadoc author tag must contain only the student's u-Kürzel.
  - Street nodes may have up to four incoming and four outgoing streets and must have at least one
  incoming and one outgoing street
  - `simulate` must error if ticks is invalid or negative or if called before the first successful
  load
  - A valid network may contain no cars; a network with no nodes, streets, and cars can still be
  valid
  - Errors from SimulationFileLoader must be handled sensibly (e.g., shown as an error message)
  - Crossing green-phase duration (for Dauer>0) must be integer in [3,10] Ticks
  - Submit only your .java files online with the correct folder structure and as individual work.
  - Lengths, distances, speeds, accelerations, and time units must be integers (no fractions)
  - Pass the path string directly to the SimulationFileLoader constructor; the path string itself
  need not be validated
  - Assignment submission is automatically scored zero if any of the mandatory rules listed in the
  document are violated.
  - Mandatory tests must be passed before other tests are evaluated.
  - Follow all Checkstyle rules; specially marked Checkstyle rules cause automatic zero points if
  violated.
  - Implementation must not use System.exit() or other excluded functions to implement quit
  - Invalid commands (incorrect keyword or parameters) must produce an error message printed to the
  command line.
  - Do not add personal data other than your u-Kürzel to submissions.
  - Error messages must be a single line and contain no line breaks.
  - Error messages must begin with the character sequence 'Error:' with no leading spaces.
  - Error messages must not contain special characters such as line breaks or umlauts.
  - Placeholders in square brackets like [path] are never part of the actual program output.
  - Standard input and output streams must never be reassigned.
  - Use System.in for input unless otherwise specified.
  - Use System.out for output unless otherwise specified.
  - Identifiers are integers in [0, Integer.MAX_VALUE]
  - The `quit` command must terminate the program and must work in every situation
  - `position` must error for unknown ID or if called before the first successful load
  </adaptive_rules>

  <memories>
    - The file task.md contains the assignment "Abschlussaufgabe 2 — Verkehrssimulation"
    - The assignment is for Wintersemester 2022/23
    - Prof. Dr.-Ing. Anne Koziolek is the instructor for the assignment
    - The assignment is for the course "Programmieren"
  </memories>
  <knowledge>
    - A valid command always consists of a keyword and optionally a space-separated parameter.
    - The `simulate [ticks]` command executes the given number of simulation steps and prints READY
  on success
    - Multiple successful loads are allowed; a successful load replaces the current network
    - The `load [path]` command loads the network from three files in the specified folder and
  prints READY on success
  </knowledge>
  <entity_paths>
    - Assignment submission CONSTRAINT Violation of mandatory rules leads to zero points: Assignment
   submission is automatically scored zero if any of the mandatory rules listed in the document are
  violated.
    - Assignment submission CONSTRAINT Pass mandatory tests before other tests: Mandatory tests must
   be passed before other tests are evaluated.
    - streets.sim format CONSTRAINT `[Startknoten]-->[Endknoten]:[Länge]m,[Art]x,[Limit]max` with no
   spaces; [Art] ∈ {1,2}: streets.sim lines must follow
  `[Startknoten]-->[Endknoten]:[Länge]m,[Art]x,[Limit]max` with no spaces; [Art] is 1 or 2
    - Street filling order CONSTRAINT First car at end; further cars spaced 10 m: When filling a
  street at load the first car is placed at the end; subsequent cars follow with 10 m spacing
    - Car spacing at load CONSTRAINT Minimum distance 10 m: Cars placed on a street at load must
  respect a minimum distance of 10 m between cars
  </entity_paths>
  <entity_matches>
    - streets.sim, crossings.sim, cars.sim (score: 0.76) — Required input files for a network
    - Assignment submission (score: 0.74) — Sie müssen zuerst die verpflichtenden Tests bestehen,
  bevor die anderen Tests ausgewertet werden können.
    - streets.sim format (score: 0.72) — Line format for streets.sim
    - Street filling order (score: 0.71) — How cars are placed on a street during load
    - Car spacing at load (score: 0.71) — Minimum distance between cars on a street
  </entity_matches>

● adaptive-memory extension active (role=requirements, memorySession=20260728-114200-req) - type
  /memory-help. MCP tools registered (memory=true, backlog=true).







Changes    +0 -0
Duration   1m 24s
Tokens     ↑ 24.2k (1.3k cached) • ↓ 424 (272 reasoning)
[delivery:requirements] Turn 5/12 complete
[delivery:requirements] Turn 6/12: task.md — segment 5/10 — Abschlussaufgabe 2 — Verkehrssimulation > 4 Simulationsschritte
● [adaptive-context] GET
  http://localhost:4444/api/agents/7af7809a-adce-4fa9-9609-fd61059de0ff/sessions/20260728-114200-req
  /context?input=Dokument%3A+task.md%0ASegment%3A+5%2F10%0AAbschnitt%3A+Abschlussaufgabe+2+%E2%80%94
  +Verkehrssimulation+%3E+4+Simulationsschritte%0A%0ALies+diesen+Abschnitt+sorgf%C3%A4ltig+und+behal
  te+den+Kontext.+Erstelle+noch+keinen+Backlog+und+noch+keine+Tasks.+Warte+damit+bis+zum+abschlie%C3
  %9Fenden+%2Ffinalize.%0A%0A%23%23+4+Simulationsschritte%0A%0AEin+Simulationsschritt+entspricht+ein
  em+Tick.%0AIn+diesem+Schritt+wird+das+Modell+der+Simulation+aktualisiert.%0AHierbei+k%C3%B6nnen+si
  ch+Autos+bewegen+und+Gr%C3%BCnphasen+werden+gegebenenfalls+angepasst.%0AEin+Simulationsschritt+%C3
  %BCberf%C3%BChrt+das+Stra%C3%9Fennetzwerk+also+von+einem+validen+Ausgangszustand+immer+in+einen+va
  liden+Folgezustand.%0ADie+Aktualisierung+l%C3%A4uft+in+folgender+Reihenfolge+ab%3A%0A%0A1.+Aktuali
  sierung+aller+Stra%C3%9Fen+aufsteigend+dem+Identifikator+nach%0A2.+Aktualisierung+aller+Kreuzungen
  +aufsteigend+dem+Identifikator+nach%0A%0AZum+Beispiel+werden+in+einem+Netzwerk+mit+den+Stra%C3%9Fe
  n+S%3Csub%3E0%3C%2Fsub%3E+und+S%3Csub%3E1%3C%2Fsub%3E+sowie+den+Kreuzungen+K%3Csub%3E0%3C%2Fsub%3E
  +und+K%3Csub%3E1%3C%2Fsub%3E+die+Elemente+in+der+Reihenfolge+%28S%3Csub%3E0%3C%2Fsub%3E%2C+S%3Csub
  %3E1%3C%2Fsub%3E%2C+K%3Csub%3E0%3C%2Fsub%3E%2C+K%3Csub%3E1%3C%2Fsub%3E%29+aktualisiert+%28die+Numm
  ern+entsprechen+dem+Identifikator%29.%0AIm+Folgenden+werden+die+einzelnen+Teilabl%C3%A4ufe+des+Sim
  ulationsschrittes+n%C3%A4her+beschrieben.%0A%0A%23%23%23+4.1+Aktualisierung+einer+Stra%C3%9Fe%0A%0
  AInnerhalb+einer+Stra%C3%9Fe+werden+alle+Autos+in+ihrer+Reihenfolge+von+hinten+%28Endknoten%29+nac
  h+vorne+%28Startknoten%29+aktualisiert.%0A%0ADie+Bewegung+eines+Autos+in+einem+Tick+f%C3%BCr+versc
  hiedene+F%C3%A4lle+abh%C3%A4ngig+von+Wunschgeschwindigkeit+%28v%3Csub%3Ewunsch%3C%2Fsub%3E%29%2C+B
  eschleunigung+%28a%29%2C+aktueller+Geschwindigkeit+%28v%3Csub%3Ealt%3C%2Fsub%3E%29+sowie+Maximalge
  schwindigkeit+%28v%3Csub%3Emax%3C%2Fsub%3E%29+ist+in+%60img%2Fsteps_1.png%60%2F%60img%2Fsteps_2.pn
  g%60+dargestellt.+Nach+Abschluss+des+Ticks+steht+das+Auto+an+Position+A%27.%0A%0AIm+Rahmen+einer+A
  ktualisierung+eines+Autos+wird+zuerst+die+Geschwindigkeit+angepasst.%0ADann+wird+das+Auto+gegebene
  nfalls+bewegt.%0AZur+Aktualisierung+der+Geschwindigkeit+wird+die+Formel+%60v_neu+%3D+min%28v_alt+%
  2B+a+%C2%B7+%281+Tick%29%2C+v_wunsch%2C+v_max%29%60+verwendet.%0AHierbei+ist+v%3Csub%3Eneu%3C%2Fsu
  b%3E+die+neue+Geschwindigkeit+des+Autos%2C+v%3Csub%3Ealt%3C%2Fsub%3E+die+bisherige+Geschwindigkeit
  +des+Autos%2C+v%3Csub%3Ewunsch%3C%2Fsub%3E+die+Wunschgeschwindigkeit+des+Autos%2C+v%3Csub%3Emax%3C
  %2Fsub%3E+die+Maximalgeschwindigkeit+der+Stra%C3%9Fe+und+a+die+Beschleunigung+des+Autos.%0ADie+Ges
  chwindigkeit+eines+vorausfahrenden+Autos+beeinflusst+nicht+die+Aktualisierung+der+Geschwindigkeit.
  %0A%0AJedes+Auto+bewegt+sich+dann+entsprechend+der+angepassten+Geschwindigkeit+auf+der+Stra%C3%9Fe
  +nach+vorne+%28siehe+%60img%2Fsteps_1.png%60%2F%60img%2Fsteps_2.png%60%29.%0ADie+Bewegung+kann+abe
  r+vorzeitig+beendet+werden.%0AJedes+Auto+kann+nur+so+weit+fahren%2C+wie+der+Mindestabstand+es+zul%
  C3%A4sst.%0ADie+Ausnahme+hierbei+ist+das+%C3%9Cberholen+auf+Stra%C3%9Fen+mit+%C3%9Cberholspur.%0AB
  efindet+sich+zum+Beispiel+ein+Auto+mit+einer+angepassten+Geschwindigkeit+von+10+Meter+pro+Tick+all
  ein+auf+einer+Stra%C3%9Fe+mit+15+Metern+Abstand+zum+Ende+der+Stra%C3%9Fe%2C+wird+es+bis+auf+5+Mete
  r+an+das+Ende+der+Stra%C3%9Fe+hinbewegt.%0ABef%C3%A4nde+sich+jedoch+ein+Auto+am+Ende+der+Stra%C3%9
  Fe%2C+w%C3%BCrde+das+fahrende+Auto+nach+5+Metern+stoppen.%0A%0AHat+ein+Auto+das+Ende+der+Stra%C3%9
  Fe+erreicht+und+kann+es+im+aktuellen+Tick+mindestens+noch+einen+Meter+fahren%2C+kann+es+%C3%BCber+
  den+Stra%C3%9Fenknoten+abbiegen+%28abbiegen+bezeichnet+hierbei+das+%C3%9Cberqueren+des+Knotens%2C+
  unabh%C3%A4ngig+von+der+Richtung%29.%0ADies+geht+jedoch%2C+nur+wenn+nach+dem+Abbiegevorgang+auf+de
  r+neuen+Stra%C3%9Fe+der+Mindestabstand+zum+herausfahrenden+Auto+eingehalten+werden+kann.%0ADie+ver
  bleibende+Fahrtstrecke+des+Ticks+kann+nach+dem+Abbiegen+dann+noch+direkt+%28also+noch+w%C3%A4hrend
  +des+aktualisieren+des+Autos%29+auf+der+neuen+Stra%C3%9Fe+weitergefahren+werden.%0AAuch+hier+muss+
  wie+immer+der+Mindestabstand+eingehalten+werden+%28siehe+%60img%2Fturning.png%60%29.%0ADie+Maximal
  geschwindigkeit+der+neuen+Stra%C3%9Fe+wird+hierbei+ignoriert.%0AUnabh%C3%A4ngig+von+der+verbleiben
  den+Fahrtstrecke+darf+ein+Auto+aber+nicht+erneut+abbiegen.%0AEs+bleibt+in+diesem+Fall+also+am+*End
  e*+der+neuen+Stra%C3%9Fe+stehen.%0A%0A%60img%2Fturning.png%60+zeigt+Abbiegevorg%C3%A4nge+eines+Aut
  os+A+auf+die+ausgehenden+Stra%C3%9Fen+eines+Knotens.+Das+Auto+f%C3%A4hrt+mit+der+%28angepassten%29
  +Geschwindigkeit+10+Meter+pro+Tick.+Abbiegen+auf+Position+A%27+ist+nicht+erlaubt.+Abbiegen+auf+A%2
  7%27+und+A%27%27%27+ist+erlaubt.+Der+tats%C3%A4chliche+Abbiegevorgang+h%C3%A4ngt+von+der+Wunschric
  htung+und+dem+Stra%C3%9Fenknoten+ab.%0A%0A%C3%9Cber+Kreisel+darf+immer+abgebogen+werden.%0A%C3%9Cb
  er+Kreuzungen+darf+nur+abgebogen+werden%2C+wenn+die+entsprechende+eingehende+Stra%C3%9Fe+gr%C3%BCn
  +hat.%0A%0AAutos%2C+die+w%C3%A4hrend+der+Aktualisierung+ihrer+Stra%C3%9Fe+auf+eine+andere+Stra%C3%
  9Fe+abgebogen+sind%2C+d%C3%BCrfen+bei+der+Aktualisierung+der+anderen+Stra%C3%9Fe+nicht+erneut+bewe
  gt+werden.+Pro+Simulationsschritt+wird+also+jedes+Auto+nur+einmal+bewegt.%0A%0A%60img%2Fovertaking
  _1.png%60%2F%60img%2Fovertaking_2.png%60+zeigt+eine+%C3%9Cbersicht+%C3%BCber+erlaubte+%28Fall+1%29
  +und+unerlaubte+%28Fall+2-4%29+%C3%9Cberholvorg%C3%A4nge+auf+einer+Stra%C3%9Fe+mit+%C3%9Cberholspu
  r.+Fall+1+ist+nur+erlaubt%2C+falls+zus%C3%A4tzliche+Bedingungen+wie+Restdistanz+im+aktuellen+Tick+
  gegeben+sind.%0A%0ABefindet+sich+ein+Auto+auf+einer+Stra%C3%9Fe+mit+%C3%9Cberholspur%2C+kann+es+da
  s+vorausfahrende+Auto+gegebenenfalls+%C3%BCberholen+%28siehe+%60img%2Fovertaking_1.png%60%2F%60img
  %2Fovertaking_2.png%60%29.%0ADabei+endet+die+Bewegung+nicht+bei+dem+Erreichen+des+Minimalabstandes
  +zum+vorausfahrenden+Auto.%0AStattdessen+wird+das+Auto+weiterbewegt%2C+als+ob+das+vorausfahrende+A
  uto+nicht+existiert.%0ADies+ist+jedoch+nur+m%C3%B6glich%2C+wenn+nach+dem+Ende+der+Bewegung+des+Aut
  os+erneut+alle+Mindestabst%C3%A4nde+%28sowohl+nach+vorne+als+auch+nach+hinten%29+eingehalten+werde
  n+k%C3%B6nnen+%28siehe+Fall+1+und+Fall+3+in+%60img%2Fovertaking_1.png%60%2F%60img%2Fovertaking_2.p
  ng%60%29.%0AEs+kann+hierbei+immer+nur+ein+Auto+%C3%BCberholt+werden+%28siehe+Fall+2%29.%0AWurde+ei
  n+Auto+%C3%BCberholt%2C+kann+das+%C3%BCberholende+Auto+nicht+im+gleichen+Tick+noch+die+Kreuzung+%C
  3%BCberqueren+%28Fall+4%29.%0ADas+bedeutet+%C3%BCber+einen+Stra%C3%9Fenknoten+wird+nie+%C3%BCberho
  lt+und+das+vorderste+Auto+kann+nur+%C3%BCberholt+werden%2C+wenn+das+%C3%BCberholende+Auto+am+Ende+
  der+Stra%C3%9Fe+stehen+bleiben+kann.%0ANach+dem+Abbiegen+darf+beim+Fahren+der+verbleibenden+Fahrts
  trecke+auf+der+neuen+Stra%C3%9Fe+das+Auto+nicht+mehr+%C3%BCberholen.+%C3%9Cberholen+und+Abbiegen+f
  indet+f%C3%BCr+ein+Auto+also+nie+im+gleichen+Tick+statt.%0A%0AWird+ein+Auto+in+einem+Tick+nicht+be
  wegt%2C+wird+die+Geschwindigkeit+des+Autos+nach+der+Geschwindigkeitsanpassung+auf+0+gesetzt.%0ADas
  +reine+Abbiegen+z%C3%A4hlt+hierbei+jedoch+nicht+als+Bewegung.%0ADies+ist+zum+Beispiel+in+einem+Sta
  u+der+Fall%2C+also+wenn+der+Abstand+zum+vorausfahrenden+Auto+bereits+Mindestabstand+entspricht+und
  +nicht+%C3%BCberholt+werden+kann.%0A%0A%23%23%23+4.2+Aktualisierung+einer+Kreuzung%0A%0AZur+Aktual
  isierung+einer+Kreuzung+muss+nur+die+Gr%C3%BCnschaltung+angepasst+werden.%0ADaf%C3%BCr+wird+die+ve
  rbleibende+Dauer+der+aktuellen+Gr%C3%BCnphase+um+einen+Tick+reduziert.%0AIst+die+verbleibende+Daue
  r+dann+0%2C+m%C3%BCssen+die+Ampeln+umgeschaltet+werden.%0ADazu+wird+der+Gr%C3%BCnphasenindikator%2
  C+welcher+angibt%2C+welche+eingehende+Stra%C3%9Fe+gr%C3%BCn+hat%2C+um+eins+erh%C3%B6ht.%0AFalls+er
  +die+letzte+eingehende+Stra%C3%9Fe+indiziert%2C+wird+er+stattdessen+auf+0+gesetzt.%0AAnschlie%C3%9
  Fend+muss+die+Gr%C3%BCnphasendauer+wieder+auf+den+Ausgangswert+der+Kreuzung+gesetzt+werden.&projec
  t=ProgrammingWT2223-Final2&role=requirements&task=Understand+the+wt2223final02+and+create+its+back
  log+when+prompted.&timestamp=2026-07-28T09%3A43%3A30.622Z&domain=wt2223final02

● Injected adaptive memory context into system prompt

● <adaptive_rules>
  - streets.sim lines must follow `[Startknoten]-->[Endknoten]:[Länge]m,[Art]x,[Limit]max` with no
  spaces; [Art] is 1 or 2
  - crossings.sim lines must follow `[ID]:[Dauer]t` where Dauer==0 indicates roundabout and Dauer>0
  indicates crossing
  - Car desired speed must be integer in [20,40] m/Tick and acceleration integer in [1,10] m/Tick²
  - Initial green phase for all crossings is 0 (first connected street has green)
  - Crossing green-phase duration (for Dauer>0) must be integer in [3,10] Ticks
  - Street length must be integer in [10,10000] meters and max speed integer in [5,40] m/Tick
  - When filling a street at load the first car is placed at the end; subsequent cars follow with 10
   m spacing
  - At initialization cars start with speed 0 m/Tick and desired direction 0
  - cars.sim lines must follow `[ID],[Straße],[v],[a]` with no spaces
  - During `load` the network must be validated for completeness, correctness and adherence to all
  value ranges
  - File paths passed to `load` must not contain spaces
  - Loading requires three input files in one folder: streets.sim, crossings.sim, cars.sim
  - The program must use the provided SimulationFileLoader class to read the files
  - Cars placed on a street at load must respect a minimum distance of 10 m between cars
  - No crossing may exist without streets (i.e., crossings must be connected to streets)
  - The program must be able to simulate several hundred cars
  - Street nodes may have up to four incoming and four outgoing streets and must have at least one
  incoming and one outgoing street
  - `simulate` must error if ticks is invalid or negative or if called before the first successful
  load
  - Errors from SimulationFileLoader must be handled sensibly (e.g., shown as an error message)
  - Identifiers are integers in [0, Integer.MAX_VALUE]
  - The Javadoc author tag must contain only the student's u-Kürzel.
  - Choose appropriate visibilities for classes, methods, and attributes.
  - Comments should be written consistently in either English or German.
  - Do not use the default package.
  - Interactive program outputs must match the specification exactly, including case, spaces, and
  line breaks.
  - Program code must be written in English.
  - Program code must compile without errors.
  - Source files must not exceed a maximum line width of 120 characters.
  - Student solutions may only use java.util.Scanner and elements from the packages java.lang,
  java.io, java.util, java.util.regex, java.util.stream and java.util.function.
  - Student solutions must use Java SE 17.
  - System.exit(), Runtime.exit() or similar must not be used.
  - Implementation must not use System.exit() or other excluded functions to implement quit
  - A valid network may contain no cars; a network with no nodes, streets, and cars can still be
  valid
  - Standard input and output streams must never be reassigned.
  - Use System.in for input unless otherwise specified.
  - Use System.out for output unless otherwise specified.
  - Submit only your .java files online with the correct folder structure and as individual work.
  - Assignment submission is automatically scored zero if any of the mandatory rules listed in the
  document are violated.
  - Mandatory tests must be passed before other tests are evaluated.
  - Lengths, distances, speeds, accelerations, and time units must be integers (no fractions)
  - Pass the path string directly to the SimulationFileLoader constructor; the path string itself
  need not be validated
  - Do not add personal data other than your u-Kürzel to submissions.
  - `position` must error for unknown ID or if called before the first successful load
  - Placeholders in square brackets like [path] are never part of the actual program output.
  - Follow all Checkstyle rules; specially marked Checkstyle rules cause automatic zero points if
  violated.
  - The `quit` command must terminate the program and must work in every situation
  - Invalid commands (incorrect keyword or parameters) must produce an error message printed to the
  command line.
  - Error messages must be a single line and contain no line breaks.
  - Error messages must begin with the character sequence 'Error:' with no leading spaces.
  - Error messages must not contain special characters such as line breaks or umlauts.
  </adaptive_rules>

  <memories>
    - The assignment 'Abschnitt: Abschlussaufgabe 2 — Verkehrssimulation' has an allocated score of
  20 Punkte.
    - The file task.md contains the assignment "Abschlussaufgabe 2 — Verkehrssimulation"
    - The assignment 'Abschnitt: Abschlussaufgabe 2 — Verkehrssimulation' is attributed to the group
   'Institute of Information Security and Dependability'.
    - The assignment is for the course "Programmieren"
    - The assignment is for Wintersemester 2022/23
    - Prof. Dr.-Ing. Anne Koziolek is the instructor for the assignment
  </memories>
  <knowledge>
    - A valid command always consists of a keyword and optionally a space-separated parameter.
    - The `simulate [ticks]` command executes the given number of simulation steps and prints READY
  on success
    - Multiple successful loads are allowed; a successful load replaces the current network
  </knowledge>
  <entity_paths>
    - Abschlussaufgabe 2 — Verkehrssimulation CONSTRAINT 20 Punkte: The assignment 'Abschnitt:
  Abschlussaufgabe 2 — Verkehrssimulation' has an allocated score of 20 Punkte.
    - Abschlussaufgabe 2 — Verkehrssimulation RELATES_TO Institute of Information Security and
  Dependability: The assignment 'Abschnitt: Abschlussaufgabe 2 — Verkehrssimulation' is attributed
  to the group 'Institute of Information Security and Dependability'.
    - Crossing initial green phase RELATES_TO Green phase value 0 meaning first connected street
  green: Initial green phase for all crossings is 0 (first connected street has green)
    - Crossing green-phase duration CONSTRAINT Duration ∈ [3,10] ticks; integer-only: Crossing
  green-phase duration (for Dauer>0) must be integer in [3,10] Ticks
    - Crossing connectivity CONSTRAINT No crossings without streets: No crossing may exist without
  streets (i.e., crossings must be connected to streets)
  </entity_paths>
  <entity_matches>
    - Abschlussaufgabe 2 — Verkehrssimulation (score: 0.79) — Assignment title for the traffic
  simulation final task.
    - Crossing initial green phase (score: 0.72) — Initial green-phase state
    - Crossing green-phase duration (score: 0.71) — Allowed green-phase duration for crossings
    - Crossing connectivity (score: 0.70) — Crossings must have streets
    - streets.sim, crossings.sim, cars.sim (score: 0.70) — Required input files for a network
  </entity_matches>
  <insights>
    - Agent community around Abschlussaufgabe 2 — Verkehrssimulation, 20 Punkte, Institute of
  Information Security and Dependability. Relevant agent facts: The file task.md contains the
  assignment "Abschlussaufgabe 2 — Verkehrssimulation"; The assignment 'Abschnitt: Abschlussaufgabe
  2 — Verkehrssimulation' has an allocated score of 20 Punkte.; The assignment 'Abschnitt:
  Abschlussaufgabe 2 — Verkehrssimulation' is attributed to the group 'Institute of Information
  Security and Dependability'.
    - Agent community around task.md, Wintersemester 2022/23, Prof. Dr.-Ing. Anne Koziolek. Relevant
   agent facts: The assignment is for Wintersemester 2022/23; The file task.md contains the
  assignment "Abschlussaufgabe 2 — Verkehrssimulation"; Prof. Dr.-Ing. Anne Koziolek is the
  instructor for the assignment
    - Agent community around Abschlussaufgabe 2 — Verkehrssimulation, 20 Punkte, Institute of
  Information Security and Dependability connects Prof. Dr.-Ing. Anne Koziolek, Programmieren,
  Version: 1.1. Relevant agent facts: The assignment is for Wintersemester 2022/23; The file task.md
   contains the assignment "Abschlussaufgabe 2 — Verkehrssimulation"; Prof. Dr.-Ing. Anne Koziolek
  is the instructor for the assignment
  </insights>

● adaptive-memory extension active (role=requirements, memorySession=20260728-114200-req) - type
  /memory-help. MCP tools registered (memory=true, backlog=true).







Changes    +0 -0
Duration   1m 48s
Tokens     ↑ 26.7k (1.3k cached) • ↓ 761 (447 reasoning)
[delivery:requirements] Turn 6/12 complete
[delivery:requirements] Turn 7/12: task.md — segment 6/10 — Abschlussaufgabe 2 — Verkehrssimulation > 5 Simulationsdateien
● [adaptive-context] GET http://localhost:4444/api/agents/7af7809a-adce-4fa9-9609-fd61059de0ff/sessi
  ons/20260728-114200-req/context?input=Dokument%3A+task.md%0ASegment%3A+6%2F10%0AAbschnitt%3A+Absch
  lussaufgabe+2+%E2%80%94+Verkehrssimulation+%3E+5+Simulationsdateien%0A%0ALies+diesen+Abschnitt+sor
  gf%C3%A4ltig+und+behalte+den+Kontext.+Erstelle+noch+keinen+Backlog+und+noch+keine+Tasks.+Warte+dam
  it+bis+zum+abschlie%C3%9Fenden+%2Ffinalize.%0A%0A%23%23+5+Simulationsdateien%0A%0ADie+Netzwerkstru
  ktur+und+alle+Simulationselemente+werden+aus+Text-Dateien+geladen.%0ADaf%C3%BCr+werden+immer+genau
  +drei+Dateien+ben%C3%B6tigt%3A+die+Datei+*streets.sim*%2C+die+Datei+*crossings.sim*%2C+sowie+die+D
  atei+*cars.sim*.%0ADie+Datei+*streets.sim*+enth%C3%A4lt+Informationen+%C3%BCber+alle+Stra%C3%9Fen%
  2C+inklusive+an+welche+Stra%C3%9Fenknoten+sie+angebunden+sind.%0ADie+Datei+*crossings.sim*+enth%C3
  %A4lt+zus%C3%A4tzlich+Informationen+%C3%BCber+die+Stra%C3%9Fenknoten.%0ADie+Datei+*cars.sim*+enth%
  C3%A4lt+Informationen+%C3%BCber+alle+Autos%2C+inklusive+auf+welcher+Stra%C3%9Fe+sie+starten.%0A%0A
  %23%23%23+5.1+%60SimulationFileLoader%60%0A%0ADie+Klasse+stellt+drei+Methoden+bereit%2C+also+jewei
  ls+eine+pro+Datei.%0ADie+Klasse+erwartet+als+Konstruktor-Parameter+den+Dateipfad%2C+welcher+angibt
  %2C+in+welchem+Ordner+die+Simulationsdateien+liegen.%0ADie+Methoden+lesen+die+Dateien+jeweils+ein+
  und+geben+den+Inhalt+der+Datei+zeilenweise+als+Liste+von+Zeichenketten+zur%C3%BCck.%0AJede+Zeile+i
  st+dabei+das+Eingabeformat+f%C3%BCr+ein+Simulationselement.%0ADer+Inhalt+dieser+Liste%2C+inklusive
  +der+syntaktischen+Korrektheit+des+Eingabeformats%2C+muss+selbst+%C3%BCberpr%C3%BCft+werden.%0ABea
  chten+Sie+die+Javadoc-Kommentare+der+entsprechenden+Methoden.%0A%0A%23%23%23+5.2+Eingabeformat%0A%
  0AIm+Folgenden+wird+das+Eingabeformat+f%C3%BCr+alle+drei+Dateien+diskutiert.%0APlatzhalter+f%C3%BC
  r+Werte+werden+dabei+mit+eckigen+Klammern+gekennzeichnet%3A+%60%5BPlatzhalter%5D%60.%0A%0A*Hinweis
  %3A*+Stra%C3%9Fen+sind+die+einzigen+Simulationselemente%2C+welche+keine+expliziten+Identifikatoren
  +im+Eingabeformat+besitzen.+Hier+m%C3%BCssen+die+Identifikatoren+deshalb+dynamisch+vergeben+werden
  .+Dies+geschieht+in+der+Einlesereihenfolge+%28also+in+der+Datei+*streets.sim*+von+oben+nach+unten%
  29+startend+mit+dem+Identifikator+%600%60.%0A%0A**Stra%C3%9Fen**+haben+das+folgende+Eingabeformat+
  %28keine+Leerzeichen%29%3A%0A%0A%60%5BStartknoten%5D--%3E%5BEndknoten%5D%3A%5BL%C3%A4nge%5Dm%2C%5B
  Art%5Dx%2C%5BLimit%5Dmax%60%0A%0A*Beispiel%3A*+%603--%3E1%3A300m%2C2x%2C130max%60%0A%0A-+%60%5BSta
  rtknoten%5D%60+und+%60%5BEndknoten%5D%60+geben+den+Identifikator+des+jeweiligen+Stra%C3%9Fenknoten
  s+an.%0A-+%60%5BL%C3%A4nge%5D%60+gibt+die+L%C3%A4nge+der+Stra%C3%9Fe+in+Meter+an.%0A-+%60%5BArt%5D
  %60+ist+die+Stra%C3%9Fenart%2C+also+entweder+%601%60+f%C3%BCr+einspurig+oder+%602%60+f%C3%BCr+eins
  purig+mit+%C3%9Cberholspur.%0A-+%60%5BLimit%5D%60+ist+die+Maximalgeschwindigkeit+in+Meter+pro+Tick
  .%0A%0A**Kreuzungen**+haben+das+folgende+Eingabeformat+%28keine+Leerzeichen%29%3A%0A%0A%60%5BID%5D
  %3A%5BDauer%5Dt%60%0A%0A*Beispiel%3A*+%600%3A5t%60%0A%0A-+%60%5BID%5D%60+gibt+den+Identifikator+de
  s+Stra%C3%9Fenknotens+an.%0A-+%60%5BDauer%5D%60+gibt+die+Gr%C3%BCnphasendauer+in+Ticks+an.+Ist+der
  +Wert+%600%60%2C+ist+der+Knoten+ein+Kreisel.+Ist+der+Wert+gr%C3%B6%C3%9Fer+als+%600%60%2C+ist+der+
  Knoten+eine+Kreuzung.%0A%0A**Autos**+haben+das+folgende+Eingabeformat+%28keine+Leerzeichen%29%3A%0
  A%0A%60%5BID%5D%2C%5BStra%C3%9Fe%5D%2C%5Bv%5D%2C%5Ba%5D%60%0A%0A*Beispiel%3A*+%605%2C2%2C20%2C5%60
  %0A%0A-+%60%5BID%5D%60+gibt+den+Identifikator+des+Autos+an.%0A-+%60%5BStra%C3%9Fe%5D%60+gibt+den+I
  dentifikator+der+Stra%C3%9Fe+an%2C+auf+der+das+Auto+startet.%0A-+%60%5Bv%5D%60+gibt+die+Wunschgesc
  hwindigkeit+in+Meter+pro+Tick+an.%0A-+%60%5Ba%5D%60+gibt+die+Beschleunigung+in+Meter+pro+Tick%C2%B
  2+an.&project=ProgrammingWT2223-Final2&role=requirements&task=Understand+the+wt2223final02+and+cre
  ate+its+backlog+when+prompted.&timestamp=2026-07-28T09%3A43%3A54.869Z&domain=wt2223final02

● Injected adaptive memory context into system prompt

● <adaptive_rules>
  - streets.sim lines must follow `[Startknoten]-->[Endknoten]:[Länge]m,[Art]x,[Limit]max` with no
  spaces; [Art] is 1 or 2
  - cars.sim lines must follow `[ID],[Straße],[v],[a]` with no spaces
  - crossings.sim lines must follow `[ID]:[Dauer]t` where Dauer==0 indicates roundabout and Dauer>0
  indicates crossing
  - The program must be able to simulate several hundred cars
  - Car desired speed must be integer in [20,40] m/Tick and acceleration integer in [1,10] m/Tick²
  - Pass the path string directly to the SimulationFileLoader constructor; the path string itself
  need not be validated
  - Street length must be integer in [10,10000] meters and max speed integer in [5,40] m/Tick
  - Errors from SimulationFileLoader must be handled sensibly (e.g., shown as an error message)
  - Street nodes may have up to four incoming and four outgoing streets and must have at least one
  incoming and one outgoing street
  - When filling a street at load the first car is placed at the end; subsequent cars follow with 10
   m spacing
  - During `load` the network must be validated for completeness, correctness and adherence to all
  value ranges
  - File paths passed to `load` must not contain spaces
  - Loading requires three input files in one folder: streets.sim, crossings.sim, cars.sim
  - The program must use the provided SimulationFileLoader class to read the files
  - Placeholders in square brackets like [path] are never part of the actual program output.
  - Error messages must be a single line and contain no line breaks.
  - Error messages must begin with the character sequence 'Error:' with no leading spaces.
  - Error messages must not contain special characters such as line breaks or umlauts.
  - Identifiers are integers in [0, Integer.MAX_VALUE]
  - Standard input and output streams must never be reassigned.
  - Use System.in for input unless otherwise specified.
  - Use System.out for output unless otherwise specified.
  - Lengths, distances, speeds, accelerations, and time units must be integers (no fractions)
  - The Javadoc author tag must contain only the student's u-Kürzel.
  - Initial green phase for all crossings is 0 (first connected street has green)
  - Cars placed on a street at load must respect a minimum distance of 10 m between cars
  - Choose appropriate visibilities for classes, methods, and attributes.
  - Comments should be written consistently in either English or German.
  - Do not use the default package.
  - Interactive program outputs must match the specification exactly, including case, spaces, and
  line breaks.
  - Program code must be written in English.
  - Program code must compile without errors.
  - Source files must not exceed a maximum line width of 120 characters.
  - Student solutions may only use java.util.Scanner and elements from the packages java.lang,
  java.io, java.util, java.util.regex, java.util.stream and java.util.function.
  - Student solutions must use Java SE 17.
  - System.exit(), Runtime.exit() or similar must not be used.
  - `position` must error for unknown ID or if called before the first successful load
  - At initialization cars start with speed 0 m/Tick and desired direction 0
  - `simulate` must error if ticks is invalid or negative or if called before the first successful
  load
  - A valid network may contain no cars; a network with no nodes, streets, and cars can still be
  valid
  - No crossing may exist without streets (i.e., crossings must be connected to streets)
  - Crossing green-phase duration (for Dauer>0) must be integer in [3,10] Ticks
  - Submit only your .java files online with the correct folder structure and as individual work.
  - Do not add personal data other than your u-Kürzel to submissions.
  - Follow all Checkstyle rules; specially marked Checkstyle rules cause automatic zero points if
  violated.
  - A valid command always consists of a keyword and optionally a space-separated parameter.
  - Assignment submission is automatically scored zero if any of the mandatory rules listed in the
  document are violated.
  - Mandatory tests must be passed before other tests are evaluated.
  - Implementation must not use System.exit() or other excluded functions to implement quit
  - Invalid commands (incorrect keyword or parameters) must produce an error message printed to the
  command line.
  </adaptive_rules>

  <memories>
    - The file task.md contains the assignment "Abschlussaufgabe 2 — Verkehrssimulation"
    - The assignment 'Abschnitt: Abschlussaufgabe 2 — Verkehrssimulation' has an allocated score of
  20 Punkte.
    - The assignment 'Abschnitt: Abschlussaufgabe 2 — Verkehrssimulation' is attributed to the group
   'Institute of Information Security and Dependability'.
    - The assignment is for the course "Programmieren"
    - The assignment is for Wintersemester 2022/23
    - Prof. Dr.-Ing. Anne Koziolek is the instructor for the assignment
    - The assignment is worth 20 Punkte
  </memories>
  <knowledge>
    - The `quit` command must terminate the program and must work in every situation
    - The `simulate [ticks]` command executes the given number of simulation steps and prints READY
  on success
    - The `position [ID]` command prints `Car [ID] on Street [S] with speed [v] and position [P]`
  </knowledge>
  <entity_paths>
    - Abschlussaufgabe 2 — Verkehrssimulation CONSTRAINT 20 Punkte: The assignment 'Abschnitt:
  Abschlussaufgabe 2 — Verkehrssimulation' has an allocated score of 20 Punkte.
    - Abschlussaufgabe 2 — Verkehrssimulation RELATES_TO Institute of Information Security and
  Dependability: The assignment 'Abschnitt: Abschlussaufgabe 2 — Verkehrssimulation' is attributed
  to the group 'Institute of Information Security and Dependability'.
    - task.md RELATES_TO Wintersemester 2022/23: The assignment is for Wintersemester 2022/23
    - task.md RELATES_TO Abschlussaufgabe 2 — Verkehrssimulation: The file task.md contains the
  assignment "Abschlussaufgabe 2 — Verkehrssimulation"
    - task.md RELATES_TO Prof. Dr.-Ing. Anne Koziolek: Prof. Dr.-Ing. Anne Koziolek is the
  instructor for the assignment
    - task.md RELATES_TO Programmieren: The assignment is for the course "Programmieren"
    - task.md RELATES_TO 20 Punkte: The assignment is worth 20 Punkte
    - task.md RELATES_TO Institute of Information Security and Dependability: The responsible group
  for the assignment is Institute of Information Security and Dependability
    - task.md RELATES_TO Version: 1.1: The document version is 1.1; The document/assignment version
  is '1.1'.
    - task.md RELATES_TO Abschlussaufgabe 2 — Verkehrssimulation: The file task.md contains the
  assignment "Abschlussaufgabe 2 — Verkehrssimulation"
    - Abschlussaufgabe 2 — Verkehrssimulation CONSTRAINT 20 Punkte: The assignment 'Abschnitt:
  Abschlussaufgabe 2 — Verkehrssimulation' has an allocated score of 20 Punkte.
    - task.md RELATES_TO Abschlussaufgabe 2 — Verkehrssimulation: The file task.md contains the
  assignment "Abschlussaufgabe 2 — Verkehrssimulation"
    - Abschlussaufgabe 2 — Verkehrssimulation RELATES_TO Institute of Information Security and
  Dependability: The assignment 'Abschnitt: Abschlussaufgabe 2 — Verkehrssimulation' is attributed
  to the group 'Institute of Information Security and Dependability'.
  </entity_paths>
  <entity_matches>
    - Abschlussaufgabe 2 — Verkehrssimulation (score: 0.83) — Assignment title for the traffic
  simulation final task.
    - streets.sim, crossings.sim, cars.sim (score: 0.78) — Required input files for a network
    - `[ID],[Straße],[v],[a]` with no spaces (score: 0.75) — Exact required car line format
    - task.md (score: 0.67) — Markdown file containing the assignment section
    - 20 Punkte (score: 0.67) — Point value allocated to the assignment
  </entity_matches>
  <insights>
    - Agent community around Abschlussaufgabe 2 — Verkehrssimulation, 20 Punkte, Institute of
  Information Security and Dependability. Relevant agent facts: The file task.md contains the
  assignment "Abschlussaufgabe 2 — Verkehrssimulation"; The assignment 'Abschnitt: Abschlussaufgabe
  2 — Verkehrssimulation' has an allocated score of 20 Punkte.; The assignment 'Abschnitt:
  Abschlussaufgabe 2 — Verkehrssimulation' is attributed to the group 'Institute of Information
  Security and Dependability'.
    - Agent community around task.md, Wintersemester 2022/23, Prof. Dr.-Ing. Anne Koziolek. Relevant
   agent facts: The assignment is for Wintersemester 2022/23; The file task.md contains the
  assignment "Abschlussaufgabe 2 — Verkehrssimulation"; Prof. Dr.-Ing. Anne Koziolek is the
  instructor for the assignment
    - Agent community around Abschlussaufgabe 2 — Verkehrssimulation, task.md, 20 Punkte connects
  Prof. Dr.-Ing. Anne Koziolek, Programmieren, Version: 1.1. Relevant agent facts: The assignment is
   for Wintersemester 2022/23; The file task.md contains the assignment "Abschlussaufgabe 2 —
  Verkehrssimulation"; Prof. Dr.-Ing. Anne Koziolek is the instructor for the assignment
  </insights>

● adaptive-memory extension active (role=requirements, memorySession=20260728-114200-req) - type
  /memory-help. MCP tools registered (memory=true, backlog=true).







Changes    +0 -0
Duration   2m 3s
Tokens     ↑ 28.3k (1.3k cached) • ↓ 407 (203 reasoning)
[delivery:requirements] Turn 7/12 complete
[delivery:requirements] Turn 8/12: task.md — segment 7/10 — Abschlussaufgabe 2 — Verkehrssimulation > 6 Benutzerschnittstelle
● [adaptive-context] GET http://localhost:4444/api/agents/7af7809a-adce-4fa9-9609-fd61059de0ff/sessi
  ons/20260728-114200-req/context?input=Dokument%3A+task.md%0ASegment%3A+7%2F10%0AAbschnitt%3A+Absch
  lussaufgabe+2+%E2%80%94+Verkehrssimulation+%3E+6+Benutzerschnittstelle%0A%0ALies+diesen+Abschnitt+
  sorgf%C3%A4ltig+und+behalte+den+Kontext.+Erstelle+noch+keinen+Backlog+und+noch+keine+Tasks.+Warte+
  damit+bis+zum+abschlie%C3%9Fenden+%2Ffinalize.%0A%0A%23%23+6+Benutzerschnittstelle%0A%0ANach+dem+S
  tart+des+Programmes+erfolgt+die+Interaktion+%C3%BCber+die+Kommandozeile.+Nach+dem+Starten+des+Prog
  ramms+kann+der+Nutzer+eine+Reihe+von+g%C3%BCltigen+Befehlen+eingeben.%0AEin+g%C3%BCltiger+Befehl+b
  esteht+immer+aus+einem+Schl%C3%BCsselwort+und+je+nach+Befehl+zudem+aus+einem+durch+ein+Leerzeichen
  +getrennten+Parameter%3A%0A%0A%60%5BSchl%C3%BCsselwort%5D+%5BParameter%5D%60%0A%0AUng%C3%BCltige+B
  efehle+%28egal+ob+durch+inkorrekte+Befehlsbezeichnung+oder+inkorrekte+Parameter%29+f%C3%BChren+zu+
  einer+Fehlermeldung%2C+welche+auf+der+Kommandozeile+ausgegeben+wird.+Jede+Fehlermeldung+beginnt+mi
  t+der+Zeichenkette+%60Error%3A%60+%28keine+Leerzeichen%29.+Danach+soll+eine+sinnvolle+Nachricht%2C
  +passend+zum+verursachenden+Fehler%2C+folgen.+Fehlermeldungen+bestehen+immer+aus+einer+Zeile+und+e
  nthalten+keine+Zeilenumbr%C3%BCche.%0A%0A%23%23%23+6.1+Load-Befehl%0A%0ABefehlsschema%3A+%60load+%
  5Bpath%5D%60%0A%0ADer+Load-Befehl+l%C3%A4dt+die+Simulationselemente+aus+den+Eingabedateien.+Nutzen
  +Sie+dazu+den+%60SimulationFileLoader%60+und+den+Dateipfad%2C+welcher+als+Parameter+%60%5Bpath%5D%
  60+dem+Load-Befehl+%C3%BCbergeben+wird+%28es+ist+hierbei+egal%2C+ob+der+Pfad+relativ+oder+absolut+
  ist%29.%0ADer+Dateipfad+ist+eine+Zeichenkette+und+kann+direkt+dem+%60SimulationFileLoader%60-Konst
  ruktor+%C3%BCbergeben+werden.+Der+Inhalt+der+Zeichenkette+muss+hierbei+*nicht*+validiert+werden.+E
  in+Dateipfad+kann+keine+Leerzeichen+enthalten.+Sie+m%C3%BCssen+eventuelle+Fehler+des+%60Simulation
  FileLoader%60+entsprechend+weiterverarbeiten.%0ADer+%60SimulationFileLoader%60+liest+die+Simulatio
  nselemente+in+der+Reihenfolge+ein%2C+in+der+sie+in+den+entsprechenden+Dateien+aufgelistet+sind.%0A
  Stra%C3%9Fenknoten+werden+erzeugt+und+mit+den+passenden+Stra%C3%9Fen+verbunden.+Hierbei+wird+in+de
  r+Reihenfolge+vorgegangen%2C+die+durch+das+Einlesen+definiert+wurde.+Danach+werden+die+Autos+in+de
  r+Reihenfolge+des+Einlesens+auf+die+Stra%C3%9Fen+verteilt+%28siehe+Abschnitt+**Simulationsaufbau**
  %29.%0ANach+dem+erfolgreichen+Laden+wird+%60READY%60+%28Gro%C3%9Fbuchstaben%29+auf+der+Kommandozei
  le+ausgegeben.+Fehler+m%C3%BCssen+zum+Beispiel+ausgegeben+werden%2C+wenn+der+Inhalt+der+Dateien%2C
  +welche+der+%60SimulationFileLoader%60+l%C3%A4dt%2C+nicht+zum+erwarteten+Eingabeformat+passt%2C+we
  nn+die+Werte+der+Simulationselemente+nicht+im+erlaubten+Bereich+liegen+oder+wenn+die+Simulationsel
  emente+ein+unvollst%C3%A4ndiges+bzw.+inkorrektes+Netzwerk+bilden.%0A%0ADer+Load-Befehl+kann+auch+m
  ehrfach+ausgef%C3%BChrt+werden.+Hierbei+werden+alle+Schritte+des+Load-Befehls+normal+ausgef%C3%BCh
  rt+und+das+aktuelle+Netzwerk+nach+dem+erfolgreichen+Laden+verworfen.+Dies+kann+genutzt+werden%2C+u
  m+das+Netzwerk+in+den+Ausgangszustand+zu+bringen.%0A%0ADie+Beispielinteraktionen+finden+Sie+in+%60
  examples.md%60+%28Abschnitte+**load**+und+**load2**%29.%0A%0A%23%23%23+6.2+Simulate-Befehl%0A%0ABe
  fehlsschema%3A+%60simulate+%5Bticks%5D%60%0A%0ADer+Simulate-Befehl+simuliert+eine+bestimmte+Anzahl
  +an+Simulationsschritten%2C+welche+durch+eine+Ganzzahl+%60%5Bticks%5D%60+spezifiziert+wird.+Die+Si
  mulationsschritte+werden+nacheinander+durchgef%C3%BChrt+%28siehe+Abschnitt+**Simulationsschritte**
  %29.+Nach+der+Durchf%C3%BChrung+aller+Simulationsschritte+wird+%60READY%60+ausgegeben.+Der+Befehl+
  %60simulate+10%60+hat+die+gleiche+Auswirkung+wie+das+zehnfache+Aufrufen+des+Befehls+%60simulate+1%
  60.%0AFehler+m%C3%BCssen+ausgegeben+werden%2C+wenn+%60%5Bticks%5D%60+keine+g%C3%BCltige+Ganzzahl+o
  der+negativ+ist.%0AZudem+darf+der+Simulate-Befehl+nicht+vor+dem+ersten+Aufruf+des+Load-Befehls+auf
  gerufen+werden.%0A%0ADie+Beispielinteraktionen+finden+Sie+in+%60examples.md%60+%28Abschnitte+**sim
  ulate**+und+**simulate2**%29.%0A%0A%23%23%23+6.3+Position-Befehl%0A%0ABefehlsschema%3A+%60position
  +%5BID%5D%60%0A%0ADer+Position-Befehl+gibt+Informationen+%C3%BCber+die+Position+und+die+Geschwindi
  gkeit+eines+bestimmten+Autos+aus.+Der+Parameter+%60%5BID%5D%60+ist+der+Identifikator+eines+Autos+u
  nd+spezifiziert+dadurch%2C+welches+Auto+gemeint+ist.+Nach+dem+Aufruf+des+Befehls+werden+die+Inform
  ationen+wie+folgt+ausgegeben%3A%0A%0A%60Car+%5BID%5D+on+street+%5BS%5D+with+speed+%5Bv%5D+and+posi
  tion+%5BP%5D%60%0A%0ADabei+ist%3A%0A%0A-+%60%5BS%5D%60+der+Identifikator+der+Stra%C3%9Fe+auf+der+s
  ich+das+Auto+befindet%0A-+%60%5Bv%5D%60+die+aktuelle+Geschwindigkeit+des+Autos+in+Meter+pro+Tick%0
  A-+%60%5BP%5D%60+die+Distanz%2C+welche+das+Auto+auf+der+aktuellen+Stra%C3%9Fe+bereits+gefahren+ist
  .%0A%0AFehler+m%C3%BCssen+ausgegeben+werden%2C+wenn+%60%5BID%5D%60+kein+g%C3%BCltiger+Identifikato
  r+eines+Autos+ist+und+wenn+der+Position-Befehl+vor+dem+ersten+Aufruf+des+Load-Befehls+aufgerufen+w
  ird.+Jedoch+darf+der+Befehl+aufgerufen+werden%2C+bevor+der+Simulate-Befehl+das+erste+Mal+aufgerufe
  n+wurde.%0A%0ADie+Beispielinteraktionen+finden+Sie+in+%60examples.md%60+%28Abschnitte+**position**
  +und+**position2**%29.%0A%0A%23%23%23+6.4+Quit-Befehl%0A%0ABefehlsschema%3A+%60quit%60%0A%0ADer+Qu
  it-Befehl+beendet+das+Programm.%0ABeachten+Sie%2C+dass+f%C3%BCr+das+Testen+Ihrer+Abgabe+dieser+Bef
  ehl+essenziell+ist%2C+da+viele+der+Tests+%60quit%60+am+Ende+einer+Testsequenz+verwenden%2C+um+Ihr+
  Programm+zu+beenden.%0AStellen+Sie+daher+sicher%2C+dass+der+Befehl+in+jeder+Situation+funktioniert
  .%0ABeachten+Sie+bitte+nochmals%2C+dass+Sie+hierf%C3%BCr+**nicht**+%60System.exit%28%29%60+oder+an
  dere+ausgeschlossene+Funktionen+verwenden+d%C3%BCrfen.&project=ProgrammingWT2223-Final2&role=requi
  rements&task=Understand+the+wt2223final02+and+create+its+backlog+when+prompted.&timestamp=2026-07-
  28T09%3A44%3A08.913Z&domain=wt2223final02

● Injected adaptive memory context into system prompt

● <adaptive_rules>
  - Pass the path string directly to the SimulationFileLoader constructor; the path string itself
  need not be validated
  - During `load` the network must be validated for completeness, correctness and adherence to all
  value ranges
  - File paths passed to `load` must not contain spaces
  - Loading requires three input files in one folder: streets.sim, crossings.sim, cars.sim
  - The program must use the provided SimulationFileLoader class to read the files
  - streets.sim lines must follow `[Startknoten]-->[Endknoten]:[Länge]m,[Art]x,[Limit]max` with no
  spaces; [Art] is 1 or 2
  - The `quit` command must terminate the program and must work in every situation
  - `simulate` must error if ticks is invalid or negative or if called before the first successful
  load
  - Car desired speed must be integer in [20,40] m/Tick and acceleration integer in [1,10] m/Tick²
  - Street nodes may have up to four incoming and four outgoing streets and must have at least one
  incoming and one outgoing street
  - Cars placed on a street at load must respect a minimum distance of 10 m between cars
  - Error messages must be a single line and contain no line breaks.
  - Error messages must begin with the character sequence 'Error:' with no leading spaces.
  - Error messages must not contain special characters such as line breaks or umlauts.
  - When filling a street at load the first car is placed at the end; subsequent cars follow with 10
   m spacing
  - Street length must be integer in [10,10000] meters and max speed integer in [5,40] m/Tick
  - cars.sim lines must follow `[ID],[Straße],[v],[a]` with no spaces
  - Assignment submission is automatically scored zero if any of the mandatory rules listed in the
  document are violated.
  - Mandatory tests must be passed before other tests are evaluated.
  - Implementation must not use System.exit() or other excluded functions to implement quit
  - The program must be able to simulate several hundred cars
  - Invalid commands (incorrect keyword or parameters) must produce an error message printed to the
  command line.
  - Errors from SimulationFileLoader must be handled sensibly (e.g., shown as an error message)
  - At initialization cars start with speed 0 m/Tick and desired direction 0
  - No crossing may exist without streets (i.e., crossings must be connected to streets)
  - Choose appropriate visibilities for classes, methods, and attributes.
  - Comments should be written consistently in either English or German.
  - Do not use the default package.
  - Interactive program outputs must match the specification exactly, including case, spaces, and
  line breaks.
  - Program code must be written in English.
  - Program code must compile without errors.
  - Source files must not exceed a maximum line width of 120 characters.
  - Student solutions may only use java.util.Scanner and elements from the packages java.lang,
  java.io, java.util, java.util.regex, java.util.stream and java.util.function.
  - Student solutions must use Java SE 17.
  - System.exit(), Runtime.exit() or similar must not be used.
  - A valid command always consists of a keyword and optionally a space-separated parameter.
  - The Javadoc author tag must contain only the student's u-Kürzel.
  - Identifiers are integers in [0, Integer.MAX_VALUE]
  - crossings.sim lines must follow `[ID]:[Dauer]t` where Dauer==0 indicates roundabout and Dauer>0
  indicates crossing
  - Standard input and output streams must never be reassigned.
  - Use System.in for input unless otherwise specified.
  - Use System.out for output unless otherwise specified.
  - `position` must error for unknown ID or if called before the first successful load
  - Placeholders in square brackets like [path] are never part of the actual program output.
  - Crossing green-phase duration (for Dauer>0) must be integer in [3,10] Ticks
  - Submit only your .java files online with the correct folder structure and as individual work.
  - A valid network may contain no cars; a network with no nodes, streets, and cars can still be
  valid
  - Lengths, distances, speeds, accelerations, and time units must be integers (no fractions)
  - Follow all Checkstyle rules; specially marked Checkstyle rules cause automatic zero points if
  violated.
  - Do not add personal data other than your u-Kürzel to submissions.
  </adaptive_rules>

  <memories>
    - The file task.md contains the assignment "Abschlussaufgabe 2 — Verkehrssimulation"
    - The assignment 'Abschnitt: Abschlussaufgabe 2 — Verkehrssimulation' has an allocated score of
  20 Punkte.
    - The assignment 'Abschnitt: Abschlussaufgabe 2 — Verkehrssimulation' is attributed to the group
   'Institute of Information Security and Dependability'.
    - The assignment is for the course "Programmieren"
    - The assignment is for Wintersemester 2022/23
    - Prof. Dr.-Ing. Anne Koziolek is the instructor for the assignment
  </memories>
  <knowledge>
    - Initial green phase for all crossings is 0 (first connected street has green)
    - The `simulate [ticks]` command executes the given number of simulation steps and prints READY
  on success
    - The `load [path]` command loads the network from three files in the specified folder and
  prints READY on success
    - Multiple successful loads are allowed; a successful load replaces the current network
    - `position` may be called before the first `simulate` but after a successful `load`
    - The `position [ID]` command prints `Car [ID] on Street [S] with speed [v] and position [P]`
  </knowledge>
  <entity_paths>
    - Abschlussaufgabe 2 — Verkehrssimulation CONSTRAINT 20 Punkte: The assignment 'Abschnitt:
  Abschlussaufgabe 2 — Verkehrssimulation' has an allocated score of 20 Punkte.
    - Abschlussaufgabe 2 — Verkehrssimulation RELATES_TO Institute of Information Security and
  Dependability: The assignment 'Abschnitt: Abschlussaufgabe 2 — Verkehrssimulation' is attributed
  to the group 'Institute of Information Security and Dependability'.
    - Assignment submission CONSTRAINT Violation of mandatory rules leads to zero points: Assignment
   submission is automatically scored zero if any of the mandatory rules listed in the document are
  violated.
    - Assignment submission CONSTRAINT Pass mandatory tests before other tests: Mandatory tests must
   be passed before other tests are evaluated.
    - Command CONSTRAINT Command format '[keyword] [parameter]': A valid command always consists of
  a keyword and optionally a space-separated parameter.
  </entity_paths>
  <entity_matches>
    - Abschlussaufgabe 2 — Verkehrssimulation (score: 0.78) — Assignment title for the traffic
  simulation final task.
    - Assignment submission (score: 0.74) — Sie müssen zuerst die verpflichtenden Tests bestehen,
  bevor die anderen Tests ausgewertet werden können.
    - Pass mandatory tests before other tests (score: 0.72) — Sie müssen zuerst die verpflichtenden
  Tests bestehen, bevor die anderen Tests ausgewertet werden können.
    - Command (score: 0.72) — Ein gültiger Befehl besteht immer aus einem Schlüsselwort und je nach
  Befehl zudem aus einem durch ein Leerzeichen getrennten Parameter: `[Schlüsselwort] [Parameter]`.
    - Programmieren (score: 0.69) — Course named Programmieren (Programming).
  </entity_matches>
  <insights>
    - Agent community around Abschlussaufgabe 2 — Verkehrssimulation, 20 Punkte, Institute of
  Information Security and Dependability. Relevant agent facts: The file task.md contains the
  assignment "Abschlussaufgabe 2 — Verkehrssimulation"; The assignment 'Abschnitt: Abschlussaufgabe
  2 — Verkehrssimulation' has an allocated score of 20 Punkte.; The assignment 'Abschnitt:
  Abschlussaufgabe 2 — Verkehrssimulation' is attributed to the group 'Institute of Information
  Security and Dependability'.
    - Agent community around Programmieren, task.md, Wintersemester 2022/23. Relevant agent facts:
  The assignment is for Wintersemester 2022/23; The file task.md contains the assignment
  "Abschlussaufgabe 2 — Verkehrssimulation"; Prof. Dr.-Ing. Anne Koziolek is the instructor for the
  assignment
    - Agent community around Abschlussaufgabe 2 — Verkehrssimulation, Programmieren, 20 Punkte
  connects Wintersemester 2022/23, Prof. Dr.-Ing. Anne Koziolek, Version: 1.1. Relevant agent facts:
   The assignment is for Wintersemester 2022/23; The file task.md contains the assignment
  "Abschlussaufgabe 2 — Verkehrssimulation"; Prof. Dr.-Ing. Anne Koziolek is the instructor for the
  assignment
  </insights>

● adaptive-memory extension active (role=requirements, memorySession=20260728-114200-req) - type
  /memory-help. MCP tools registered (memory=true, backlog=true).







Changes    +0 -0
Duration   2m 20s
Tokens     ↑ 29.8k (1.3k cached) • ↓ 482 (231 reasoning)
[delivery:requirements] Turn 8/12 complete
[delivery:requirements] Turn 9/12: task.md — segment 8/10 — Abschlussaufgabe 2 — Verkehrssimulation > 7 Beispielinteraktion
● [adaptive-context] GET
  http://localhost:4444/api/agents/7af7809a-adce-4fa9-9609-fd61059de0ff/sessions/20260728-114200-req
  /context?input=Dokument%3A+task.md%0ASegment%3A+8%2F10%0AAbschnitt%3A+Abschlussaufgabe+2+%E2%80%94
  +Verkehrssimulation+%3E+7+Beispielinteraktion%0A%0ALies+diesen+Abschnitt+sorgf%C3%A4ltig+und+behal
  te+den+Kontext.+Erstelle+noch+keinen+Backlog+und+noch+keine+Tasks.+Warte+damit+bis+zum+abschlie%C3
  %9Fenden+%2Ffinalize.%0A%0A%23%23+7+Beispielinteraktion%0A%0AIm+Folgenden+wird+eine+Beispielintera
  ktion+mit+zwei+bestimmten+Netzwerken+gezeigt.+Neben+diesem+Netzwerk+befinden+sich+noch+andere+Netz
  werke+im+ausgelieferten+Beispielprojekt.+Erstellen+Sie+auch+eigene+Netzwerke+mit+verschiedenen+Eig
  enschaften%2C+um+Ihre+L%C3%B6sung+zu+testen.+Ihre+L%C3%B6sung+muss+f%C3%BCr+beliebige%2C+valide+Ne
  tzwerke+funktionieren.%0A%0ADie+vollst%C3%A4ndige+Beispielinteraktion+finden+Sie+in+%60examples.md
  %60.&project=ProgrammingWT2223-Final2&role=requirements&task=Understand+the+wt2223final02+and+crea
  te+its+backlog+when+prompted.&timestamp=2026-07-28T09%3A44%3A26.162Z&domain=wt2223final02

● Injected adaptive memory context into system prompt

● <adaptive_rules>
  - The program must be able to simulate several hundred cars
  - streets.sim lines must follow `[Startknoten]-->[Endknoten]:[Länge]m,[Art]x,[Limit]max` with no
  spaces; [Art] is 1 or 2
  - During `load` the network must be validated for completeness, correctness and adherence to all
  value ranges
  - File paths passed to `load` must not contain spaces
  - Loading requires three input files in one folder: streets.sim, crossings.sim, cars.sim
  - The program must use the provided SimulationFileLoader class to read the files
  - The Javadoc author tag must contain only the student's u-Kürzel.
  - Submit only your .java files online with the correct folder structure and as individual work.
  - crossings.sim lines must follow `[ID]:[Dauer]t` where Dauer==0 indicates roundabout and Dauer>0
  indicates crossing
  - A valid network may contain no cars; a network with no nodes, streets, and cars can still be
  valid
  - Choose appropriate visibilities for classes, methods, and attributes.
  - Comments should be written consistently in either English or German.
  - Do not use the default package.
  - Interactive program outputs must match the specification exactly, including case, spaces, and
  line breaks.
  - Program code must be written in English.
  - Program code must compile without errors.
  - Source files must not exceed a maximum line width of 120 characters.
  - Student solutions may only use java.util.Scanner and elements from the packages java.lang,
  java.io, java.util, java.util.regex, java.util.stream and java.util.function.
  - Student solutions must use Java SE 17.
  - System.exit(), Runtime.exit() or similar must not be used.
  - Crossing green-phase duration (for Dauer>0) must be integer in [3,10] Ticks
  - When filling a street at load the first car is placed at the end; subsequent cars follow with 10
   m spacing
  - Car desired speed must be integer in [20,40] m/Tick and acceleration integer in [1,10] m/Tick²
  - Street nodes may have up to four incoming and four outgoing streets and must have at least one
  incoming and one outgoing street
  - cars.sim lines must follow `[ID],[Straße],[v],[a]` with no spaces
  - Initial green phase for all crossings is 0 (first connected street has green)
  - Assignment submission is automatically scored zero if any of the mandatory rules listed in the
  document are violated.
  - Mandatory tests must be passed before other tests are evaluated.
  - Implementation must not use System.exit() or other excluded functions to implement quit
  - At initialization cars start with speed 0 m/Tick and desired direction 0
  - Error messages must be a single line and contain no line breaks.
  - Error messages must begin with the character sequence 'Error:' with no leading spaces.
  - Error messages must not contain special characters such as line breaks or umlauts.
  - Do not add personal data other than your u-Kürzel to submissions.
  - Errors from SimulationFileLoader must be handled sensibly (e.g., shown as an error message)
  - Cars placed on a street at load must respect a minimum distance of 10 m between cars
  - Pass the path string directly to the SimulationFileLoader constructor; the path string itself
  need not be validated
  - Follow all Checkstyle rules; specially marked Checkstyle rules cause automatic zero points if
  violated.
  - No crossing may exist without streets (i.e., crossings must be connected to streets)
  - Lengths, distances, speeds, accelerations, and time units must be integers (no fractions)
  - `simulate` must error if ticks is invalid or negative or if called before the first successful
  load
  - The `quit` command must terminate the program and must work in every situation
  - A valid command always consists of a keyword and optionally a space-separated parameter.
  - Street length must be integer in [10,10000] meters and max speed integer in [5,40] m/Tick
  - Placeholders in square brackets like [path] are never part of the actual program output.
  - Standard input and output streams must never be reassigned.
  - Use System.in for input unless otherwise specified.
  - Use System.out for output unless otherwise specified.
  - `position` must error for unknown ID or if called before the first successful load
  </adaptive_rules>

  <memories>
    - The file task.md contains the assignment "Abschlussaufgabe 2 — Verkehrssimulation"
    - Abschlussaufgabe 2 — Verkehrssimulation uses an Ausführungslogik that updates the model
  stepwise.
    - The assignment describes a Verkehrssimulation requiring design and implementation of a
  road-network simulation.
    - The assignment 'Abschnitt: Abschlussaufgabe 2 — Verkehrssimulation' has an allocated score of
  20 Punkte.
    - Abschlussaufgabe 2 — Verkehrssimulation constrains time to be simulated discretely in fixed
  steps.
    - The assignment 'Abschnitt: Abschlussaufgabe 2 — Verkehrssimulation' is attributed to the group
   'Institute of Information Security and Dependability'.
    - The assignment is for the course "Programmieren"
    - The assignment is for Wintersemester 2022/23
    - Prof. Dr.-Ing. Anne Koziolek is the instructor for the assignment
    - Abschlussaufgabe 2 — Verkehrssimulation uses a Modell as the simulation's abstract state
  representation.
  </memories>
  <knowledge>
    - Multiple successful loads are allowed; a successful load replaces the current network
    - The `load [path]` command loads the network from three files in the specified folder and
  prints READY on success
  </knowledge>
  <entity_paths>
    - Abschlussaufgabe 2 — Verkehrssimulation USES Modell: Abschlussaufgabe 2 — Verkehrssimulation
  uses a Modell as the simulation's abstract state representation.
    - Abschlussaufgabe 2 — Verkehrssimulation USES Ausführungslogik: Abschlussaufgabe 2 —
  Verkehrssimulation uses an Ausführungslogik that updates the model stepwise.
    - Abschlussaufgabe 2 — Verkehrssimulation CONSTRAINT 20 Punkte: The assignment 'Abschnitt:
  Abschlussaufgabe 2 — Verkehrssimulation' has an allocated score of 20 Punkte.
    - Abschlussaufgabe 2 — Verkehrssimulation CONSTRAINT Diskrete Zeitsimulation: Abschlussaufgabe 2
   — Verkehrssimulation constrains time to be simulated discretely in fixed steps.
    - Abschlussaufgabe 2 — Verkehrssimulation CONSTRAINT Tick: Time is discretely simulated in fixed
   simulation steps called Tick.
    - Abschlussaufgabe 2 — Verkehrssimulation RELATES_TO Institute of Information Security and
  Dependability: The assignment 'Abschnitt: Abschlussaufgabe 2 — Verkehrssimulation' is attributed
  to the group 'Institute of Information Security and Dependability'.
    - Abschlussaufgabe 2 — Verkehrssimulation RELATES_TO Verkehrssimulation: The assignment
  describes a Verkehrssimulation requiring design and implementation of a road-network simulation.
    - Verkehrssimulation RELATES_TO Modell: The Verkehrssimulation separates into a model and
  execution logic that updates the model stepwise.
    - Verkehrssimulation RELATES_TO Ausführungslogik: The Verkehrssimulation separates into a model
  and execution logic that updates the model stepwise.
    - Straßennetzwerk RELATES_TO Straßen: Straßennetzwerk relates to Straßen as one of its
  constituent elements.; A Straßennetzwerk in the simulation consists of Straßen and Straßenknoten
  (see img/network.png).
    - Straßennetzwerk RELATES_TO Straßenknoten: Straßennetzwerk relates to Straßenknoten as one of
  its constituent elements.; A Straßennetzwerk in the simulation consists of Straßen and
  Straßenknoten (see img/network.png).
    - Straßen RELATES_TO Straßenknoten: A Straßennetzwerk in the simulation consists of Straßen and
  Straßenknoten (see img/network.png).
    - Abschlussaufgabe 2 — Verkehrssimulation USES Modell: Abschlussaufgabe 2 — Verkehrssimulation
  uses a Modell as the simulation's abstract state representation.
    - Modell RELATES_TO Ausführungslogik: The Verkehrssimulation separates into a model and
  execution logic that updates the model stepwise.
    - Abschlussaufgabe 2 — Verkehrssimulation CONSTRAINT Tick: Time is discretely simulated in fixed
   simulation steps called Tick.
    - Tick RELATES_TO Simulationsschritt: Tick is the convention name used for each simulation step
  (Simulationsschritt).
    - Abschlussaufgabe 2 — Verkehrssimulation RELATES_TO Verkehrssimulation: The assignment
  describes a Verkehrssimulation requiring design and implementation of a road-network simulation.
    - Verkehrssimulation RELATES_TO Modell: The Verkehrssimulation separates into a model and
  execution logic that updates the model stepwise.
    - Abschlussaufgabe 2 — Verkehrssimulation RELATES_TO Verkehrssimulation: The assignment
  describes a Verkehrssimulation requiring design and implementation of a road-network simulation.
    - Verkehrssimulation RELATES_TO Ausführungslogik: The Verkehrssimulation separates into a model
  and execution logic that updates the model stepwise.
    - Verkehrssimulation RELATES_TO Modell: The Verkehrssimulation separates into a model and
  execution logic that updates the model stepwise.
    - Modell RELATES_TO Ausführungslogik: The Verkehrssimulation separates into a model and
  execution logic that updates the model stepwise.
    - Straßennetzwerk RELATES_TO Straßen: Straßennetzwerk relates to Straßen as one of its
  constituent elements.; A Straßennetzwerk in the simulation consists of Straßen and Straßenknoten
  (see img/network.png).
    - Straßen RELATES_TO Straßenknoten: A Straßennetzwerk in the simulation consists of Straßen and
  Straßenknoten (see img/network.png).
  </entity_paths>
  <entity_matches>
    - Abschlussaufgabe 2 — Verkehrssimulation (score: 0.82) — Assignment document for the traffic
  simulation task
    - Verkehrssimulation (score: 0.78) — Traffic simulation described in the assignment
    - Straßennetzwerk (score: 0.73) — Road network entity used in the simulation
    - Straßenknoten (score: 0.71) — Network nodes/intersections within the road network
    - Straßen (score: 0.70) — Road segments within the road network
  </entity_matches>
  <insights>
    - Agent community around Abschlussaufgabe 2 — Verkehrssimulation, Verkehrssimulation, Modell.
  Relevant agent facts: The file task.md contains the assignment "Abschlussaufgabe 2 —
  Verkehrssimulation"; The assignment 'Abschnitt: Abschlussaufgabe 2 — Verkehrssimulation' has an
  allocated score of 20 Punkte.; The assignment 'Abschnitt: Abschlussaufgabe 2 — Verkehrssimulation'
   is attributed to the group 'Institute of Information Security and Dependability'.
    - Agent community around Straßennetzwerk, Straßenknoten, Straßen. Relevant agent facts:
  Straßennetzwerk relates to Straßen as one of its constituent elements.; Straßennetzwerk relates to
   Straßenknoten as one of its constituent elements.; A Straßennetzwerk in the simulation consists
  of Straßen and Straßenknoten (see img/network.png).
    - Agent community around 20 Punkte, Institute of Information Security and Dependability, task.md
   connects Programmieren, Version: 1.1. Relevant agent facts: The assignment is for Wintersemester
  2022/23; The file task.md contains the assignment "Abschlussaufgabe 2 — Verkehrssimulation"; Prof.
   Dr.-Ing. Anne Koziolek is the instructor for the assignment
    - Agent community around Tick, Simulationsschritt. Relevant agent facts: Time is discretely
  simulated in fixed simulation steps called Tick.; Tick is the convention name used for each
  simulation step (Simulationsschritt).
    - Agent community around Abschlussaufgabe 2 — Verkehrssimulation, Verkehrssimulation, Modell
  connects task.md, Wintersemester 2022/23, Prof. Dr.-Ing. Anne Koziolek, Programmieren. Relevant
  agent facts: The assignment is for Wintersemester 2022/23; The file task.md contains the
  assignment "Abschlussaufgabe 2 — Verkehrssimulation"; Prof. Dr.-Ing. Anne Koziolek is the
  instructor for the assignment
  </insights>

● adaptive-memory extension active (role=requirements, memorySession=20260728-114200-req) - type
  /memory-help. MCP tools registered (memory=true, backlog=true).



✗ Read examples.md
  └ Path does not exist



● List directory .
  └ 6 files found

● List directory context
  └ 1 file found

● [turn-persistence] [turn-persistence] turn_end SKIPPED ai: no assistant message with content







Changes    +0 -0
Duration   2m 40s
Tokens     ↑ 125.2k (95.2k cached) • ↓ 482 (147 reasoning)
[delivery:requirements] Turn 9/12 complete
[delivery:requirements] Turn 10/12: task.md — segment 9/10 — Abschlussaufgabe 2 — Verkehrssimulation > 8 Tipp: Visualisierung des Straßennetzwerks
● [adaptive-context] GET http://localhost:4444/api/agents/7af7809a-adce-4fa9-9609-fd61059de0ff/sessi
  ons/20260728-114200-req/context?input=Dokument%3A+task.md%0ASegment%3A+9%2F10%0AAbschnitt%3A+Absch
  lussaufgabe+2+%E2%80%94+Verkehrssimulation+%3E+8+Tipp%3A+Visualisierung+des+Stra%C3%9Fennetzwerks%
  0A%0ALies+diesen+Abschnitt+sorgf%C3%A4ltig+und+behalte+den+Kontext.+Erstelle+noch+keinen+Backlog+u
  nd+noch+keine+Tasks.+Warte+damit+bis+zum+abschlie%C3%9Fenden+%2Ffinalize.%0A%0A%23%23+8+Tipp%3A+Vi
  sualisierung+des+Stra%C3%9Fennetzwerks%0A%0ADas+Stra%C3%9Fennetzwerk%2C+welches+in+der+Datei+*stre
  ets.sim*+definiert+ist%2C+ist+*Mermaid*+%28mermaid.js.org%2Fintro%29+kompatibel.+Deswegen+k%C3%B6n
  nen+die+Stra%C3%9Fennetzwerke+im+Mermaid+Live+Web-Editor+%28mermaid.live%29+visualisiert+werden.+E
  rsetzen+Sie+dazu+den+Mermaid-Beispielcode+im+Web-Editor+mit+der+Zeile+%60stateDiagram-v2%60+%28mer
  maid.js.org%2Fsyntax%2FstateDiagram.html%29.+Kopieren+Sie+danach+den+Inhalt+der+Datei+*streets.sim
  *+darunter.+Falls+sie+statt+den+IDs+der+Stra%C3%9Fenknoten+die+Eigenschaften+sehen+wollen%2C+kopie
  ren+sie+zus%C3%A4tzlich+den+Inhalt+der+Datei+*crossings.sim*+darunter.+Autos+k%C3%B6nnen+nicht+vis
  ualisiert+werden.%0ADie+Visualisierung+der+Stra%C3%9Fennetzwerke+dient+lediglich+als+Hilfsmittel+u
  nd+ist+f%C3%BCr+die+Umsetzung+der+Abschlussaufgabe+**nicht**+ben%C3%B6tigt.&project=ProgrammingWT2
  223-Final2&role=requirements&task=Understand+the+wt2223final02+and+create+its+backlog+when+prompte
  d.&timestamp=2026-07-28T09%3A44%3A47.102Z&domain=wt2223final02

● Injected adaptive memory context into system prompt

● <adaptive_rules>
  - During `load` the network must be validated for completeness, correctness and adherence to all
  value ranges
  - File paths passed to `load` must not contain spaces
  - Loading requires three input files in one folder: streets.sim, crossings.sim, cars.sim
  - The program must use the provided SimulationFileLoader class to read the files
  - streets.sim lines must follow `[Startknoten]-->[Endknoten]:[Länge]m,[Art]x,[Limit]max` with no
  spaces; [Art] is 1 or 2
  - crossings.sim lines must follow `[ID]:[Dauer]t` where Dauer==0 indicates roundabout and Dauer>0
  indicates crossing
  - cars.sim lines must follow `[ID],[Straße],[v],[a]` with no spaces
  - When filling a street at load the first car is placed at the end; subsequent cars follow with 10
   m spacing
  - Initial green phase for all crossings is 0 (first connected street has green)
  - The program must be able to simulate several hundred cars
  - Street nodes may have up to four incoming and four outgoing streets and must have at least one
  incoming and one outgoing street
  - Choose appropriate visibilities for classes, methods, and attributes.
  - Comments should be written consistently in either English or German.
  - Do not use the default package.
  - Interactive program outputs must match the specification exactly, including case, spaces, and
  line breaks.
  - Program code must be written in English.
  - Program code must compile without errors.
  - Source files must not exceed a maximum line width of 120 characters.
  - Student solutions may only use java.util.Scanner and elements from the packages java.lang,
  java.io, java.util, java.util.regex, java.util.stream and java.util.function.
  - Student solutions must use Java SE 17.
  - System.exit(), Runtime.exit() or similar must not be used.
  - Submit only your .java files online with the correct folder structure and as individual work.
  - A valid network may contain no cars; a network with no nodes, streets, and cars can still be
  valid
  - No crossing may exist without streets (i.e., crossings must be connected to streets)
  - Cars placed on a street at load must respect a minimum distance of 10 m between cars
  - The Javadoc author tag must contain only the student's u-Kürzel.
  - Street length must be integer in [10,10000] meters and max speed integer in [5,40] m/Tick
  - Errors from SimulationFileLoader must be handled sensibly (e.g., shown as an error message)
  - Crossing green-phase duration (for Dauer>0) must be integer in [3,10] Ticks
  - Assignment submission is automatically scored zero if any of the mandatory rules listed in the
  document are violated.
  - Mandatory tests must be passed before other tests are evaluated.
  - Invalid commands (incorrect keyword or parameters) must produce an error message printed to the
  command line.
  - Follow all Checkstyle rules; specially marked Checkstyle rules cause automatic zero points if
  violated.
  - Pass the path string directly to the SimulationFileLoader constructor; the path string itself
  need not be validated
  - `simulate` must error if ticks is invalid or negative or if called before the first successful
  load
  - Do not add personal data other than your u-Kürzel to submissions.
  - Standard input and output streams must never be reassigned.
  - Use System.in for input unless otherwise specified.
  - Use System.out for output unless otherwise specified.
  - At initialization cars start with speed 0 m/Tick and desired direction 0
  - Placeholders in square brackets like [path] are never part of the actual program output.
  - `position` must error for unknown ID or if called before the first successful load
  - Implementation must not use System.exit() or other excluded functions to implement quit
  - Identifiers are integers in [0, Integer.MAX_VALUE]
  - The `quit` command must terminate the program and must work in every situation
  - Error messages must be a single line and contain no line breaks.
  - Error messages must begin with the character sequence 'Error:' with no leading spaces.
  - Error messages must not contain special characters such as line breaks or umlauts.
  - A valid command always consists of a keyword and optionally a space-separated parameter.
  - Lengths, distances, speeds, accelerations, and time units must be integers (no fractions)
  </adaptive_rules>

  <memories>
    - The document 'Abschlussaufgabe 2 — Verkehrssimulation (Version 1.1)' relates to the project
  ProgrammingWT2223-Final2
    - The file task.md contains the assignment "Abschlussaufgabe 2 — Verkehrssimulation"
    - Abschlussaufgabe 2 — Verkehrssimulation uses an Ausführungslogik that updates the model
  stepwise.
    - The assignment describes a Verkehrssimulation requiring design and implementation of a
  road-network simulation.
    - The assignment 'Abschnitt: Abschlussaufgabe 2 — Verkehrssimulation' has an allocated score of
  20 Punkte.
    - ProgrammingWT2223-Final2 includes the Verkehrssimulation (traffic simulation) feature
    - The assignment is for the course "Programmieren"
    - The course 'Programmieren (WS 2022/23)' relates to Prof. Dr.-Ing. Anne Koziolek (instructor)
    - The assignment is for Wintersemester 2022/23
    - The document 'Abschlussaufgabe 2 — Verkehrssimulation (Version 1.1)' has a points constraint
  of 20 Punkte
  </memories>
  <knowledge>
    - Car desired speed must be integer in [20,40] m/Tick and acceleration integer in [1,10] m/Tick²
  </knowledge>
  <entity_paths>
    - ProgrammingWT2223-Final2 RELATES_TO Verkehrssimulation: ProgrammingWT2223-Final2 includes the
  Verkehrssimulation (traffic simulation) feature
    - Abschlussaufgabe 2 — Verkehrssimulation USES Modell: Abschlussaufgabe 2 — Verkehrssimulation
  uses a Modell as the simulation's abstract state representation.
    - Abschlussaufgabe 2 — Verkehrssimulation USES Ausführungslogik: Abschlussaufgabe 2 —
  Verkehrssimulation uses an Ausführungslogik that updates the model stepwise.
    - Abschlussaufgabe 2 — Verkehrssimulation CONSTRAINT 20 Punkte: The assignment 'Abschnitt:
  Abschlussaufgabe 2 — Verkehrssimulation' has an allocated score of 20 Punkte.
    - Abschlussaufgabe 2 — Verkehrssimulation CONSTRAINT Diskrete Zeitsimulation: Abschlussaufgabe 2
   — Verkehrssimulation constrains time to be simulated discretely in fixed steps.
    - Abschlussaufgabe 2 — Verkehrssimulation CONSTRAINT Tick: Time is discretely simulated in fixed
   simulation steps called Tick.
    - Abschlussaufgabe 2 — Verkehrssimulation RELATES_TO Institute of Information Security and
  Dependability: The assignment 'Abschnitt: Abschlussaufgabe 2 — Verkehrssimulation' is attributed
  to the group 'Institute of Information Security and Dependability'.
    - Abschlussaufgabe 2 — Verkehrssimulation RELATES_TO Verkehrssimulation: The assignment
  describes a Verkehrssimulation requiring design and implementation of a road-network simulation.
    - Verkehrssimulation USES Modell-/Ausführungslogik-Trennung: The Verkehrssimulation separates
  the model (abstraction) from the execution logic (stepwise updater)
    - Verkehrssimulation CONSTRAINT Diskrete Zeitschritte (Ticks): The simulation uses discrete time
   steps (Ticks) as the unit of simulated time
    - Verkehrssimulation RELATES_TO Modell: The Verkehrssimulation separates into a model and
  execution logic that updates the model stepwise.
    - Verkehrssimulation RELATES_TO Ausführungslogik: The Verkehrssimulation separates into a model
  and execution logic that updates the model stepwise.
    - Straßennetzwerk RELATES_TO Straßen: Straßennetzwerk relates to Straßen as one of its
  constituent elements.; A Straßennetzwerk in the simulation consists of Straßen and Straßenknoten
  (see img/network.png).; A Straßennetzwerk consists of Straßen and Straßenknoten
    - Straßennetzwerk RELATES_TO Straßenknoten: Straßennetzwerk relates to Straßenknoten as one of
  its constituent elements.; A Straßennetzwerk in the simulation consists of Straßen and
  Straßenknoten (see img/network.png).; A Straßennetzwerk consists of Straßen and Straßenknoten
    - ProgrammingWT2223-Final2 RELATES_TO Verkehrssimulation: ProgrammingWT2223-Final2 includes the
  Verkehrssimulation (traffic simulation) feature
    - Verkehrssimulation USES Modell-/Ausführungslogik-Trennung: The Verkehrssimulation separates
  the model (abstraction) from the execution logic (stepwise updater)
    - ProgrammingWT2223-Final2 RELATES_TO Verkehrssimulation: ProgrammingWT2223-Final2 includes the
  Verkehrssimulation (traffic simulation) feature
    - Verkehrssimulation CONSTRAINT Diskrete Zeitschritte (Ticks): The simulation uses discrete time
   steps (Ticks) as the unit of simulated time
    - ProgrammingWT2223-Final2 RELATES_TO Verkehrssimulation: ProgrammingWT2223-Final2 includes the
  Verkehrssimulation (traffic simulation) feature
    - Verkehrssimulation RELATES_TO Modell: The Verkehrssimulation separates into a model and
  execution logic that updates the model stepwise.
    - ProgrammingWT2223-Final2 RELATES_TO Verkehrssimulation: ProgrammingWT2223-Final2 includes the
  Verkehrssimulation (traffic simulation) feature
    - Verkehrssimulation RELATES_TO Ausführungslogik: The Verkehrssimulation separates into a model
  and execution logic that updates the model stepwise.
    - Abschlussaufgabe 2 — Verkehrssimulation USES Modell: Abschlussaufgabe 2 — Verkehrssimulation
  uses a Modell as the simulation's abstract state representation.
    - Modell RELATES_TO Ausführungslogik: The Verkehrssimulation separates into a model and
  execution logic that updates the model stepwise.
    - Abschlussaufgabe 2 — Verkehrssimulation CONSTRAINT Tick: Time is discretely simulated in fixed
   simulation steps called Tick.
    - Tick RELATES_TO Simulationsschritt: Tick is the convention name used for each simulation step
  (Simulationsschritt).
  </entity_paths>
  <entity_matches>
    - ProgrammingWT2223-Final2 (score: 1.00) — Course project repository for the final assignment
    - Abschlussaufgabe 2 — Verkehrssimulation (score: 0.84) — Assignment document for the traffic
  simulation task
    - Verkehrssimulation (score: 0.81) — Traffic simulation feature: road-network and vehicle
  simulation
    - Straßennetzwerk (score: 0.78) — Road network entity used by the Verkehrssimulation
    - Straßenknoten (score: 0.74) — Intersections or nodes connecting streets
  </entity_matches>
  <insights>
    - Agent community around Abschlussaufgabe 2 — Verkehrssimulation, Verkehrssimulation, Modell.
  Relevant agent facts: The file task.md contains the assignment "Abschlussaufgabe 2 —
  Verkehrssimulation"; The assignment 'Abschnitt: Abschlussaufgabe 2 — Verkehrssimulation' has an
  allocated score of 20 Punkte.; The assignment 'Abschnitt: Abschlussaufgabe 2 — Verkehrssimulation'
   is attributed to the group 'Institute of Information Security and Dependability'.
    - Agent community around Straßennetzwerk, Straßenknoten, Straßen. Relevant agent facts: A
  Straßennetzwerk consists of Straßen and Straßenknoten; Straßennetzwerk relates to Straßen as one
  of its constituent elements.; Straßennetzwerk relates to Straßenknoten as one of its constituent
  elements.
    - Agent community around 20 Punkte, Institute of Information Security and Dependability, task.md
   connects Programmieren, Version: 1.1. Relevant agent facts: The assignment is for Wintersemester
  2022/23; The file task.md contains the assignment "Abschlussaufgabe 2 — Verkehrssimulation"; Prof.
   Dr.-Ing. Anne Koziolek is the instructor for the assignment
    - Agent community around Tick, Simulationsschritt. Relevant agent facts: Time is discretely
  simulated in fixed simulation steps called Tick.; Tick is the convention name used for each
  simulation step (Simulationsschritt).
    - Agent community around Abschlussaufgabe 2 — Verkehrssimulation, Verkehrssimulation, Modell
  connects task.md, Wintersemester 2022/23, Prof. Dr.-Ing. Anne Koziolek, Programmieren. Relevant
  agent facts: The assignment is for Wintersemester 2022/23; The file task.md contains the
  assignment "Abschlussaufgabe 2 — Verkehrssimulation"; Prof. Dr.-Ing. Anne Koziolek is the
  instructor for the assignment
  </insights>

● adaptive-memory extension active (role=requirements, memorySession=20260728-114200-req) - type
  /memory-help. MCP tools registered (memory=true, backlog=true).







Changes    +0 -0
Duration   2m 51s
Tokens     ↑ 31.9k (1.3k cached) • ↓ 66 (28 reasoning)
[delivery:requirements] Turn 10/12 complete
[delivery:requirements] Turn 11/12: examples.md — segment 10/10 — Beispiele — Abschlussaufgabe 2 (Verkehrssimulation)
● [adaptive-context] GET http://localhost:4444/api/agents/7af7809a-adce-4fa9-9609-fd61059de0ff/sessi
  ons/20260728-114200-req/context?input=Dokument%3A+examples.md%0ASegment%3A+10%2F10%0AAbschnitt%3A+
  Beispiele+%E2%80%94+Abschlussaufgabe+2+%28Verkehrssimulation%29%0A%0ALies+diesen+Abschnitt+sorgf%C
  3%A4ltig+und+behalte+den+Kontext.+Erstelle+noch+keinen+Backlog+und+noch+keine+Tasks.+Warte+damit+b
  is+zum+abschlie%C3%9Fenden+%2Ffinalize.%0A%0A%23+Beispiele+%E2%80%94+Abschlussaufgabe+2+%28Verkehr
  ssimulation%29%0A%0ADieses+Dokument+enth%C3%A4lt+die+in+der+Aufgabenstellung+referenzierten+Beispi
  el-Simulationsdateien+sowie+die+vollst%C3%A4ndige+Beispielinteraktion.%0ADie+Zeichen+%60%25%3E+%60
  +%28Prozent-Zeichen+und+Gr%C3%B6%C3%9Fer-Zeichen+gefolgt+von+einem+Leerzeichen%29+stellen+die+Komm
  andozeile+dar.+Der+Programmname+%28z.+B.+%60TrafficNetworkSimulation%60%29+dient+nur+als+Beispiel+
  und+ist+nicht+vorgeschrieben.%0ADas+Zeichen+%60%3E+%60+markiert+eine+Benutzereingabe+und+ist+selbs
  t+nicht+Teil+der+Eingabe.%0A%0A%23%23+1+Beispiel-Simulationsdateien%0A%0AIm+Beispielprojekt+befind
  en+sich+mehrere+Netzwerke.+Die+Beispielinteraktion+verwendet+die+Netzwerke+%60basic%60+und+%60adva
  nced%60.%0A%0A%23%23%23+1.1+%60files%2Fbasic%60+%E2%80%94+Grundlegende+Funktionalit%C3%A4t+mit+zwe
  i+Autos%0A%0A%60streets.sim%60%3A%0A%0A%60%60%60%0A0--%3E1%3A40m%2C1x%2C15max%0A1--%3E0%3A60m%2C1x
  %2C35max%0A%60%60%60%0A%0A%60crossings.sim%60%3A%0A%0A%60%60%60%0A0%3A0t%0A1%3A0t%0A%60%60%60%0A%0
  A%60cars.sim%60%3A%0A%0A%60%60%60%0A0%2C0%2C40%2C5%0A1%2C1%2C30%2C10%0A%60%60%60%0A%0A%23%23%23+1.
  2+%60files%2Fadvanced%60+%E2%80%94+Mehr+Autos%2C+Ampeln+und+Abbiegen%0A%0A%60streets.sim%60%3A%0A%
  0A%60%60%60%0A0--%3E4%3A50m%2C1x%2C10max%0A4--%3E0%3A50m%2C1x%2C10max%0A1--%3E4%3A100m%2C1x%2C20ma
  x%0A4--%3E1%3A100m%2C1x%2C20max%0A2--%3E4%3A400m%2C1x%2C40max%0A4--%3E2%3A400m%2C1x%2C40max%0A3--%
  3E4%3A200m%2C1x%2C35max%0A4--%3E3%3A200m%2C1x%2C35max%0A%60%60%60%0A%0A%60crossings.sim%60%3A%0A%0
  A%60%60%60%0A0%3A0t%0A1%3A0t%0A2%3A0t%0A3%3A0t%0A4%3A3t%0A%60%60%60%0A%0A%60cars.sim%60+%28Auszug%
  29%3A%0A%0A%60%60%60%0A0%2C0%2C25%2C7%0A1%2C0%2C20%2C4%0A2%2C1%2C35%2C5%0A3%2C1%2C35%2C5%0A4%2C2%2
  C30%2C8%0A5%2C2%2C20%2C7%0A6%2C2%2C30%2C6%0A7%2C2%2C40%2C3%0A9%2C3%2C20%2C2%0A10%2C3%2C30%2C6%0A11
  %2C3%2C30%2C6%0A12%2C3%2C25%2C6%0A14%2C4%2C25%2C2%0A15%2C4%2C30%2C5%0A16%2C4%2C35%2C3%0A17%2C4%2C2
  5%2C6%0A19%2C5%2C25%2C2%0A20%2C5%2C30%2C6%0A21%2C5%2C25%2C8%0A22%2C5%2C30%2C6%0A24%2C6%2C25%2C6%0A
  25%2C6%2C35%2C5%0A26%2C6%2C25%2C4%0A27%2C6%2C20%2C4%0A29%2C7%2C30%2C4%0A30%2C7%2C35%2C7%0A31%2C7%2
  C30%2C5%0A32%2C7%2C30%2C7%0A%60%60%60%0A%0A%23%23%23+1.3+%60files%2Fadvanced2%60+%E2%80%94+Wie+adv
  anced%2C+jedoch+mit+%C3%9Cberholen+und+mehr+Autos%0A%0A%60streets.sim%60%3A%0A%0A%60%60%60%0A0--%3
  E4%3A50m%2C1x%2C10max%0A4--%3E0%3A50m%2C1x%2C10max%0A1--%3E4%3A100m%2C1x%2C20max%0A4--%3E1%3A100m%
  2C1x%2C20max%0A2--%3E4%3A400m%2C2x%2C40max%0A4--%3E2%3A400m%2C2x%2C40max%0A3--%3E4%3A200m%2C2x%2C3
  5max%0A4--%3E3%3A200m%2C2x%2C35max%0A%60%60%60%0A%0A%60crossings.sim%60%3A%0A%0A%60%60%60%0A0%3A0t
  %0A1%3A0t%0A2%3A0t%0A3%3A0t%0A4%3A3t%0A%60%60%60%0A%0A%60cars.sim%60%3A%0A%0A%60%60%60%0A0%2C0%2C2
  5%2C7%0A1%2C0%2C20%2C4%0A2%2C1%2C35%2C5%0A3%2C1%2C35%2C5%0A4%2C2%2C30%2C8%0A5%2C2%2C20%2C7%0A6%2C2
  %2C30%2C6%0A7%2C2%2C40%2C3%0A8%2C2%2C25%2C3%0A9%2C3%2C20%2C2%0A10%2C3%2C30%2C6%0A11%2C3%2C30%2C6%0
  A12%2C3%2C25%2C6%0A13%2C3%2C20%2C10%0A14%2C4%2C25%2C2%0A15%2C4%2C30%2C5%0A16%2C4%2C35%2C3%0A17%2C4
  %2C25%2C6%0A18%2C4%2C40%2C10%0A19%2C5%2C25%2C2%0A20%2C5%2C30%2C6%0A21%2C5%2C25%2C8%0A22%2C5%2C30%2
  C6%0A23%2C5%2C40%2C10%0A24%2C6%2C25%2C6%0A25%2C6%2C35%2C5%0A26%2C6%2C25%2C4%0A27%2C6%2C20%2C4%0A28
  %2C6%2C25%2C3%0A29%2C7%2C30%2C4%0A30%2C7%2C35%2C7%0A31%2C7%2C30%2C5%0A32%2C7%2C30%2C7%0A33%2C7%2C2
  5%2C2%0A%60%60%60%0A%0A%23%23%23+1.4+%60files%2Fdense%60+%E2%80%94+Simples+Netzwerk+mit+langen+Str
  a%C3%9Fen%2C+%C3%9Cberholen+und+sehr+vielen+Autos%0A%0A%60streets.sim%60%3A%0A%0A%60%60%60%0A0--%3
  E1%3A2000m%2C2x%2C40max%0A1--%3E2%3A1000m%2C2x%2C30max%0A2--%3E5%3A300m%2C1x%2C10max%0A2--%3E3%3A1
  000m%2C2x%2C30max%0A3--%3E4%3A1500m%2C1x%2C40max%0A4--%3E5%3A1000m%2C2x%2C30max%0A5--%3E0%3A1000m%
  2C2x%2C30max%0A5--%3E2%3A350m%2C1x%2C15max%0A%60%60%60%0A%0A%60crossings.sim%60%3A%0A%0A%60%60%60%
  0A0%3A0t%0A1%3A0t%0A2%3A3t%0A3%3A0t%0A4%3A0t%0A5%3A3t%0A%60%60%60%0A%0A%60cars.sim%60+%28Auszug+de
  r+ersten+Zeilen+%E2%80%94+die+Datei+enth%C3%A4lt+210+Autos%29%3A%0A%0A%60%60%60%0A0%2C0%2C20%2C1%0
  A1%2C0%2C35%2C6%0A2%2C0%2C30%2C6%0A3%2C0%2C25%2C6%0A4%2C0%2C30%2C4%0A5%2C0%2C30%2C5%0A6%2C0%2C20%2
  C5%0A7%2C0%2C35%2C6%0A8%2C0%2C35%2C6%0A9%2C0%2C25%2C4%0A10%2C0%2C35%2C5%0A11%2C0%2C30%2C8%0A12%2C0
  %2C40%2C6%0A13%2C0%2C40%2C5%0A14%2C0%2C25%2C10%0A15%2C0%2C20%2C7%0A16%2C0%2C30%2C4%0A17%2C0%2C35%2
  C1%0A18%2C0%2C25%2C7%0A19%2C0%2C40%2C5%0A%60%60%60%0A%0A%23%23%23+1.5+%60files%2Ftrafficjam%60+%E2
  %80%94+Deadlock-Szenario%2C+nichts+bewegt+sich%0A%0A%60streets.sim%60%3A%0A%0A%60%60%60%0A0--%3E1%
  3A100m%2C1x%2C20max%0A1--%3E2%3A100m%2C1x%2C20max%0A2--%3E3%3A100m%2C1x%2C20max%0A3--%3E0%3A100m%2
  C2x%2C30max%0A%60%60%60%0A%0A%60crossings.sim%60%3A%0A%0A%60%60%60%0A0%3A0t%0A1%3A0t%0A2%3A0t%0A3%
  3A0t%0A%60%60%60%0A%0A%60cars.sim%60%3A%0A%0A%60%60%60%0A0%2C0%2C30%2C4%0A1%2C0%2C30%2C7%0A2%2C0%2
  C25%2C5%0A3%2C0%2C30%2C4%0A4%2C0%2C40%2C5%0A5%2C0%2C20%2C5%0A6%2C0%2C30%2C3%0A7%2C0%2C20%2C3%0A8%2
  C0%2C35%2C5%0A9%2C0%2C30%2C6%0A10%2C0%2C30%2C6%0A11%2C1%2C25%2C4%0A12%2C1%2C30%2C4%0A13%2C1%2C30%2
  C7%0A14%2C1%2C25%2C7%0A15%2C1%2C30%2C6%0A16%2C1%2C20%2C6%0A17%2C1%2C30%2C8%0A18%2C1%2C35%2C6%0A19%
  2C1%2C30%2C3%0A20%2C1%2C30%2C1%0A21%2C1%2C25%2C9%0A22%2C2%2C30%2C4%0A23%2C2%2C30%2C6%0A24%2C2%2C35
  %2C5%0A25%2C2%2C30%2C5%0A26%2C2%2C30%2C4%0A27%2C2%2C30%2C10%0A28%2C2%2C20%2C6%0A29%2C2%2C25%2C6%0A
  30%2C2%2C20%2C7%0A31%2C2%2C25%2C3%0A32%2C2%2C20%2C8%0A33%2C3%2C30%2C5%0A34%2C3%2C30%2C2%0A35%2C3%2
  C30%2C4%0A36%2C3%2C35%2C5%0A37%2C3%2C20%2C5%0A38%2C3%2C30%2C6%0A39%2C3%2C30%2C1%0A40%2C3%2C35%2C8%
  0A41%2C3%2C25%2C6%0A42%2C3%2C30%2C3%0A43%2C3%2C30%2C6%0A%60%60%60%0A%0A%23%23+2+load+%E2%80%94+Erf
  olgreiches+Laden%0A%0A%60%60%60%0A%3E+load+files%2Fbasic%0AREADY%0A%60%60%60%0A%0A%23%23+3+load2+%
  E2%80%94+Fehlerhaftes+Laden%0A%0A%60%60%60%0A%3E+load+load%2Finvalid%0AError%3A+Street+7+cannot+ha
  ve+more+than+15+cars.%0A%60%60%60%0A%0A%23%23+4+simulate+%E2%80%94+Erfolgreiche+Simulation%0A%0A%6
  0%60%60%0A%3E+simulate+5%0AREADY%0A%60%60%60%0A%0A%23%23+5+simulate2+%E2%80%94+Simulation+vor+erst
  em+%60load%60%0A%0A%60%60%60%0A%3E+simulate+1%0AError%3A+Street+network+is+yet+to+be+loaded.%0A%60
  %60%60%0A%0A%23%23+6+position+%E2%80%94+Erfolgreiche+Positionsabfrage%0A%0A%60%60%60%0A%3E+positio
  n+19%0ACar+19+on+street+7+with+speed+20+and+position+1370%0A%60%60%60%0A%0A%23%23+7+position2+%E2%
  80%94+Position+eines+unbekannten+Autos%0A%0A%60%60%60%0A%3E+position+744%0AError%3A+There+is+no+ca
  r+with+the+identifier+744.%0A%60%60%60%0A%0A%23%23+8+Vollst%C3%A4ndige+Beispielinteraktion+%28basi
  c%2C+dann+advanced%29%0A%0A%60%60%60%0A%25%3E+java+TrafficNetworkSimulation%0A%3E+load+files%2Fbas
  ic%0AREADY%0A%3E+position+0%0ACar+0+on+street+0+with+speed+0+and+position+40%0A%3E+simulate+1%0ARE
  ADY%0A%3E+position+0%0ACar+0+on+street+1+with+speed+5+and+position+5%0A%3E+position+1%0ACar+1+on+s
  treet+0+with+speed+10+and+position+10%0A%3E+simulate+3%0AREADY%0A%3E+position+0%0ACar+0+on+street+
  1+with+speed+20+and+position+50%0A%3E+position+1%0ACar+1+on+street+1+with+speed+15+and+position+15
  %0A%3E+simulate+2%0AREADY%0A%3E+position+0%0ACar+0+on+street+0+with+speed+15+and+position+30%0A%3E
  +position+1%0ACar+1+on+street+0+with+speed+30+and+position+10%0A%3E+load+files%2Fadvanced%0AREADY%
  0A%3E+simulate+29%0AREADY%0A%3E+position+0%0ACar+0+on+street+5+with+speed+25+and+position+92%0A%3E
  +position+1%0ACar+1+on+street+5+with+speed+18+and+position+42%0A%3E+position+3%0ACar+3+on+street+2
  +with+speed+10+and+position+70%0A%3E+position+7%0ACar+7+on+street+1+with+speed+9+and+position+38%0
  A%3E+position+12%0ACar+12+on+street+2+with+speed+12+and+position+90%0A%3E+position+17%0ACar+17+on+
  street+1+with+speed+10+and+position+18%0A%3E+position+22%0ACar+22+on+street+4+with+speed+0+and+pos
  ition+370%0A%3E+position+27%0ACar+27+on+street+6+with+speed+0+and+position+190%0A%3E+position+32%0
  ACar+32+on+street+6+with+speed+0+and+position+150%0A%3E+quit%0A%60%60%60&project=ProgrammingWT2223
  -Final2&role=requirements&task=Understand+the+wt2223final02+and+create+its+backlog+when+prompted.&
  timestamp=2026-07-28T09%3A44%3A56.618Z&domain=wt2223final02

● Injected adaptive memory context into system prompt

● <adaptive_rules>
  - streets.sim lines must follow `[Startknoten]-->[Endknoten]:[Länge]m,[Art]x,[Limit]max` with no
  spaces; [Art] is 1 or 2
  - Cars placed on a street at load must respect a minimum distance of 10 m between cars
  - cars.sim lines must follow `[ID],[Straße],[v],[a]` with no spaces
  - `position` must error for unknown ID or if called before the first successful load
  - crossings.sim lines must follow `[ID]:[Dauer]t` where Dauer==0 indicates roundabout and Dauer>0
  indicates crossing
  - The program must be able to simulate several hundred cars
  - Street nodes may have up to four incoming and four outgoing streets and must have at least one
  incoming and one outgoing street
  - Errors from SimulationFileLoader must be handled sensibly (e.g., shown as an error message)
  - A valid command always consists of a keyword and optionally a space-separated parameter.
  - The Javadoc author tag must contain only the student's u-Kürzel.
  - During `load` the network must be validated for completeness, correctness and adherence to all
  value ranges
  - File paths passed to `load` must not contain spaces
  - Loading requires three input files in one folder: streets.sim, crossings.sim, cars.sim
  - The program must use the provided SimulationFileLoader class to read the files
  - Placeholders in square brackets like [path] are never part of the actual program output.
  - Initial green phase for all crossings is 0 (first connected street has green)
  - Crossing green-phase duration (for Dauer>0) must be integer in [3,10] Ticks
  - A valid network may contain no cars; a network with no nodes, streets, and cars can still be
  valid
  - At initialization cars start with speed 0 m/Tick and desired direction 0
  - Car desired speed must be integer in [20,40] m/Tick and acceleration integer in [1,10] m/Tick²
  - The `quit` command must terminate the program and must work in every situation
  - Implementation must not use System.exit() or other excluded functions to implement quit
  - Invalid commands (incorrect keyword or parameters) must produce an error message printed to the
  command line.
  - Choose appropriate visibilities for classes, methods, and attributes.
  - Comments should be written consistently in either English or German.
  - Do not use the default package.
  - Interactive program outputs must match the specification exactly, including case, spaces, and
  line breaks.
  - Program code must be written in English.
  - Program code must compile without errors.
  - Source files must not exceed a maximum line width of 120 characters.
  - Student solutions may only use java.util.Scanner and elements from the packages java.lang,
  java.io, java.util, java.util.regex, java.util.stream and java.util.function.
  - Student solutions must use Java SE 17.
  - System.exit(), Runtime.exit() or similar must not be used.
  - When filling a street at load the first car is placed at the end; subsequent cars follow with 10
   m spacing
  - Street length must be integer in [10,10000] meters and max speed integer in [5,40] m/Tick
  - `simulate` must error if ticks is invalid or negative or if called before the first successful
  load
  - Standard input and output streams must never be reassigned.
  - Use System.in for input unless otherwise specified.
  - Use System.out for output unless otherwise specified.
  - Submit only your .java files online with the correct folder structure and as individual work.
  - Assignment submission is automatically scored zero if any of the mandatory rules listed in the
  document are violated.
  - Mandatory tests must be passed before other tests are evaluated.
  - Pass the path string directly to the SimulationFileLoader constructor; the path string itself
  need not be validated
  - Error messages must be a single line and contain no line breaks.
  - Error messages must begin with the character sequence 'Error:' with no leading spaces.
  - Error messages must not contain special characters such as line breaks or umlauts.
  - Lengths, distances, speeds, accelerations, and time units must be integers (no fractions)
  - No crossing may exist without streets (i.e., crossings must be connected to streets)
  - Follow all Checkstyle rules; specially marked Checkstyle rules cause automatic zero points if
  violated.
  - Do not add personal data other than your u-Kürzel to submissions.
  </adaptive_rules>

  <memories>
    - The document 'Abschlussaufgabe 2 — Verkehrssimulation (Version 1.1)' relates to the project
  ProgrammingWT2223-Final2
    - Abschlussaufgabe 2 — Verkehrssimulation uses an Ausführungslogik that updates the model
  stepwise.
    - Abschlussaufgabe 2 — Verkehrssimulation constrains time to be simulated discretely in fixed
  steps.
    - The file task.md contains the assignment "Abschlussaufgabe 2 — Verkehrssimulation"
    - The document 'Abschlussaufgabe 2 — Verkehrssimulation (Version 1.1)' has a points constraint
  of 20 Punkte
    - ProgrammingWT2223-Final2 includes the Verkehrssimulation (traffic simulation) feature
    - The assignment is for the course "Programmieren"
    - The course 'Programmieren (WS 2022/23)' relates to Prof. Dr.-Ing. Anne Koziolek (instructor)
    - The assignment is for Wintersemester 2022/23
    - The assignment describes a Verkehrssimulation requiring design and implementation of a
  road-network simulation.
  </memories>
  <knowledge>
    - Identifiers are integers in [0, Integer.MAX_VALUE]
    - The `simulate [ticks]` command executes the given number of simulation steps and prints READY
  on success
    - The `load [path]` command loads the network from three files in the specified folder and
  prints READY on success
    - Multiple successful loads are allowed; a successful load replaces the current network
    - `position` may be called before the first `simulate` but after a successful `load`
    - The `position [ID]` command prints `Car [ID] on Street [S] with speed [v] and position [P]`
  </knowledge>
  <entity_paths>
    - ProgrammingWT2223-Final2 RELATES_TO Verkehrssimulation: ProgrammingWT2223-Final2 includes the
  Verkehrssimulation (traffic simulation) feature
    - Abschlussaufgabe 2 — Verkehrssimulation (Version 1.1) CONSTRAINT 20 Punkte: The document
  'Abschlussaufgabe 2 — Verkehrssimulation (Version 1.1)' has a points constraint of 20 Punkte
    - Abschlussaufgabe 2 — Verkehrssimulation (Version 1.1) RELATES_TO ProgrammingWT2223-Final2: The
   document 'Abschlussaufgabe 2 — Verkehrssimulation (Version 1.1)' relates to the project
  ProgrammingWT2223-Final2
    - Abschlussaufgabe 2 — Verkehrssimulation USES Modell: Abschlussaufgabe 2 — Verkehrssimulation
  uses a Modell as the simulation's abstract state representation.
    - Abschlussaufgabe 2 — Verkehrssimulation USES Ausführungslogik: Abschlussaufgabe 2 —
  Verkehrssimulation uses an Ausführungslogik that updates the model stepwise.
    - Abschlussaufgabe 2 — Verkehrssimulation CONSTRAINT 20 Punkte: The assignment 'Abschnitt:
  Abschlussaufgabe 2 — Verkehrssimulation' has an allocated score of 20 Punkte.
    - Abschlussaufgabe 2 — Verkehrssimulation CONSTRAINT Diskrete Zeitsimulation: Abschlussaufgabe 2
   — Verkehrssimulation constrains time to be simulated discretely in fixed steps.
    - Abschlussaufgabe 2 — Verkehrssimulation CONSTRAINT Tick: Time is discretely simulated in fixed
   simulation steps called Tick.
    - Abschlussaufgabe 2 — Verkehrssimulation RELATES_TO Institute of Information Security and
  Dependability: The assignment 'Abschnitt: Abschlussaufgabe 2 — Verkehrssimulation' is attributed
  to the group 'Institute of Information Security and Dependability'.
    - Abschlussaufgabe 2 — Verkehrssimulation RELATES_TO Verkehrssimulation: The assignment
  describes a Verkehrssimulation requiring design and implementation of a road-network simulation.
    - Verkehrssimulation USES Modell-/Ausführungslogik-Trennung: The Verkehrssimulation separates
  the model (abstraction) from the execution logic (stepwise updater)
    - Verkehrssimulation CONSTRAINT Diskrete Zeitschritte (Ticks): The simulation uses discrete time
   steps (Ticks) as the unit of simulated time
    - Verkehrssimulation RELATES_TO Modell: The Verkehrssimulation separates into a model and
  execution logic that updates the model stepwise.
    - Verkehrssimulation RELATES_TO Ausführungslogik: The Verkehrssimulation separates into a model
  and execution logic that updates the model stepwise.
    - Straßennetzwerk RELATES_TO Straßen: Straßennetzwerk relates to Straßen as one of its
  constituent elements.; A Straßennetzwerk in the simulation consists of Straßen and Straßenknoten
  (see img/network.png).; A Straßennetzwerk consists of Straßen and Straßenknoten
    - Straßennetzwerk RELATES_TO Straßenknoten: Straßennetzwerk relates to Straßenknoten as one of
  its constituent elements.; A Straßennetzwerk in the simulation consists of Straßen and
  Straßenknoten (see img/network.png).; A Straßennetzwerk consists of Straßen and Straßenknoten
    - ProgrammingWT2223-Final2 RELATES_TO Verkehrssimulation: ProgrammingWT2223-Final2 includes the
  Verkehrssimulation (traffic simulation) feature
    - Verkehrssimulation USES Modell-/Ausführungslogik-Trennung: The Verkehrssimulation separates
  the model (abstraction) from the execution logic (stepwise updater)
    - ProgrammingWT2223-Final2 RELATES_TO Verkehrssimulation: ProgrammingWT2223-Final2 includes the
  Verkehrssimulation (traffic simulation) feature
    - Verkehrssimulation CONSTRAINT Diskrete Zeitschritte (Ticks): The simulation uses discrete time
   steps (Ticks) as the unit of simulated time
    - ProgrammingWT2223-Final2 RELATES_TO Verkehrssimulation: ProgrammingWT2223-Final2 includes the
  Verkehrssimulation (traffic simulation) feature
    - Verkehrssimulation RELATES_TO Modell: The Verkehrssimulation separates into a model and
  execution logic that updates the model stepwise.
    - ProgrammingWT2223-Final2 RELATES_TO Verkehrssimulation: ProgrammingWT2223-Final2 includes the
  Verkehrssimulation (traffic simulation) feature
    - Verkehrssimulation RELATES_TO Ausführungslogik: The Verkehrssimulation separates into a model
  and execution logic that updates the model stepwise.
  </entity_paths>
  <entity_matches>
    - ProgrammingWT2223-Final2 (score: 1.00) — Course project repository for the final assignment
    - Abschlussaufgabe 2 — Verkehrssimulation (Version 1.1) (score: 0.83) — Assignment specification
   for the traffic simulation, version 1.1
    - Abschlussaufgabe 2 — Verkehrssimulation (score: 0.81) — Assignment document for the traffic
  simulation task
    - Verkehrssimulation (score: 0.81) — Traffic simulation feature: road-network and vehicle
  simulation
    - Straßennetzwerk (score: 0.75) — Road network entity used by the Verkehrssimulation
  </entity_matches>
  <insights>
    - Agent community around ProgrammingWT2223-Final2, Abschlussaufgabe 2 — Verkehrssimulation
  (Version 1.1), 20 Punkte. Relevant agent facts: The document 'Abschlussaufgabe 2 —
  Verkehrssimulation (Version 1.1)' has a points constraint of 20 Punkte; The document
  'Abschlussaufgabe 2 — Verkehrssimulation (Version 1.1)' relates to the project
  ProgrammingWT2223-Final2; ProgrammingWT2223-Final2 includes the Verkehrssimulation (traffic
  simulation) feature
    - Agent community around Abschlussaufgabe 2 — Verkehrssimulation, Verkehrssimulation,
  Modell-/Ausführungslogik-Trennung connects Diskrete Zeitsimulation, Ausführungslogik. Relevant
  agent facts: The simulation uses discrete time steps (Ticks) as the unit of simulated time; The
  Verkehrssimulation separates the model (abstraction) from the execution logic (stepwise updater);
  The file task.md contains the assignment "Abschlussaufgabe 2 — Verkehrssimulation"
    - Agent community around Straßennetzwerk, Straßen, Straßenknoten. Relevant agent facts: A
  Straßennetzwerk consists of Straßen and Straßenknoten; Straßennetzwerk relates to Straßen as one
  of its constituent elements.; Straßennetzwerk relates to Straßenknoten as one of its constituent
  elements.
    - Agent community around task.md, Institute of Information Security and Dependability,
  Wintersemester 2022/23. Relevant agent facts: The assignment is for Wintersemester 2022/23; The
  file task.md contains the assignment "Abschlussaufgabe 2 — Verkehrssimulation"; Prof. Dr.-Ing.
  Anne Koziolek is the instructor for the assignment
    - Agent community around Tick, Simulationsschritt. Relevant agent facts: Time is discretely
  simulated in fixed simulation steps called Tick.; Tick is the convention name used for each
  simulation step (Simulationsschritt).
  </insights>

● adaptive-memory extension active (role=requirements, memorySession=20260728-114200-req) - type
  /memory-help. MCP tools registered (memory=true, backlog=true).







Changes    +0 -0
Duration   3m 19s
Tokens     ↑ 34.8k (1.3k cached) • ↓ 1.1k (724 reasoning)
[delivery:requirements] Turn 11/12 complete
[delivery:requirements] Turn 12/12: Finalize backlog creation
● [adaptive-context] GET http://localhost:4444/api/agents/7af7809a-adce-4fa9-9609-fd61059de0ff/sessi
  ons/20260728-114200-req/context?input=%2Ffinalize&project=ProgrammingWT2223-Final2&role=requiremen
  ts&task=Understand+the+wt2223final02+and+create+its+backlog+when+prompted.&timestamp=2026-07-28T09
  %3A45%3A25.440Z&domain=wt2223final02

● Injected adaptive memory context into system prompt

● <adaptive_rules>
  - Choose appropriate visibilities for classes, methods, and attributes.
  - Comments should be written consistently in either English or German.
  - Do not use the default package.
  - Interactive program outputs must match the specification exactly, including case, spaces, and
  line breaks.
  - Program code must be written in English.
  - Program code must compile without errors.
  - Source files must not exceed a maximum line width of 120 characters.
  - Student solutions may only use java.util.Scanner and elements from the packages java.lang,
  java.io, java.util, java.util.regex, java.util.stream and java.util.function.
  - Student solutions must use Java SE 17.
  - System.exit(), Runtime.exit() or similar must not be used.
  - Submit only your .java files online with the correct folder structure and as individual work.
  - Assignment submission is automatically scored zero if any of the mandatory rules listed in the
  document are violated.
  - Mandatory tests must be passed before other tests are evaluated.
  - Implementation must not use System.exit() or other excluded functions to implement quit
  - Placeholders in square brackets like [path] are never part of the actual program output.
  - Follow all Checkstyle rules; specially marked Checkstyle rules cause automatic zero points if
  violated.
  - The program must be able to simulate several hundred cars
  - When filling a street at load the first car is placed at the end; subsequent cars follow with 10
   m spacing
  - During `load` the network must be validated for completeness, correctness and adherence to all
  value ranges
  - File paths passed to `load` must not contain spaces
  - Loading requires three input files in one folder: streets.sim, crossings.sim, cars.sim
  - The program must use the provided SimulationFileLoader class to read the files
  - Standard input and output streams must never be reassigned.
  - Use System.in for input unless otherwise specified.
  - Use System.out for output unless otherwise specified.
  - The `quit` command must terminate the program and must work in every situation
  - Invalid commands (incorrect keyword or parameters) must produce an error message printed to the
  command line.
  - Crossing green-phase duration (for Dauer>0) must be integer in [3,10] Ticks
  - A valid command always consists of a keyword and optionally a space-separated parameter.
  </adaptive_rules>

  <memories>
    - The document 'Abschlussaufgabe 2 — Verkehrssimulation (Version 1.1)' relates to the project
  ProgrammingWT2223-Final2
    - ProgrammingWT2223-Final2 includes the Verkehrssimulation (traffic simulation) feature
  </memories>
  <entity_paths>
    - ProgrammingWT2223-Final2 RELATES_TO Verkehrssimulation: ProgrammingWT2223-Final2 includes the
  Verkehrssimulation (traffic simulation) feature
    - task.md RELATES_TO Wintersemester 2022/23: The assignment is for Wintersemester 2022/23
    - task.md RELATES_TO Abschlussaufgabe 2 — Verkehrssimulation: The file task.md contains the
  assignment "Abschlussaufgabe 2 — Verkehrssimulation"
    - task.md RELATES_TO Prof. Dr.-Ing. Anne Koziolek: Prof. Dr.-Ing. Anne Koziolek is the
  instructor for the assignment
    - task.md RELATES_TO Programmieren: The assignment is for the course "Programmieren"
    - task.md RELATES_TO 20 Punkte: The assignment is worth 20 Punkte
    - task.md RELATES_TO Institute of Information Security and Dependability: The responsible group
  for the assignment is Institute of Information Security and Dependability
    - task.md RELATES_TO Version: 1.1: The document version is 1.1; The document/assignment version
  is '1.1'.
    - Abschlussaufgabe 2 — Verkehrssimulation USES Modell: Abschlussaufgabe 2 — Verkehrssimulation
  uses a Modell as the simulation's abstract state representation.
    - Abschlussaufgabe 2 — Verkehrssimulation USES Ausführungslogik: Abschlussaufgabe 2 —
  Verkehrssimulation uses an Ausführungslogik that updates the model stepwise.
    - Abschlussaufgabe 2 — Verkehrssimulation CONSTRAINT 20 Punkte: The assignment 'Abschnitt:
  Abschlussaufgabe 2 — Verkehrssimulation' has an allocated score of 20 Punkte.
    - Abschlussaufgabe 2 — Verkehrssimulation CONSTRAINT Diskrete Zeitsimulation: Abschlussaufgabe 2
   — Verkehrssimulation constrains time to be simulated discretely in fixed steps.
    - Abschlussaufgabe 2 — Verkehrssimulation CONSTRAINT Tick: Time is discretely simulated in fixed
   simulation steps called Tick.
    - Abschlussaufgabe 2 — Verkehrssimulation RELATES_TO Institute of Information Security and
  Dependability: The assignment 'Abschnitt: Abschlussaufgabe 2 — Verkehrssimulation' is attributed
  to the group 'Institute of Information Security and Dependability'.
    - Abschlussaufgabe 2 — Verkehrssimulation RELATES_TO Verkehrssimulation: The assignment
  describes a Verkehrssimulation requiring design and implementation of a road-network simulation.
    - Abschlussaufgabe 2 — Verkehrssimulation (Version 1.1) CONSTRAINT 20 Punkte: The document
  'Abschlussaufgabe 2 — Verkehrssimulation (Version 1.1)' has a points constraint of 20 Punkte
    - Abschlussaufgabe 2 — Verkehrssimulation (Version 1.1) RELATES_TO ProgrammingWT2223-Final2: The
   document 'Abschlussaufgabe 2 — Verkehrssimulation (Version 1.1)' relates to the project
  ProgrammingWT2223-Final2
    - ProgrammingWT2223-Final2 RELATES_TO Verkehrssimulation: ProgrammingWT2223-Final2 includes the
  Verkehrssimulation (traffic simulation) feature
    - Verkehrssimulation USES Modell-/Ausführungslogik-Trennung: The Verkehrssimulation separates
  the model (abstraction) from the execution logic (stepwise updater)
    - ProgrammingWT2223-Final2 RELATES_TO Verkehrssimulation: ProgrammingWT2223-Final2 includes the
  Verkehrssimulation (traffic simulation) feature
    - Verkehrssimulation CONSTRAINT Diskrete Zeitschritte (Ticks): The simulation uses discrete time
   steps (Ticks) as the unit of simulated time
    - ProgrammingWT2223-Final2 RELATES_TO Verkehrssimulation: ProgrammingWT2223-Final2 includes the
  Verkehrssimulation (traffic simulation) feature
    - Verkehrssimulation RELATES_TO Modell: The Verkehrssimulation separates into a model and
  execution logic that updates the model stepwise.
  </entity_paths>
  <entity_matches>
    - ProgrammingWT2223-Final2 (score: 1.00) — Course project repository for the final assignment
    - task.md (score: 0.67) — Markdown file containing the assignment section
    - Abschlussaufgabe 2 — Verkehrssimulation (score: 0.67) — Assignment document for the traffic
  simulation task
    - Abschlussaufgabe 2 — Verkehrssimulation (Version 1.1) (score: 0.66) — Assignment specification
   for the traffic simulation, version 1.1
    - Institute of Information Security and Dependability (score: 0.66) — Group responsible for the
  assignment
  </entity_matches>
  <insights>
    - Agent community around ProgrammingWT2223-Final2, Abschlussaufgabe 2 — Verkehrssimulation
  (Version 1.1), 20 Punkte. Relevant agent facts: The document 'Abschlussaufgabe 2 —
  Verkehrssimulation (Version 1.1)' has a points constraint of 20 Punkte; The document
  'Abschlussaufgabe 2 — Verkehrssimulation (Version 1.1)' relates to the project
  ProgrammingWT2223-Final2; ProgrammingWT2223-Final2 includes the Verkehrssimulation (traffic
  simulation) feature
    - Agent community around task.md, Institute of Information Security and Dependability,
  Wintersemester 2022/23. Relevant agent facts: The assignment is for Wintersemester 2022/23; The
  file task.md contains the assignment "Abschlussaufgabe 2 — Verkehrssimulation"; Prof. Dr.-Ing.
  Anne Koziolek is the instructor for the assignment
    - Agent community around Abschlussaufgabe 2 — Verkehrssimulation, Verkehrssimulation,
  Modell-/Ausführungslogik-Trennung connects Diskrete Zeitsimulation, Ausführungslogik. Relevant
  agent facts: The simulation uses discrete time steps (Ticks) as the unit of simulated time; The
  Verkehrssimulation separates the model (abstraction) from the execution logic (stepwise updater);
  The file task.md contains the assignment "Abschlussaufgabe 2 — Verkehrssimulation"
    - Agent community around Prof. Dr.-Ing. Anne Koziolek, Programmieren (WS 2022/23). Relevant
  agent facts: The course 'Programmieren (WS 2022/23)' relates to Prof. Dr.-Ing. Anne Koziolek
  (instructor); Prof. Dr.-Ing. Anne Koziolek is the instructor for the assignment
    - Agent community around Tick, Simulationsschritt. Relevant agent facts: Time is discretely
  simulated in fixed simulation steps called Tick.; Tick is the convention name used for each
  simulation step (Simulationsschritt).
  </insights>

● adaptive-memory extension active (role=requirements, memorySession=20260728-114200-req) - type
  /memory-help. MCP tools registered (memory=true, backlog=true).



● Create Backlog (MCP: agentic-memory) · Diskrete Zeitschritt-Verkehrssimulation (Ticks) eines Stra…
  └ Backlog "Verkehrssimulation — Abschlussaufgabe 2" created with id: ae7f655b-c...

● Request failed due to a transient API error. Retrying...



● Create Tasks (MCP: agentic-memory) · backlogId: "ae7f655b-c361-434e-a943-94fe4d1d15e1", tasks: [2…
  └ Created 21 task(s) in backlog ae7f655b-c361-434e-a943-94fe4d1d15e1.



● Get Tasks (MCP: agentic-memory) · backlogId: "ae7f655b-c361-434e-a943-94fe4d1d15e1"
  └ Output too large to read at once (25.7 KB). Saved to: /var/folders/fs/p8fxyq6...







Changes    +0 -0
Duration   5m 58s
Tokens     ↑ 163.1k (120.2k cached) • ↓ 6.4k (2.0k reasoning)
[delivery:requirements] Turn 12/12 complete
[delivery:requirements] Exercise requirements stream complete — advancing to backlog discovery
[delivery] Phase B: Backlog discovery
[delivery] Using backlog: "Verkehrssimulation — Abschlussaufgabe 2" (ae7f655b-c361-434e-a943-94fe4d1d15e1)
[delivery] Backlog: "Verkehrssimulation — Abschlussaufgabe 2" (ae7f655b-c361-434e-a943-94fe4d1d15e1)

[delivery] Phase C: Coding

● [adaptive-context] GET
  http://localhost:4444/api/agents/7af7809a-adce-4fa9-9609-fd61059de0ff/sessions/20260728-114200-cod
  ing/context?input=Implement+%22Verkehrssimulation+%E2%80%94+Abschlussaufgabe+2%22+backlog%3A+Stree
  t+Datenklasse+implementieren%3B+StreetNode+Datenklasse+implementieren+%28Kreisel%2FKreuzung%29%3B+
  Car+Datenklasse+implementieren%3B+crossings.sim+parsen%3B+cars.sim+parsen%3B+SimulationFileLoader+
  integrieren+und+streets.sim+parsen%3B+Netzwerk+zusammensetzen%3A+Stra%C3%9Fen%E2%86%94Knoten+verbi
  nden%2C+Autos+platzieren%3B+Netzwerkvalidierung%3A+Vollst%C3%A4ndigkeit%2C+Wertebereiche%2C+Autoli
  mit%3B+Auto-Physik%3A+Geschwindigkeitsupdate+und+Grundbewegung+implementieren%3B+Auto-Interaktion%
  3A+Mindestabstand%2C+Stoppen+und+Abbiegen+an+Knoten%3B+%C3%9Cberhol-Logik+f%C3%BCr+Stra%C3%9Fen+mi
  t+%C3%9Cberholspur+implementieren%3B+Einzelstra%C3%9Fen-Update%3A+Autos+von+Ende+nach+Anfang+iteri
  eren%3B+Kreuzungs-Gr%C3%BCnphasen-Update+implementieren%3B+Vollst%C3%A4ndige+Tick-Orchestrierung+i
  mplementieren%3B+CLI-Hauptschleife+mit+Befehlserkennung+implementieren%3B+load-Befehl+implementier
  en%3B+simulate-Befehl+implementieren%3B+position-Befehl+implementieren%3B+quit-Befehl+implementier
  en+%28ohne+System.exit%29%3B+Einheitliches+Fehlermeldungsformat+implementieren%3B+Edge+Cases%3A+le
  eres+Netzwerk%2C+mehrfaches+Laden%2C+Befehlsreihenfolge&project=ProgrammingWT2223-Final2&role=codi
  ng&task=Implement+backlog+%22Verkehrssimulation+%E2%80%94+Abschlussaufgabe+2%22+in+the+selected+ex
  ercise+repository.&timestamp=2026-07-28T09%3A48%3A03.854Z&domain=wt2223final02

● Injected adaptive memory context into system prompt

● <adaptive_rules>
  - During `load` the network must be validated for completeness, correctness and adherence to all
  value ranges
  - File paths passed to `load` must not contain spaces
  - Loading requires three input files in one folder: streets.sim, crossings.sim, cars.sim
  - The program must use the provided SimulationFileLoader class to read the files
  - The program must be able to simulate several hundred cars
  - streets.sim lines must follow `[Startknoten]-->[Endknoten]:[Länge]m,[Art]x,[Limit]max` with no
  spaces; [Art] is 1 or 2
  - When filling a street at load the first car is placed at the end; subsequent cars follow with 10
   m spacing
  - cars.sim lines must follow `[ID],[Straße],[v],[a]` with no spaces
  - Errors from SimulationFileLoader must be handled sensibly (e.g., shown as an error message)
  - crossings.sim lines must follow `[ID]:[Dauer]t` where Dauer==0 indicates roundabout and Dauer>0
  indicates crossing
  - Submit only your .java files online with the correct folder structure and as individual work.
  - Initial green phase for all crossings is 0 (first connected street has green)
  - Cars placed on a street at load must respect a minimum distance of 10 m between cars
  - Street length must be integer in [10,10000] meters and max speed integer in [5,40] m/Tick
  - Street nodes may have up to four incoming and four outgoing streets and must have at least one
  incoming and one outgoing street
  - A valid network may contain no cars; a network with no nodes, streets, and cars can still be
  valid
  - The Javadoc author tag must contain only the student's u-Kürzel.
  - Crossing green-phase duration (for Dauer>0) must be integer in [3,10] Ticks
  - Implementation must not use System.exit() or other excluded functions to implement quit
  - Pass the path string directly to the SimulationFileLoader constructor; the path string itself
  need not be validated
  - Car desired speed must be integer in [20,40] m/Tick and acceleration integer in [1,10] m/Tick²
  - No crossing may exist without streets (i.e., crossings must be connected to streets)
  - At initialization cars start with speed 0 m/Tick and desired direction 0
  - Lengths, distances, speeds, accelerations, and time units must be integers (no fractions)
  - Assignment submission is automatically scored zero if any of the mandatory rules listed in the
  document are violated.
  - Mandatory tests must be passed before other tests are evaluated.
  - Follow all Checkstyle rules; specially marked Checkstyle rules cause automatic zero points if
  violated.
  - `simulate` must error if ticks is invalid or negative or if called before the first successful
  load
  - The `quit` command must terminate the program and must work in every situation
  - Choose appropriate visibilities for classes, methods, and attributes.
  - Comments should be written consistently in either English or German.
  - Do not use the default package.
  - Interactive program outputs must match the specification exactly, including case, spaces, and
  line breaks.
  - Program code must be written in English.
  - Program code must compile without errors.
  - Source files must not exceed a maximum line width of 120 characters.
  - Student solutions may only use java.util.Scanner and elements from the packages java.lang,
  java.io, java.util, java.util.regex, java.util.stream and java.util.function.
  - Student solutions must use Java SE 17.
  - System.exit(), Runtime.exit() or similar must not be used.
  - Error messages must be a single line and contain no line breaks.
  - Error messages must begin with the character sequence 'Error:' with no leading spaces.
  - Error messages must not contain special characters such as line breaks or umlauts.
  - Do not add personal data other than your u-Kürzel to submissions.
  - Standard input and output streams must never be reassigned.
  - Use System.in for input unless otherwise specified.
  - Use System.out for output unless otherwise specified.
  - Placeholders in square brackets like [path] are never part of the actual program output.
  </adaptive_rules>

  <memories>
    - The document 'Abschlussaufgabe 2 — Verkehrssimulation (Version 1.1)' relates to the project
  ProgrammingWT2223-Final2
    - The document 'task.md (Abschlussaufgabe 2 — Verkehrssimulation)' is the Abschlussaufgabe 2 of
  the course Programmieren (WS 2022/23) taught by Prof. Dr.-Ing. Anne Koziolek.
    - Abschlussaufgabe 2 — Verkehrssimulation uses an Ausführungslogik that updates the model
  stepwise.
    - The file task.md contains the assignment "Abschlussaufgabe 2 — Verkehrssimulation"
    - The complete example interaction for Abschlussaufgabe 2 — Verkehrssimulation is provided in
  examples.md
    - ProgrammingWT2223-Final2 includes the Verkehrssimulation (traffic simulation) feature
    - ProgrammingWT2223-Final2 enforces Simulationsschritt update order: first update all Straßen
  ascending by identifier, then update all Kreuzungen ascending by identifier.
  </memories>
  <entity_paths>
    - ProgrammingWT2223-Final2 USES load [path]: The repository exposes a CLI command 'load [path]'.
    - ProgrammingWT2223-Final2 CONSTRAINT Error message format: All error messages must begin with
  the exact prefix `Error:` and must be a single line without line breaks.; All invalid commands or
  incorrect parameters must produce a single-line error message that begins with the exact prefix
  `Error:`.
    - ProgrammingWT2223-Final2 CONSTRAINT Element Identifier Range: ProgrammingWT2223-Final2
  CONSTRAINT Element identifiers are integers per element type in range [0, Integer.MAX_VALUE].
    - ProgrammingWT2223-Final2 CONSTRAINT Error message format: begins with 'Error:' and is
  single-line: All error messages must begin with the exact string 'Error:' and be a single line.
    - ProgrammingWT2223-Final2 CONSTRAINT Simulationschritt: ProgrammingWT2223-Final2 enforces
  Simulationsschritt update order: first update all Straßen ascending by identifier, then update all
   Kreuzungen ascending by identifier.
    - ProgrammingWT2223-Final2 RELATES_TO command-line interface: ProgrammingWT2223-Final2 uses a
  command-line interface for user interaction after program start.
    - ProgrammingWT2223-Final2 RELATES_TO CLI commands (load, simulate, position, quit):
  ProgrammingWT2223-Final2 exposes a command-line interface with commands: load, simulate, position,
   and quit.
    - ProgrammingWT2223-Final2 RELATES_TO Verkehrssimulation: ProgrammingWT2223-Final2 includes the
  Verkehrssimulation (traffic simulation) feature
    - Abschlussaufgabe 2 — Verkehrssimulation (Version 1.1) CONSTRAINT 20 Punkte: The document
  'Abschlussaufgabe 2 — Verkehrssimulation (Version 1.1)' has a points constraint of 20 Punkte
    - Abschlussaufgabe 2 — Verkehrssimulation (Version 1.1) RELATES_TO ProgrammingWT2223-Final2: The
   document 'Abschlussaufgabe 2 — Verkehrssimulation (Version 1.1)' relates to the project
  ProgrammingWT2223-Final2
    - Abschlussaufgabe 2 — Verkehrssimulation USES Modell: Abschlussaufgabe 2 — Verkehrssimulation
  uses a Modell as the simulation's abstract state representation.
    - Abschlussaufgabe 2 — Verkehrssimulation USES Ausführungslogik: Abschlussaufgabe 2 —
  Verkehrssimulation uses an Ausführungslogik that updates the model stepwise.
    - Abschlussaufgabe 2 — Verkehrssimulation CONSTRAINT 20 Punkte: The assignment 'Abschnitt:
  Abschlussaufgabe 2 — Verkehrssimulation' has an allocated score of 20 Punkte.
    - Abschlussaufgabe 2 — Verkehrssimulation CONSTRAINT Diskrete Zeitsimulation: Abschlussaufgabe 2
   — Verkehrssimulation constrains time to be simulated discretely in fixed steps.
    - Abschlussaufgabe 2 — Verkehrssimulation CONSTRAINT Tick: Time is discretely simulated in fixed
   simulation steps called Tick.
    - Abschlussaufgabe 2 — Verkehrssimulation RELATES_TO cars.sim: The assignment requires exactly
  three simulation files: streets.sim, crossings.sim, and cars.sim.
    - Abschlussaufgabe 2 — Verkehrssimulation RELATES_TO streets.sim: The assignment requires
  exactly three simulation files: streets.sim, crossings.sim, and cars.sim.
    - Abschlussaufgabe 2 — Verkehrssimulation RELATES_TO crossings.sim: The assignment requires
  exactly three simulation files: streets.sim, crossings.sim, and cars.sim.
    - Abschlussaufgabe 2 — Verkehrssimulation RELATES_TO Institute of Information Security and
  Dependability: The assignment 'Abschnitt: Abschlussaufgabe 2 — Verkehrssimulation' is attributed
  to the group 'Institute of Information Security and Dependability'.
    - Abschlussaufgabe 2 — Verkehrssimulation RELATES_TO Verkehrssimulation: The assignment
  describes a Verkehrssimulation requiring design and implementation of a road-network simulation.
  </entity_paths>
  <entity_matches>
    - ProgrammingWT2223-Final2 (score: 1.00) — Course repository and traffic simulation project.
    - Abschlussaufgabe 2 — Verkehrssimulation (Version 1.1) (score: 0.87) — Assignment specification
   for the traffic simulation, version 1.1
    - Abschlussaufgabe 2 — Verkehrssimulation (score: 0.86) — Assignment document describing the
  traffic simulation task.
    - Verkehrssimulation (score: 0.84) — Die in task.md beschriebene Verkehrssimulation.
    - task.md (Abschlussaufgabe 2 — Verkehrssimulation) (score: 0.81) — Task document segment
  specifying the traffic simulation assignment.
  </entity_matches>
  <insights>
    - Agent community around ProgrammingWT2223-Final2, Error message format, Element Identifier
  Range connects command-line interface, CLI commands (load, simulate, position, quit). Relevant
  agent facts: The document 'Abschlussaufgabe 2 — Verkehrssimulation (Version 1.1)' relates to the
  project ProgrammingWT2223-Final2; ProgrammingWT2223-Final2 includes the Verkehrssimulation
  (traffic simulation) feature; All error messages must begin with the exact prefix `Error:` and
  must be a single line without line breaks.
    - Agent community around Abschlussaufgabe 2 — Verkehrssimulation (Version 1.1), 20 Punkte.
  Relevant agent facts: The document 'Abschlussaufgabe 2 — Verkehrssimulation (Version 1.1)' has a
  points constraint of 20 Punkte; The document 'Abschlussaufgabe 2 — Verkehrssimulation (Version
  1.1)' relates to the project ProgrammingWT2223-Final2; The assignment is worth 20 Punkte
    - Agent community around Abschlussaufgabe 2 — Verkehrssimulation, SimulationFileLoader, Diskrete
   Zeitsimulation connects cars.sim format (ID,Straße,v,a), SimulationFileLoader API: three methods
  returning List<String> and requiring validation, streets.sim format and ID-assignment, load [path]
   command. Relevant agent facts: The CLI command 'load [path]' uses the SimulationFileLoader
  implementation and receives the provided path string.; The SimulationFileLoader class constructor
  takes a folder path and provides three methods (one per simulation file) that read each file and
  return its contents as a List<String>; syntactic validation of the lines must be performed by the
  caller.; The load [path] command uses the SimulationFileLoader and passes the [path] string
  directly to its constructor; the path may be relative or absolute and cannot contain spaces;
  loader errors must be propagated.
    - Agent community around Verkehrssimulation, Modell-/Ausführungslogik-Trennung, Diskrete
  Zeitschritte (Ticks). Relevant agent facts: The simulation uses discrete time steps (Ticks) as the
   unit of simulated time; The Verkehrssimulation separates the model (abstraction) from the
  execution logic (stepwise updater); Verkehrssimulation requires that every simulation element has
  an identifier unique per element type (integer) and that lengths, distances, speeds, accelerations
   and time units are represented as integers (no fractional precision).
    - Agent community around task.md (Abschlussaufgabe 2 — Verkehrssimulation), Programmieren (WS
  2022/23) — Prof. Dr.-Ing. Anne Koziolek. Relevant agent facts: The document 'task.md
  (Abschlussaufgabe 2 — Verkehrssimulation)' is the Abschlussaufgabe 2 of the course Programmieren
  (WS 2022/23) taught by Prof. Dr.-Ing. Anne Koziolek.; The document 'task.md (Abschlussaufgabe 2 —
  Verkehrssimulation)' defines the Verkehrssimulation feature.
  </insights>

● adaptive-memory extension active (role=coding, memorySession=20260728-114200-coding) - type
  /memory-help. MCP tools registered (memory=true, backlog=true).

● List directory .
  └ 19 files found

✗ Get Scratchpad (MCP: agentic-memory) · sessionId: "ae6ae71b-dc2f-4778-b396-e7f967a5052b"
  └ MCP server 'agentic-memory': Forbidden.

● Claim Next Task (MCP: agentic-memory) · backlogId: "ae7f655b-c361-434e-a943-94fe4d1d15e1"
  └ Claimed task "Street Datenklasse implementieren" (0c425df3-1ff9-4640-96f7-3e9...

● [turn-persistence] [turn-persistence] turn_end SKIPPED ai: no assistant message with content



● Read task.md
  └ 1 line read

● List directory src
  └ 1 file found

● Read pom.xml
  └ 31 lines read

● Search (glob)
  │ "**/*" in src
  └ 1 file found

● Search (glob)
  │ "**/*.java"
  └ No matches found

● [turn-persistence] [turn-persistence] turn_end SKIPPED ai: no assistant message with content

✗ view_range /Users/nghalinh2711/Development/student-repos/wt2223final02/task.md · path: "/Users/ng…
  └ Tool 'view_range' does not exist.

● Read guidelines.md
  └ 114 lines read

● Read checkstyle.xml
  └ 353 lines read

● [turn-persistence] [turn-persistence] turn_end SKIPPED ai: no assistant message with content

● List directory listings
  └ 1 file found

● Read examples.md
  └ 367 lines read

● [turn-persistence] [turn-persistence] turn_end SKIPPED ai: no assistant message with content

● List directory target
  └ 3 files found

● List directory load
  └ 1 file found

● Search (glob)
  │ "**/*SimulationFileLoader*"
  └ 1 file found

● [turn-persistence] [turn-persistence] turn_end SKIPPED ai: no assistant message with content

● Decompile SimulationFileLoader class (shell)
  │ cd /Users/nghalinh2711/Development/student-repos/wt2223final02 && javap -c -p
  │ target/classes/edu/kit/kastel/trafficsimulation/io/SimulationFileLoader.class 2>/dev/null ||
  │ echo "javap not available, trying other method"
  └ 97 lines…

● [turn-persistence] [turn-persistence] turn_end SKIPPED ai: no assistant message with content

● Request failed due to a transient API error. Retrying...

● Get Tasks (MCP: agentic-memory) · backlogId: "ae7f655b-c361-434e-a943-94fe4d1d15e1"
  └ Output too large to read at once (25.7 KB). Saved to: /var/folders/fs/p8fxyq6...

● [turn-persistence] [turn-persistence] turn_end SKIPPED ai: no assistant message with content

● Read task list output (shell)
  │ cat
  │ /var/folders/fs/p8fxyq611_d7_glm0yth2st80000gn/T/1785232136050-copilot-tool-output-ypifhn.txt |
  │ head -200
  └ 6 lines…

● [turn-persistence] [turn-persistence] turn_end SKIPPED ai: no assistant message with content

● Extract task summaries (shell)
  │ grep -oP '\[in_progress\]|\[to_do\]|\[blocked\]|\(p\d+\) [^—]+'
  │ /var/folders/fs/p8fxyq611_d7_glm0yth2st80000gn/T/copilot-tool-output-1785232138702-4x7zct.txt
  │ 2>/dev/null || grep -oE '\[(in_progress|to_do|blocked)\].*'
  │ /var/folders/fs/p8fxyq611_d7_glm0yth2st80000gn/T/copilot-tool-output-1785232138702-4x7zct.txt |
  │ head -50
  └ 22 lines…

● [turn-persistence] [turn-persistence] turn_end SKIPPED ai: no assistant message with content



● Create package directory structure (shell)
  │ mkdir -p /Users/nghalinh2711/Development/student-repos/wt2223final02/src/edu/kit/kastel/traffics
  │ imulation/model
  └ 1 line…

● Create Street.java +158
  └ src/edu/kit/kastel/trafficsimulation/model/Street.java

● [turn-persistence] [turn-persistence] turn_end SKIPPED ai: no assistant message with content



● Create Car.java +132
  └ src/edu/kit/kastel/trafficsimulation/model/Car.java

● Compile Street and Car classes (shell)
  │ cd /Users/nghalinh2711/Development/student-repos/wt2223final02 && javac -d target/classes
  │ -sourcepath src src/edu/kit/kastel/trafficsimulation/model/Street.java
  │ src/edu/kit/kastel/trafficsimulation/model/Car.java 2>&1
  └ 1 line…

● [turn-persistence] [turn-persistence] turn_end SKIPPED ai: no assistant message with content



● Update Task (MCP: agentic-memory) · backlogId: "ae7f655b-c361-434e-a943-94fe4d1d15e1", taskId: "0…
  └ Task "Street Datenklasse implementieren" (0c425df3-1ff9-4640-96f7-3e9ec56c903...

● Claim Next Task (MCP: agentic-memory) · backlogId: "ae7f655b-c361-434e-a943-94fe4d1d15e1"
  └ Claimed task "StreetNode Datenklasse implementieren (Kreisel/Kreuzung)" (2827...

● [turn-persistence] [turn-persistence] turn_end SKIPPED ai: no assistant message with content

● Create StreetNode.java +158
  └ src/edu/kit/kastel/trafficsimulation/model/StreetNode.java

● [turn-persistence] [turn-persistence] turn_end SKIPPED ai: no assistant message with content

● Compile StreetNode class (shell)
  │ cd /Users/nghalinh2711/Development/student-repos/wt2223final02 && javac -d target/classes
  │ -sourcepath src src/edu/kit/kastel/trafficsimulation/model/StreetNode.java 2>&1
  └ 1 line…

● [turn-persistence] [turn-persistence] turn_end SKIPPED ai: no assistant message with content



● Update Task (MCP: agentic-memory) · state: "done", taskId: "2827166e-fb07-413a-a355-c93fa625bd4a"…
  └ Task "StreetNode Datenklasse implementieren (Kreisel/Kreuzung)" (2827166e-fb0...

● Claim Next Task (MCP: agentic-memory) · backlogId: "ae7f655b-c361-434e-a943-94fe4d1d15e1"
  └ Claimed task "Car Datenklasse implementieren" (02e2a236-36a6-4350-b71c-da2ff0...

● [turn-persistence] [turn-persistence] turn_end SKIPPED ai: no assistant message with content



✗ Edit Car.java
  │ src/edu/kit/kastel/trafficsimulation/model/Car.java
  └ Invalid inputs: new_str is required

● Edit Car.java +13 -1
  └ src/edu/kit/kastel/trafficsimulation/model/Car.java

● [turn-persistence] [turn-persistence] turn_end SKIPPED ai: no assistant message with content

● Compile updated Car class (shell)
  │ cd /Users/nghalinh2711/Development/student-repos/wt2223final02 && javac -d target/classes
  │ -sourcepath src src/edu/kit/kastel/trafficsimulation/model/Car.java 2>&1
  └ 1 line…

● [turn-persistence] [turn-persistence] turn_end SKIPPED ai: no assistant message with content

● Compile all model classes (shell)
  │ cd /Users/nghalinh2711/Development/student-repos/wt2223final02 && javac -d target/classes
  │ -sourcepath src src/edu/kit/kastel/trafficsimulation/model/*.java 2>&1
  └ 1 line…

● [turn-persistence] [turn-persistence] turn_end SKIPPED ai: no assistant message with content



● Update Task (MCP: agentic-memory) · state: "done", taskId: "02e2a236-36a6-4350-b71c-da2ff02d3fe4"…
  └ Task "Car Datenklasse implementieren" (02e2a236-36a6-4350-b71c-da2ff02d3fe4) ...

● Claim Next Task (MCP: agentic-memory) · backlogId: "ae7f655b-c361-434e-a943-94fe4d1d15e1"
  └ Claimed task "crossings.sim parsen" (fcd18355-fb60-4352-9586-060b640f655a) an...

● [turn-persistence] [turn-persistence] turn_end SKIPPED ai: no assistant message with content



● List directory load/invalid

● List directory files
  └ 6 files found

● List simulation file directories (shell)
  │ cd /Users/nghalinh2711/Development/student-repos/wt2223final02 && for d in files/basic
  │ files/advanced files/advanced2 files/dense files/trafficjam load/invalid; do echo "=== $d ===";
  │ ls "$d" 2>/dev/null || echo "(empty)"; echo; done
  └ 27 lines…

● [turn-persistence] [turn-persistence] turn_end SKIPPED ai: no assistant message with content

✗ Create CrossingParser.java
  │ src/edu/kit/kastel/trafficsimulation/io/CrossingParser.java
  └ Parent directory does not exist

● [turn-persistence] [turn-persistence] turn_end SKIPPED ai: no assistant message with content

● Create io package directory (shell)
  │ mkdir -p /Users/nghalinh2711/Development/student-repos/wt2223final02/src/edu/kit/kastel/traffics
  │ imulation/io
  └ 1 line…

● [turn-persistence] [turn-persistence] turn_end SKIPPED ai: no assistant message with content

● Create ParseException.java +20
  └ src/edu/kit/kastel/trafficsimulation/io/ParseException.java

● [turn-persistence] [turn-persistence] turn_end SKIPPED ai: no assistant message with content

● Create CrossingParser.java +86
  └ src/edu/kit/kastel/trafficsimulation/io/CrossingParser.java

● [turn-persistence] [turn-persistence] turn_end SKIPPED ai: no assistant message with content

● Compile CrossingParser and ParseException (shell)
  │ cd /Users/nghalinh2711/Development/student-repos/wt2223final02 && javac -d target/classes
  │ -sourcepath src src/edu/kit/kastel/trafficsimulation/io/CrossingParser.java
  │ src/edu/kit/kastel/trafficsimulation/io/ParseException.java 2>&1
  └ 12 lines…

● [turn-persistence] [turn-persistence] turn_end SKIPPED ai: no assistant message with content

● Compile with classpath including SimulationFileLoader (shell)
  │ cd /Users/nghalinh2711/Development/student-repos/wt2223final02 && javac -d target/classes
  │ -sourcepath src -cp target/classes src/edu/kit/kastel/trafficsimulation/io/CrossingParser.java
  │ src/edu/kit/kastel/trafficsimulation/io/ParseException.java 2>&1
  └ 1 line…

● [turn-persistence] [turn-persistence] turn_end SKIPPED ai: no assistant message with content



● Update Task (MCP: agentic-memory) · state: "done", taskId: "fcd18355-fb60-4352-9586-060b640f655a"…
  └ Task "crossings.sim parsen" (fcd18355-fb60-4352-9586-060b640f655a) updated to...

● Claim Next Task (MCP: agentic-memory) · backlogId: "ae7f655b-c361-434e-a943-94fe4d1d15e1"
  └ Claimed task "cars.sim parsen" (14d0ae02-a003-420c-a5a4-ce6aa9048b34) and mar...

● [turn-persistence] [turn-persistence] turn_end SKIPPED ai: no assistant message with content

● Create CarParser.java +86
  └ src/edu/kit/kastel/trafficsimulation/io/CarParser.java

● [turn-persistence] [turn-persistence] turn_end SKIPPED ai: no assistant message with content

● Compile CarParser (shell)
  │ cd /Users/nghalinh2711/Development/student-repos/wt2223final02 && javac -d target/classes
  │ -sourcepath src -cp target/classes src/edu/kit/kastel/trafficsimulation/io/CarParser.java 2>&1
  └ 1 line…

● [turn-persistence] [turn-persistence] turn_end SKIPPED ai: no assistant message with content

● Update Task (MCP: agentic-memory) · state: "done", taskId: "14d0ae02-a003-420c-a5a4-ce6aa9048b34"…
  └ Task "cars.sim parsen" (14d0ae02-a003-420c-a5a4-ce6aa9048b34) updated to stat...

● [turn-persistence] [turn-persistence] turn_end SKIPPED ai: no assistant message with content

● Claim Next Task (MCP: agentic-memory) · backlogId: "ae7f655b-c361-434e-a943-94fe4d1d15e1"
  └ Claimed task "SimulationFileLoader integrieren und streets.sim parsen" (434d8...

● [turn-persistence] [turn-persistence] turn_end SKIPPED ai: no assistant message with content

● Create StreetParser.java +120
  └ src/edu/kit/kastel/trafficsimulation/io/StreetParser.java

● [turn-persistence] [turn-persistence] turn_end SKIPPED ai: no assistant message with content

● Compile StreetParser (shell)
  │ cd /Users/nghalinh2711/Development/student-repos/wt2223final02 && javac -d target/classes
  │ -sourcepath src -cp target/classes src/edu/kit/kastel/trafficsimulation/io/StreetParser.java
  │ 2>&1
  └ 1 line…

● [turn-persistence] [turn-persistence] turn_end SKIPPED ai: no assistant message with content

● Update Task (MCP: agentic-memory) · state: "done", taskId: "434d80eb-f6ba-461a-9fc6-dd7c84d9de57"…
  └ Task "SimulationFileLoader integrieren und streets.sim parsen" (434d80eb-f6ba...

● [turn-persistence] [turn-persistence] turn_end SKIPPED ai: no assistant message with content

● Claim Next Task (MCP: agentic-memory) · backlogId: "ae7f655b-c361-434e-a943-94fe4d1d15e1"
  └ Claimed task "Netzwerk zusammensetzen: Straßen↔Knoten verbinden, Autos platzi...

● [turn-persistence] [turn-persistence] turn_end SKIPPED ai: no assistant message with content

● Create Network.java +166
  └ src/edu/kit/kastel/trafficsimulation/model/Network.java

● [turn-persistence] [turn-persistence] turn_end SKIPPED ai: no assistant message with content

● Compile Network class (shell)
  │ cd /Users/nghalinh2711/Development/student-repos/wt2223final02 && javac -d target/classes
  │ -sourcepath src -cp target/classes src/edu/kit/kastel/trafficsimulation/model/Network.java 2>&1
  └ 1 line…

● [turn-persistence] [turn-persistence] turn_end SKIPPED ai: no assistant message with content

● Update Task (MCP: agentic-memory) · state: "done", taskId: "188b8249-2145-46e8-bfd9-20f19afbf054"…
  └ Task "Netzwerk zusammensetzen: Straßen↔Knoten verbinden, Autos platzieren" (1...

● [turn-persistence] [turn-persistence] turn_end SKIPPED ai: no assistant message with content

● Claim Next Task (MCP: agentic-memory) · backlogId: "ae7f655b-c361-434e-a943-94fe4d1d15e1"
  └ Claimed task "Netzwerkvalidierung: Vollständigkeit, Wertebereiche, Autolimit"...

● [turn-persistence] [turn-persistence] turn_end SKIPPED ai: no assistant message with content

● Create NetworkValidator.java +159
  └ src/edu/kit/kastel/trafficsimulation/model/NetworkValidator.java

● [turn-persistence] [turn-persistence] turn_end SKIPPED ai: no assistant message with content

● Create NetworkValidationException.java +19
  └ src/edu/kit/kastel/trafficsimulation/model/NetworkValidationException.java

● [turn-persistence] [turn-persistence] turn_end SKIPPED ai: no assistant message with content

● Compile NetworkValidator (shell)
  │ cd /Users/nghalinh2711/Development/student-repos/wt2223final02 && javac -d target/classes
  │ -sourcepath src -cp target/classes
  │ src/edu/kit/kastel/trafficsimulation/model/NetworkValidator.java
  │ src/edu/kit/kastel/trafficsimulation/model/NetworkValidationException.java 2>&1
  └ 1 line…

● [turn-persistence] [turn-persistence] turn_end SKIPPED ai: no assistant message with content

● Full compile of all project files (shell)
  │ cd /Users/nghalinh2711/Development/student-repos/wt2223final02 && javac -d target/classes
  │ -sourcepath src -cp target/classes src/edu/kit/kastel/trafficsimulation/model/*.java
  │ src/edu/kit/kastel/trafficsimulation/io/*.java 2>&1
  └ 1 line…

● [turn-persistence] [turn-persistence] turn_end SKIPPED ai: no assistant message with content

● Update Task (MCP: agentic-memory) · state: "done", taskId: "0f4e73ee-cd7a-47ca-bed9-0036cc8e12cd"…
  └ Task "Netzwerkvalidierung: Vollständigkeit, Wertebereiche, Autolimit" (0f4e73...

● [turn-persistence] [turn-persistence] turn_end SKIPPED ai: no assistant message with content

● Claim Next Task (MCP: agentic-memory) · backlogId: "ae7f655b-c361-434e-a943-94fe4d1d15e1"
  └ Claimed task "Auto-Physik: Geschwindigkeitsupdate und Grundbewegung implement...

● [turn-persistence] [turn-persistence] turn_end SKIPPED ai: no assistant message with content



● Read Car.java
  │ src/edu/kit/kastel/trafficsimulation/model/Car.java
  └ 143 lines read

● Edit Car.java +2
  └ src/edu/kit/kastel/trafficsimulation/model/Car.java

● [turn-persistence] [turn-persistence] turn_end SKIPPED ai: no assistant message with content

● Edit Car.java +39
  └ src/edu/kit/kastel/trafficsimulation/model/Car.java

● [turn-persistence] [turn-persistence] turn_end SKIPPED ai: no assistant message with content

● Compile updated Car (shell)
  │ cd /Users/nghalinh2711/Development/student-repos/wt2223final02 && javac -d target/classes
  │ -sourcepath src -cp target/classes src/edu/kit/kastel/trafficsimulation/model/Car.java 2>&1
  └ 1 line…

● [turn-persistence] [turn-persistence] turn_end SKIPPED ai: no assistant message with content

● Update Task (MCP: agentic-memory) · state: "done", taskId: "00c038a0-fceb-4d56-a178-a9d2c58c5a6b"…
  └ Task "Auto-Physik: Geschwindigkeitsupdate und Grundbewegung implementieren" (...

● [turn-persistence] [turn-persistence] turn_end SKIPPED ai: no assistant message with content

● Claim Next Task (MCP: agentic-memory) · backlogId: "ae7f655b-c361-434e-a943-94fe4d1d15e1"
  └ Claimed task "Auto-Interaktion: Mindestabstand, Stoppen und Abbiegen an Knote...

● [turn-persistence] [turn-persistence] turn_end SKIPPED ai: no assistant message with content



● Create simulation package directory (shell)
  │ mkdir -p /Users/nghalinh2711/Development/student-repos/wt2223final02/src/edu/kit/kastel/traffics
  │ imulation/simulation
  └ 1 line…

● Create Simulation.java +295
  └ src/edu/kit/kastel/trafficsimulation/simulation/Simulation.java

● [turn-persistence] [turn-persistence] turn_end SKIPPED ai: no assistant message with content

● Compile Simulation class (shell)
  │ cd /Users/nghalinh2711/Development/student-repos/wt2223final02 && javac -d target/classes
  │ -sourcepath src -cp target/classes
  │ src/edu/kit/kastel/trafficsimulation/simulation/Simulation.java 2>&1
  └ 1 line…

● [turn-persistence] [turn-persistence] turn_end SKIPPED ai: no assistant message with content

● Update Task (MCP: agentic-memory) · state: "done", taskId: "e427e07a-9879-4174-8ac3-d9110f110b09"…
  └ Task "Auto-Interaktion: Mindestabstand, Stoppen und Abbiegen an Knoten" (e427...

● [turn-persistence] [turn-persistence] turn_end SKIPPED ai: no assistant message with content

● Claim Next Task (MCP: agentic-memory) · backlogId: "ae7f655b-c361-434e-a943-94fe4d1d15e1"
  └ Claimed task "Überhol-Logik für Straßen mit Überholspur implementieren" (fbb9...

● [turn-persistence] [turn-persistence] turn_end SKIPPED ai: no assistant message with content

● Read Simulation.java
  │ src/edu/kit/kastel/trafficsimulation/simulation/Simulation.java
  └ 294 lines read

● [turn-persistence] [turn-persistence] turn_end SKIPPED ai: no assistant message with content

● Edit Simulation.java +52
  └ src/edu/kit/kastel/trafficsimulation/simulation/Simulation.java

● [turn-persistence] [turn-persistence] turn_end SKIPPED ai: no assistant message with content

● Edit Simulation.java +23
  └ src/edu/kit/kastel/trafficsimulation/simulation/Simulation.java

● [turn-persistence] [turn-persistence] turn_end SKIPPED ai: no assistant message with content

● Compile updated Simulation (shell)
  │ cd /Users/nghalinh2711/Development/student-repos/wt2223final02 && javac -d target/classes
  │ -sourcepath src -cp target/classes
  │ src/edu/kit/kastel/trafficsimulation/simulation/Simulation.java 2>&1
  └ 1 line…

● [turn-persistence] [turn-persistence] turn_end SKIPPED ai: no assistant message with content

● Update Task (MCP: agentic-memory) · state: "done", taskId: "fbb9c8b8-6d6e-4051-8a17-f2bd44d8d110"…
  └ Task "Überhol-Logik für Straßen mit Überholspur implementieren" (fbb9c8b8-6d6...

● [turn-persistence] [turn-persistence] turn_end SKIPPED ai: no assistant message with content

● Claim Next Task (MCP: agentic-memory) · backlogId: "ae7f655b-c361-434e-a943-94fe4d1d15e1"
  └ Claimed task "Einzelstraßen-Update: Autos von Ende nach Anfang iterieren" (89...

● [turn-persistence] [turn-persistence] turn_end SKIPPED ai: no assistant message with content



● Update Task (MCP: agentic-memory) · state: "done", taskId: "89e61a1b-c40e-407d-b095-5aa03c3cee0e"…
  └ Task "Einzelstraßen-Update: Autos von Ende nach Anfang iterieren" (89e61a1b-c...

● Claim Next Task (MCP: agentic-memory) · backlogId: "ae7f655b-c361-434e-a943-94fe4d1d15e1"
  └ Claimed task "Kreuzungs-Grünphasen-Update implementieren" (d8913672-329f-43f3...

● [turn-persistence] [turn-persistence] turn_end SKIPPED ai: no assistant message with content



● Update Task (MCP: agentic-memory) · state: "done", taskId: "d8913672-329f-43f3-b7b6-fc78a9cc412c"…
  └ Task "Kreuzungs-Grünphasen-Update implementieren" (d8913672-329f-43f3-b7b6-fc...

● Claim Next Task (MCP: agentic-memory) · backlogId: "ae7f655b-c361-434e-a943-94fe4d1d15e1"
  └ Claimed task "Vollständige Tick-Orchestrierung implementieren" (e2e0455f-7b6e...

● [turn-persistence] [turn-persistence] turn_end SKIPPED ai: no assistant message with content



● Update Task (MCP: agentic-memory) · state: "done", taskId: "e2e0455f-7b6e-4251-8bd0-8abc1fa58d7f"…
  └ Task "Vollständige Tick-Orchestrierung implementieren" (e2e0455f-7b6e-4251-8b...

● Claim Next Task (MCP: agentic-memory) · backlogId: "ae7f655b-c361-434e-a943-94fe4d1d15e1"
  └ Claimed task "CLI-Hauptschleife mit Befehlserkennung implementieren" (1d56ede...

● [turn-persistence] [turn-persistence] turn_end SKIPPED ai: no assistant message with content

● Create TrafficNetworkSimulation.java +211
  └ src/edu/kit/kastel/trafficsimulation/TrafficNetworkSimulation.java

● [turn-persistence] [turn-persistence] turn_end SKIPPED ai: no assistant message with content

● Compile main class (shell)
  │ cd /Users/nghalinh2711/Development/student-repos/wt2223final02 && javac -d target/classes
  │ -sourcepath src -cp target/classes
  │ src/edu/kit/kastel/trafficsimulation/TrafficNetworkSimulation.java 2>&1
  └ 1 line…

● [turn-persistence] [turn-persistence] turn_end SKIPPED ai: no assistant message with content



● Test basic simulation (shell)
  │ cd /Users/nghalinh2711/Development/student-repos/wt2223final02 && printf "load
  │ files/basic\nposition 0\nsimulate 1\nposition 0\nposition 1\nquit\n" | java -cp target/classes
  │ edu.kit.kastel.trafficsimulation.TrafficNetworkSimulation 2>&1
  └ 6 lines…



● Edit Simulation.java +10 -15
  └ src/edu/kit/kastel/trafficsimulation/simulation/Simulation.java

● Recompile Simulation (shell)
  │ cd /Users/nghalinh2711/Development/student-repos/wt2223final02 && javac -d target/classes
  │ -sourcepath src -cp target/classes
  │ src/edu/kit/kastel/trafficsimulation/simulation/Simulation.java 2>&1
  └ 1 line…

● [turn-persistence] [turn-persistence] turn_end SKIPPED ai: no assistant message with content

● Test basic simulation after fix (shell)
  │ cd /Users/nghalinh2711/Development/student-repos/wt2223final02 && printf "load
  │ files/basic\nposition 0\nsimulate 1\nposition 0\nposition 1\nquit\n" | java -cp target/classes
  │ edu.kit.kastel.trafficsimulation.TrafficNetworkSimulation 2>&1
  └ 6 lines…

● [turn-persistence] [turn-persistence] turn_end SKIPPED ai: no assistant message with content



● Edit Simulation.java +2 -2
  └ src/edu/kit/kastel/trafficsimulation/simulation/Simulation.java

● Edit Simulation.java +2 -3
  └ src/edu/kit/kastel/trafficsimulation/simulation/Simulation.java

● [turn-persistence] [turn-persistence] turn_end SKIPPED ai: no assistant message with content

● Recompile and test basic simulation (shell)
  │ cd /Users/nghalinh2711/Development/student-repos/wt2223final02 && javac -d target/classes
  │ -sourcepath src -cp target/classes
  │ src/edu/kit/kastel/trafficsimulation/simulation/Simulation.java 2>&1 && printf "load
  │ files/basic\nposition 0\nsimulate 1\nposition 0\nposition 1\nquit\n" | java -cp target/classes
  │ edu.kit.kastel.trafficsimulation.TrafficNetworkSimulation 2>&1
  └ 6 lines…

● [turn-persistence] [turn-persistence] turn_end SKIPPED ai: no assistant message with content



● Run full example interaction test (shell)
  │ cd /Users/nghalinh2711/Development/student-repos/wt2223final02 && printf "load
  │ files/basic\nposition 0\nsimulate 1\nposition 0\nposition 1\nsimulate 3\nposition 0\nposition
  │ 1\nsimulate 2\nposition 0\nposition 1\nload files/advanced\nsimulate 29\nposition 0\nposition
  │ 1\nposition 3\nposition 7\nposition 12\nposition 17\nposition 22\nposition 27\nposition
  │ 32\nquit\n" | java -cp target/classes …
  └ 24 lines…



● Test edge cases (shell)
  │ cd /Users/nghalinh2711/Development/student-repos/wt2223final02 && printf "simulate 1\nposition
  │ 0\nload nonexistent\nload files/basic\nsimulate -1\nsimulate abc\nposition 999\nquit\n" | java
  │ -cp target/classes edu.kit.kastel.trafficsimulation.TrafficNetworkSimulation 2>&1
  └ 8 lines…

● Test more edge cases (shell)
  │ cd /Users/nghalinh2711/Development/student-repos/wt2223final02 && printf "load
  │ files/basic\nsimulate 0\nunknown\ndoubleparam\nquit\n" | java -cp target/classes
  │ edu.kit.kastel.trafficsimulation.TrafficNetworkSimulation 2>&1
  └ 5 lines…

● [turn-persistence] [turn-persistence] turn_end SKIPPED ai: no assistant message with content



● Update Task (MCP: agentic-memory) · state: "done", taskId: "1d56eded-fd92-475c-83d7-bcdf1caf0b6c"…
  └ Task "CLI-Hauptschleife mit Befehlserkennung implementieren" (1d56eded-fd92-4...

● Claim Next Task (MCP: agentic-memory) · backlogId: "ae7f655b-c361-434e-a943-94fe4d1d15e1"
  └ Claimed task "load-Befehl implementieren" (86802240-a590-455e-ac37-291b0c4a03...

● [turn-persistence] [turn-persistence] turn_end SKIPPED ai: no assistant message with content



● Update Task (MCP: agentic-memory) · state: "done", taskId: "86802240-a590-455e-ac37-291b0c4a0355"…
  └ Task "load-Befehl implementieren" (86802240-a590-455e-ac37-291b0c4a0355) upda...

● Claim Next Task (MCP: agentic-memory) · backlogId: "ae7f655b-c361-434e-a943-94fe4d1d15e1"
  └ Claimed task "simulate-Befehl implementieren" (ef970f3a-e127-4dc9-943d-bb5714...

● [turn-persistence] [turn-persistence] turn_end SKIPPED ai: no assistant message with content

● Update Task (MCP: agentic-memory) · state: "done", taskId: "ef970f3a-e127-4dc9-943d-bb57148bbd6e"…
  └ Task "simulate-Befehl implementieren" (ef970f3a-e127-4dc9-943d-bb57148bbd6e) ...

● [turn-persistence] [turn-persistence] turn_end SKIPPED ai: no assistant message with content

● Claim Next Task (MCP: agentic-memory) · backlogId: "ae7f655b-c361-434e-a943-94fe4d1d15e1"
  └ Claimed task "position-Befehl implementieren" (3dda55ce-6209-4a3e-8417-e50b43...

● [turn-persistence] [turn-persistence] turn_end SKIPPED ai: no assistant message with content

● Update Task (MCP: agentic-memory) · state: "done", taskId: "3dda55ce-6209-4a3e-8417-e50b438a4b0a"…
  └ Task "position-Befehl implementieren" (3dda55ce-6209-4a3e-8417-e50b438a4b0a) ...

● [turn-persistence] [turn-persistence] turn_end SKIPPED ai: no assistant message with content

● Claim Next Task (MCP: agentic-memory) · backlogId: "ae7f655b-c361-434e-a943-94fe4d1d15e1"
  └ Claimed task "quit-Befehl implementieren (ohne System.exit)" (f2fe7cb8-1480-4...

● [turn-persistence] [turn-persistence] turn_end SKIPPED ai: no assistant message with content



● Update Task (MCP: agentic-memory) · state: "done", taskId: "f2fe7cb8-1480-4039-943a-df0c4e515bb5"…
  └ Task "quit-Befehl implementieren (ohne System.exit)" (f2fe7cb8-1480-4039-943a...

● Claim Next Task (MCP: agentic-memory) · backlogId: "ae7f655b-c361-434e-a943-94fe4d1d15e1"
  └ Claimed task "Einheitliches Fehlermeldungsformat implementieren" (ad3318a2-6e...

● [turn-persistence] [turn-persistence] turn_end SKIPPED ai: no assistant message with content



● Edit TrafficNetworkSimulation.java +1 -1
  └ src/edu/kit/kastel/trafficsimulation/TrafficNetworkSimulation.java

● Update Task (MCP: agentic-memory) · state: "done", taskId: "ad3318a2-6e97-4571-be88-93f2b99f62e0"…
  └ Task "Einheitliches Fehlermeldungsformat implementieren" (ad3318a2-6e97-4571-...

● [turn-persistence] [turn-persistence] turn_end SKIPPED ai: no assistant message with content

● Claim Next Task (MCP: agentic-memory) · backlogId: "ae7f655b-c361-434e-a943-94fe4d1d15e1"
  └ Claimed task "Edge Cases: leeres Netzwerk, mehrfaches Laden, Befehlsreihenfol...

● [turn-persistence] [turn-persistence] turn_end SKIPPED ai: no assistant message with content



● Test empty network and multiple loads (shell)
  │ cd /Users/nghalinh2711/Development/student-repos/wt2223final02 && mkdir -p /tmp/empty_network
  │ && touch /tmp/empty_network/streets.sim /tmp/empty_network/crossings.sim
  │ /tmp/empty_network/cars.sim && printf "load /tmp/empty_network\nsimulate 5\nposition 0\nload
  │ files/basic\nsimulate 0\nposition 0\nload files/basic\nposition 0\nquit\n" | java -cp
  │ target/classes edu.kit.kastel.trafficsimulation.TrafficNetworkSimulation 2>&1 && rm -rf …
  └ 10 lines…

● Test commands before any load (shell)
  │ cd /Users/nghalinh2711/Development/student-repos/wt2223final02 && printf "simulate 1\nposition
  │ 0\nquit\n" | java -cp target/classes edu.kit.kastel.trafficsimulation.TrafficNetworkSimulation
  │ 2>&1
  └ 3 lines…

● [turn-persistence] [turn-persistence] turn_end SKIPPED ai: no assistant message with content



● Full compile all Java files (shell)
  │ cd /Users/nghalinh2711/Development/student-repos/wt2223final02 && javac -d target/classes
  │ -sourcepath src -cp target/classes src/edu/kit/kastel/trafficsimulation/**/*.java
  │ src/edu/kit/kastel/trafficsimulation/*.java 2>&1
  └ 1 line…

● Update Task (MCP: agentic-memory) · state: "done", taskId: "416319a3-067a-4c16-87a0-c31db2d024e9"…
  └ Task "Edge Cases: leeres Netzwerk, mehrfaches Laden, Befehlsreihenfolge" (416...

● [turn-persistence] [turn-persistence] turn_end SKIPPED ai: no assistant message with content

● Claim Next Task (MCP: agentic-memory) · backlogId: "ae7f655b-c361-434e-a943-94fe4d1d15e1"
  └ No claimable to_do task remains in this backlog.

● [turn-persistence] [turn-persistence] turn_end SKIPPED ai: no assistant message with content

● Get Tasks (MCP: agentic-memory) · backlogId: "ae7f655b-c361-434e-a943-94fe4d1d15e1"
  └ Output too large to read at once (25.6 KB). Saved to: /var/folders/fs/p8fxyq6...

● [turn-persistence] [turn-persistence] turn_end SKIPPED ai: no assistant message with content

● Count task states (shell)
  │ grep -c '\[done\]'
  │ /var/folders/fs/p8fxyq611_d7_glm0yth2st80000gn/T/1785232784863-copilot-tool-output-7o5rnc.txt &&
  │ grep -cE '\[(to_do|in_progress|blocked)\]'
  │ /var/folders/fs/p8fxyq611_d7_glm0yth2st80000gn/T/1785232784863-copilot-tool-output-7o5rnc.txt
  └ 3 lines…

● [turn-persistence] [turn-persistence] turn_end SKIPPED ai: no assistant message with content



● Read README.md
  └ 3 lines read

● skill(delivery-port-check)

● [turn-persistence] [turn-persistence] turn_end SKIPPED ai: no assistant message with content

● Edit README.md +63 -3

● [turn-persistence] [turn-persistence] turn_end SKIPPED ai: no assistant message with content



● Search (glob)
  │ "**/*.java" in src
  └ 12 files found

● Final compile and test (shell)
  │ cd /Users/nghalinh2711/Development/student-repos/wt2223final02 && javac -d target/classes
  │ -sourcepath src -cp target/classes
  │ src/edu/kit/kastel/trafficsimulation/TrafficNetworkSimulation.java
  │ src/edu/kit/kastel/trafficsimulation/model/*.java
  │ src/edu/kit/kastel/trafficsimulation/io/*.java …
  └ 11 lines…







Changes    +1817 -25
Duration   12m 20s
Tokens     ↑ 8.9m (8.8m cached) • ↓ 43.9k (14.5k reasoning)
[delivery] Coding agent exited with code 0
[delivery] Backlog verification passed.
[delivery] Phase E: Feedback

[delivery] Feedback agent — interactive session.
[delivery] Provide feedback to the agent. Exit the session (Ctrl+C or /exit) when done.

