
===== wt2324final02 started at 2026-07-16T07:22:50Z =====
PROGRAMMING_DIR=/Users/nghalinh2711/Development/student-repos/wt2324final02
COMMAND=pnpm delivery:run -- --exercise --dry-run

$ tsx delivery/run.ts -- --exercise --dry-run
/Users/nghalinh2711/Development/ha-linh-nguyen/Implementierung/delivery/lib/cli/args.ts:82
        throw new Error(`Unknown argument: ${arg}`);
              ^

Error: Unknown argument: --
    at parseCoordinatorArgs (/Users/nghalinh2711/Development/ha-linh-nguyen/Implementierung/delivery/lib/cli/args.ts:82:15)
    at <anonymous> (/Users/nghalinh2711/Development/ha-linh-nguyen/Implementierung/delivery/run.ts:169:14)
    at ModuleJob.run (node:internal/modules/esm/module_job:413:25)
    at async onImport.tracePromise.__proto__ (node:internal/modules/esm/loader:660:26)
    at async asyncRunEntryPointWithESMLoader (node:internal/modules/run_main:101:5)

Node.js v24.12.0
[ELIFECYCLE] Command failed with exit code 1.

===== wt2324final02 started at 2026-07-16T07:23:21Z =====
PROGRAMMING_DIR=/Users/nghalinh2711/Development/student-repos/wt2324final02
COMMAND=pnpm delivery:run -- --exercise --dry-run

$ tsx delivery/run.ts -- --exercise --dry-run
/Users/nghalinh2711/Development/ha-linh-nguyen/Implementierung/delivery/lib/cli/args.ts:82
        throw new Error(`Unknown argument: ${arg}`);
              ^

Error: Unknown argument: --
    at parseCoordinatorArgs (/Users/nghalinh2711/Development/ha-linh-nguyen/Implementierung/delivery/lib/cli/args.ts:82:15)
    at <anonymous> (/Users/nghalinh2711/Development/ha-linh-nguyen/Implementierung/delivery/run.ts:169:14)
    at ModuleJob.run (node:internal/modules/esm/module_job:413:25)
    at async onImport.tracePromise.__proto__ (node:internal/modules/esm/loader:660:26)
    at async asyncRunEntryPointWithESMLoader (node:internal/modules/run_main:101:5)

Node.js v24.12.0
[ELIFECYCLE] Command failed with exit code 1.

===== wt2324final02 started at 2026-07-16T07:27:11Z =====
PROGRAMMING_DIR=/Users/nghalinh2711/Development/student-repos/wt2324final02
COMMAND=pnpm delivery:run -- --exercise 

delivery/scripts/run-exercises.sh: line 382: DELIVERY_ARGS[@]: unbound variable

===== wt2324final02 started at 2026-07-16T07:28:30Z =====
PROGRAMMING_DIR=/Users/nghalinh2711/Development/student-repos/wt2324final02
COMMAND=pnpm delivery:run --exercise 

delivery/scripts/run-exercises.sh: line 382: DELIVERY_ARGS[@]: unbound variable

===== wt2324final02 started at 2026-07-16T07:29:29Z =====
PROGRAMMING_DIR=/Users/nghalinh2711/Development/student-repos/wt2324final02
COMMAND=pnpm delivery:run --exercise 

delivery/scripts/run-exercises.sh: line 382: DELIVERY_ARGS[@]: unbound variable

===== wt2324final02 started at 2026-07-16T07:31:55Z =====
PROGRAMMING_DIR=/Users/nghalinh2711/Development/student-repos/wt2324final02
COMMAND=pnpm delivery:run -- --exercise 

$ tsx delivery/run.ts -- --exercise
/Users/nghalinh2711/Development/ha-linh-nguyen/Implementierung/delivery/lib/cli/args.ts:82
        throw new Error(`Unknown argument: ${arg}`);
              ^

Error: Unknown argument: --
    at parseCoordinatorArgs (/Users/nghalinh2711/Development/ha-linh-nguyen/Implementierung/delivery/lib/cli/args.ts:82:15)
    at <anonymous> (/Users/nghalinh2711/Development/ha-linh-nguyen/Implementierung/delivery/run.ts:169:14)
    at ModuleJob.run (node:internal/modules/esm/module_job:413:25)
    at async onImport.tracePromise.__proto__ (node:internal/modules/esm/loader:660:26)
    at async asyncRunEntryPointWithESMLoader (node:internal/modules/run_main:101:5)

Node.js v24.12.0
[ELIFECYCLE] Command failed with exit code 1.

===== wt2324final02 started at 2026-07-16T14:02:55Z =====
PROGRAMMING_DIR=/Users/nghalinh2711/Development/student-repos/wt2324final02
DELIVERY_AGENT_CONTEXT_PROJECT=ProgrammingWT2324-Final2
COMMAND=pnpm delivery:run --exercise 

$ tsx delivery/run.ts --exercise

[delivery] Run ID: 20260716-160255
[delivery] Assignment: /Users/nghalinh2711/Development/student-repos/wt2324final02
[delivery] Assignment ID: wt2324final02
[delivery] Coding session: 20260716-160255-coding
[delivery] Requirements session: 20260716-160255-req
[delivery] Requirements log: /Users/nghalinh2711/Development/sandbox/20260716-160255/requirements-output.log

[delivery] Phase A: Requirements

[delivery:requirements] Exercise stream: 12 turns for wt2324final02 (starting at turn 1)
[delivery:requirements] Output log: /Users/nghalinh2711/Development/sandbox/20260716-160255/requirements-output.log
[delivery:requirements] Turn 1/12: Introduction
● adaptive-memory extension active (role=requirements, memorySession=20260716-160255-req) - type
  /memory-help. MCP tools registered (memory=false, backlog=true).







Changes    +0 -0
Duration   6s
Tokens     ↑ 16.5k (16.3k cached) • ↓ 182 (90 reasoning)
[delivery:requirements] Turn 1/12 complete
[delivery:requirements] Turn 2/12: task.md — segment 1/10 — Abschlussaufgabe 2 — Durchdachte Dateisystemordnung
● adaptive-memory extension active (role=requirements, memorySession=20260716-160255-req) - type
  /memory-help. MCP tools registered (memory=false, backlog=true).







Changes    +0 -0
Duration   20s
Tokens     ↑ 17.2k (16.5k cached) • ↓ 512 (246 reasoning)
[delivery:requirements] Turn 2/12 complete
[delivery:requirements] Turn 3/12: task.md — segment 2/10 — Abschlussaufgabe 2 — Durchdachte Dateisystemordnung > 1 Eingabeformat
● adaptive-memory extension active (role=requirements, memorySession=20260716-160255-req) - type
  /memory-help. MCP tools registered (memory=false, backlog=true).







Changes    +0 -0
Duration   32s
Tokens     ↑ 18.0k (17.2k cached) • ↓ 500 (231 reasoning)
[delivery:requirements] Turn 3/12 complete
[delivery:requirements] Turn 4/12: task.md — segment 3/10 — Abschlussaufgabe 2 — Durchdachte Dateisystemordnung > 2 Konzepte
● adaptive-memory extension active (role=requirements, memorySession=20260716-160255-req) - type
  /memory-help. MCP tools registered (memory=false, backlog=true).







Changes    +0 -0
Duration   53s
Tokens     ↑ 20.1k (17.9k cached) • ↓ 1.2k (628 reasoning)
[delivery:requirements] Turn 4/12 complete
[delivery:requirements] Turn 5/12: task.md — segment 4/10 — Abschlussaufgabe 2 — Durchdachte Dateisystemordnung > 3 Automatische Gliederung der Dokumentenliste
● adaptive-memory extension active (role=requirements, memorySession=20260716-160255-req) - type
  /memory-help. MCP tools registered (memory=false, backlog=true).







Changes    +0 -0
Duration   1m 11s
Tokens     ↑ 22.4k (20.1k cached) • ↓ 929 (485 reasoning)
[delivery:requirements] Turn 5/12 complete
[delivery:requirements] Turn 6/12: task.md — segment 5/10 — Abschlussaufgabe 2 — Durchdachte Dateisystemordnung > 4 Algorithmus
● adaptive-memory extension active (role=requirements, memorySession=20260716-160255-req) - type
  /memory-help. MCP tools registered (memory=false, backlog=true).







Changes    +0 -0
Duration   1m 23s
Tokens     ↑ 23.4k (22.4k cached) • ↓ 416 (143 reasoning)
[delivery:requirements] Turn 6/12 complete
[delivery:requirements] Turn 7/12: task.md — segment 6/10 — Abschlussaufgabe 2 — Durchdachte Dateisystemordnung > 5 Ausgabeformat
● adaptive-memory extension active (role=requirements, memorySession=20260716-160255-req) - type
  /memory-help. MCP tools registered (memory=false, backlog=true).







Changes    +0 -0
Duration   1m 38s
Tokens     ↑ 24.2k (23.3k cached) • ↓ 544 (247 reasoning)
[delivery:requirements] Turn 7/12 complete
[delivery:requirements] Turn 8/12: task.md — segment 7/10 — Abschlussaufgabe 2 — Durchdachte Dateisystemordnung > 6 Befehle
● adaptive-memory extension active (role=requirements, memorySession=20260716-160255-req) - type
  /memory-help. MCP tools registered (memory=false, backlog=true).







Changes    +0 -0
Duration   1m 51s
Tokens     ↑ 25.6k (24.2k cached) • ↓ 365 (8 reasoning)
[delivery:requirements] Turn 8/12 complete
[delivery:requirements] Turn 9/12: task.md — segment 8/10 — Abschlussaufgabe 2 — Durchdachte Dateisystemordnung > 7 Beispielinteraktion
● adaptive-memory extension active (role=requirements, memorySession=20260716-160255-req) - type
  /memory-help. MCP tools registered (memory=false, backlog=true).



● Search (glob)
  │ "**/examples.md"
  └ No matches found







Changes    +0 -0
Duration   2m 3s
Tokens     ↑ 52.8k (52.1k cached) • ↓ 342 (112 reasoning)
[delivery:requirements] Turn 9/12 complete
[delivery:requirements] Turn 10/12: examples.md — segment 9/10 — Beispiele — Abschlussaufgabe 2 (Durchdachte Dateisystemordnung, WS 2023/24)
● adaptive-memory extension active (role=requirements, memorySession=20260716-160255-req) - type
  /memory-help. MCP tools registered (memory=false, backlog=true).







Changes    +0 -0
Duration   2m 25s
Tokens     ↑ 27.9k (26.2k cached) • ↓ 1.2k (818 reasoning)
[delivery:requirements] Turn 10/12 complete
[delivery:requirements] Turn 11/12: guidelines.md — segment 10/10 — Implementierungsrichtlinien — Abschlussaufgabe 2 (WS 2023/24)
● adaptive-memory extension active (role=requirements, memorySession=20260716-160255-req) - type
  /memory-help. MCP tools registered (memory=false, backlog=true).



● Create Backlog (MCP: agentic-memory) · Java 17 console application that organizes documents into …
  └ Backlog "Durchdachte Dateisystemordnung (AA2)" created with id: 94512528-cc30...



● Create Tasks (MCP: agentic-memory) · backlogId: "94512528-cc30-461d-aaca-5269545e1e77", tasks: [1…
  └ Created 14 task(s) in backlog 94512528-cc30-461d-aaca-5269545e1e77.



● Get Tasks (MCP: agentic-memory) · backlogId: "94512528-cc30-461d-aaca-5269545e1e77"
  └ Output too large to read at once (29.4 KB). Saved to: /var/folders/fs/p8fxyq6...







Changes    +0 -0
Duration   4m 7s
Tokens     ↑ 147.4k (135.6k cached) • ↓ 5.9k (1.4k reasoning)
[delivery:requirements] Turn 11/12 complete
[delivery:requirements] Turn 12/12: Finalize backlog creation
● adaptive-memory extension active (role=requirements, memorySession=20260716-160255-req) - type
  /memory-help. MCP tools registered (memory=false, backlog=true).



● Get Tasks (MCP: agentic-memory) · backlogId: "94512528-cc30-461d-aaca-5269545e1e77", state: "to_d…
  └ Output too large to read at once (29.4 KB). Saved to: /var/folders/fs/p8fxyq6...







Changes    +0 -0
Duration   4m 22s
Tokens     ↑ 82.3k (72.1k cached) • ↓ 586 (62 reasoning)
[delivery:requirements] Turn 12/12 complete
[delivery:requirements] Exercise requirements stream complete — advancing to backlog discovery
[delivery] Phase B: Backlog discovery
[delivery] Using backlog: "Durchdachte Dateisystemordnung (AA2)" (94512528-cc30-461d-aaca-5269545e1e77)
[delivery] Backlog: "Durchdachte Dateisystemordnung (AA2)" (94512528-cc30-461d-aaca-5269545e1e77)

[delivery] Phase C: Coding

● adaptive-memory extension active (role=coding, memorySession=20260716-160255-coding) - type
  /memory-help. MCP tools registered (memory=false, backlog=true).



● Claim Next Task (MCP: agentic-memory) · backlogId: "94512528-cc30-461d-aaca-5269545e1e77"
  └ Claimed task "Project skeleton: Main class, package structure, and startup he...



● Get Tasks (MCP: agentic-memory) · backlogId: "94512528-cc30-461d-aaca-5269545e1e77", state: "in_p…
  └ 1. [in_progress] (p10) Project skeleton: Main class, package structure, and s...

● Search (glob)
  │ "**/*.java"
  └ No matches found

● Search (glob)
  │ "**/build.gradle*"
  └ No matches found

● Search (glob)
  │ "**/pom.xml"
  └ 1 file found

● Search (glob)
  │ "**/*.gradle*"
  └ No matches found



● Read pom.xml
  └ 31 lines read

● List directory .
  └ 12 files found

● Read task.md
  └ 1 line read

● List directory src
  └ 1 file found

● Read guidelines.md
  └ 111 lines read

● Read README.md
  │ src/README.md
  └ 4 lines read

● Read checkstyle.xml
  └ 353 lines read

● List directory listings
  └ 6 files found



● Edit pom.xml +2 -2

● Create package directory structure (shell)
  │ mkdir -p /Users/nghalinh2711/Development/student-repos/wt2324final02/src/edu/kit/kastel/aa2
  └ 1 line…



● Create Main.java +86
  └ src/edu/kit/kastel/aa2/Main.java



● Compile project with Maven (shell)
  │ cd /Users/nghalinh2711/Development/student-repos/wt2324final02 && mvn compile 2>&1
  └ 2 lines…



● Check Java version and compile directly (shell)
  │ java -version 2>&1 && javac -version 2>&1
  └ 5 lines…

● Compile with javac targeting Java 17 (shell)
  │ cd /Users/nghalinh2711/Development/student-repos/wt2324final02 && javac --release 17 -d out
  │ src/edu/kit/kastel/aa2/Main.java 2>&1
  └ 1 line…



● Run the main class and verify help text output (shell)
  │ cd /Users/nghalinh2711/Development/student-repos/wt2324final02/out && echo "quit" | java
  │ edu.kit.kastel.aa2.Main 2>&1
  └ 2 lines…



● Clean compiled output (shell)
  │ rm -rf /Users/nghalinh2711/Development/student-repos/wt2324final02/out
  └ 1 line…



● Update Task (MCP: agentic-memory) · backlogId: "94512528-cc30-461d-aaca-5269545e1e77", taskId: "b…
  └ Task "Project skeleton: Main class, package structure, and startup help text"...



● Claim Next Task (MCP: agentic-memory) · backlogId: "94512528-cc30-461d-aaca-5269545e1e77"
  └ Claimed task "Tag model: Tag interface, BinaryTag, MultiValuedTag, NumericTag...



● Create Tag.java +28
  └ src/edu/kit/kastel/aa2/Tag.java

● Create TagType.java +16
  └ src/edu/kit/kastel/aa2/TagType.java

● Create BinaryTag.java +55
  └ src/edu/kit/kastel/aa2/BinaryTag.java

● Create MultiValuedTag.java +78
  └ src/edu/kit/kastel/aa2/MultiValuedTag.java

● Create NumericTag.java +77
  └ src/edu/kit/kastel/aa2/NumericTag.java



● Create TagFactory.java +136
  └ src/edu/kit/kastel/aa2/TagFactory.java



● Edit TagFactory.java +15 -6
  └ src/edu/kit/kastel/aa2/TagFactory.java



● Compile all Java files for Tag model (shell)
  │ cd /Users/nghalinh2711/Development/student-repos/wt2324final02 && javac --release 17 -d out
  │ src/edu/kit/kastel/aa2/*.java 2>&1
  └ 1 line…



● Quick unit test of TagFactory logic (shell)
  │ cd /Users/nghalinh2711/Development/student-repos/wt2324final02/out && java -cp .
  │ edu.kit.kastel.aa2.TagFactoryTest 2>&1 || cat << 'JAVAEOF' > /tmp/TagFactoryTest.java
  │ package edu.kit.kastel.aa2;
  │
  │ import java.util.List;…
  └ 96 lines…



● Clean up temp files and output (shell)
  │ rm -f /tmp/TagFactoryTest.java && rm -rf
  │ /Users/nghalinh2711/Development/student-repos/wt2324final02/out
  └ 1 line…



● Update Task (MCP: agentic-memory) · state: "done", taskId: "da89df66-1ab5-449b-8939-59bf6bfd0cb3"…
  └ Task "Tag model: Tag interface, BinaryTag, MultiValuedTag, NumericTag, and Ta...



● Claim Next Task (MCP: agentic-memory) · backlogId: "94512528-cc30-461d-aaca-5269545e1e77"
  └ Claimed task "Document model: Document class, DocumentType enum, and access c...



● Create DocumentType.java +37
  └ src/edu/kit/kastel/aa2/DocumentType.java

● Create Document.java +185
  └ src/edu/kit/kastel/aa2/Document.java



● Compile and verify Document model (shell)
  │ cd /Users/nghalinh2711/Development/student-repos/wt2324final02 && javac --release 17 -d out
  │ src/edu/kit/kastel/aa2/*.java 2>&1 && java -cp out -e 'Document test' << 'JAVAEOF'
  │ package edu.kit.kastel.aa2;
  │
  │ public class DocumentTest {…
  └ 57 lines…

● Create test file and run (shell)
  │ cat > /tmp/DocumentTest.java << 'JAVAEOF'
  │ package edu.kit.kastel.aa2;
  │
  │ public class DocumentTest {
  │ public static void main(String[] args) {…
  └ 56 lines…



● Clean up temp files (shell)
  │ rm -f /tmp/DocumentTest.java && rm -rf
  │ /Users/nghalinh2711/Development/student-repos/wt2324final02/out
  └ 1 line…

● Update Task (MCP: agentic-memory) · state: "done", taskId: "fc8f2941-8d3d-4471-a39e-764afb63d4eb"…
  └ Task "Document model: Document class, DocumentType enum, and access count" (f...



● Claim Next Task (MCP: agentic-memory) · backlogId: "94512528-cc30-461d-aaca-5269545e1e77"
  └ Claimed task "Input file parser: Parse CSV-like document metadata files" (3fa...



● Read example.txt
  │ listings/example.txt
  └ 6 lines read

● Read example2.txt
  │ listings/example2.txt
  └ 6 lines read

● Read example3.txt
  │ listings/example3.txt
  └ 6 lines read

● Read interaction.txt
  │ listings/interaction.txt
  └ 27 lines read

● Read interaction2.txt
  │ listings/interaction2.txt
  └ 9 lines read

● Read output.txt
  │ listings/output.txt
  └ 15 lines read



● Create DocumentParser.java +162
  └ src/edu/kit/kastel/aa2/DocumentParser.java



● Read Main.java
  │ src/edu/kit/kastel/aa2/Main.java
  └ 85 lines read

● Edit Main.java +73 -4
  └ src/edu/kit/kastel/aa2/Main.java



● Compile and test with example files (shell)
  │ cd /Users/nghalinh2711/Development/student-repos/wt2324final02 && javac --release 17 -d out
  │ src/edu/kit/kastel/aa2/*.java 2>&1 && echo "load listings/example.txt" | java -cp out
  │ edu.kit.kastel.aa2.Main 2>&1
  └ 9 lines…



● Test multiple loads, ID tracking, and error cases (shell)
  │ cd /Users/nghalinh2711/Development/student-repos/wt2324final02 && printf "load
  │ listings/example.txt\nload listings/example2.txt\nrun 0\nrun 1\nrun 2\nload
  │ nonexistent.txt\nquit\n" | java -cp out edu.kit.kastel.aa2.Main 2>&1
  └ 20 lines…



● Test error handling with invalid data (shell)
  │ cd /Users/nghalinh2711/Development/student-repos/wt2324final02 && cat > /tmp/test_invalid.txt <<
  │ 'EOF'
  │ doc1,invalidtype,10,author=me
  │ EOF
  │ printf "load /tmp/test_invalid.txt\nquit\n" | java -cp out edu.kit.kastel.aa2.Main 2>&1
  └ 3 lines…

● Test more error cases: duplicates, invalid tags, empty file (shell)
  │ cd /Users/nghalinh2711/Development/student-repos/wt2324final02 && cat > /tmp/test_dup.txt <<
  │ 'EOF'
  │ doc1,text,10,author=me,author=you
  │ EOF
  │ cat > /tmp/test_badtag.txt << 'EOF'…
  └ 10 lines…



● Clean up temp files (shell)
  │ rm -f /tmp/test_invalid.txt /tmp/test_dup.txt /tmp/test_badtag.txt /tmp/test_empty.txt
  │ /tmp/DocumentTest.java && rm -rf /Users/nghalinh2711/Development/student-repos/wt2324final02/out
  └ 1 line…

● Update Task (MCP: agentic-memory) · state: "done", taskId: "3fa1ea17-28bf-47b4-adcc-6ac4ed5fd230"…
  └ Task "Input file parser: Parse CSV-like document metadata files" (3fa1ea17-28...



● Claim Next Task (MCP: agentic-memory) · backlogId: "94512528-cc30-461d-aaca-5269545e1e77"
  └ Claimed task "Tag transformation rules: Type-specific tag rewriting (Image, A...



● Create TagTransformer.java +230
  └ src/edu/kit/kastel/aa2/TagTransformer.java



● Edit DocumentParser.java +7
  └ src/edu/kit/kastel/aa2/DocumentParser.java



● Compile and test tag transformations (shell)
  │ cd /Users/nghalinh2711/Development/student-repos/wt2324final02 && javac --release 17 -d out
  │ src/edu/kit/kastel/aa2/*.java 2>&1
  └ 1 line…

● Test all document type transformations (shell)
  │ cat > /tmp/test_transform.txt << 'EOF'
  │ img1,image,5,size=5000
  │ img2,image,5,size=25000
  │ img3,image,5,size=100000
  │ img4,image,5,size=900000…
  └ 34 lines…

● Verify transformed tag values programmatically (shell)
  │ cat > /tmp/TransformTest.java << 'JAVAEOF'
  │ package edu.kit.kastel.aa2;
  │
  │ import java.nio.file.Path;
  │ import java.util.List;…
  └ 127 lines…



● Test size/imagesize conflict on image (shell)
  │ cat > /tmp/test_conflict.txt << 'EOF'
  │ img1,image,5,size=5000,imagesize=large
  │ EOF
  │ cd /Users/nghalinh2711/Development/student-repos/wt2324final02 && printf "load
  │ /tmp/test_conflict.txt\nquit\n" | java -cp out edu.kit.kastel.aa2.Main 2>&1
  └ 3 lines…



● Test boundary thresholds (shell)
  │ cat > /tmp/BoundaryTest.java << 'JAVAEOF'
  │ package edu.kit.kastel.aa2;
  │
  │ import java.nio.file.Path;
  │ import java.util.List;…
  └ 61 lines…



● Clean up temp files (shell)
  │ rm -f /tmp/test_transform.txt /tmp/test_conflict.txt /tmp/TransformTest.java
  │ /tmp/BoundaryTest.java && rm -rf /Users/nghalinh2711/Development/student-repos/wt2324final02/out
  └ 1 line…

● Update Task (MCP: agentic-memory) · state: "done", taskId: "c52a27c7-36b0-42b3-9198-2fc66fe09bbb"…
  └ Task "Tag transformation rules: Type-specific tag rewriting (Image, Audio, Vi...



● Claim Next Task (MCP: agentic-memory) · backlogId: "94512528-cc30-461d-aaca-5269545e1e77"
  └ Claimed task "Entropy and Information Gain calculator" (6b0f2ac0-b9b3-4a14-b4...



● Create EntropyCalculator.java +145
  └ src/edu/kit/kastel/aa2/EntropyCalculator.java



● Compile and verify IG values match expected (shell)
  │ cd /Users/nghalinh2711/Development/student-repos/wt2324final02 && javac --release 17 -d out
  │ src/edu/kit/kastel/aa2/*.java 2>&1 && cat > /tmp/EntropyTest.java << 'JAVAEOF'
  │ package edu.kit.kastel.aa2;
  │
  │ import java.nio.file.Path;…
  └ 55 lines…



● Clean up temp files (shell)
  │ rm -f /tmp/EntropyTest.java && rm -rf
  │ /Users/nghalinh2711/Development/student-repos/wt2324final02/out
  └ 1 line…

● Update Task (MCP: agentic-memory) · state: "done", taskId: "6b0f2ac0-b9b3-4a14-b44f-bd02d8b39289"…
  └ Task "Entropy and Information Gain calculator" (6b0f2ac0-b9b3-4a14-b44f-bd02d...

● Claim Next Task (MCP: agentic-memory) · backlogId: "94512528-cc30-461d-aaca-5269545e1e77"
  └ Claimed task "Decision tree model: TreeNode hierarchy and recursive tree buil...



● Create TreeNode.java +21
  └ src/edu/kit/kastel/aa2/TreeNode.java

● Create DecisionNode.java +55
  └ src/edu/kit/kastel/aa2/DecisionNode.java

● Create LeafNode.java +30
  └ src/edu/kit/kastel/aa2/LeafNode.java



● Create TreeBuilder.java +148
  └ src/edu/kit/kastel/aa2/TreeBuilder.java

● Compile and verify tree structure against expected output (shell)
  │ cd /Users/nghalinh2711/Development/student-repos/wt2324final02 && javac --release 17 -d out
  │ src/edu/kit/kastel/aa2/*.java 2>&1 && cat > /tmp/TreeTest.java << 'JAVAEOF'
  │ package edu.kit.kastel.aa2;
  │
  │ import java.nio.file.Path;…
  └ 88 lines…



● Clean up temp files (shell)
  │ rm -f /tmp/TreeTest.java && rm -rf
  │ /Users/nghalinh2711/Development/student-repos/wt2324final02/out
  └ 1 line…

● Update Task (MCP: agentic-memory) · state: "done", taskId: "ae2d4568-e29c-43a0-83a4-a5077a6867c2"…
  └ Task "Decision tree model: TreeNode hierarchy and recursive tree builder" (ae...

● Claim Next Task (MCP: agentic-memory) · backlogId: "94512528-cc30-461d-aaca-5269545e1e77"
  └ Claimed task "Output formatter: IG lines and document path output" (89d2b7f5-...

● Create OutputFormatter.java +174
  └ src/edu/kit/kastel/aa2/OutputFormatter.java



● Compile and verify output matches expected format (shell)
  │ cd /Users/nghalinh2711/Development/student-repos/wt2324final02 && javac --release 17 -d out
  │ src/edu/kit/kastel/aa2/*.java 2>&1 && cat > /tmp/OutputTest.java << 'JAVAEOF'
  │ package edu.kit.kastel.aa2;
  │
  │ import java.nio.file.Path;…
  └ 93 lines…



● Edit OutputFormatter.java +38 -92
  └ src/edu/kit/kastel/aa2/OutputFormatter.java



● Edit OutputFormatter.java
  └ src/edu/kit/kastel/aa2/OutputFormatter.java

● Compile and verify output matches expected (shell)
  │ cd /Users/nghalinh2711/Development/student-repos/wt2324final02 && javac --release 17 -d out
  │ src/edu/kit/kastel/aa2/*.java 2>&1 && javac --release 17 -d out -cp out /tmp/OutputTest.java
  │ 2>&1 && java -cp out edu.kit.kastel.aa2.OutputTest
  └ 17 lines…



● Clean up temp files (shell)
  │ rm -f /tmp/OutputTest.java && rm -rf
  │ /Users/nghalinh2711/Development/student-repos/wt2324final02/out
  └ 1 line…

● Update Task (MCP: agentic-memory) · state: "done", taskId: "89d2b7f5-1849-4cbc-ba31-44f0710533cc"…
  └ Task "Output formatter: IG lines and document path output" (89d2b7f5-1849-4cb...

● Claim Next Task (MCP: agentic-memory) · backlogId: "94512528-cc30-461d-aaca-5269545e1e77"
  └ Claimed task "Console REPL: Command parser and main interaction loop" (3083c5...



● Edit Main.java +45 -3
  └ src/edu/kit/kastel/aa2/Main.java



● Full REPL test with all commands (shell)
  │ cd /Users/nghalinh2711/Development/student-repos/wt2324final02 && javac --release 17 -d out
  │ src/edu/kit/kastel/aa2/*.java 2>&1 && printf "unknown\nerror\nload nonexistent.txt\nload
  │ listings/example.txt\nrun 0\nchange 0 musik/nggyu.mp3 50\nchange 0 nonexistent 10\nchange 0
  │ musik/nggyu.mp3 -1\nrun 0\nquit\n" | java -cp out edu.kit.kastel.aa2.Main 2>&1
  └ 45 lines…



● Clean up (shell)
  │ rm -rf /Users/nghalinh2711/Development/student-repos/wt2324final02/out
  └ 1 line…

● Update Task (MCP: agentic-memory) · state: "done", taskId: "3083c567-549e-48a6-bac2-d63d63ea1f6e"…
  └ Task "Console REPL: Command parser and main interaction loop" (3083c567-549e-...

● Claim Next Task (MCP: agentic-memory) · backlogId: "94512528-cc30-461d-aaca-5269545e1e77"
  └ Claimed task "Console REPL: load command implementation" (bf57d69c-17d6-4f1b-...



● Verify load command against all criteria (shell)
  │ cd /Users/nghalinh2711/Development/student-repos/wt2324final02 && javac --release 17 -d out
  │ src/edu/kit/kastel/aa2/*.java 2>&1 && printf "load listings/example.txt\nload
  │ listings/example2.txt\nload listings/example3.txt\nload nonexistent.txt\nquit\n" | java -cp out
  │ edu.kit.kastel.aa2.Main 2>&1
  └ 24 lines…



● Clean up (shell)
  │ rm -rf /Users/nghalinh2711/Development/student-repos/wt2324final02/out
  └ 1 line…

● Update Task (MCP: agentic-memory) · state: "done", taskId: "bf57d69c-17d6-4f1b-8e89-0f70443937de"…
  └ Task "Console REPL: load command implementation" (bf57d69c-17d6-4f1b-8e89-0f7...

● Claim Next Task (MCP: agentic-memory) · backlogId: "94512528-cc30-461d-aaca-5269545e1e77"
  └ Claimed task "Console REPL: change command implementation" (73ad9942-7625-413...



● Verify change command criteria (shell)
  │ cd /Users/nghalinh2711/Development/student-repos/wt2324final02 && javac --release 17 -d out
  │ src/edu/kit/kastel/aa2/*.java 2>&1 && printf "load listings/example2.txt\nchange 0
  │ musik/nggyu.mp3 50\nrun 0\nchange 0 nonexistent 10\nchange 0 musik/nggyu.mp3 -5\nchange 1
  │ musik/nggyu.mp3 10\nquit\n" | java -cp out edu.kit.kastel.aa2.Main 2>&1 | head -20
  └ 21 lines…

● Check remaining output for error cases (shell)
  │ cd /Users/nghalinh2711/Development/student-repos/wt2324final02 && printf "load
  │ listings/example2.txt\nchange 0 nonexistent 10\nchange 0 musik/nggyu.mp3 -5\nchange 1
  │ musik/nggyu.mp3 10\nquit\n" | java -cp out edu.kit.kastel.aa2.Main 2>&1 | tail -10
  └ 11 lines…



● Clean up (shell)
  │ rm -rf /Users/nghalinh2711/Development/student-repos/wt2324final02/out
  └ 1 line…

● Update Task (MCP: agentic-memory) · state: "done", taskId: "73ad9942-7625-4131-a48e-2ee793beeb89"…
  └ Task "Console REPL: change command implementation" (73ad9942-7625-4131-a48e-2...

● Claim Next Task (MCP: agentic-memory) · backlogId: "94512528-cc30-461d-aaca-5269545e1e77"
  └ Claimed task "Console REPL: run command implementation" (c9ee37b8-d574-4dd2-8...



● Verify run output matches interaction.txt expected output (shell)
  │ cd /Users/nghalinh2711/Development/student-repos/wt2324final02 && javac --release 17 -d out
  │ src/edu/kit/kastel/aa2/*.java 2>&1 && printf "load listings/example2.txt\nrun 0\nquit\n" | java
  │ -cp out edu.kit.kastel.aa2.Main 2>&1
  └ 24 lines…



● Clean up (shell)
  │ rm -rf /Users/nghalinh2711/Development/student-repos/wt2324final02/out
  └ 1 line…

● Update Task (MCP: agentic-memory) · state: "done", taskId: "c9ee37b8-d574-4dd2-899f-9e1e49111899"…
  └ Task "Console REPL: run command implementation" (c9ee37b8-d574-4dd2-899f-9e1e...

● Claim Next Task (MCP: agentic-memory) · backlogId: "94512528-cc30-461d-aaca-5269545e1e77"
  └ Claimed task "Error handling hardening: Edge cases, validation, and robustnes...



● Test interaction2.txt edge cases (shell)
  │ cd /Users/nghalinh2711/Development/student-repos/wt2324final02 && javac --release 17 -d out
  │ src/edu/kit/kastel/aa2/*.java 2>&1 && printf "load foo/bar.error\nrun 0\nload
  │ listings/example2.txt\nrun 0\nquit\n" | java -cp out edu.kit.kastel.aa2.Main 2>&1 | grep -E
  │ "^(ERROR:|/)" | head -20
  └ 17 lines…

● Comprehensive error handling test (shell)
  │ cd /Users/nghalinh2711/Development/student-repos/wt2324final02 && cat > /tmp/test_errors.txt
  │ << 'EOF'
  │ bad doc,image,0
  │ doc2,image,0,size=1000,imagesize=large
  │ doc3,image,0,badtag=abc…
  └ 35 lines…

● Test individual error cases (shell)
  │ cd /Users/nghalinh2711/Development/student-repos/wt2324final02 && for test in "size+imagesize
  │ conflict" "invalid tag value" "tag name starting with digit" "duplicate tags" "invalid type";
  │ do echo "--- $test ---"; done
  │
  │ # Test size+imagesize conflict…
  └ 29 lines…

● Test zero-access edge case (shell)
  │ cd /Users/nghalinh2711/Development/student-repos/wt2324final02 && echo "doc1,text,0" >
  │ /tmp/zero.txt && echo "doc2,text,0" >> /tmp/zero.txt
  │ printf "load /tmp/zero.txt\nrun 0\nquit\n" | java -cp out edu.kit.kastel.aa2.Main 2>&1
  └ 8 lines…



● Clean up all temp files (shell)
  │ rm -f /tmp/t1.txt /tmp/t2.txt /tmp/t3.txt /tmp/t4.txt /tmp/t5.txt /tmp/test_errors.txt
  │ /tmp/test_empty.txt /tmp/zero.txt && rm -rf
  │ /Users/nghalinh2711/Development/student-repos/wt2324final02/out
  └ 1 line…

● Update Task (MCP: agentic-memory) · state: "done", taskId: "424f57f5-4bf8-46b4-937c-6d9a65245654"…
  └ Task "Error handling hardening: Edge cases, validation, and robustness" (424f...

● Claim Next Task (MCP: agentic-memory) · backlogId: "94512528-cc30-461d-aaca-5269545e1e77"
  └ Claimed task "Code quality: Checkstyle compliance, Javadoc, and final polish"...



● Check line lengths > 140 across all Java files (shell)
  │ cd /Users/nghalinh2711/Development/student-repos/wt2324final02 && for f in
  │ src/edu/kit/kastel/aa2/*.java; do echo "=== $f ==="; awk 'length > 140 {print NR": "length"
  │ chars: "$0}' "$f"; done
  └ 18 lines…



● Check for disallowed imports, System.exit, etc. (shell)
  │ cd /Users/nghalinh2711/Development/student-repos/wt2324final02 && echo "=== Disallowed imports
  │ ===" && grep -rn "import\|System.exit\|Runtime.exit\|Runtime.getRuntime"
  │ src/edu/kit/kastel/aa2/*.java | grep -v "java.lang\|java.io\|java.util\|java.nio\|java.util.rege
  │ x\|java.util.stream\|java.util.function\|java.nio.file\|java.nio.charset\|java.util.Scanner" &&
  │ echo "=== Check done ==="
  └ 2 lines…

● Check for SuppressWarnings and other disallowed patterns (shell)
  │ cd /Users/nghalinh2711/Development/student-repos/wt2324final02 && echo "=== @SuppressWarnings
  │ ===" && grep -rn "@SuppressWarnings\|@Suppress\"warnings\"" src/ || echo "None found" && echo
  │ "=== Tab characters ===" && grep -Prn "\t" src/ || echo "None found" && echo "=== Trailing
  │ whitespace ===" && grep -Prn " $" src/ || echo "None found"
  └ 17 lines…

● Search (grep)
  │ "\t" (src)
  └ No matches found

● Search (grep)
  │ "\s$" (src)
  └ No matches found



● Try to run checkstyle (shell)
  │ which checkstyle 2>/dev/null || which mvn 2>/dev/null || echo "Checkstyle not directly
  │ available. Checking with manual review instead..." && cd
  │ /Users/nghalinh2711/Development/student-repos/wt2324final02 && grep -rn "TODO\|FIXME\|XXX" src/
  │ || echo "No TODO/FIXME/XXX found"
  └ 3 lines…



● Check Javadoc presence on public classes and methods (shell)
  │ cd /Users/nghalinh2711/Development/student-repos/wt2324final02 && for f in
  │ src/edu/kit/kastel/aa2/*.java; do
  │ echo "=== $(basename $f) ==="
  │ # Check for public class/method without preceding Javadoc
  │ grep -n "public\|Javadoc\|@author" "$f" | head -20…
  └ 123 lines…



● Edit Tag.java
  └ src/edu/kit/kastel/aa2/Tag.java

● Read TreeNode.java
  │ src/edu/kit/kastel/aa2/TreeNode.java
  └ 20 lines read



● Final verification compile with Java 17 (shell)
  │ cd /Users/nghalinh2711/Development/student-repos/wt2324final02 && javac --release 17 -d out
  │ src/edu/kit/kastel/aa2/*.java 2>&1 && echo "=== Compilation successful ===" && echo "=== File
  │ count ===" && ls src/edu/kit/kastel/aa2/*.java | wc -l && echo "=== Running final integration
  │ test ===" && printf "load listings/example2.txt\nrun 0\nchange 0 musik/nggyu.mp3 15\nrun
  │ 0\nquit\n" | java -cp out edu.kit.kastel.aa2.Main 2>&1 | head -25
  └ 30 lines…



● Final clean up (shell)
  │ rm -rf /Users/nghalinh2711/Development/student-repos/wt2324final02/out
  └ 1 line…

● Update Task (MCP: agentic-memory) · state: "done", taskId: "4c7c7816-f55e-4510-ae34-7ab72c070977"…
  └ Task "Code quality: Checkstyle compliance, Javadoc, and final polish" (4c7c78...

● Claim Next Task (MCP: agentic-memory) · backlogId: "94512528-cc30-461d-aaca-5269545e1e77"
  └ No claimable to_do task remains in this backlog.



● Get Tasks (MCP: agentic-memory) · backlogId: "94512528-cc30-461d-aaca-5269545e1e77"
  └ Output too large to read at once (29.4 KB). Saved to: /var/folders/fs/p8fxyq6...

● Check task statuses from get_tasks output (shell)
  │ cd /Users/nghalinh2711/Development/student-repos/wt2324final02 && grep -oP
  │ '\[(done|to_do|in_progress|blocked)\].*?\(taskId:'
  │ /var/folders/fs/p8fxyq611_d7_glm0yth2st80000gn/T/1784211617813-copilot-tool-output-fue91l.txt |
  │ cat
  └ 6 lines…

● Count task states (shell)
  │ grep -c '\[done\]'
  │ /var/folders/fs/p8fxyq611_d7_glm0yth2st80000gn/T/1784211617813-copilot-tool-output-fue91l.txt
  │ && grep -c '\[to_do\]'
  │ /var/folders/fs/p8fxyq611_d7_glm0yth2st80000gn/T/1784211617813-copilot-tool-output-fue91l.txt
  │ && grep -c '\[blocked\]' …
  └ 6 lines…



● skill(delivery-port-check)



● Check if port 4000 is available (shell)
  │ cd /Users/nghalinh2711/Development/student-repos/wt2324final02 &&
  │ .github/skills/delivery-port-check/scripts/check-port.sh 4000 2>&1; echo "Exit: $?"
  └ 3 lines…



✗ Create README.md
  └ Path already exists

● Read README.md
  └ 3 lines read

● Edit README.md +113 -3



● Final clean compile verification (shell)
  │ cd /Users/nghalinh2711/Development/student-repos/wt2324final02 && javac --release 17 -d out
  │ src/edu/kit/kastel/aa2/*.java 2>&1 && echo "BUILD SUCCESS" && rm -rf out
  └ 2 lines…







Changes    +1956 -110
Duration   13m 56s
Tokens     ↑ 7.9m (7.9m cached) • ↓ 57.6k (15.5k reasoning)
[delivery] Coding agent exited with code 0
[delivery] Backlog verification passed.
[delivery] Phase E: Feedback

[delivery] Feedback agent — interactive session.
[delivery] Provide feedback to the agent. Exit the session (Ctrl+C or /exit) when done.


===== wt2324final02 started at 2026-07-25T14:22:18Z =====
PROGRAMMING_DIR=/Users/nghalinh2711/Development/student-repos/wt2324final02
DELIVERY_AGENT_CONTEXT_PROJECT=ProgrammingWT2324-Final2
DELIVERY_AGENT_CONTEXT_DOMAIN=wt2324final02
COMMAND=pnpm delivery:run --exercise 

$ tsx delivery/run.ts --exercise
[delivery:knowledgebase] Ensuring guidelines.md is ingested for domain wt2324final02 before exercise requirements
[delivery:knowledgebase] Uploading guidelines.md to Vercel Blob for domain wt2324final02
[delivery:knowledgebase] Registered guidelines upload job 68af94ec-fcdd-4825-9dd8-3dd24897da3b; waiting for ingestion
[delivery:knowledgebase] Guidelines ingestion job 68af94ec-fcdd-4825-9dd8-3dd24897da3b: processing
[delivery:knowledgebase] Guidelines ingestion job 68af94ec-fcdd-4825-9dd8-3dd24897da3b: processing
[delivery:knowledgebase] Guidelines ingestion job 68af94ec-fcdd-4825-9dd8-3dd24897da3b: processing
[delivery:knowledgebase] Guidelines ingestion job 68af94ec-fcdd-4825-9dd8-3dd24897da3b: processing
[delivery:knowledgebase] Guidelines ingestion job 68af94ec-fcdd-4825-9dd8-3dd24897da3b: processing
[delivery:knowledgebase] Guidelines ingestion job 68af94ec-fcdd-4825-9dd8-3dd24897da3b: processing
[delivery:knowledgebase] Guidelines ingestion job 68af94ec-fcdd-4825-9dd8-3dd24897da3b: processing
[delivery:knowledgebase] Guidelines ingestion job 68af94ec-fcdd-4825-9dd8-3dd24897da3b: processing
[delivery:knowledgebase] Guidelines ingestion job 68af94ec-fcdd-4825-9dd8-3dd24897da3b: processing
[delivery:knowledgebase] Guidelines ingestion job 68af94ec-fcdd-4825-9dd8-3dd24897da3b: processing
[delivery:knowledgebase] Guidelines ingestion job 68af94ec-fcdd-4825-9dd8-3dd24897da3b: processing
[delivery:knowledgebase] Guidelines ingestion job 68af94ec-fcdd-4825-9dd8-3dd24897da3b: processing
[delivery:knowledgebase] Guidelines ingestion job 68af94ec-fcdd-4825-9dd8-3dd24897da3b: processing
[delivery:knowledgebase] Guidelines ingestion job 68af94ec-fcdd-4825-9dd8-3dd24897da3b: processing
[delivery:knowledgebase] Guidelines ingestion job 68af94ec-fcdd-4825-9dd8-3dd24897da3b: processing
[delivery:knowledgebase] Guidelines ingestion job 68af94ec-fcdd-4825-9dd8-3dd24897da3b: processing
[delivery:knowledgebase] Guidelines ingestion job 68af94ec-fcdd-4825-9dd8-3dd24897da3b: processing
[delivery:knowledgebase] Guidelines ingestion job 68af94ec-fcdd-4825-9dd8-3dd24897da3b: processing
[delivery:knowledgebase] Guidelines ingestion job 68af94ec-fcdd-4825-9dd8-3dd24897da3b: processing
[delivery:knowledgebase] Guidelines ingestion job 68af94ec-fcdd-4825-9dd8-3dd24897da3b: processing
[delivery:knowledgebase] Guidelines ingestion job 68af94ec-fcdd-4825-9dd8-3dd24897da3b: processing
[delivery:knowledgebase] Guidelines ingestion job 68af94ec-fcdd-4825-9dd8-3dd24897da3b: processing
[delivery:knowledgebase] Guidelines ingestion job 68af94ec-fcdd-4825-9dd8-3dd24897da3b: processing
[delivery:knowledgebase] Guidelines ingestion job 68af94ec-fcdd-4825-9dd8-3dd24897da3b: processing
[delivery:knowledgebase] Guidelines ingestion job 68af94ec-fcdd-4825-9dd8-3dd24897da3b: succeeded
[delivery:knowledgebase] Guidelines ingestion succeeded for domain wt2324final02 (job 68af94ec-fcdd-4825-9dd8-3dd24897da3b)

[delivery] Run ID: 20260725-162218
[delivery] Assignment: /Users/nghalinh2711/Development/student-repos/wt2324final02
[delivery] Assignment ID: wt2324final02
[delivery] Coding session: 20260725-162218-coding
[delivery] Requirements session: 20260725-162218-req
[delivery] Requirements log: /Users/nghalinh2711/Development/eval/programming/20260725-162218/requirements-output.log

[delivery] Phase A: Requirements

[delivery:requirements] Exercise stream: 11 turns for wt2324final02 (starting at turn 1)
[delivery:requirements] Output log: /Users/nghalinh2711/Development/eval/programming/20260725-162218/requirements-output.log
[delivery:requirements] Turn 1/11: Introduction
● [adaptive-context] GET http://localhost:4444/api/agents/7af7809a-adce-4fa9-9609-fd61059de0ff/sessi
  ons/20260725-162218-req/context?input=Ich+arbeite+an+einer+Abschluss-Programmieraufgabe.+Ich+werde
  +dir+die+Aufgabe+im+Folgenden+abschnittsweise+%C3%BCbermitteln.+Lies+sie+dir+durch+und+verschaffe+
  dir+zun%C3%A4chst+einen+%C3%9Cberblick+%C3%BCber+den+Kontext%2C+bevor+der+Backlog-+und+Task-Erstel
  lung.+Achte+dabei+unbedingt+auf+die+vorgegebenen+Regeln+und+Richtlinien.&project=ProgrammingWT2324
  -Final2&role=requirements&task=Understand+the+wt2324final02+and+create+its+backlog+when+prompted.&
  timestamp=2026-07-25T14%3A24%3A23.581Z&domain=wt2324final02

● Injected adaptive memory context into system prompt

● <adaptive_rules>
  - Adhere to all whitespace rules enforced by the style checks.
  - Choose appropriate visibilities for classes, methods, and attributes.
  - Do not use the default package.
  - You must keep a maximum line width of 140 characters.
  - Follow rules for variable, method, and package naming.
  - The Javadoc author tag must contain only the student's u-Kürzel.
  - Program source code should be written in English.
  - Plan time for the first submission because mandatory tests gate further scoring.
  - Follow Javadoc documentation rules.
  - After printing an error message the program must continue and wait for the next input.
  - Refer to the ILIAS Wiki for modeling guidance and grading criteria.
  - Passing the mandatory tests is required; violating mandatory rules leads to a zero score.
  - Submission must be implemented using Java SE 17.
  - Submission must compile without errors.
  - Submit the *.java files for task A individually with the corresponding folder structure.
  - Comments should be appropriate in amount and consistently in English or German.
  - Some Checkstyle rules are specially marked and violating them causes the submission to be scored
   zero.
  - Values of multivalued tags must start with a letter and otherwise consist of letters, digits,
  and possibly spaces.
  - Each information-gain line begins with a slash, then slash-separated prior tag=value pairs, then
   another slash, then the tag=information-gain in Java decimal notation rounded to two decimals.
  - During command execution, if executing a command would violate the specification the program
  must print a meaningful error message.
  - Tag identifiers must be unique in type: a tag is either binary, multivalued, or numeric; mixed
  tags are forbidden.
  - If user input does not match the expected format an error message must be printed.
  - Tag identifiers must always be output in lowercase in the specified output format.
  - Valid tag identifiers begin with a Latin letter and otherwise consist of Latin letters and
  digits.
  - Do not reassign the standard input or output streams.
  - The second entry must be one of the five document types: image, audio, video, text, or program.
  - Use System.out for standard output unless otherwise specified.
  - Avoid excessively long methods and files (no explicit numeric limit given).
  - Any other values that do not match the allowed tag formats cause an error.
  - In the second part output a list of documents: each line is the full path through the computed
  tree (components separated by `/`), ending with the document identifier in quotes.
  - Values of numerical tags must be integers within the integer range.
  - Do not include personal data other than the u-Kürzel in submissions.
  - Each error message must begin with "ERROR: " and must not contain line breaks.
  - First output the computed information gains line by line for those greater than ε = 10^-3,
  sorted within a decision step in descending order by information gain.
  - Insert a line with three hyphens `---` as a separator between the information-gain part and the
  document list part.
  </adaptive_rules>

  <knowledge>
    - The online submission system automatically checks Checkstyle rules during submission.
    - Use System.in as the input source unless otherwise specified.
    - Error messages may optionally use System.err.
  </knowledge>
  <entity_paths>
    - Student planning CONSTRAINT Mandatory tests gating: Plan time for the first submission because
   mandatory tests gate further scoring.
    - Command processing CONSTRAINT Program current state: All commands are executed on the
  program's current state.
    - Input CONSTRAINT System.in: Use System.in as the input source unless otherwise specified.
  </entity_paths>
  <entity_matches>
    - Student planning (score: 0.69) — student submitting the assignment
    - Mandatory tests gating (score: 0.69) — first-submission pass requirement
    - English (score: 0.67) — required source language
    - Command processing (score: 0.67) — handling of user commands
    - Input (score: 0.67) — program input
  </entity_matches>

● adaptive-memory extension active (role=requirements, memorySession=20260725-162218-req) - type
  /memory-help. MCP tools registered (memory=true, backlog=true).



● List directory .
  └ 6 files found

● List directory context
  └ 1 file found

● Read pipeline-state.json
  └ 26 lines read

● List directory .github
  └ 1 file found

● [turn-persistence] [turn-persistence] turn_end SKIPPED ai: no assistant message with content

● Read requirements-output.log
  └ 100 lines read

● Read agent-context.json
  │ context/agent-context.json
  └ 5 lines read

● [turn-persistence] [turn-persistence] turn_end SKIPPED ai: no assistant message with content







Changes    +0 -0
Duration   25s
Tokens     ↑ 85.2k (63.7k cached) • ↓ 1.2k (384 reasoning)
[delivery:requirements] Turn 1/11 complete
[delivery:requirements] Turn 2/11: task.md — segment 1/9 — Abschlussaufgabe 2 — Durchdachte Dateisystemordnung
● [adaptive-context] GET http://localhost:4444/api/agents/7af7809a-adce-4fa9-9609-fd61059de0ff/sessi
  ons/20260725-162218-req/context?input=Dokument%3A+task.md%0ASegment%3A+1%2F9%0AAbschnitt%3A+Abschl
  ussaufgabe+2+%E2%80%94+Durchdachte+Dateisystemordnung%0A%0ALies+diesen+Abschnitt+sorgf%C3%A4ltig+u
  nd+behalte+den+Kontext.+Erstelle+noch+keinen+Backlog+und+noch+keine+Tasks.+Warte+damit+bis+zum+abs
  chlie%C3%9Fenden+%2Ffinalize.%0A%0A%23+Abschlussaufgabe+2+%E2%80%94+Durchdachte+Dateisystemordnung
  %0A%0A**Vorlesung%3A**+Programmieren%0A**Semester%3A**+Wintersemester+2024%0A**Dozent%3A**+PD+Dr.+
  rer.+nat.+Robert+Heinrich%0A**Gruppe%3A**+Institute+of+Information+Security+and+Dependability+%28K
  ASTEL%29%0A**Punkte%3A**+20+Punkte%0A**Version%3A**+1.2%0A%0ASie+sind+damit+beauftragt%2C+das+Aufr
  %C3%A4umen+und+Organisieren+von+Dokumenten+auf+einem+Server+durchzuf%C3%BChren.+Die+effiziente+Str
  ukturierung+von+Dokumenten+ist+von+gro%C3%9Fer+Bedeutung%2C+um+einen+reibungslosen+Arbeitsablauf+z
  u+gew%C3%A4hrleisten.+Ihr+Ziel+ist+es%2C+eine+automatisierte+Ordnerstruktur+zu+entwickeln%2C+die+d
  ynamisch+anhand+vorgegebener+Stichw%C3%B6rter+%28Tags%29+angepasst+werden+kann.+Diese+Struktur+sol
  l+nicht+nur+eine+hohe+Ordnung+auf+der+Festplatte+sicherstellen%2C+sondern+auch+eine+schnelle+Errei
  chbarkeit+h%C3%A4ufig+verwendeter+Dokumente+erm%C3%B6glichen.%0A%0AUm+dieses+Ziel+zu+erreichen%2C+
  planen+Sie+die+Implementierung+eines+Programms%2C+das+eine+optimale+Ordnerstruktur+basierend+auf+d
  en+zugewiesenen+Tags+erstellt.+Zudem+soll+das+Programm+Informationen+zu+jedem+Dokument+in+einer+Da
  tenbank+speichern%2C+darunter+auch+die+H%C3%A4ufigkeit+der+Nutzung.+Dies+erm%C3%B6glicht+eine+inte
  lligente+Anpassung+der+Ordnerstruktur%2C+um+oft+verwendete+Dokumente+besonders+zug%C3%A4nglich+zu+
  machen.+Ihre+Aufgabe+ist+es%2C+ein+Programm+zu+entwickeln%2C+das+diese+Anforderungen+erf%C3%BCllt+
  und+damit+automatisch+eine+effiziente+und+ma%C3%9Fgeschneiderte+Ordnerstruktur+f%C3%BCr+seine+Doku
  mente+generiert.%0A%0ASie+erhalten+hierbei+eine+Liste+von+Dokumenten%2C+die+mit+einer+Menge+von+Me
  ta-Informationen+versehen+sind+%28Tags%2C+H%C3%A4ufigkeit+des+Zugriffs%2C+...%29.+Diese+m%C3%BCsse
  n+Sie+so+in+eine+baumartige+Struktur+zu+ordnen%2C+dass+sie+%E2%80%9Egut%22+gefunden+werden+k%C3%B6
  nnen.+Den+berechneten+Baum+k%C3%B6nnen+Sie+sich+als+einen+k%C3%BCnstlich+erzeugten+Verzeichnisbaum
  +vorstellen%2C+dessen+Ordnernamen+sich+jeweils+aus+den+Tags+ergeben%2C+und+dessen+Struktur+dynamis
  ch+nach+den+Zugriffsh%C3%A4ufigkeiten+und+den+Tags+berechnet+wird.&project=ProgrammingWT2324-Final
  2&role=requirements&task=Understand+the+wt2324final02+and+create+its+backlog+when+prompted.&timest
  amp=2026-07-25T14%3A24%3A51.972Z&domain=wt2324final02

● Injected adaptive memory context into system prompt

● <adaptive_rules>
  - In the second part output a list of documents: each line is the full path through the computed
  tree (components separated by `/`), ending with the document identifier in quotes.
  - The Javadoc author tag must contain only the student's u-Kürzel.
  - Each information-gain line begins with a slash, then slash-separated prior tag=value pairs, then
   another slash, then the tag=information-gain in Java decimal notation rounded to two decimals.
  - The third entry must be a non-negative integer representing the access count.
  - The first entry is a unique document identifier and must not contain spaces.
  - Ties in sorting are broken lexicographically: `defined` before `undefined`; multivalued tags by
  tag-value lexicographic order; documents by document identifier lexicographically.
  - Each line of the input file contains comma-separated entries: identifier, document type, access
  count, then a list of tags.
  - The output order of documents is descending by p(D_{t=v}, D).
  - Values of multivalued tags must start with a letter and otherwise consist of letters, digits,
  and possibly spaces.
  - After printing an error message the program must continue and wait for the next input.
  - Refer to the ILIAS Wiki for modeling guidance and grading criteria.
  - Follow Javadoc documentation rules.
  - Automatically generated tags must also not be defined multiple times on a document (e.g., images
   must not have both `size` and `imagesize`).
  - Comments should be appropriate in amount and consistently in English or German.
  - Plan time for the first submission because mandatory tests gate further scoring.
  - Do not reassign the standard input or output streams.
  - The second entry must be one of the five document types: image, audio, video, text, or program.
  - Avoid excessively long methods and files (no explicit numeric limit given).
  - Program source code should be written in English.
  - Insert a line with three hyphens `---` as a separator between the information-gain part and the
  document list part.
  - Passing the mandatory tests is required; violating mandatory rules leads to a zero score.
  - Submission must be implemented using Java SE 17.
  - Submission must compile without errors.
  - Submit the *.java files for task A individually with the corresponding folder structure.
  - Multivalued and numerical tags may be set at most once per document; multiple definitions
  produce an error.
  - Tag identifiers must always be output in lowercase in the specified output format.
  - Follow rules for variable, method, and package naming.
  - The `run <id>` command executes the automatic structuring on the loaded input with the given id;
   any access count changes since loading are taken into account.
  - Valid tag identifiers begin with a Latin letter and otherwise consist of Latin letters and
  digits.
  - During command execution, if executing a command would violate the specification the program
  must print a meaningful error message.
  - Binary tags (labels) are given only by their identifier and have no explicit value.
  - Tag identifiers must be unique in type: a tag is either binary, multivalued, or numeric; mixed
  tags are forbidden.
  - Do not include personal data other than the u-Kürzel in submissions.
  - First output the computed information gains line by line for those greater than ε = 10^-3,
  sorted within a decision step in descending order by information gain.
  - Values of numerical tags must be integers within the integer range.
  - If user input does not match the expected format an error message must be printed.
  - Some Checkstyle rules are specially marked and violating them causes the submission to be scored
   zero.
  - Adhere to all whitespace rules enforced by the style checks.
  - Choose appropriate visibilities for classes, methods, and attributes.
  - Do not use the default package.
  - You must keep a maximum line width of 140 characters.
  - Each error message must begin with "ERROR: " and must not contain line breaks.
  - Tag identifiers are case-insensitive (e.g., length, Length, lenGth denote the same tag).
  - The `change <id> <file> <number>` command modifies only the state of a loaded input (not the
  source text file) and on success prints `Change <number> to <number> for <file>` showing old then
  new access count.
  - An id is a globally unique integer for loaded inputs, starting at 0 and assigned ascending.
  - An explicitly given value `undefined` is not the same as the implicitly used `undefined` for
  missing tag definitions.
  - Use System.out for standard output unless otherwise specified.
  - Any other values that do not match the allowed tag formats cause an error.
  </adaptive_rules>

  <knowledge>
    - The online submission system automatically checks Checkstyle rules during submission.
    - Use System.in as the input source unless otherwise specified.
    - Error messages may optionally use System.err.
    - Split the list by the tag with maximal information gain into sublists per value.
    - Repeat the splitting procedure on resulting sublists until the expected information gain for
  all remaining tags is less than ε = 10^-3.
    - Following entries are an arbitrarily long list of tags.
    - Search the entire document list D for the tag t that maximizes the information gain IG(D,t);
  treat `undefined` as an independent value.
  </knowledge>
  <entity_paths>
    - Eingabedatei (Dokumentenliste) RELATES_TO Line format: Each line of the input file contains
  comma-separated entries: identifier, document type, access count, then a list of tags.
    - Source code structure CONSTRAINT Reasonable method/file length: Avoid excessively long methods
   and files (no explicit numeric limit given).
    - Tags (remaining entries) RELATES_TO Tag list: Following entries are an arbitrarily long list
  of tags.
    - Document ordering by probability CONSTRAINT Ordering rule: The output order of documents is
  descending by p(D_{t=v}, D).
  </entity_paths>
  <entity_matches>
    - Eingabedatei (Dokumentenliste) (score: 0.73) — Input file containing the document list
    - Mandatory tests gating (score: 0.69) — first-submission pass requirement
    - Source code structure (score: 0.68) — organization of methods and files
    - Tags (remaining entries) (score: 0.68) — List of tags for the document
    - Document ordering by probability (score: 0.68) — Sort documents by p(D_{t=v},D) descending
  </entity_matches>

● adaptive-memory extension active (role=requirements, memorySession=20260725-162218-req) - type
  /memory-help. MCP tools registered (memory=true, backlog=true).







Changes    +0 -0
Duration   43s
Tokens     ↑ 24.5k (1.2k cached) • ↓ 478 (174 reasoning)
[delivery:requirements] Turn 2/11 complete
[delivery:requirements] Turn 3/11: task.md — segment 2/9 — Abschlussaufgabe 2 — Durchdachte Dateisystemordnung > 1 Eingabeformat
● [adaptive-context] GET http://localhost:4444/api/agents/7af7809a-adce-4fa9-9609-fd61059de0ff/sessi
  ons/20260725-162218-req/context?input=Dokument%3A+task.md%0ASegment%3A+2%2F9%0AAbschnitt%3A+Abschl
  ussaufgabe+2+%E2%80%94+Durchdachte+Dateisystemordnung+%3E+1+Eingabeformat%0A%0ALies+diesen+Abschni
  tt+sorgf%C3%A4ltig+und+behalte+den+Kontext.+Erstelle+noch+keinen+Backlog+und+noch+keine+Tasks.+War
  te+damit+bis+zum+abschlie%C3%9Fenden+%2Ffinalize.%0A%0A%23%23+1+Eingabeformat%0A%0ASie+erhalten+al
  s+Eingabe+eine+Datei%2C+die+zeilenweise+eine+Liste+von+Dokumenten+und+zugeh%C3%B6rige+Metadaten+sp
  ezifiziert.+Jede+Zeile+enth%C3%A4lt+kommaseparierte+Eintr%C3%A4ge%2C+die+das+Dokument+beschreiben.
  +Davon+ist+der+erste+Eintrag+ein+eindeutiger+Bezeichner+des+Dokuments+%28normalerweise+der+Verzeic
  hnispfad+zum+Dokument%29.+Der+Bezeichner+darf+hierbei+keine+Leerzeichen+enthalten.+Der+zweite+gibt
  +einen+der+f%C3%BCnf+m%C3%B6glichen+Dokumenttypen+an%3A+image%2C+audio%2C+video%2C+text+oder+progr
  am.+Der+dritte+Eintrag+gibt+an%2C+wie+oft+auf+das+jeweilige+Dokument+zugegriffen+wurde.+Dies+ist+h
  ierbei+eine+nichtnegative+Ganzzahl.+Es+folgt+eine+beliebig+lange+Liste+von+Tags.+Dabei+gibt+es+zwe
  i+Arten+von+Tags%3A+*Labels*+%28auch+*bin%C3%A4re+Tags*+genannt%29%2C+die+durch+ihr+Vorhandensein+
  die+Zugeh%C3%B6rigkeit+zu+einer+bestimmten+Gruppe+ausdr%C3%BCcken+und+*mehrwertige+Tags*%2C+die+au
  s+einem+Schl%C3%BCssel-Wert-Paar+bestehen.+Mehrwertige+Tags+enthalten+links+von+einem+Gleichheitsz
  eichen+einen+Tag-Bezeichner+und+rechts+davon+einen+Wert.%0A%0A**Beispiel+1%3A**+%28siehe+%60exampl
  es.md%60%2C+Datei+%60example2.txt%60%29%0A%0ADer+ersten+Zeile+dieser+Beispieldatei+ist+zu+entnehme
  n%2C+dass+das+Dokument+%60musik%2Fnggyu.mp3%60+vom+Typ+audio+ist+und+bereits+30-mal+abgespielt+wur
  de.+Au%C3%9Ferdem+ist+f%C3%BCr+dieses+Dokument+das+Label+fun+gesetzt+und+es+sind+zwei+weitere+mehr
  wertige+Tags+vorhanden%3A+author+mit+dem+Wert+Rick+Astley+und+genre+mit+dem+Wert+pop.&project=Prog
  rammingWT2324-Final2&role=requirements&task=Understand+the+wt2324final02+and+create+its+backlog+wh
  en+prompted.&timestamp=2026-07-25T14%3A25%3A08.747Z&domain=wt2324final02

● Injected adaptive memory context into system prompt

● <adaptive_rules>
  - Binary tags (labels) are given only by their identifier and have no explicit value.
  - The second entry must be one of the five document types: image, audio, video, text, or program.
  - Each line of the input file contains comma-separated entries: identifier, document type, access
  count, then a list of tags.
  - In the second part output a list of documents: each line is the full path through the computed
  tree (components separated by `/`), ending with the document identifier in quotes.
  - The first entry is a unique document identifier and must not contain spaces.
  - Valid tag identifiers begin with a Latin letter and otherwise consist of Latin letters and
  digits.
  - Insert a line with three hyphens `---` as a separator between the information-gain part and the
  document list part.
  - Tag identifiers must be unique in type: a tag is either binary, multivalued, or numeric; mixed
  tags are forbidden.
  - Automatically generated tags must also not be defined multiple times on a document (e.g., images
   must not have both `size` and `imagesize`).
  - The third entry must be a non-negative integer representing the access count.
  - Multivalued and numerical tags may be set at most once per document; multiple definitions
  produce an error.
  - Ties in sorting are broken lexicographically: `defined` before `undefined`; multivalued tags by
  tag-value lexicographic order; documents by document identifier lexicographically.
  - Tag identifiers must always be output in lowercase in the specified output format.
  - Each information-gain line begins with a slash, then slash-separated prior tag=value pairs, then
   another slash, then the tag=information-gain in Java decimal notation rounded to two decimals.
  - Values of numerical tags must be integers within the integer range.
  - Values of multivalued tags must start with a letter and otherwise consist of letters, digits,
  and possibly spaces.
  - The Javadoc author tag must contain only the student's u-Kürzel.
  - Any other values that do not match the allowed tag formats cause an error.
  - After printing an error message the program must continue and wait for the next input.
  - Follow Javadoc documentation rules.
  - Program source code should be written in English.
  - Avoid excessively long methods and files (no explicit numeric limit given).
  - The output order of documents is descending by p(D_{t=v}, D).
  - Follow rules for variable, method, and package naming.
  - Passing the mandatory tests is required; violating mandatory rules leads to a zero score.
  - Submission must be implemented using Java SE 17.
  - Submission must compile without errors.
  - Submit the *.java files for task A individually with the corresponding folder structure.
  - Comments should be appropriate in amount and consistently in English or German.
  - Plan time for the first submission because mandatory tests gate further scoring.
  - Do not reassign the standard input or output streams.
  - Tag identifiers are case-insensitive (e.g., length, Length, lenGth denote the same tag).
  - Refer to the ILIAS Wiki for modeling guidance and grading criteria.
  - The `change <id> <file> <number>` command modifies only the state of a loaded input (not the
  source text file) and on success prints `Change <number> to <number> for <file>` showing old then
  new access count.
  - The `load <path>` command may read multiple files which are thereafter treated separately; on
  success print `Loaded <path> with id: <id>` then the file contents line by line.
  - Do not include personal data other than the u-Kürzel in submissions.
  - An explicitly given value `undefined` is not the same as the implicitly used `undefined` for
  missing tag definitions.
  - If user input does not match the expected format an error message must be printed.
  - First output the computed information gains line by line for those greater than ε = 10^-3,
  sorted within a decision step in descending order by information gain.
  - The `run <id>` command executes the automatic structuring on the loaded input with the given id;
   any access count changes since loading are taken into account.
  - Some Checkstyle rules are specially marked and violating them causes the submission to be scored
   zero.
  - Use System.out for standard output unless otherwise specified.
  - An id is a globally unique integer for loaded inputs, starting at 0 and assigned ascending.
  - During command execution, if executing a command would violate the specification the program
  must print a meaningful error message.
  - Adhere to all whitespace rules enforced by the style checks.
  - Choose appropriate visibilities for classes, methods, and attributes.
  - Do not use the default package.
  - You must keep a maximum line width of 140 characters.
  - Each error message must begin with "ERROR: " and must not contain line breaks.
  </adaptive_rules>

  <knowledge>
    - The online submission system automatically checks Checkstyle rules during submission.
    - Use System.in as the input source unless otherwise specified.
    - Error messages may optionally use System.err.
    - Following entries are an arbitrarily long list of tags.
    - Repeat the splitting procedure on resulting sublists until the expected information gain for
  all remaining tags is less than ε = 10^-3.
    - Split the list by the tag with maximal information gain into sublists per value.
  </knowledge>
  <entity_paths>
    - Eingabedatei (Dokumentenliste) RELATES_TO Line format: Each line of the input file contains
  comma-separated entries: identifier, document type, access count, then a list of tags.
    - Document type (second entry) CONSTRAINT Allowed types: image,audio,video,text,program: The
  second entry must be one of the five document types: image, audio, video, text, or program.
    - Tags (remaining entries) RELATES_TO Tag list: Following entries are an arbitrarily long list
  of tags.
    - Multivalued tag values CONSTRAINT Alphanumeric-start-with-letter rule: Values of multivalued
  tags must start with a letter and otherwise consist of letters, digits, and possibly spaces.
    - Document list line format CONSTRAINT Path component separator `/` and quotes: In the second
  part output a list of documents: each line is the full path through the computed tree (components
  separated by `/`), ending with the document identifier in quotes.
  </entity_paths>
  <entity_matches>
    - Eingabedatei (Dokumentenliste) (score: 0.79) — Input file containing the document list
    - Document type (second entry) (score: 0.72) — Type of the document
    - Tags (remaining entries) (score: 0.71) — List of tags for the document
    - Multivalued tag values (score: 0.71) — Values for morewertige Tags
    - Document list line format (score: 0.70) — Full path plus quoted document identifier
  </entity_matches>

● adaptive-memory extension active (role=requirements, memorySession=20260725-162218-req) - type
  /memory-help. MCP tools registered (memory=true, backlog=true).







Changes    +0 -0
Duration   1m 1s
Tokens     ↑ 25.3k (1.3k cached) • ↓ 496 (238 reasoning)
[delivery:requirements] Turn 3/11 complete
[delivery:requirements] Turn 4/11: task.md — segment 3/9 — Abschlussaufgabe 2 — Durchdachte Dateisystemordnung > 2 Konzepte
● [adaptive-context] GET http://localhost:4444/api/agents/7af7809a-adce-4fa9-9609-fd61059de0ff/sessi
  ons/20260725-162218-req/context?input=Dokument%3A+task.md%0ASegment%3A+3%2F9%0AAbschnitt%3A+Abschl
  ussaufgabe+2+%E2%80%94+Durchdachte+Dateisystemordnung+%3E+2+Konzepte%0A%0ALies+diesen+Abschnitt+so
  rgf%C3%A4ltig+und+behalte+den+Kontext.+Erstelle+noch+keinen+Backlog+und+noch+keine+Tasks.+Warte+da
  mit+bis+zum+abschlie%C3%9Fenden+%2Ffinalize.%0A%0A%23%23+2+Konzepte%0A%0AZentrale+Elemente+der+Mod
  ellierung+dieser+Aufgabe+sind+die+Dokumenttypen+und+das+Tag.%0A%0A%23%23%23+2.1+Tags%0A%0AJedes+Ta
  g+hat+einen+Bezeichner+und+einen+Wertebereich.+Am+Wertebereichs+kann+man+drei+Arten+von+Tags+unter
  scheiden.%0A%0A-+*Bin%C3%A4re+Tags*+%28oder+*Labels*%29%2C+diese+sind+entweder+vorhanden+oder+nich
  t%2C+was+einem+Wertebereich+von+%7B%60defined%60%2C+%60undefined%60%7D+entspricht+%28z.B.+fun%29.%
  0A-+*Mehrwertige+Tags*%2C+die+einen+von+mehreren+explizit+angegebenen+Werten+annehmen+k%C3%B6nnen+
  %28z.B.+Genre+mit+Wertebereich+%7BClassic%2C+Jazz%2C+Rock%2C+Pop%2C+House%2C+Dubstep%2C+%60undefin
  ed%60%7D%29.+Beachten+Sie%2C+dass+auch+mehrwertige+Tags+implizit+immer+den+Wert+%60undefined%60+im
  +Wertebereich+enthalten%2C+f%C3%BCr+den+Fall%2C+dass+kein+Wert+definiert+wurde+%28z.B.+Genre+fehlt
  +bei+Fotos%29.%0A-+Zu+guter+Letzt+gibt+es+noch+*numerische+Tags*%2C+die+einen+Spezialfall+der+mehr
  wertigen+Tags+darstellen+und+deren+Wertebereich+ganze+Zahlen+umfasst+%28z.B.+Length+bei+Musikst%C3
  %BCcken+oder+%C3%A4hnliches%29.+Numerische+Tags+werden+teilweise+nach+fest+vorgegebenen+Regeln+dyn
  amisch+in+mehrwertige+Tags+%C3%BCbersetzt+%28s.u.%29.+Auch+hier+benutzen+wir+den+Wert+%60undefined
  %60%2C+um+auszudr%C3%BCcken%2C+dass+kein+Wert+angegeben+wurde.%0A%0ADie+Tags+k%C3%B6nnen+anhand+ih
  rer+Werte+implizit+einer+dieser+drei+Arten+zugeordnet+werden.+Dabei+gelten+die+folgenden+zus%C3%A4
  tzlichen+Regeln%3A%0A%0A-+Werte+von+numerischen+Tags+sind+alle+ganze+Zahlen+im+Integer-Bereich%0A-
  +Werte+von+mehrwertigen+Tags+beginnen+immer+mit+einem+Buchstaben+und+sind+ansonsten+eine+Kombinati
  on+aus+Zahlen+und+%28lateinischen%29+Buchstaben+%28**und+evtl.+Leerzeichen**%29%0A-+Werte+von+bin%
  C3%A4ren+Tags+werden+nicht+explizit+angegeben%0A%0AAlle+anderen+Werte+k%C3%B6nnen+nicht+zugeordnet
  +werden+%28d.h.+erzeugen+einen+Fehler%29.%0A%0ATag-Bezeichner+m%C3%BCssen+eindeutig+sein%2C+d.h.+e
  s+darf+keine+bin%C3%A4ren%2C+mehrwertigen+oder+numerischen+Tags+geben%2C+die+den+gleichen+Bezeichn
  er+haben.+Anders+ausgedr%C3%BCckt%3A+ein+Tag+ist+entweder+bin%C3%A4r+oder+mehrwertig+oder+numerisc
  h%3B+gemischte+Tags+sind+verboten.+Tag-Bezeichner+sind+au%C3%9Ferdem+case-insensitive%2C+d.h.+z.B.
  +length%2C+Length+und+lenGth+bezeichnen+dasselbe+Tag.+G%C3%BCltige+Tag-Bezeichner+beginnen+mit+ein
  em+lateinischen+Buchstaben+und+sind+sonst+eine+Mischung+aus+lateinischen+Buchstaben+und+Ziffern.+E
  in+explizit+angegebener+Wert+undefined+ist+nicht+dasselbe+wie+der+im+Aufgabenblatt+implizit+genutz
  te+Wert+%60undefined%60+f%C3%BCr+Definitionsl%C3%BCcken+bei+Tags.+Mehrwertige+und+numerische+Tags+
  d%C3%BCrfen+pro+Dokument+h%C3%B6chstens+einmal+gesetzt+werden%2C+d.h.+wenn+mehr+als+einmal+das+gle
  iche+Tag+definiert+wird%2C+erzeugt+das+einen+Fehler.%0A%0A%23%23%23+2.2+Dokumente%0A%0AEin+Dokumen
  t+hat+einen+eindeutigen+Bezeichner%2C+das+ist+in+der+Regel+ein+Verzeichnispfad.+Jedem+Dokument+ist
  +au%C3%9Ferdem+eine+Menge+von+Tags+zugeordnet.+Dabei+darf+jedes+Tag+h%C3%B6chstens+einmal+pro+Doku
  ment+definiert+sein+%28z.B.+nicht+mehr+als+ein+Genre+pro+Titel%29.+Au%C3%9Ferdem+kennt+ein+Dokumen
  t+die+Anzahl+der+Zugriffe+auf+sich+selbst+%28das+hei%C3%9Ft%2C+wie+oft+es+vom+Anwender+in+der+Verg
  angenheit+benutzt+wurde%29.%0A%0AEs+gibt+f%C3%BCnf+Arten+%28Typen%29+von+Dokumenten%3A+image%2C+au
  dio%2C+video%2C+text+und+program.+Je+nach+Typ+lassen+Dokumente+Ihren+Tags+bestimmte+Sonderbehandlu
  ngen+angedeihen.+Bei+dieser+Sonderbehandlung+werden+Tags+automatisch+umgeschrieben+in+andere+Tags+
  und+nur+diese+modifizierten+Tags+zum+Dokument+gespeichert.%0A%0AInsbesondere+bei+automatisch+erzeu
  gten+Tags+gilt+die+Regel%2C+dass+ein+Tag+auf+einem+Dokument+nicht+mehrfach+definiert+sein+darf.+Be
  i+Bildern+d%C3%BCrfen+deshalb+nicht+size+und+imagesize+gleichzeitig+definiert+sein.%0A%0A%23%23%23
  +2.3+Image-Dokumente%0A%0A%23%23%23%23+Size%0A%0AExistiert+f%C3%BCr+ein+Dokument+vom+Typ+image+ein
  +numerisches+Tag+Size+%28das+die+Gr%C3%B6%C3%9Fe+des+Dokuments+in+Bytes+angeben+soll%29%2C+wird+di
  eses+%3Cu%3Enicht%3C%2Fu%3E+hinzugef%C3%BCgt.+Stattdessen+wird+ein+neues+mehrwertiges+Tag+ImageSiz
  e+erstellt+mit+dem+Wertebereich+%7BIcon%2C+Small%2C+Medium%2C+Large%7D.+Die+genauen+%C3%9Cbersetzu
  ngsregeln+k%C3%B6nnen+Sie+der+folgenden+Tabelle+entnehmen.%0A%0A%7C+Size++++++++++++++++++++++++++
  %7C+ImageSize+%7C%0A%7C-------------------------------%7C-----------%7C%0A%7C+size+%3C+10000++++++
  ++++++++++++%7C+Icon++++++%7C%0A%7C+10000+%E2%89%A4+size+%3C+40000++++++++++%7C+Small+++++%7C%0A%7
  C+40000+%E2%89%A4+size+%3C+800000+++++++++%7C+Medium++++%7C%0A%7C+800000+%E2%89%A4+size+++++++++++
  ++++++%7C+Large+++++%7C%0A%0A%23%23%23+2.4+Audio-Dokumente%0A%0A%23%23%23%23+Length%0A%0AExistiert
  +f%C3%BCr+ein+Dokument+vom+Typ+audio+ein+numerisches+Tag+Length%2C+so+wird+dies+%3Cu%3Enicht%3C%2F
  u%3E+hinzugef%C3%BCgt.+Stattdessen+wird+ein+neues+mehrwertiges+Tag+AudioLength+erstellt+mit+dem+We
  rtebereich+%7BSample%2C+Short%2C+Normal%2C+Long%7D.+Die+genauen+%C3%9Cbersetzungsregeln+k%C3%B6nne
  n+Sie+der+folgenden+Tabelle+entnehmen.%0A%0A%7C+Length++++++++++++++++%7C+AudioLength+%7C%0A%7C---
  --------------------%7C-------------%7C%0A%7C+length+%3C+10+++++++++++%7C+Sample++++++%7C%0A%7C+10
  +%E2%89%A4+length+%3C+60++++++%7C+Short+++++++%7C%0A%7C+60+%E2%89%A4+length+%3C+300+++++%7C+Normal
  ++++++%7C%0A%7C+300+%E2%89%A4+length++++++++++%7C+Long++++++++%7C%0A%0A%23%23%23%23+Genre%0A%0AExi
  stiert+f%C3%BCr+ein+Dokument+vom+Typ+audio+ein+mehrwertiges+Tag+Genre%2C+wird+dies+%3Cu%3Enicht%3C
  %2Fu%3E+hinzugef%C3%BCgt.+Stattdessen+wird+ein+Tag+AudioGenre+mit+gleichem+Wert+erzeugt+und+hinzug
  ef%C3%BCgt.%0A%0A%23%23%23+2.5+Video-Dokumente%0A%0A%23%23%23%23+Length%0A%0AExistiert+f%C3%BCr+ei
  n+Dokument+vom+Typ+video+ein+numerisches+Tag+Length%2C+wird+dies+%3Cu%3Enicht%3C%2Fu%3E+hinzugef%C
  3%BCgt.+Stattdessen+wird+ein+neues+mehrwertiges+Tag+VideoLength+erstellt+mit+dem+Wertebereich+%7BC
  lip%2C+Short%2C+Movie%2C+Long%7D.+Die+genauen+%C3%9Cbersetzungsregeln+k%C3%B6nnen+Sie+der+folgende
  n+Tabelle+entnehmen.%0A%0A%7C+Length++++++++++++++++++++%7C+VideoLength+%7C%0A%7C-----------------
  ----------%7C-------------%7C%0A%7C+length+%3C+300++++++++++++++%7C+Clip++++++++%7C%0A%7C+300+%E2%
  89%A4+length+%3C+3600+++++++%7C+Short+++++++%7C%0A%7C+3600+%E2%89%A4+length+%3C+7200++++++%7C+Movi
  e+++++++%7C%0A%7C+7200+%E2%89%A4+length+++++++++++++%7C+Long++++++++%7C%0A%0A%23%23%23%23+Genre%0A
  %0AExistiert+f%C3%BCr+ein+Dokument+vom+Typ+video+ein+mehrwertiges+Tag+Genre%2C+wird+dies+%3Cu%3Eni
  cht%3C%2Fu%3E+hinzugef%C3%BCgt.+Stattdessen+wird+ein+Tag+VideoGenre+mit+gleichem+Wert+erzeugt+und+
  hinzugef%C3%BCgt.%0A%0A%23%23%23+2.6+Text-Dokumente%0A%0A%23%23%23%23+Words%0A%0AExistiert+f%C3%BC
  r+ein+Dokument+vom+Typ+text+ein+numerisches+Tag+Words%2C+so+wird+dies+%3Cu%3Enicht%3C%2Fu%3E+hinzu
  gef%C3%BCgt.+Stattdessen+wird+ein+neues+mehrwertiges+Tag+TextLength+erstellt+mit+dem+Wertebereich+
  %7BShort%2C+Medium%2C+Long%7D.+Die+genauen+%C3%9Cbersetzungsregeln+k%C3%B6nnen+Sie+der+folgenden+T
  abelle+entnehmen.%0A%0A%7C+Words+++++++++++++++++%7C+TextLength+%7C%0A%7C-----------------------%7
  C------------%7C%0A%7C+words+%3C+100+++++++++++%7C+Short++++++%7C%0A%7C+100+%E2%89%A4+words+%3C+10
  00++++%7C+Medium+++++%7C%0A%7C+1000+%E2%89%A4+words++++++++++%7C+Long+++++++%7C%0A%0A%23%23%23%23+
  Genre%0A%0AExistiert+f%C3%BCr+ein+Dokument+vom+Typ+text+ein+mehrwertiges+Tag+Genre+wird+dies+%3Cu%
  3Enicht%3C%2Fu%3E+hinzugef%C3%BCgt.+Stattdessen+wird+ein+Tag+TextGenre+mit+gleichem+Wert+erzeugt+u
  nd+hinzugef%C3%BCgt.%0A%0A%23%23%23+2.7+Ausf%C3%BChrbare+Programme%0A%0A%23%23%23%23+Executable%0A
  %0AJedes+Dokument+des+Typs+program+erh%C3%A4lt+automatisch+ein+bin%C3%A4res+Tag+executable%2C+unab
  h%C3%A4ngig+davon%2C+ob+dies+in+der+Datenbasis+spezifiziert+ist+oder+nicht.&project=ProgrammingWT2
  324-Final2&role=requirements&task=Understand+the+wt2324final02+and+create+its+backlog+when+prompte
  d.&timestamp=2026-07-25T14%3A25%3A26.895Z&domain=wt2324final02

● adaptive-memory extension active (role=requirements, memorySession=20260725-162218-req) - type
  /memory-help. MCP tools registered (memory=true, backlog=true).







Changes    +0 -0
Duration   1m 28s
Tokens     ↑ 26.0k (1.3k cached) • ↓ 1.1k (485 reasoning)
[delivery:requirements] Turn 4/11 complete
[delivery:requirements] Turn 5/11: task.md — segment 4/9 — Abschlussaufgabe 2 — Durchdachte Dateisystemordnung > 3 Automatische Gliederung der Dokumentenliste
● [adaptive-context] GET http://localhost:4444/api/agents/7af7809a-adce-4fa9-9609-fd61059de0ff/sessi
  ons/20260725-162218-req/context?input=Dokument%3A+task.md%0ASegment%3A+4%2F9%0AAbschnitt%3A+Abschl
  ussaufgabe+2+%E2%80%94+Durchdachte+Dateisystemordnung+%3E+3+Automatische+Gliederung+der+Dokumenten
  liste%0A%0ALies+diesen+Abschnitt+sorgf%C3%A4ltig+und+behalte+den+Kontext.+Erstelle+noch+keinen+Bac
  klog+und+noch+keine+Tasks.+Warte+damit+bis+zum+abschlie%C3%9Fenden+%2Ffinalize.%0A%0A%23%23+3+Auto
  matische+Gliederung+der+Dokumentenliste%0A%0AWir+wollen+nun+die+automatische+Untergliederung+der+D
  okumentenliste+bzw.+den+automatisierten+Aufbau+der+Ordnerstruktur+n%C3%A4her+betrachten.%0A%0ADabe
  i+sollen+die+Dokumente+schrittweise+anhand+der+Werte+zu+einem+ausgew%C3%A4hlten+Tag+in+%E2%80%9EOr
  dner%22+einsortiert+werden.+Dies+wird+so+lange+rekursiv+wiederholt%2C+bis+die+einzelnen+Teillisten
  +%E2%80%9E%C3%BCbersichtlich%22%2C+d.h.+klein+genug+sind.%0A%0AWir+bezeichnen+im+Folgenden+die+Men
  ge+der+vorhandenen+Dokumente+mit+*D*.+Jedes+Tag+*t*+teilt+die+Menge+*D*+in+disjunkte+Teilmengen+ba
  sierend+auf+dem+Tag-Wert%2C+der+einem+Dokument+zugeordnet+ist.+Wir+schreiben+*t%28d%29+%3D+v*%2C+w
  enn+das+Tag+*t*+f%C3%BCr+das+Dokument+*d*+den+Wert+*v*+hat.+Zum+Beispiel+gilt+f%C3%BCr+das+Dokumen
  t+nggyu.mp3+aus+obiger+Dokumentenliste+folgendes%3A%0A%0A%60%60%60%0Aaudiogenre%28musik%2Fnggyu.mp
  3%29+%3D+pop%0Aauthor%28musik%2Fnggyu.mp3%29+++++%3D+Rick+Astley%0Afun%28musik%2Fnggyu.mp3%29+++++
  +++%3D+defined%0Afamily%28musik%2Fnggyu.mp3%29+++++%3D+undefined%0Aexecutable%28musik%2Fnggyu.mp3%
  29+%3D+undefined%0A%60%60%60%0A%0ABeachten+Sie%2C+dass+hier+Tags%2C+die+in+der+Dokumentenliste+ver
  wendet+werden%2C+aber+nicht+f%C3%BCr+das+Dokument+angegeben+sind%2C+den+Wert+%60undefined%60+bekom
  men.%0A%0AWir+k%C3%B6nnen+die+Liste+der+Dokumente+nun+f%C3%BCr+einen+ersten+Strukturierungsschritt
  +anhand+eines+gegebenen+Tags+entsprechend+seines+Wertebereichs+in+Teilmengen+*D%3Csub%3Et%3Dv%3C%2
  Fsub%3E*+%3D+%7B*d*+%E2%88%88+*D*+%7C+*t%28d%29*+%3D+*v*%7D+aufteilen.+So+k%C3%B6nnen+wir+zum+Beis
  piel+mit+dem+Tag+fun+die+obige+Dokumentenliste+in+folgende+Teilmengen+aufteilen%3A%0A%0A%60%60%60%
  0AD_%7Bfun%3Ddefined%7D+++%3D+%7B+musik%2Fnggyu.mp3%2C+dokumente%2FMyMemes.txt.txt%2C%0A++++++++++
  ++++++++++++dokumente%2FAbschlussaufgabe2+%7D%0AD_%7Bfun%3Dundefined%7D+%3D+%7B+dokumente%2FAbschl
  ussaufgabe1%2C+video%2FFamilienfeier.mpg%2C%0A++++++++++++++++++++++bilder%2FOma.jpg+%7D%0A%60%60%
  60%0A%0AUm+verschiedene+m%C3%B6gliche+Gliederungen+der+Dokumentenliste+%28anhand+verschiedener+Tag
  s%29+bewerten+zu+k%C3%B6nnen%2C+verwenden+wir+die+Anzahl+der+Dokumentenzugriffe+in+der+Vergangenhe
  it.+Ziel+ist%2C+h%C3%A4ufig+ben%C3%B6tigte+Dokumente+schnell+wiederzufinden%2C+d.h.+sie+sollten+au
  f+einer+m%C3%B6glichst+niedrigen+Ebene+der+Strukturierungshierarchie+zu+finden+sein.+Um+dieses+Zie
  l+zu+erreichen%2C+gehen+wir+wie+folgt+vor.%0A%0AJedes+Dokument+*d*+aus+einer+Liste+von+Dokumenten+
  *D*+wird+mit+einer+Wahrscheinlichkeit+*p%28d%2C+D%29*+ausgew%C3%A4hlt%2C+die+sich+aus+der+Anzahl+d
  er+fr%C3%BCheren+Zugriffe+*z%28d%29*+und+der+Summe+*Z%28D%29*+%3D+%E2%88%91%3Csub%3Ed+%E2%88%88+D%
  3C%2Fsub%3E+*z%28d%29*+aller+Dokumentenzugriffe+in+der+Liste+als+*p%28d%2C+D%29+%3D+z%28d%29+%2F+Z
  %28D%29*+ergibt.+So+ist+zum+Beispiel+*p%28nggyu.mp3%2C+D%29+%3D+30%2F61*.+Wenn+sich+die+zugrunde+l
  iegende+Liste+%C3%A4ndert%2C+so+%C3%A4ndert+sich+auch+die+Wahrscheinlichkeit%2C+weil+sich+die+Summ
  e+aller+Dokumentenzugriffe+ge%C3%A4ndert+hat.+Sei+jetzt+zum+Beispiel+die+Liste+*D%3Csub%3Efun%3Dde
  fined%3C%2Fsub%3E*+gegeben%2C+dann+ist+*p%28nggyu.mp3%2C+D%3Csub%3Efun%3Ddefined%3C%2Fsub%3E%29+%3
  D+30%2F51*.%0A%0ADie+Unsicherheit+dar%C3%BCber%2C+welches+Dokument+aus+einer+gegebenen+Liste+von+D
  okumenten+*D*+als+n%C3%A4chstes+ausgew%C3%A4hlt+wird%2C+kann+man+messen.+Dazu+l%C3%A4sst+sich+der+
  Begriff+der+*informationstheoretischen+Entropie*+%28siehe+z.B.+%3Chttp%3A%2F%2Fde.wikipedia.org%2F
  wiki%2FEntropie_%28Informationstheorie%29%3E%29+verwenden.+Sie+h%C3%A4ngt+von+den+Wahrscheinlichke
  iten+ab%2C+mit+denen+jedes+Element+der+Liste+ausgew%C3%A4hlt+wird+%28bzw.+in+der+Vergangenheit+aus
  gew%C3%A4hlt+wurde%29.+Die+Unsicherheit+*H%28D%29*+l%C3%A4sst+sich+wie+folgt+berechnen%3A%0A%0A%3E
  +*H%28D%29+%3D+%E2%88%92+%E2%88%91%3Csub%3Ed+%E2%88%88+D%3C%2Fsub%3E+p%28d%2C+D%29+%C2%B7+log%3Csu
  b%3E2%3C%2Fsub%3E%28p%28d%2C+D%29%29*%0A%0AWenn+wir+die+Menge+*D*+%C3%BCber+ein+Tag+*t*+aufteilen+
  und+uns+f%C3%BCr+eine+Teilmenge+*D%3Csub%3Et%3Dv%3C%2Fsub%3E*+entscheiden%2C+f%C3%A4llt+die+verble
  ibende+Unsicherheit%2C+d.h.+*H%28D%3Csub%3Et%3Dv%3C%2Fsub%3E%29+%E2%89%A4+H%28D%29*.+Ohne+zu+wisse
  n%2C+welchen+Wert+ein+Tag+annimmt%2C+m%C3%B6chten+wir+berechnen%2C+%C3%BCber+welches+Tag+wir+sinnv
  ollerweise+zuerst+entscheiden.+Das+hei%C3%9Ft%2C+wir+berechnen+die+*erwartete*+verbleibende+Unsich
  erheit%2C+falls+wir+uns+f%C3%BCr+einen+beliebigen+Wert+eines+bestimmten+Tags+*t*+entscheiden.%0A%0
  AHierzu+ben%C3%B6tigen+wir+noch+die+Wahrscheinlichkeit%2C+mit+der+ein+Dokument+aus+*D*+in+der+Teil
  menge+*D%3Csub%3Et%3Dv%3C%2Fsub%3E*+liegt.+Diese+l%C3%A4sst+sich+wie+folgt+berechnen%3A%0A%0A%3E+*
  p%28D%3Csub%3Et%3Dv%3C%2Fsub%3E%2C+D%29+%3D+%E2%88%91%3Csub%3Ed+%E2%88%88+D%3Csub%3Et%3Dv%3C%2Fsub
  %3E%3C%2Fsub%3E+p%28d%2C+D%29*%0A%0ADie+Wahrscheinlichkeit%2C+dass+*fun+%3D+defined*+ist%2C+ist+in
  +obigem+Beispiel+*p%28D%3Csub%3Efun%3Ddefined%3C%2Fsub%3E%2C+D%29+%3D+51%2F61*.%0A%0ADie+erwartete
  +verbleibende+Unsicherheit+nach+einer+Entscheidung+%C3%BCber+den+Wert+des+Tags+*t*+%28mit+Werteber
  eich+*W%3Csub%3Et%3C%2Fsub%3E*%29+wird+dann+wie+folgt+berechnet%3A%0A%0A%3E+*H%28D%2C+t%29+%3D+%E2
  %88%91%3Csub%3Ev+%E2%88%88+W%3Csub%3Et%3C%2Fsub%3E%3C%2Fsub%3E+p%28D%3Csub%3Et%3Dv%3C%2Fsub%3E%2C+
  D%29+%C2%B7+H%28D%3Csub%3Et%3Dv%3C%2Fsub%3E%29*%0A%0AJetzt+k%C3%B6nnen+wir+den+erwarteten+Informat
  ionsgewinn+*IG*+beim+Aufteilen+von+*D*+an+Tag+*t*+berechnen.%0A%0A%3E+*IG%28D%2C+t%29+%3D+H%28D%29
  +%E2%88%92+H%28D%2C+t%29*%0A%0AWir+strukturieren+die+Dokumente+also+so+nach+Tags%2C+dass+die+Unsic
  herheit+dar%C3%BCber%2C+welches+Dokument+gemeint+ist%2C+m%C3%B6glichst+schnell+f%C3%A4llt%2C+oder+
  anders+ausgedr%C3%BCckt%2C+dass+der+erwartete+Informationsgewinn+m%C3%B6glichst+hoch+ist.%0A%0A**B
  eispiel+2%3A**+Bei+der+oben+gegebenen+Liste+von+Dokumenten%0A%0A%60%60%60%0AD+%3D+%7B+musik%2Fnggy
  u.mp3%2C+dokumente%2FAbschlussaufgabe1%2C+dokumente%2FAbschlussaufgabe2%2C%0A++++++dokumente%2FMyM
  emes.txt%2C+video%2FFamilienfeier.mpg%2C+bilder%2FOma.jpg+%7D%0A%60%60%60%0A%0Asind+die+erwarteten
  +Informationsgewinne+*IG*+die+folgenden%3A%0A%0A%60%60%60%0AIG%28D%2C+author%29+++++%3D+1.49%0AIG%
  28D%2C+audiogenre%29+%3D+1.00%0AIG%28D%2C+fun%29++++++++%3D+0.64%0AIG%28D%2C+executable%29+%3D+0.8
  9%0AIG%28D%2C+family%29+++++%3D+0.12%0A%60%60%60&project=ProgrammingWT2324-Final2&role=requirement
  s&task=Understand+the+wt2324final02+and+create+its+backlog+when+prompted.&timestamp=2026-07-25T14%
  3A25%3A54.281Z&domain=wt2324final02

● Injected adaptive memory context into system prompt

● <adaptive_rules>
  - The output order of documents is descending by p(D_{t=v}, D).
  - Ties in sorting are broken lexicographically: `defined` before `undefined`; multivalued tags by
  tag-value lexicographic order; documents by document identifier lexicographically.
  - Automatically generated tags must also not be defined multiple times on a document (e.g., images
   must not have both `size` and `imagesize`).
  - In the second part output a list of documents: each line is the full path through the computed
  tree (components separated by `/`), ending with the document identifier in quotes.
  - Each line of the input file contains comma-separated entries: identifier, document type, access
  count, then a list of tags.
  - First output the computed information gains line by line for those greater than ε = 10^-3,
  sorted within a decision step in descending order by information gain.
  - Values of multivalued tags must start with a letter and otherwise consist of letters, digits,
  and possibly spaces.
  - Multivalued and numerical tags may be set at most once per document; multiple definitions
  produce an error.
  - Tag identifiers must be unique in type: a tag is either binary, multivalued, or numeric; mixed
  tags are forbidden.
  - Binary tags (labels) are given only by their identifier and have no explicit value.
  - The second entry must be one of the five document types: image, audio, video, text, or program.
  - The first entry is a unique document identifier and must not contain spaces.
  - Follow Javadoc documentation rules.
  - Follow rules for variable, method, and package naming.
  - Program source code should be written in English.
  - Insert a line with three hyphens `---` as a separator between the information-gain part and the
  document list part.
  - The Javadoc author tag must contain only the student's u-Kürzel.
  - The third entry must be a non-negative integer representing the access count.
  - After printing an error message the program must continue and wait for the next input.
  - Tag identifiers must always be output in lowercase in the specified output format.
  - Avoid excessively long methods and files (no explicit numeric limit given).
  - During command execution, if executing a command would violate the specification the program
  must print a meaningful error message.
  - Comments should be appropriate in amount and consistently in English or German.
  - Plan time for the first submission because mandatory tests gate further scoring.
  - An explicitly given value `undefined` is not the same as the implicitly used `undefined` for
  missing tag definitions.
  - Do not reassign the standard input or output streams.
  - Each information-gain line begins with a slash, then slash-separated prior tag=value pairs, then
   another slash, then the tag=information-gain in Java decimal notation rounded to two decimals.
  - Passing the mandatory tests is required; violating mandatory rules leads to a zero score.
  - Submission must be implemented using Java SE 17.
  - Submission must compile without errors.
  - Submit the *.java files for task A individually with the corresponding folder structure.
  - Valid tag identifiers begin with a Latin letter and otherwise consist of Latin letters and
  digits.
  - Tag identifiers are case-insensitive (e.g., length, Length, lenGth denote the same tag).
  - Values of numerical tags must be integers within the integer range.
  - Refer to the ILIAS Wiki for modeling guidance and grading criteria.
  - Any other values that do not match the allowed tag formats cause an error.
  - The `run <id>` command executes the automatic structuring on the loaded input with the given id;
   any access count changes since loading are taken into account.
  - An id is a globally unique integer for loaded inputs, starting at 0 and assigned ascending.
  - Use System.out for standard output unless otherwise specified.
  - The `load <path>` command may read multiple files which are thereafter treated separately; on
  success print `Loaded <path> with id: <id>` then the file contents line by line.
  - If user input does not match the expected format an error message must be printed.
  - The `change <id> <file> <number>` command modifies only the state of a loaded input (not the
  source text file) and on success prints `Change <number> to <number> for <file>` showing old then
  new access count.
  - Some Checkstyle rules are specially marked and violating them causes the submission to be scored
   zero.
  - Adhere to all whitespace rules enforced by the style checks.
  - Choose appropriate visibilities for classes, methods, and attributes.
  - Do not use the default package.
  - You must keep a maximum line width of 140 characters.
  - Each error message must begin with "ERROR: " and must not contain line breaks.
  - Do not include personal data other than the u-Kürzel in submissions.
  </adaptive_rules>

  <memories>
    - ProgrammingWT2324-Final2 implements a decision-tree document-processing feature that computes
  Information Gain (ε = 10⁻³) and outputs information-gain lines, then '---', then a document list
    - ProgrammingWT2324-Final2 constrains coding style: Checkstyle enforced, max 140 characters per
  line, Javadoc required, and errors must be prefixed with "ERROR: "
    - ProgrammingWT2324-Final2 uses System.in for input and System.out for output
  </memories>
  <knowledge>
    - The online submission system automatically checks Checkstyle rules during submission.
    - Use System.in as the input source unless otherwise specified.
    - Error messages may optionally use System.err.
    - Search the entire document list D for the tag t that maximizes the information gain IG(D,t);
  treat `undefined` as an independent value.
    - Split the list by the tag with maximal information gain into sublists per value.
    - Repeat the splitting procedure on resulting sublists until the expected information gain for
  all remaining tags is less than ε = 10^-3.
    - Following entries are an arbitrarily long list of tags.
  </knowledge>
  <entity_paths>
    - ProgrammingWT2324-Final2 CONSTRAINT Code style and error handling constraints:
  ProgrammingWT2324-Final2 constrains coding style: Checkstyle enforced, max 140 characters per
  line, Javadoc required, and errors must be prefixed with "ERROR: "
    - ProgrammingWT2324-Final2 USES System.in / System.out: ProgrammingWT2324-Final2 uses System.in
  for input and System.out for output
    - ProgrammingWT2324-Final2 RELATES_TO Decision-tree document-processing:
  ProgrammingWT2324-Final2 implements a decision-tree document-processing feature that computes
  Information Gain (ε = 10⁻³) and outputs information-gain lines, then '---', then a document list
    - Document ordering by probability CONSTRAINT Ordering rule: The output order of documents is
  descending by p(D_{t=v}, D).
    - Eingabedatei (Dokumentenliste) RELATES_TO Line format: Each line of the input file contains
  comma-separated entries: identifier, document type, access count, then a list of tags.
    - Multivalued tag values CONSTRAINT Alphanumeric-start-with-letter rule: Values of multivalued
  tags must start with a letter and otherwise consist of letters, digits, and possibly spaces.
  </entity_paths>
  <entity_matches>
    - ProgrammingWT2324-Final2 (score: 1.00) — Final programming assignment repository for the
  course
    - Document ordering by probability (score: 0.75) — Sort documents by p(D_{t=v},D) descending
    - Eingabedatei (Dokumentenliste) (score: 0.74) — Input file containing the document list
    - Decision-tree document-processing (score: 0.73) — Processes tagged documents and computes
  information gain for splitting
    - Multivalued tag values (score: 0.71) — Values for morewertige Tags
  </entity_matches>
  <insights>
    - Agent community around ProgrammingWT2324-Final2, Decision-tree document-processing, Code style
   and error handling constraints. Relevant agent facts: ProgrammingWT2324-Final2 constrains coding
  style: Checkstyle enforced, max 140 characters per line, Javadoc required, and errors must be
  prefixed with "ERROR: "; ProgrammingWT2324-Final2 implements a decision-tree document-processing
  feature that computes Information Gain (ε = 10⁻³) and outputs information-gain lines, then '---',
  then a document list; ProgrammingWT2324-Final2 uses System.in for input and System.out for output
  </insights>

● adaptive-memory extension active (role=requirements, memorySession=20260725-162218-req) - type
  /memory-help. MCP tools registered (memory=true, backlog=true).







Changes    +0 -0
Duration   1m 51s
Tokens     ↑ 30.2k (1.3k cached) • ↓ 826 (423 reasoning)
[delivery:requirements] Turn 5/11 complete
[delivery:requirements] Turn 6/11: task.md — segment 5/9 — Abschlussaufgabe 2 — Durchdachte Dateisystemordnung > 4 Algorithmus
● [adaptive-context] GET http://localhost:4444/api/agents/7af7809a-adce-4fa9-9609-fd61059de0ff/sessi
  ons/20260725-162218-req/context?input=Dokument%3A+task.md%0ASegment%3A+5%2F9%0AAbschnitt%3A+Abschl
  ussaufgabe+2+%E2%80%94+Durchdachte+Dateisystemordnung+%3E+4+Algorithmus%0A%0ALies+diesen+Abschnitt
  +sorgf%C3%A4ltig+und+behalte+den+Kontext.+Erstelle+noch+keinen+Backlog+und+noch+keine+Tasks.+Warte
  +damit+bis+zum+abschlie%C3%9Fenden+%2Ffinalize.%0A%0A%23%23+4+Algorithmus%0A%0ASuchen+Sie+zun%C3%A
  4chst+in+der+gesamten+Liste+an+Dokumenten+*D*+nach+demjenigen+Tag+*t*%2C+f%C3%BCr+das+der+Informat
  ionsgewinn+*IG%28D%2C+t%29*+am+gr%C3%B6%C3%9Ften+ist.+Dabei+wird+jeweils+%60undefined%60+wie+ein+e
  igenst%C3%A4ndiger+Wert+behandelt.+Teilen+Sie+dann+die+Liste+an+dem+Tag+mit+dem+maximalen+Informat
  ionsgewinn%2C+und+zwar+so%2C+dass+Sie+pro+Wert+eine+Liste+erhalten.+Wiederholen+Sie+diese+Prozedur
  +auf+den+neu+entstanden+Teillisten+solange%2C+bis+der+erwartete+Informationsgewinn+f%C3%BCr+alle+v
  erbleibenden+Tags+kleiner+als+*%CE%B5+%3D+10%3Csup%3E%E2%88%923%3C%2Fsup%3E*+ist.+Dabei+entsteht+e
  in+*Baum*%2C+dessen+Verzweigungen+Entscheidungen+%C3%BCber+ein+bestimmtes+Tag+und+einen+Tag-Wert+e
  ntsprechen.+An+den+Bl%C3%A4ttern+befinden+sich+%E2%80%9Ekleine%22+Listen+von+Dokumenten%2C+f%C3%BC
  r+die+sich+eine+weitere+Untergliederung+nicht+mehr+lohnt.+Im+Beispiel+w%C3%BCrden+wir+uns+im+erste
  n+Schritt+f%C3%BCr+author+entscheiden.%0A%0A**Hinweis%3A**+*%C3%9Cberlegen+Sie+sich+eine+sinnvolle
  +Java-Modellierung+f%C3%BCr+die+Umsetzung+der+oben+beschriebenen+Konzepte%2C+insbesondere+f%C3%BCr
  +Dokumente%2C+Tags+und+%28Strukturierungs-%29Baum.+Setzen+Sie+dabei+die+erlernten+Konzepte+der+obj
  ektorientierten+Programmierung+ein%2C+um+Daten+und+Funktionalit%C3%A4t+sinnvoll+zu+strukturieren.+
  Achten+Sie+auch+darauf%2C+die+Eingabe+zu+validieren%2C+indem+Sie+sich+bei+jedem+Schritt+%C3%BCberl
  egen%2C+welche+Annahmen+%C3%BCber+die+Eingaben+Sie+machen.*&project=ProgrammingWT2324-Final2&role=
  requirements&task=Understand+the+wt2324final02+and+create+its+backlog+when+prompted.&timestamp=202
  6-07-25T14%3A26%3A18.209Z&domain=wt2324final02

● Injected adaptive memory context into system prompt

● <adaptive_rules>
  - In the second part output a list of documents: each line is the full path through the computed
  tree (components separated by `/`), ending with the document identifier in quotes.
  - The Javadoc author tag must contain only the student's u-Kürzel.
  - Values of numerical tags must be integers within the integer range.
  - The output order of documents is descending by p(D_{t=v}, D).
  - Each information-gain line begins with a slash, then slash-separated prior tag=value pairs, then
   another slash, then the tag=information-gain in Java decimal notation rounded to two decimals.
  - An explicitly given value `undefined` is not the same as the implicitly used `undefined` for
  missing tag definitions.
  - First output the computed information gains line by line for those greater than ε = 10^-3,
  sorted within a decision step in descending order by information gain.
  - Values of multivalued tags must start with a letter and otherwise consist of letters, digits,
  and possibly spaces.
  - Refer to the ILIAS Wiki for modeling guidance and grading criteria.
  - The second entry must be one of the five document types: image, audio, video, text, or program.
  - Ties in sorting are broken lexicographically: `defined` before `undefined`; multivalued tags by
  tag-value lexicographic order; documents by document identifier lexicographically.
  - Follow Javadoc documentation rules.
  - Tag identifiers must be unique in type: a tag is either binary, multivalued, or numeric; mixed
  tags are forbidden.
  - Tag identifiers must always be output in lowercase in the specified output format.
  - Program source code should be written in English.
  - Binary tags (labels) are given only by their identifier and have no explicit value.
  - Each line of the input file contains comma-separated entries: identifier, document type, access
  count, then a list of tags.
  - After printing an error message the program must continue and wait for the next input.
  - Multivalued and numerical tags may be set at most once per document; multiple definitions
  produce an error.
  - Avoid excessively long methods and files (no explicit numeric limit given).
  - Insert a line with three hyphens `---` as a separator between the information-gain part and the
  document list part.
  - Comments should be appropriate in amount and consistently in English or German.
  - Some Checkstyle rules are specially marked and violating them causes the submission to be scored
   zero.
  - Plan time for the first submission because mandatory tests gate further scoring.
  - Follow rules for variable, method, and package naming.
  - Do not reassign the standard input or output streams.
  - Automatically generated tags must also not be defined multiple times on a document (e.g., images
   must not have both `size` and `imagesize`).
  - Passing the mandatory tests is required; violating mandatory rules leads to a zero score.
  - Submission must be implemented using Java SE 17.
  - Submission must compile without errors.
  - Submit the *.java files for task A individually with the corresponding folder structure.
  - Adhere to all whitespace rules enforced by the style checks.
  - Choose appropriate visibilities for classes, methods, and attributes.
  - Do not use the default package.
  - You must keep a maximum line width of 140 characters.
  - The first entry is a unique document identifier and must not contain spaces.
  - Valid tag identifiers begin with a Latin letter and otherwise consist of Latin letters and
  digits.
  - The `run <id>` command executes the automatic structuring on the loaded input with the given id;
   any access count changes since loading are taken into account.
  - The third entry must be a non-negative integer representing the access count.
  - Each error message must begin with "ERROR: " and must not contain line breaks.
  - Use System.out for standard output unless otherwise specified.
  - Do not include personal data other than the u-Kürzel in submissions.
  - Tag identifiers are case-insensitive (e.g., length, Length, lenGth denote the same tag).
  - Any other values that do not match the allowed tag formats cause an error.
  - If user input does not match the expected format an error message must be printed.
  - During command execution, if executing a command would violate the specification the program
  must print a meaningful error message.
  - An id is a globally unique integer for loaded inputs, starting at 0 and assigned ascending.
  </adaptive_rules>

  <memories>
    - ProgrammingWT2324-Final2 relates to a decision-tree program that processes documents with
  binary, multivalued, and numeric tags
    - ProgrammingWT2324-Final2 implements a decision-tree document-processing feature that computes
  Information Gain (ε = 10⁻³) and outputs information-gain lines, then '---', then a document list
    - ProgrammingWT2324-Final2 is located at
  /Users/nghalinh2711/Development/student-repos/wt2324final02
    - ProgrammingWT2324-Final2 relates to pipeline phase Requirements (Headless-Mode)
    - ProgrammingWT2324-Final2 uses System.in for input and System.out for output
    - ProgrammingWT2324-Final2 constrains coding style: Checkstyle enforced, max 140 characters per
  line, Javadoc required, and errors must be prefixed with "ERROR: "
    - ProgrammingWT2324-Final2 uses Java SE 17
    - ProgrammingWT2324-Final2 relates to supported document types: image, audio, video, text,
  program
  </memories>
  <knowledge>
    - The online submission system automatically checks Checkstyle rules during submission.
    - Use System.in as the input source unless otherwise specified.
    - Error messages may optionally use System.err.
    - Search the entire document list D for the tag t that maximizes the information gain IG(D,t);
  treat `undefined` as an independent value.
    - Repeat the splitting procedure on resulting sublists until the expected information gain for
  all remaining tags is less than ε = 10^-3.
    - Split the list by the tag with maximal information gain into sublists per value.
    - Following entries are an arbitrarily long list of tags.
  </knowledge>
  <entity_paths>
    - ProgrammingWT2324-Final2 CONSTRAINT Code style and error handling constraints:
  ProgrammingWT2324-Final2 constrains coding style: Checkstyle enforced, max 140 characters per
  line, Javadoc required, and errors must be prefixed with "ERROR: "
    - ProgrammingWT2324-Final2 USES Java SE 17: ProgrammingWT2324-Final2 uses Java SE 17
    - ProgrammingWT2324-Final2 USES System.in / System.out: ProgrammingWT2324-Final2 uses System.in
  for input and System.out for output
    - ProgrammingWT2324-Final2 RELATES_TO Decision-tree document tag processing:
  ProgrammingWT2324-Final2 relates to a decision-tree program that processes documents with binary,
  multivalued, and numeric tags
    - ProgrammingWT2324-Final2 RELATES_TO Document types (image, audio, video, text, program):
  ProgrammingWT2324-Final2 relates to supported document types: image, audio, video, text, program
    - ProgrammingWT2324-Final2 RELATES_TO Requirements (Headless-Mode): ProgrammingWT2324-Final2
  relates to pipeline phase Requirements (Headless-Mode)
    - ProgrammingWT2324-Final2 RELATES_TO
  /Users/nghalinh2711/Development/student-repos/wt2324final02: ProgrammingWT2324-Final2 is located
  at /Users/nghalinh2711/Development/student-repos/wt2324final02
    - ProgrammingWT2324-Final2 RELATES_TO Decision-tree document-processing:
  ProgrammingWT2324-Final2 implements a decision-tree document-processing feature that computes
  Information Gain (ε = 10⁻³) and outputs information-gain lines, then '---', then a document list
    - Eingabedatei (Dokumentenliste) RELATES_TO Line format: Each line of the input file contains
  comma-separated entries: identifier, document type, access count, then a list of tags.
    - Document ordering by probability CONSTRAINT Ordering rule: The output order of documents is
  descending by p(D_{t=v}, D).
  </entity_paths>
  <entity_matches>
    - ProgrammingWT2324-Final2 (score: 1.00) — Course project / repository for wt2324final02
    - Decision-tree document-processing (score: 0.75) — Processes tagged documents and computes
  information gain for splitting
    - Eingabedatei (Dokumentenliste) (score: 0.72) — Input file containing the document list
    - Document ordering by probability (score: 0.70) — Sort documents by p(D_{t=v},D) descending
    - Mandatory tests gating (score: 0.69) — first-submission pass requirement
  </entity_matches>
  <insights>
    - Agent community around ProgrammingWT2324-Final2, Decision-tree document-processing, Code style
   and error handling constraints. Relevant agent facts: ProgrammingWT2324-Final2 relates to a
  decision-tree program that processes documents with binary, multivalued, and numeric tags;
  ProgrammingWT2324-Final2 relates to supported document types: image, audio, video, text, program;
  ProgrammingWT2324-Final2 uses Java SE 17
  </insights>

● adaptive-memory extension active (role=requirements, memorySession=20260725-162218-req) - type
  /memory-help. MCP tools registered (memory=true, backlog=true).







Changes    +0 -0
Duration   2m 11s
Tokens     ↑ 31.2k (1.3k cached) • ↓ 503 (193 reasoning)
[delivery:requirements] Turn 6/11 complete
[delivery:requirements] Turn 7/11: task.md — segment 6/9 — Abschlussaufgabe 2 — Durchdachte Dateisystemordnung > 5 Ausgabeformat
● [adaptive-context] GET http://localhost:4444/api/agents/7af7809a-adce-4fa9-9609-fd61059de0ff/sessi
  ons/20260725-162218-req/context?input=Dokument%3A+task.md%0ASegment%3A+6%2F9%0AAbschnitt%3A+Abschl
  ussaufgabe+2+%E2%80%94+Durchdachte+Dateisystemordnung+%3E+5+Ausgabeformat%0A%0ALies+diesen+Abschni
  tt+sorgf%C3%A4ltig+und+behalte+den+Kontext.+Erstelle+noch+keinen+Backlog+und+noch+keine+Tasks.+War
  te+damit+bis+zum+abschlie%C3%9Fenden+%2Ffinalize.%0A%0A%23%23+5+Ausgabeformat%0A%0AZuerst+werden+z
  eilenweise+die+berechneten+Informationsgewinne+ausgegeben%2C+sofern+diese+gr%C3%B6%C3%9Fer+als+*%C
  E%B5+%3D+10%3Csup%3E%E2%88%923%3C%2Fsup%3E*+sind.+Innerhalb+eines+Entscheidungsschrittes+ist+die+R
  eihenfolge+der+Ausgaben+absteigend+nach+den+Informationsgewinnen+sortiert+%28siehe+Beispiel+3%29.+
  Dabei+beginnt+jede+Zeile+mit+einem+Slash.+Danach+folgen+durch+Slash+getrennt+die+bisherigen+Entsch
  eidungen+%C3%BCber+die+Tags+%28das+sind+durch+%E2%80%9E%3D%22+getrennte+Tag%E2%80%93Wert%E2%80%93P
  aare%29.+Nach+einem+weiteren+Tag+folgt+das+Tag%2C+f%C3%BCr+das+der+Informationsgewinn+berechnet+wu
  rde.+Dann+folgt+nach+einem+Gleichheitszeichen+der+erwartete+Informationsgewinn+f%C3%BCr+das+betrac
  htete+Tag+in+Java-Dezimalschreibweise.+Hierbei+wird+bei+der+Ausgabe+auf+zwei+Nachkommastellen+geru
  ndet.%0A%0AGeben+Sie+eine+Zeile+mit+drei+Bindestrichen+%28%60%22---%22%60%29+als+Markierung+f%C3%B
  Cr+den+Beginn+des+zweiten+Teils+der+Ausgabe+aus.+Geben+Sie+dann+eine+Liste+der+Dokumente+aus%2C+un
  d+zwar+so%2C+dass+in+jeder+Zeile+der+vollst%C3%A4ndige+Pfad+%28Pfadkomponenten+durch+Slash+%28%60%
  22%2F%22%60%29+getrennt%29+durch+den+oben+berechneten+Baum+gegeben+ist.+Geben+Sie+am+Ende+jedes+Pf
  ades+in+Anf%C3%BChrungszeichen+%28%60%22%5C%22%22%60%29+den+Dokumenten-Bezeichner+aus.+Die+Ausgabe
  reihenfolge+der+Dokumente+wird+absteigend+nach+*p%28D%3Csub%3Et%3Dv%3C%2Fsub%3E%2C+D%29*+bestimmt.
  %0A%0AIm+Falle+eines+Gleichstandes+bei+der+Sortierung+wird+immer+lexikografisch+sortiert.+Dies+bed
  eutet+defined+vor+undefined%2C+bei+mehrwertigen+Tags+lexikografisch+nach+Tag-Wert+und+bei+Dokument
  en+lexikografisch+nach+dem+Bezeichner+des+Dokuments.%0A%0A**Hinweis%3A**+In+diesem+Ausgabeformat+w
  erden+die+Bezeichner+der+Tags+*immer*+in+Kleinbuchstaben+ausgegeben.%0A%0A**Beispiel+3%3A**+siehe+
  %60examples.md%60%2C+Datei+%60output.txt%60.&project=ProgrammingWT2324-Final2&role=requirements&ta
  sk=Understand+the+wt2324final02+and+create+its+backlog+when+prompted.&timestamp=2026-07-25T14%3A26
  %3A37.642Z&domain=wt2324final02

● Injected adaptive memory context into system prompt

● <adaptive_rules>
  - First output the computed information gains line by line for those greater than ε = 10^-3,
  sorted within a decision step in descending order by information gain.
  - In the second part output a list of documents: each line is the full path through the computed
  tree (components separated by `/`), ending with the document identifier in quotes.
  - Ties in sorting are broken lexicographically: `defined` before `undefined`; multivalued tags by
  tag-value lexicographic order; documents by document identifier lexicographically.
  - Each information-gain line begins with a slash, then slash-separated prior tag=value pairs, then
   another slash, then the tag=information-gain in Java decimal notation rounded to two decimals.
  - The Javadoc author tag must contain only the student's u-Kürzel.
  - Insert a line with three hyphens `---` as a separator between the information-gain part and the
  document list part.
  - The output order of documents is descending by p(D_{t=v}, D).
  - Follow Javadoc documentation rules.
  - Each line of the input file contains comma-separated entries: identifier, document type, access
  count, then a list of tags.
  - Tag identifiers must always be output in lowercase in the specified output format.
  - Comments should be appropriate in amount and consistently in English or German.
  - The second entry must be one of the five document types: image, audio, video, text, or program.
  - Multivalued and numerical tags may be set at most once per document; multiple definitions
  produce an error.
  - Avoid excessively long methods and files (no explicit numeric limit given).
  - Automatically generated tags must also not be defined multiple times on a document (e.g., images
   must not have both `size` and `imagesize`).
  - Follow rules for variable, method, and package naming.
  - The first entry is a unique document identifier and must not contain spaces.
  - Values of multivalued tags must start with a letter and otherwise consist of letters, digits,
  and possibly spaces.
  - Valid tag identifiers begin with a Latin letter and otherwise consist of Latin letters and
  digits.
  - Refer to the ILIAS Wiki for modeling guidance and grading criteria.
  - Plan time for the first submission because mandatory tests gate further scoring.
  - Tag identifiers must be unique in type: a tag is either binary, multivalued, or numeric; mixed
  tags are forbidden.
  - Program source code should be written in English.
  - Any other values that do not match the allowed tag formats cause an error.
  - Binary tags (labels) are given only by their identifier and have no explicit value.
  - Tag identifiers are case-insensitive (e.g., length, Length, lenGth denote the same tag).
  - Use System.out for standard output unless otherwise specified.
  - Do not reassign the standard input or output streams.
  - An id is a globally unique integer for loaded inputs, starting at 0 and assigned ascending.
  - Do not include personal data other than the u-Kürzel in submissions.
  - Values of numerical tags must be integers within the integer range.
  - During command execution, if executing a command would violate the specification the program
  must print a meaningful error message.
  - The `load <path>` command may read multiple files which are thereafter treated separately; on
  success print `Loaded <path> with id: <id>` then the file contents line by line.
  - The `change <id> <file> <number>` command modifies only the state of a loaded input (not the
  source text file) and on success prints `Change <number> to <number> for <file>` showing old then
  new access count.
  - After printing an error message the program must continue and wait for the next input.
  - Some Checkstyle rules are specially marked and violating them causes the submission to be scored
   zero.
  - An explicitly given value `undefined` is not the same as the implicitly used `undefined` for
  missing tag definitions.
  - The third entry must be a non-negative integer representing the access count.
  - The `run <id>` command executes the automatic structuring on the loaded input with the given id;
   any access count changes since loading are taken into account.
  - If user input does not match the expected format an error message must be printed.
  - Each error message must begin with "ERROR: " and must not contain line breaks.
  - Adhere to all whitespace rules enforced by the style checks.
  - Choose appropriate visibilities for classes, methods, and attributes.
  - Do not use the default package.
  - You must keep a maximum line width of 140 characters.
  - Passing the mandatory tests is required; violating mandatory rules leads to a zero score.
  - Submission must be implemented using Java SE 17.
  - Submission must compile without errors.
  - Submit the *.java files for task A individually with the corresponding folder structure.
  </adaptive_rules>

  <memories>
    - DOCUMENT task.md describes the assignment 'Abschlussaufgabe 2 — Durchdachte
  Dateisystemordnung'.
    - ProgrammingWT2324-Final2 relates to the assignment document task.md (Abschlussaufgabe 2 —
  Durchdachte Dateisystemordnung).
    - The file 'task.md' (Segment 1) defines the assignment 'Abschlussaufgabe 2 — Durchdachte
  Dateisystemordnung' and its metadata (course, semester, instructor, group, points, version).
    - ProgrammingWT2324-Final2 requires an Entscheidungsbaum-Programm (decision-tree program) that
  processes documents annotated with tags (binary, multi-valued, numeric).
    - ProgrammingWT2324-Final2 relates to a decision-tree program that processes documents with
  binary, multivalued, and numeric tags
    - ProgrammingWT2324-Final2 is located at
  /Users/nghalinh2711/Development/student-repos/wt2324final02
    - ProgrammingWT2324-Final2 relates to pipeline phase Requirements (Headless-Mode)
    - ProgrammingWT2324-Final2 constrains coding style: Checkstyle enforced, max 140 characters per
  line, Javadoc required, and errors must be prefixed with "ERROR: "
    - ProgrammingWT2324-Final2 uses System.in for input and System.out for output
    - ProgrammingWT2324-Final2 implements a decision-tree document-processing feature that computes
  Information Gain (ε = 10⁻³) and outputs information-gain lines, then '---', then a document list
    - ProgrammingWT2324-Final2 uses an automated folder structure that is dynamically adapted based
  on provided keywords (tags).
    - ProgrammingWT2324-Final2 uses Java SE 17
    - ProgrammingWT2324-Final2 requires the directory tree to prioritize frequently used documents
  by adjusting structure based on access frequencies.
    - ProgrammingWT2324-Final2 relates to supported document types: image, audio, video, text,
  program
  </memories>
  <knowledge>
    - The online submission system automatically checks Checkstyle rules during submission.
    - Use System.in as the input source unless otherwise specified.
    - Error messages may optionally use System.err.
  </knowledge>
  <entity_paths>
    - ProgrammingWT2324-Final2 CONSTRAINT Document metadata database storage:
  ProgrammingWT2324-Final2 requires storing document metadata (including tags and access frequency)
  in a database.
    - ProgrammingWT2324-Final2 CONSTRAINT Access-frequency-driven accessibility:
  ProgrammingWT2324-Final2 requires the directory tree to prioritize frequently used documents by
  adjusting structure based on access frequencies.
    - ProgrammingWT2324-Final2 CONSTRAINT Checkstyle rules: max 140 chars; Javadoc required: The
  codebase enforces Checkstyle rules including a maximum line length of 140 characters and mandatory
   Javadoc.
    - ProgrammingWT2324-Final2 CONSTRAINT Code style and error handling constraints:
  ProgrammingWT2324-Final2 constrains coding style: Checkstyle enforced, max 140 characters per
  line, Javadoc required, and errors must be prefixed with "ERROR: "
    - ProgrammingWT2324-Final2 USES Java SE 17: ProgrammingWT2324-Final2 uses Java SE 17;
  ProgrammingWT2324-Final2 uses Java SE 17 as the implementation language.
    - ProgrammingWT2324-Final2 USES Automated tag-derived folder structure: ProgrammingWT2324-Final2
   uses an automated folder structure that is dynamically adapted based on provided keywords (tags).
    - ProgrammingWT2324-Final2 USES System.in / System.out: ProgrammingWT2324-Final2 uses System.in
  for input and System.out for output
    - ProgrammingWT2324-Final2 RELATES_TO Decision-tree document tag processing:
  ProgrammingWT2324-Final2 relates to a decision-tree program that processes documents with binary,
  multivalued, and numeric tags
    - ProgrammingWT2324-Final2 RELATES_TO Document types: image, audio, video, text, program:
  ProgrammingWT2324-Final2 relates to supported document types: image, audio, video, text, program
    - ProgrammingWT2324-Final2 RELATES_TO Requirements (Headless-Mode): ProgrammingWT2324-Final2
  relates to pipeline phase Requirements (Headless-Mode)
    - ProgrammingWT2324-Final2 RELATES_TO
  /Users/nghalinh2711/Development/student-repos/wt2324final02: ProgrammingWT2324-Final2 is located
  at /Users/nghalinh2711/Development/student-repos/wt2324final02
    - ProgrammingWT2324-Final2 RELATES_TO Entscheidungsbaum-Programm: ProgrammingWT2324-Final2
  requires an Entscheidungsbaum-Programm (decision-tree program) that processes documents annotated
  with tags (binary, multi-valued, numeric).
    - ProgrammingWT2324-Final2 RELATES_TO Decision-tree document-processing:
  ProgrammingWT2324-Final2 implements a decision-tree document-processing feature that computes
  Information Gain (ε = 10⁻³) and outputs information-gain lines, then '---', then a document list
    - ProgrammingWT2324-Final2 RELATES_TO task.md (Abschlussaufgabe 2 — Durchdachte
  Dateisystemordnung): ProgrammingWT2324-Final2 relates to the assignment document task.md
  (Abschlussaufgabe 2 — Durchdachte Dateisystemordnung).
    - Abschlussaufgabe 2 — Durchdachte Dateisystemordnung RELATES_TO dynamic tree-like directory
  structure: The assignment requires a program that generates a dynamic, tree-like directory
  structure whose folder names are derived from document tags and whose structure is computed from
  tags and access frequencies.
    - Abschlussaufgabe 2 — Durchdachte Dateisystemordnung RELATES_TO database: The program must
  store information for each document in a database, including the document's usage frequency.
    - Abschlussaufgabe 2 — Durchdachte Dateisystemordnung RELATES_TO Programmieren: The file
  'task.md' (Segment 1) defines the assignment 'Abschlussaufgabe 2 — Durchdachte Dateisystemordnung'
   and its metadata (course, semester, instructor, group, points, version).
    - Abschlussaufgabe 2 — Durchdachte Dateisystemordnung RELATES_TO Wintersemester 2024: The file
  'task.md' (Segment 1) defines the assignment 'Abschlussaufgabe 2 — Durchdachte Dateisystemordnung'
   and its metadata (course, semester, instructor, group, points, version).
    - Abschlussaufgabe 2 — Durchdachte Dateisystemordnung RELATES_TO PD Dr. rer. nat. Robert
  Heinrich: The file 'task.md' (Segment 1) defines the assignment 'Abschlussaufgabe 2 — Durchdachte
  Dateisystemordnung' and its metadata (course, semester, instructor, group, points, version).
    - Abschlussaufgabe 2 — Durchdachte Dateisystemordnung RELATES_TO Institute of Information
  Security and Dependability (KASTEL): The file 'task.md' (Segment 1) defines the assignment
  'Abschlussaufgabe 2 — Durchdachte Dateisystemordnung' and its metadata (course, semester,
  instructor, group, points, version).
  </entity_paths>
  <entity_matches>
    - ProgrammingWT2324-Final2 (score: 1.00) — Course project repository for the winter 2024
  assignment.
    - task.md (Abschlussaufgabe 2 — Durchdachte Dateisystemordnung) (score: 0.83) — Assignment
  specification for organizing filesystem by tags.
    - Abschlussaufgabe 2 — Durchdachte Dateisystemordnung (score: 0.81) — Named assignment described
   in task.md.
    - task.md (Segment 1) (score: 0.80) — Assignment file containing Abschnitt: Abschlussaufgabe 2.
    - task.md (score: 0.73) — Repository file containing the assignment text (segment 1/9).
  </entity_matches>
  <insights>
    - Agent community around ProgrammingWT2324-Final2, Code style and error handling constraints,
  System.in / System.out. Relevant agent facts: ProgrammingWT2324-Final2 relates to a decision-tree
  program that processes documents with binary, multivalued, and numeric tags;
  ProgrammingWT2324-Final2 relates to supported document types: image, audio, video, text, program;
  ProgrammingWT2324-Final2 uses Java SE 17
  </insights>

● adaptive-memory extension active (role=requirements, memorySession=20260725-162218-req) - type
  /memory-help. MCP tools registered (memory=true, backlog=true).







Changes    +0 -0
Duration   2m 31s
Tokens     ↑ 33.0k (1.3k cached) • ↓ 534 (223 reasoning)
[delivery:requirements] Turn 7/11 complete
[delivery:requirements] Turn 8/11: task.md — segment 7/9 — Abschlussaufgabe 2 — Durchdachte Dateisystemordnung > 6 Befehle
● [adaptive-context] GET http://localhost:4444/api/agents/7af7809a-adce-4fa9-9609-fd61059de0ff/sessi
  ons/20260725-162218-req/context?input=Dokument%3A+task.md%0ASegment%3A+7%2F9%0AAbschnitt%3A+Abschl
  ussaufgabe+2+%E2%80%94+Durchdachte+Dateisystemordnung+%3E+6+Befehle%0A%0ALies+diesen+Abschnitt+sor
  gf%C3%A4ltig+und+behalte+den+Kontext.+Erstelle+noch+keinen+Backlog+und+noch+keine+Tasks.+Warte+dam
  it+bis+zum+abschlie%C3%9Fenden+%2Ffinalize.%0A%0A%23%23+6+Befehle%0A%0ANach+dem+Start+wird+zuerst+
  eine+Hilfetext+ausgegeben%3A%0A%0A%3E+%60Use+one+of+the+following+commands%3A+load+%3Cpath%3E%2C+r
  un+%3Cid%3E%2C+change+%3Cid%3E+%3Cfile%3E+%3Cnumber%3E%2C+quit%60%0A%0ADanach+nimmt+Ihr+Programm+%
  C3%BCber+die+Konsole+die+nachfolgenden+Befehle+unter+Verwendung+der+Standardeingabe+entgegen%2C+we
  lche+im+Folgenden+n%C3%A4her+spezifiziert+werden.+Alle+Befehle+werden+auf+dem+aktuellen+Zustand+de
  s+Programms+ausgef%C3%BChrt.+Nach+Abarbeitung+einer+Eingabe+wartet+Ihr+Programm+auf+weitere+Eingab
  en%2C+bis+das+Programm+irgendwann+durch+die+Eingabe+der+Zeichenfolge+%60quit%60+beendet+wird.%0A%0
  AAchten+Sie+darauf%2C+dass+durch+die+Ausf%C3%BChrung+der+folgenden+Befehle+die+gegebene+Spezifikat
  ion+nicht+verletzt+werden+und+geben+Sie+in+diesen+F%C3%A4llen+immer+eine+aussagekr%C3%A4ftige+Fehl
  ermeldung+aus.+Wenn+die+Benutzereingabe+nicht+dem+vorgegebenen+Format+entspricht%2C+ist+auch+eine+
  Fehlermeldung+auszugeben.+Nach+der+Ausgabe+einer+Fehlermeldung+soll+das+Programm+wie+erwartet+fort
  fahren+und+wieder+auf+die+n%C3%A4chste+Eingabe+warten.+Jede+Fehlermeldung+muss+mit+%60ERROR%3A%60+
  gefolgt+von+einem+Leerzeichen+beginnen+und+darf+keine+Zeilenumbr%C3%BCche+enthalten.+Den+weiteren+
  Text+der+Fehlermeldung+d%C3%BCrfen+Sie+frei+w%C3%A4hlen%2C+er+sollte+jedoch+sinnvoll+sein.%0A%0ABe
  achten+Sie%2C+dass+bei+der+Beschreibung+der+Eingabe-+und+Ausgabeformate+die+W%C3%B6rter+zwischen+s
  pitzen+Klammen+%28%60%3C%60+und+%60%3E%60%29+f%C3%BCr+Platzhalter+stehen%2C+welche+bei+der+konkret
  en+Ein-+und+Ausgabe+durch+Werte+ersetzt+werden.+Diese+eigentlichen+Werte+enthalten+bei+der+Ein-+un
  d+Ausgabe+keine+spitzen+Klammern.%0A%0A-+**%60%3Cpath%3E%60%3A**+Ein+Dateipfad+zu+einer+Textdatei%
  2C+wie+in+Abschnitt+1+beschrieben.%0A-+**%60%3Cid%3E%60%3A**+Eine+f%C3%BCr+alle+geladenen+Eingaben
  +eindeutige+Ganzzahl%2C+startend+mit+0%2C+welche+aufsteigend+vergeben+wird.%0A-+**%60%3Cfile%3E%60
  %3A**+Ist+der+eindeutige+Bezeichner+f%C3%BCr+ein+Dokument%2C+wie+in+Abschnitt+1+beschrieben+%28Zei
  chenkette+ohne+Leerzeichen%29.%0A-+**%60%3Cnumber%3E%60%3A**+Ist+eine+beliebige%2C+nichtnegative+G
  anzzahl.%0A%0A%23%23%23+6.1+Der+%60load%60-Befehl%0A%0ADieser+Befehl+l%C3%A4dt+eine+liest+eine+Ein
  gabedatei%2C+welche+alle+ben%C3%B6tigten+Daten+enth%C3%A4lt+%28siehe+Abschnitt+1%29%2C+ein+und+spe
  ichert+deren+Inhalt+zwischen.+Mehrere+Dateien+k%C3%B6nnen+hierbei+eingelesen+werden%2C+welche+aber
  +im+Weiteren+getrennt+behandelt+werden.%0A%0A**Eingabeformat%3A**+%60load+%3Cpath%3E%60%0A%0A**Aus
  gabeformat%3A**+Im+Erfolgsfall+wird+%60Loaded+%3Cpath%3E+with+id%3A+%3Cid%3E%60+und+danach+der+Inh
  alt+der+Datei+zeilenweise+ausgegeben.%0A%0A%23%23%23+6.2+Der+%60change%60-Befehl%0A%0ADieser+Befeh
  l+erlaubt+es+f%C3%BCr+eine+bestimmte+Datei+einer+geladenen+Eingabe+die+Zugriffszahl+zu+ver%C3%A4nd
  ern.+Dabei+wird+also+der+Zustand+einer+geladenen+Eingabe+ver%C3%A4ndert%2C+**nicht**+jedoch+die+Te
  xtdatei%2C+aus+der+die+Eingabe+geladen+wurde.%0A%0A**Eingabeformat%3A**+%60change+%3Cid%3E+%3Cfile
  %3E+%3Cnumber%3E%60%0A%0A**Ausgabeformat%3A**+Im+Erfolgsfall+wird+%60Change+%3Cnumber%3E+to+%3Cnum
  ber%3E+for+%3Cfile%3E%60+ausgegeben.+Die+erste+Nummer+ist+die+alte+Zugriffszahl%2C+die+zweite+Numm
  er+die+neue+Zugriffszahl.%0A%0A%23%23%23+6.3+Der+%60run%60-Befehl%0A%0ADieser+Befehl+f%C3%BChrt+di
  e+automatische+Gliederung+auf+einem+bestimmten+geladenen+Inhalt+einer+Eingabedatei+aus.+Dabei+wird
  +die+Wahl+der+Datei+durch+den+Identifizierer+gesteuert%2C+der+dem+Befehl+als+Parameter+mitgegeben+
  wird.+Wurden+seit+dem+Laden+Zugriffszahlen+ver%C3%A4ndert%2C+wird+dies+beachtet.+Die+Ausgabe+beste
  ht+dann+aus+dem+berechneten+Verzeichnisbaum.%0A%0A**Eingabeformat%3A**+%60run+%3Cid%3E%60%0A%0A**A
  usgabeformat%3A**+Die+Ausgabe+wird+wie+in+Abschnitt+5+beschrieben+durchgef%C3%BChrt.%0A%0A%23%23%2
  3+6.4+Der+%60quit%60-Befehl%0A%0AMit+der+Eingabe+der+Zeichenfolge+%60quit%60+wird+das+Programm+bee
  ndet.&project=ProgrammingWT2324-Final2&role=requirements&task=Understand+the+wt2324final02+and+cre
  ate+its+backlog+when+prompted.&timestamp=2026-07-25T14%3A26%3A57.711Z&domain=wt2324final02

● Injected adaptive memory context into system prompt

● <adaptive_rules>
  - If user input does not match the expected format an error message must be printed.
  - Each error message must begin with "ERROR: " and must not contain line breaks.
  - After printing an error message the program must continue and wait for the next input.
  - The `load <path>` command may read multiple files which are thereafter treated separately; on
  success print `Loaded <path> with id: <id>` then the file contents line by line.
  - The `change <id> <file> <number>` command modifies only the state of a loaded input (not the
  source text file) and on success prints `Change <number> to <number> for <file>` showing old then
  new access count.
  - The `run <id>` command executes the automatic structuring on the loaded input with the given id;
   any access count changes since loading are taken into account.
  - In the second part output a list of documents: each line is the full path through the computed
  tree (components separated by `/`), ending with the document identifier in quotes.
  - The second entry must be one of the five document types: image, audio, video, text, or program.
  - Avoid excessively long methods and files (no explicit numeric limit given).
  - Insert a line with three hyphens `---` as a separator between the information-gain part and the
  document list part.
  - The Javadoc author tag must contain only the student's u-Kürzel.
  - During command execution, if executing a command would violate the specification the program
  must print a meaningful error message.
  - Each line of the input file contains comma-separated entries: identifier, document type, access
  count, then a list of tags.
  - Comments should be appropriate in amount and consistently in English or German.
  - Follow rules for variable, method, and package naming.
  - Follow Javadoc documentation rules.
  - Any other values that do not match the allowed tag formats cause an error.
  - Each information-gain line begins with a slash, then slash-separated prior tag=value pairs, then
   another slash, then the tag=information-gain in Java decimal notation rounded to two decimals.
  - Program source code should be written in English.
  - Tag identifiers must always be output in lowercase in the specified output format.
  - The third entry must be a non-negative integer representing the access count.
  - An explicitly given value `undefined` is not the same as the implicitly used `undefined` for
  missing tag definitions.
  - Some Checkstyle rules are specially marked and violating them causes the submission to be scored
   zero.
  - Do not reassign the standard input or output streams.
  - Valid tag identifiers begin with a Latin letter and otherwise consist of Latin letters and
  digits.
  - An id is a globally unique integer for loaded inputs, starting at 0 and assigned ascending.
  - The first entry is a unique document identifier and must not contain spaces.
  - Ties in sorting are broken lexicographically: `defined` before `undefined`; multivalued tags by
  tag-value lexicographic order; documents by document identifier lexicographically.
  - Automatically generated tags must also not be defined multiple times on a document (e.g., images
   must not have both `size` and `imagesize`).
  - Passing the mandatory tests is required; violating mandatory rules leads to a zero score.
  - Submission must be implemented using Java SE 17.
  - Submission must compile without errors.
  - Submit the *.java files for task A individually with the corresponding folder structure.
  - First output the computed information gains line by line for those greater than ε = 10^-3,
  sorted within a decision step in descending order by information gain.
  - Plan time for the first submission because mandatory tests gate further scoring.
  - Use System.out for standard output unless otherwise specified.
  - Tag identifiers must be unique in type: a tag is either binary, multivalued, or numeric; mixed
  tags are forbidden.
  - Multivalued and numerical tags may be set at most once per document; multiple definitions
  produce an error.
  - The output order of documents is descending by p(D_{t=v}, D).
  - Adhere to all whitespace rules enforced by the style checks.
  - Choose appropriate visibilities for classes, methods, and attributes.
  - Do not use the default package.
  - You must keep a maximum line width of 140 characters.
  - Do not include personal data other than the u-Kürzel in submissions.
  - Tag identifiers are case-insensitive (e.g., length, Length, lenGth denote the same tag).
  - Values of multivalued tags must start with a letter and otherwise consist of letters, digits,
  and possibly spaces.
  - Refer to the ILIAS Wiki for modeling guidance and grading criteria.
  - Binary tags (labels) are given only by their identifier and have no explicit value.
  - Values of numerical tags must be integers within the integer range.
  </adaptive_rules>

  <memories>
    - ProgrammingWT2324-Final2 relates to the assignment document task.md (Abschlussaufgabe 2 —
  Durchdachte Dateisystemordnung).
    - DOCUMENT task.md describes the assignment 'Abschlussaufgabe 2 — Durchdachte
  Dateisystemordnung'.
    - The file 'task.md' (Segment 1) defines the assignment 'Abschlussaufgabe 2 — Durchdachte
  Dateisystemordnung' and its metadata (course, semester, instructor, group, points, version).
    - ProgrammingWT2324-Final2 requires an Entscheidungsbaum-Programm (decision-tree program) that
  processes documents annotated with tags (binary, multi-valued, numeric).
    - ProgrammingWT2324-Final2 is located at
  /Users/nghalinh2711/Development/student-repos/wt2324final02
    - ProgrammingWT2324-Final2 relates to pipeline phase Requirements (Headless-Mode)
    - ProgrammingWT2324-Final2 constrains coding style: Checkstyle enforced, max 140 characters per
  line, Javadoc required, and errors must be prefixed with "ERROR: "
    - ProgrammingWT2324-Final2 uses System.in for input and System.out for output
    - ProgrammingWT2324-Final2 uses Java SE 17
    - ProgrammingWT2324-Final2 relates to a decision-tree program that processes documents with
  binary, multivalued, and numeric tags
    - ProgrammingWT2324-Final2 relates to supported document types: image, audio, video, text,
  program
    - ProgrammingWT2324-Final2 uses an automated folder structure that is dynamically adapted based
  on provided keywords (tags).
  </memories>
  <knowledge>
    - Use System.in as the input source unless otherwise specified.
    - Error messages may optionally use System.err.
    - The online submission system automatically checks Checkstyle rules during submission.
  </knowledge>
  <entity_paths>
    - ProgrammingWT2324-Final2 CONSTRAINT Document metadata database storage:
  ProgrammingWT2324-Final2 requires storing document metadata (including tags and access frequency)
  in a database.
    - ProgrammingWT2324-Final2 CONSTRAINT Access-frequency-driven accessibility:
  ProgrammingWT2324-Final2 requires the directory tree to prioritize frequently used documents by
  adjusting structure based on access frequencies.
    - ProgrammingWT2324-Final2 CONSTRAINT Checkstyle rules: max 140 chars; Javadoc required: The
  codebase enforces Checkstyle rules including a maximum line length of 140 characters and mandatory
   Javadoc.
    - ProgrammingWT2324-Final2 CONSTRAINT Code style and error handling constraints:
  ProgrammingWT2324-Final2 constrains coding style: Checkstyle enforced, max 140 characters per
  line, Javadoc required, and errors must be prefixed with "ERROR: "
    - ProgrammingWT2324-Final2 USES Java SE 17: ProgrammingWT2324-Final2 uses Java SE 17;
  ProgrammingWT2324-Final2 uses Java SE 17 as the implementation language.
    - ProgrammingWT2324-Final2 USES Automated tag-derived folder structure: ProgrammingWT2324-Final2
   uses an automated folder structure that is dynamically adapted based on provided keywords (tags).
    - ProgrammingWT2324-Final2 USES System.in / System.out: ProgrammingWT2324-Final2 uses System.in
  for input and System.out for output
    - ProgrammingWT2324-Final2 RELATES_TO Decision-tree document tag processing:
  ProgrammingWT2324-Final2 relates to a decision-tree program that processes documents with binary,
  multivalued, and numeric tags
    - ProgrammingWT2324-Final2 RELATES_TO Document types: image, audio, video, text, program:
  ProgrammingWT2324-Final2 relates to supported document types: image, audio, video, text, program
    - ProgrammingWT2324-Final2 RELATES_TO Requirements (Headless-Mode): ProgrammingWT2324-Final2
  relates to pipeline phase Requirements (Headless-Mode)
    - ProgrammingWT2324-Final2 RELATES_TO
  /Users/nghalinh2711/Development/student-repos/wt2324final02: ProgrammingWT2324-Final2 is located
  at /Users/nghalinh2711/Development/student-repos/wt2324final02
    - ProgrammingWT2324-Final2 RELATES_TO Entscheidungsbaum-Programm: ProgrammingWT2324-Final2
  requires an Entscheidungsbaum-Programm (decision-tree program) that processes documents annotated
  with tags (binary, multi-valued, numeric).
    - ProgrammingWT2324-Final2 RELATES_TO Decision-tree document-processing:
  ProgrammingWT2324-Final2 implements a decision-tree document-processing feature that computes
  Information Gain (ε = 10⁻³) and outputs information-gain lines, then '---', then a document list
    - ProgrammingWT2324-Final2 RELATES_TO task.md (Abschlussaufgabe 2 — Durchdachte
  Dateisystemordnung): ProgrammingWT2324-Final2 relates to the assignment document task.md
  (Abschlussaufgabe 2 — Durchdachte Dateisystemordnung).
    - Abschlussaufgabe 2 — Durchdachte Dateisystemordnung RELATES_TO dynamic tree-like directory
  structure: The assignment requires a program that generates a dynamic, tree-like directory
  structure whose folder names are derived from document tags and whose structure is computed from
  tags and access frequencies.
    - Abschlussaufgabe 2 — Durchdachte Dateisystemordnung RELATES_TO database: The program must
  store information for each document in a database, including the document's usage frequency.
    - Abschlussaufgabe 2 — Durchdachte Dateisystemordnung RELATES_TO Programmieren: The file
  'task.md' (Segment 1) defines the assignment 'Abschlussaufgabe 2 — Durchdachte Dateisystemordnung'
   and its metadata (course, semester, instructor, group, points, version).
    - Abschlussaufgabe 2 — Durchdachte Dateisystemordnung RELATES_TO Wintersemester 2024: The file
  'task.md' (Segment 1) defines the assignment 'Abschlussaufgabe 2 — Durchdachte Dateisystemordnung'
   and its metadata (course, semester, instructor, group, points, version).
    - Abschlussaufgabe 2 — Durchdachte Dateisystemordnung RELATES_TO PD Dr. rer. nat. Robert
  Heinrich: The file 'task.md' (Segment 1) defines the assignment 'Abschlussaufgabe 2 — Durchdachte
  Dateisystemordnung' and its metadata (course, semester, instructor, group, points, version).
    - Abschlussaufgabe 2 — Durchdachte Dateisystemordnung RELATES_TO Institute of Information
  Security and Dependability (KASTEL): The file 'task.md' (Segment 1) defines the assignment
  'Abschlussaufgabe 2 — Durchdachte Dateisystemordnung' and its metadata (course, semester,
  instructor, group, points, version).
  </entity_paths>
  <entity_matches>
    - ProgrammingWT2324-Final2 (score: 1.00) — Course project repository for the winter 2024
  assignment.
    - Abschlussaufgabe 2 — Durchdachte Dateisystemordnung (score: 0.78) — Named assignment described
   in task.md.
    - task.md (Segment 1) (score: 0.76) — Assignment file containing Abschnitt: Abschlussaufgabe 2.
    - task.md (Abschlussaufgabe 2 — Durchdachte Dateisystemordnung) (score: 0.75) — Assignment
  specification for organizing filesystem by tags.
    - Requirements (Headless-Mode) (score: 0.72) — Current pipeline phase and mode for the task
  </entity_matches>
  <insights>
    - Agent community around ProgrammingWT2324-Final2, task.md (Abschlussaufgabe 2 — Durchdachte
  Dateisystemordnung), Requirements (Headless-Mode) connects Decision-tree document tag processing,
  Java SE 17, /Users/nghalinh2711/Development/student-repos/wt2324final02, Automated tag-derived
  folder structure. Relevant agent facts: ProgrammingWT2324-Final2 relates to a decision-tree
  program that processes documents with binary, multivalued, and numeric tags;
  ProgrammingWT2324-Final2 uses Java SE 17; ProgrammingWT2324-Final2 uses Java SE 17 as the
  implementation language.
    - Agent community around Abschlussaufgabe 2 — Durchdachte Dateisystemordnung, task.md (Segment
  1), dynamic tree-like directory structure connects task.md, Wintersemester 2024, PD Dr. rer. nat.
  Robert Heinrich. Relevant agent facts: The assignment requires a program that generates a dynamic,
   tree-like directory structure whose folder names are derived from document tags and whose
  structure is computed from tags and access frequencies.; The program must store information for
  each document in a database, including the document's usage frequency.; DOCUMENT task.md describes
   the assignment 'Abschlussaufgabe 2 — Durchdachte Dateisystemordnung'.
    - Agent community around Document types: image, audio, video, text, program,
  Entscheidungsbaum-Programm, Information Gain threshold ε = 10⁻³ connects Output format: IG lines,
  '---', document list. Relevant agent facts: ProgrammingWT2324-Final2 relates to supported document
   types: image, audio, video, text, program; Accepted document types for the assignment are image,
  audio, video, text, and program.; ProgrammingWT2324-Final2 requires an Entscheidungsbaum-Programm
  (decision-tree program) that processes documents annotated with tags (binary, multi-valued,
  numeric).
    - Agent community around Document organization program, list of documents with metadata (tags,
  access frequency), Structure computed from tags and access frequencies connects Folder structure
  generator (assignment program). Relevant agent facts: The assignment requires developing a program
   that automatically generates a tag-based folder tree and stores document information in a
  database, including usage frequency.; The program depends on an input list of documents with
  metadata (tags and access frequency) and must compute a tree whose folder names derive from tags
  and whose structure is dynamically calculated from tags and access frequencies to prioritize
  frequently accessed documents.; The program's input is a list of documents annotated with metadata
   such as tags and access frequency.
  </insights>

● adaptive-memory extension active (role=requirements, memorySession=20260725-162218-req) - type
  /memory-help. MCP tools registered (memory=true, backlog=true).







Changes    +0 -0
Duration   2m 50s
Tokens     ↑ 34.8k (1.3k cached) • ↓ 731 (340 reasoning)
[delivery:requirements] Turn 8/11 complete
[delivery:requirements] Turn 9/11: task.md — segment 8/9 — Abschlussaufgabe 2 — Durchdachte Dateisystemordnung > 7 Beispielinteraktion
● [adaptive-context] GET http://localhost:4444/api/agents/7af7809a-adce-4fa9-9609-fd61059de0ff/sessi
  ons/20260725-162218-req/context?input=Dokument%3A+task.md%0ASegment%3A+8%2F9%0AAbschnitt%3A+Abschl
  ussaufgabe+2+%E2%80%94+Durchdachte+Dateisystemordnung+%3E+7+Beispielinteraktion%0A%0ALies+diesen+A
  bschnitt+sorgf%C3%A4ltig+und+behalte+den+Kontext.+Erstelle+noch+keinen+Backlog+und+noch+keine+Task
  s.+Warte+damit+bis+zum+abschlie%C3%9Fenden+%2Ffinalize.%0A%0A%23%23+7+Beispielinteraktion%0A%0ADie
  +Zeilennummern+und+die+Trennlinie+sind+kein+Bestandteil+der+Benutzerschnittstelle%2C+sie+dienen+le
  diglich+zur+Orientierung+f%C3%BCr+die+gegebene+Beispielinteraktion.+Nutzereingaben+sind+mit+dem+Ze
  ichen+%60%3E%60+gekennzeichnet.+Die+Zeichen+%60%25%3E%60+%28Prozent-Zeichen+und+Gr%C3%B6%C3%9Fer-Z
  eichen+gefolgt+von+einem+Leerzeichen%29+stellt+die+Kommandozeile+dar.+Der+Name+des+Programms+dient
  +nur+als+Beispiel+und+ist+nicht+vorgeschrieben+%28eine+kreative+Alliteration+ist+optional%2C+aber+
  empfehlenswert%29.%0A%0ABeispielinteraktionen+%28erfolgreich+und+mit+Fehlerf%C3%A4llen%29+siehe+%6
  0examples.md%60%2C+Dateien+%60interaction.txt%60+und+%60interaction2.txt%60.&project=ProgrammingWT
  2324-Final2&role=requirements&task=Understand+the+wt2324final02+and+create+its+backlog+when+prompt
  ed.&timestamp=2026-07-25T14%3A27%3A16.037Z&domain=wt2324final02

● Injected adaptive memory context into system prompt

● <adaptive_rules>
  - Insert a line with three hyphens `---` as a separator between the information-gain part and the
  document list part.
  - The Javadoc author tag must contain only the student's u-Kürzel.
  - Passing the mandatory tests is required; violating mandatory rules leads to a zero score.
  - Submission must be implemented using Java SE 17.
  - Submission must compile without errors.
  - Submit the *.java files for task A individually with the corresponding folder structure.
  - Comments should be appropriate in amount and consistently in English or German.
  - Follow Javadoc documentation rules.
  - In the second part output a list of documents: each line is the full path through the computed
  tree (components separated by `/`), ending with the document identifier in quotes.
  - The second entry must be one of the five document types: image, audio, video, text, or program.
  - Each line of the input file contains comma-separated entries: identifier, document type, access
  count, then a list of tags.
  - Avoid excessively long methods and files (no explicit numeric limit given).
  - The first entry is a unique document identifier and must not contain spaces.
  - After printing an error message the program must continue and wait for the next input.
  - Each information-gain line begins with a slash, then slash-separated prior tag=value pairs, then
   another slash, then the tag=information-gain in Java decimal notation rounded to two decimals.
  - Do not reassign the standard input or output streams.
  - During command execution, if executing a command would violate the specification the program
  must print a meaningful error message.
  - Program source code should be written in English.
  - Tag identifiers must always be output in lowercase in the specified output format.
  - Refer to the ILIAS Wiki for modeling guidance and grading criteria.
  - Plan time for the first submission because mandatory tests gate further scoring.
  - Follow rules for variable, method, and package naming.
  - The `change <id> <file> <number>` command modifies only the state of a loaded input (not the
  source text file) and on success prints `Change <number> to <number> for <file>` showing old then
  new access count.
  - Do not include personal data other than the u-Kürzel in submissions.
  - The third entry must be a non-negative integer representing the access count.
  - Values of multivalued tags must start with a letter and otherwise consist of letters, digits,
  and possibly spaces.
  - The `load <path>` command may read multiple files which are thereafter treated separately; on
  success print `Loaded <path> with id: <id>` then the file contents line by line.
  - Ties in sorting are broken lexicographically: `defined` before `undefined`; multivalued tags by
  tag-value lexicographic order; documents by document identifier lexicographically.
  - If user input does not match the expected format an error message must be printed.
  - Each error message must begin with "ERROR: " and must not contain line breaks.
  - Use System.out for standard output unless otherwise specified.
  - First output the computed information gains line by line for those greater than ε = 10^-3,
  sorted within a decision step in descending order by information gain.
  - Tag identifiers are case-insensitive (e.g., length, Length, lenGth denote the same tag).
  - Automatically generated tags must also not be defined multiple times on a document (e.g., images
   must not have both `size` and `imagesize`).
  - Valid tag identifiers begin with a Latin letter and otherwise consist of Latin letters and
  digits.
  - The `run <id>` command executes the automatic structuring on the loaded input with the given id;
   any access count changes since loading are taken into account.
  - Some Checkstyle rules are specially marked and violating them causes the submission to be scored
   zero.
  - Multivalued and numerical tags may be set at most once per document; multiple definitions
  produce an error.
  - Tag identifiers must be unique in type: a tag is either binary, multivalued, or numeric; mixed
  tags are forbidden.
  - The output order of documents is descending by p(D_{t=v}, D).
  - Values of numerical tags must be integers within the integer range.
  - Any other values that do not match the allowed tag formats cause an error.
  - Adhere to all whitespace rules enforced by the style checks.
  - Choose appropriate visibilities for classes, methods, and attributes.
  - Do not use the default package.
  - You must keep a maximum line width of 140 characters.
  - Binary tags (labels) are given only by their identifier and have no explicit value.
  - An id is a globally unique integer for loaded inputs, starting at 0 and assigned ascending.
  </adaptive_rules>

  <memories>
    - ProgrammingWT2324-Final2 relates to the assignment document task.md (Abschlussaufgabe 2 —
  Durchdachte Dateisystemordnung).
    - DOCUMENT task.md describes the assignment 'Abschlussaufgabe 2 — Durchdachte
  Dateisystemordnung'.
    - The file 'task.md' (Segment 1) defines the assignment 'Abschlussaufgabe 2 — Durchdachte
  Dateisystemordnung' and its metadata (course, semester, instructor, group, points, version).
    - ProgrammingWT2324-Final2 requires an Entscheidungsbaum-Programm (decision-tree program) that
  processes documents annotated with tags (binary, multi-valued, numeric).
    - ProgrammingWT2324-Final2 requires a Java model with classes for documents, tags, and the
  structuring tree, applying OOP principles and performing input validation at each step.
    - ProgrammingWT2324-Final2 is located at
  /Users/nghalinh2711/Development/student-repos/wt2324final02
    - ProgrammingWT2324-Final2 relates to pipeline phase Requirements (Headless-Mode)
    - ProgrammingWT2324-Final2 constrains coding style: Checkstyle enforced, max 140 characters per
  line, Javadoc required, and errors must be prefixed with "ERROR: "
    - ProgrammingWT2324-Final2 uses System.in for input and System.out for output
  </memories>
  <knowledge>
    - The online submission system automatically checks Checkstyle rules during submission.
    - Use System.in as the input source unless otherwise specified.
    - Error messages may optionally use System.err.
  </knowledge>
  <entity_paths>
    - ProgrammingWT2324-Final2 CONSTRAINT Document metadata database storage:
  ProgrammingWT2324-Final2 requires storing document metadata (including tags and access frequency)
  in a database.
    - ProgrammingWT2324-Final2 CONSTRAINT Access-frequency-driven accessibility:
  ProgrammingWT2324-Final2 requires the directory tree to prioritize frequently used documents by
  adjusting structure based on access frequencies.
    - ProgrammingWT2324-Final2 CONSTRAINT Checkstyle rules: max 140 chars; Javadoc required: The
  codebase enforces Checkstyle rules including a maximum line length of 140 characters and mandatory
   Javadoc.
    - ProgrammingWT2324-Final2 CONSTRAINT Code style and error handling constraints:
  ProgrammingWT2324-Final2 constrains coding style: Checkstyle enforced, max 140 characters per
  line, Javadoc required, and errors must be prefixed with "ERROR: "
    - ProgrammingWT2324-Final2 CONSTRAINT Zugriffszaehler ist nichtnegative Ganzzahl:
  ProgrammingWT2324-Final2 has the constraint that the access count is a nonnegative integer.
    - ProgrammingWT2324-Final2 CONSTRAINT Identifier darf keine Leerzeichen enthalten:
  ProgrammingWT2324-Final2 has the constraint that the document identifier must not contain spaces.
    - ProgrammingWT2324-Final2 CONSTRAINT Tag identifier uniqueness across kinds:
  ProgrammingWT2324-Final2 has the constraint that a tag identifier must not be used for more than
  one tag kind (no identifier shared between binary, multivalued, numeric)
    - ProgrammingWT2324-Final2 CONSTRAINT Java modeling and validation requirement:
  ProgrammingWT2324-Final2 requires a Java model with classes for documents, tags, and the
  structuring tree, applying OOP principles and performing input validation at each step.
    - ProgrammingWT2324-Final2 CONSTRAINT Single-definition-per-document constraint for
  multivalued/numeric tags: ProgrammingWT2324-Final2 has the constraint that multivalued and numeric
   tags may appear at most once per document (duplicate definitions produce an error)
    - ProgrammingWT2324-Final2 CONSTRAINT Numeric tag integer-value constraint:
  ProgrammingWT2324-Final2 has the constraint that values of numeric tags must be whole integers
  (Java integer range)
    - ProgrammingWT2324-Final2 CONSTRAINT Multivalued tag value format rule:
  ProgrammingWT2324-Final2 has the constraint that multivalued tag values must begin with a letter
  and otherwise consist of letters, digits, and (optionally) spaces
    - ProgrammingWT2324-Final2 CONSTRAINT Tag identifier naming rule (case-insensitive, letter then
  letters/digits): ProgrammingWT2324-Final2 has the constraint that tag identifiers are
  case-insensitive and must start with a Latin letter, then contain only Latin letters and digits
    - ProgrammingWT2324-Final2 CONSTRAINT Explicit vs implicit 'undefined' distinction:
  ProgrammingWT2324-Final2 has the constraint that an explicitly provided value 'undefined' is
  distinct from the implicit missing-value 'undefined' used by the specification
    - ProgrammingWT2324-Final2 USES Java SE 17: ProgrammingWT2324-Final2 uses Java SE 17;
  ProgrammingWT2324-Final2 uses Java SE 17 as the implementation language.
    - ProgrammingWT2324-Final2 USES Automated tag-derived folder structure: ProgrammingWT2324-Final2
   uses an automated folder structure that is dynamically adapted based on provided keywords (tags).
    - ProgrammingWT2324-Final2 USES System.in / System.out: ProgrammingWT2324-Final2 uses System.in
  for input and System.out for output
    - ProgrammingWT2324-Final2 RELATES_TO Decision-tree document tag processing:
  ProgrammingWT2324-Final2 relates to a decision-tree program that processes documents with binary,
  multivalued, and numeric tags
    - ProgrammingWT2324-Final2 RELATES_TO Document types: image, audio, video, text, program:
  ProgrammingWT2324-Final2 relates to supported document types: image, audio, video, text, program
    - ProgrammingWT2324-Final2 RELATES_TO Requirements (Headless-Mode): ProgrammingWT2324-Final2
  relates to pipeline phase Requirements (Headless-Mode)
    - ProgrammingWT2324-Final2 RELATES_TO
  /Users/nghalinh2711/Development/student-repos/wt2324final02: ProgrammingWT2324-Final2 is located
  at /Users/nghalinh2711/Development/student-repos/wt2324final02
  </entity_paths>
  <entity_matches>
    - ProgrammingWT2324-Final2 (score: 1.00) — Course project repository for the final assignment
    - task.md (Segment 1) (score: 0.81) — Assignment file containing Abschnitt: Abschlussaufgabe 2.
    - Abschlussaufgabe 2 — Durchdachte Dateisystemordnung (score: 0.81) — Named assignment described
   in task.md.
    - task.md (Abschlussaufgabe 2 — Durchdachte Dateisystemordnung) (score: 0.80) — Assignment
  specification for organizing filesystem by tags.
    - task.md (score: 0.74) — Repository file containing the assignment text (segment 1/9).
  </entity_matches>
  <insights>
    - Agent community around ProgrammingWT2324-Final2, task.md (Abschlussaufgabe 2 — Durchdachte
  Dateisystemordnung), Document metadata database storage connects Decision-tree document tag
  processing, Java SE 17, Requirements (Headless-Mode),
  /Users/nghalinh2711/Development/student-repos/wt2324final02. Relevant agent facts:
  ProgrammingWT2324-Final2 relates to a decision-tree program that processes documents with binary,
  multivalued, and numeric tags; ProgrammingWT2324-Final2 uses Java SE 17; ProgrammingWT2324-Final2
  uses Java SE 17 as the implementation language.
    - Agent community around task.md (Segment 1), Abschlussaufgabe 2 — Durchdachte
  Dateisystemordnung, task.md connects dynamic tree-like directory structure, database, PD Dr. rer.
  nat. Robert Heinrich. Relevant agent facts: The assignment requires a program that generates a
  dynamic, tree-like directory structure whose folder names are derived from document tags and whose
   structure is computed from tags and access frequencies.; The program must store information for
  each document in a database, including the document's usage frequency.; DOCUMENT task.md describes
   the assignment 'Abschlussaufgabe 2 — Durchdachte Dateisystemordnung'.
    - Agent community around Document types: image, audio, video, text, program,
  Entscheidungsbaum-Programm, Information Gain threshold ε = 10⁻³ connects Output format: IG lines,
  '---', document list. Relevant agent facts: ProgrammingWT2324-Final2 relates to supported document
   types: image, audio, video, text, program; Accepted document types for the assignment are image,
  audio, video, text, and program.; ProgrammingWT2324-Final2 requires an Entscheidungsbaum-Programm
  (decision-tree program) that processes documents annotated with tags (binary, multi-valued,
  numeric).
    - Agent community around Document organization program, list of documents with metadata (tags,
  access frequency), Structure computed from tags and access frequencies connects Folder structure
  generator (assignment program). Relevant agent facts: The assignment requires developing a program
   that automatically generates a tag-based folder tree and stores document information in a
  database, including usage frequency.; The program depends on an input list of documents with
  metadata (tags and access frequency) and must compute a tree whose folder names derive from tags
  and whose structure is dynamically calculated from tags and access frequencies to prioritize
  frequently accessed documents.; The program's input is a list of documents annotated with metadata
   such as tags and access frequency.
  </insights>

● adaptive-memory extension active (role=requirements, memorySession=20260725-162218-req) - type
  /memory-help. MCP tools registered (memory=true, backlog=true).



● List directory ~/Development/student-repos/wt2324final02
  └ 15 files found

● Read examples.md
  │ ~/Development/student-repos/wt2324final02/examples.md
  └ 108 lines read

● [turn-persistence] [turn-persistence] turn_end SKIPPED ai: no assistant message with content







Changes    +0 -0
Duration   3m 11s
Tokens     ↑ 107.9k (72.3k cached) • ↓ 667 (210 reasoning)
[delivery:requirements] Turn 9/11 complete
[delivery:requirements] Turn 10/11: examples.md — segment 9/9 — Beispiele — Abschlussaufgabe 2 (Durchdachte Dateisystemordnung, WS 2023/24)
● [adaptive-context] GET
  http://localhost:4444/api/agents/7af7809a-adce-4fa9-9609-fd61059de0ff/sessions/20260725-162218-req
  /context?input=Dokument%3A+examples.md%0ASegment%3A+9%2F9%0AAbschnitt%3A+Beispiele+%E2%80%94+Absch
  lussaufgabe+2+%28Durchdachte+Dateisystemordnung%2C+WS+2023%2F24%29%0A%0ALies+diesen+Abschnitt+sorg
  f%C3%A4ltig+und+behalte+den+Kontext.+Erstelle+noch+keinen+Backlog+und+noch+keine+Tasks.+Warte+dami
  t+bis+zum+abschlie%C3%9Fenden+%2Ffinalize.%0A%0A%23+Beispiele+%E2%80%94+Abschlussaufgabe+2+%28Durc
  hdachte+Dateisystemordnung%2C+WS+2023%2F24%29%0A%0ADie+Zeilennummern+und+die+Trennlinie+sind+kein+
  Bestandteil+der+Benutzerschnittstelle%2C+sie+dienen+lediglich+zur+Orientierung+f%C3%BCr+die+gegebe
  ne+Beispielinteraktion.+Nutzereingaben+sind+mit+dem+Zeichen+%60%3E%60+gekennzeichnet.+Die+Zeichen+
  %60%25%3E%60+%28Prozent-Zeichen+und+Gr%C3%B6%C3%9Fer-Zeichen+gefolgt+von+einem+Leerzeichen%29+stel
  lt+die+Kommandozeile+dar.+Der+Name+des+Programms+dient+nur+als+Beispiel+und+ist+nicht+vorgeschrieb
  en+%28eine+kreative+Alliteration+ist+optional%2C+aber+empfehlenswert%29.%0A%0A%23%23+1+Beispiel-Ei
  ngabedateien%0A%0A%23%23%23+1.1+Beispieldatei+%60example.txt%60%0A%0A%60%60%60%0Amusik%2Fnggyu.mp3
  %2Caudio%2C31%2Cgenre%3Dpop%2Cauthor%3DRick+Astley%2Cfun%0Adokumente%2FAbschlussaufgabe1%2Cprogram
  %2C13%2Cauthor%3Dme%0Adokumente%2FAbschlussaufgabe2%2Cprogram%2C17%2Cauthor%3Dme%2Cfun%0Adokumente
  %2FMyMemes.txt.txt%2Ctext%2C29%2Cauthor%3Dme%2Cfun%0Avideo%2FFeier.mpg%2Cvideo%2C23%2Cauthor%3Dme%
  2Cfun%0Abilder%2FOma.jpg%2Cimage%2C27%2Cfamily%0A%60%60%60%0A%0A%23%23%23+1.2+Beispieldatei+%60exa
  mple2.txt%60%0A%0A%60%60%60%0Amusik%2Fnggyu.mp3%2Caudio%2C30%2Cgenre%3Dpop%2Cauthor%3DRick+Astley%
  2Cfun%0Adokumente%2FAbschlussaufgabe1%2Cprogram%2C5%2Cauthor%3Dme%0Adokumente%2FAbschlussaufgabe2%
  2Cprogram%2C14%2Cauthor%3Dme%2Cfun%0Adokumente%2FMyMemes.txt%2Ctext%2C7%2Cauthor%3Dvarious%2Cfun%0
  Avideo%2FFamilienfeier.mpg%2Cvideo%2C4%2Cauthor%3Dme%0Abilder%2FOma.jpg%2Cimage%2C1%2Cfamily%0A%60
  %60%60%0A%0A%23%23%23+1.3+Beispieldatei+%60example3.txt%60%0A%0A%60%60%60%0Amusik%2Fnggyu.mp3%2Cau
  dio%2C31%2Cgenre%3Dpop%2Cauthor%3DRick+Astley%2Cfun%0Adokumente%2FAbschlussaufgabe1%2Cprogram%2C13
  %2Cauthor%3Dme%0Adokumente%2FAbschlussaufgabe2%2Cprogram%2C17%2Cauthor%3Dme%2Cfun%0Adokumente%2FMy
  Memes.txt%2Ctext%2C29%2Cauthor%3Dme%2Cfun%0Avideo%2FFeier.mpg%2Cvideo%2C23%2Cauthor%3Dme%2Cfun%0Ab
  ilder%2FOma.jpg%2Cimage%2C27%2Cfamily%0A%60%60%60%0A%0A%23%23+2+Beispiel-Ausgabedatei%0A%0A%23%23%
  23+2.1+Beispielausgabe+%60output.txt%60%0A%0A%60%60%60%0A%2Fauthor%3D1.49%0A%2Faudiogenre%3D1.00%0
  A%2Fexecutable%3D0.89%0A%2Ffun%3D0.64%0A%2Ffamily%3D0.12%0A%2Fauthor%3Dme%2Ffun%3D0.97%0A%2Fauthor
  %3Dme%2Fexecutable%3D0.67%0A%2Fauthor%3Dme%2Ffun%3Dundefined%2Fexecutable%3D0.99%0A---%0A%2Fauthor
  %3DRick+Astley%2F%22musik%2Fnggyu.mp3%22%0A%2Fauthor%3Dme%2Ffun%3Ddefined%2F%22dokumente%2FAbschlu
  ssaufgabe2%22%0A%2Fauthor%3Dme%2Ffun%3Dundefined%2Fexecutable%3Ddefined%2F%22dokumente%2FAbschluss
  aufgabe1%22%0A%2Fauthor%3Dme%2Ffun%3Dundefined%2Fexecutable%3Dundefined%2F%22video%2FFamilienfeier
  .mpg%22%0A%2Fauthor%3Dvarious%2F%22dokumente%2FMyMemes.txt%22%0A%2Fauthor%3Dundefined%2F%22bilder%
  2FOma.jpg%22%0A%60%60%60%0A%0A%23%23+3+Beispielinteraktionen%0A%0A%23%23%23+3.1+Erfolgreiche+Beisp
  ielinteraktion+%28%60interaction.txt%60%29%0A%0A%60%60%60%0A%25%3E+java+SavySorter%0AUse+one+of+th
  e+following+commands%3A+load+%3Cpath%3E%2C+run+%3Cid%3E%2C+change+%3Cid%3E+%3Cfile%3E+%3Cnumber%3E
  %2C+quit%0A%3E+load+input%2Fexample.txt%0ALoaded+input%2Fexample.txt+with+id%3A+0%0Amusik%2Fnggyu.
  mp3%2Caudio%2C30%2Cgenre%3Dpop%2Cauthor%3DRick+Astley%2Cfun%0Adokumente%2FAbschlussaufgabe1%2Cprog
  ram%2C5%2Cauthor%3Dme%0Adokumente%2FAbschlussaufgabe2%2Cprogram%2C14%2Cauthor%3Dme%2Cfun%0Adokumen
  te%2FMyMemes.txt%2Ctext%2C7%2Cauthor%3Dvarious%2Cfun%0Avideo%2FFamilienfeier.mpg%2Cvideo%2C4%2Caut
  hor%3Dme%0Abilder%2FOma.jpg%2Cimage%2C1%2Cfamily%0A%3E+run+0%0A%2Fauthor%3D1.49%0A%2Faudiogenre%3D
  1.00%0A%2Fexecutable%3D0.89%0A%2Ffun%3D0.64%0A%2Ffamily%3D0.12%0A%2Fauthor%3Dme%2Ffun%3D0.97%0A%2F
  author%3Dme%2Fexecutable%3D0.67%0A%2Fauthor%3Dme%2Ffun%3Dundefined%2Fexecutable%3D0.99%0A---%0A%2F
  author%3DRick+Astley%2F%22musik%2Fnggyu.mp3%22%0A%2Fauthor%3Dme%2Ffun%3Ddefined%2F%22dokumente%2FA
  bschlussaufgabe2%22%0A%2Fauthor%3Dme%2Ffun%3Dundefined%2Fexecutable%3Ddefined%2F%22dokumente%2FAbs
  chlussaufgabe1%22%0A%2Fauthor%3Dme%2Ffun%3Dundefined%2Fexecutable%3Dundefined%2F%22video%2FFamilie
  nfeier.mpg%22%0A%2Fauthor%3Dvarious%2F%22dokumente%2FMyMemes.txt%22%0A%2Fauthor%3Dundefined%2F%22b
  ilder%2FOma.jpg%22%0A%3E+quit%0A%60%60%60%0A%0A%23%23%23+3.2+Fehlerf%C3%A4lle-Beispielinteraktion+
  %28%60interaction2.txt%60%29%0A%0A%60%60%60%0A%25%3E+java+TediousTidy%0AUse+one+of+the+following+c
  ommands%3A+load+%3Cpath%3E%2C+run+%3Cid%3E%2C+change+%3Cid%3E+%3Cfile%3E+%3Cnumber%3E%2C+quit%0A%3
  E+load+foo%2Fbar.error%0AERROR%3A+File+bar.error+does+not+exist%21%0A%3E+run+0%0AERROR%3A+No+file+
  was+loaded%21%0A%3E+load+input%2Fempty.txt%0AERROR%3A+File+empty.txt+is+empty%21%0A%3E+quit%0A%60%
  60%60&project=ProgrammingWT2324-Final2&role=requirements&task=Understand+the+wt2324final02+and+cre
  ate+its+backlog+when+prompted.&timestamp=2026-07-25T14%3A27%3A36.847Z&domain=wt2324final02

● Injected adaptive memory context into system prompt

● <adaptive_rules>
  - The Javadoc author tag must contain only the student's u-Kürzel.
  - The second entry must be one of the five document types: image, audio, video, text, or program.
  - Comments should be appropriate in amount and consistently in English or German.
  - Insert a line with three hyphens `---` as a separator between the information-gain part and the
  document list part.
  - Follow Javadoc documentation rules.
  - Avoid excessively long methods and files (no explicit numeric limit given).
  - In the second part output a list of documents: each line is the full path through the computed
  tree (components separated by `/`), ending with the document identifier in quotes.
  - The `load <path>` command may read multiple files which are thereafter treated separately; on
  success print `Loaded <path> with id: <id>` then the file contents line by line.
  - The `change <id> <file> <number>` command modifies only the state of a loaded input (not the
  source text file) and on success prints `Change <number> to <number> for <file>` showing old then
  new access count.
  - After printing an error message the program must continue and wait for the next input.
  - Each information-gain line begins with a slash, then slash-separated prior tag=value pairs, then
   another slash, then the tag=information-gain in Java decimal notation rounded to two decimals.
  - Follow rules for variable, method, and package naming.
  - Tag identifiers must always be output in lowercase in the specified output format.
  - During command execution, if executing a command would violate the specification the program
  must print a meaningful error message.
  - Each line of the input file contains comma-separated entries: identifier, document type, access
  count, then a list of tags.
  - The `run <id>` command executes the automatic structuring on the loaded input with the given id;
   any access count changes since loading are taken into account.
  - Program source code should be written in English.
  - Ties in sorting are broken lexicographically: `defined` before `undefined`; multivalued tags by
  tag-value lexicographic order; documents by document identifier lexicographically.
  - Do not reassign the standard input or output streams.
  - Automatically generated tags must also not be defined multiple times on a document (e.g., images
   must not have both `size` and `imagesize`).
  - Use System.out for standard output unless otherwise specified.
  - Each error message must begin with "ERROR: " and must not contain line breaks.
  - If user input does not match the expected format an error message must be printed.
  - Some Checkstyle rules are specially marked and violating them causes the submission to be scored
   zero.
  - Any other values that do not match the allowed tag formats cause an error.
  - The first entry is a unique document identifier and must not contain spaces.
  - Multivalued and numerical tags may be set at most once per document; multiple definitions
  produce an error.
  - First output the computed information gains line by line for those greater than ε = 10^-3,
  sorted within a decision step in descending order by information gain.
  - Values of numerical tags must be integers within the integer range.
  - Do not include personal data other than the u-Kürzel in submissions.
  - The third entry must be a non-negative integer representing the access count.
  - Valid tag identifiers begin with a Latin letter and otherwise consist of Latin letters and
  digits.
  - Plan time for the first submission because mandatory tests gate further scoring.
  - Tag identifiers must be unique in type: a tag is either binary, multivalued, or numeric; mixed
  tags are forbidden.
  - Values of multivalued tags must start with a letter and otherwise consist of letters, digits,
  and possibly spaces.
  - An id is a globally unique integer for loaded inputs, starting at 0 and assigned ascending.
  - Refer to the ILIAS Wiki for modeling guidance and grading criteria.
  - The output order of documents is descending by p(D_{t=v}, D).
  - Tag identifiers are case-insensitive (e.g., length, Length, lenGth denote the same tag).
  - Binary tags (labels) are given only by their identifier and have no explicit value.
  - Passing the mandatory tests is required; violating mandatory rules leads to a zero score.
  - Submission must be implemented using Java SE 17.
  - Submission must compile without errors.
  - Submit the *.java files for task A individually with the corresponding folder structure.
  - An explicitly given value `undefined` is not the same as the implicitly used `undefined` for
  missing tag definitions.
  - Adhere to all whitespace rules enforced by the style checks.
  - Choose appropriate visibilities for classes, methods, and attributes.
  - Do not use the default package.
  - You must keep a maximum line width of 140 characters.
  </adaptive_rules>

  <memories>
    - DOCUMENT task.md describes the assignment 'Abschlussaufgabe 2 — Durchdachte
  Dateisystemordnung'.
    - ProgrammingWT2324-Final2 relates to the assignment document task.md (Abschlussaufgabe 2 —
  Durchdachte Dateisystemordnung).
    - The file 'task.md' (Segment 1) defines the assignment 'Abschlussaufgabe 2 — Durchdachte
  Dateisystemordnung' and its metadata (course, semester, instructor, group, points, version).
    - ProgrammingWT2324-Final2 requires an Entscheidungsbaum-Programm (decision-tree program) that
  processes documents annotated with tags (binary, multi-valued, numeric).
    - ProgrammingWT2324-Final2 defines the document-list output format: each line
  '/<path/...>/<"Dokumentenbezeichner">', sorted descending by p(D_{t=v}, D), with lexicographic
  tie-break rules and tag identifiers lowercased.
    - ProgrammingWT2324-Final2 is located at
  /Users/nghalinh2711/Development/student-repos/wt2324final02
    - ProgrammingWT2324-Final2 relates to pipeline phase Requirements (Headless-Mode)
    - ProgrammingWT2324-Final2 requires a Java model with classes for documents, tags, and the
  structuring tree, applying OOP principles and performing input validation at each step.
    - ProgrammingWT2324-Final2 constrains coding style: Checkstyle enforced, max 140 characters per
  line, Javadoc required, and errors must be prefixed with "ERROR: "
    - ProgrammingWT2324-Final2 uses System.in for input and System.out for output
    - ProgrammingWT2324-Final2 relates to an input file format where each line is a comma-separated
  document record.
    - ProgrammingWT2324-Final2 relates to supported document types: image, audio, video, text,
  program
    - ProgrammingWT2324-Final2 relates to document-type-specific automatic tag transformations that
  replace certain numeric/multivalued tags with derived multivalued tags (ImageSize,
  AudioLength/AudioGenre, VideoLength/VideoGenre, TextLength/TextGenre) and always adds executable
  for programs
    - ProgrammingWT2324-Final2 relates to a decision-tree program that processes documents with
  binary, multivalued, and numeric tags
    - ProgrammingWT2324-Final2 uses Java SE 17
    - ProgrammingWT2324-Final2 relates program documents to an automatic binary tag executable that
  is added regardless of database specification.
  </memories>
  <knowledge>
    - Use System.in as the input source unless otherwise specified.
    - Error messages may optionally use System.err.
    - The online submission system automatically checks Checkstyle rules during submission.
  </knowledge>
  <entity_paths>
    - ProgrammingWT2324-Final2 CONSTRAINT Document metadata database storage:
  ProgrammingWT2324-Final2 requires storing document metadata (including tags and access frequency)
  in a database.
    - ProgrammingWT2324-Final2 CONSTRAINT Access-frequency-driven accessibility:
  ProgrammingWT2324-Final2 requires the directory tree to prioritize frequently used documents by
  adjusting structure based on access frequencies.
    - ProgrammingWT2324-Final2 CONSTRAINT Checkstyle rules: max 140 chars; Javadoc required: The
  codebase enforces Checkstyle rules including a maximum line length of 140 characters and mandatory
   Javadoc.
    - ProgrammingWT2324-Final2 CONSTRAINT Information-Gain threshold ε=10⁻³:
  ProgrammingWT2324-Final2 enforces an Information-Gain inclusion threshold of ε = 10⁻³ for output
  lines.
    - ProgrammingWT2324-Final2 CONSTRAINT Code style and error handling constraints:
  ProgrammingWT2324-Final2 constrains coding style: Checkstyle enforced, max 140 characters per
  line, Javadoc required, and errors must be prefixed with "ERROR: "
    - ProgrammingWT2324-Final2 CONSTRAINT Zugriffszaehler ist nichtnegative Ganzzahl:
  ProgrammingWT2324-Final2 has the constraint that the access count is a nonnegative integer.
    - ProgrammingWT2324-Final2 CONSTRAINT Identifier darf keine Leerzeichen enthalten:
  ProgrammingWT2324-Final2 has the constraint that the document identifier must not contain spaces.
    - ProgrammingWT2324-Final2 CONSTRAINT Tag identifier uniqueness across kinds:
  ProgrammingWT2324-Final2 has the constraint that a tag identifier must not be used for more than
  one tag kind (no identifier shared between binary, multivalued, numeric)
    - ProgrammingWT2324-Final2 CONSTRAINT Java modeling and validation requirement:
  ProgrammingWT2324-Final2 requires a Java model with classes for documents, tags, and the
  structuring tree, applying OOP principles and performing input validation at each step.
    - ProgrammingWT2324-Final2 CONSTRAINT Single-definition-per-document constraint for
  multivalued/numeric tags: ProgrammingWT2324-Final2 has the constraint that multivalued and numeric
   tags may appear at most once per document (duplicate definitions produce an error)
    - ProgrammingWT2324-Final2 CONSTRAINT Numeric tag integer-value constraint:
  ProgrammingWT2324-Final2 has the constraint that values of numeric tags must be whole integers
  (Java integer range)
    - ProgrammingWT2324-Final2 CONSTRAINT Multivalued tag value format rule:
  ProgrammingWT2324-Final2 has the constraint that multivalued tag values must begin with a letter
  and otherwise consist of letters, digits, and (optionally) spaces
    - ProgrammingWT2324-Final2 CONSTRAINT Tag identifier naming rule (case-insensitive, letter then
  letters/digits): ProgrammingWT2324-Final2 has the constraint that tag identifiers are
  case-insensitive and must start with a Latin letter, then contain only Latin letters and digits
    - ProgrammingWT2324-Final2 CONSTRAINT Explicit vs implicit 'undefined' distinction:
  ProgrammingWT2324-Final2 has the constraint that an explicitly provided value 'undefined' is
  distinct from the implicit missing-value 'undefined' used by the specification
    - ProgrammingWT2324-Final2 CONSTRAINT Document list format and tie-break rules:
  ProgrammingWT2324-Final2 defines the document-list output format: each line
  '/<path/...>/<"Dokumentenbezeichner">', sorted descending by p(D_{t=v}, D), with lexicographic
  tie-break rules and tag identifiers lowercased.
    - ProgrammingWT2324-Final2 CONSTRAINT Information-Gain line pattern: ProgrammingWT2324-Final2
  requires Information-Gain lines to use the pattern '/<prior tag=value decisions>/<tag>=IG' with IG
   formatted to two decimals using Java decimal notation.
    - ProgrammingWT2324-Final2 USES Java SE 17: ProgrammingWT2324-Final2 uses Java SE 17;
  ProgrammingWT2324-Final2 uses Java SE 17 as the implementation language.
    - ProgrammingWT2324-Final2 USES Automated tag-derived folder structure: ProgrammingWT2324-Final2
   uses an automated folder structure that is dynamically adapted based on provided keywords (tags).
    - ProgrammingWT2324-Final2 USES System.in / System.out: ProgrammingWT2324-Final2 uses System.in
  for input and System.out for output
    - ProgrammingWT2324-Final2 RELATES_TO Decision-tree document tag processing:
  ProgrammingWT2324-Final2 relates to a decision-tree program that processes documents with binary,
  multivalued, and numeric tags
  </entity_paths>
  <entity_matches>
    - ProgrammingWT2324-Final2 (score: 1.00) — Repository and project for the final assignment.
    - Abschlussaufgabe 2 — Durchdachte Dateisystemordnung (score: 0.78) — Named assignment described
   in task.md.
    - task.md (Segment 1) (score: 0.76) — Assignment file containing Abschnitt: Abschlussaufgabe 2.
    - task.md (Abschlussaufgabe 2 — Durchdachte Dateisystemordnung) (score: 0.74) — Assignment
  specification for organizing filesystem by tags.
    - Document list format and tie-break rules (score: 0.74) — Per-line
  '/path/<"Dokumentenbezeichner">', sort by p(...), lowercase tags.
  </entity_matches>
  <insights>
    - Agent community around ProgrammingWT2324-Final2, task.md (Abschlussaufgabe 2 — Durchdachte
  Dateisystemordnung), Document list format and tie-break rules connects Decision-tree document tag
  processing, Java SE 17, Requirements (Headless-Mode),
  /Users/nghalinh2711/Development/student-repos/wt2324final02. Relevant agent facts:
  ProgrammingWT2324-Final2 relates to a decision-tree program that processes documents with binary,
  multivalued, and numeric tags; ProgrammingWT2324-Final2 uses Java SE 17; ProgrammingWT2324-Final2
  uses Java SE 17 as the implementation language.
    - Agent community around Abschlussaufgabe 2 — Durchdachte Dateisystemordnung, task.md (Segment
  1), dynamic tree-like directory structure connects task.md, Wintersemester 2024, PD Dr. rer. nat.
  Robert Heinrich. Relevant agent facts: The assignment requires a program that generates a dynamic,
   tree-like directory structure whose folder names are derived from document tags and whose
  structure is computed from tags and access frequencies.; The program must store information for
  each document in a database, including the document's usage frequency.; DOCUMENT task.md describes
   the assignment 'Abschlussaufgabe 2 — Durchdachte Dateisystemordnung'.
    - Agent community around Information-Gain threshold ε=10⁻³, Document types: image, audio, video,
   text, program, Entscheidungsbaum-Programm connects Output format: IG lines, '---', document list.
   Relevant agent facts: ProgrammingWT2324-Final2 relates to supported document types: image, audio,
   video, text, program; Accepted document types for the assignment are image, audio, video, text,
  and program.; ProgrammingWT2324-Final2 requires an Entscheidungsbaum-Programm (decision-tree
  program) that processes documents annotated with tags (binary, multi-valued, numeric).
    - Agent community around Document organization program, list of documents with metadata (tags,
  access frequency), Structure computed from tags and access frequencies connects Folder structure
  generator (assignment program). Relevant agent facts: The assignment requires developing a program
   that automatically generates a tag-based folder tree and stores document information in a
  database, including usage frequency.; The program depends on an input list of documents with
  metadata (tags and access frequency) and must compute a tree whose folder names derive from tags
  and whose structure is dynamically calculated from tags and access frequencies to prioritize
  frequently accessed documents.; The program's input is a list of documents annotated with metadata
   such as tags and access frequency.
  </insights>

● adaptive-memory extension active (role=requirements, memorySession=20260725-162218-req) - type
  /memory-help. MCP tools registered (memory=true, backlog=true).



● Read guidelines.md
  │ ~/Development/student-repos/wt2324final02/guidelines.md
  └ 111 lines read

● List directory ~/Development/student-repos/wt2324final02/input
  └ 4 files found

● List directory ~/Development/student-repos/wt2324final02/src
  └ 1 file found



● Read empty.txt
  └ ~/Development/student-repos/wt2324final02/input/empty.txt

● Read README.md
  │ ~/Development/student-repos/wt2324final02/src/README.md
  └ 4 lines read

● Read example.txt
  │ ~/Development/student-repos/wt2324final02/input/example.txt
  └ 6 lines read

● Read example2.txt
  │ ~/Development/student-repos/wt2324final02/input/example2.txt
  └ 6 lines read

● Read example3.txt
  │ ~/Development/student-repos/wt2324final02/input/example3.txt
  └ 6 lines read

● Read pom.xml
  │ ~/Development/student-repos/wt2324final02/pom.xml
  └ 31 lines read







Changes    +0 -0
Duration   3m 54s
Tokens     ↑ 125.8k (84.1k cached) • ↓ 2.0k (386 reasoning)
[delivery:requirements] Turn 10/11 complete
[delivery:requirements] Turn 11/11: Finalize backlog creation
● [adaptive-context] GET http://localhost:4444/api/agents/7af7809a-adce-4fa9-9609-fd61059de0ff/sessi
  ons/20260725-162218-req/context?input=%2Ffinalize&project=ProgrammingWT2324-Final2&role=requiremen
  ts&task=Understand+the+wt2324final02+and+create+its+backlog+when+prompted.&timestamp=2026-07-25T14
  %3A28%3A20.908Z&domain=wt2324final02

● Injected adaptive memory context into system prompt

● <adaptive_rules>
  - Program source code should be written in English.
  - After printing an error message the program must continue and wait for the next input.
  - Follow Javadoc documentation rules.
  - Do not reassign the standard input or output streams.
  - Follow rules for variable, method, and package naming.
  - During command execution, if executing a command would violate the specification the program
  must print a meaningful error message.
  - Each information-gain line begins with a slash, then slash-separated prior tag=value pairs, then
   another slash, then the tag=information-gain in Java decimal notation rounded to two decimals.
  - Avoid excessively long methods and files (no explicit numeric limit given).
  - Refer to the ILIAS Wiki for modeling guidance and grading criteria.
  - Plan time for the first submission because mandatory tests gate further scoring.
  - Passing the mandatory tests is required; violating mandatory rules leads to a zero score.
  - Submission must be implemented using Java SE 17.
  - Submission must compile without errors.
  - Submit the *.java files for task A individually with the corresponding folder structure.
  - Tag identifiers must always be output in lowercase in the specified output format.
  - In the second part output a list of documents: each line is the full path through the computed
  tree (components separated by `/`), ending with the document identifier in quotes.
  - Some Checkstyle rules are specially marked and violating them causes the submission to be scored
   zero.
  - Adhere to all whitespace rules enforced by the style checks.
  - Choose appropriate visibilities for classes, methods, and attributes.
  - Do not use the default package.
  - You must keep a maximum line width of 140 characters.
  - Use System.out for standard output unless otherwise specified.
  - First output the computed information gains line by line for those greater than ε = 10^-3,
  sorted within a decision step in descending order by information gain.
  - Insert a line with three hyphens `---` as a separator between the information-gain part and the
  document list part.
  </adaptive_rules>

  <memories>
    - ProgrammingWT2324-Final2 is located at
  /Users/nghalinh2711/Development/student-repos/wt2324final02
    - ProgrammingWT2324-Final2 relates to pipeline phase Requirements (Headless-Mode)
    - ProgrammingWT2324-Final2 relates to the assignment document task.md (Abschlussaufgabe 2 —
  Durchdachte Dateisystemordnung).
    - ProgrammingWT2324-Final2 uses System.in for input and System.out for output
    - ProgrammingWT2324-Final2 runs an interactive command loop reading commands from standard input
   and waiting for further inputs until 'quit' is entered.
  </memories>
  <knowledge>
    - Use System.in as the input source unless otherwise specified.
    - The online submission system automatically checks Checkstyle rules during submission.
    - All commands are executed on the program's current state.
  </knowledge>
  <entity_paths>
    - ProgrammingWT2324-Final2 USES Java SE 17: ProgrammingWT2324-Final2 uses Java SE 17;
  ProgrammingWT2324-Final2 uses Java SE 17 as the implementation language.
    - ProgrammingWT2324-Final2 USES Automated tag-derived folder structure: ProgrammingWT2324-Final2
   uses an automated folder structure that is dynamically adapted based on provided keywords (tags).
    - ProgrammingWT2324-Final2 USES System.in / System.out: ProgrammingWT2324-Final2 uses System.in
  for input and System.out for output
    - ProgrammingWT2324-Final2 USES quit command: Entering the literal string 'quit' terminates the
  ProgrammingWT2324-Final2 program.
    - ProgrammingWT2324-Final2 USES Type-specific tag transformation rules (Sections 2.3–2.6):
  ProgrammingWT2324-Final2 USES type-specific tag transformation rules: image numerical Size is not
  stored but mapped to ImageSize with values {Icon, Small, Medium, Large} by specified byte ranges;
  audio Length mapped to AudioLength {Sample, Short, Normal, Long} by specified second ranges; audio
   Genre → AudioGenre; video Length → VideoLength {Clip, Short, Movie, Long} by specified second
  ranges; video Genre → VideoGenre; text Words → TextLength {Short, Medium, Long} by specified
  word-count ranges; text Genre → TextGenre.
    - ProgrammingWT2324-Final2 USES Interactive command loop: ProgrammingWT2324-Final2 runs an
  interactive command loop reading commands from standard input and waiting for further inputs until
   'quit' is entered.
    - ProgrammingWT2324-Final2 USES Selection probability p(d,D) = z(d)/Z(D):
  ProgrammingWT2324-Final2 uses the selection probability p(d, D) = z(d) / Z(D), where z(d) are past
   access counts and Z(D) is their sum.
    - ProgrammingWT2324-Final2 USES Tag selection by maximum information gain:
  ProgrammingWT2324-Final2 structures documents by choosing tags that maximize expected information
  gain, so frequently accessed documents appear lower in the hierarchy.
    - ProgrammingWT2324-Final2 USES Expected remaining uncertainty H(D,t) and information gain
  IG(D,t): ProgrammingWT2324-Final2 uses expected remaining uncertainty H(D, t) = ∑_{v ∈ W_t}
  p(D_{t=v}, D) · H(D_{t=v}) to evaluate splits and defines information gain IG(D,t) = H(D) − H(D,t)
   as the split quality.
    - ProgrammingWT2324-Final2 USES Information-theoretic entropy H(D): ProgrammingWT2324-Final2
  uses information-theoretic entropy H(D) = -∑ p(d,D) · log2(p(d,D)) to measure uncertainty about
  which document is selected.
    - ProgrammingWT2324-Final2 USES Subset probability p(D_{t=v},D): ProgrammingWT2324-Final2 uses
  the subset probability p(D_{t=v}, D) = ∑_{d ∈ D_{t=v}} p(d, D) for the probability that a document
   lies in D_{t=v}.
    - ProgrammingWT2324-Final2 CONSTRAINT Document metadata database storage:
  ProgrammingWT2324-Final2 requires storing document metadata (including tags and access frequency)
  in a database.
    - ProgrammingWT2324-Final2 CONSTRAINT Access-frequency-driven accessibility:
  ProgrammingWT2324-Final2 requires the directory tree to prioritize frequently used documents by
  adjusting structure based on access frequencies.
    - ProgrammingWT2324-Final2 CONSTRAINT Checkstyle rules: max 140 chars; Javadoc required: The
  codebase enforces Checkstyle rules including a maximum line length of 140 characters and mandatory
   Javadoc.
    - ProgrammingWT2324-Final2 CONSTRAINT Information-Gain threshold ε=10⁻³:
  ProgrammingWT2324-Final2 enforces an Information-Gain inclusion threshold of ε = 10⁻³ for output
  lines.
    - ProgrammingWT2324-Final2 CONSTRAINT Code style and error handling constraints:
  ProgrammingWT2324-Final2 constrains coding style: Checkstyle enforced, max 140 characters per
  line, Javadoc required, and errors must be prefixed with "ERROR: "
    - ProgrammingWT2324-Final2 CONSTRAINT Zugriffszaehler ist nichtnegative Ganzzahl:
  ProgrammingWT2324-Final2 has the constraint that the access count is a nonnegative integer.
    - ProgrammingWT2324-Final2 CONSTRAINT Identifier darf keine Leerzeichen enthalten:
  ProgrammingWT2324-Final2 has the constraint that the document identifier must not contain spaces.
    - ProgrammingWT2324-Final2 CONSTRAINT Tag identifier uniqueness across kinds:
  ProgrammingWT2324-Final2 has the constraint that a tag identifier must not be used for more than
  one tag kind (no identifier shared between binary, multivalued, numeric)
    - ProgrammingWT2324-Final2 CONSTRAINT Java modeling and validation requirement:
  ProgrammingWT2324-Final2 requires a Java model with classes for documents, tags, and the
  structuring tree, applying OOP principles and performing input validation at each step.
  </entity_paths>
  <entity_matches>
    - ProgrammingWT2324-Final2 (score: 1.00) — Repository and program for the final assignment.
    - Requirements (Headless-Mode) (score: 0.72) — Current pipeline phase and mode for the task
    - Version 1.2 (score: 0.70) — Document version stated in task.md.
    - /Users/nghalinh2711/Development/student-repos/wt2324final02 (score: 0.69) — Local filesystem
  path to the project repository
    - task.md (Abschlussaufgabe 2 — Durchdachte Dateisystemordnung) (score: 0.69) — Assignment
  specification for organizing filesystem by tags.
  </entity_matches>
  <insights>
    - Agent community around ProgrammingWT2324-Final2, Requirements (Headless-Mode),
  /Users/nghalinh2711/Development/student-repos/wt2324final02 connects Decision-tree document tag
  processing, Document metadata database storage, Access-frequency-driven accessibility, Automated
  tag-derived folder structure. Relevant agent facts: ProgrammingWT2324-Final2 relates to a
  decision-tree program that processes documents with binary, multivalued, and numeric tags;
  ProgrammingWT2324-Final2 uses Java SE 17; ProgrammingWT2324-Final2 uses Java SE 17 as the
  implementation language.
    - Agent community around Version 1.2, Abschlussaufgabe 2 — Durchdachte Dateisystemordnung,
  task.md (Segment 1) connects dynamic tree-like directory structure, database, PD Dr. rer. nat.
  Robert Heinrich, Institute of Information Security and Dependability (KASTEL). Relevant agent
  facts: The assignment requires a program that generates a dynamic, tree-like directory structure
  whose folder names are derived from document tags and whose structure is computed from tags and
  access frequencies.; The program must store information for each document in a database, including
   the document's usage frequency.; DOCUMENT task.md describes the assignment 'Abschlussaufgabe 2 —
  Durchdachte Dateisystemordnung'.
    - Agent community around Information-Gain threshold ε=10⁻³, Document types: image, audio, video,
   text, program, Entscheidungsbaum-Programm connects Output format: IG lines, '---', document list.
   Relevant agent facts: ProgrammingWT2324-Final2 relates to supported document types: image, audio,
   video, text, program; Accepted document types for the assignment are image, audio, video, text,
  and program.; ProgrammingWT2324-Final2 requires an Entscheidungsbaum-Programm (decision-tree
  program) that processes documents annotated with tags (binary, multi-valued, numeric).
    - Agent community around task.md connects Command-line prompt '%>', User input marker '>', Line
  numbers and divider not part of UI, Program name optional; alliteration recommended. Relevant
  agent facts: DOCUMENT task.md describes the assignment 'Abschlussaufgabe 2 — Durchdachte
  Dateisystemordnung'.; task.md defines that the sequence '%>' denotes the command-line prompt;
  task.md defines that user inputs are marked with the '>' character
    - Agent community around Document organization program connects Folder structure generator
  (assignment program), list of documents with metadata (tags, access frequency), Structure computed
   from tags and access frequencies. Relevant agent facts: The assignment requires developing a
  program that automatically generates a tag-based folder tree and stores document information in a
  database, including usage frequency.; The program depends on an input list of documents with
  metadata (tags and access frequency) and must compute a tree whose folder names derive from tags
  and whose structure is dynamically calculated from tags and access frequencies to prioritize
  frequently accessed documents.; The program's input is a list of documents annotated with metadata
   such as tags and access frequency.
  </insights>

● adaptive-memory extension active (role=requirements, memorySession=20260725-162218-req) - type
  /memory-help. MCP tools registered (memory=true, backlog=true).



● Create Backlog (MCP: agentic-memory) · Entscheidungsbaum-Programm zur automatisierten, tag-basier…
  └ Backlog "WT2324Final02 — Durchdachte Dateisystemordnung" created with id: 7de...



● Create Tasks (MCP: agentic-memory) · backlogId: "7def35c1-6959-4e35-b57d-948cf906fb97", tasks: [2…
  └ Output too large to read at once (21.1 KB). Saved to: /var/folders/fs/p8fxyq6...



● Get Tasks (MCP: agentic-memory) · backlogId: "7def35c1-6959-4e35-b57d-948cf906fb97"
  └ Output too large to read at once (37.2 KB). Saved to: /var/folders/fs/p8fxyq6...

✗ Extract task titles and priorities from JSON (shell)
  │ cd /var/folders/fs/p8fxyq611_d7_glm0yth2st80000gn/T && python3 -c "
  │ import json
  │ with open('1784989814067-copilot-tool-output-q1x1se.txt') as f:
  │ data = json.load(f)
  │ for t in data['tasks']:…
  └ Denied by preToolUse hook: Requirements mode is read-only except for the registered MCP backlog
    tools.

● [turn-persistence] [turn-persistence] turn_end SKIPPED ai: no assistant message with content

● [turn-persistence] [turn-persistence] persistHuman SKIPPED: empty content







Changes    +0 -0
Duration   6m 7s
Tokens     ↑ 245.7k (198.0k cached) • ↓ 8.0k (2.6k reasoning)
[delivery:requirements] Turn 11/11 complete
[delivery:requirements] Exercise requirements stream complete — advancing to backlog discovery
[delivery] Phase B: Backlog discovery
[delivery] Using backlog: "WT2324Final02 — Durchdachte Dateisystemordnung" (7def35c1-6959-4e35-b57d-948cf906fb97)
[delivery] Backlog: "WT2324Final02 — Durchdachte Dateisystemordnung" (7def35c1-6959-4e35-b57d-948cf906fb97)

[delivery] Phase C: Coding

● [adaptive-context] GET http://localhost:4444/api/agents/7af7809a-adce-4fa9-9609-fd61059de0ff/sessi
  ons/20260725-162218-coding/context?input=Implement+%22WT2324Final02+%E2%80%94+Durchdachte+Dateisys
  temordnung%22+backlog%3A+Implement+Tag+model+with+type+detection%2C+validation%2C+and+case-insensi
  tive+identifiers%3B+Create+main+class+with+command+loop%2C+help+text%2C+and+quit+handling%3B+Imple
  ment+Document+model+with+identifier%2C+type%2C+access+count%2C+and+tag+collection%3B+Implement+Doc
  umentType+enum%3B+Implement+input+validation+for+tag+identifiers%2C+tag+values%2C+and+automatic+ty
  pe+classification%3B+Implement+file+loader+to+read+input+files+and+return+document+collections+wit
  h+error+handling%3B+Implement+CSV+line+parser+to+create+Document+objects+from+a+single+input+line%
  3B+Implement+type-specific+tag+transformations+for+all+five+document+types%3B+Implement+transforma
  tion+orchestrator+with+conflict+detection%3B+Implement+document+set+utility+methods+for+subsets+an
  d+probability+calculations%3B+Implement+entropy+calculator+H%28D%29%3B+Implement+information+gain+
  calculator+IG%28D%2Ct%29+with+partitioning%3B+Implement+decision+tree+node+model%3B+Implement+recu
  rsive+tree+builder+using+IG-based+splitting+with+%CE%B5+threshold%3B+Implement+IG+output+formatter
  %3B+Implement+document+tree-path+output+formatter%3B+Implement+state+manager+for+in-memory+storage
  +of+loaded+datasets%3B+Implement+load+command%3B+Implement+change+command%3B+Implement+run+command
  %3B+Implement+command+router%2Fdispatcher%3B+Ensure+consistent+ERROR%3A+prefix+handling+across+all
  +commands+with+program+continuation%3B+End-to-end+integration+verification+against+provided+exampl
  es&project=ProgrammingWT2324-Final2&role=coding&task=Implement+backlog+%22WT2324Final02+%E2%80%94+
  Durchdachte+Dateisystemordnung%22+in+the+selected+exercise+repository.&timestamp=2026-07-25T14%3A3
  0%3A32.296Z&domain=wt2324final02

● Injected adaptive memory context into system prompt

● <adaptive_rules>
  - In the second part output a list of documents: each line is the full path through the computed
  tree (components separated by `/`), ending with the document identifier in quotes.
  - Follow Javadoc documentation rules.
  - Each line of the input file contains comma-separated entries: identifier, document type, access
  count, then a list of tags.
  - The Javadoc author tag must contain only the student's u-Kürzel.
  - Follow rules for variable, method, and package naming.
  - The second entry must be one of the five document types: image, audio, video, text, or program.
  - Ties in sorting are broken lexicographically: `defined` before `undefined`; multivalued tags by
  tag-value lexicographic order; documents by document identifier lexicographically.
  - Avoid excessively long methods and files (no explicit numeric limit given).
  - Program source code should be written in English.
  - Plan time for the first submission because mandatory tests gate further scoring.
  - Refer to the ILIAS Wiki for modeling guidance and grading criteria.
  - Tag identifiers must be unique in type: a tag is either binary, multivalued, or numeric; mixed
  tags are forbidden.
  - Each information-gain line begins with a slash, then slash-separated prior tag=value pairs, then
   another slash, then the tag=information-gain in Java decimal notation rounded to two decimals.
  - Insert a line with three hyphens `---` as a separator between the information-gain part and the
  document list part.
  - The output order of documents is descending by p(D_{t=v}, D).
  - Automatically generated tags must also not be defined multiple times on a document (e.g., images
   must not have both `size` and `imagesize`).
  - The `run <id>` command executes the automatic structuring on the loaded input with the given id;
   any access count changes since loading are taken into account.
  - Multivalued and numerical tags may be set at most once per document; multiple definitions
  produce an error.
  - Binary tags (labels) are given only by their identifier and have no explicit value.
  - Use System.out for standard output unless otherwise specified.
  - Values of numerical tags must be integers within the integer range.
  - Values of multivalued tags must start with a letter and otherwise consist of letters, digits,
  and possibly spaces.
  - Tag identifiers must always be output in lowercase in the specified output format.
  - First output the computed information gains line by line for those greater than ε = 10^-3,
  sorted within a decision step in descending order by information gain.
  - After printing an error message the program must continue and wait for the next input.
  - Do not reassign the standard input or output streams.
  - During command execution, if executing a command would violate the specification the program
  must print a meaningful error message.
  - Tag identifiers are case-insensitive (e.g., length, Length, lenGth denote the same tag).
  - Valid tag identifiers begin with a Latin letter and otherwise consist of Latin letters and
  digits.
  - Any other values that do not match the allowed tag formats cause an error.
  - The `change <id> <file> <number>` command modifies only the state of a loaded input (not the
  source text file) and on success prints `Change <number> to <number> for <file>` showing old then
  new access count.
  - Some Checkstyle rules are specially marked and violating them causes the submission to be scored
   zero.
  - The `load <path>` command may read multiple files which are thereafter treated separately; on
  success print `Loaded <path> with id: <id>` then the file contents line by line.
  - An id is a globally unique integer for loaded inputs, starting at 0 and assigned ascending.
  - Comments should be appropriate in amount and consistently in English or German.
  - Passing the mandatory tests is required; violating mandatory rules leads to a zero score.
  - Submission must be implemented using Java SE 17.
  - Submission must compile without errors.
  - Submit the *.java files for task A individually with the corresponding folder structure.
  - The first entry is a unique document identifier and must not contain spaces.
  - If user input does not match the expected format an error message must be printed.
  - The third entry must be a non-negative integer representing the access count.
  - Do not include personal data other than the u-Kürzel in submissions.
  - Adhere to all whitespace rules enforced by the style checks.
  - Choose appropriate visibilities for classes, methods, and attributes.
  - Do not use the default package.
  - You must keep a maximum line width of 140 characters.
  - Each error message must begin with "ERROR: " and must not contain line breaks.
  </adaptive_rules>

  <memories>
    - ProgrammingWT2324-Final2 relates to the assignment document task.md (Abschlussaufgabe 2 —
  Durchdachte Dateisystemordnung).
    - DOCUMENT task.md describes the assignment 'Abschlussaufgabe 2 — Durchdachte
  Dateisystemordnung'.
    - ProgrammingWT2324-Final2 relates to a decision-tree program that processes documents with
  binary, multivalued, and numeric tags
    - ProgrammingWT2324-Final2 requires an Entscheidungsbaum-Programm (decision-tree program) that
  processes documents annotated with tags (binary, multi-valued, numeric).
    - ProgrammingWT2324-Final2 requires a Java model with classes for documents, tags, and the
  structuring tree, applying OOP principles and performing input validation at each step.
    - The file 'task.md' (Segment 1) defines the assignment 'Abschlussaufgabe 2 — Durchdachte
  Dateisystemordnung' and its metadata (course, semester, instructor, group, points, version).
    - The ProgrammingWT2324-Final2 repository contains pom.xml, checkstyle.xml, and example inputs
  under input/, and its src/ directory is currently empty
    - ProgrammingWT2324-Final2 is located at
  /Users/nghalinh2711/Development/student-repos/wt2324final02
    - ProgrammingWT2324-Final2 constrains coding style: Checkstyle enforced, max 140 characters per
  line, Javadoc required, and errors must be prefixed with "ERROR: "
    - In ProgrammingWT2324-Final2 the placeholder <path> denotes a file path to a text file as
  defined in section 1.
    - ProgrammingWT2324-Final2 runs an interactive command loop reading commands from standard input
   and waiting for further inputs until 'quit' is entered.
    - ProgrammingWT2324-Final2 relates to document-type-specific automatic tag transformations that
  replace certain numeric/multivalued tags with derived multivalued tags (ImageSize,
  AudioLength/AudioGenre, VideoLength/VideoGenre, TextLength/TextGenre) and always adds executable
  for programs
    - ProgrammingWT2324-Final2 requires the directory tree to prioritize frequently used documents
  by adjusting structure based on access frequencies.
  </memories>
  <knowledge>
    - The online submission system automatically checks Checkstyle rules during submission.
    - Use System.in as the input source unless otherwise specified.
    - Error messages may optionally use System.err.
  </knowledge>
  <entity_paths>
    - ProgrammingWT2324-Final2 USES Java SE 17: ProgrammingWT2324-Final2 uses Java SE 17;
  ProgrammingWT2324-Final2 uses Java SE 17 as the implementation language.
    - ProgrammingWT2324-Final2 USES Automated tag-derived folder structure: ProgrammingWT2324-Final2
   uses an automated folder structure that is dynamically adapted based on provided keywords (tags).
    - ProgrammingWT2324-Final2 USES System.in / System.out: ProgrammingWT2324-Final2 uses System.in
  for input and System.out for output
    - ProgrammingWT2324-Final2 USES quit command: Entering the literal string 'quit' terminates the
  ProgrammingWT2324-Final2 program.
    - ProgrammingWT2324-Final2 USES Type-specific tag transformation rules (Sections 2.3–2.6):
  ProgrammingWT2324-Final2 USES type-specific tag transformation rules: image numerical Size is not
  stored but mapped to ImageSize with values {Icon, Small, Medium, Large} by specified byte ranges;
  audio Length mapped to AudioLength {Sample, Short, Normal, Long} by specified second ranges; audio
   Genre → AudioGenre; video Length → VideoLength {Clip, Short, Movie, Long} by specified second
  ranges; video Genre → VideoGenre; text Words → TextLength {Short, Medium, Long} by specified
  word-count ranges; text Genre → TextGenre.
    - ProgrammingWT2324-Final2 USES Interactive command loop: ProgrammingWT2324-Final2 runs an
  interactive command loop reading commands from standard input and waiting for further inputs until
   'quit' is entered.
    - ProgrammingWT2324-Final2 USES Selection probability p(d,D) = z(d)/Z(D):
  ProgrammingWT2324-Final2 uses the selection probability p(d, D) = z(d) / Z(D), where z(d) are past
   access counts and Z(D) is their sum.
    - ProgrammingWT2324-Final2 USES Tag selection by maximum information gain:
  ProgrammingWT2324-Final2 structures documents by choosing tags that maximize expected information
  gain, so frequently accessed documents appear lower in the hierarchy.
    - ProgrammingWT2324-Final2 USES Expected remaining uncertainty H(D,t) and information gain
  IG(D,t): ProgrammingWT2324-Final2 uses expected remaining uncertainty H(D, t) = ∑_{v ∈ W_t}
  p(D_{t=v}, D) · H(D_{t=v}) to evaluate splits and defines information gain IG(D,t) = H(D) − H(D,t)
   as the split quality.
    - ProgrammingWT2324-Final2 USES Information-theoretic entropy H(D): ProgrammingWT2324-Final2
  uses information-theoretic entropy H(D) = -∑ p(d,D) · log2(p(d,D)) to measure uncertainty about
  which document is selected.
    - ProgrammingWT2324-Final2 USES Subset probability p(D_{t=v},D): ProgrammingWT2324-Final2 uses
  the subset probability p(D_{t=v}, D) = ∑_{d ∈ D_{t=v}} p(d, D) for the probability that a document
   lies in D_{t=v}.
    - ProgrammingWT2324-Final2 USES IG-based recursive partitioning algorithm:
  ProgrammingWT2324-Final2 uses an information-gain (entropy) based recursive partitioning algorithm
   with termination when IG < 1e-3; 'undefined' is treated as a distinct value and IG ties break
  lexicographically with defined before undefined
    - ProgrammingWT2324-Final2 USES edu.kit.kastel:Final-2: ProgrammingWT2324-Final2 uses the Maven
  coordinate edu.kit.kastel:Final-2 for its build
    - ProgrammingWT2324-Final2 CONSTRAINT Document metadata database storage:
  ProgrammingWT2324-Final2 requires storing document metadata (including tags and access frequency)
  in a database.
    - ProgrammingWT2324-Final2 CONSTRAINT Access-frequency-driven accessibility:
  ProgrammingWT2324-Final2 requires the directory tree to prioritize frequently used documents by
  adjusting structure based on access frequencies.
    - ProgrammingWT2324-Final2 CONSTRAINT Checkstyle rules: max 140 chars; Javadoc required: The
  codebase enforces Checkstyle rules including a maximum line length of 140 characters and mandatory
   Javadoc.
    - ProgrammingWT2324-Final2 CONSTRAINT Information-Gain threshold ε=10⁻³:
  ProgrammingWT2324-Final2 enforces an Information-Gain inclusion threshold of ε = 10⁻³ for output
  lines.
    - ProgrammingWT2324-Final2 CONSTRAINT Code style and error handling constraints:
  ProgrammingWT2324-Final2 constrains coding style: Checkstyle enforced, max 140 characters per
  line, Javadoc required, and errors must be prefixed with "ERROR: "
    - ProgrammingWT2324-Final2 CONSTRAINT Zugriffszaehler ist nichtnegative Ganzzahl:
  ProgrammingWT2324-Final2 has the constraint that the access count is a nonnegative integer.
    - ProgrammingWT2324-Final2 CONSTRAINT Identifier darf keine Leerzeichen enthalten:
  ProgrammingWT2324-Final2 has the constraint that the document identifier must not contain spaces.
  </entity_paths>
  <entity_matches>
    - ProgrammingWT2324-Final2 (score: 1.00) — Course project repository for wt2324 final assignment
    - Abschlussaufgabe 2 — Durchdachte Dateisystemordnung (score: 0.84) — Named assignment described
   in task.md.
    - task.md (Abschlussaufgabe 2 — Durchdachte Dateisystemordnung) (score: 0.81) — Assignment
  specification for organizing filesystem by tags.
    - Decision-tree document tag processing (score: 0.80) — Decision-tree program handling document
  tags (binary/multivalued/numeric)
    - Java modeling and validation requirement (score: 0.78) — Require Java classes for Document,
  Tag, and StructuringTree; use OOP and validate inputs
  </entity_matches>
  <insights>
    - Agent community around ProgrammingWT2324-Final2, task.md (Abschlussaufgabe 2 — Durchdachte
  Dateisystemordnung), Decision-tree document tag processing connects Requirements (Headless-Mode),
  /Users/nghalinh2711/Development/student-repos/wt2324final02, Document metadata database storage,
  Access-frequency-driven accessibility. Relevant agent facts: ProgrammingWT2324-Final2 relates to a
   decision-tree program that processes documents with binary, multivalued, and numeric tags;
  ProgrammingWT2324-Final2 uses Java SE 17; ProgrammingWT2324-Final2 uses Java SE 17 as the
  implementation language.
    - Agent community around Abschlussaufgabe 2 — Durchdachte Dateisystemordnung, dynamic tree-like
  directory structure, database connects task.md (Segment 1), PD Dr. rer. nat. Robert Heinrich,
  Institute of Information Security and Dependability (KASTEL). Relevant agent facts: The assignment
   requires a program that generates a dynamic, tree-like directory structure whose folder names are
   derived from document tags and whose structure is computed from tags and access frequencies.; The
   program must store information for each document in a database, including the document's usage
  frequency.; DOCUMENT task.md describes the assignment 'Abschlussaufgabe 2 — Durchdachte
  Dateisystemordnung'.
    - Agent community around Information-Gain threshold ε=10⁻³, Document types: image, audio, video,
   text, program, Entscheidungsbaum-Programm connects Output format: IG lines, '---', document list.
   Relevant agent facts: ProgrammingWT2324-Final2 relates to supported document types: image, audio,
   video, text, program; Accepted document types for the assignment are image, audio, video, text,
  and program.; ProgrammingWT2324-Final2 requires an Entscheidungsbaum-Programm (decision-tree
  program) that processes documents annotated with tags (binary, multi-valued, numeric).
    - Agent community around Comma-separated document record input format, Document identifier,
  Document type. Relevant agent facts: ProgrammingWT2324-Final2 accepts an input file consisting of
  comma-separated document records, with fields ordered as identifier, document type, nonnegative
  access count, and zero or more tags.; task.md defines a line-based, comma-separated input file in
  which each line represents one document record: the first field is a unique document identifier
  without spaces, normally a file path; the second field is one of image, audio, video, text, or
  program; the third field is a nonnegative integer access count; and the remaining fields form an
  arbitrary-length list of binary labels and key=value tags.
    - Agent community around task.md, Command-line prompt '%>', User input marker '>' connects
  examples.md / interaction.txt and interaction2.txt, author, Program name optional; alliteration
  recommended. Relevant agent facts: DOCUMENT task.md describes the assignment 'Abschlussaufgabe 2 —
   Durchdachte Dateisystemordnung'.; task.md defines that the sequence '%>' denotes the command-line
   prompt; task.md defines that user inputs are marked with the '>' character
  </insights>

● adaptive-memory extension active (role=coding, memorySession=20260725-162218-coding) - type
  /memory-help. MCP tools registered (memory=true, backlog=true).

✗ Get Scratchpad (MCP: agentic-memory) · sessionId: "a80181ac-e8da-43f3-8dab-b4cdf9d1d154"
  └ MCP server 'agentic-memory': Forbidden.

● Claim Next Task (MCP: agentic-memory) · backlogId: "7def35c1-6959-4e35-b57d-948cf906fb97"
  └ Claimed task "Implement Tag model with type detection, validation, and case-i...

● [turn-persistence] [turn-persistence] turn_end SKIPPED ai: no assistant message with content



● List directory .
  └ 15 files found

● Read pom.xml
  └ 31 lines read

● List directory src
  └ 1 file found

● Read checkstyle.xml
  └ 353 lines read

● [turn-persistence] [turn-persistence] turn_end SKIPPED ai: no assistant message with content

● Read task.md
  └ 1 line read

● Read guidelines.md
  └ 111 lines read

● List directory input
  └ 4 files found

● [turn-persistence] [turn-persistence] turn_end SKIPPED ai: no assistant message with content

● Read example2.txt
  │ input/example2.txt
  └ 6 lines read

● Read example3.txt
  │ input/example3.txt
  └ 6 lines read

● Read example.txt
  │ input/example.txt
  └ 6 lines read

● Read examples.md
  └ 108 lines read

● [turn-persistence] [turn-persistence] turn_end SKIPPED ai: no assistant message with content



● Read task.md
  └ L1:100 (99 lines read)

● Read task.md
  └ L100:160 (61 lines read)

● [turn-persistence] [turn-persistence] turn_end SKIPPED ai: no assistant message with content



● Create package directory structure (shell)
  │ mkdir -p /Users/nghalinh2711/Development/student-repos/wt2324final02/src/edu/kit/kastel/deux
  └ 1 line…



● Create TagKind.java +24
  └ src/edu/kit/kastel/deux/TagKind.java

● Remove misplaced README.md in src/ (shell)
  │ rm /Users/nghalinh2711/Development/student-repos/wt2324final02/src/README.md
  └ 1 line…

● Create Tag.java +194
  └ src/edu/kit/kastel/deux/Tag.java

● [turn-persistence] [turn-persistence] turn_end SKIPPED ai: no assistant message with content



● Compile the Java source files with Maven (shell)
  │ cd /Users/nghalinh2711/Development/student-repos/wt2324final02 && mvn compile 2>&1
  └ 23 lines…



● Run checkstyle validation (shell)
  │ cd /Users/nghalinh2711/Development/student-repos/wt2324final02 && mvn checkstyle:check
  │ -Dcheckstyle.config.location=checkstyle.xml 2>&1 || true
  └ 22 lines…



● Search (grep)
  │ "^.{141,}" (src/edu/kit/kastel/deux)
  └ No matches found



● Update Task (MCP: agentic-memory) · backlogId: "7def35c1-6959-4e35-b57d-948cf906fb97", taskId: "7…
  └ Task "Implement Tag model with type detection, validation, and case-insensiti...

● Claim Next Task (MCP: agentic-memory) · backlogId: "7def35c1-6959-4e35-b57d-948cf906fb97"
  └ Claimed task "Create main class with command loop, help text, and quit handli...

● [turn-persistence] [turn-persistence] turn_end SKIPPED ai: no assistant message with content



● Create SavySorter.java +87
  └ src/edu/kit/kastel/deux/SavySorter.java

● Compile and test the main class (shell)
  │ cd /Users/nghalinh2711/Development/student-repos/wt2324final02 && mvn compile 2>&1
  └ 23 lines…

● [turn-persistence] [turn-persistence] turn_end SKIPPED ai: no assistant message with content



● Test the main class with sample inputs (shell)
  │ cd /Users/nghalinh2711/Development/student-repos/wt2324final02 && printf 'bogus\nquit\n' | java
  │ -cp target/classes edu.kit.kastel.deux.SavySorter 2>&1
  └ 3 lines…



● Update Task (MCP: agentic-memory) · backlogId: "7def35c1-6959-4e35-b57d-948cf906fb97", taskId: "c…
  └ Task "Create main class with command loop, help text, and quit handling" (c3c...

● Claim Next Task (MCP: agentic-memory) · backlogId: "7def35c1-6959-4e35-b57d-948cf906fb97"
  └ Claimed task "Implement Document model with identifier, type, access count, a...

● [turn-persistence] [turn-persistence] turn_end SKIPPED ai: no assistant message with content



● Create DocumentType.java +37
  └ src/edu/kit/kastel/deux/DocumentType.java

● Create Document.java +271
  └ src/edu/kit/kastel/deux/Document.java

● Compile with new Document and DocumentType classes (shell)
  │ cd /Users/nghalinh2711/Development/student-repos/wt2324final02 && mvn compile 2>&1
  └ 23 lines…

● [turn-persistence] [turn-persistence] turn_end SKIPPED ai: no assistant message with content

● Search (grep)
  │ "^.{141,}" (src/edu/kit/kastel/deux/Document.java)
  └ No matches found

● [turn-persistence] [turn-persistence] turn_end SKIPPED ai: no assistant message with content



● Update Task (MCP: agentic-memory) · state: "done", taskId: "35af9b87-4a7d-49e9-b06f-c09f54f3b5c4"…
  └ Task "Implement Document model with identifier, type, access count, and tag c...

● Claim Next Task (MCP: agentic-memory) · backlogId: "7def35c1-6959-4e35-b57d-948cf906fb97"
  └ Claimed task "Implement DocumentType enum" (b40674f8-d90a-4ee0-9f10-c0b7f1fbf...

● [turn-persistence] [turn-persistence] turn_end SKIPPED ai: no assistant message with content



● Quick test of DocumentType parsing (shell)
  │ cd /Users/nghalinh2711/Development/student-repos/wt2324final02 && java -cp target/classes -e
  │ 'System.out.println(edu.kit.kastel.deux.DocumentType.fromString("image"));
  │ System.out.println(edu.kit.kastel.deux.DocumentType.fromString("Image"));
  │ System.out.println(edu.kit.kastel.deux.DocumentType.fromString("IMAGE"));' 2>&1 || printf
  │ 'image\nImage\nIMAGE\n' | java -cp target/classes -XX:+UnlockExperimentalVMOptions …
  └ 23 lines…

● Test DocumentType parsing via jshell (shell)
  │ cd /Users/nghalinh2711/Development/student-repos/wt2324final02 && echo 'import
  │ edu.kit.kastel.deux.DocumentType; System.out.println(DocumentType.fromString("image"));
  │ System.out.println(DocumentType.fromString("Image"));
  │ System.out.println(DocumentType.fromString("IMAGE")); /exit' | jshell --class-path
  │ target/classes - 2>&1 | grep -v "^jshell>" | grep -v "^|"
  └ 8 lines…

● [turn-persistence] [turn-persistence] turn_end SKIPPED ai: no assistant message with content



● Update Task (MCP: agentic-memory) · state: "done", taskId: "b40674f8-d90a-4ee0-9f10-c0b7f1fbf614"…
  └ Task "Implement DocumentType enum" (b40674f8-d90a-4ee0-9f10-c0b7f1fbf614) upd...

● Claim Next Task (MCP: agentic-memory) · backlogId: "7def35c1-6959-4e35-b57d-948cf906fb97"
  └ Claimed task "Implement input validation for tag identifiers, tag values, and...

● [turn-persistence] [turn-persistence] turn_end SKIPPED ai: no assistant message with content



● Create TagRegistry.java +103
  └ src/edu/kit/kastel/deux/TagRegistry.java



● Edit Tag.java +42
  └ src/edu/kit/kastel/deux/Tag.java

● Compile with new TagRegistry and updated Tag (shell)
  │ cd /Users/nghalinh2711/Development/student-repos/wt2324final02 && mvn compile 2>&1
  └ 23 lines…

● [turn-persistence] [turn-persistence] turn_end SKIPPED ai: no assistant message with content



● Test Tag validation and classification (shell)
  │ cd /Users/nghalinh2711/Development/student-repos/wt2324final02 && printf 'import
  │ edu.kit.kastel.deux.Tag;\nimport edu.kit.kastel.deux.TagKind;\nSystem.out.println(Tag.validate
  │ AndClassify("fun"));\nSystem.out.println(Tag.validateAndClassify("genre=pop"));\nSystem.out.pr
  │ intln(Tag.validateAndClassify("length=42"));\ntry { Tag.validateAndClassify("genre=7up"); }
  │ catch (Exception e) { System.out.println("Error: " + e.getMessage()); }\ntry { …
  └ 9 lines…



● Test TagRegistry cross-kind uniqueness (shell)
  │ cd /Users/nghalinh2711/Development/student-repos/wt2324final02 && printf 'import
  │ edu.kit.kastel.deux.TagRegistry;\nvar reg = new
  │ TagRegistry();\nreg.createAndRegisterTag("fun");\ntry { reg.createAndRegisterTag("fun=pop"); }
  │ catch (Exception e) { System.out.println("Error: " + e.getMessage()); }\n/exit\n' | jshell
  │ --class-path target/classes - 2>&1 | grep "^Error:"
  └ 2 lines…



● Search (grep)
  │ "^.{141,}" (src/edu/kit/kastel/deux)
  └ No matches found



● Update Task (MCP: agentic-memory) · state: "done", taskId: "3140cffd-3886-443f-a980-a5695936284c"…
  └ Task "Implement input validation for tag identifiers, tag values, and automat...

● Claim Next Task (MCP: agentic-memory) · backlogId: "7def35c1-6959-4e35-b57d-948cf906fb97"
  └ Claimed task "Implement file loader to read input files and return document c...

● [turn-persistence] [turn-persistence] turn_end SKIPPED ai: no assistant message with content



● Create LoadedDataset.java +109
  └ src/edu/kit/kastel/deux/LoadedDataset.java

● Create DocumentParser.java +132
  └ src/edu/kit/kastel/deux/DocumentParser.java



● Create AutoTagTransformer.java +181
  └ src/edu/kit/kastel/deux/AutoTagTransformer.java



● Edit SavySorter.java +85 -1
  └ src/edu/kit/kastel/deux/SavySorter.java

● Compile all files (shell)
  │ cd /Users/nghalinh2711/Development/student-repos/wt2324final02 && mvn compile 2>&1
  └ 23 lines…

● [turn-persistence] [turn-persistence] turn_end SKIPPED ai: no assistant message with content



● Test loading example.txt (shell)
  │ cd /Users/nghalinh2711/Development/student-repos/wt2324final02 && printf 'load
  │ input/example2.txt\nquit\n' | java -cp target/classes edu.kit.kastel.deux.SavySorter 2>&1
  └ 9 lines…



● Test error cases: non-existent file, empty file (shell)
  │ cd /Users/nghalinh2711/Development/student-repos/wt2324final02 && printf 'load
  │ nonexistent.txt\nload input/empty.txt\nquit\n' | java -cp target/classes
  │ edu.kit.kastel.deux.SavySorter 2>&1
  └ 4 lines…



● Test loading and run command (shell)
  │ cd /Users/nghalinh2711/Development/student-repos/wt2324final02 && printf 'load
  │ input/example.txt\nrun 0\nquit\n' | java -cp target/classes edu.kit.kastel.deux.SavySorter 2>&1
  └ 10 lines…



● Test conflicting tag kinds across documents (shell)
  │ cd /Users/nghalinh2711/Development/student-repos/wt2324final02 && printf
  │ 'doc1,program,1,fun\n\ndoc2,program,1,fun=yes\n' > /tmp/test_conflict.txt && printf 'load
  │ /tmp/test_conflict.txt\nquit\n' | java -cp target/classes edu.kit.kastel.deux.SavySorter 2>&1;
  │ rm /tmp/test_conflict.txt
  └ 3 lines…



● Search (grep)
  │ "^.{141,}" (src/edu/kit/kastel/deux)
  └ No matches found



● Update Task (MCP: agentic-memory) · state: "done", taskId: "d455e856-87c6-4e2d-882a-0be04864d5e1"…
  └ Task "Implement file loader to read input files and return document collectio...

● Claim Next Task (MCP: agentic-memory) · backlogId: "7def35c1-6959-4e35-b57d-948cf906fb97"
  └ Claimed task "Implement CSV line parser to create Document objects from a sin...

● [turn-persistence] [turn-persistence] turn_end SKIPPED ai: no assistant message with content



● Test line parser acceptance criteria (shell)
  │ cd /Users/nghalinh2711/Development/student-repos/wt2324final02 && printf 'import
  │ edu.kit.kastel.deux.DocumentParser;\nimport edu.kit.kastel.deux.TagRegistry;\nvar reg = new
  │ TagRegistry();\nvar doc =
  │ DocumentParser.parseLine("musik/nggyu.mp3,audio,30,genre=pop,author=Rick Astley,fun",
  │ reg);\nSystem.out.println("OK: " + doc.getIdentifier() + " type=" + doc.getType() + " access="…
  └ 12 lines…



● Update Task (MCP: agentic-memory) · state: "done", taskId: "619a15a1-34c4-4c7e-af9a-03eb0e211596"…
  └ Task "Implement CSV line parser to create Document objects from a single inpu...

● Claim Next Task (MCP: agentic-memory) · backlogId: "7def35c1-6959-4e35-b57d-948cf906fb97"
  └ Claimed task "Implement type-specific tag transformations for all five docume...

● [turn-persistence] [turn-persistence] turn_end SKIPPED ai: no assistant message with content



● Edit DocumentParser.java +8
  └ src/edu/kit/kastel/deux/DocumentParser.java



● Edit AutoTagTransformer.java +20 -1
  └ src/edu/kit/kastel/deux/AutoTagTransformer.java



● Edit DocumentParser.java +7 -9
  └ src/edu/kit/kastel/deux/DocumentParser.java



● Edit DocumentParser.java +19 -2
  └ src/edu/kit/kastel/deux/DocumentParser.java



● Edit AutoTagTransformer.java +33 -28
  └ src/edu/kit/kastel/deux/AutoTagTransformer.java



● Edit SavySorter.java -2
  └ src/edu/kit/kastel/deux/SavySorter.java

● Compile and test transformations (shell)
  │ cd /Users/nghalinh2711/Development/student-repos/wt2324final02 && mvn compile 2>&1
  └ 23 lines…

● [turn-persistence] [turn-persistence] turn_end SKIPPED ai: no assistant message with content



● Test type-specific tag transformations (shell)
  │ cd /Users/nghalinh2711/Development/student-repos/wt2324final02 && cat >
  │ /tmp/test_transform.txt << 'EOF'
  │ img1,image,5,size=5000,fun
  │ img2,image,3,size=50000,fun
  │ audio1,audio,10,length=45,genre=pop…
  └ 16 lines…



● Verify transformations via jshell (shell)
  │ cd /Users/nghalinh2711/Development/student-repos/wt2324final02 && printf 'import
  │ edu.kit.kastel.deux.*;\nvar reg = new TagRegistry();\nvar doc =
  │ DocumentParser.parseLine("img1,image,5,size=5000,fun", reg);\nSystem.out.println("Image: has
  │ size=" + doc.getNumericValue("size") + " has imagesize=" +
  │ doc.getMultivaluedValue("imagesize") + " has fun=" + doc.hasBinaryTag("fun"));\nreg = new …
  └ 11 lines…



● Verify example.txt loads with same result (shell)
  │ cd /Users/nghalinh2711/Development/student-repos/wt2324final02 && printf 'load
  │ input/example.txt\nquit\n' | java -cp target/classes edu.kit.kastel.deux.SavySorter 2>&1
  └ 9 lines…



● Search (grep)
  │ "^.{141,}" (src/edu/kit/kastel/deux)
  └ No matches found



● Update Task (MCP: agentic-memory) · state: "done", taskId: "64224fcd-d11f-4ace-a969-c2ebe2b4d1f8"…
  └ Task "Implement type-specific tag transformations for all five document types...

● Claim Next Task (MCP: agentic-memory) · backlogId: "7def35c1-6959-4e35-b57d-948cf906fb97"
  └ Claimed task "Implement transformation orchestrator with conflict detection" ...

● [turn-persistence] [turn-persistence] turn_end SKIPPED ai: no assistant message with content



● Edit DocumentParser.java +48
  └ src/edu/kit/kastel/deux/DocumentParser.java

● Compile and test conflict detection (shell)
  │ cd /Users/nghalinh2711/Development/student-repos/wt2324final02 && mvn compile 2>&1
  └ 23 lines…

● [turn-persistence] [turn-persistence] turn_end SKIPPED ai: no assistant message with content

● Test conflict detection: size+imagesize on same doc (shell)
  │ cd /Users/nghalinh2711/Development/student-repos/wt2324final02 && printf 'import
  │ edu.kit.kastel.deux.*;\nvar reg = new TagRegistry();\ntry {
  │ DocumentParser.parseLine("img1,image,5,size=5000,imagesize=Icon", reg); System.out.println("OK
  │ - no error"); } catch (Exception e) { System.out.println("Error: " + e.getMessage()); }\nreg
  │ = new TagRegistry();\ntry { DocumentParser.parseLine("img1,image,5,size=5000", reg); …
  └ 10 lines…

● [turn-persistence] [turn-persistence] turn_end SKIPPED ai: no assistant message with content



● Final verification with example files (shell)
  │ cd /Users/nghalinh2711/Development/student-repos/wt2324final02 && printf 'load
  │ input/example.txt\nload input/example3.txt\nquit\n' | java -cp target/classes
  │ edu.kit.kastel.deux.SavySorter 2>&1
  └ 16 lines…



● Search (grep)
  │ "^.{141,}" (src/edu/kit/kastel/deux)
  └ No matches found

● Update Task (MCP: agentic-memory) · state: "done", taskId: "b3f426f0-049c-4ca8-9db7-d1a3a44044a8"…
  └ Task "Implement transformation orchestrator with conflict detection" (b3f426f...

● [turn-persistence] [turn-persistence] turn_end SKIPPED ai: no assistant message with content

● Claim Next Task (MCP: agentic-memory) · backlogId: "7def35c1-6959-4e35-b57d-948cf906fb97"
  └ Claimed task "Implement document set utility methods for subsets and probabil...

● [turn-persistence] [turn-persistence] turn_end SKIPPED ai: no assistant message with content

● Create DocumentSetUtils.java +141
  └ src/edu/kit/kastel/deux/DocumentSetUtils.java

● [turn-persistence] [turn-persistence] turn_end SKIPPED ai: no assistant message with content

● Compile and test probability calculations (shell)
  │ cd /Users/nghalinh2711/Development/student-repos/wt2324final02 && mvn compile 2>&1
  └ 23 lines…

● [turn-persistence] [turn-persistence] turn_end SKIPPED ai: no assistant message with content

● Test probability calculations with example2.txt (shell)
  │ cd /Users/nghalinh2711/Development/student-repos/wt2324final02 && printf 'import
  │ edu.kit.kastel.deux.*;\nimport java.util.*;\nvar reg = new TagRegistry();\nvar lines =
  │ java.nio.file.Files.readAllLines(java.nio.file.Path.of("input/example2.txt"));\nvar docs =
  │ DocumentParser.parseLines(lines.stream().filter(l -> !l.trim().isEmpty()).toList(), reg);\nvar
  │ dataset = new LoadedDataset(0, "test", docs, reg);\nint z = …
  └ 14 lines…

● [turn-persistence] [turn-persistence] turn_end SKIPPED ai: no assistant message with content



● Search (grep)
  │ "^.{141,}" (src/edu/kit/kastel/deux)
  └ No matches found

● Update Task (MCP: agentic-memory) · state: "done", taskId: "e8d2871b-9b61-4a58-a7d3-31e37942138b"…
  └ Task "Implement document set utility methods for subsets and probability calc...

● [turn-persistence] [turn-persistence] turn_end SKIPPED ai: no assistant message with content

● Claim Next Task (MCP: agentic-memory) · backlogId: "7def35c1-6959-4e35-b57d-948cf906fb97"
  └ Claimed task "Implement entropy calculator H(D)" (1c32c913-f947-4cc5-a62a-072...

● [turn-persistence] [turn-persistence] turn_end SKIPPED ai: no assistant message with content



● Edit DocumentSetUtils.java +67
  └ src/edu/kit/kastel/deux/DocumentSetUtils.java

● Compile and test entropy (shell)
  │ cd /Users/nghalinh2711/Development/student-repos/wt2324final02 && mvn compile 2>&1 && printf
  │ 'import edu.kit.kastel.deux.*;\nimport java.util.*;\nvar reg = new TagRegistry();\nvar docs =
  │ DocumentParser.parseLines(java.nio.file.Files.readAllLines(java.nio.file.Path.of("input/exampl
  │ e2.txt")).stream().filter(l -> !l.trim().isEmpty()).toList(), reg);\ndouble h =
  │ DocumentSetUtils.entropy(docs);\nSystem.out.println("H(D)=" + h);\n// Test: single doc …
  └ 32 lines…

● [turn-persistence] [turn-persistence] turn_end SKIPPED ai: no assistant message with content



● Search (grep)
  │ "^.{141,}" (src/edu/kit/kastel/deux)
  └ No matches found

● Update Task (MCP: agentic-memory) · state: "done", taskId: "1c32c913-f947-4cc5-a62a-0722817b3e6d"…
  └ Task "Implement entropy calculator H(D)" (1c32c913-f947-4cc5-a62a-0722817b3e6...

● [turn-persistence] [turn-persistence] turn_end SKIPPED ai: no assistant message with content

● Claim Next Task (MCP: agentic-memory) · backlogId: "7def35c1-6959-4e35-b57d-948cf906fb97"
  └ Claimed task "Implement information gain calculator IG(D,t) with partitioning...

● [turn-persistence] [turn-persistence] turn_end SKIPPED ai: no assistant message with content



● Test IG values against expected from example2.txt (shell)
  │ cd /Users/nghalinh2711/Development/student-repos/wt2324final02 && printf 'import
  │ edu.kit.kastel.deux.*;\nimport java.util.*;\nvar reg = new TagRegistry();\nvar lines =
  │ java.nio.file.Files.readAllLines(java.nio.file.Path.of("input/example2.txt"));\nvar docs =
  │ DocumentParser.parseLines(lines.stream().filter(l -> !l.trim().isEmpty()).toList(), reg);\nfor
  │ (var entry : List.of("author", "audiogenre", "fun", "executable", "family")) {\n  var kind = …
  └ 9 lines…



● Update Task (MCP: agentic-memory) · state: "done", taskId: "f74587c0-f274-4cb2-b0e4-13a9c63b4cbc"…
  └ Task "Implement information gain calculator IG(D,t) with partitioning" (f7458...

● Claim Next Task (MCP: agentic-memory) · backlogId: "7def35c1-6959-4e35-b57d-948cf906fb97"
  └ Claimed task "Implement decision tree node model" (f3ec9ed7-ec40-4d92-a634-54...

● [turn-persistence] [turn-persistence] turn_end SKIPPED ai: no assistant message with content

● Create InnerNode.java +80
  └ src/edu/kit/kastel/deux/InnerNode.java

● Create TreeNode.java +54
  └ src/edu/kit/kastel/deux/TreeNode.java

● Create LeafNode.java +41
  └ src/edu/kit/kastel/deux/LeafNode.java

● [turn-persistence] [turn-persistence] turn_end SKIPPED ai: no assistant message with content

● Compile tree node classes (shell)
  │ cd /Users/nghalinh2711/Development/student-repos/wt2324final02 && mvn compile 2>&1
  └ 23 lines…

● [turn-persistence] [turn-persistence] turn_end SKIPPED ai: no assistant message with content

● Search (grep)
  │ "^.{141,}" (src/edu/kit/kastel/deux)
  └ No matches found

● [turn-persistence] [turn-persistence] turn_end SKIPPED ai: no assistant message with content

● Update Task (MCP: agentic-memory) · state: "done", taskId: "f3ec9ed7-ec40-4d92-a634-541ba04a8b3a"…
  └ Task "Implement decision tree node model" (f3ec9ed7-ec40-4d92-a634-541ba04a8b...

● [turn-persistence] [turn-persistence] turn_end SKIPPED ai: no assistant message with content

● Claim Next Task (MCP: agentic-memory) · backlogId: "7def35c1-6959-4e35-b57d-948cf906fb97"
  └ Claimed task "Implement recursive tree builder using IG-based splitting with ...

● [turn-persistence] [turn-persistence] turn_end SKIPPED ai: no assistant message with content

● Create DecisionTreeBuilder.java +180
  └ src/edu/kit/kastel/deux/DecisionTreeBuilder.java

● [turn-persistence] [turn-persistence] turn_end SKIPPED ai: no assistant message with content

● Compile and test tree builder (shell)
  │ cd /Users/nghalinh2711/Development/student-repos/wt2324final02 && mvn compile 2>&1 && printf
  │ 'import edu.kit.kastel.deux.*;\nimport java.util.*;\nvar reg = new TagRegistry();\nvar lines =
  │ java.nio.file.Files.readAllLines(java.nio.file.Path.of("input/example2.txt"));\nvar docs =
  │ DocumentParser.parseLines(lines.stream().filter(l -> !l.trim().isEmpty()).toList(), reg);\nvar
  │ dataset = new LoadedDataset(0, "test", docs, reg);\nvar root = …
  └ 39 lines…

● [turn-persistence] [turn-persistence] turn_end SKIPPED ai: no assistant message with content



● Search (grep)
  │ "^.{141,}" (src/edu/kit/kastel/deux)
  └ No matches found

● Update Task (MCP: agentic-memory) · state: "done", taskId: "d83708fb-80a6-40b5-af00-a4c24a8ccef0"…
  └ Task "Implement recursive tree builder using IG-based splitting with ε thresh...

● [turn-persistence] [turn-persistence] turn_end SKIPPED ai: no assistant message with content

● Claim Next Task (MCP: agentic-memory) · backlogId: "7def35c1-6959-4e35-b57d-948cf906fb97"
  └ Claimed task "Implement IG output formatter" (690e70bf-a539-41fe-b123-fff2be7...

● [turn-persistence] [turn-persistence] turn_end SKIPPED ai: no assistant message with content



● Create TreeBuildResult.java +50
  └ src/edu/kit/kastel/deux/TreeBuildResult.java



● Edit DecisionTreeBuilder.java +44 -38
  └ src/edu/kit/kastel/deux/DecisionTreeBuilder.java

● Compile and test IG output formatter (shell)
  │ cd /Users/nghalinh2711/Development/student-repos/wt2324final02 && mvn compile 2>&1 && printf
  │ 'import edu.kit.kastel.deux.*;\nvar reg = new TagRegistry();\nvar lines =
  │ java.nio.file.Files.readAllLines(java.nio.file.Path.of("input/example2.txt"));\nvar docs =
  │ DocumentParser.parseLines(lines.stream().filter(l -> !l.trim().isEmpty()).toList(), reg);\nvar
  │ dataset = new LoadedDataset(0, "test", docs, reg);\nvar result = …
  └ 33 lines…

● [turn-persistence] [turn-persistence] turn_end SKIPPED ai: no assistant message with content



● Search (grep)
  │ "^.{141,}" (src/edu/kit/kastel/deux)
  └ No matches found

● Update Task (MCP: agentic-memory) · state: "done", taskId: "690e70bf-a539-41fe-b123-fff2be759fa6"…
  └ Task "Implement IG output formatter" (690e70bf-a539-41fe-b123-fff2be759fa6) u...

● [turn-persistence] [turn-persistence] turn_end SKIPPED ai: no assistant message with content

● Claim Next Task (MCP: agentic-memory) · backlogId: "7def35c1-6959-4e35-b57d-948cf906fb97"
  └ Claimed task "Implement document tree-path output formatter" (d60645df-07c6-4...

● [turn-persistence] [turn-persistence] turn_end SKIPPED ai: no assistant message with content



● Edit TreeBuildResult.java +62 -1
  └ src/edu/kit/kastel/deux/TreeBuildResult.java



● Edit DecisionTreeBuilder.java +2 -1
  └ src/edu/kit/kastel/deux/DecisionTreeBuilder.java

● Compile and test document path output (shell)
  │ cd /Users/nghalinh2711/Development/student-repos/wt2324final02 && mvn compile 2>&1 && printf
  │ 'import edu.kit.kastel.deux.*;\nvar reg = new TagRegistry();\nvar lines =
  │ java.nio.file.Files.readAllLines(java.nio.file.Path.of("input/example2.txt"));\nvar docs =
  │ DocumentParser.parseLines(lines.stream().filter(l -> !l.trim().isEmpty()).toList(), reg);\nvar
  │ dataset = new LoadedDataset(0, "test", docs, reg);\nvar result = …
  └ 31 lines…

● [turn-persistence] [turn-persistence] turn_end SKIPPED ai: no assistant message with content



● Search (grep)
  │ "^.{141,}" (src/edu/kit/kastel/deux)
  └ No matches found

● Update Task (MCP: agentic-memory) · state: "done", taskId: "d60645df-07c6-40ba-aaec-799598ab5f5b"…
  └ Task "Implement document tree-path output formatter" (d60645df-07c6-40ba-aaec...

● [turn-persistence] [turn-persistence] turn_end SKIPPED ai: no assistant message with content

● Claim Next Task (MCP: agentic-memory) · backlogId: "7def35c1-6959-4e35-b57d-948cf906fb97"
  └ Claimed task "Implement state manager for in-memory storage of loaded dataset...

● [turn-persistence] [turn-persistence] turn_end SKIPPED ai: no assistant message with content



● Create StateManager.java +87
  └ src/edu/kit/kastel/deux/StateManager.java



● Edit SavySorter.java +65 -18
  └ src/edu/kit/kastel/deux/SavySorter.java

● Compile and run full example interaction (shell)
  │ cd /Users/nghalinh2711/Development/student-repos/wt2324final02 && mvn compile 2>&1 && printf
  │ 'load input/example.txt\nrun 0\nchange 0 musik/nggyu.mp3 31\nrun 0\nquit\n' | java -cp
  │ target/classes edu.kit.kastel.deux.SavySorter 2>&1
  └ 62 lines…

● [turn-persistence] [turn-persistence] turn_end SKIPPED ai: no assistant message with content



● Search (grep)
  │ "^.{141,}" (src/edu/kit/kastel/deux)
  └ No matches found

● Update Task (MCP: agentic-memory) · state: "done", taskId: "95beb323-89c3-4010-9911-841ae1e8ef80"…
  └ Task "Implement state manager for in-memory storage of loaded datasets" (95be...

● [turn-persistence] [turn-persistence] turn_end SKIPPED ai: no assistant message with content

● Claim Next Task (MCP: agentic-memory) · backlogId: "7def35c1-6959-4e35-b57d-948cf906fb97"
  └ Claimed task "Implement load command" (032b3cc6-1227-4a00-9b44-faa0588703d4) ...

● [turn-persistence] [turn-persistence] turn_end SKIPPED ai: no assistant message with content



● Update Task (MCP: agentic-memory) · state: "done", taskId: "032b3cc6-1227-4a00-9b44-faa0588703d4"…
  └ Task "Implement load command" (032b3cc6-1227-4a00-9b44-faa0588703d4) updated ...

● Claim Next Task (MCP: agentic-memory) · backlogId: "7def35c1-6959-4e35-b57d-948cf906fb97"
  └ Claimed task "Implement change command" (c55ed926-7d0c-4cbd-a26f-aa2878e8446f...

● [turn-persistence] [turn-persistence] turn_end SKIPPED ai: no assistant message with content



● Test change command error cases (shell)
  │ cd /Users/nghalinh2711/Development/student-repos/wt2324final02 && printf 'load
  │ input/example2.txt\nchange 0 musik/nggyu.mp3 50\nchange 99 x 5\nchange 0 nonexistent 5\nchange 0
  │ musik/nggyu.mp3 -1\nquit\n' | java -cp target/classes edu.kit.kastel.deux.SavySorter 2>&1
  └ 13 lines…



● Update Task (MCP: agentic-memory) · state: "done", taskId: "c55ed926-7d0c-4cbd-a26f-aa2878e8446f"…
  └ Task "Implement change command" (c55ed926-7d0c-4cbd-a26f-aa2878e8446f) update...

● Claim Next Task (MCP: agentic-memory) · backlogId: "7def35c1-6959-4e35-b57d-948cf906fb97"
  └ Claimed task "Implement run command" (7b60ada7-07bc-4f9a-81b0-147914873bc9) a...

● [turn-persistence] [turn-persistence] turn_end SKIPPED ai: no assistant message with content



● Verify full run output matches expected (shell)
  │ cd /Users/nghalinh2711/Development/student-repos/wt2324final02 && printf 'load
  │ input/example2.txt\nrun 0\nquit\n' | java -cp target/classes edu.kit.kastel.deux.SavySorter 2>&1
  │ | tail -n +2
  └ 23 lines…



● Update Task (MCP: agentic-memory) · state: "done", taskId: "7b60ada7-07bc-4f9a-81b0-147914873bc9"…
  └ Task "Implement run command" (7b60ada7-07bc-4f9a-81b0-147914873bc9) updated t...

● Claim Next Task (MCP: agentic-memory) · backlogId: "7def35c1-6959-4e35-b57d-948cf906fb97"
  └ Claimed task "Implement command router/dispatcher" (095d7157-58ea-4070-a24b-5...

● [turn-persistence] [turn-persistence] turn_end SKIPPED ai: no assistant message with content



● Test command routing and error handling (shell)
  │ cd /Users/nghalinh2711/Development/student-repos/wt2324final02 && printf 'foobar\nload\nquit\n'
  │ | java -cp target/classes edu.kit.kastel.deux.SavySorter 2>&1
  └ 4 lines…



● Update Task (MCP: agentic-memory) · state: "done", taskId: "095d7157-58ea-4070-a24b-54a4fc7f2a50"…
  └ Task "Implement command router/dispatcher" (095d7157-58ea-4070-a24b-54a4fc7f2...

● Claim Next Task (MCP: agentic-memory) · backlogId: "7def35c1-6959-4e35-b57d-948cf906fb97"
  └ Claimed task "Ensure consistent ERROR: prefix handling across all commands wi...

● [turn-persistence] [turn-persistence] turn_end SKIPPED ai: no assistant message with content



● Test error cases from interaction2.txt (shell)
  │ cd /Users/nghalinh2711/Development/student-repos/wt2324final02 && printf 'load
  │ foo/bar.error\nrun 0\nload input/empty.txt\nquit\n' | java -cp target/classes
  │ edu.kit.kastel.deux.SavySorter 2>&1
  └ 5 lines…



● Search (grep)
  │ "System\.exit|Runtime\.exit" (src)
  └ No matches found



● Test additional error edge cases (shell)
  │ cd /Users/nghalinh2711/Development/student-repos/wt2324final02 && printf 'load
  │ input/example2.txt\nrun abc\nchange\nchange abc x 5\nchange 0\nquit\n' | java -cp target/classes
  │ edu.kit.kastel.deux.SavySorter 2>&1 | grep "^ERROR:"
  └ 5 lines…

● Test tag error handling (shell)
  │ cd /Users/nghalinh2711/Development/student-repos/wt2324final02 && printf
  │ 'test1,image,1,size=5000,imagesize=Icon\ntest2,program,1,fun=yes\n' > /tmp/test_errors.txt &&
  │ printf 'load /tmp/test_errors.txt\nquit\n' | java -cp target/classes
  │ edu.kit.kastel.deux.SavySorter 2>&1 | grep "^ERROR:"; rm /tmp/test_errors.txt
  └ 2 lines…

● [turn-persistence] [turn-persistence] turn_end SKIPPED ai: no assistant message with content



● Update Task (MCP: agentic-memory) · state: "done", taskId: "a19dbaf1-a072-419b-b74e-9d8df43569b5"…
  └ Task "Ensure consistent ERROR: prefix handling across all commands with progr...



● Claim Next Task (MCP: agentic-memory) · backlogId: "7def35c1-6959-4e35-b57d-948cf906fb97"
  └ Claimed task "End-to-end integration verification against provided examples" ...



● Full end-to-end test matching expected interaction output (shell)
  │ cd /Users/nghalinh2711/Development/student-repos/wt2324final02 && mvn compile 2>&1 | tail -3
  └ 4 lines…

● Run full interaction matching examples.md output (shell)
  │ cd /Users/nghalinh2711/Development/student-repos/wt2324final02 && printf 'load
  │ input/example2.txt\nrun 0\nquit\n' | java -cp target/classes edu.kit.kastel.deux.SavySorter 2>&1
  │ | tail -n +2
  └ 23 lines…

● [turn-persistence] [turn-persistence] turn_end SKIPPED ai: no assistant message with content



● Count Java files and verify structure (shell)
  │ find /Users/nghalinh2711/Development/student-repos/wt2324final02/src -name "*.java" | sort &&
  │ echo "---" && wc -l
  │ /Users/nghalinh2711/Development/student-repos/wt2324final02/src/edu/kit/kastel/deux/*.java
  └ 35 lines…

● Search (grep)
  │ "^public " in *.java (src)
  └ 16 files found

● Search (grep)
  │ "^package" (src)
  └ 16 lines found



● Check for public methods without Javadoc (shell)
  │ cd /Users/nghalinh2711/Development/student-repos/wt2324final02 && for f in
  │ src/edu/kit/kastel/deux/*.java; do grep -n 'public ' "$f" | head -30; done 2>&1 | grep -c
  │ 'public '
  └ 2 lines…

● Check for missing Javadoc on public methods (shell)
  │ cd /Users/nghalinh2711/Development/student-repos/wt2324final02/src/edu/kit/kastel/deux && for f
  │ in *.java; do echo "=== $f ===" && awk '/public / && !/class/ && !/enum/ && !/interface/ &&
  │ !/^[[:space:]]*\/\*\*/ { if (prev !~ /\*\//) print NR": "$0 } { prev=$0 }' "$f"; done 2>&1
  └ 25 lines…

● [turn-persistence] [turn-persistence] turn_end SKIPPED ai: no assistant message with content



● Edit InnerNode.java +5
  └ src/edu/kit/kastel/deux/InnerNode.java

● Edit Document.java +5
  └ src/edu/kit/kastel/deux/Document.java

● Edit InnerNode.java +5
  └ src/edu/kit/kastel/deux/InnerNode.java

● Edit LeafNode.java +5
  └ src/edu/kit/kastel/deux/LeafNode.java

● Edit LeafNode.java +5
  └ src/edu/kit/kastel/deux/LeafNode.java

● Edit Tag.java +3
  └ src/edu/kit/kastel/deux/Tag.java

● Edit Tag.java +10
  └ src/edu/kit/kastel/deux/Tag.java

● [turn-persistence] [turn-persistence] turn_end SKIPPED ai: no assistant message with content

● Final compile and test after Javadoc fixes (shell)
  │ cd /Users/nghalinh2711/Development/student-repos/wt2324final02 && mvn compile 2>&1 | tail -3 &&
  │ printf 'load input/example2.txt\nrun 0\nquit\n' | java -cp target/classes
  │ edu.kit.kastel.deux.SavySorter 2>&1 | tail -14
  └ 18 lines…

● [turn-persistence] [turn-persistence] turn_end SKIPPED ai: no assistant message with content

● Search (grep)
  │ "^.{141,}" (src/edu/kit/kastel/deux)
  └ No matches found

● [turn-persistence] [turn-persistence] turn_end SKIPPED ai: no assistant message with content



● Get Tasks (MCP: agentic-memory) · backlogId: "7def35c1-6959-4e35-b57d-948cf906fb97"
  └ Output too large to read at once (37.2 KB). Saved to: /var/folders/fs/p8fxyq6...

● Check task states from the output (shell)
  │ grep -c '\[to_do\]\|\[in_progress\]\|\[blocked\]'
  │ /var/folders/fs/p8fxyq611_d7_glm0yth2st80000gn/T/1784990872749-copilot-tool-output-0sxsp6.txt ||
  │ echo "No pending tasks found"
  └ 2 lines…

● [turn-persistence] [turn-persistence] turn_end SKIPPED ai: no assistant message with content

● Check the single match (shell)
  │ grep '\[to_do\]\|\[in_progress\]\|\[blocked\]'
  │ /var/folders/fs/p8fxyq611_d7_glm0yth2st80000gn/T/1784990872749-copilot-tool-output-0sxsp6.txt
  └ 2 lines…

● [turn-persistence] [turn-persistence] turn_end SKIPPED ai: no assistant message with content



✗ Update Task (MCP: agentic-memory) · state: "done", taskId: "43bec24f-1bc3-4eb9-1f1f-56f8517a3750"…
  └ MCP server 'agentic-memory': Backlog task not found: 43bec24f-1bc3-4eb9-1f1f-56f8517a3750

● Claim Next Task (MCP: agentic-memory) · backlogId: "7def35c1-6959-4e35-b57d-948cf906fb97"
  └ Cannot claim the next task — unresolved tasks are blocking:

● [turn-persistence] [turn-persistence] turn_end SKIPPED ai: no assistant message with content

● Update Task (MCP: agentic-memory) · backlogId: "7def35c1-6959-4e35-b57d-948cf906fb97", taskId: "4…
  └ Task "End-to-end integration verification against provided examples" (43bec24...

● [turn-persistence] [turn-persistence] turn_end SKIPPED ai: no assistant message with content

● Claim Next Task (MCP: agentic-memory) · backlogId: "7def35c1-6959-4e35-b57d-948cf906fb97"
  └ No claimable to_do task remains in this backlog.

● [turn-persistence] [turn-persistence] turn_end SKIPPED ai: no assistant message with content

● Get Tasks (MCP: agentic-memory) · backlogId: "7def35c1-6959-4e35-b57d-948cf906fb97"
  └ Output too large to read at once (37.2 KB). Saved to: /var/folders/fs/p8fxyq6...

● [turn-persistence] [turn-persistence] turn_end SKIPPED ai: no assistant message with content

● Count tasks by status (shell)
  │ echo "To do: $(grep -c '\[to_do\]'
  │ /var/folders/fs/p8fxyq611_d7_glm0yth2st80000gn/T/1784990901604-copilot-tool-output-djyaqn.txt
  │ 2>/dev/null || echo 0)"
  │ echo "In progress: $(grep -c '\[in_progress\]'
  │ /var/folders/fs/p8fxyq611_d7_glm0yth2st80000gn/T/1784990901604-copilot-tool-output-djyaqn.txt …
  └ 15 lines…

● [turn-persistence] [turn-persistence] turn_end SKIPPED ai: no assistant message with content



✗ Read (Checking agent README.md)
  └ Failed

● Read README.md
  └ 3 lines read

● [turn-persistence] [turn-persistence] turn_end SKIPPED ai: no assistant message with content

● Edit README.md +79 -3

● [turn-persistence] [turn-persistence] turn_end SKIPPED ai: no assistant message with content







Changes    +2390 -104
Duration   18m 20s
Tokens     ↑ 14.6m (14.5m cached) • ↓ 66.0k (13.1k reasoning)
[delivery] Coding agent exited with code 0
[delivery] Backlog verification passed.
[delivery] Phase E: Feedback

[delivery] Feedback agent — interactive session.
[delivery] Provide feedback to the agent. Exit the session (Ctrl+C or /exit) when done.

