
===== wt2526final02 started at 2026-07-16T07:22:52Z =====
PROGRAMMING_DIR=/Users/nghalinh2711/Development/student-repos/wt2526final02
COMMAND=pnpm delivery:run -- --exercise --dry-run

$ tsx delivery/run.ts -- --exercise --dry-run
/Users/nghalinh2711/Development/ha-linh-nguyen/Implementierung/delivery/lib/cli/args.ts:82
        throw new Error(`Unknown argument: ${arg}`);
              ^

Error: Unknown argument: --
    at parseCoordinatorArgs (/Users/nghalinh2711/Development/ha-linh-nguyen/Implementierung/delivery/lib/cli/args.ts:82:15)
    at <anonymous> (/Users/nghalinh2711/Development/ha-linh-nguyen/Implementierung/delivery/run.ts:169:14)
    at ModuleJob.run (node:internal/modules/esm/module_job:413:25)
    at async onImport.tracePromise.__proto__ (node:internal/modules/esm/loader:660:26)
    at async asyncRunEntryPointWithESMLoader (node:internal/modules/run_main:101:5)

Node.js v24.12.0
[ELIFECYCLE] Command failed with exit code 1.

===== wt2526final02 started at 2026-07-16T07:23:22Z =====
PROGRAMMING_DIR=/Users/nghalinh2711/Development/student-repos/wt2526final02
COMMAND=pnpm delivery:run -- --exercise --dry-run

$ tsx delivery/run.ts -- --exercise --dry-run
/Users/nghalinh2711/Development/ha-linh-nguyen/Implementierung/delivery/lib/cli/args.ts:82
        throw new Error(`Unknown argument: ${arg}`);
              ^

Error: Unknown argument: --
    at parseCoordinatorArgs (/Users/nghalinh2711/Development/ha-linh-nguyen/Implementierung/delivery/lib/cli/args.ts:82:15)
    at <anonymous> (/Users/nghalinh2711/Development/ha-linh-nguyen/Implementierung/delivery/run.ts:169:14)
    at ModuleJob.run (node:internal/modules/esm/module_job:413:25)
    at async onImport.tracePromise.__proto__ (node:internal/modules/esm/loader:660:26)
    at async asyncRunEntryPointWithESMLoader (node:internal/modules/run_main:101:5)

Node.js v24.12.0
[ELIFECYCLE] Command failed with exit code 1.

===== wt2526final02 started at 2026-07-16T07:27:11Z =====
PROGRAMMING_DIR=/Users/nghalinh2711/Development/student-repos/wt2526final02
COMMAND=pnpm delivery:run -- --exercise 

delivery/scripts/run-exercises.sh: line 382: DELIVERY_ARGS[@]: unbound variable

===== wt2526final02 started at 2026-07-16T07:28:30Z =====
PROGRAMMING_DIR=/Users/nghalinh2711/Development/student-repos/wt2526final02
COMMAND=pnpm delivery:run --exercise 

delivery/scripts/run-exercises.sh: line 382: DELIVERY_ARGS[@]: unbound variable

===== wt2526final02 started at 2026-07-16T07:29:30Z =====
PROGRAMMING_DIR=/Users/nghalinh2711/Development/student-repos/wt2526final02
COMMAND=pnpm delivery:run --exercise 

delivery/scripts/run-exercises.sh: line 382: DELIVERY_ARGS[@]: unbound variable

===== wt2526final02 started at 2026-07-16T07:31:56Z =====
PROGRAMMING_DIR=/Users/nghalinh2711/Development/student-repos/wt2526final02
COMMAND=pnpm delivery:run -- --exercise 

$ tsx delivery/run.ts -- --exercise
/Users/nghalinh2711/Development/ha-linh-nguyen/Implementierung/delivery/lib/cli/args.ts:82
        throw new Error(`Unknown argument: ${arg}`);
              ^

Error: Unknown argument: --
    at parseCoordinatorArgs (/Users/nghalinh2711/Development/ha-linh-nguyen/Implementierung/delivery/lib/cli/args.ts:82:15)
    at <anonymous> (/Users/nghalinh2711/Development/ha-linh-nguyen/Implementierung/delivery/run.ts:169:14)
    at ModuleJob.run (node:internal/modules/esm/module_job:413:25)
    at async onImport.tracePromise.__proto__ (node:internal/modules/esm/loader:660:26)
    at async asyncRunEntryPointWithESMLoader (node:internal/modules/run_main:101:5)

Node.js v24.12.0
[ELIFECYCLE] Command failed with exit code 1.

===== wt2526final02 started at 2026-07-16T16:49:19Z =====
PROGRAMMING_DIR=/Users/nghalinh2711/Development/student-repos/wt2526final02
DELIVERY_AGENT_CONTEXT_PROJECT=ProgrammingWT2526-Final2
COMMAND=pnpm delivery:run --exercise 

$ tsx delivery/run.ts --exercise

[delivery] Run ID: 20260716-184919
[delivery] Assignment: /Users/nghalinh2711/Development/student-repos/wt2526final02
[delivery] Assignment ID: wt2526final02
[delivery] Coding session: 20260716-184919-coding
[delivery] Requirements session: 20260716-184919-req
[delivery] Requirements log: /Users/nghalinh2711/Development/sandbox/20260716-184919/requirements-output.log

[delivery] Phase A: Requirements

[delivery:requirements] Exercise stream: 9 turns for wt2526final02 (starting at turn 1)
[delivery:requirements] Output log: /Users/nghalinh2711/Development/sandbox/20260716-184919/requirements-output.log
[delivery:requirements] Turn 1/9: Introduction
● adaptive-memory extension active (role=requirements, memorySession=20260716-184919-req) - type
  /memory-help. MCP tools registered (memory=false, backlog=true).







Changes    +0 -0
Duration   7s
Tokens     ↑ 16.5k (16.3k cached) • ↓ 260 (116 reasoning)
[delivery:requirements] Turn 1/9 complete
[delivery:requirements] Turn 2/9: task.md — segment 1/7 — Abschlussaufgabe 2 — Skiroutenplaner
● adaptive-memory extension active (role=requirements, memorySession=20260716-184919-req) - type
  /memory-help. MCP tools registered (memory=false, backlog=true).







Changes    +0 -0
Duration   17s
Tokens     ↑ 16.9k (16.5k cached) • ↓ 273 (146 reasoning)
[delivery:requirements] Turn 2/9 complete
[delivery:requirements] Turn 3/9: task.md — segment 2/7 — Abschlussaufgabe 2 — Skiroutenplaner > Einführung
● adaptive-memory extension active (role=requirements, memorySession=20260716-184919-req) - type
  /memory-help. MCP tools registered (memory=false, backlog=true).







Changes    +0 -0
Duration   25s
Tokens     ↑ 17.3k (16.9k cached) • ↓ 221 (113 reasoning)
[delivery:requirements] Turn 3/9 complete
[delivery:requirements] Turn 4/9: task.md — segment 3/7 — Abschlussaufgabe 2 — Skiroutenplaner > 1 Konzepte
● adaptive-memory extension active (role=requirements, memorySession=20260716-184919-req) - type
  /memory-help. MCP tools registered (memory=false, backlog=true).







Changes    +0 -0
Duration   40s
Tokens     ↑ 20.0k (17.2k cached) • ↓ 590 (213 reasoning)
[delivery:requirements] Turn 4/9 complete
[delivery:requirements] Turn 5/9: task.md — segment 4/7 — Abschlussaufgabe 2 — Skiroutenplaner > 2 Hinweise zur Implementierung
● adaptive-memory extension active (role=requirements, memorySession=20260716-184919-req) - type
  /memory-help. MCP tools registered (memory=false, backlog=true).







Changes    +0 -0
Duration   53s
Tokens     ↑ 21.2k (20.0k cached) • ↓ 461 (259 reasoning)
[delivery:requirements] Turn 5/9 complete
[delivery:requirements] Turn 6/9: task.md — segment 5/7 — Abschlussaufgabe 2 — Skiroutenplaner > 3 Funktionalität
● adaptive-memory extension active (role=requirements, memorySession=20260716-184919-req) - type
  /memory-help. MCP tools registered (memory=false, backlog=true).







Changes    +0 -0
Duration   1m 12s
Tokens     ↑ 23.4k (21.1k cached) • ↓ 988 (562 reasoning)
[delivery:requirements] Turn 6/9 complete
[delivery:requirements] Turn 7/9: examples.md — segment 6/7 — Beispiele — Abschlussaufgabe 2 (Skiroutenplaner)
● adaptive-memory extension active (role=requirements, memorySession=20260716-184919-req) - type
  /memory-help. MCP tools registered (memory=false, backlog=true).







Changes    +0 -0
Duration   1m 26s
Tokens     ↑ 25.6k (23.4k cached) • ↓ 569 (403 reasoning)
[delivery:requirements] Turn 7/9 complete
[delivery:requirements] Turn 8/9: guidelines.md — segment 7/7 — Implementierungsrichtlinien — Abschlussaufgabe 2 (WS 2025/26)
● adaptive-memory extension active (role=requirements, memorySession=20260716-184919-req) - type
  /memory-help. MCP tools registered (memory=false, backlog=true).







Changes    +0 -0
Duration   1m 47s
Tokens     ↑ 28.1k (25.6k cached) • ↓ 1.1k (722 reasoning)
[delivery:requirements] Turn 8/9 complete
[delivery:requirements] Turn 9/9: Finalize backlog creation
● adaptive-memory extension active (role=requirements, memorySession=20260716-184919-req) - type
  /memory-help. MCP tools registered (memory=false, backlog=true).



● Create Backlog (MCP: agentic-memory) · Abschlussaufgabe 2 — Interaktiver CLI-Skiroutenplaner in J…
  └ Backlog "Skiroutenplaner" created with id: f36f4eb7-9e9d-40e7-87c9-91bb7e34ea...



● Create Tasks (MCP: agentic-memory) · backlogId: "f36f4eb7-9e9d-40e7-87c9-91bb7e34ea48", tasks: [1…
  └ Created 18 task(s) in backlog f36f4eb7-9e9d-40e7-87c9-91bb7e34ea48.



● Get Tasks (MCP: agentic-memory) · backlogId: "f36f4eb7-9e9d-40e7-87c9-91bb7e34ea48"
  └ Output too large to read at once (28.0 KB). Saved to: /var/folders/fs/p8fxyq6...







Changes    +0 -0
Duration   3m 12s
Tokens     ↑ 135.0k (124.9k cached) • ↓ 5.3k (1.4k reasoning)
[delivery:requirements] Turn 9/9 complete
[delivery:requirements] Exercise requirements stream complete — advancing to backlog discovery
[delivery] Phase B: Backlog discovery
[delivery] Using backlog: "Skiroutenplaner" (f36f4eb7-9e9d-40e7-87c9-91bb7e34ea48)
[delivery] Backlog: "Skiroutenplaner" (f36f4eb7-9e9d-40e7-87c9-91bb7e34ea48)

[delivery] Phase C: Coding

● adaptive-memory extension active (role=coding, memorySession=20260716-184919-coding) - type
  /memory-help. MCP tools registered (memory=false, backlog=true).



● Claim Next Task (MCP: agentic-memory) · backlogId: "f36f4eb7-9e9d-40e7-87c9-91bb7e34ea48"
  └ Claimed task "Domain Model: Core classes and enums" (c51fe006-7036-4311-b879-...



● List current workspace files (shell)
  │ ls -la /Users/nghalinh2711/Development/student-repos/wt2526final02/
  └ 16 lines…

● Search (glob)
  │ "**/*.ts"
  └ No matches found

● Search (glob)
  │ "**/*.java"
  └ No matches found

● Search (glob)
  │ "**/*.kt"
  └ No matches found



● Read task.md
  └ 451 lines read

● Read pom.xml
  └ 31 lines read

● List directory src
  └ 1 file found



● List directory src
  └ 1 file found

● Read guidelines.md
  └ 96 lines read

● List directory .github
  └ 2 files found



● Read README.md
  │ src/README.md
  └ 4 lines read

● Read examples.md
  └ 283 lines read

● List directory .github/skills
  └ 2 files found



● Create package directories (shell)
  │ mkdir -p /Users/nghalinh2711/Development/student-repos/wt2526final02/src/edu/kit/kastel/ski
  └ 1 line…



● Create LiftType.java +10
  └ src/edu/kit/kastel/ski/LiftType.java

● Create Difficulty.java +11
  └ src/edu/kit/kastel/ski/Difficulty.java

● Create Surface.java +11
  └ src/edu/kit/kastel/ski/Surface.java

● Create Skill.java +11
  └ src/edu/kit/kastel/ski/Skill.java

● Create Goal.java +12
  └ src/edu/kit/kastel/ski/Goal.java

● Request failed due to a transient API error. Retrying...



● Create Lift.java +131
  └ src/edu/kit/kastel/ski/Lift.java

● Create Node.java +14
  └ src/edu/kit/kastel/ski/Node.java

● Create Slope.java +87
  └ src/edu/kit/kastel/ski/Slope.java



● Create SkiArea.java +254
  └ src/edu/kit/kastel/ski/SkiArea.java

● Create Skier.java +168
  └ src/edu/kit/kastel/ski/Skier.java



● Compile the Maven project (shell)
  │ cd /Users/nghalinh2711/Development/student-repos/wt2526final02 && mvn compile 2>&1
  └ 23 lines…



● Update Task (MCP: agentic-memory) · backlogId: "f36f4eb7-9e9d-40e7-87c9-91bb7e34ea48", taskId: "c…
  └ Task "Domain Model: Core classes and enums" (c51fe006-7036-4311-b879-99dbe20d...



● Claim Next Task (MCP: agentic-memory) · backlogId: "f36f4eb7-9e9d-40e7-87c9-91bb7e34ea48"
  └ Claimed task "BNF Grammar Parser for Ski Area files" (111d3ca6-7086-401a-9bfb...



● Create SkiAreaParser.java +263
  └ src/edu/kit/kastel/ski/SkiAreaParser.java



● Edit SkiAreaParser.java +20 -23
  └ src/edu/kit/kastel/ski/SkiAreaParser.java



● Edit SkiAreaParser.java +13
  └ src/edu/kit/kastel/ski/SkiAreaParser.java



● Compile the Maven project (shell)
  │ cd /Users/nghalinh2711/Development/student-repos/wt2526final02 && mvn compile 2>&1
  └ 23 lines…



● Create example_graph.txt for testing (shell)
  │ mkdir -p /Users/nghalinh2711/Development/student-repos/wt2526final02/input && cat >
  │ /Users/nghalinh2711/Development/student-repos/wt2526final02/input/area.txt << 'GRAPH'
  │ graph
  │ LiftA[[LiftA<br/>GONDOLA;08:00;16:00;10;2]]
  │ Piste1([Piste1<br/>BLUE;ICY;2000;500])…
  └ 11 lines…



● Test the parser with example_graph.txt (shell)
  │ cd /Users/nghalinh2711/Development/student-repos/wt2526final02 && cat > TestParser.java <<
  │ 'JAVA'
  │ import edu.kit.kastel.ski.*;
  │ import java.nio.file.Path;…
  └ 50 lines…



● Edit SkiAreaParser.java +1 -1
  └ src/edu/kit/kastel/ski/SkiAreaParser.java



● Recompile and test parser (shell)
  │ cd /Users/nghalinh2711/Development/student-repos/wt2526final02 && mvn compile -q 2>&1 && javac
  │ -cp target/classes TestParser.java && java -cp target/classes:. TestParser
  └ 27 lines…



● Clean up test files (shell)
  │ rm /Users/nghalinh2711/Development/student-repos/wt2526final02/TestParser.java
  │ /Users/nghalinh2711/Development/student-repos/wt2526final02/TestParser.class
  └ 1 line…

● Update Task (MCP: agentic-memory) · backlogId: "f36f4eb7-9e9d-40e7-87c9-91bb7e34ea48", taskId: "1…
  └ Task "BNF Grammar Parser for Ski Area files" (111d3ca6-7086-401a-9bfb-0f659b4...



● Claim Next Task (MCP: agentic-memory) · backlogId: "f36f4eb7-9e9d-40e7-87c9-91bb7e34ea48"
  └ Claimed task "Graph validation for SkiArea" (2c9cb976-eb27-4624-9f13-bfc9c2a5...



● Create SkiAreaValidator.java +188
  └ src/edu/kit/kastel/ski/SkiAreaValidator.java



● Compile and test SkiAreaValidator (shell)
  │ cd /Users/nghalinh2711/Development/student-repos/wt2526final02 && mvn compile -q 2>&1 && cat >
  │ TestValidator.java << 'JAVA'
  │ import edu.kit.kastel.ski.*;
  │ import java.nio.file.Path;
  │ import java.util.List;…
  └ 125 lines…



● Clean up test files (shell)
  │ rm /Users/nghalinh2711/Development/student-repos/wt2526final02/TestValidator.java
  │ /Users/nghalinh2711/Development/student-repos/wt2526final02/TestValidator.class
  └ 1 line…

● Update Task (MCP: agentic-memory) · state: "done", taskId: "2c9cb976-eb27-4624-9f13-bfc9c2a5a0b4"…
  └ Task "Graph validation for SkiArea" (2c9cb976-eb27-4624-9f13-bfc9c2a5a0b4) up...

● Claim Next Task (MCP: agentic-memory) · backlogId: "f36f4eb7-9e9d-40e7-87c9-91bb7e34ea48"
  └ Claimed task "CLI Main Loop and quit command" (f1412a14-211b-4bb0-bb01-b8b006...



● Create Main.java +176
  └ src/edu/kit/kastel/ski/Main.java



● Compile and test REPL loop with quit (shell)
  │ cd /Users/nghalinh2711/Development/student-repos/wt2526final02 && mvn compile -q 2>&1 && echo
  │ "quit" | timeout 5 java -cp target/classes edu.kit.kastel.ski.Main 2>&1; echo "Exit code: $?"
  └ 3 lines…

● Test REPL loop with quit using gtimeout or plain echo (shell)
  │ cd /Users/nghalinh2711/Development/student-repos/wt2526final02 && echo "quit" | java -cp
  │ target/classes edu.kit.kastel.ski.Main 2>&1; echo "Exit code: $?"
  └ 2 lines…



● Test unknown command error handling (shell)
  │ cd /Users/nghalinh2711/Development/student-repos/wt2526final02 && printf "foo\nlist
  │ lifts\nquit\n" | java -cp target/classes edu.kit.kastel.ski.Main 2>&1
  └ 3 lines…



● Update Task (MCP: agentic-memory) · state: "done", taskId: "f1412a14-211b-4bb0-bb01-b8b0066f842e"…
  └ Task "CLI Main Loop and quit command" (f1412a14-211b-4bb0-bb01-b8b0066f842e) ...

● Claim Next Task (MCP: agentic-memory) · backlogId: "f36f4eb7-9e9d-40e7-87c9-91bb7e34ea48"
  └ Claimed task "load area command" (84d904b2-6fd0-442b-8784-ad7d8d713ec7) and m...



● Edit Main.java +3 -1
  └ src/edu/kit/kastel/ski/Main.java

● Edit Main.java +4
  └ src/edu/kit/kastel/ski/Main.java

● Edit Main.java +38 -2
  └ src/edu/kit/kastel/ski/Main.java



● Compile and test load area command (shell)
  │ cd /Users/nghalinh2711/Development/student-repos/wt2526final02 && mvn compile -q 2>&1 && printf
  │ "load area input/area.txt\nquit\n" | java -cp target/classes edu.kit.kastel.ski.Main 2>&1
  └ 13 lines…



● Test load area error handling (shell)
  │ cd /Users/nghalinh2711/Development/student-repos/wt2526final02 && printf "load area
  │ nonexistent.txt\nload area\nload area input/area.txt\nquit\n" | java -cp target/classes
  │ edu.kit.kastel.ski.Main 2>&1
  └ 15 lines…



● Update Task (MCP: agentic-memory) · state: "done", taskId: "84d904b2-6fd0-442b-8784-ad7d8d713ec7"…
  └ Task "load area command" (84d904b2-6fd0-442b-8784-ad7d8d713ec7) updated to st...

● Claim Next Task (MCP: agentic-memory) · backlogId: "f36f4eb7-9e9d-40e7-87c9-91bb7e34ea48"
  └ Claimed task "list lifts and list slopes commands" (0a6de119-4f9a-4836-9e4f-d...



● Edit Main.java +24 -2
  └ src/edu/kit/kastel/ski/Main.java

● Compile and test list lifts and list slopes (shell)
  │ cd /Users/nghalinh2711/Development/student-repos/wt2526final02 && mvn compile -q 2>&1 && printf
  │ "list lifts\nlist slopes\nload area input/area.txt\nlist lifts\nlist slopes\nquit\n" | java -cp
  │ target/classes edu.kit.kastel.ski.Main 2>&1
  └ 20 lines…



● Update Task (MCP: agentic-memory) · state: "done", taskId: "0a6de119-4f9a-4836-9e4f-d83d7ffca533"…
  └ Task "list lifts and list slopes commands" (0a6de119-4f9a-4836-9e4f-d83d7ffca...

● Claim Next Task (MCP: agentic-memory) · backlogId: "f36f4eb7-9e9d-40e7-87c9-91bb7e34ea48"
  └ Claimed task "Skier state commands: set skill, set goal, like, dislike, reset...



● Edit Main.java +83 -8
  └ src/edu/kit/kastel/ski/Main.java



● Edit Main.java +9
  └ src/edu/kit/kastel/ski/Main.java



● Compile and test skier state commands (shell)
  │ cd /Users/nghalinh2711/Development/student-repos/wt2526final02 && mvn compile -q 2>&1 && printf
  │ "set skill EXPERT\nset goal DISTANCE\nlike BLUE\ndislike BUMPY\nlike ICY\nreset preferences\nset
  │ skill INVALID\nset goal BAD\nlike FOO\nquit\n" | java -cp target/classes edu.kit.kastel.ski.Main
  │ 2>&1
  └ 4 lines…



● Update Task (MCP: agentic-memory) · state: "done", taskId: "39b9acd6-68aa-47ab-959d-a09f494842e4"…
  └ Task "Skier state commands: set skill, set goal, like, dislike, reset prefere...

● Claim Next Task (MCP: agentic-memory) · backlogId: "f36f4eb7-9e9d-40e7-87c9-91bb7e34ea48"
  └ Claimed task "Piste time calculation formula" (b8c428e6-91d7-4e8a-bb9e-814784...



● Edit Difficulty.java +17 -3
  └ src/edu/kit/kastel/ski/Difficulty.java

● Edit Surface.java +17 -3
  └ src/edu/kit/kastel/ski/Surface.java

● Edit Skill.java +17 -3
  └ src/edu/kit/kastel/ski/Skill.java



● Edit Slope.java +19
  └ src/edu/kit/kastel/ski/Slope.java



● Compile and test piste time calculation (shell)
  │ cd /Users/nghalinh2711/Development/student-repos/wt2526final02 && mvn compile -q 2>&1 && cat >
  │ TestTime.java << 'JAVA'
  │ import edu.kit.kastel.ski.*;
  │
  │ public class TestTime {…
  └ 73 lines…



● Clean up test files (shell)
  │ rm /Users/nghalinh2711/Development/student-repos/wt2526final02/TestTime.java
  │ /Users/nghalinh2711/Development/student-repos/wt2526final02/TestTime.class
  └ 1 line…

● Update Task (MCP: agentic-memory) · state: "done", taskId: "b8c428e6-91d7-4e8a-bb9e-8147848e7848"…
  └ Task "Piste time calculation formula" (b8c428e6-91d7-4e8a-bb9e-8147848e7848) ...

● Claim Next Task (MCP: agentic-memory) · backlogId: "f36f4eb7-9e9d-40e7-87c9-91bb7e34ea48"
  └ Claimed task "Route planning algorithm (graph optimization)" (70405cfd-7369-4...



● Create RoutePlanner.java +189
  └ src/edu/kit/kastel/ski/RoutePlanner.java



● Compile and test route planner (shell)
  │ cd /Users/nghalinh2711/Development/student-repos/wt2526final02 && mvn compile -q 2>&1 && cat >
  │ TestRoute.java << 'JAVA'
  │ import edu.kit.kastel.ski.*;
  │ import java.nio.file.Path;
  │ import java.time.LocalTime;…
  └ 82 lines…



● Clean up test files (shell)
  │ rm /Users/nghalinh2711/Development/student-repos/wt2526final02/TestRoute.java
  │ /Users/nghalinh2711/Development/student-repos/wt2526final02/TestRoute.class
  └ 1 line…

● Update Task (MCP: agentic-memory) · state: "done", taskId: "70405cfd-7369-4b1b-b330-e5825bd7a89d"…
  └ Task "Route planning algorithm (graph optimization)" (70405cfd-7369-4b1b-b330...

● Claim Next Task (MCP: agentic-memory) · backlogId: "f36f4eb7-9e9d-40e7-87c9-91bb7e34ea48"
  └ Claimed task "Route tie-breaking: preferences and lexicographic fallback" (b2...



● Edit RoutePlanner.java +67 -1
  └ src/edu/kit/kastel/ski/RoutePlanner.java



● Compile and test tie-breaking (shell)
  │ cd /Users/nghalinh2711/Development/student-repos/wt2526final02 && mvn compile -q 2>&1 && cat >
  │ TestTie.java << 'JAVA'
  │ import edu.kit.kastel.ski.*;
  │ import java.nio.file.Path;
  │ import java.time.LocalTime;…
  └ 43 lines…



● Edit RoutePlanner.java +10 -12
  └ src/edu/kit/kastel/ski/RoutePlanner.java

● Recompile and test tie-breaking with updated route ending logic (shell)
  │ cd /Users/nghalinh2711/Development/student-repos/wt2526final02 && mvn compile -q 2>&1 && javac
  │ -cp target/classes TestTie.java && java -cp target/classes:. TestTie
  └ 4 lines…



● Full test with both example scenarios (shell)
  │ cd /Users/nghalinh2711/Development/student-repos/wt2526final02 && cat > TestFull.java <<
  │ 'JAVA'
  │ import edu.kit.kastel.ski.*;
  │ import java.nio.file.Path;
  │ import java.time.LocalTime;…
  └ 49 lines…



● Clean up test files (shell)
  │ rm /Users/nghalinh2711/Development/student-repos/wt2526final02/TestTie.java
  │ /Users/nghalinh2711/Development/student-repos/wt2526final02/TestTie.class
  │ /Users/nghalinh2711/Development/student-repos/wt2526final02/TestFull.java
  │ /Users/nghalinh2711/Development/student-repos/wt2526final02/TestFull.class
  └ 1 line…

● Update Task (MCP: agentic-memory) · state: "done", taskId: "b2c54fdb-b863-4e23-b1ef-fb5697ef29b9"…
  └ Task "Route tie-breaking: preferences and lexicographic fallback" (b2c54fdb-b...

● Claim Next Task (MCP: agentic-memory) · backlogId: "f36f4eb7-9e9d-40e7-87c9-91bb7e34ea48"
  └ Claimed task "plan command" (6bfc6c6d-4654-4c3c-9f88-526aa45d37ba) and marked...



● Edit Main.java +3
  └ src/edu/kit/kastel/ski/Main.java

● Edit Main.java +8
  └ src/edu/kit/kastel/ski/Main.java

● Edit Main.java +48 -2
  └ src/edu/kit/kastel/ski/Main.java

● Compile and test plan command (shell)
  │ cd /Users/nghalinh2711/Development/student-repos/wt2526final02 && mvn compile -q 2>&1 && printf
  │ "plan LiftA 08:30 15:45\nload area input/area.txt\nplan LiftA 08:30 15:45\nplan LiftA 08:30
  │ 15:45\nquit\n" | java -cp target/classes edu.kit.kastel.ski.Main 2>&1
  └ 16 lines…

● Test successful plan command (shell)
  │ cd /Users/nghalinh2711/Development/student-repos/wt2526final02 && printf "load area
  │ input/area.txt\nset skill BEGINNER\nset goal DISTANCE\nlike BLUE\ndislike BUMPY\nplan LiftA
  │ 11:00 12:30\nplan LiftA 08:30 15:45\nquit\n" | java -cp target/classes edu.kit.kastel.ski.Main
  │ 2>&1
  └ 15 lines…



● Update Task (MCP: agentic-memory) · state: "done", taskId: "6bfc6c6d-4654-4c3c-9f88-526aa45d37ba"…
  └ Task "plan command" (6bfc6c6d-4654-4c3c-9f88-526aa45d37ba) updated to state: ...

● Claim Next Task (MCP: agentic-memory) · backlogId: "f36f4eb7-9e9d-40e7-87c9-91bb7e34ea48"
  └ Claimed task "next and take commands" (1b98985d-c68a-439e-8a0c-917d2065eb5c) ...



● Edit Main.java +2
  └ src/edu/kit/kastel/ski/Main.java

● Edit Main.java +3
  └ src/edu/kit/kastel/ski/Main.java

● Edit Main.java +36 -4
  └ src/edu/kit/kastel/ski/Main.java



● Edit Main.java +4
  └ src/edu/kit/kastel/ski/Main.java

● Edit Main.java +12 -2
  └ src/edu/kit/kastel/ski/Main.java

● Compile and test next/take/abort commands (shell)
  │ cd /Users/nghalinh2711/Development/student-repos/wt2526final02 && mvn compile -q 2>&1 && printf
  │ "load area input/area.txt\nset skill BEGINNER\nset goal DISTANCE\nlike BLUE\ndislike BUMPY\nplan
  │ LiftA 11:00 12:30\nnext\ntake\nnext\ntake\nnext\ntake\nnext\ntake\nnext\ntake\nnext\ntake\nnext\
  │ ntake\nnext\ntake\nnext\nabort\nquit\n" | java -cp target/classes edu.kit.kastel.ski.Main 2>&1
  └ 24 lines…



● Test take without next and next without route (shell)
  │ cd /Users/nghalinh2711/Development/student-repos/wt2526final02 && printf "take\nnext\nquit\n" |
  │ java -cp target/classes edu.kit.kastel.ski.Main 2>&1
  └ 3 lines…



● Update Task (MCP: agentic-memory) · state: "done", taskId: "1b98985d-c68a-439e-8a0c-917d2065eb5c"…
  └ Task "next and take commands" (1b98985d-c68a-439e-8a0c-917d2065eb5c) updated ...

● Claim Next Task (MCP: agentic-memory) · backlogId: "f36f4eb7-9e9d-40e7-87c9-91bb7e34ea48"
  └ Claimed task "show route command" (dedb06a1-5c3b-4021-8f74-50408c288980) and ...

● Edit Main.java +11 -2
  └ src/edu/kit/kastel/ski/Main.java

● Compile and test show route (shell)
  │ cd /Users/nghalinh2711/Development/student-repos/wt2526final02 && mvn compile -q 2>&1 && printf
  │ "load area input/area.txt\nset skill BEGINNER\nset goal DISTANCE\nlike BLUE\ndislike BUMPY\nplan
  │ LiftA 11:00 12:30\nshow route\nnext\ntake\nshow route\nquit\n" | java -cp target/classes
  │ edu.kit.kastel.ski.Main 2>&1
  └ 17 lines…



● Update Task (MCP: agentic-memory) · state: "done", taskId: "dedb06a1-5c3b-4021-8f74-50408c288980"…
  └ Task "show route command" (dedb06a1-5c3b-4021-8f74-50408c288980) updated to s...

● Claim Next Task (MCP: agentic-memory) · backlogId: "f36f4eb7-9e9d-40e7-87c9-91bb7e34ea48"
  └ Claimed task "abort command" (416357c7-565d-48ab-9ee6-88018845ac54) and marke...



● Edit Main.java -5
  └ src/edu/kit/kastel/ski/Main.java

● Compile and test abort idempotency (shell)
  │ cd /Users/nghalinh2711/Development/student-repos/wt2526final02 && mvn compile -q 2>&1 && printf
  │ "abort\nnext\nabort\nquit\n" | java -cp target/classes edu.kit.kastel.ski.Main 2>&1
  └ 4 lines…

● Update Task (MCP: agentic-memory) · state: "done", taskId: "416357c7-565d-48ab-9ee6-88018845ac54"…
  └ Task "abort command" (416357c7-565d-48ab-9ee6-88018845ac54) updated to state:...

● Claim Next Task (MCP: agentic-memory) · backlogId: "f36f4eb7-9e9d-40e7-87c9-91bb7e34ea48"
  └ Claimed task "alternative command" (41f99632-e8f0-4229-92d8-8a2c54597663) and...



● Edit RoutePlanner.java +23 -13
  └ src/edu/kit/kastel/ski/RoutePlanner.java

● Edit RoutePlanner.java +10 -3
  └ src/edu/kit/kastel/ski/RoutePlanner.java



● Edit Main.java +28 -2
  └ src/edu/kit/kastel/ski/Main.java



● Edit Main.java +1
  └ src/edu/kit/kastel/ski/Main.java

● Edit Main.java +1
  └ src/edu/kit/kastel/ski/Main.java

● Compile and test alternative command (shell)
  │ cd /Users/nghalinh2711/Development/student-repos/wt2526final02 && mvn compile -q 2>&1 && printf
  │ "load area input/area.txt\nset skill EXPERT\nset goal ALTITUDE\nlike BLACK\nlike ICY\nplan LiftA
  │ 13:00 15:30\nnext\ntake\nnext\ntake\nnext\ntake\nnext\ntake\nnext\ntake\nnext\ntake\nnext\ntake\
  │ nnext\ntake\nalternative\nshow route\nquit\n" | java -cp target/classes edu.kit.kastel.ski.Main
  │ 2>&1
  └ 17 lines…

● Edit Main.java +1
  └ src/edu/kit/kastel/ski/Main.java

● Recompile and test alternative (shell)
  │ cd /Users/nghalinh2711/Development/student-repos/wt2526final02 && mvn compile -q 2>&1 && printf
  │ "load area input/area.txt\nset skill EXPERT\nset goal ALTITUDE\nlike BLACK\nlike ICY\nplan LiftA
  │ 13:00 15:30\nnext\ntake\nnext\ntake\nnext\ntake\nnext\ntake\nnext\ntake\nnext\ntake\nnext\ntake\
  │ nnext\ntake\nalternative\nshow route\nnext\nquit\n" | java -cp target/classes
  │ edu.kit.kastel.ski.Main 2>&1
  └ 25 lines…



● Re-test alternative command properly (shell)
  │ cd /Users/nghalinh2711/Development/student-repos/wt2526final02 && printf "load area
  │ input/area.txt\nset skill EXPERT\nset goal ALTITUDE\nlike BLACK\nlike ICY\nplan LiftA 13:00
  │ 15:30\nnext\ntake\nnext\ntake\nnext\ntake\nnext\ntake\nnext\ntake\nnext\ntake\nnext\ntake\nnext\
  │ nalternative\nshow route\nquit\n" | java -cp target/classes edu.kit.kastel.ski.Main 2>&1
  └ 24 lines…



● Test no alternative found (shell)
  │ cd /Users/nghalinh2711/Development/student-repos/wt2526final02 && printf "load area
  │ input/area.txt\nset skill BEGINNER\nset goal DISTANCE\nlike BLUE\ndislike BUMPY\nplan LiftA
  │ 11:00 12:30\nnext\nalternative\nquit\n" | java -cp target/classes edu.kit.kastel.ski.Main 2>&1
  └ 16 lines…

● Test alternative after taking first transit (shell)
  │ cd /Users/nghalinh2711/Development/student-repos/wt2526final02 && printf "load area
  │ input/area.txt\nset skill BEGINNER\nset goal DISTANCE\nlike BLUE\ndislike BUMPY\nplan LiftA
  │ 11:00 12:30\nnext\ntake\nnext\nalternative\nnext\nquit\n" | java -cp target/classes
  │ edu.kit.kastel.ski.Main 2>&1
  └ 18 lines…



● Update Task (MCP: agentic-memory) · state: "done", taskId: "41f99632-e8f0-4229-92d8-8a2c54597663"…
  └ Task "alternative command" (41f99632-e8f0-4229-92d8-8a2c54597663) updated to ...

● Claim Next Task (MCP: agentic-memory) · backlogId: "f36f4eb7-9e9d-40e7-87c9-91bb7e34ea48"
  └ Claimed task "Dynamic re-planning on state changes" (3f6a4fb1-d33b-4a5e-af4a-...



● Edit Main.java +2
  └ src/edu/kit/kastel/ski/Main.java

● Edit Main.java +2
  └ src/edu/kit/kastel/ski/Main.java



● Edit Main.java +36 -5
  └ src/edu/kit/kastel/ski/Main.java



● Edit Main.java +2
  └ src/edu/kit/kastel/ski/Main.java

● Edit Main.java +5
  └ src/edu/kit/kastel/ski/Main.java



● Compile and test dynamic replanning (shell)
  │ cd /Users/nghalinh2711/Development/student-repos/wt2526final02 && mvn compile -q 2>&1 && printf
  │ "load area input/area.txt\nset skill BEGINNER\nset goal DISTANCE\nlike BLUE\ndislike BUMPY\nplan
  │ LiftA 11:00 12:30\nshow route\nnext\ntake\nnext\ntake\nnext\ntake\nnext\ntake\nnext\ntake\nnext\
  │ ntake\nnext\ntake\nnext\ntake\nset skill EXPERT\nset goal ALTITUDE\nlike BLACK\nlike ICY\nshow
  │ route\nquit\n" | java -cp target/classes edu.kit.kastel.ski.Main 2>&1
  └ 196 lines…



● Read Main.java
  │ src/edu/kit/kastel/ski/Main.java
  └ L105:125 (21 lines read)

● Read Main.java
  │ src/edu/kit/kastel/ski/Main.java
  └ L445:470 (26 lines read)

● Read Main.java
  │ src/edu/kit/kastel/ski/Main.java
  └ L485:510 (22 lines read)



● Edit Main.java +9
  └ src/edu/kit/kastel/ski/Main.java

● Compile and test dynamic replanning (shell)
  │ cd /Users/nghalinh2711/Development/student-repos/wt2526final02 && mvn compile -q 2>&1 && printf
  │ "load area input/area.txt\nset skill BEGINNER\nset goal DISTANCE\nlike BLUE\ndislike BUMPY\nplan
  │ LiftA 11:00 12:30\nshow route\nnext\ntake\nnext\ntake\nnext\ntake\nnext\ntake\nnext\ntake\nnext\
  │ ntake\nnext\ntake\nnext\ntake\nset skill EXPERT\nset goal ALTITUDE\nlike BLACK\nlike ICY\nshow
  │ route\nquit\n" | java -cp target/classes edu.kit.kastel.ski.Main 2>&1
  └ 23 lines…



● Test full dynamic replanning scenario from example (shell)
  │ cd /Users/nghalinh2711/Development/student-repos/wt2526final02 && printf "load area
  │ input/area.txt\nset skill BEGINNER\nset goal DISTANCE\nlike BLUE\ndislike BUMPY\nplan LiftA
  │ 11:00 12:30\nnext\ntake\nnext\ntake\nnext\ntake\nnext\ntake\nnext\ntake\nnext\ntake\nnext\ntake\
  │ nnext\ntake\nnext\nset skill EXPERT\nset goal ALTITUDE\nlike BLACK\nlike ICY\nplan LiftA 13:00
  │ 15:30\nshow route\nquit\n" | java -cp target/classes edu.kit.kastel.ski.Main 2>&1
  └ 24 lines…



● Edit Main.java +1
  └ src/edu/kit/kastel/ski/Main.java

● Edit Main.java +3
  └ src/edu/kit/kastel/ski/Main.java

● Compile and test full example scenario (shell)
  │ cd /Users/nghalinh2711/Development/student-repos/wt2526final02 && mvn compile -q 2>&1 &&
  │ printf "load area input/area.txt\nset skill BEGINNER\nset goal DISTANCE\nlike BLUE\ndislike
  │ BUMPY\nplan LiftA 11:00 12:30\nnext\ntake\nnext\ntake\nnext\ntake\nnext\ntake\nnext\ntake\nnex
  │ t\ntake\nnext\ntake\nnext\ntake\nnext\nset skill EXPERT\nset goal ALTITUDE\nlike BLACK\nlike
  │ ICY\nplan LiftA 13:00 15:30\nshow route\nquit\n" | java -cp target/classes …
  └ 26 lines…



● Test dynamic replanning mid-route (shell)
  │ cd /Users/nghalinh2711/Development/student-repos/wt2526final02 && printf "load area
  │ input/area.txt\nset skill BEGINNER\nset goal DISTANCE\nlike BLUE\ndislike BUMPY\nplan LiftA
  │ 11:00 12:30\nshow route\nnext\ntake\nnext\ntake\nset skill EXPERT\nshow route\nquit\n" | java
  │ -cp target/classes edu.kit.kastel.ski.Main 2>&1
  └ 18 lines…



● Update Task (MCP: agentic-memory) · state: "done", taskId: "3f6a4fb1-d33b-4a5e-af4a-c68d353722d7"…
  └ Task "Dynamic re-planning on state changes" (3f6a4fb1-d33b-4a5e-af4a-c68d3537...

● Claim Next Task (MCP: agentic-memory) · backlogId: "f36f4eb7-9e9d-40e7-87c9-91bb7e34ea48"
  └ Claimed task "Comprehensive error handling and input validation" (3de2f2bb-3c...



● Comprehensive error handling test (shell)
  │ cd /Users/nghalinh2711/Development/student-repos/wt2526final02 && mvn compile -q 2>&1 && printf
  │ "unknown\n\n
  │ \nlist\nload\nset\nlike\ndislike\nreset\nplan\nshow\nnext\ntake\nalternative\nload area
  │ input/area.txt\nplan LiftA 08:00 08:00\nplan LiftA 08:00 07:00\nquit\n" | java -cp
  │ target/classes edu.kit.kastel.ski.Main 2>&1
  └ 27 lines…



● Test more edge cases (shell)
  │ cd /Users/nghalinh2711/Development/student-repos/wt2526final02 && printf "load area
  │ input/area.txt\nset skill BEGINNER\nset goal DISTANCE\nplan LiftA 25:00 26:00\nplan NonExistent
  │ 08:00 12:00\nplan LiftA 12:00 11:00\nset skill BAD\nset goal BAD\nlike BAD\ndislike BAD\nquit\n"
  │ | java -cp target/classes edu.kit.kastel.ski.Main 2>&1
  └ 20 lines…



● Edit Main.java +1 -1
  └ src/edu/kit/kastel/ski/Main.java

● Edit Main.java +1 -1
  └ src/edu/kit/kastel/ski/Main.java

✗ Edit Main.java
  │ src/edu/kit/kastel/ski/Main.java
  └ Multiple matches found

● Edit Main.java +4 -4
  └ src/edu/kit/kastel/ski/Main.java

● Compile and verify error messages (shell)
  │ cd /Users/nghalinh2711/Development/student-repos/wt2526final02 && mvn compile -q 2>&1 && printf
  │ "set skill BAD\nset goal BAD\nlike BAD\ndislike BAD\nquit\n" | java -cp target/classes
  │ edu.kit.kastel.ski.Main 2>&1
  └ 5 lines…



● Search (grep)
  │ "throw new IllegalArgumentException" (src/edu/kit/kastel/ski)
  └ 19 lines found



● Update Task (MCP: agentic-memory) · state: "done", taskId: "3de2f2bb-3c06-4fc4-8acb-9fdcdd29e1e1"…
  └ Task "Comprehensive error handling and input validation" (3de2f2bb-3c06-4fc4-...

● Claim Next Task (MCP: agentic-memory) · backlogId: "f36f4eb7-9e9d-40e7-87c9-91bb7e34ea48"
  └ Claimed task "Checkstyle compliance and final integration" (23086fa3-26ca-42f...



● Run Checkstyle on all Java files (shell)
  │ cd /Users/nghalinh2711/Development/student-repos/wt2526final02 && mvn checkstyle:check -q 2>&1
  │ || true
  └ 10 lines…

● View Checkstyle violations summary (shell)
  │ cd /Users/nghalinh2711/Development/student-repos/wt2526final02 && cat
  │ /var/folders/fs/p8fxyq611_d7_glm0yth2st80000gn/T/copilot-tool-output-1784222019189-wgztez.txt |
  │ grep "ERROR" | head -60
  └ 61 lines…

● Count Checkstyle violations by type (shell)
  │ cd /Users/nghalinh2711/Development/student-repos/wt2526final02 && cat
  │ /var/folders/fs/p8fxyq611_d7_glm0yth2st80000gn/T/copilot-tool-output-1784222019189-wgztez.txt |
  │ grep "ERROR" | wc -l
  └ 2 lines…



● Check checkstyle for mandatory rules (shell)
  │ cd /Users/nghalinh2711/Development/student-repos/wt2526final02 && grep -i
  │ "mandatory\|severity\|error" checkstyle.xml | head -20
  └ 21 lines…



● General-purpose(deepseek-v4-pro) Fix all Checkstyle violations
  │ Verify compilation passes (shell)
  │   │ cd /Users/nghalinh2711/Development/student-repos/wt2526final02 && mvn compile 2>&1 | tail
  │   -20
  │   └ 19 lines…
  └ Run checkstyle to verify zero violations (shell)
      │ cd /Users/nghalinh2711/Development/student-repos/wt2526final02 && mvn checkstyle:check 2>&1
      |
      │ tail -30
      └ 16 lines…



● Verify compilation is clean (shell)
  │ cd /Users/nghalinh2711/Development/student-repos/wt2526final02 && mvn compile 2>&1 | tail -5
  └ 6 lines…



● Run full example interaction test (shell)
  │ cd /Users/nghalinh2711/Development/student-repos/wt2526final02 && printf "load area
  │ input/area.txt\nset skill BEGINNER\nset goal DISTANCE\nlike BLUE\ndislike BUMPY\nplan LiftA
  │ 11:00 12:30\nshow route\nnext\ntake\nnext\ntake\nnext\ntake\nnext\ntake\nnext\ntake\nnext\ntak
  │ e\nnext\ntake\nnext\ntake\nnext\nset skill EXPERT\nset goal ALTITUDE\nlike BLACK\nlike
  │ ICY\nplan LiftA 13:00 15:30\nshow route\nnext\ntake\nnext\ntake\nnext\ntake\nnext\ntake\nnext\…
  └ 47 lines…



● Run alternative test from exact example (shell)
  │ cd /Users/nghalinh2711/Development/student-repos/wt2526final02 && printf "load area
  │ input/area.txt\nset skill EXPERT\nset goal ALTITUDE\nlike BLACK\nlike ICY\nplan LiftA 13:00
  │ 15:30\nnext\ntake\nnext\ntake\nnext\ntake\nnext\ntake\nnext\ntake\nnext\ntake\nnext\ntake\nnext\
  │ nalternative\nshow route\nnext\nquit\n" | java -cp target/classes edu.kit.kastel.ski.Main 2>&1
  └ 25 lines…



● skill(delivery-port-check)



● Read (General-purpose agent — Fix all Checkstyle violations)
  └ idle



● Read README.md
  └ 3 lines read

● Edit README.md +71 -3



● Final Checkstyle verification (shell)
  │ cd /Users/nghalinh2711/Development/student-repos/wt2526final02 && mvn checkstyle:check 2>&1 |
  │ tail -10
  └ 11 lines…



● Update Task (MCP: agentic-memory) · state: "done", taskId: "23086fa3-26ca-42ff-b402-8e90c0b3768d"…
  └ Task "Checkstyle compliance and final integration" (23086fa3-26ca-42ff-b402-8...



● Get Tasks (MCP: agentic-memory) · backlogId: "f36f4eb7-9e9d-40e7-87c9-91bb7e34ea48"
  └ Output too large to read at once (28.0 KB). Saved to: /var/folders/fs/p8fxyq6...

● Check task completion states (shell)
  │ cd /Users/nghalinh2711/Development/student-repos/wt2526final02 &&
  │ claims_next=$(agentic-memory-claim_next_task --backlogId f36f4eb7-9e9d-40e7-87c9-91bb7e34ea48
  │ 2>/dev/null || echo "no more") && echo "$claims_next" | head -5
  └ 2 lines…

● Get Tasks (MCP: agentic-memory) · state: "to_do", backlogId: "f36f4eb7-9e9d-40e7-87c9-91bb7e34ea4…
  └ No tasks found with state 'to_do'.

● Get Tasks (MCP: agentic-memory) · state: "in_progress", backlogId: "f36f4eb7-9e9d-40e7-87c9-91bb7…
  └ No tasks found with state 'in_progress'.

● Get Tasks (MCP: agentic-memory) · state: "blocked", backlogId: "f36f4eb7-9e9d-40e7-87c9-91bb7e34e…
  └ No tasks found with state 'blocked'.







Changes    +2835 -426
Duration   34m 1s
Tokens     ↑ 19.9m (19.6m cached) • ↓ 162.9k (41.3k reasoning)
[delivery] Coding agent exited with code 0
[delivery] Backlog verification passed.
[delivery] Phase E: Feedback

[delivery] Feedback agent — interactive session.
[delivery] Provide feedback to the agent. Exit the session (Ctrl+C or /exit) when done.


===== wt2526final02 started at 2026-07-23T22:21:10Z =====
PROGRAMMING_DIR=/Users/nghalinh2711/Development/student-repos/wt2526final02
DELIVERY_AGENT_CONTEXT_PROJECT=ProgrammingWT2526-Final2
DELIVERY_AGENT_CONTEXT_DOMAIN=wt2526final02
COMMAND=pnpm delivery:run --exercise 

$ tsx delivery/run.ts --exercise
[delivery:knowledgebase] Ensuring guidelines.md is ingested for domain wt2526final02 before exercise requirements
[delivery:knowledgebase] Uploading guidelines.md to Vercel Blob for domain wt2526final02
[delivery:knowledgebase] Registered guidelines upload job d1e93de7-1600-4d0f-95fd-4be88c9ed0d4; waiting for ingestion
[delivery:knowledgebase] Guidelines ingestion job d1e93de7-1600-4d0f-95fd-4be88c9ed0d4: processing
[delivery:knowledgebase] Guidelines ingestion job d1e93de7-1600-4d0f-95fd-4be88c9ed0d4: processing
[delivery:knowledgebase] Guidelines ingestion job d1e93de7-1600-4d0f-95fd-4be88c9ed0d4: processing
[delivery:knowledgebase] Guidelines ingestion job d1e93de7-1600-4d0f-95fd-4be88c9ed0d4: processing
[delivery:knowledgebase] Guidelines ingestion job d1e93de7-1600-4d0f-95fd-4be88c9ed0d4: processing
[delivery:knowledgebase] Guidelines ingestion job d1e93de7-1600-4d0f-95fd-4be88c9ed0d4: processing
[delivery:knowledgebase] Guidelines ingestion job d1e93de7-1600-4d0f-95fd-4be88c9ed0d4: processing
[delivery:knowledgebase] Guidelines ingestion job d1e93de7-1600-4d0f-95fd-4be88c9ed0d4: processing
[delivery:knowledgebase] Guidelines ingestion job d1e93de7-1600-4d0f-95fd-4be88c9ed0d4: processing
[delivery:knowledgebase] Guidelines ingestion job d1e93de7-1600-4d0f-95fd-4be88c9ed0d4: processing
[delivery:knowledgebase] Guidelines ingestion job d1e93de7-1600-4d0f-95fd-4be88c9ed0d4: processing
[delivery:knowledgebase] Guidelines ingestion job d1e93de7-1600-4d0f-95fd-4be88c9ed0d4: processing
[delivery:knowledgebase] Guidelines ingestion job d1e93de7-1600-4d0f-95fd-4be88c9ed0d4: processing
[delivery:knowledgebase] Guidelines ingestion job d1e93de7-1600-4d0f-95fd-4be88c9ed0d4: processing
[delivery:knowledgebase] Guidelines ingestion job d1e93de7-1600-4d0f-95fd-4be88c9ed0d4: processing
[delivery:knowledgebase] Guidelines ingestion job d1e93de7-1600-4d0f-95fd-4be88c9ed0d4: processing
[delivery:knowledgebase] Guidelines ingestion job d1e93de7-1600-4d0f-95fd-4be88c9ed0d4: processing
[delivery:knowledgebase] Guidelines ingestion job d1e93de7-1600-4d0f-95fd-4be88c9ed0d4: processing
[delivery:knowledgebase] Guidelines ingestion job d1e93de7-1600-4d0f-95fd-4be88c9ed0d4: processing
[delivery:knowledgebase] Guidelines ingestion job d1e93de7-1600-4d0f-95fd-4be88c9ed0d4: processing
[delivery:knowledgebase] Guidelines ingestion job d1e93de7-1600-4d0f-95fd-4be88c9ed0d4: processing
[delivery:knowledgebase] Guidelines ingestion job d1e93de7-1600-4d0f-95fd-4be88c9ed0d4: processing
[delivery:knowledgebase] Guidelines ingestion job d1e93de7-1600-4d0f-95fd-4be88c9ed0d4: processing
[delivery:knowledgebase] Guidelines ingestion job d1e93de7-1600-4d0f-95fd-4be88c9ed0d4: processing
[delivery:knowledgebase] Guidelines ingestion job d1e93de7-1600-4d0f-95fd-4be88c9ed0d4: processing
[delivery:knowledgebase] Guidelines ingestion job d1e93de7-1600-4d0f-95fd-4be88c9ed0d4: processing
[delivery:knowledgebase] Guidelines ingestion job d1e93de7-1600-4d0f-95fd-4be88c9ed0d4: processing
[delivery:knowledgebase] Guidelines ingestion job d1e93de7-1600-4d0f-95fd-4be88c9ed0d4: processing
[delivery:knowledgebase] Guidelines ingestion job d1e93de7-1600-4d0f-95fd-4be88c9ed0d4: processing
[delivery:knowledgebase] Guidelines ingestion job d1e93de7-1600-4d0f-95fd-4be88c9ed0d4: processing
[delivery:knowledgebase] Guidelines ingestion job d1e93de7-1600-4d0f-95fd-4be88c9ed0d4: processing
[delivery:knowledgebase] Guidelines ingestion job d1e93de7-1600-4d0f-95fd-4be88c9ed0d4: succeeded
[delivery:knowledgebase] Guidelines ingestion succeeded for domain wt2526final02 (job d1e93de7-1600-4d0f-95fd-4be88c9ed0d4)

[delivery] Run ID: 20260724-002111
[delivery] Assignment: /Users/nghalinh2711/Development/student-repos/wt2526final02
[delivery] Assignment ID: wt2526final02
[delivery] Coding session: 20260724-002111-coding
[delivery] Requirements session: 20260724-002111-req
[delivery] Requirements log: /Users/nghalinh2711/Development/eval/programming/20260724-002111/requirements-output.log

[delivery] Phase A: Requirements

[delivery:requirements] Exercise stream: 8 turns for wt2526final02 (starting at turn 1)
[delivery:requirements] Output log: /Users/nghalinh2711/Development/eval/programming/20260724-002111/requirements-output.log
[delivery:requirements] Turn 1/8: Introduction
● [adaptive-context] GET http://localhost:4444/api/agents/7af7809a-adce-4fa9-9609-fd61059de0ff/sessi
  ons/20260724-002111-req/context?input=Ich+arbeite+an+einer+Abschluss-Programmieraufgabe.+Ich+werde
  +dir+die+Aufgabe+im+Folgenden+abschnittsweise+%C3%BCbermitteln.+Lies+sie+dir+durch+und+verschaffe+
  dir+zun%C3%A4chst+einen+%C3%9Cberblick+%C3%BCber+den+Kontext%2C+bevor+der+Backlog-+und+Task-Erstel
  lung.+Achte+dabei+unbedingt+auf+die+vorgegebenen+Regeln+und+Richtlinien.&project=ProgrammingWT2526
  -Final2&role=requirements&task=Understand+the+wt2526final02+and+create+its+backlog+when+prompted.&
  timestamp=2026-07-23T22%3A23%3A50.241Z&domain=wt2526final02

● adaptive-memory extension active (role=requirements, memorySession=20260724-002111-req) - type
  /memory-help. MCP tools registered (memory=true, backlog=true).



● List directory .
  └ 6 files found

✗ Get Scratchpad (MCP: agentic-memory) · sessionId: "wt2526final02"
  └ MCP server 'agentic-memory': Forbidden.

● Read mcp-requirements.json
  └ 22 lines read

● Read mcp-coding.json
  └ 21 lines read

● Read pipeline-state.json
  └ 26 lines read

● List directory context
  └ 1 file found

● [turn-persistence] [turn-persistence] turn_end SKIPPED ai: no assistant message with content

● Read agent-context.json
  │ context/agent-context.json
  └ 5 lines read

● Read requirements-output.log
  └ 37 lines read

● [turn-persistence] [turn-persistence] turn_end SKIPPED ai: no assistant message with content







Changes    +0 -0
Duration   19s
Tokens     ↑ 82.5k (62.1k cached) • ↓ 1.1k (411 reasoning)
[delivery:requirements] Turn 1/8 complete
[delivery:requirements] Turn 2/8: task.md — segment 1/6 — Abschlussaufgabe 2 — Skiroutenplaner
● [adaptive-context] GET
  http://localhost:4444/api/agents/7af7809a-adce-4fa9-9609-fd61059de0ff/sessions/20260724-002111-req
  /context?input=Dokument%3A+task.md%0ASegment%3A+1%2F6%0AAbschnitt%3A+Abschlussaufgabe+2+%E2%80%94+
  Skiroutenplaner%0A%0ALies+diesen+Abschnitt+sorgf%C3%A4ltig+und+behalte+den+Kontext.+Erstelle+noch+
  keinen+Backlog+und+noch+keine+Tasks.+Warte+damit+bis+zum+abschlie%C3%9Fenden+%2Ffinalize.%0A%0A%23
  +Abschlussaufgabe+2+%E2%80%94+Skiroutenplaner%0A%0A**Vorlesung%3A**+Programmieren%0A**Semester%3A*
  *+Wintersemester+2025%2F26%0A**Dozent%3A**+Prof.+Dr.-Ing.+Anne+Koziolek%0A**Gruppe%3A**+Institute+
  of+Information+Security+and+Dependability+%28KASTEL%29%0A**Punkte%3A**+20+Punkte%0A**Version%3A**+
  1.1&project=ProgrammingWT2526-Final2&role=requirements&task=Understand+the+wt2526final02+and+creat
  e+its+backlog+when+prompted.&timestamp=2026-07-23T22%3A24%3A13.119Z&domain=wt2526final02

● adaptive-memory extension active (role=requirements, memorySession=20260724-002111-req) - type
  /memory-help. MCP tools registered (memory=true, backlog=true).







Changes    +0 -0
Duration   31s
Tokens     ↑ 22.2k (1.2k cached) • ↓ 321 (150 reasoning)
[delivery:requirements] Turn 2/8 complete
[delivery:requirements] Turn 3/8: task.md — segment 2/6 — Abschlussaufgabe 2 — Skiroutenplaner > Einführung
● [adaptive-context] GET
  http://localhost:4444/api/agents/7af7809a-adce-4fa9-9609-fd61059de0ff/sessions/20260724-002111-req
  /context?input=Dokument%3A+task.md%0ASegment%3A+2%2F6%0AAbschnitt%3A+Abschlussaufgabe+2+%E2%80%94+
  Skiroutenplaner+%3E+Einf%C3%BChrung%0A%0ALies+diesen+Abschnitt+sorgf%C3%A4ltig+und+behalte+den+Kon
  text.+Erstelle+noch+keinen+Backlog+und+noch+keine+Tasks.+Warte+damit+bis+zum+abschlie%C3%9Fenden+%
  2Ffinalize.%0A%0A%23%23+Einf%C3%BChrung%0A%0AIn+dieser+Aufgabe+implementieren+Sie+ein+System+zum+P
  lanen+eines+Skitages.+Basierend+auf+Liften%2C+Pisten+und+den+K%C3%B6nnen+und+Pr%C3%A4ferenzen+des+
  Nutzers+soll+es+den+ideale+Folge+von+Liften+und+Pisten+bestimmen%2C+so+dass+eine+optimale+und+zeit
  lich+machbare+Route+vorgeschlagen+wird.%0A%0AIm+Folgenden+werden+zun%C3%A4chst+die+vorkommenden+Ko
  nzepte+kurz+erkl%C3%A4rt.+Im+Anschluss+werden+die+geforderten+Befehle%2C+die+das+von+Ihnen+impleme
  ntierte+System+unterst%C3%BCtzen+soll%2C+mit+beispielhaften+Ein-+und+Ausgaben+beschrieben.&project
  =ProgrammingWT2526-Final2&role=requirements&task=Understand+the+wt2526final02+and+create+its+backl
  og+when+prompted.&timestamp=2026-07-23T22%3A24%3A24.853Z&domain=wt2526final02

● adaptive-memory extension active (role=requirements, memorySession=20260724-002111-req) - type
  /memory-help. MCP tools registered (memory=true, backlog=true).







Changes    +0 -0
Duration   43s
Tokens     ↑ 22.6k (1.3k cached) • ↓ 262 (107 reasoning)
[delivery:requirements] Turn 3/8 complete
[delivery:requirements] Turn 4/8: task.md — segment 3/6 — Abschlussaufgabe 2 — Skiroutenplaner > 1 Konzepte
● [adaptive-context] GET http://localhost:4444/api/agents/7af7809a-adce-4fa9-9609-fd61059de0ff/sessi
  ons/20260724-002111-req/context?input=Dokument%3A+task.md%0ASegment%3A+3%2F6%0AAbschnitt%3A+Abschl
  ussaufgabe+2+%E2%80%94+Skiroutenplaner+%3E+1+Konzepte%0A%0ALies+diesen+Abschnitt+sorgf%C3%A4ltig+u
  nd+behalte+den+Kontext.+Erstelle+noch+keinen+Backlog+und+noch+keine+Tasks.+Warte+damit+bis+zum+abs
  chlie%C3%9Fenden+%2Ffinalize.%0A%0A%23%23+1+Konzepte%0A%0AIm+Folgenden+werden+alle+f%C3%BCr+diese+
  Aufgabe+relevanten+Konzepte+anhand+eines+Beispiel+Skigebiets%2C+dargestellt+im+Beispiel-Skigebiet+
  %28siehe+%60listings%2FexampleSkiArea.png%60%2C+Beispiel+Skiegebiet+mit+2+Liften+und+3+Pisten%29%2
  C+erl%C3%A4utert.%0A%0A%23%23%23+1.1+Skigebiet%0A%0AEin+Skigebiet+ist+ein+zusammenh%C3%A4ngender+g
  erichteter+Graph%2C+der+aus+Liften+und+Pisten+besteht.+Ein+Gebiet+enth%C3%A4lt+mindestens+einen+Li
  ft+%28Talstation%29+und+mindestens+eine+Piste.%0AJeder+Lift+und+jede+Piste+ist+mit+*1+..+n*+Liften
  +und+Pisten+verbunden.+Es+k%C3%B6nnen+also+Lifte+auf+Lifte+und+Pisten+und+Pisten+folgen%2C+sowie+j
  egliche+Kombination+aus+diesen.+Es+darf+keine+reflexiven+Verbindungen+geben%2C+also+kann+ein+Lift%
  2C+oder+eine+Piste+nicht+mit+sich+selbst+verbunden+sein.+Es+darf+symmetrische+Verbindungen+nur+zwi
  schen+Liften+und+Pisten+geben.%0A%0A%23%23%23%23+Lifte%0A%0ALifte+haben+einen+eindeutigen+Bezeichn
  er+und+k%C3%B6nnen+entweder+Gondeln+oder+Sessellifte+sein.+Sie+haben+einen+Startzeit+und+eine+Endz
  eit%2C+zwischen+denen+diese+fahren.+Dar%C3%BCber+hinaus+gibt+es+f%C3%BCr+jeden+Lift+eine+Fahrtdaue
  r+und+eine+Anstehzeit%2C+beides+angegeben+in+Minuten.+Ein+Lift+kann+nur+dann+genommen+werden%2C+we
  nn+Startzeit+%E2%89%A4+%28aktuelle+Zeit+%2B+Anstehzeit%29+%E2%89%A4+Endzeit+gilt.+Sollte+sie+also+
  vor+Start+des+Liftes+dort+sein%2C+m%C3%BCssen+sie+extra+warten%2C+sollten+sie+nach+Ende+des+Liftes
  +dort+sein%2C+k%C3%B6nnen+sie+ihn+**nicht**+verwenden.+Eine+besondere+Art+von+Liften+sind+Talstati
  onen%2C+an+denen+das+Skigebiet+betreten+und+verlassen+werden+kann.+Jedes+Skigebiet+verf%C3%BCgt+%C
  3%BCber+mindestens+eine+Talstation.+Im+Beispiel-Skigebiet+sind+Liften+mit+kantigen+Boxen+dargestel
  lt%2C+wobei+Talstation+eine+doppelte+Linie+haben.+Beispielsweise+ist+%60LiftA%60+eine+Talstation+m
  it+Gondel%2C+die+zwischen+8%3A00+Uhr+und+16%3A00+Uhr+f%C3%A4hrt%2C+wobei+die+Fahrt+10+Minuten+daue
  rt+und+die+Anstehzeit+2+Minuten+betr%C3%A4gt.%0A%0A%23%23%23%23+Pisten%0A%0APisten+haben+einen+ein
  deutigen+Bezeichner+und+sind+im+Beispiel-Skigebiet+mit+abgerundeten+Boxen+dargestellt.+Pisten+habe
  n+eine+Schwierigkeit+%28Blau%2C+Rot%2C+Schwarz%29+und+eine+Oberfl%C3%A4che+%28Normal%2C+Eisig%2C+B
  uckelig%29.+Dar%C3%BCber+hinaus+hat+jede+Piste+eine+L%C3%A4nge+in+Metern+und+eine+Anzahl+an+H%C3%B
  6henmeter%2C+die+zwischen+Start+und+Ende+der+Piste+%C3%BCberwunden+werden.+Beispielsweise+ist+%60P
  iste1%60+eine+blaue+Piste+mit+eisiger+Fl%C3%A4che%2C+die+2000+Meter+lang+ist+und+zwischen+Start+un
  d+Ende+500+H%C3%B6henmeter+liegen.%0A%0A%23%23%23%23+Grammatik%0A%0AWir+definieren+die+Skigebiete+
  in+einer+*Mermaid*-Syntax+%28%3Chttps%3A%2F%2Fmermaid.live%3E%29%2C+so+dass+diese+Online+visualisi
  ert+werden+k%C3%B6nnen.%0ADas+folgende+Beispiel+erzeugt+das+Beispiel-Skigebiet+%28siehe+%60listing
  s%2FexampleSkiArea.png%60%29.%0A%0ADatei+%60example_graph.txt%60%3A%0A%0A%60%60%60%0Agraph%0A++++L
  iftA%5B%5BLiftA%3Cbr%2F%3EGONDOLA%3B08%3A00%3B16%3A00%3B10%3B2%5D%5D%0A++++Piste1%28%5BPiste1%3Cbr
  %2F%3EBLUE%3BICY%3B2000%3B500%5D%29%0A++++LiftB%5BLiftB%3Cbr%2F%3ECHAIRLIFT%3B08%3A30%3B16%3A15%3B
  5%3B1%5D%0A++++Piste2%28%5BPiste2%3Cbr%2F%3ERED%3BBUMPY%3B2000%3B200%5D%29%0A++++Piste3%28%5BPiste
  3%3Cbr%2F%3EBLACK%3BREGULAR%3B2000%3B1000%5D%29%0A++++LiftA+--%3E+Piste1%0A++++Piste1+--%3E+LiftB%
  0A++++LiftB+--%3E+Piste2%0A++++LiftB+--%3E+Piste3%0A++++Piste2+--%3E+LiftB%0A++++Piste3+--%3E+Lift
  A%0A%60%60%60%0A%0ADas+Format+der+Skigebiets-Datei+ist+durch+folgende+BNF-Grammatik+%28Backus-Naur
  -Form%2C+siehe+z.B.+%3Chttp%3A%2F%2Fde.wikipedia.org%2Fwiki%2FBackus-Naur-Form%3E%29+gegeben.+Term
  inalsymbole+sind+im+%60Typewriter%60-Stil+geschrieben.+Abweichend+von+der+BNF+sind+die+Nichttermin
  alsymbole+*time*%2C+*integer*+sowie+*id*+jeweils+durch+einen+regul%C3%A4ren+Ausdruck+spezifiziert%
  2C+der+die+Menge+der+g%C3%BCltigen+Terminalsymbole+ausdr%C3%BCckt.%0A%0A**BNF-Grammatik+des+Skigeb
  iets**%0A%0A%60%60%60%0Aarea+%3A%3A%3D+%60graph%60+definitions+edges%0A%0Adefinitions+%3A%3A%3D+de
  finition+%28definitions+%7C+%CE%B5%29%0A%0Aedges+%3A%3A%3D+edge+%28edges+%7C+%CE%B5%29%0A%0Adefini
  tion+%3A%3A%3D+regularLiftDefinition+%7C+transitLiftDefinition+%7C+slopeDefinition%0A%0AregularLif
  tDefinition+%3A%3A%3D+id+%60%5B%60+id+%60%3Cbr%2F%3E%60+liftType+%60%3B%60+time+%60%3B%60+time+%60
  %3B%60+meter+%60%3B%60+meter+%60%5D%60%0A%0AtransitLiftDefinition+%3A%3A%3D+id+%60%5B%5B%60+id+%60
  %3Cbr%2F%3E%60+liftType+%60%3B%60+time+%60%3B%60+time+%60%3B%60+meter+%60%3B%60+meter+%60%5D%5D%60
  %0A%0AslopeDefinition+%3A%3A%3D+id+%60%28%5B%60+id+%60%3Cbr%2F%3E%60+difficulty+%60%3B%60+surface+
  %60%3B%60+meter+%60%3B%60+meter+%60%5D%29%60%0A%0Aedge+%3A%3A%3D+id+%60--%3E%60+id%0A%0AliftType+%
  3A%3A%3D+%60GONDOLA%60+%7C+%60CHAIRLIFT%60%0A%0Adifficulty+%3A%3A%3D+%60BLUE%60+%7C+%60RED%60+%7C+
  %60BLACK%60%0A%0Asurface+%3A%3A%3D+%60REGULAR%60+%7C+%60ICY%60+%7C+%60BUMPY%60%0A%0Atime+%3A%3A%3D
  +%60%5B0-9%5D%5B0-9%5D%3A%5B0-9%5D%5B0-9%5D%60%0A%0Ameter+%3A%3A%3D+%60%5B0-9%5D%2B%60%0A%0Aid+%3A
  %3A%3D+%60%5Ba-zA-Z0-9_%5D%2B%60%0A%60%60%60%0A%0A%23%23%23+1.2+Skifahrer%0A%0AEin+weitere+Zentral
  e+Rolle+f%C3%BCr+die+Routenplanung+spielen+der+Skifahrer+und+seine+Fertigkeiten%2C+Pr%C3%A4ferenze
  n+und+Tagesziele.+Diese+werden+im+Folgenden+erl%C3%A4utert.%0A%0A%23%23%23%23+Fertigkeiten%0A%0ADi
  e+Fertigkeiten+eines+Skifahrers+lassen+sich+in+die+Kategorien+Anf%C3%A4nger%2C+Fortgeschritten+und
  +Experte+unterteilen.+Anhand+dieser+Fertigkeit+und+den+Eigenschaft+einer+Piste+%28siehe+Abschnitt+
  **Pisten**%29+bestimmt+sich+die+Zeit%2C+die+ein+Skifahrer+f%C3%BCr+das+Bew%C3%A4ltigen+der+Piste+b
  raucht.%0A%0ASei+*L*+die+L%C3%A4nge+der+Piste+in+Metern%2C+*%CE%94h*+der+Unterschied+an+H%C3%B6hen
  metern%2C+*M*%3Csub%3Edifficulty%3C%2Fsub%3E+der+Schwierigkeitsmodifikator%2C+*M*%3Csub%3Esurface%
  3C%2Fsub%3E+der+Oberfl%C3%A4chenmodifikator%2C+*M*%3Csub%3Eskill%3C%2Fsub%3E+der+Fertigkeitsmodifi
  kator%2C+und+*r*+die+Steigung.%0A%0AHierbei+gilt%3A%0A%0A-+*M*%3Csub%3Edifficulty%3C%2Fsub%3E%3A%0
  A++-+1.00%2C+blue%0A++-+1.15%2C+red%0A++-+1.35%2C+black%0A-+*M*%3Csub%3Esurface%3C%2Fsub%3E%3A%0A+
  +-+1.00%2C+regular%0A++-+1.20%2C+bumpy%0A++-+1.30%2C+icy%0A-+*M*%3Csub%3Eskill%3C%2Fsub%3E%3A%0A++
  -+1.35%2C+beginner%0A++-+1.10%2C+intermediate%0A++-+0.90%2C+expert%0A-+*r*+%3D+*%CE%94h*+%2F+*L*%0
  A%0AZusammen+ergibt+sich+die+Zeit+*T*+in+Sekunden%2C+die+ein+Skifahren+f%C3%BCr+eine+Piste+braucht
  +wie+folgt%3A%0A%0A*T*+%3D+%E2%8C%88+%28*L*+%2F+8%29+%C2%B7+*M*%3Csub%3Edifficulty%3C%2Fsub%3E+%C2
  %B7+*M*%3Csub%3Esurface%3C%2Fsub%3E+%C2%B7+%281+%2B+2*r*%29+%C2%B7+*M*%3Csub%3Eskill%3C%2Fsub%3E+%
  E2%8C%89%0A%0A%23%23%23%23+Ziele%0A%0AEin+Skifahrer+w%C3%A4hlt+f%C3%BCr+seinen+Skitag+genau+**ein+
  Ziel**+sowie+ein+Zeitfenster+%5B*t*%3Csub%3Estart%3C%2Fsub%3E%2C+*t*%3Csub%3Eend%3C%2Fsub%3E%5D.%0
  AGesucht+ist+eine+g%C3%BCltige+Route+durch+das+Skigebiet%2C+die%0A%0A-+an+einer+Talstation+startet
  %2C%0A-+nur+zul%C3%A4ssige+Lifte+%28unter+Ber%C3%BCcksichtigung+von+%C3%96ffnungszeiten+und+Ansteh
  zeit%29+verwendet%2C%0A-+alle+Fahrzeiten+von+Liften+und+Pisten+korrekt+ber%C3%BCcksichtigt%2C%0A-+
  und+sp%C3%A4testens+zur+Zeit+*t*%3Csub%3Eend%3C%2Fsub%3E+wieder+an+einer+Talstation+endet.%0A%0AF%
  C3%BCr+die+Bewertung+einer+Route+werden+**ausschlie%C3%9Flich**+befahrene+Pisten+ber%C3%BCcksichti
  gt.%0AJe+nach+gew%C3%A4hltem+Ziel+ist+der+jeweilige+Nutzenwert+*U%28R%29*+zu+maximieren%3A%0A%0A-+
  **Maximale+H%C3%B6henmeter**%0A%0A++*U*%3Csub%3E%CE%94h%3C%2Fsub%3E%28*R*%29+%3D+%CE%A3%3Csub%3Es+
  %E2%88%88+S%28R%29%3C%2Fsub%3E+*%CE%94h%28s%29*%0A%0A-+**Maximale+Strecke**%0A%0A++*U*%3Csub%3EL%3
  C%2Fsub%3E%28*R*%29+%3D+%CE%A3%3Csub%3Es+%E2%88%88+S%28R%29%3C%2Fsub%3E+*L%28s%29*%0A%0A-+**Maxima
  le+Anzahl+an+Pistenfahrten**%0A%0A++*U*%3Csub%3E%23%3C%2Fsub%3E%28*R*%29+%3D+%7C*S%28R%29*%7C%0A%0
  A-+**Maximale+Anzahl+unterschiedlicher+Pisten**%0A%0A++*U*%3Csub%3Eunique%3C%2Fsub%3E%28*R*%29+%3D
  +%7C%7B+*s*+%7C+*s*+%E2%88%88+*S%28R%29*+%7D%7C%0A%0ADabei+bezeichnet+*S%28R%29*+die+Folge+aller+i
  n+der+Route+*R*+befahrenen+Pisten.%0AMehrfaches+Befahren+einer+Piste+erh%C3%B6ht+den+Nutzen+bei+*U
  *%3Csub%3E%CE%94h%3C%2Fsub%3E%2C+*U*%3Csub%3EL%3C%2Fsub%3E+und+*U*%3Csub%3E%23%3C%2Fsub%3E+entspre
  chend+mehrfach.+Beim+Ziel+*U*%3Csub%3Eunique%3C%2Fsub%3E+tr%C3%A4gt+eine+Piste+genau+dann+zum+Nutz
  en+bei%2C+wenn+sie+mindestens+einmal+befahren+wurde%3B+die+Anzahl+ihrer+Befahrungen+ist+dabei+uner
  heblich.%0A%0A*Hinweis%3A*+Die+Problemstellung+entspricht+einer+Routenoptimierung+in+einem+gericht
  eten+Graphen+mit+Zeitrestriktion.+Geeignete+L%C3%B6sungsstrategien+aus+dem+Bereich+der+Pfad-+und+G
  raphalgorithmen+k%C3%B6nnen+hierf%C3%BCr+angepasst+werden.%0A%0A%23%23%23%23+Pr%C3%A4ferenzen%0A%0
  AEin+Skifahrer+kann+sowohl+Vorlieben+als+auch+Abneigungen+hinsichtlich+der+Schwierigkeit+und+der+O
  berfl%C3%A4chenbeschaffenheit+von+Pisten+haben.+Beispielsweise+kann+ein+Skifahrer+schwarze+Pisten+
  bevorzugen%2C+jedoch+eisige+Oberfl%C3%A4chen+meiden.%0A%0ADiese+Pr%C3%A4ferenzen+werden+in+dieser+
  Aufgabe+verwendet%2C+um+Gleichst%C3%A4nde+bei+der+Routenwahl+aufzul%C3%B6sen.+Wenn+bei+der+Erstell
  ung+einer+Route+zwei+Pisten+f%C3%BCr+das+gew%C3%A4hlte+Ziel+gleicherma%C3%9Fen+infrage+kommen%2C+w
  ird+jene+Piste+ausgew%C3%A4hlt%2C+die+den+Pr%C3%A4ferenzen+des+Fahrers+st%C3%A4rker+entspricht.%0A
  %0AF%C3%BCr+jede+%C3%9Cbereinstimmung+mit+einer+positiven+Pr%C3%A4ferenz+wird+ein+Wert+von+%2B1+ve
  rgeben%2C+f%C3%BCr+jede+%C3%9Cbereinstimmung+mit+einer+negativen+Pr%C3%A4ferenz+ein+Wert+von+%E2%8
  8%921.+Die+Summe+dieser+Werte+wird+f%C3%BCr+beide+Routen+berechnet+und+miteinander+verglichen.+Gew
  %C3%A4hlt+wird+die+Route+mit+dem+h%C3%B6heren+Gesamtwert.%0A%0ABesteht+weiterhin+Gleichstand%2C+so
  +wird+die+Route+ausgew%C3%A4hlt%2C+deren+Bezeichner+lexikografisch+vor+den+Bezeichnern+der+anderen
  +liegt.&project=ProgrammingWT2526-Final2&role=requirements&task=Understand+the+wt2526final02+and+c
  reate+its+backlog+when+prompted.&timestamp=2026-07-23T22%3A24%3A36.780Z&domain=wt2526final02

● adaptive-memory extension active (role=requirements, memorySession=20260724-002111-req) - type
  /memory-help. MCP tools registered (memory=true, backlog=true).







Changes    +0 -0
Duration   1m 6s
Tokens     ↑ 25.4k (1.3k cached) • ↓ 1.0k (554 reasoning)
[delivery:requirements] Turn 4/8 complete
[delivery:requirements] Turn 5/8: task.md — segment 4/6 — Abschlussaufgabe 2 — Skiroutenplaner > 2 Hinweise zur Implementierung
● [adaptive-context] GET http://localhost:4444/api/agents/7af7809a-adce-4fa9-9609-fd61059de0ff/sessi
  ons/20260724-002111-req/context?input=Dokument%3A+task.md%0ASegment%3A+4%2F6%0AAbschnitt%3A+Abschl
  ussaufgabe+2+%E2%80%94+Skiroutenplaner+%3E+2+Hinweise+zur+Implementierung%0A%0ALies+diesen+Abschni
  tt+sorgf%C3%A4ltig+und+behalte+den+Kontext.+Erstelle+noch+keinen+Backlog+und+noch+keine+Tasks.+War
  te+damit+bis+zum+abschlie%C3%9Fenden+%2Ffinalize.%0A%0A%23%23+2+Hinweise+zur+Implementierung%0A%0A
  Nach+dem+Start+nimmt+Ihr+Programm+%C3%BCber+die+Kommandozeile+mittels+der+Standardeingabe+Eingaben
  +entgegen%2C+die+im+Folgenden+n%C3%A4her+spezifiziert+werden.+Alle+Befehle+werden+auf+dem+aktuelle
  n+Zustand+des+Programms+ausgef%C3%BChrt.+Nach+Abarbeitung+einer+Eingabe+wartet+Ihr+Programm+auf+we
  itere+Eingaben%2C+bis+das+Programm+irgendwann+durch+die+Eingabe+der+Zeichenfolge+%60quit%60+beende
  t+wird.%0A%0AIm+Folgenden+werden+Eingabezeilen+mit+einer+schlie%C3%9Fenden+spitzen+Klammer+%28%60%
  3E%60%29+gefolgt+von+einem+Leerzeichen+eingeleitet.+Diese+beiden+Zeichen+sind+kein+Bestandteil+des
  +eingegebenen+Befehls%2C+sondern+dienen+der+Unterscheidung+von+Ein-+und+Ausgabezeilen.%0A%0AAchten
  +Sie+darauf%2C+dass+durch+die+Ausf%C3%BChrung+der+folgenden+Befehle+die+gegebenen+semantischen+und
  +syntaktischen+Spezifikationen+nicht+verletzt+werden+und+geben+Sie+bei+Verletzung+der+Spezifikatio
  nen+immer+eine+aussagekr%C3%A4ftige+Fehlermeldung+aus.%0AWenn+die+Benutzereingabe+nicht+dem+vorgeg
  ebenen+Format+entspricht%2C+ist+auch+eine+Fehlermeldung+auszugeben.+Nach+der+Ausgabe+einer+Fehlerm
  eldung+soll+das+Programm+wie+erwartet+fortfahren+und+wieder+auf+die+n%C3%A4chste+Eingabe+warten.%0
  ADie+Fehlermeldung+sollte+so+geformt+sein%2C+dass+f%C3%BCr+den+Benutzer+erkenntlich+ist%2C+warum+e
  ine+Eingabe+abgelehnt+wurde.%0A%0ADa+wir+automatische+Tests+Ihrer+interaktiven+Benutzerschnittstel
  le+durchf%C3%BChren%2C+m%C3%BCssen+die+Ausgaben+exakt+den+Vorgaben+entsprechen.+Insbesondere+solle
  n+sowohl+Klein-+und+Gro%C3%9Fbuchstaben+als+auch+die+Leerzeichen+und+Zeilenumbr%C3%BCche+genau+%C3
  %BCbereinstimmen.+Setzen+Sie+nur+die+in+der+Aufgabenstellung+angegebenen+Informationen+um.+Geben+S
  ie+auch+keine+zus%C3%A4tzlichen+Informationen+aus.+Bei+Fehlermeldungen+d%C3%BCrfen+Sie+den+englisc
  hsprachigen+Text+frei+w%C3%A4hlen%2C+er+sollte+jedoch+sinnvoll+sein.+Jede+Fehlermeldung+muss+aber+
  mit+%60Error%2C%60+beginnen+und+darf+keine+Sonderzeichen%2C+wie+beispielsweise+Zeilenumbr%C3%BCche
  +oder+Umlaute%2C+enthalten.%0A%0AWenn+nicht+anders+angegeben%2C+ist+f%C3%BCr+Eingabe+immer+die+Sta
  ndardeingabe+%60System.in%60+zu+verwenden.+Wenn+nicht+anders+angegeben%2C+ist+f%C3%BCr+Ausgaben+im
  mer+die+Standardausgabe+%60System.out%60+zu+verwenden.+F%C3%BCr+Fehlermeldungen+kann+anstelle+der+
  Standardausgabe+optional+die+Standardfehlerausgabe+%60System.err%60+verwendet+werden.+Weisen+Sie+d
  iese+Standardeingabe+und+-ausgabe+niemals+neu+zu.%0A%0ABeachten+Sie%2C+dass+bei+der+Beschreibung+d
  er+Eingabe-+und+Ausgabeformate+die+W%C3%B6rter+zwischen+spitzen+Klammen+f%C3%BCr+Platzhalter+stehe
  n%2C+die+bei+der+konkreten+Ein-+und+Ausgabe+durch+Werte+ersetzt+werden.+Diese+eigentlichen+Werte+e
  nthalten+bei+der+Ein-+und+Ausgabe+keine+spitzen+Klammern.+Vergleichen+Sie+hierzu+auch+den+Beispiel
  ablauf.&project=ProgrammingWT2526-Final2&role=requirements&task=Understand+the+wt2526final02+and+c
  reate+its+backlog+when+prompted.&timestamp=2026-07-23T22%3A24%3A59.756Z&domain=wt2526final02

● adaptive-memory extension active (role=requirements, memorySession=20260724-002111-req) - type
  /memory-help. MCP tools registered (memory=true, backlog=true).







Changes    +0 -0
Duration   1m 19s
Tokens     ↑ 26.7k (1.3k cached) • ↓ 269 (12 reasoning)
[delivery:requirements] Turn 5/8 complete
[delivery:requirements] Turn 6/8: task.md — segment 5/6 — Abschlussaufgabe 2 — Skiroutenplaner > 3 Funktionalität
● [adaptive-context] GET http://localhost:4444/api/agents/7af7809a-adce-4fa9-9609-fd61059de0ff/sessi
  ons/20260724-002111-req/context?input=Dokument%3A+task.md%0ASegment%3A+5%2F6%0AAbschnitt%3A+Abschl
  ussaufgabe+2+%E2%80%94+Skiroutenplaner+%3E+3+Funktionalit%C3%A4t%0A%0ALies+diesen+Abschnitt+sorgf%
  C3%A4ltig+und+behalte+den+Kontext.+Erstelle+noch+keinen+Backlog+und+noch+keine+Tasks.+Warte+damit+
  bis+zum+abschlie%C3%9Fenden+%2Ffinalize.%0A%0A%23%23+3+Funktionalit%C3%A4t%0A%0AIm+Folgenden+wird+
  die+erforderliche+Funktionalit%C3%A4t+des+Systems+beschrieben.%0A%0A%23%23%23+3.1+Platzhalter%0A%0
  AZus%C3%A4tzlich+zu+den+Nichtterminalsymbolen+aus+der+BNF-Grammatik+sind+folgende+Platzhalter+defi
  niert%3A%0A%0A-+**%60%3Cgoal%3E%60%3A**+Ziel+der+Route+%28%60ALTITUDE%60%2C+%60DISTANCE%60%2C+%60N
  UMBER%60%2C+%60UNIQUE%60%29%0A-+**%60%3Cskill%3E%60%3A**+Fertigkeit+des+Fahrers+%28%60BEGINNER%60%
  2C+%60INTERMEDIATE%60%2C+%60EXPERT%60%29%0A%0A%23%23%23+3.2+Befehle%0A%0A%23%23%23%23+Der+%60quit%
  60-Befehl%0A%0ADer+parameterlose+Befehl+erm%C3%B6glicht+es+das+Programm+vollst%C3%A4ndig+zu+beende
  n.+Beachten+Sie%2C+dass+hierf%C3%BCr+keine+Methoden+wie+%60System.exit%28%29%60+oder+%60Runtime.ex
  it%28%29%60+verwendet+werden+d%C3%BCrfen.%0A%0A**Eingabe%3A**+%60quit%60%0A%0ABeispiel%3A%0A%0A%60
  %60%60%0A%3E+quit%0A%60%60%60%0A%0A%23%23%23%23+Der+%60load+area%60-Befehl%0A%0AL%C3%A4dt+eine+spe
  zifizierte+Datei%2C+parsed+den+Inhalt+und+validiert+das+enthaltene+Skigebiet.%0AZu+Testzwecken+sol
  l+der+Befehl+den+Inhalt+der+Datei+Verbatim+ausgeben.%0AWird+der+Befehl+mehrfach+ausgef%C3%BChrt%2C
  +so+wird%2C+falls+das+neue+Gebiet+g%C3%BCltig+ist%2C+das+alte+%C3%BCberschrieben+und+die+eventuell
  +laufende+Route+abgebrochen.%0A%0A**Eingabe%3A**+%60load+area+%3Cpath%3E%60%0A%0A**Ausgabe%3A**+Ve
  rbatim+Inhalt+der+Datei%0A%0A%C3%9Cberpr%C3%BCfen+Sie+beim+Validieren+insbesondere+ob%3A%0A%0A-+al
  le+Bezeichner+eindeutig+sind%0A-+das+Skigebiet+zusammenh%C3%A4ngend+ist%0A-+das+es+mindestens+eine
  +Talstation+und+eine+Piste+gibt%0A%0ABeispiel%3A%0A%0A%60%60%60%0A%3E+load+area+.%2Farea.txt%0Agra
  ph%0A++++LiftA%5B%5BLiftA%3Cbr%2F%3EGONDOLA%3B08%3A00%3B16%3A00%3B10%3B2%5D%5D%0A++++Piste1%28%5BP
  iste1%3Cbr%2F%3EBLUE%3BICY%3B2000%3B500%5D%29%0A++++LiftB%5BLiftB%3Cbr%2F%3ECHAIRLIFT%3B08%3A30%3B
  16%3A15%3B5%3B1%5D%0A++++Piste2%28%5BPiste2%3Cbr%2F%3ERED%3BBUMPY%3B2000%3B200%5D%29%0A++++Piste3%
  28%5BPiste3%3Cbr%2F%3EBLACK%3BREGULAR%3B2000%3B1000%5D%29%0A++++LiftA+--%3E+Piste1%0A++++Piste1+--
  %3E+LiftB%0A++++LiftB+--%3E+Piste2%0A++++LiftB+--%3E+Piste3%0A++++Piste2+--%3E+LiftB%0A++++Piste3+
  --%3E+LiftA%0A%60%60%60%0A%0A%23%23%23%23+Der+%60list+lifts%60-Befehl%0A%0AGibt+alle+Lifte+%28und+
  deren+Eigenschaften%29+aufsteigend+sortiert+nach+dem+Bezeichner+aus.%0AEs+wird+ein+Lift+pro+Zeile+
  ausgegeben.+Falls+es+sich+um+eine+Talstation+handelt%2C+so+kommt+am+Ende+der+Zeile+zus%C3%A4tzlich
  +die+Ausgabe+%60TRANSIT%60.%0A%0A**Eingabe%3A**+%60list+lifts%60%0A%0A**Ausgabe%3A**+%60%3Cid%3E+%
  3CliftType%3E+%3Ctime%3E+%3Ctime%3E+%3Cmeter%3E+%3Cmeter%3E+%5BTRANSIT%5D%60%0A%0ABeispiel%3A%0A%0
  A%60%60%60%0A%3E+list+lifts%0ALiftA+GONDOLA+08%3A00+16%3A00+10+2+TRANSIT%0ALiftB+CHAIRLIFT+08%3A30
  +16%3A15+5+1%0A%60%60%60%0A%0A%23%23%23%23+Der+%60list+slopes%60-Befehl%0A%0AGibt+alle+Pisten+%28u
  nd+deren+Eigenschaften%29+aufsteigend+sortiert+nach+dem+Bezeichner+aus.%0AEs+wird+eine+Piste+pro+Z
  eile+ausgegeben.%0A%0A**Eingabe%3A**+%60list+slopes%60%0A%0A**Ausgabe%3A**+%60%3Cid%3E+%3Cdifficul
  ty%3E+%3Csurface%3E+%3Cmeter%3E+%3Cmeter%3E%60%0A%0ABeispiel%3A%0A%0A%60%60%60%0A%3E+list+slopes%0
  APiste1+BLUE+ICY+2000+500%0APiste2+RED+BUMPY+2000+200%0APiste3+BLACK+REGULAR+2000+1000%0A%60%60%60
  %0A%0A%23%23%23%23+Der+%60set+skill%60-Befehl%0A%0ASetzt+die+Fertigkeit+des+Skifahrers+auf+den+Ang
  egeben+Wert.%0A%0A**Eingabe%3A**+%60set+skill+%3Cskill%3E%60%0A%0ABeispiel%3A%0A%0A%60%60%60%0A%3E
  +set+skill+EXPERT%0A%60%60%60%0A%0A%23%23%23%23+Der+%60set+goal%60-Befehl%0A%0ASetzt+das+Ziel+des+
  Skifahrers+auf+den+Angegeben+Wert.%0A%0A**Eingabe%3A**+%60set+goal+%3Cgoal%3E%60%0A%0ABeispiel%3A%
  0A%0A%60%60%60%0A%3E+set+goal+DISTANCE%0A%60%60%60%0A%0A%23%23%23%23+Der+%60like%60-Befehl%0A%0ASp
  eichert+die+Vorliebe+einer+Schwierigkeit+oder+Oberfl%C3%A4che+von+Pisten.%0A%0A**Eingabe%3A**+%60l
  ike+%3Cdifficulty%3E%7C%3Csurface%3E%60%0A%0ABeispiel%3A%0A%0A%60%60%60%0A%3E+like+BLUE%0A%60%60%6
  0%0A%0A%23%23%23%23+Der+%60dislike%60-Befehl%0A%0ASpeichert+die+das+Abneigung+einer+Schwierigkeit+
  oder+Oberfl%C3%A4che+von+Pisten.%0A%0A**Eingabe%3A**+%60dislike+%3Cdifficulty%3E%7C%3Csurface%3E%6
  0%0A%0ABeispiel%3A%0A%0A%60%60%60%0A%3E+dislike+BUMPY%0A%60%60%60%0A%0A%23%23%23%23+Der+%60reset+p
  reference%60-Befehl%0A%0ASetzt+alle+Vorlieben+des+Skifahrers+auf+neutral+zur%C3%BCck.%0A%0A**Einga
  be%3A**+%60reset+preferences%60%0A%0ABeispiel%3A%0A%0A%60%60%60%0A%3E+reset+preferences%0A%60%60%6
  0%0A%0A%23%23%23%23+Der+%60plan%60-Befehl%0A%0APlant+eine+neue+Route+im+Zeitlichen+Rahmen%2C+die+a
  n+der+angegeben+Talstation+beginnt+und+endet.%0AErfordert%2C+dass+ein+Skigebiet+geladen+ist%2C+Zie
  l+und+K%C3%B6nnen+festgesetzt+wurden+und+momentan+keine+Route+l%C3%A4uft.+Ferner+muss+die+Endzeit+
  nach+der+Startzeit+liegen.+Sollte+keine+Route+gefunden+werden%2C+da+alle+Lifte+in+der+angegebenen+
  Zeitspanne+geschlossen+sind%2C+so+soll+ein+Fehler+ausgegeben+werden.%0A%0A**Eingabe%3A**+%60plan+%
  3Cid%3E+%3Ctime%3E+%3Ctime%3E%60%0A%0A**Ausgabe%3A**+%60route+planned%60%0A%0ABeispiel%3A%0A%0A%60
  %60%60%0A%3E+plan+LiftA+08%3A30+15%3A45%0Aroute+planned%0A%60%60%60%0A%0A%23%23%23%23+Der+%60abort
  %60-Befehl%0A%0AFalls+gerade+eine+Route+geplant+ist+oder+schon+bereits+begonnen+wurde%2C+so+wird+d
  iese+Abgebrochen.+Dies+entfernt+auch+den+Skifahrer+aus+dem+Skigebiet.%0A%0A**Eingabe%3A**+%60abort
  %60%0A%0A**Ausgabe%3A**+%60route+aborted%60%0A%0ABeispiel%3A%0A%0A%60%60%60%0A%3E+abort%0Aroute+ab
  orted%0A%60%60%60%0A%0A%23%23%23%23+Der+%60next%60-Befehl%0A%0AFalls+gerade+eine+Route+geplant+ist
  +oder+schon+bereits+begonnen+wurde%2C+so+wird+der+n%C3%A4chste+Lift+oder+die+n%C3%A4chste+Piste+au
  sgegeben.%0A%0A**Eingabe%3A**+%60next%60%0A%0A**Ausgabe%3A**+%60%3Cid%3E%60%0A%0ABeispiel%3A%0A%0A
  %60%60%60%0A%3E+next%0ALiftA%0A%60%60%60%0A%0ASollte+die+Route+beendet+sein%2C+so+wird+stattdessen
  +%60route+finished%21%60+ausgegeben.%0A%0ABeispiel%3A%0A%0A%60%60%60%0A%3E+next%0Aroute+finished%2
  1%0A%60%60%60%0A%0A%23%23%23%23+Der+%60take%60-Befehl%0A%0ADarf+nur+**direkt**+nach+dem+%60next%60
  -Befehl+ausgef%C3%BChrt+werden%2C+wodurch+der+Fahrer+den+vorgeschlagenen+Lift+oder+die+vorgeschlag
  ene+Piste+nimmt.%0A%0A**Eingabe%3A**+%60take%60%0A%0ABeispiel%3A%0A%0A%60%60%60%0A%3E+next%0ALiftA
  %0A%3E+take%0A%60%60%60%0A%0A%23%23%23%23+Der+%60alternative%60-Befehl%0A%0ADarf+nur+**direkt**+na
  ch+dem+%60next%60-Befehl+ausgef%C3%BChrt+werden.+Falls+der+Fahrer+mindestens+die+Talstation+befahr
  en%2C+also+die+Route+begonnen+hat%2C+wird+versucht+eine+alternative+f%C3%BCr+den+n%C3%A4chsten+Lif
  t+oder+Piste+zu+berechnen.+Hierbei+wird+die+optimale+neue+Route+bestimmt%2C+die+nicht+den+urspr%C3
  %BCnglich+vorgeschlagenen+n%C3%A4chsten+Lift%2C+oder+Piste+als+n%C3%A4chsten+Schritt+enth%C3%A4lt.
  +Falls+es+eine+alternative+Route+gibt%2C+so+erfolgt+die+Ausgabe+mit+dem+vermiedenem+n%C3%A4chsten+
  Halt.%0A%0A**Eingabe%3A**+%60alternative%60%0A%0A**Ausgabe%3A**+%60avoided+%3Cid%3E%60%0A%0ABeispi
  el%3A%0A%0A%60%60%60%0A%3E+next%0APiste2%0A%3E+alternative%0Aavoided+Piste2%0A%3E+next%0APiste3+%0
  A%60%60%60%0A%0AFalls+es+keine+alternative+Route+gibt%2C+so+soll+stattdessen+%60no+alternative+fou
  nd%60+ausgegeben+werden.%0A%0ABeispiel%3A%0A%0A%60%60%60%0A%3E+next%0APiste1%0A%3E+alternative%0An
  o+alternative+found%0A%3E+next%0APiste1+%0A%60%60%60%0A%0A%23%23%23%23+Der+%60show+route%60-Befehl
  %0A%0AFalls+gerade+eine+Route+geplant+ist+oder+schon+bereits+begonnen+wurde%2C+so+wird+die+%28verb
  leibende%29+Route+ausgegeben.+Der+erste+Bezeichner+in+dieser+Liste+entspricht+der+n%C3%A4chsten+Pi
  ste+oder+dem+n%C3%A4chsten+Lift%2C+siehe+%60next%60-Befehl.%0A%0A**Eingabe%3A**+%60show+route%60%0
  A%0A**Ausgabe%3A**+%60%3Cid%3E+%3Cid%3E+...+%3Cid%3E%60%0A%0ABeispiel%3A%0A%0A%60%60%60%0A%3E+show
  +route%0ALiftA+Piste1+LiftB+Piste3%0A%60%60%60%0A%0A%23%23%23%23+Dynamisches+Planen%0A%0ADie+Befeh
  le+%60set+skill%60%2C+%60set+goal%60%2C+%60like%60%2C+%60dislike%60%2C+%60reset+preferences%60+k%C
  3%B6nnen+auch+benutzt+werden%2C+nachdem+eine+Route+geplant+oder+begonnen+worden+ist.+In+dem+Fall+w
  ird+die+Route+dynamisch+neu+berechnet.+Sollte+sich+der+Skifahrer+schon+auf+der+Route+befinden%2C+s
  o+ist+die+Startzeit+der+Route+die+aktuelle+Zeit+und+der+Startpunkt+die+aktuelle+Position+des+Skifa
  hrers.&project=ProgrammingWT2526-Final2&role=requirements&task=Understand+the+wt2526final02+and+cr
  eate+its+backlog+when+prompted.&timestamp=2026-07-23T22%3A25%3A11.967Z&domain=wt2526final02

● adaptive-memory extension active (role=requirements, memorySession=20260724-002111-req) - type
  /memory-help. MCP tools registered (memory=true, backlog=true).







Changes    +0 -0
Duration   1m 37s
Tokens     ↑ 29.0k (1.3k cached) • ↓ 930 (372 reasoning)
[delivery:requirements] Turn 6/8 complete
[delivery:requirements] Turn 7/8: examples.md — segment 6/6 — Beispiele — Abschlussaufgabe 2 (Skiroutenplaner)
● [adaptive-context] GET http://localhost:4444/api/agents/7af7809a-adce-4fa9-9609-fd61059de0ff/sessi
  ons/20260724-002111-req/context?input=Dokument%3A+examples.md%0ASegment%3A+6%2F6%0AAbschnitt%3A+Be
  ispiele+%E2%80%94+Abschlussaufgabe+2+%28Skiroutenplaner%29%0A%0ALies+diesen+Abschnitt+sorgf%C3%A4l
  tig+und+behalte+den+Kontext.+Erstelle+noch+keinen+Backlog+und+noch+keine+Tasks.+Warte+damit+bis+zu
  m+abschlie%C3%9Fenden+%2Ffinalize.%0A%0A%23+Beispiele+%E2%80%94+Abschlussaufgabe+2+%28Skiroutenpla
  ner%29%0A%0ADieses+Dokument+enth%C3%A4lt+die+in+der+Aufgabenstellung+referenzierten+Beispieldateie
  n+sowie+die+vollst%C3%A4ndige+Beispielinteraktion.+Sie+dienen+zur+Validierung+des+erwarteten+Verha
  ltens.+Die+Zeilennummern+und+die+Trennlinie+sind+kein+Bestandteil+der+Benutzerschnittstelle%3B+sie
  +dienen+lediglich+zur+Orientierung+in+der+gegebenen+Beispielinteraktion.+Eingabezeilen+werden+mit+
  einer+schlie%C3%9Fenden+spitzen+Klammer+%28%60%3E%60%29+gefolgt+von+einem+Leerzeichen+eingeleitet+
  %E2%80%94+diese+beiden+Zeichen+sind+kein+Bestandteil+des+eingegebenen+Befehls%2C+sondern+dienen+de
  r+Unterscheidung+zwischen+Ein-+und+Ausgabezeilen.%0A%0A%23%23+1+Beispiel-Skigebietsdatei%0A%0A%23%
  23%23+1.1+%60example_graph.txt%60+%28Beispiel-Skigebiet+mit+2+Liften+und+3+Pisten%29%0A%0A%60%60%6
  0%0Agraph%0A++++LiftA%5B%5BLiftA%3Cbr%2F%3EGONDOLA%3B08%3A00%3B16%3A00%3B10%3B2%5D%5D%0A++++Piste1
  %28%5BPiste1%3Cbr%2F%3EBLUE%3BICY%3B2000%3B500%5D%29%0A++++LiftB%5BLiftB%3Cbr%2F%3ECHAIRLIFT%3B08%
  3A30%3B16%3A15%3B5%3B1%5D%0A++++Piste2%28%5BPiste2%3Cbr%2F%3ERED%3BBUMPY%3B2000%3B200%5D%29%0A++++
  Piste3%28%5BPiste3%3Cbr%2F%3EBLACK%3BREGULAR%3B2000%3B1000%5D%29%0A++++LiftA+--%3E+Piste1%0A++++Pi
  ste1+--%3E+LiftB%0A++++LiftB+--%3E+Piste2%0A++++LiftB+--%3E+Piste3%0A++++Piste2+--%3E+LiftB%0A++++
  Piste3+--%3E+LiftA%0A%60%60%60%0A%0A%23%23+2+Beispiel-Befehlsausf%C3%BChrungen%0A%0A%23%23%23+2.1+
  %60quit%60%0A%0A%60%60%60%0A%3E+quit%0A%60%60%60%0A%0A%23%23%23+2.2+%60load+area%60%0A%0A%60%60%60
  %0A%3E+load+area+.%2Farea.txt%0Agraph%0A++++LiftA%5B%5BLiftA%3Cbr%2F%3EGONDOLA%3B08%3A00%3B16%3A00
  %3B10%3B2%5D%5D%0A++++Piste1%28%5BPiste1%3Cbr%2F%3EBLUE%3BICY%3B2000%3B500%5D%29%0A++++LiftB%5BLif
  tB%3Cbr%2F%3ECHAIRLIFT%3B08%3A30%3B16%3A15%3B5%3B1%5D%0A++++Piste2%28%5BPiste2%3Cbr%2F%3ERED%3BBUM
  PY%3B2000%3B200%5D%29%0A++++Piste3%28%5BPiste3%3Cbr%2F%3EBLACK%3BREGULAR%3B2000%3B1000%5D%29%0A+++
  +LiftA+--%3E+Piste1%0A++++Piste1+--%3E+LiftB%0A++++LiftB+--%3E+Piste2%0A++++LiftB+--%3E+Piste3%0A+
  +++Piste2+--%3E+LiftB%0A++++Piste3+--%3E+LiftA%0A%60%60%60%0A%0A%23%23%23+2.3+%60list+lifts%60%0A%
  0A%60%60%60%0A%3E+list+lifts%0ALiftA+GONDOLA+08%3A00+16%3A00+10+2+TRANSIT%0ALiftB+CHAIRLIFT+08%3A3
  0+16%3A15+5+1%0A%60%60%60%0A%0A%23%23%23+2.4+%60list+slopes%60%0A%0A%60%60%60%0A%3E+list+slopes%0A
  Piste1+BLUE+ICY+2000+500%0APiste2+RED+BUMPY+2000+200%0APiste3+BLACK+REGULAR+2000+1000%0A%60%60%60%
  0A%0A%23%23%23+2.5+%60set+skill%60%0A%0A%60%60%60%0A%3E+set+skill+EXPERT%0A%60%60%60%0A%0A%23%23%2
  3+2.6+%60set+goal%60%0A%0A%60%60%60%0A%3E+set+goal+DISTANCE%0A%60%60%60%0A%0A%23%23%23+2.7+%60like
  %60%0A%0A%60%60%60%0A%3E+like+BLUE%0A%60%60%60%0A%0A%23%23%23+2.8+%60dislike%60%0A%0A%60%60%60%0A%
  3E+dislike+BUMPY%0A%60%60%60%0A%0A%23%23%23+2.9+%60reset+preferences%60%0A%0A%60%60%60%0A%3E+reset
  +preferences%0A%60%60%60%0A%0A%23%23%23+2.10+%60plan%60%0A%0A%60%60%60%0A%3E+plan+LiftA+08%3A30+15
  %3A45%0Aroute+planned%0A%60%60%60%0A%0A%23%23%23+2.11+%60abort%60%0A%0A%60%60%60%0A%3E+abort%0Arou
  te+aborted%0A%60%60%60%0A%0A%23%23%23+2.12+%60next%60%0A%0A%60%60%60%0A%3E+next%0ALiftA%0A%60%60%6
  0%0A%0A%23%23%23+2.13+%60next%60+%28Route+beendet%29%0A%0A%60%60%60%0A%3E+next%0Aroute+finished%21
  %0A%60%60%60%0A%0A%23%23%23+2.14+%60take%60%0A%0A%60%60%60%0A%3E+next%0ALiftA%0A%3E+take%0A%60%60%
  60%0A%0A%23%23%23+2.15+%60alternative%60+%28mit+Alternative%29%0A%0A%60%60%60%0A%3E+next%0APiste2%
  0A%3E+alternative%0Aavoided+Piste2%0A%3E+next%0APiste3+%0A%60%60%60%0A%0A%23%23%23+2.16+%60alterna
  tive%60+%28keine+Alternative+vorhanden%29%0A%0A%60%60%60%0A%3E+next%0APiste1%0A%3E+alternative%0An
  o+alternative+found%0A%3E+next%0APiste1+%0A%60%60%60%0A%0A%23%23%23+2.17+%60show+route%60%0A%0A%60
  %60%60%0A%3E+show+route%0ALiftA+Piste1+LiftB+Piste3%0A%60%60%60%0A%0A%23%23+3+Vollst%C3%A4ndige+Be
  ispielinteraktion%0A%0A%60%60%60%0A%3E+load+area+.%2Finput%2Farea.txt%0Agraph%0A++++LiftA%5B%5BLif
  tA%3Cbr%2F%3EGONDOLA%3B08%3A00%3B16%3A00%3B10%3B2%5D%5D%0A++++Piste1%28%5BPiste1%3Cbr%2F%3EBLUE%3B
  ICY%3B2000%3B500%5D%29%0A++++LiftB%5BLiftB%3Cbr%2F%3ECHAIRLIFT%3B08%3A30%3B16%3A15%3B5%3B1%5D%0A++
  ++Piste2%28%5BPiste2%3Cbr%2F%3ERED%3BBUMPY%3B2000%3B200%5D%29%0A++++Piste3%28%5BPiste3%3Cbr%2F%3EB
  LACK%3BREGULAR%3B2000%3B1000%5D%29%0A++++LiftA+--%3E+Piste1%0A++++Piste1+--%3E+LiftB%0A++++LiftB+-
  -%3E+Piste2%0A++++LiftB+--%3E+Piste3%0A++++Piste2+--%3E+LiftB%0A++++Piste3+--%3E+LiftA%0A%3E+set+s
  kill+BEGINNER%0A%3E+set+goal+DISTANCE%0A%3E+like+BLUE%0A%3E+dislike+BUMPY%0A%3E+plan+LiftA+11%3A00
  +12%3A30%0Aroute+planned%0A%3E+show+route%0ALiftA+Piste1+LiftB+Piste3+LiftA+Piste1+LiftB+Piste3%0A
  %3E+next%0ALiftA%0A%3E+take%0A%3E+next%0APiste1%0A%3E+take%0A%3E+next%0ALiftB%0A%3E+take%0A%3E+nex
  t%0APiste3%0A%3E+take%0A%3E+next%0ALiftA%0A%3E+take%0A%3E+next%0APiste1%0A%3E+take%0A%3E+next%0ALi
  ftB%0A%3E+take%0A%3E+next%0APiste3%0A%3E+take%0A%3E+next%0Aroute+finished%21%0A%3E+set+skill+EXPER
  T%0A%3E+set+goal+ALTITUDE%0A%3E+like+BLACK%0A%3E+like+ICY%0A%3E+plan+LiftA+13%3A00+15%3A30%0Aroute
  +planned%0A%3E+show+route%0ALiftA+Piste1+LiftB+Piste3+LiftA+Piste1+LiftB+Piste3+LiftA+Piste1+LiftB
  +Piste3+LiftA+Piste1+LiftB+Piste3%0A%3E+next%0ALiftA%0A%3E+take%0A%3E+next%0APiste1%0A%3E+take%0A%
  3E+next%0ALiftB%0A%3E+take%0A%3E+next%0APiste3%0A%3E+take%0A%3E+next%0ALiftA%0A%3E+take%0A%3E+next
  %0APiste1%0A%3E+take%0A%3E+next%0ALiftB%0A%3E+take%0A%3E+next%0APiste3%0A%3E+alternative%0Aavoided
  +Piste3%0A%3E+show+route%0APiste2+LiftB+Piste2+LiftB+Piste2+LiftB+Piste3+LiftA+Piste1+LiftB+Piste3
  %0A%3E+next%0APiste2%0A%3E+take%0A%3E+next%0ALiftB%0A%3E+take%0A%3E+next%0APiste2%0A%3E+take%0A%3E
  +next%0ALiftB%0A%3E+take%0A%3E+next%0APiste2%0A%3E+take%0A%3E+next%0ALiftB%0A%3E+take%0A%3E+next%0
  APiste3%0A%3E+take%0A%3E+next%0ALiftA%0A%3E+take%0A%3E+next%0APiste1%0A%3E+take%0A%3E+next%0ALiftB
  %0A%3E+take%0A%3E+next%0APiste3%0A%3E+take%0A%3E+next%0Aroute+finished%21%0A%3E+quit%0A%60%60%60&p
  roject=ProgrammingWT2526-Final2&role=requirements&task=Understand+the+wt2526final02+and+create+its
  +backlog+when+prompted.&timestamp=2026-07-23T22%3A25%3A30.422Z&domain=wt2526final02

● adaptive-memory extension active (role=requirements, memorySession=20260724-002111-req) - type
  /memory-help. MCP tools registered (memory=true, backlog=true).


===== wt2526final02 started at 2026-07-24T08:11:29Z =====
PROGRAMMING_DIR=/Users/nghalinh2711/Development/student-repos/wt2526final02
DELIVERY_AGENT_CONTEXT_PROJECT=ProgrammingWT2526-Final2
DELIVERY_AGENT_CONTEXT_DOMAIN=wt2526final02
COMMAND=pnpm delivery:run --exercise 

$ tsx delivery/run.ts --exercise
[delivery:knowledgebase] Ensuring guidelines.md is ingested for domain wt2526final02 before exercise requirements
[delivery:knowledgebase] Deleting prior knowledgebase job d1e93de7-1600-4d0f-95fd-4be88c9ed0d4 for domain wt2526final02
[delivery:knowledgebase] Uploading guidelines.md to Vercel Blob for domain wt2526final02
[delivery:knowledgebase] Registered guidelines upload job e54eab68-03ea-4103-8bbe-20b934b721dc; waiting for ingestion
[delivery:knowledgebase] Guidelines ingestion job e54eab68-03ea-4103-8bbe-20b934b721dc: processing
[delivery:knowledgebase] Guidelines ingestion job e54eab68-03ea-4103-8bbe-20b934b721dc: processing
[delivery:knowledgebase] Guidelines ingestion job e54eab68-03ea-4103-8bbe-20b934b721dc: processing
[delivery:knowledgebase] Guidelines ingestion job e54eab68-03ea-4103-8bbe-20b934b721dc: processing
[delivery:knowledgebase] Guidelines ingestion job e54eab68-03ea-4103-8bbe-20b934b721dc: processing
[delivery:knowledgebase] Guidelines ingestion job e54eab68-03ea-4103-8bbe-20b934b721dc: processing
[delivery:knowledgebase] Guidelines ingestion job e54eab68-03ea-4103-8bbe-20b934b721dc: processing
[delivery:knowledgebase] Guidelines ingestion job e54eab68-03ea-4103-8bbe-20b934b721dc: processing
[delivery:knowledgebase] Guidelines ingestion job e54eab68-03ea-4103-8bbe-20b934b721dc: processing
[delivery:knowledgebase] Guidelines ingestion job e54eab68-03ea-4103-8bbe-20b934b721dc: processing
[delivery:knowledgebase] Guidelines ingestion job e54eab68-03ea-4103-8bbe-20b934b721dc: processing
[delivery:knowledgebase] Guidelines ingestion job e54eab68-03ea-4103-8bbe-20b934b721dc: processing
[delivery:knowledgebase] Guidelines ingestion job e54eab68-03ea-4103-8bbe-20b934b721dc: processing
[delivery:knowledgebase] Guidelines ingestion job e54eab68-03ea-4103-8bbe-20b934b721dc: processing
[delivery:knowledgebase] Guidelines ingestion job e54eab68-03ea-4103-8bbe-20b934b721dc: processing
[delivery:knowledgebase] Guidelines ingestion job e54eab68-03ea-4103-8bbe-20b934b721dc: processing
[delivery:knowledgebase] Guidelines ingestion job e54eab68-03ea-4103-8bbe-20b934b721dc: processing
[delivery:knowledgebase] Guidelines ingestion job e54eab68-03ea-4103-8bbe-20b934b721dc: processing
[delivery:knowledgebase] Guidelines ingestion job e54eab68-03ea-4103-8bbe-20b934b721dc: processing
[delivery:knowledgebase] Guidelines ingestion job e54eab68-03ea-4103-8bbe-20b934b721dc: processing
[delivery:knowledgebase] Guidelines ingestion job e54eab68-03ea-4103-8bbe-20b934b721dc: processing
[delivery:knowledgebase] Guidelines ingestion job e54eab68-03ea-4103-8bbe-20b934b721dc: processing
[delivery:knowledgebase] Guidelines ingestion job e54eab68-03ea-4103-8bbe-20b934b721dc: processing
[delivery:knowledgebase] Guidelines ingestion job e54eab68-03ea-4103-8bbe-20b934b721dc: processing
[delivery:knowledgebase] Guidelines ingestion job e54eab68-03ea-4103-8bbe-20b934b721dc: processing
[delivery:knowledgebase] Guidelines ingestion job e54eab68-03ea-4103-8bbe-20b934b721dc: succeeded
[delivery:knowledgebase] Guidelines ingestion succeeded for domain wt2526final02 (job e54eab68-03ea-4103-8bbe-20b934b721dc)

[delivery] Run ID: 20260724-101130
[delivery] Assignment: /Users/nghalinh2711/Development/student-repos/wt2526final02
[delivery] Assignment ID: wt2526final02
[delivery] Coding session: 20260724-101130-coding
[delivery] Requirements session: 20260724-101130-req
[delivery] Requirements log: /Users/nghalinh2711/Development/eval/programming/20260724-101130/requirements-output.log

[delivery] Phase A: Requirements

[delivery:requirements] Exercise stream: 8 turns for wt2526final02 (starting at turn 1)
[delivery:requirements] Output log: /Users/nghalinh2711/Development/eval/programming/20260724-101130/requirements-output.log
[delivery:requirements] Turn 1/8: Introduction
● [adaptive-context] GET http://localhost:4444/api/agents/7af7809a-adce-4fa9-9609-fd61059de0ff/sessi
  ons/20260724-101130-req/context?input=Ich+arbeite+an+einer+Abschluss-Programmieraufgabe.+Ich+werde
  +dir+die+Aufgabe+im+Folgenden+abschnittsweise+%C3%BCbermitteln.+Lies+sie+dir+durch+und+verschaffe+
  dir+zun%C3%A4chst+einen+%C3%9Cberblick+%C3%BCber+den+Kontext%2C+bevor+der+Backlog-+und+Task-Erstel
  lung.+Achte+dabei+unbedingt+auf+die+vorgegebenen+Regeln+und+Richtlinien.&project=ProgrammingWT2526
  -Final2&role=requirements&task=Understand+the+wt2526final02+and+create+its+backlog+when+prompted.&
  timestamp=2026-07-24T08%3A13%3A45.551Z&domain=wt2526final02

● Injected adaptive memory context into system prompt

● <adaptive_rules>
  - If 'plan' finds no route because all lifts are closed in the given time span, an error must be
  reported.
  - The 'plan' command requires that a ski area is loaded before it can run.
  - The 'plan' command requires that goal and skill are set before it can run.
  - The 'plan' command requires that no route is currently running before it can run.
  - The 'plan' command requires the end time to be after the start time.
  - After printing an error message the program should continue and wait for the next input
  (interactive loop must continue).
  - All commands are executed on the current program state and after processing an input the program
   waits for further inputs (interactive command processing).
  - Checkstyle rules must be followed; the online submission system checks them and certain rules
  are mandatory and will cause a zero score if violated.
  - Do not use System.exit(), Runtime.exit() or similar methods.
  - Error messages must begin with 'Error,' may be written in English, must not contain special
  characters (e.g., newlines or umlauts), and should be meaningful.
  - Never reassign the standard input/output/error streams.
  - Only java.util.Scanner and elements from the listed Java packages are allowed; other Java
  library elements must not be used unless explicitly permitted.
  - Plan time for the first submission because mandatory tests must be passed before other tests are
   evaluated.
  - Program code must compile without errors.
  - Program output must exactly match the specified output (including case, spaces, and line
  breaks); do not print additional information.
  - Submit your *.java files in the specified folder structure as an individual (Einzelarbeit) via
  the online submission system.
  - The program terminates when the exact string 'quit' is entered; termination must be implemented
  via normal control flow, not System.exit or similar.
  - The programming wiki describes how to use Checkstyle and can be used to verify rule compliance
  during development.
  - Use Java SE 21 for all code.
  - Use System.in for inputs, System.out for outputs, and optionally System.err for error messages.
  - When user input does not match the required format or violates semantic/syntactic
  specifications, the program must output an error message.
  - You must first pass the mandatory tests in Artemis before the other tests are evaluated;
  violating mandatory test rules leads to automatic zero points.
  - Loading an area must validate that all identifiers are unique.
  - Loading an area must validate that the ski area is connected.
  - Loading an area must validate that there is at least one valley station (Talstation) and at
  least one slope (Piste).
  - Program termination must not be implemented using System.exit(), Runtime.exit() or similar; it
  must use ordinary control-flow mechanisms.
  </adaptive_rules>

  <knowledge>
    - The commands 'set skill', 'set goal', 'like', 'dislike' and 'reset preferences' can be used
  after a route is planned or started and will trigger dynamic route recalculation.
  </knowledge>
  <entity_paths>
    - Implementierungsrichtlinien — Abschlussaufgabe 2 (WS 2025/26) RELATES_TO System.exit(): Do not
   use System.exit(), Runtime.exit() or similar methods.
    - Implementierungsrichtlinien — Abschlussaufgabe 2 (WS 2025/26) RELATES_TO Runtime.exit(): Do
  not use System.exit(), Runtime.exit() or similar methods.
    - Implementierungsrichtlinien — Abschlussaufgabe 2 (WS 2025/26) RELATES_TO System.in: Never
  reassign the standard input/output/error streams.
    - Implementierungsrichtlinien — Abschlussaufgabe 2 (WS 2025/26) RELATES_TO System.out: Never
  reassign the standard input/output/error streams.
    - Implementierungsrichtlinien — Abschlussaufgabe 2 (WS 2025/26) RELATES_TO System.err: Never
  reassign the standard input/output/error streams.
    - Implementierungsrichtlinien — Abschlussaufgabe 2 (WS 2025/26) RELATES_TO Fehlerfrei
  kompilierender Programmcode: Program code must compile without errors.
    - Implementierungsrichtlinien — Abschlussaufgabe 2 (WS 2025/26) RELATES_TO Checkstyle rules:
  Checkstyle rules must be followed; the online submission system checks them and certain rules are
  mandatory and will cause a zero score if violated.
    - Implementierungsrichtlinien — Abschlussaufgabe 2 (WS 2025/26) RELATES_TO Submission of *.java
  files: Submit your *.java files in the specified folder structure as an individual (Einzelarbeit)
  via the online submission system.
    - Implementierungsrichtlinien — Abschlussaufgabe 2 (WS 2025/26) RELATES_TO quit: The program
  terminates when the exact string 'quit' is entered; termination must be implemented via normal
  control flow, not System.exit or similar.
    - Implementierungsrichtlinien — Abschlussaufgabe 2 (WS 2025/26) RELATES_TO Program output
  format: Program output must exactly match the specified output (including case, spaces, and line
  breaks); do not print additional information.
    - Implementierungsrichtlinien — Abschlussaufgabe 2 (WS 2025/26) RELATES_TO Error message format:
   Error messages must begin with 'Error,' may be written in English, must not contain special
  characters (e.g., newlines or umlauts), and should be meaningful.
    - Implementierungsrichtlinien — Abschlussaufgabe 2 (WS 2025/26) RELATES_TO Input format
  validation: When user input does not match the required format or violates semantic/syntactic
  specifications, the program must output an error message.
    - Implementierungsrichtlinien — Abschlussaufgabe 2 (WS 2025/26) RELATES_TO Program behavior
  after error: After printing an error message the program should continue and wait for the next
  input (interactive loop must continue).
    - Implementierungsrichtlinien — Abschlussaufgabe 2 (WS 2025/26) RELATES_TO Command processing:
  All commands are executed on the current program state and after processing an input the program
  waits for further inputs (interactive command processing).
    - Implementierungsrichtlinien — Abschlussaufgabe 2 (WS 2025/26) RELATES_TO Plan for first
  submission: Plan time for the first submission because mandatory tests must be passed before other
   tests are evaluated.
    - Implementierungsrichtlinien — Abschlussaufgabe 2 (WS 2025/26) RELATES_TO Programmier-Wiki
  (Checkstyle usage): The programming wiki describes how to use Checkstyle and can be used to verify
   rule compliance during development.
    - Implementierungsrichtlinien — Abschlussaufgabe 2 (WS 2025/26) USES Java SE 21: Use Java SE 21
  for all code.
    - Implementierungsrichtlinien — Abschlussaufgabe 2 (WS 2025/26) USES java.util.Scanner: Only
  java.util.Scanner and elements from the listed Java packages are allowed; other Java library
  elements must not be used unless explicitly permitted.
    - Implementierungsrichtlinien — Abschlussaufgabe 2 (WS 2025/26) USES java.lang: Only
  java.util.Scanner and elements from the listed Java packages are allowed; other Java library
  elements must not be used unless explicitly permitted.
    - Implementierungsrichtlinien — Abschlussaufgabe 2 (WS 2025/26) USES java.io: Only
  java.util.Scanner and elements from the listed Java packages are allowed; other Java library
  elements must not be used unless explicitly permitted.
  </entity_paths>
  <entity_matches>
    - Implementierungsrichtlinien — Abschlussaufgabe 2 (WS 2025/26) (score: 0.79) — Sie können und
  sollten Ihre Quelltexte bereits während der Entwicklung auf die Regeleinhaltung überprüfen. Das
  Programmieren-Wiki beschreibt, wie Checkstyle verwendet werden kann.
    - Fehlerfrei kompilierender Programmcode (score: 0.71) — Submission must compile without
  compilation errors.
    - take (score: 0.70) — Die Befehle `take` und `alternative` dürfen nur **direkt** nach dem
  `next`-Befehl ausgeführt werden.
    - Plan for first submission (score: 0.70) — Advice to schedule time because of mandatory tests
  ordering.
    - Gebiet überschreiben und Route abbrechen (score: 0.68) — Overwrite area and abort running
  route
  </entity_matches>

● adaptive-memory extension active (role=requirements, memorySession=20260724-101130-req) - type
  /memory-help. MCP tools registered (memory=true, backlog=true).







Changes    +0 -0
Duration   15s
Tokens     ↑ 21.3k (1.3k cached) • ↓ 550 (253 reasoning)
[delivery:requirements] Turn 1/8 complete
[delivery:requirements] Turn 2/8: task.md — segment 1/6 — Abschlussaufgabe 2 — Skiroutenplaner
● [adaptive-context] GET
  http://localhost:4444/api/agents/7af7809a-adce-4fa9-9609-fd61059de0ff/sessions/20260724-101130-req
  /context?input=Dokument%3A+task.md%0ASegment%3A+1%2F6%0AAbschnitt%3A+Abschlussaufgabe+2+%E2%80%94+
  Skiroutenplaner%0A%0ALies+diesen+Abschnitt+sorgf%C3%A4ltig+und+behalte+den+Kontext.+Erstelle+noch+
  keinen+Backlog+und+noch+keine+Tasks.+Warte+damit+bis+zum+abschlie%C3%9Fenden+%2Ffinalize.%0A%0A%23
  +Abschlussaufgabe+2+%E2%80%94+Skiroutenplaner%0A%0A**Vorlesung%3A**+Programmieren%0A**Semester%3A*
  *+Wintersemester+2025%2F26%0A**Dozent%3A**+Prof.+Dr.-Ing.+Anne+Koziolek%0A**Gruppe%3A**+Institute+
  of+Information+Security+and+Dependability+%28KASTEL%29%0A**Punkte%3A**+20+Punkte%0A**Version%3A**+
  1.1&project=ProgrammingWT2526-Final2&role=requirements&task=Understand+the+wt2526final02+and+creat
  e+its+backlog+when+prompted.&timestamp=2026-07-24T08%3A14%3A02.626Z&domain=wt2526final02

● Injected adaptive memory context into system prompt

● <adaptive_rules>
  - If 'plan' finds no route because all lifts are closed in the given time span, an error must be
  reported.
  - The 'plan' command requires that a ski area is loaded before it can run.
  - The 'plan' command requires that goal and skill are set before it can run.
  - The 'plan' command requires that no route is currently running before it can run.
  - The 'plan' command requires the end time to be after the start time.
  - After printing an error message the program should continue and wait for the next input
  (interactive loop must continue).
  - All commands are executed on the current program state and after processing an input the program
   waits for further inputs (interactive command processing).
  - Checkstyle rules must be followed; the online submission system checks them and certain rules
  are mandatory and will cause a zero score if violated.
  - Do not use System.exit(), Runtime.exit() or similar methods.
  - Error messages must begin with 'Error,' may be written in English, must not contain special
  characters (e.g., newlines or umlauts), and should be meaningful.
  - Never reassign the standard input/output/error streams.
  - Only java.util.Scanner and elements from the listed Java packages are allowed; other Java
  library elements must not be used unless explicitly permitted.
  - Plan time for the first submission because mandatory tests must be passed before other tests are
   evaluated.
  - Program code must compile without errors.
  - Program output must exactly match the specified output (including case, spaces, and line
  breaks); do not print additional information.
  - Submit your *.java files in the specified folder structure as an individual (Einzelarbeit) via
  the online submission system.
  - The program terminates when the exact string 'quit' is entered; termination must be implemented
  via normal control flow, not System.exit or similar.
  - The programming wiki describes how to use Checkstyle and can be used to verify rule compliance
  during development.
  - Use Java SE 21 for all code.
  - Use System.in for inputs, System.out for outputs, and optionally System.err for error messages.
  - When user input does not match the required format or violates semantic/syntactic
  specifications, the program must output an error message.
  - You must first pass the mandatory tests in Artemis before the other tests are evaluated;
  violating mandatory test rules leads to automatic zero points.
  - Program termination must not be implemented using System.exit(), Runtime.exit() or similar; it
  must use ordinary control-flow mechanisms.
  - A ski area must contain at least one lift (Talstation) and at least one slope (Piste).
  - Loading an area must validate that all identifiers are unique.
  - Loading an area must validate that the ski area is connected.
  - Loading an area must validate that there is at least one valley station (Talstation) and at
  least one slope (Piste).
  - Every lift and every slope must be connected to between 1 and n other lifts and slopes.
  </adaptive_rules>

  <knowledge>
    - The commands 'set skill', 'set goal', 'like', 'dislike' and 'reset preferences' can be used
  after a route is planned or started and will trigger dynamic route recalculation.
  </knowledge>
  <entity_paths>
    - Implementierungsrichtlinien — Abschlussaufgabe 2 (WS 2025/26) RELATES_TO System.exit(): Do not
   use System.exit(), Runtime.exit() or similar methods.
    - Implementierungsrichtlinien — Abschlussaufgabe 2 (WS 2025/26) RELATES_TO Runtime.exit(): Do
  not use System.exit(), Runtime.exit() or similar methods.
    - Implementierungsrichtlinien — Abschlussaufgabe 2 (WS 2025/26) RELATES_TO System.in: Never
  reassign the standard input/output/error streams.
    - Implementierungsrichtlinien — Abschlussaufgabe 2 (WS 2025/26) RELATES_TO System.out: Never
  reassign the standard input/output/error streams.
    - Implementierungsrichtlinien — Abschlussaufgabe 2 (WS 2025/26) RELATES_TO System.err: Never
  reassign the standard input/output/error streams.
    - Implementierungsrichtlinien — Abschlussaufgabe 2 (WS 2025/26) RELATES_TO Fehlerfrei
  kompilierender Programmcode: Program code must compile without errors.
    - Implementierungsrichtlinien — Abschlussaufgabe 2 (WS 2025/26) RELATES_TO Checkstyle rules:
  Checkstyle rules must be followed; the online submission system checks them and certain rules are
  mandatory and will cause a zero score if violated.
    - Implementierungsrichtlinien — Abschlussaufgabe 2 (WS 2025/26) RELATES_TO Submission of *.java
  files: Submit your *.java files in the specified folder structure as an individual (Einzelarbeit)
  via the online submission system.
    - Implementierungsrichtlinien — Abschlussaufgabe 2 (WS 2025/26) RELATES_TO quit: The program
  terminates when the exact string 'quit' is entered; termination must be implemented via normal
  control flow, not System.exit or similar.
    - Implementierungsrichtlinien — Abschlussaufgabe 2 (WS 2025/26) RELATES_TO Program output
  format: Program output must exactly match the specified output (including case, spaces, and line
  breaks); do not print additional information.
    - Implementierungsrichtlinien — Abschlussaufgabe 2 (WS 2025/26) RELATES_TO Error message format:
   Error messages must begin with 'Error,' may be written in English, must not contain special
  characters (e.g., newlines or umlauts), and should be meaningful.
    - Implementierungsrichtlinien — Abschlussaufgabe 2 (WS 2025/26) RELATES_TO Input format
  validation: When user input does not match the required format or violates semantic/syntactic
  specifications, the program must output an error message.
    - Implementierungsrichtlinien — Abschlussaufgabe 2 (WS 2025/26) RELATES_TO Program behavior
  after error: After printing an error message the program should continue and wait for the next
  input (interactive loop must continue).
    - Implementierungsrichtlinien — Abschlussaufgabe 2 (WS 2025/26) RELATES_TO Command processing:
  All commands are executed on the current program state and after processing an input the program
  waits for further inputs (interactive command processing).
    - Implementierungsrichtlinien — Abschlussaufgabe 2 (WS 2025/26) RELATES_TO Plan for first
  submission: Plan time for the first submission because mandatory tests must be passed before other
   tests are evaluated.
    - Implementierungsrichtlinien — Abschlussaufgabe 2 (WS 2025/26) RELATES_TO Programmier-Wiki
  (Checkstyle usage): The programming wiki describes how to use Checkstyle and can be used to verify
   rule compliance during development.
    - Implementierungsrichtlinien — Abschlussaufgabe 2 (WS 2025/26) USES Java SE 21: Use Java SE 21
  for all code.
    - Implementierungsrichtlinien — Abschlussaufgabe 2 (WS 2025/26) USES java.util.Scanner: Only
  java.util.Scanner and elements from the listed Java packages are allowed; other Java library
  elements must not be used unless explicitly permitted.
    - Implementierungsrichtlinien — Abschlussaufgabe 2 (WS 2025/26) USES java.lang: Only
  java.util.Scanner and elements from the listed Java packages are allowed; other Java library
  elements must not be used unless explicitly permitted.
    - Implementierungsrichtlinien — Abschlussaufgabe 2 (WS 2025/26) USES java.io: Only
  java.util.Scanner and elements from the listed Java packages are allowed; other Java library
  elements must not be used unless explicitly permitted.
  </entity_paths>
  <entity_matches>
    - Implementierungsrichtlinien — Abschlussaufgabe 2 (WS 2025/26) (score: 0.75) — Sie können und
  sollten Ihre Quelltexte bereits während der Entwicklung auf die Regeleinhaltung überprüfen. Das
  Programmieren-Wiki beschreibt, wie Checkstyle verwendet werden kann.
    - Ausgabe: verbleibende Route als Liste von Bezeichnern (score: 0.71) — Output format for show
  route
    - Ausgabe: <id> oder route finished! (score: 0.71) — Output of next
    - Ausgabe: route planned (score: 0.71) — Output when plan succeeds
    - plan (score: 0.71) — `plan` gibt bei Erfolg `route planned` aus.
  </entity_matches>

● adaptive-memory extension active (role=requirements, memorySession=20260724-101130-req) - type
  /memory-help. MCP tools registered (memory=true, backlog=true).







Changes    +0 -0
Duration   25s
Tokens     ↑ 21.8k (1.3k cached) • ↓ 160 (56 reasoning)
[delivery:requirements] Turn 2/8 complete
[delivery:requirements] Turn 3/8: task.md — segment 2/6 — Abschlussaufgabe 2 — Skiroutenplaner > Einführung
● [adaptive-context] GET
  http://localhost:4444/api/agents/7af7809a-adce-4fa9-9609-fd61059de0ff/sessions/20260724-101130-req
  /context?input=Dokument%3A+task.md%0ASegment%3A+2%2F6%0AAbschnitt%3A+Abschlussaufgabe+2+%E2%80%94+
  Skiroutenplaner+%3E+Einf%C3%BChrung%0A%0ALies+diesen+Abschnitt+sorgf%C3%A4ltig+und+behalte+den+Kon
  text.+Erstelle+noch+keinen+Backlog+und+noch+keine+Tasks.+Warte+damit+bis+zum+abschlie%C3%9Fenden+%
  2Ffinalize.%0A%0A%23%23+Einf%C3%BChrung%0A%0AIn+dieser+Aufgabe+implementieren+Sie+ein+System+zum+P
  lanen+eines+Skitages.+Basierend+auf+Liften%2C+Pisten+und+den+K%C3%B6nnen+und+Pr%C3%A4ferenzen+des+
  Nutzers+soll+es+den+ideale+Folge+von+Liften+und+Pisten+bestimmen%2C+so+dass+eine+optimale+und+zeit
  lich+machbare+Route+vorgeschlagen+wird.%0A%0AIm+Folgenden+werden+zun%C3%A4chst+die+vorkommenden+Ko
  nzepte+kurz+erkl%C3%A4rt.+Im+Anschluss+werden+die+geforderten+Befehle%2C+die+das+von+Ihnen+impleme
  ntierte+System+unterst%C3%BCtzen+soll%2C+mit+beispielhaften+Ein-+und+Ausgaben+beschrieben.&project
  =ProgrammingWT2526-Final2&role=requirements&task=Understand+the+wt2526final02+and+create+its+backl
  og+when+prompted.&timestamp=2026-07-24T08%3A14%3A12.458Z&domain=wt2526final02

● Injected adaptive memory context into system prompt

● <adaptive_rules>
  - Loading an area must validate that all identifiers are unique.
  - Loading an area must validate that the ski area is connected.
  - Loading an area must validate that there is at least one valley station (Talstation) and at
  least one slope (Piste).
  - A ski area must contain at least one lift (Talstation) and at least one slope (Piste).
  - Every lift and every slope must be connected to between 1 and n other lifts and slopes.
  - If 'plan' finds no route because all lifts are closed in the given time span, an error must be
  reported.
  - The 'plan' command requires that a ski area is loaded before it can run.
  - The 'plan' command requires that goal and skill are set before it can run.
  - The 'plan' command requires that no route is currently running before it can run.
  - The 'plan' command requires the end time to be after the start time.
  - After printing an error message the program should continue and wait for the next input
  (interactive loop must continue).
  - All commands are executed on the current program state and after processing an input the program
   waits for further inputs (interactive command processing).
  - Checkstyle rules must be followed; the online submission system checks them and certain rules
  are mandatory and will cause a zero score if violated.
  - Do not use System.exit(), Runtime.exit() or similar methods.
  - Error messages must begin with 'Error,' may be written in English, must not contain special
  characters (e.g., newlines or umlauts), and should be meaningful.
  - Never reassign the standard input/output/error streams.
  - Only java.util.Scanner and elements from the listed Java packages are allowed; other Java
  library elements must not be used unless explicitly permitted.
  - Plan time for the first submission because mandatory tests must be passed before other tests are
   evaluated.
  - Program code must compile without errors.
  - Program output must exactly match the specified output (including case, spaces, and line
  breaks); do not print additional information.
  - Submit your *.java files in the specified folder structure as an individual (Einzelarbeit) via
  the online submission system.
  - The program terminates when the exact string 'quit' is entered; termination must be implemented
  via normal control flow, not System.exit or similar.
  - The programming wiki describes how to use Checkstyle and can be used to verify rule compliance
  during development.
  - Use Java SE 21 for all code.
  - Use System.in for inputs, System.out for outputs, and optionally System.err for error messages.
  - When user input does not match the required format or violates semantic/syntactic
  specifications, the program must output an error message.
  - You must first pass the mandatory tests in Artemis before the other tests are evaluated;
  violating mandatory test rules leads to automatic zero points.
  - Program termination must not be implemented using System.exit(), Runtime.exit() or similar; it
  must use ordinary control-flow mechanisms.
  </adaptive_rules>

  <knowledge>
    - The commands 'set skill', 'set goal', 'like', 'dislike' and 'reset preferences' can be used
  after a route is planned or started and will trigger dynamic route recalculation.
    - If the skier is already on the route when preferences change, the route's start time becomes
  the current time and the start point becomes the skier's current position.
    - The route with the higher sum of preference scores is chosen.
    - When comparing two routes, each match with a positive preference is scored +1 and each match
  with a negative preference is scored -1.
    - The 'alternative' command prints 'avoided <id>' or 'no alternative found' if no alternative
  route exists.
    - On success the 'plan' command prints 'route planned'.
  </knowledge>
  <entity_paths>
    - show route RELATES_TO Ausgabe: verbleibende Route als Liste von Bezeichnern: The 'show route'
  command prints the remaining route as a list of identifiers '<id> <id> ... <id>' where the first
  identifier is the next lift or slope.
  </entity_paths>
  <entity_matches>
    - 1..n Verbindungen zu Liften und Pisten (score: 0.76) — 1..n connections to lifts and slopes
    - show route (score: 0.75) — `show route` gibt die (verbleibende) Route als Liste von
  Bezeichnern aus: `<id> <id> ... <id>`. Der erste Bezeichner entspricht der nächsten Piste bzw. dem
   nächsten Lift.
    - Zusammenhängender gerichteter Graph aus Liften und Pisten (score: 0.74) — Connected directed
  graph of lifts and slopes
    - Mindestens ein Lift und eine Piste (score: 0.74) — At least one lift and one slope
    - Mindestens eine Talstation und eine Piste prüfen (score: 0.74) — Verify at least one valley
  station and one slope
  </entity_matches>

● adaptive-memory extension active (role=requirements, memorySession=20260724-101130-req) - type
  /memory-help. MCP tools registered (memory=true, backlog=true).







Changes    +0 -0
Duration   37s
Tokens     ↑ 21.4k (1.3k cached) • ↓ 313 (163 reasoning)
[delivery:requirements] Turn 3/8 complete
[delivery:requirements] Turn 4/8: task.md — segment 3/6 — Abschlussaufgabe 2 — Skiroutenplaner > 1 Konzepte
● [adaptive-context] GET http://localhost:4444/api/agents/7af7809a-adce-4fa9-9609-fd61059de0ff/sessi
  ons/20260724-101130-req/context?input=Dokument%3A+task.md%0ASegment%3A+3%2F6%0AAbschnitt%3A+Abschl
  ussaufgabe+2+%E2%80%94+Skiroutenplaner+%3E+1+Konzepte%0A%0ALies+diesen+Abschnitt+sorgf%C3%A4ltig+u
  nd+behalte+den+Kontext.+Erstelle+noch+keinen+Backlog+und+noch+keine+Tasks.+Warte+damit+bis+zum+abs
  chlie%C3%9Fenden+%2Ffinalize.%0A%0A%23%23+1+Konzepte%0A%0AIm+Folgenden+werden+alle+f%C3%BCr+diese+
  Aufgabe+relevanten+Konzepte+anhand+eines+Beispiel+Skigebiets%2C+dargestellt+im+Beispiel-Skigebiet+
  %28siehe+%60listings%2FexampleSkiArea.png%60%2C+Beispiel+Skiegebiet+mit+2+Liften+und+3+Pisten%29%2
  C+erl%C3%A4utert.%0A%0A%23%23%23+1.1+Skigebiet%0A%0AEin+Skigebiet+ist+ein+zusammenh%C3%A4ngender+g
  erichteter+Graph%2C+der+aus+Liften+und+Pisten+besteht.+Ein+Gebiet+enth%C3%A4lt+mindestens+einen+Li
  ft+%28Talstation%29+und+mindestens+eine+Piste.%0AJeder+Lift+und+jede+Piste+ist+mit+*1+..+n*+Liften
  +und+Pisten+verbunden.+Es+k%C3%B6nnen+also+Lifte+auf+Lifte+und+Pisten+und+Pisten+folgen%2C+sowie+j
  egliche+Kombination+aus+diesen.+Es+darf+keine+reflexiven+Verbindungen+geben%2C+also+kann+ein+Lift%
  2C+oder+eine+Piste+nicht+mit+sich+selbst+verbunden+sein.+Es+darf+symmetrische+Verbindungen+nur+zwi
  schen+Liften+und+Pisten+geben.%0A%0A%23%23%23%23+Lifte%0A%0ALifte+haben+einen+eindeutigen+Bezeichn
  er+und+k%C3%B6nnen+entweder+Gondeln+oder+Sessellifte+sein.+Sie+haben+einen+Startzeit+und+eine+Endz
  eit%2C+zwischen+denen+diese+fahren.+Dar%C3%BCber+hinaus+gibt+es+f%C3%BCr+jeden+Lift+eine+Fahrtdaue
  r+und+eine+Anstehzeit%2C+beides+angegeben+in+Minuten.+Ein+Lift+kann+nur+dann+genommen+werden%2C+we
  nn+Startzeit+%E2%89%A4+%28aktuelle+Zeit+%2B+Anstehzeit%29+%E2%89%A4+Endzeit+gilt.+Sollte+sie+also+
  vor+Start+des+Liftes+dort+sein%2C+m%C3%BCssen+sie+extra+warten%2C+sollten+sie+nach+Ende+des+Liftes
  +dort+sein%2C+k%C3%B6nnen+sie+ihn+**nicht**+verwenden.+Eine+besondere+Art+von+Liften+sind+Talstati
  onen%2C+an+denen+das+Skigebiet+betreten+und+verlassen+werden+kann.+Jedes+Skigebiet+verf%C3%BCgt+%C
  3%BCber+mindestens+eine+Talstation.+Im+Beispiel-Skigebiet+sind+Liften+mit+kantigen+Boxen+dargestel
  lt%2C+wobei+Talstation+eine+doppelte+Linie+haben.+Beispielsweise+ist+%60LiftA%60+eine+Talstation+m
  it+Gondel%2C+die+zwischen+8%3A00+Uhr+und+16%3A00+Uhr+f%C3%A4hrt%2C+wobei+die+Fahrt+10+Minuten+daue
  rt+und+die+Anstehzeit+2+Minuten+betr%C3%A4gt.%0A%0A%23%23%23%23+Pisten%0A%0APisten+haben+einen+ein
  deutigen+Bezeichner+und+sind+im+Beispiel-Skigebiet+mit+abgerundeten+Boxen+dargestellt.+Pisten+habe
  n+eine+Schwierigkeit+%28Blau%2C+Rot%2C+Schwarz%29+und+eine+Oberfl%C3%A4che+%28Normal%2C+Eisig%2C+B
  uckelig%29.+Dar%C3%BCber+hinaus+hat+jede+Piste+eine+L%C3%A4nge+in+Metern+und+eine+Anzahl+an+H%C3%B
  6henmeter%2C+die+zwischen+Start+und+Ende+der+Piste+%C3%BCberwunden+werden.+Beispielsweise+ist+%60P
  iste1%60+eine+blaue+Piste+mit+eisiger+Fl%C3%A4che%2C+die+2000+Meter+lang+ist+und+zwischen+Start+un
  d+Ende+500+H%C3%B6henmeter+liegen.%0A%0A%23%23%23%23+Grammatik%0A%0AWir+definieren+die+Skigebiete+
  in+einer+*Mermaid*-Syntax+%28%3Chttps%3A%2F%2Fmermaid.live%3E%29%2C+so+dass+diese+Online+visualisi
  ert+werden+k%C3%B6nnen.%0ADas+folgende+Beispiel+erzeugt+das+Beispiel-Skigebiet+%28siehe+%60listing
  s%2FexampleSkiArea.png%60%29.%0A%0ADatei+%60example_graph.txt%60%3A%0A%0A%60%60%60%0Agraph%0A++++L
  iftA%5B%5BLiftA%3Cbr%2F%3EGONDOLA%3B08%3A00%3B16%3A00%3B10%3B2%5D%5D%0A++++Piste1%28%5BPiste1%3Cbr
  %2F%3EBLUE%3BICY%3B2000%3B500%5D%29%0A++++LiftB%5BLiftB%3Cbr%2F%3ECHAIRLIFT%3B08%3A30%3B16%3A15%3B
  5%3B1%5D%0A++++Piste2%28%5BPiste2%3Cbr%2F%3ERED%3BBUMPY%3B2000%3B200%5D%29%0A++++Piste3%28%5BPiste
  3%3Cbr%2F%3EBLACK%3BREGULAR%3B2000%3B1000%5D%29%0A++++LiftA+--%3E+Piste1%0A++++Piste1+--%3E+LiftB%
  0A++++LiftB+--%3E+Piste2%0A++++LiftB+--%3E+Piste3%0A++++Piste2+--%3E+LiftB%0A++++Piste3+--%3E+Lift
  A%0A%60%60%60%0A%0ADas+Format+der+Skigebiets-Datei+ist+durch+folgende+BNF-Grammatik+%28Backus-Naur
  -Form%2C+siehe+z.B.+%3Chttp%3A%2F%2Fde.wikipedia.org%2Fwiki%2FBackus-Naur-Form%3E%29+gegeben.+Term
  inalsymbole+sind+im+%60Typewriter%60-Stil+geschrieben.+Abweichend+von+der+BNF+sind+die+Nichttermin
  alsymbole+*time*%2C+*integer*+sowie+*id*+jeweils+durch+einen+regul%C3%A4ren+Ausdruck+spezifiziert%
  2C+der+die+Menge+der+g%C3%BCltigen+Terminalsymbole+ausdr%C3%BCckt.%0A%0A**BNF-Grammatik+des+Skigeb
  iets**%0A%0A%60%60%60%0Aarea+%3A%3A%3D+%60graph%60+definitions+edges%0A%0Adefinitions+%3A%3A%3D+de
  finition+%28definitions+%7C+%CE%B5%29%0A%0Aedges+%3A%3A%3D+edge+%28edges+%7C+%CE%B5%29%0A%0Adefini
  tion+%3A%3A%3D+regularLiftDefinition+%7C+transitLiftDefinition+%7C+slopeDefinition%0A%0AregularLif
  tDefinition+%3A%3A%3D+id+%60%5B%60+id+%60%3Cbr%2F%3E%60+liftType+%60%3B%60+time+%60%3B%60+time+%60
  %3B%60+meter+%60%3B%60+meter+%60%5D%60%0A%0AtransitLiftDefinition+%3A%3A%3D+id+%60%5B%5B%60+id+%60
  %3Cbr%2F%3E%60+liftType+%60%3B%60+time+%60%3B%60+time+%60%3B%60+meter+%60%3B%60+meter+%60%5D%5D%60
  %0A%0AslopeDefinition+%3A%3A%3D+id+%60%28%5B%60+id+%60%3Cbr%2F%3E%60+difficulty+%60%3B%60+surface+
  %60%3B%60+meter+%60%3B%60+meter+%60%5D%29%60%0A%0Aedge+%3A%3A%3D+id+%60--%3E%60+id%0A%0AliftType+%
  3A%3A%3D+%60GONDOLA%60+%7C+%60CHAIRLIFT%60%0A%0Adifficulty+%3A%3A%3D+%60BLUE%60+%7C+%60RED%60+%7C+
  %60BLACK%60%0A%0Asurface+%3A%3A%3D+%60REGULAR%60+%7C+%60ICY%60+%7C+%60BUMPY%60%0A%0Atime+%3A%3A%3D
  +%60%5B0-9%5D%5B0-9%5D%3A%5B0-9%5D%5B0-9%5D%60%0A%0Ameter+%3A%3A%3D+%60%5B0-9%5D%2B%60%0A%0Aid+%3A
  %3A%3D+%60%5Ba-zA-Z0-9_%5D%2B%60%0A%60%60%60%0A%0A%23%23%23+1.2+Skifahrer%0A%0AEin+weitere+Zentral
  e+Rolle+f%C3%BCr+die+Routenplanung+spielen+der+Skifahrer+und+seine+Fertigkeiten%2C+Pr%C3%A4ferenze
  n+und+Tagesziele.+Diese+werden+im+Folgenden+erl%C3%A4utert.%0A%0A%23%23%23%23+Fertigkeiten%0A%0ADi
  e+Fertigkeiten+eines+Skifahrers+lassen+sich+in+die+Kategorien+Anf%C3%A4nger%2C+Fortgeschritten+und
  +Experte+unterteilen.+Anhand+dieser+Fertigkeit+und+den+Eigenschaft+einer+Piste+%28siehe+Abschnitt+
  **Pisten**%29+bestimmt+sich+die+Zeit%2C+die+ein+Skifahrer+f%C3%BCr+das+Bew%C3%A4ltigen+der+Piste+b
  raucht.%0A%0ASei+*L*+die+L%C3%A4nge+der+Piste+in+Metern%2C+*%CE%94h*+der+Unterschied+an+H%C3%B6hen
  metern%2C+*M*%3Csub%3Edifficulty%3C%2Fsub%3E+der+Schwierigkeitsmodifikator%2C+*M*%3Csub%3Esurface%
  3C%2Fsub%3E+der+Oberfl%C3%A4chenmodifikator%2C+*M*%3Csub%3Eskill%3C%2Fsub%3E+der+Fertigkeitsmodifi
  kator%2C+und+*r*+die+Steigung.%0A%0AHierbei+gilt%3A%0A%0A-+*M*%3Csub%3Edifficulty%3C%2Fsub%3E%3A%0
  A++-+1.00%2C+blue%0A++-+1.15%2C+red%0A++-+1.35%2C+black%0A-+*M*%3Csub%3Esurface%3C%2Fsub%3E%3A%0A+
  +-+1.00%2C+regular%0A++-+1.20%2C+bumpy%0A++-+1.30%2C+icy%0A-+*M*%3Csub%3Eskill%3C%2Fsub%3E%3A%0A++
  -+1.35%2C+beginner%0A++-+1.10%2C+intermediate%0A++-+0.90%2C+expert%0A-+*r*+%3D+*%CE%94h*+%2F+*L*%0
  A%0AZusammen+ergibt+sich+die+Zeit+*T*+in+Sekunden%2C+die+ein+Skifahren+f%C3%BCr+eine+Piste+braucht
  +wie+folgt%3A%0A%0A*T*+%3D+%E2%8C%88+%28*L*+%2F+8%29+%C2%B7+*M*%3Csub%3Edifficulty%3C%2Fsub%3E+%C2
  %B7+*M*%3Csub%3Esurface%3C%2Fsub%3E+%C2%B7+%281+%2B+2*r*%29+%C2%B7+*M*%3Csub%3Eskill%3C%2Fsub%3E+%
  E2%8C%89%0A%0A%23%23%23%23+Ziele%0A%0AEin+Skifahrer+w%C3%A4hlt+f%C3%BCr+seinen+Skitag+genau+**ein+
  Ziel**+sowie+ein+Zeitfenster+%5B*t*%3Csub%3Estart%3C%2Fsub%3E%2C+*t*%3Csub%3Eend%3C%2Fsub%3E%5D.%0
  AGesucht+ist+eine+g%C3%BCltige+Route+durch+das+Skigebiet%2C+die%0A%0A-+an+einer+Talstation+startet
  %2C%0A-+nur+zul%C3%A4ssige+Lifte+%28unter+Ber%C3%BCcksichtigung+von+%C3%96ffnungszeiten+und+Ansteh
  zeit%29+verwendet%2C%0A-+alle+Fahrzeiten+von+Liften+und+Pisten+korrekt+ber%C3%BCcksichtigt%2C%0A-+
  und+sp%C3%A4testens+zur+Zeit+*t*%3Csub%3Eend%3C%2Fsub%3E+wieder+an+einer+Talstation+endet.%0A%0AF%
  C3%BCr+die+Bewertung+einer+Route+werden+**ausschlie%C3%9Flich**+befahrene+Pisten+ber%C3%BCcksichti
  gt.%0AJe+nach+gew%C3%A4hltem+Ziel+ist+der+jeweilige+Nutzenwert+*U%28R%29*+zu+maximieren%3A%0A%0A-+
  **Maximale+H%C3%B6henmeter**%0A%0A++*U*%3Csub%3E%CE%94h%3C%2Fsub%3E%28*R*%29+%3D+%CE%A3%3Csub%3Es+
  %E2%88%88+S%28R%29%3C%2Fsub%3E+*%CE%94h%28s%29*%0A%0A-+**Maximale+Strecke**%0A%0A++*U*%3Csub%3EL%3
  C%2Fsub%3E%28*R*%29+%3D+%CE%A3%3Csub%3Es+%E2%88%88+S%28R%29%3C%2Fsub%3E+*L%28s%29*%0A%0A-+**Maxima
  le+Anzahl+an+Pistenfahrten**%0A%0A++*U*%3Csub%3E%23%3C%2Fsub%3E%28*R*%29+%3D+%7C*S%28R%29*%7C%0A%0
  A-+**Maximale+Anzahl+unterschiedlicher+Pisten**%0A%0A++*U*%3Csub%3Eunique%3C%2Fsub%3E%28*R*%29+%3D
  +%7C%7B+*s*+%7C+*s*+%E2%88%88+*S%28R%29*+%7D%7C%0A%0ADabei+bezeichnet+*S%28R%29*+die+Folge+aller+i
  n+der+Route+*R*+befahrenen+Pisten.%0AMehrfaches+Befahren+einer+Piste+erh%C3%B6ht+den+Nutzen+bei+*U
  *%3Csub%3E%CE%94h%3C%2Fsub%3E%2C+*U*%3Csub%3EL%3C%2Fsub%3E+und+*U*%3Csub%3E%23%3C%2Fsub%3E+entspre
  chend+mehrfach.+Beim+Ziel+*U*%3Csub%3Eunique%3C%2Fsub%3E+tr%C3%A4gt+eine+Piste+genau+dann+zum+Nutz
  en+bei%2C+wenn+sie+mindestens+einmal+befahren+wurde%3B+die+Anzahl+ihrer+Befahrungen+ist+dabei+uner
  heblich.%0A%0A*Hinweis%3A*+Die+Problemstellung+entspricht+einer+Routenoptimierung+in+einem+gericht
  eten+Graphen+mit+Zeitrestriktion.+Geeignete+L%C3%B6sungsstrategien+aus+dem+Bereich+der+Pfad-+und+G
  raphalgorithmen+k%C3%B6nnen+hierf%C3%BCr+angepasst+werden.%0A%0A%23%23%23%23+Pr%C3%A4ferenzen%0A%0
  AEin+Skifahrer+kann+sowohl+Vorlieben+als+auch+Abneigungen+hinsichtlich+der+Schwierigkeit+und+der+O
  berfl%C3%A4chenbeschaffenheit+von+Pisten+haben.+Beispielsweise+kann+ein+Skifahrer+schwarze+Pisten+
  bevorzugen%2C+jedoch+eisige+Oberfl%C3%A4chen+meiden.%0A%0ADiese+Pr%C3%A4ferenzen+werden+in+dieser+
  Aufgabe+verwendet%2C+um+Gleichst%C3%A4nde+bei+der+Routenwahl+aufzul%C3%B6sen.+Wenn+bei+der+Erstell
  ung+einer+Route+zwei+Pisten+f%C3%BCr+das+gew%C3%A4hlte+Ziel+gleicherma%C3%9Fen+infrage+kommen%2C+w
  ird+jene+Piste+ausgew%C3%A4hlt%2C+die+den+Pr%C3%A4ferenzen+des+Fahrers+st%C3%A4rker+entspricht.%0A
  %0AF%C3%BCr+jede+%C3%9Cbereinstimmung+mit+einer+positiven+Pr%C3%A4ferenz+wird+ein+Wert+von+%2B1+ve
  rgeben%2C+f%C3%BCr+jede+%C3%9Cbereinstimmung+mit+einer+negativen+Pr%C3%A4ferenz+ein+Wert+von+%E2%8
  8%921.+Die+Summe+dieser+Werte+wird+f%C3%BCr+beide+Routen+berechnet+und+miteinander+verglichen.+Gew
  %C3%A4hlt+wird+die+Route+mit+dem+h%C3%B6heren+Gesamtwert.%0A%0ABesteht+weiterhin+Gleichstand%2C+so
  +wird+die+Route+ausgew%C3%A4hlt%2C+deren+Bezeichner+lexikografisch+vor+den+Bezeichnern+der+anderen
  +liegt.&project=ProgrammingWT2526-Final2&role=requirements&task=Understand+the+wt2526final02+and+c
  reate+its+backlog+when+prompted.&timestamp=2026-07-24T08%3A14%3A25.543Z&domain=wt2526final02

● adaptive-memory extension active (role=requirements, memorySession=20260724-101130-req) - type
  /memory-help. MCP tools registered (memory=true, backlog=true).







Changes    +0 -0
Duration   1m 1s
Tokens     ↑ 23.1k (1.3k cached) • ↓ 871 (450 reasoning)
[delivery:requirements] Turn 4/8 complete
[delivery:requirements] Turn 5/8: task.md — segment 4/6 — Abschlussaufgabe 2 — Skiroutenplaner > 2 Hinweise zur Implementierung
● [adaptive-context] GET http://localhost:4444/api/agents/7af7809a-adce-4fa9-9609-fd61059de0ff/sessi
  ons/20260724-101130-req/context?input=Dokument%3A+task.md%0ASegment%3A+4%2F6%0AAbschnitt%3A+Abschl
  ussaufgabe+2+%E2%80%94+Skiroutenplaner+%3E+2+Hinweise+zur+Implementierung%0A%0ALies+diesen+Abschni
  tt+sorgf%C3%A4ltig+und+behalte+den+Kontext.+Erstelle+noch+keinen+Backlog+und+noch+keine+Tasks.+War
  te+damit+bis+zum+abschlie%C3%9Fenden+%2Ffinalize.%0A%0A%23%23+2+Hinweise+zur+Implementierung%0A%0A
  Nach+dem+Start+nimmt+Ihr+Programm+%C3%BCber+die+Kommandozeile+mittels+der+Standardeingabe+Eingaben
  +entgegen%2C+die+im+Folgenden+n%C3%A4her+spezifiziert+werden.+Alle+Befehle+werden+auf+dem+aktuelle
  n+Zustand+des+Programms+ausgef%C3%BChrt.+Nach+Abarbeitung+einer+Eingabe+wartet+Ihr+Programm+auf+we
  itere+Eingaben%2C+bis+das+Programm+irgendwann+durch+die+Eingabe+der+Zeichenfolge+%60quit%60+beende
  t+wird.%0A%0AIm+Folgenden+werden+Eingabezeilen+mit+einer+schlie%C3%9Fenden+spitzen+Klammer+%28%60%
  3E%60%29+gefolgt+von+einem+Leerzeichen+eingeleitet.+Diese+beiden+Zeichen+sind+kein+Bestandteil+des
  +eingegebenen+Befehls%2C+sondern+dienen+der+Unterscheidung+von+Ein-+und+Ausgabezeilen.%0A%0AAchten
  +Sie+darauf%2C+dass+durch+die+Ausf%C3%BChrung+der+folgenden+Befehle+die+gegebenen+semantischen+und
  +syntaktischen+Spezifikationen+nicht+verletzt+werden+und+geben+Sie+bei+Verletzung+der+Spezifikatio
  nen+immer+eine+aussagekr%C3%A4ftige+Fehlermeldung+aus.%0AWenn+die+Benutzereingabe+nicht+dem+vorgeg
  ebenen+Format+entspricht%2C+ist+auch+eine+Fehlermeldung+auszugeben.+Nach+der+Ausgabe+einer+Fehlerm
  eldung+soll+das+Programm+wie+erwartet+fortfahren+und+wieder+auf+die+n%C3%A4chste+Eingabe+warten.%0
  ADie+Fehlermeldung+sollte+so+geformt+sein%2C+dass+f%C3%BCr+den+Benutzer+erkenntlich+ist%2C+warum+e
  ine+Eingabe+abgelehnt+wurde.%0A%0ADa+wir+automatische+Tests+Ihrer+interaktiven+Benutzerschnittstel
  le+durchf%C3%BChren%2C+m%C3%BCssen+die+Ausgaben+exakt+den+Vorgaben+entsprechen.+Insbesondere+solle
  n+sowohl+Klein-+und+Gro%C3%9Fbuchstaben+als+auch+die+Leerzeichen+und+Zeilenumbr%C3%BCche+genau+%C3
  %BCbereinstimmen.+Setzen+Sie+nur+die+in+der+Aufgabenstellung+angegebenen+Informationen+um.+Geben+S
  ie+auch+keine+zus%C3%A4tzlichen+Informationen+aus.+Bei+Fehlermeldungen+d%C3%BCrfen+Sie+den+englisc
  hsprachigen+Text+frei+w%C3%A4hlen%2C+er+sollte+jedoch+sinnvoll+sein.+Jede+Fehlermeldung+muss+aber+
  mit+%60Error%2C%60+beginnen+und+darf+keine+Sonderzeichen%2C+wie+beispielsweise+Zeilenumbr%C3%BCche
  +oder+Umlaute%2C+enthalten.%0A%0AWenn+nicht+anders+angegeben%2C+ist+f%C3%BCr+Eingabe+immer+die+Sta
  ndardeingabe+%60System.in%60+zu+verwenden.+Wenn+nicht+anders+angegeben%2C+ist+f%C3%BCr+Ausgaben+im
  mer+die+Standardausgabe+%60System.out%60+zu+verwenden.+F%C3%BCr+Fehlermeldungen+kann+anstelle+der+
  Standardausgabe+optional+die+Standardfehlerausgabe+%60System.err%60+verwendet+werden.+Weisen+Sie+d
  iese+Standardeingabe+und+-ausgabe+niemals+neu+zu.%0A%0ABeachten+Sie%2C+dass+bei+der+Beschreibung+d
  er+Eingabe-+und+Ausgabeformate+die+W%C3%B6rter+zwischen+spitzen+Klammen+f%C3%BCr+Platzhalter+stehe
  n%2C+die+bei+der+konkreten+Ein-+und+Ausgabe+durch+Werte+ersetzt+werden.+Diese+eigentlichen+Werte+e
  nthalten+bei+der+Ein-+und+Ausgabe+keine+spitzen+Klammern.+Vergleichen+Sie+hierzu+auch+den+Beispiel
  ablauf.&project=ProgrammingWT2526-Final2&role=requirements&task=Understand+the+wt2526final02+and+c
  reate+its+backlog+when+prompted.&timestamp=2026-07-24T08%3A14%3A49.056Z&domain=wt2526final02

● Injected adaptive memory context into system prompt

● <adaptive_rules>
  - After printing an error message the program should continue and wait for the next input
  (interactive loop must continue).
  - All commands are executed on the current program state and after processing an input the program
   waits for further inputs (interactive command processing).
  - Checkstyle rules must be followed; the online submission system checks them and certain rules
  are mandatory and will cause a zero score if violated.
  - Do not use System.exit(), Runtime.exit() or similar methods.
  - Error messages must begin with 'Error,' may be written in English, must not contain special
  characters (e.g., newlines or umlauts), and should be meaningful.
  - Never reassign the standard input/output/error streams.
  - Only java.util.Scanner and elements from the listed Java packages are allowed; other Java
  library elements must not be used unless explicitly permitted.
  - Plan time for the first submission because mandatory tests must be passed before other tests are
   evaluated.
  - Program code must compile without errors.
  - Program output must exactly match the specified output (including case, spaces, and line
  breaks); do not print additional information.
  - Submit your *.java files in the specified folder structure as an individual (Einzelarbeit) via
  the online submission system.
  - The program terminates when the exact string 'quit' is entered; termination must be implemented
  via normal control flow, not System.exit or similar.
  - The programming wiki describes how to use Checkstyle and can be used to verify rule compliance
  during development.
  - Use Java SE 21 for all code.
  - Use System.in for inputs, System.out for outputs, and optionally System.err for error messages.
  - When user input does not match the required format or violates semantic/syntactic
  specifications, the program must output an error message.
  - You must first pass the mandatory tests in Artemis before the other tests are evaluated;
  violating mandatory test rules leads to automatic zero points.
  - Program termination must not be implemented using System.exit(), Runtime.exit() or similar; it
  must use ordinary control-flow mechanisms.
  - If 'plan' finds no route because all lifts are closed in the given time span, an error must be
  reported.
  - The 'plan' command requires that a ski area is loaded before it can run.
  - The 'plan' command requires that goal and skill are set before it can run.
  - The 'plan' command requires that no route is currently running before it can run.
  - The 'plan' command requires the end time to be after the start time.
  - Every lift and every slope must be connected to between 1 and n other lifts and slopes.
  - A ski area must contain at least one lift (Talstation) and at least one slope (Piste).
  - Loading an area must validate that all identifiers are unique.
  - Loading an area must validate that the ski area is connected.
  - Loading an area must validate that there is at least one valley station (Talstation) and at
  least one slope (Piste).
  </adaptive_rules>

  <knowledge>
    - The commands 'set skill', 'set goal', 'like', 'dislike' and 'reset preferences' can be used
  after a route is planned or started and will trigger dynamic route recalculation.
    - The 'alternative' command prints 'avoided <id>' or 'no alternative found' if no alternative
  route exists.
    - The commands 'take' and 'alternative' may only be executed directly after the 'next' command.
  </knowledge>
  <entity_paths>
    - Implementierungsrichtlinien — Abschlussaufgabe 2 (WS 2025/26) RELATES_TO System.exit(): Do not
   use System.exit(), Runtime.exit() or similar methods.
    - Implementierungsrichtlinien — Abschlussaufgabe 2 (WS 2025/26) RELATES_TO Runtime.exit(): Do
  not use System.exit(), Runtime.exit() or similar methods.
    - Implementierungsrichtlinien — Abschlussaufgabe 2 (WS 2025/26) RELATES_TO System.in: Never
  reassign the standard input/output/error streams.
    - Implementierungsrichtlinien — Abschlussaufgabe 2 (WS 2025/26) RELATES_TO System.out: Never
  reassign the standard input/output/error streams.
    - Implementierungsrichtlinien — Abschlussaufgabe 2 (WS 2025/26) RELATES_TO System.err: Never
  reassign the standard input/output/error streams.
    - Implementierungsrichtlinien — Abschlussaufgabe 2 (WS 2025/26) RELATES_TO Fehlerfrei
  kompilierender Programmcode: Program code must compile without errors.
    - Implementierungsrichtlinien — Abschlussaufgabe 2 (WS 2025/26) RELATES_TO Checkstyle rules:
  Checkstyle rules must be followed; the online submission system checks them and certain rules are
  mandatory and will cause a zero score if violated.
    - Implementierungsrichtlinien — Abschlussaufgabe 2 (WS 2025/26) RELATES_TO Submission of *.java
  files: Submit your *.java files in the specified folder structure as an individual (Einzelarbeit)
  via the online submission system.
    - Implementierungsrichtlinien — Abschlussaufgabe 2 (WS 2025/26) RELATES_TO quit: The program
  terminates when the exact string 'quit' is entered; termination must be implemented via normal
  control flow, not System.exit or similar.
    - Implementierungsrichtlinien — Abschlussaufgabe 2 (WS 2025/26) RELATES_TO Program output
  format: Program output must exactly match the specified output (including case, spaces, and line
  breaks); do not print additional information.
    - Implementierungsrichtlinien — Abschlussaufgabe 2 (WS 2025/26) RELATES_TO Error message format:
   Error messages must begin with 'Error,' may be written in English, must not contain special
  characters (e.g., newlines or umlauts), and should be meaningful.
    - Implementierungsrichtlinien — Abschlussaufgabe 2 (WS 2025/26) RELATES_TO Input format
  validation: When user input does not match the required format or violates semantic/syntactic
  specifications, the program must output an error message.
    - Implementierungsrichtlinien — Abschlussaufgabe 2 (WS 2025/26) RELATES_TO Program behavior
  after error: After printing an error message the program should continue and wait for the next
  input (interactive loop must continue).
    - Implementierungsrichtlinien — Abschlussaufgabe 2 (WS 2025/26) RELATES_TO Command processing:
  All commands are executed on the current program state and after processing an input the program
  waits for further inputs (interactive command processing).
    - Implementierungsrichtlinien — Abschlussaufgabe 2 (WS 2025/26) RELATES_TO Plan for first
  submission: Plan time for the first submission because mandatory tests must be passed before other
   tests are evaluated.
    - Implementierungsrichtlinien — Abschlussaufgabe 2 (WS 2025/26) RELATES_TO Programmier-Wiki
  (Checkstyle usage): The programming wiki describes how to use Checkstyle and can be used to verify
   rule compliance during development.
    - Implementierungsrichtlinien — Abschlussaufgabe 2 (WS 2025/26) USES Java SE 21: Use Java SE 21
  for all code.
    - Implementierungsrichtlinien — Abschlussaufgabe 2 (WS 2025/26) USES java.util.Scanner: Only
  java.util.Scanner and elements from the listed Java packages are allowed; other Java library
  elements must not be used unless explicitly permitted.
    - Implementierungsrichtlinien — Abschlussaufgabe 2 (WS 2025/26) USES java.lang: Only
  java.util.Scanner and elements from the listed Java packages are allowed; other Java library
  elements must not be used unless explicitly permitted.
    - Implementierungsrichtlinien — Abschlussaufgabe 2 (WS 2025/26) USES java.io: Only
  java.util.Scanner and elements from the listed Java packages are allowed; other Java library
  elements must not be used unless explicitly permitted.
  </entity_paths>
  <entity_matches>
    - Implementierungsrichtlinien — Abschlussaufgabe 2 (WS 2025/26) (score: 0.79) — Sie können und
  sollten Ihre Quelltexte bereits während der Entwicklung auf die Regeleinhaltung überprüfen. Das
  Programmieren-Wiki beschreibt, wie Checkstyle verwendet werden kann.
    - Program termination (score: 0.74) — Das Programm wird durch die Eingabe der Zeichenfolge
  `quit` beendet.
    - quit (score: 0.73) — Dafür darf **nicht** `System.exit()`, `Runtime.exit()` oder dergleichen
  verwendet werden, sondern das Programm soll über gewöhnliche Kontrollflussmechanismen beendet
  werden.
    - take (score: 0.73) — Die Befehle `take` und `alternative` dürfen nur **direkt** nach dem
  `next`-Befehl ausgeführt werden.
    - Fehlerfrei kompilierender Programmcode (score: 0.72) — Submission must compile without
  compilation errors.
  </entity_matches>

● adaptive-memory extension active (role=requirements, memorySession=20260724-101130-req) - type
  /memory-help. MCP tools registered (memory=true, backlog=true).







Changes    +0 -0
Duration   1m 16s
Tokens     ↑ 26.3k (1.3k cached) • ↓ 405 (200 reasoning)
[delivery:requirements] Turn 5/8 complete
[delivery:requirements] Turn 6/8: task.md — segment 5/6 — Abschlussaufgabe 2 — Skiroutenplaner > 3 Funktionalität
● [adaptive-context] GET http://localhost:4444/api/agents/7af7809a-adce-4fa9-9609-fd61059de0ff/sessi
  ons/20260724-101130-req/context?input=Dokument%3A+task.md%0ASegment%3A+5%2F6%0AAbschnitt%3A+Abschl
  ussaufgabe+2+%E2%80%94+Skiroutenplaner+%3E+3+Funktionalit%C3%A4t%0A%0ALies+diesen+Abschnitt+sorgf%
  C3%A4ltig+und+behalte+den+Kontext.+Erstelle+noch+keinen+Backlog+und+noch+keine+Tasks.+Warte+damit+
  bis+zum+abschlie%C3%9Fenden+%2Ffinalize.%0A%0A%23%23+3+Funktionalit%C3%A4t%0A%0AIm+Folgenden+wird+
  die+erforderliche+Funktionalit%C3%A4t+des+Systems+beschrieben.%0A%0A%23%23%23+3.1+Platzhalter%0A%0
  AZus%C3%A4tzlich+zu+den+Nichtterminalsymbolen+aus+der+BNF-Grammatik+sind+folgende+Platzhalter+defi
  niert%3A%0A%0A-+**%60%3Cgoal%3E%60%3A**+Ziel+der+Route+%28%60ALTITUDE%60%2C+%60DISTANCE%60%2C+%60N
  UMBER%60%2C+%60UNIQUE%60%29%0A-+**%60%3Cskill%3E%60%3A**+Fertigkeit+des+Fahrers+%28%60BEGINNER%60%
  2C+%60INTERMEDIATE%60%2C+%60EXPERT%60%29%0A%0A%23%23%23+3.2+Befehle%0A%0A%23%23%23%23+Der+%60quit%
  60-Befehl%0A%0ADer+parameterlose+Befehl+erm%C3%B6glicht+es+das+Programm+vollst%C3%A4ndig+zu+beende
  n.+Beachten+Sie%2C+dass+hierf%C3%BCr+keine+Methoden+wie+%60System.exit%28%29%60+oder+%60Runtime.ex
  it%28%29%60+verwendet+werden+d%C3%BCrfen.%0A%0A**Eingabe%3A**+%60quit%60%0A%0ABeispiel%3A%0A%0A%60
  %60%60%0A%3E+quit%0A%60%60%60%0A%0A%23%23%23%23+Der+%60load+area%60-Befehl%0A%0AL%C3%A4dt+eine+spe
  zifizierte+Datei%2C+parsed+den+Inhalt+und+validiert+das+enthaltene+Skigebiet.%0AZu+Testzwecken+sol
  l+der+Befehl+den+Inhalt+der+Datei+Verbatim+ausgeben.%0AWird+der+Befehl+mehrfach+ausgef%C3%BChrt%2C
  +so+wird%2C+falls+das+neue+Gebiet+g%C3%BCltig+ist%2C+das+alte+%C3%BCberschrieben+und+die+eventuell
  +laufende+Route+abgebrochen.%0A%0A**Eingabe%3A**+%60load+area+%3Cpath%3E%60%0A%0A**Ausgabe%3A**+Ve
  rbatim+Inhalt+der+Datei%0A%0A%C3%9Cberpr%C3%BCfen+Sie+beim+Validieren+insbesondere+ob%3A%0A%0A-+al
  le+Bezeichner+eindeutig+sind%0A-+das+Skigebiet+zusammenh%C3%A4ngend+ist%0A-+das+es+mindestens+eine
  +Talstation+und+eine+Piste+gibt%0A%0ABeispiel%3A%0A%0A%60%60%60%0A%3E+load+area+.%2Farea.txt%0Agra
  ph%0A++++LiftA%5B%5BLiftA%3Cbr%2F%3EGONDOLA%3B08%3A00%3B16%3A00%3B10%3B2%5D%5D%0A++++Piste1%28%5BP
  iste1%3Cbr%2F%3EBLUE%3BICY%3B2000%3B500%5D%29%0A++++LiftB%5BLiftB%3Cbr%2F%3ECHAIRLIFT%3B08%3A30%3B
  16%3A15%3B5%3B1%5D%0A++++Piste2%28%5BPiste2%3Cbr%2F%3ERED%3BBUMPY%3B2000%3B200%5D%29%0A++++Piste3%
  28%5BPiste3%3Cbr%2F%3EBLACK%3BREGULAR%3B2000%3B1000%5D%29%0A++++LiftA+--%3E+Piste1%0A++++Piste1+--
  %3E+LiftB%0A++++LiftB+--%3E+Piste2%0A++++LiftB+--%3E+Piste3%0A++++Piste2+--%3E+LiftB%0A++++Piste3+
  --%3E+LiftA%0A%60%60%60%0A%0A%23%23%23%23+Der+%60list+lifts%60-Befehl%0A%0AGibt+alle+Lifte+%28und+
  deren+Eigenschaften%29+aufsteigend+sortiert+nach+dem+Bezeichner+aus.%0AEs+wird+ein+Lift+pro+Zeile+
  ausgegeben.+Falls+es+sich+um+eine+Talstation+handelt%2C+so+kommt+am+Ende+der+Zeile+zus%C3%A4tzlich
  +die+Ausgabe+%60TRANSIT%60.%0A%0A**Eingabe%3A**+%60list+lifts%60%0A%0A**Ausgabe%3A**+%60%3Cid%3E+%
  3CliftType%3E+%3Ctime%3E+%3Ctime%3E+%3Cmeter%3E+%3Cmeter%3E+%5BTRANSIT%5D%60%0A%0ABeispiel%3A%0A%0
  A%60%60%60%0A%3E+list+lifts%0ALiftA+GONDOLA+08%3A00+16%3A00+10+2+TRANSIT%0ALiftB+CHAIRLIFT+08%3A30
  +16%3A15+5+1%0A%60%60%60%0A%0A%23%23%23%23+Der+%60list+slopes%60-Befehl%0A%0AGibt+alle+Pisten+%28u
  nd+deren+Eigenschaften%29+aufsteigend+sortiert+nach+dem+Bezeichner+aus.%0AEs+wird+eine+Piste+pro+Z
  eile+ausgegeben.%0A%0A**Eingabe%3A**+%60list+slopes%60%0A%0A**Ausgabe%3A**+%60%3Cid%3E+%3Cdifficul
  ty%3E+%3Csurface%3E+%3Cmeter%3E+%3Cmeter%3E%60%0A%0ABeispiel%3A%0A%0A%60%60%60%0A%3E+list+slopes%0
  APiste1+BLUE+ICY+2000+500%0APiste2+RED+BUMPY+2000+200%0APiste3+BLACK+REGULAR+2000+1000%0A%60%60%60
  %0A%0A%23%23%23%23+Der+%60set+skill%60-Befehl%0A%0ASetzt+die+Fertigkeit+des+Skifahrers+auf+den+Ang
  egeben+Wert.%0A%0A**Eingabe%3A**+%60set+skill+%3Cskill%3E%60%0A%0ABeispiel%3A%0A%0A%60%60%60%0A%3E
  +set+skill+EXPERT%0A%60%60%60%0A%0A%23%23%23%23+Der+%60set+goal%60-Befehl%0A%0ASetzt+das+Ziel+des+
  Skifahrers+auf+den+Angegeben+Wert.%0A%0A**Eingabe%3A**+%60set+goal+%3Cgoal%3E%60%0A%0ABeispiel%3A%
  0A%0A%60%60%60%0A%3E+set+goal+DISTANCE%0A%60%60%60%0A%0A%23%23%23%23+Der+%60like%60-Befehl%0A%0ASp
  eichert+die+Vorliebe+einer+Schwierigkeit+oder+Oberfl%C3%A4che+von+Pisten.%0A%0A**Eingabe%3A**+%60l
  ike+%3Cdifficulty%3E%7C%3Csurface%3E%60%0A%0ABeispiel%3A%0A%0A%60%60%60%0A%3E+like+BLUE%0A%60%60%6
  0%0A%0A%23%23%23%23+Der+%60dislike%60-Befehl%0A%0ASpeichert+die+das+Abneigung+einer+Schwierigkeit+
  oder+Oberfl%C3%A4che+von+Pisten.%0A%0A**Eingabe%3A**+%60dislike+%3Cdifficulty%3E%7C%3Csurface%3E%6
  0%0A%0ABeispiel%3A%0A%0A%60%60%60%0A%3E+dislike+BUMPY%0A%60%60%60%0A%0A%23%23%23%23+Der+%60reset+p
  reference%60-Befehl%0A%0ASetzt+alle+Vorlieben+des+Skifahrers+auf+neutral+zur%C3%BCck.%0A%0A**Einga
  be%3A**+%60reset+preferences%60%0A%0ABeispiel%3A%0A%0A%60%60%60%0A%3E+reset+preferences%0A%60%60%6
  0%0A%0A%23%23%23%23+Der+%60plan%60-Befehl%0A%0APlant+eine+neue+Route+im+Zeitlichen+Rahmen%2C+die+a
  n+der+angegeben+Talstation+beginnt+und+endet.%0AErfordert%2C+dass+ein+Skigebiet+geladen+ist%2C+Zie
  l+und+K%C3%B6nnen+festgesetzt+wurden+und+momentan+keine+Route+l%C3%A4uft.+Ferner+muss+die+Endzeit+
  nach+der+Startzeit+liegen.+Sollte+keine+Route+gefunden+werden%2C+da+alle+Lifte+in+der+angegebenen+
  Zeitspanne+geschlossen+sind%2C+so+soll+ein+Fehler+ausgegeben+werden.%0A%0A**Eingabe%3A**+%60plan+%
  3Cid%3E+%3Ctime%3E+%3Ctime%3E%60%0A%0A**Ausgabe%3A**+%60route+planned%60%0A%0ABeispiel%3A%0A%0A%60
  %60%60%0A%3E+plan+LiftA+08%3A30+15%3A45%0Aroute+planned%0A%60%60%60%0A%0A%23%23%23%23+Der+%60abort
  %60-Befehl%0A%0AFalls+gerade+eine+Route+geplant+ist+oder+schon+bereits+begonnen+wurde%2C+so+wird+d
  iese+Abgebrochen.+Dies+entfernt+auch+den+Skifahrer+aus+dem+Skigebiet.%0A%0A**Eingabe%3A**+%60abort
  %60%0A%0A**Ausgabe%3A**+%60route+aborted%60%0A%0ABeispiel%3A%0A%0A%60%60%60%0A%3E+abort%0Aroute+ab
  orted%0A%60%60%60%0A%0A%23%23%23%23+Der+%60next%60-Befehl%0A%0AFalls+gerade+eine+Route+geplant+ist
  +oder+schon+bereits+begonnen+wurde%2C+so+wird+der+n%C3%A4chste+Lift+oder+die+n%C3%A4chste+Piste+au
  sgegeben.%0A%0A**Eingabe%3A**+%60next%60%0A%0A**Ausgabe%3A**+%60%3Cid%3E%60%0A%0ABeispiel%3A%0A%0A
  %60%60%60%0A%3E+next%0ALiftA%0A%60%60%60%0A%0ASollte+die+Route+beendet+sein%2C+so+wird+stattdessen
  +%60route+finished%21%60+ausgegeben.%0A%0ABeispiel%3A%0A%0A%60%60%60%0A%3E+next%0Aroute+finished%2
  1%0A%60%60%60%0A%0A%23%23%23%23+Der+%60take%60-Befehl%0A%0ADarf+nur+**direkt**+nach+dem+%60next%60
  -Befehl+ausgef%C3%BChrt+werden%2C+wodurch+der+Fahrer+den+vorgeschlagenen+Lift+oder+die+vorgeschlag
  ene+Piste+nimmt.%0A%0A**Eingabe%3A**+%60take%60%0A%0ABeispiel%3A%0A%0A%60%60%60%0A%3E+next%0ALiftA
  %0A%3E+take%0A%60%60%60%0A%0A%23%23%23%23+Der+%60alternative%60-Befehl%0A%0ADarf+nur+**direkt**+na
  ch+dem+%60next%60-Befehl+ausgef%C3%BChrt+werden.+Falls+der+Fahrer+mindestens+die+Talstation+befahr
  en%2C+also+die+Route+begonnen+hat%2C+wird+versucht+eine+alternative+f%C3%BCr+den+n%C3%A4chsten+Lif
  t+oder+Piste+zu+berechnen.+Hierbei+wird+die+optimale+neue+Route+bestimmt%2C+die+nicht+den+urspr%C3
  %BCnglich+vorgeschlagenen+n%C3%A4chsten+Lift%2C+oder+Piste+als+n%C3%A4chsten+Schritt+enth%C3%A4lt.
  +Falls+es+eine+alternative+Route+gibt%2C+so+erfolgt+die+Ausgabe+mit+dem+vermiedenem+n%C3%A4chsten+
  Halt.%0A%0A**Eingabe%3A**+%60alternative%60%0A%0A**Ausgabe%3A**+%60avoided+%3Cid%3E%60%0A%0ABeispi
  el%3A%0A%0A%60%60%60%0A%3E+next%0APiste2%0A%3E+alternative%0Aavoided+Piste2%0A%3E+next%0APiste3+%0
  A%60%60%60%0A%0AFalls+es+keine+alternative+Route+gibt%2C+so+soll+stattdessen+%60no+alternative+fou
  nd%60+ausgegeben+werden.%0A%0ABeispiel%3A%0A%0A%60%60%60%0A%3E+next%0APiste1%0A%3E+alternative%0An
  o+alternative+found%0A%3E+next%0APiste1+%0A%60%60%60%0A%0A%23%23%23%23+Der+%60show+route%60-Befehl
  %0A%0AFalls+gerade+eine+Route+geplant+ist+oder+schon+bereits+begonnen+wurde%2C+so+wird+die+%28verb
  leibende%29+Route+ausgegeben.+Der+erste+Bezeichner+in+dieser+Liste+entspricht+der+n%C3%A4chsten+Pi
  ste+oder+dem+n%C3%A4chsten+Lift%2C+siehe+%60next%60-Befehl.%0A%0A**Eingabe%3A**+%60show+route%60%0
  A%0A**Ausgabe%3A**+%60%3Cid%3E+%3Cid%3E+...+%3Cid%3E%60%0A%0ABeispiel%3A%0A%0A%60%60%60%0A%3E+show
  +route%0ALiftA+Piste1+LiftB+Piste3%0A%60%60%60%0A%0A%23%23%23%23+Dynamisches+Planen%0A%0ADie+Befeh
  le+%60set+skill%60%2C+%60set+goal%60%2C+%60like%60%2C+%60dislike%60%2C+%60reset+preferences%60+k%C
  3%B6nnen+auch+benutzt+werden%2C+nachdem+eine+Route+geplant+oder+begonnen+worden+ist.+In+dem+Fall+w
  ird+die+Route+dynamisch+neu+berechnet.+Sollte+sich+der+Skifahrer+schon+auf+der+Route+befinden%2C+s
  o+ist+die+Startzeit+der+Route+die+aktuelle+Zeit+und+der+Startpunkt+die+aktuelle+Position+des+Skifa
  hrers.&project=ProgrammingWT2526-Final2&role=requirements&task=Understand+the+wt2526final02+and+cr
  eate+its+backlog+when+prompted.&timestamp=2026-07-24T08%3A15%3A04.068Z&domain=wt2526final02

● Injected adaptive memory context into system prompt

● <adaptive_rules>
  - Loading an area must validate that all identifiers are unique.
  - Loading an area must validate that the ski area is connected.
  - Loading an area must validate that there is at least one valley station (Talstation) and at
  least one slope (Piste).
  - If 'plan' finds no route because all lifts are closed in the given time span, an error must be
  reported.
  - The 'plan' command requires that a ski area is loaded before it can run.
  - The 'plan' command requires that goal and skill are set before it can run.
  - The 'plan' command requires that no route is currently running before it can run.
  - The 'plan' command requires the end time to be after the start time.
  - A ski area must contain at least one lift (Talstation) and at least one slope (Piste).
  - Every lift and every slope must be connected to between 1 and n other lifts and slopes.
  - Program termination must not be implemented using System.exit(), Runtime.exit() or similar; it
  must use ordinary control-flow mechanisms.
  - After printing an error message the program should continue and wait for the next input
  (interactive loop must continue).
  - All commands are executed on the current program state and after processing an input the program
   waits for further inputs (interactive command processing).
  - Checkstyle rules must be followed; the online submission system checks them and certain rules
  are mandatory and will cause a zero score if violated.
  - Do not use System.exit(), Runtime.exit() or similar methods.
  - Error messages must begin with 'Error,' may be written in English, must not contain special
  characters (e.g., newlines or umlauts), and should be meaningful.
  - Never reassign the standard input/output/error streams.
  - Only java.util.Scanner and elements from the listed Java packages are allowed; other Java
  library elements must not be used unless explicitly permitted.
  - Plan time for the first submission because mandatory tests must be passed before other tests are
   evaluated.
  - Program code must compile without errors.
  - Program output must exactly match the specified output (including case, spaces, and line
  breaks); do not print additional information.
  - Submit your *.java files in the specified folder structure as an individual (Einzelarbeit) via
  the online submission system.
  - The program terminates when the exact string 'quit' is entered; termination must be implemented
  via normal control flow, not System.exit or similar.
  - The programming wiki describes how to use Checkstyle and can be used to verify rule compliance
  during development.
  - Use Java SE 21 for all code.
  - Use System.in for inputs, System.out for outputs, and optionally System.err for error messages.
  - When user input does not match the required format or violates semantic/syntactic
  specifications, the program must output an error message.
  - You must first pass the mandatory tests in Artemis before the other tests are evaluated;
  violating mandatory test rules leads to automatic zero points.
  </adaptive_rules>

  <memories>
    - ProgrammingWT2526-Final2 RELATES_TO a ski-resort routing domain that includes Talstation and
  Piste and CLI commands like 'plan', 'set skill', 'set goal', 'like', and 'dislike'
    - ProgrammingWT2526-Final2 DEPENDS_ON Checkstyle rules and requires compilation without errors
    - ProgrammingWT2526-Final2 USES Java SE 21 as the target platform
    - ProgrammingWT2526-Final2 USES standard Java I/O streams and java.util.Scanner for input/output
    - ProgrammingWT2526-Final2 RELATES_TO an interactive CLI that processes commands sequentially
  and exits on the 'quit' command without using System.exit()
    - ProgrammingWT2526-Final2 RELATES_TO an error-handling convention where messages start with
  'Error,' in English (no special characters) and the program continues afterwards
  </memories>
  <knowledge>
    - The commands 'set skill', 'set goal', 'like', 'dislike' and 'reset preferences' can be used
  after a route is planned or started and will trigger dynamic route recalculation.
    - If the skier is already on the route when preferences change, the route's start time becomes
  the current time and the start point becomes the skier's current position.
    - When comparing two routes, each match with a positive preference is scored +1 and each match
  with a negative preference is scored -1.
    - The 'alternative' command prints 'avoided <id>' or 'no alternative found' if no alternative
  route exists.
    - The route with the higher sum of preference scores is chosen.
    - The 'show route' command prints the remaining route as a list of identifiers '<id> <id> ...
  <id>' where the first identifier is the next lift or slope.
    - The command 'quit' ends the program.
    - The 'load area' command prints the content of the loaded file verbatim.
    - Re-running 'load area' with a new valid area replaces the old area and aborts any running
  route.
    - On success the 'plan' command prints 'route planned'.
    - A ski area (Skigebiet) is a connected directed graph composed of lifts and slopes.
    - The 'list lifts' command outputs all lifts sorted by identifier ascending, one lift per line,
  in the format '<id> <liftType> <time> <time> <meter> <meter> [TRANSIT]'; 'TRANSIT' is appended for
   valley stations.
    - The 'list slopes' command outputs all slopes sorted by identifier ascending, one slope per
  line, in the format '<id> <difficulty> <surface> <meter> <meter>'.
    - The commands 'take' and 'alternative' may only be executed directly after the 'next' command.
    - The 'abort' command prints 'route aborted'.
    - The 'next' command prints the next identifier (<id>) or 'route finished!' if the route is
  finished.
    - If route scores are still tied, choose the route whose identifiers are lexicographically
  earlier.
  </knowledge>
  <entity_paths>
    - ProgrammingWT2526-Final2 RELATES_TO Error message format: ProgrammingWT2526-Final2 RELATES_TO
  an error-handling convention where messages start with 'Error,' in English (no special characters)
   and the program continues afterwards
    - ProgrammingWT2526-Final2 RELATES_TO Interactive command-line application behavior:
  ProgrammingWT2526-Final2 RELATES_TO an interactive CLI that processes commands sequentially and
  exits on the 'quit' command without using System.exit()
    - ProgrammingWT2526-Final2 RELATES_TO Ski-resort routing domain: ProgrammingWT2526-Final2
  RELATES_TO a ski-resort routing domain that includes Talstation and Piste and CLI commands like
  'plan', 'set skill', 'set goal', 'like', and 'dislike'
    - ProgrammingWT2526-Final2 RELATES_TO Talstation: ProgrammingWT2526-Final2 RELATES_TO a
  ski-resort routing domain that includes Talstation and Piste and CLI commands like 'plan', 'set
  skill', 'set goal', 'like', and 'dislike'
    - ProgrammingWT2526-Final2 RELATES_TO Piste: ProgrammingWT2526-Final2 RELATES_TO a ski-resort
  routing domain that includes Talstation and Piste and CLI commands like 'plan', 'set skill', 'set
  goal', 'like', and 'dislike'
    - ProgrammingWT2526-Final2 RELATES_TO plan: ProgrammingWT2526-Final2 RELATES_TO a ski-resort
  routing domain that includes Talstation and Piste and CLI commands like 'plan', 'set skill', 'set
  goal', 'like', and 'dislike'
    - ProgrammingWT2526-Final2 RELATES_TO set skill: ProgrammingWT2526-Final2 RELATES_TO a
  ski-resort routing domain that includes Talstation and Piste and CLI commands like 'plan', 'set
  skill', 'set goal', 'like', and 'dislike'
    - ProgrammingWT2526-Final2 RELATES_TO set goal: ProgrammingWT2526-Final2 RELATES_TO a ski-resort
   routing domain that includes Talstation and Piste and CLI commands like 'plan', 'set skill', 'set
   goal', 'like', and 'dislike'
    - ProgrammingWT2526-Final2 RELATES_TO like / dislike: ProgrammingWT2526-Final2 RELATES_TO a
  ski-resort routing domain that includes Talstation and Piste and CLI commands like 'plan', 'set
  skill', 'set goal', 'like', and 'dislike'
    - ProgrammingWT2526-Final2 USES Java SE 21: ProgrammingWT2526-Final2 USES Java SE 21 as the
  target platform
    - ProgrammingWT2526-Final2 USES System.in, System.out, System.err and java.util.Scanner:
  ProgrammingWT2526-Final2 USES standard Java I/O streams and java.util.Scanner for input/output
    - ProgrammingWT2526-Final2 DEPENDS_ON Checkstyle: ProgrammingWT2526-Final2 DEPENDS_ON Checkstyle
   rules and requires compilation without errors
    - ProgrammingWT2526-Final2 DEPENDS_ON Successful compilation: ProgrammingWT2526-Final2
  DEPENDS_ON Checkstyle rules and requires compilation without errors
    - show route RELATES_TO Ausgabe: verbleibende Route als Liste von Bezeichnern: The 'show route'
  command prints the remaining route as a list of identifiers '<id> <id> ... <id>' where the first
  identifier is the next lift or slope.
    - plan RELATES_TO Fehler bei keiner Route (Lifte geschlossen): If 'plan' finds no route because
  all lifts are closed in the given time span, an error must be reported.
    - plan RELATES_TO Ausgabe: route planned: On success the 'plan' command prints 'route planned'.
    - plan DEPENDS_ON Endzeit > Startzeit: The 'plan' command requires the end time to be after the
  start time.
    - plan DEPENDS_ON Skigebiet geladen: The 'plan' command requires that a ski area is loaded
  before it can run.
    - plan DEPENDS_ON Ziel und Können festgesetzt: The 'plan' command requires that goal and skill
  are set before it can run.
    - plan DEPENDS_ON keine Route läuft: The 'plan' command requires that no route is currently
  running before it can run.
  </entity_paths>
  <entity_matches>
    - ProgrammingWT2526-Final2 (score: 1.00) — Course final project repository
    - show route (score: 0.82) — `show route` gibt die (verbleibende) Route als Liste von
  Bezeichnern aus: `<id> <id> ... <id>`. Der erste Bezeichner entspricht der nächsten Piste bzw. dem
   nächsten Lift.
    - plan (score: 0.78) — `plan` gibt bei Erfolg `route planned` aus.
    - list slopes (score: 0.77) — `list slopes` gibt alle Pisten aufsteigend sortiert nach dem
  Bezeichner aus, ... im Format `<id> <difficulty> <surface> <meter> <meter>`.
    - list lifts (score: 0.76) — `list lifts` gibt alle Lifte aufsteigend sortiert nach dem
  Bezeichner aus, ... im Format `<id> <liftType> <time> <time> <meter> <meter> [TRANSIT]`. Falls es
  sich um eine Talstation handelt, so kommt am Ende der Zeile zusätzlich die Ausgabe `TRANSIT`.
  </entity_matches>

● adaptive-memory extension active (role=requirements, memorySession=20260724-101130-req) - type
  /memory-help. MCP tools registered (memory=true, backlog=true).







Changes    +0 -0
Duration   1m 37s
Tokens     ↑ 29.0k (1.3k cached) • ↓ 952 (544 reasoning)
[delivery:requirements] Turn 6/8 complete
[delivery:requirements] Turn 7/8: examples.md — segment 6/6 — Beispiele — Abschlussaufgabe 2 (Skiroutenplaner)
● [adaptive-context] GET http://localhost:4444/api/agents/7af7809a-adce-4fa9-9609-fd61059de0ff/sessi
  ons/20260724-101130-req/context?input=Dokument%3A+examples.md%0ASegment%3A+6%2F6%0AAbschnitt%3A+Be
  ispiele+%E2%80%94+Abschlussaufgabe+2+%28Skiroutenplaner%29%0A%0ALies+diesen+Abschnitt+sorgf%C3%A4l
  tig+und+behalte+den+Kontext.+Erstelle+noch+keinen+Backlog+und+noch+keine+Tasks.+Warte+damit+bis+zu
  m+abschlie%C3%9Fenden+%2Ffinalize.%0A%0A%23+Beispiele+%E2%80%94+Abschlussaufgabe+2+%28Skiroutenpla
  ner%29%0A%0ADieses+Dokument+enth%C3%A4lt+die+in+der+Aufgabenstellung+referenzierten+Beispieldateie
  n+sowie+die+vollst%C3%A4ndige+Beispielinteraktion.+Sie+dienen+zur+Validierung+des+erwarteten+Verha
  ltens.+Die+Zeilennummern+und+die+Trennlinie+sind+kein+Bestandteil+der+Benutzerschnittstelle%3B+sie
  +dienen+lediglich+zur+Orientierung+in+der+gegebenen+Beispielinteraktion.+Eingabezeilen+werden+mit+
  einer+schlie%C3%9Fenden+spitzen+Klammer+%28%60%3E%60%29+gefolgt+von+einem+Leerzeichen+eingeleitet+
  %E2%80%94+diese+beiden+Zeichen+sind+kein+Bestandteil+des+eingegebenen+Befehls%2C+sondern+dienen+de
  r+Unterscheidung+zwischen+Ein-+und+Ausgabezeilen.%0A%0A%23%23+1+Beispiel-Skigebietsdatei%0A%0A%23%
  23%23+1.1+%60example_graph.txt%60+%28Beispiel-Skigebiet+mit+2+Liften+und+3+Pisten%29%0A%0A%60%60%6
  0%0Agraph%0A++++LiftA%5B%5BLiftA%3Cbr%2F%3EGONDOLA%3B08%3A00%3B16%3A00%3B10%3B2%5D%5D%0A++++Piste1
  %28%5BPiste1%3Cbr%2F%3EBLUE%3BICY%3B2000%3B500%5D%29%0A++++LiftB%5BLiftB%3Cbr%2F%3ECHAIRLIFT%3B08%
  3A30%3B16%3A15%3B5%3B1%5D%0A++++Piste2%28%5BPiste2%3Cbr%2F%3ERED%3BBUMPY%3B2000%3B200%5D%29%0A++++
  Piste3%28%5BPiste3%3Cbr%2F%3EBLACK%3BREGULAR%3B2000%3B1000%5D%29%0A++++LiftA+--%3E+Piste1%0A++++Pi
  ste1+--%3E+LiftB%0A++++LiftB+--%3E+Piste2%0A++++LiftB+--%3E+Piste3%0A++++Piste2+--%3E+LiftB%0A++++
  Piste3+--%3E+LiftA%0A%60%60%60%0A%0A%23%23+2+Beispiel-Befehlsausf%C3%BChrungen%0A%0A%23%23%23+2.1+
  %60quit%60%0A%0A%60%60%60%0A%3E+quit%0A%60%60%60%0A%0A%23%23%23+2.2+%60load+area%60%0A%0A%60%60%60
  %0A%3E+load+area+.%2Farea.txt%0Agraph%0A++++LiftA%5B%5BLiftA%3Cbr%2F%3EGONDOLA%3B08%3A00%3B16%3A00
  %3B10%3B2%5D%5D%0A++++Piste1%28%5BPiste1%3Cbr%2F%3EBLUE%3BICY%3B2000%3B500%5D%29%0A++++LiftB%5BLif
  tB%3Cbr%2F%3ECHAIRLIFT%3B08%3A30%3B16%3A15%3B5%3B1%5D%0A++++Piste2%28%5BPiste2%3Cbr%2F%3ERED%3BBUM
  PY%3B2000%3B200%5D%29%0A++++Piste3%28%5BPiste3%3Cbr%2F%3EBLACK%3BREGULAR%3B2000%3B1000%5D%29%0A+++
  +LiftA+--%3E+Piste1%0A++++Piste1+--%3E+LiftB%0A++++LiftB+--%3E+Piste2%0A++++LiftB+--%3E+Piste3%0A+
  +++Piste2+--%3E+LiftB%0A++++Piste3+--%3E+LiftA%0A%60%60%60%0A%0A%23%23%23+2.3+%60list+lifts%60%0A%
  0A%60%60%60%0A%3E+list+lifts%0ALiftA+GONDOLA+08%3A00+16%3A00+10+2+TRANSIT%0ALiftB+CHAIRLIFT+08%3A3
  0+16%3A15+5+1%0A%60%60%60%0A%0A%23%23%23+2.4+%60list+slopes%60%0A%0A%60%60%60%0A%3E+list+slopes%0A
  Piste1+BLUE+ICY+2000+500%0APiste2+RED+BUMPY+2000+200%0APiste3+BLACK+REGULAR+2000+1000%0A%60%60%60%
  0A%0A%23%23%23+2.5+%60set+skill%60%0A%0A%60%60%60%0A%3E+set+skill+EXPERT%0A%60%60%60%0A%0A%23%23%2
  3+2.6+%60set+goal%60%0A%0A%60%60%60%0A%3E+set+goal+DISTANCE%0A%60%60%60%0A%0A%23%23%23+2.7+%60like
  %60%0A%0A%60%60%60%0A%3E+like+BLUE%0A%60%60%60%0A%0A%23%23%23+2.8+%60dislike%60%0A%0A%60%60%60%0A%
  3E+dislike+BUMPY%0A%60%60%60%0A%0A%23%23%23+2.9+%60reset+preferences%60%0A%0A%60%60%60%0A%3E+reset
  +preferences%0A%60%60%60%0A%0A%23%23%23+2.10+%60plan%60%0A%0A%60%60%60%0A%3E+plan+LiftA+08%3A30+15
  %3A45%0Aroute+planned%0A%60%60%60%0A%0A%23%23%23+2.11+%60abort%60%0A%0A%60%60%60%0A%3E+abort%0Arou
  te+aborted%0A%60%60%60%0A%0A%23%23%23+2.12+%60next%60%0A%0A%60%60%60%0A%3E+next%0ALiftA%0A%60%60%6
  0%0A%0A%23%23%23+2.13+%60next%60+%28Route+beendet%29%0A%0A%60%60%60%0A%3E+next%0Aroute+finished%21
  %0A%60%60%60%0A%0A%23%23%23+2.14+%60take%60%0A%0A%60%60%60%0A%3E+next%0ALiftA%0A%3E+take%0A%60%60%
  60%0A%0A%23%23%23+2.15+%60alternative%60+%28mit+Alternative%29%0A%0A%60%60%60%0A%3E+next%0APiste2%
  0A%3E+alternative%0Aavoided+Piste2%0A%3E+next%0APiste3+%0A%60%60%60%0A%0A%23%23%23+2.16+%60alterna
  tive%60+%28keine+Alternative+vorhanden%29%0A%0A%60%60%60%0A%3E+next%0APiste1%0A%3E+alternative%0An
  o+alternative+found%0A%3E+next%0APiste1+%0A%60%60%60%0A%0A%23%23%23+2.17+%60show+route%60%0A%0A%60
  %60%60%0A%3E+show+route%0ALiftA+Piste1+LiftB+Piste3%0A%60%60%60%0A%0A%23%23+3+Vollst%C3%A4ndige+Be
  ispielinteraktion%0A%0A%60%60%60%0A%3E+load+area+.%2Finput%2Farea.txt%0Agraph%0A++++LiftA%5B%5BLif
  tA%3Cbr%2F%3EGONDOLA%3B08%3A00%3B16%3A00%3B10%3B2%5D%5D%0A++++Piste1%28%5BPiste1%3Cbr%2F%3EBLUE%3B
  ICY%3B2000%3B500%5D%29%0A++++LiftB%5BLiftB%3Cbr%2F%3ECHAIRLIFT%3B08%3A30%3B16%3A15%3B5%3B1%5D%0A++
  ++Piste2%28%5BPiste2%3Cbr%2F%3ERED%3BBUMPY%3B2000%3B200%5D%29%0A++++Piste3%28%5BPiste3%3Cbr%2F%3EB
  LACK%3BREGULAR%3B2000%3B1000%5D%29%0A++++LiftA+--%3E+Piste1%0A++++Piste1+--%3E+LiftB%0A++++LiftB+-
  -%3E+Piste2%0A++++LiftB+--%3E+Piste3%0A++++Piste2+--%3E+LiftB%0A++++Piste3+--%3E+LiftA%0A%3E+set+s
  kill+BEGINNER%0A%3E+set+goal+DISTANCE%0A%3E+like+BLUE%0A%3E+dislike+BUMPY%0A%3E+plan+LiftA+11%3A00
  +12%3A30%0Aroute+planned%0A%3E+show+route%0ALiftA+Piste1+LiftB+Piste3+LiftA+Piste1+LiftB+Piste3%0A
  %3E+next%0ALiftA%0A%3E+take%0A%3E+next%0APiste1%0A%3E+take%0A%3E+next%0ALiftB%0A%3E+take%0A%3E+nex
  t%0APiste3%0A%3E+take%0A%3E+next%0ALiftA%0A%3E+take%0A%3E+next%0APiste1%0A%3E+take%0A%3E+next%0ALi
  ftB%0A%3E+take%0A%3E+next%0APiste3%0A%3E+take%0A%3E+next%0Aroute+finished%21%0A%3E+set+skill+EXPER
  T%0A%3E+set+goal+ALTITUDE%0A%3E+like+BLACK%0A%3E+like+ICY%0A%3E+plan+LiftA+13%3A00+15%3A30%0Aroute
  +planned%0A%3E+show+route%0ALiftA+Piste1+LiftB+Piste3+LiftA+Piste1+LiftB+Piste3+LiftA+Piste1+LiftB
  +Piste3+LiftA+Piste1+LiftB+Piste3%0A%3E+next%0ALiftA%0A%3E+take%0A%3E+next%0APiste1%0A%3E+take%0A%
  3E+next%0ALiftB%0A%3E+take%0A%3E+next%0APiste3%0A%3E+take%0A%3E+next%0ALiftA%0A%3E+take%0A%3E+next
  %0APiste1%0A%3E+take%0A%3E+next%0ALiftB%0A%3E+take%0A%3E+next%0APiste3%0A%3E+alternative%0Aavoided
  +Piste3%0A%3E+show+route%0APiste2+LiftB+Piste2+LiftB+Piste2+LiftB+Piste3+LiftA+Piste1+LiftB+Piste3
  %0A%3E+next%0APiste2%0A%3E+take%0A%3E+next%0ALiftB%0A%3E+take%0A%3E+next%0APiste2%0A%3E+take%0A%3E
  +next%0ALiftB%0A%3E+take%0A%3E+next%0APiste2%0A%3E+take%0A%3E+next%0ALiftB%0A%3E+take%0A%3E+next%0
  APiste3%0A%3E+take%0A%3E+next%0ALiftA%0A%3E+take%0A%3E+next%0APiste1%0A%3E+take%0A%3E+next%0ALiftB
  %0A%3E+take%0A%3E+next%0APiste3%0A%3E+take%0A%3E+next%0Aroute+finished%21%0A%3E+quit%0A%60%60%60&p
  roject=ProgrammingWT2526-Final2&role=requirements&task=Understand+the+wt2526final02+and+create+its
  +backlog+when+prompted.&timestamp=2026-07-24T08%3A15%3A25.449Z&domain=wt2526final02

● Injected adaptive memory context into system prompt

● <adaptive_rules>
  - If 'plan' finds no route because all lifts are closed in the given time span, an error must be
  reported.
  - The 'plan' command requires that a ski area is loaded before it can run.
  - The 'plan' command requires that goal and skill are set before it can run.
  - The 'plan' command requires that no route is currently running before it can run.
  - The 'plan' command requires the end time to be after the start time.
  - Every lift and every slope must be connected to between 1 and n other lifts and slopes.
  - A ski area must contain at least one lift (Talstation) and at least one slope (Piste).
  - Loading an area must validate that all identifiers are unique.
  - Loading an area must validate that the ski area is connected.
  - Loading an area must validate that there is at least one valley station (Talstation) and at
  least one slope (Piste).
  - Program termination must not be implemented using System.exit(), Runtime.exit() or similar; it
  must use ordinary control-flow mechanisms.
  - After printing an error message the program should continue and wait for the next input
  (interactive loop must continue).
  - All commands are executed on the current program state and after processing an input the program
   waits for further inputs (interactive command processing).
  - Checkstyle rules must be followed; the online submission system checks them and certain rules
  are mandatory and will cause a zero score if violated.
  - Do not use System.exit(), Runtime.exit() or similar methods.
  - Error messages must begin with 'Error,' may be written in English, must not contain special
  characters (e.g., newlines or umlauts), and should be meaningful.
  - Never reassign the standard input/output/error streams.
  - Only java.util.Scanner and elements from the listed Java packages are allowed; other Java
  library elements must not be used unless explicitly permitted.
  - Plan time for the first submission because mandatory tests must be passed before other tests are
   evaluated.
  - Program code must compile without errors.
  - Program output must exactly match the specified output (including case, spaces, and line
  breaks); do not print additional information.
  - Submit your *.java files in the specified folder structure as an individual (Einzelarbeit) via
  the online submission system.
  - The program terminates when the exact string 'quit' is entered; termination must be implemented
  via normal control flow, not System.exit or similar.
  - The programming wiki describes how to use Checkstyle and can be used to verify rule compliance
  during development.
  - Use Java SE 21 for all code.
  - Use System.in for inputs, System.out for outputs, and optionally System.err for error messages.
  - When user input does not match the required format or violates semantic/syntactic
  specifications, the program must output an error message.
  - You must first pass the mandatory tests in Artemis before the other tests are evaluated;
  violating mandatory test rules leads to automatic zero points.
  </adaptive_rules>

  <memories>
    - ProgrammingWT2526-Final2 RELATES_TO a ski-resort routing domain that includes Talstation and
  Piste and CLI commands like 'plan', 'set skill', 'set goal', 'like', and 'dislike'
    - ProgrammingWT2526-Final2 DEPENDS_ON Checkstyle rules and requires compilation without errors
    - ProgrammingWT2526-Final2 USES Java SE 21 as the target platform
    - ProgrammingWT2526-Final2 USES standard Java I/O streams and java.util.Scanner for input/output
    - ProgrammingWT2526-Final2 RELATES_TO an interactive CLI that processes commands sequentially
  and exits on the 'quit' command without using System.exit()
    - ProgrammingWT2526-Final2 RELATES_TO an error-handling convention where messages start with
  'Error,' in English (no special characters) and the program continues afterwards
  </memories>
  <knowledge>
    - The commands 'set skill', 'set goal', 'like', 'dislike' and 'reset preferences' can be used
  after a route is planned or started and will trigger dynamic route recalculation.
    - When comparing two routes, each match with a positive preference is scored +1 and each match
  with a negative preference is scored -1.
    - If the skier is already on the route when preferences change, the route's start time becomes
  the current time and the start point becomes the skier's current position.
    - The 'alternative' command prints 'avoided <id>' or 'no alternative found' if no alternative
  route exists.
    - The route with the higher sum of preference scores is chosen.
    - The 'show route' command prints the remaining route as a list of identifiers '<id> <id> ...
  <id>' where the first identifier is the next lift or slope.
    - A ski area (Skigebiet) is a connected directed graph composed of lifts and slopes.
    - The 'list lifts' command outputs all lifts sorted by identifier ascending, one lift per line,
  in the format '<id> <liftType> <time> <time> <meter> <meter> [TRANSIT]'; 'TRANSIT' is appended for
   valley stations.
    - The commands 'take' and 'alternative' may only be executed directly after the 'next' command.
    - The 'load area' command prints the content of the loaded file verbatim.
    - Re-running 'load area' with a new valid area replaces the old area and aborts any running
  route.
    - The 'list slopes' command outputs all slopes sorted by identifier ascending, one slope per
  line, in the format '<id> <difficulty> <surface> <meter> <meter>'.
    - On success the 'plan' command prints 'route planned'.
    - The 'abort' command prints 'route aborted'.
    - The 'next' command prints the next identifier (<id>) or 'route finished!' if the route is
  finished.
  </knowledge>
  <entity_paths>
    - ProgrammingWT2526-Final2 RELATES_TO Error message format: ProgrammingWT2526-Final2 RELATES_TO
  an error-handling convention where messages start with 'Error,' in English (no special characters)
   and the program continues afterwards
    - ProgrammingWT2526-Final2 RELATES_TO Interactive command-line application behavior:
  ProgrammingWT2526-Final2 RELATES_TO an interactive CLI that processes commands sequentially and
  exits on the 'quit' command without using System.exit()
    - ProgrammingWT2526-Final2 RELATES_TO Ski-resort routing domain: ProgrammingWT2526-Final2
  RELATES_TO a ski-resort routing domain that includes Talstation and Piste and CLI commands like
  'plan', 'set skill', 'set goal', 'like', and 'dislike'
    - ProgrammingWT2526-Final2 RELATES_TO Talstation: ProgrammingWT2526-Final2 RELATES_TO a
  ski-resort routing domain that includes Talstation and Piste and CLI commands like 'plan', 'set
  skill', 'set goal', 'like', and 'dislike'
    - ProgrammingWT2526-Final2 RELATES_TO Piste: ProgrammingWT2526-Final2 RELATES_TO a ski-resort
  routing domain that includes Talstation and Piste and CLI commands like 'plan', 'set skill', 'set
  goal', 'like', and 'dislike'
    - ProgrammingWT2526-Final2 RELATES_TO plan: ProgrammingWT2526-Final2 RELATES_TO a ski-resort
  routing domain that includes Talstation and Piste and CLI commands like 'plan', 'set skill', 'set
  goal', 'like', and 'dislike'
    - ProgrammingWT2526-Final2 RELATES_TO set skill: ProgrammingWT2526-Final2 RELATES_TO a
  ski-resort routing domain that includes Talstation and Piste and CLI commands like 'plan', 'set
  skill', 'set goal', 'like', and 'dislike'
    - ProgrammingWT2526-Final2 RELATES_TO set goal: ProgrammingWT2526-Final2 RELATES_TO a ski-resort
   routing domain that includes Talstation and Piste and CLI commands like 'plan', 'set skill', 'set
   goal', 'like', and 'dislike'
    - ProgrammingWT2526-Final2 RELATES_TO like / dislike: ProgrammingWT2526-Final2 RELATES_TO a
  ski-resort routing domain that includes Talstation and Piste and CLI commands like 'plan', 'set
  skill', 'set goal', 'like', and 'dislike'
    - ProgrammingWT2526-Final2 USES Java SE 21: ProgrammingWT2526-Final2 USES Java SE 21 as the
  target platform
    - ProgrammingWT2526-Final2 USES System.in, System.out, System.err and java.util.Scanner:
  ProgrammingWT2526-Final2 USES standard Java I/O streams and java.util.Scanner for input/output
    - ProgrammingWT2526-Final2 DEPENDS_ON Checkstyle: ProgrammingWT2526-Final2 DEPENDS_ON Checkstyle
   rules and requires compilation without errors
    - ProgrammingWT2526-Final2 DEPENDS_ON Successful compilation: ProgrammingWT2526-Final2
  DEPENDS_ON Checkstyle rules and requires compilation without errors
    - show route RELATES_TO Ausgabe: verbleibende Route als Liste von Bezeichnern: The 'show route'
  command prints the remaining route as a list of identifiers '<id> <id> ... <id>' where the first
  identifier is the next lift or slope.
    - list lifts RELATES_TO Ausgabeformat: <id> <liftType> <time> <time> <meter> <meter> [TRANSIT]:
  The 'list lifts' command outputs all lifts sorted by identifier ascending, one lift per line, in
  the format '<id> <liftType> <time> <time> <meter> <meter> [TRANSIT]'; 'TRANSIT' is appended for
  valley stations.
    - ProgrammingWT2526-Final2 RELATES_TO Ski-resort routing domain: ProgrammingWT2526-Final2
  RELATES_TO a ski-resort routing domain that includes Talstation and Piste and CLI commands like
  'plan', 'set skill', 'set goal', 'like', and 'dislike'
    - Ski-resort routing domain RELATES_TO Talstation: ProgrammingWT2526-Final2 RELATES_TO a
  ski-resort routing domain that includes Talstation and Piste and CLI commands like 'plan', 'set
  skill', 'set goal', 'like', and 'dislike'
    - ProgrammingWT2526-Final2 RELATES_TO Ski-resort routing domain: ProgrammingWT2526-Final2
  RELATES_TO a ski-resort routing domain that includes Talstation and Piste and CLI commands like
  'plan', 'set skill', 'set goal', 'like', and 'dislike'
    - Ski-resort routing domain RELATES_TO Piste: ProgrammingWT2526-Final2 RELATES_TO a ski-resort
  routing domain that includes Talstation and Piste and CLI commands like 'plan', 'set skill', 'set
  goal', 'like', and 'dislike'
    - ProgrammingWT2526-Final2 RELATES_TO Ski-resort routing domain: ProgrammingWT2526-Final2
  RELATES_TO a ski-resort routing domain that includes Talstation and Piste and CLI commands like
  'plan', 'set skill', 'set goal', 'like', and 'dislike'
    - Ski-resort routing domain RELATES_TO plan: ProgrammingWT2526-Final2 RELATES_TO a ski-resort
  routing domain that includes Talstation and Piste and CLI commands like 'plan', 'set skill', 'set
  goal', 'like', and 'dislike'
    - ProgrammingWT2526-Final2 RELATES_TO Ski-resort routing domain: ProgrammingWT2526-Final2
  RELATES_TO a ski-resort routing domain that includes Talstation and Piste and CLI commands like
  'plan', 'set skill', 'set goal', 'like', and 'dislike'
    - Ski-resort routing domain RELATES_TO set skill: ProgrammingWT2526-Final2 RELATES_TO a
  ski-resort routing domain that includes Talstation and Piste and CLI commands like 'plan', 'set
  skill', 'set goal', 'like', and 'dislike'
    - ProgrammingWT2526-Final2 RELATES_TO Ski-resort routing domain: ProgrammingWT2526-Final2
  RELATES_TO a ski-resort routing domain that includes Talstation and Piste and CLI commands like
  'plan', 'set skill', 'set goal', 'like', and 'dislike'
    - Ski-resort routing domain RELATES_TO set goal: ProgrammingWT2526-Final2 RELATES_TO a
  ski-resort routing domain that includes Talstation and Piste and CLI commands like 'plan', 'set
  skill', 'set goal', 'like', and 'dislike'
  </entity_paths>
  <entity_matches>
    - ProgrammingWT2526-Final2 (score: 1.00) — Course final project repository
    - show route (score: 0.79) — `show route` gibt die (verbleibende) Route als Liste von
  Bezeichnern aus: `<id> <id> ... <id>`. Der erste Bezeichner entspricht der nächsten Piste bzw. dem
   nächsten Lift.
    - Ausgabe: <id> oder route finished! (score: 0.76) — Output of next
    - 1..n Verbindungen zu Liften und Pisten (score: 0.76) — 1..n connections to lifts and slopes
    - list lifts (score: 0.75) — `list lifts` gibt alle Lifte aufsteigend sortiert nach dem
  Bezeichner aus, ... im Format `<id> <liftType> <time> <time> <meter> <meter> [TRANSIT]`. Falls es
  sich um eine Talstation handelt, so kommt am Ende der Zeile zusätzlich die Ausgabe `TRANSIT`.
  </entity_matches>

● adaptive-memory extension active (role=requirements, memorySession=20260724-101130-req) - type
  /memory-help. MCP tools registered (memory=true, backlog=true).







Changes    +0 -0
Duration   2m 9s
Tokens     ↑ 31.6k (1.3k cached) • ↓ 1.8k (1.2k reasoning)
[delivery:requirements] Turn 7/8 complete
[delivery:requirements] Turn 8/8: Finalize backlog creation
● [adaptive-context] GET http://localhost:4444/api/agents/7af7809a-adce-4fa9-9609-fd61059de0ff/sessi
  ons/20260724-101130-req/context?input=%2Ffinalize&project=ProgrammingWT2526-Final2&role=requiremen
  ts&task=Understand+the+wt2526final02+and+create+its+backlog+when+prompted.&timestamp=2026-07-24T08
  %3A15%3A57.398Z&domain=wt2526final02

● Injected adaptive memory context into system prompt

● <adaptive_rules>
  - After printing an error message the program should continue and wait for the next input
  (interactive loop must continue).
  - All commands are executed on the current program state and after processing an input the program
   waits for further inputs (interactive command processing).
  - Checkstyle rules must be followed; the online submission system checks them and certain rules
  are mandatory and will cause a zero score if violated.
  - Do not use System.exit(), Runtime.exit() or similar methods.
  - Error messages must begin with 'Error,' may be written in English, must not contain special
  characters (e.g., newlines or umlauts), and should be meaningful.
  - Never reassign the standard input/output/error streams.
  - Only java.util.Scanner and elements from the listed Java packages are allowed; other Java
  library elements must not be used unless explicitly permitted.
  - Plan time for the first submission because mandatory tests must be passed before other tests are
   evaluated.
  - Program code must compile without errors.
  - Program output must exactly match the specified output (including case, spaces, and line
  breaks); do not print additional information.
  - Submit your *.java files in the specified folder structure as an individual (Einzelarbeit) via
  the online submission system.
  - The program terminates when the exact string 'quit' is entered; termination must be implemented
  via normal control flow, not System.exit or similar.
  - The programming wiki describes how to use Checkstyle and can be used to verify rule compliance
  during development.
  - Use Java SE 21 for all code.
  - Use System.in for inputs, System.out for outputs, and optionally System.err for error messages.
  - When user input does not match the required format or violates semantic/syntactic
  specifications, the program must output an error message.
  - You must first pass the mandatory tests in Artemis before the other tests are evaluated;
  violating mandatory test rules leads to automatic zero points.
  - Program termination must not be implemented using System.exit(), Runtime.exit() or similar; it
  must use ordinary control-flow mechanisms.
  - If 'plan' finds no route because all lifts are closed in the given time span, an error must be
  reported.
  - The 'plan' command requires that a ski area is loaded before it can run.
  - The 'plan' command requires that goal and skill are set before it can run.
  - The 'plan' command requires that no route is currently running before it can run.
  - The 'plan' command requires the end time to be after the start time.
  - Loading an area must validate that all identifiers are unique.
  - Loading an area must validate that the ski area is connected.
  - Loading an area must validate that there is at least one valley station (Talstation) and at
  least one slope (Piste).
  </adaptive_rules>

  <memories>
    - ProgrammingWT2526-Final2 USES Java SE 21 as the target platform
    - ProgrammingWT2526-Final2 DEPENDS_ON Checkstyle rules and requires compilation without errors
    - ProgrammingWT2526-Final2 USES standard Java I/O streams and java.util.Scanner for input/output
    - ProgrammingWT2526-Final2 RELATES_TO an interactive CLI that processes commands sequentially
  and exits on the 'quit' command without using System.exit()
    - ProgrammingWT2526-Final2 RELATES_TO an error-handling convention where messages start with
  'Error,' in English (no special characters) and the program continues afterwards
  </memories>
  <knowledge>
    - The commands 'set skill', 'set goal', 'like', 'dislike' and 'reset preferences' can be used
  after a route is planned or started and will trigger dynamic route recalculation.
  </knowledge>
  <entity_paths>
    - ProgrammingWT2526-Final2 RELATES_TO Error message format: ProgrammingWT2526-Final2 RELATES_TO
  an error-handling convention where messages start with 'Error,' in English (no special characters)
   and the program continues afterwards
    - ProgrammingWT2526-Final2 RELATES_TO Interactive command-line application behavior:
  ProgrammingWT2526-Final2 RELATES_TO an interactive CLI that processes commands sequentially and
  exits on the 'quit' command without using System.exit()
    - ProgrammingWT2526-Final2 RELATES_TO Ski-resort routing domain: ProgrammingWT2526-Final2
  RELATES_TO a ski-resort routing domain that includes Talstation and Piste and CLI commands like
  'plan', 'set skill', 'set goal', 'like', and 'dislike'
    - ProgrammingWT2526-Final2 RELATES_TO Talstation: ProgrammingWT2526-Final2 RELATES_TO a
  ski-resort routing domain that includes Talstation and Piste and CLI commands like 'plan', 'set
  skill', 'set goal', 'like', and 'dislike'
    - ProgrammingWT2526-Final2 RELATES_TO Piste: ProgrammingWT2526-Final2 RELATES_TO a ski-resort
  routing domain that includes Talstation and Piste and CLI commands like 'plan', 'set skill', 'set
  goal', 'like', and 'dislike'
    - ProgrammingWT2526-Final2 RELATES_TO plan: ProgrammingWT2526-Final2 RELATES_TO a ski-resort
  routing domain that includes Talstation and Piste and CLI commands like 'plan', 'set skill', 'set
  goal', 'like', and 'dislike'
    - ProgrammingWT2526-Final2 RELATES_TO set skill: ProgrammingWT2526-Final2 RELATES_TO a
  ski-resort routing domain that includes Talstation and Piste and CLI commands like 'plan', 'set
  skill', 'set goal', 'like', and 'dislike'
    - ProgrammingWT2526-Final2 RELATES_TO set goal: ProgrammingWT2526-Final2 RELATES_TO a ski-resort
   routing domain that includes Talstation and Piste and CLI commands like 'plan', 'set skill', 'set
   goal', 'like', and 'dislike'
    - ProgrammingWT2526-Final2 RELATES_TO like / dislike: ProgrammingWT2526-Final2 RELATES_TO a
  ski-resort routing domain that includes Talstation and Piste and CLI commands like 'plan', 'set
  skill', 'set goal', 'like', and 'dislike'
    - ProgrammingWT2526-Final2 USES Java SE 21: ProgrammingWT2526-Final2 USES Java SE 21 as the
  target platform
    - ProgrammingWT2526-Final2 USES System.in, System.out, System.err and java.util.Scanner:
  ProgrammingWT2526-Final2 USES standard Java I/O streams and java.util.Scanner for input/output
    - ProgrammingWT2526-Final2 DEPENDS_ON Checkstyle: ProgrammingWT2526-Final2 DEPENDS_ON Checkstyle
   rules and requires compilation without errors
    - ProgrammingWT2526-Final2 DEPENDS_ON Successful compilation: ProgrammingWT2526-Final2
  DEPENDS_ON Checkstyle rules and requires compilation without errors
    - Implementierungsrichtlinien — Abschlussaufgabe 2 (WS 2025/26) RELATES_TO System.exit(): Do not
   use System.exit(), Runtime.exit() or similar methods.
    - Implementierungsrichtlinien — Abschlussaufgabe 2 (WS 2025/26) RELATES_TO Runtime.exit(): Do
  not use System.exit(), Runtime.exit() or similar methods.
    - Implementierungsrichtlinien — Abschlussaufgabe 2 (WS 2025/26) RELATES_TO System.in: Never
  reassign the standard input/output/error streams.
    - Implementierungsrichtlinien — Abschlussaufgabe 2 (WS 2025/26) RELATES_TO System.out: Never
  reassign the standard input/output/error streams.
    - Implementierungsrichtlinien — Abschlussaufgabe 2 (WS 2025/26) RELATES_TO System.err: Never
  reassign the standard input/output/error streams.
    - Implementierungsrichtlinien — Abschlussaufgabe 2 (WS 2025/26) RELATES_TO Fehlerfrei
  kompilierender Programmcode: Program code must compile without errors.
    - Implementierungsrichtlinien — Abschlussaufgabe 2 (WS 2025/26) RELATES_TO Checkstyle rules:
  Checkstyle rules must be followed; the online submission system checks them and certain rules are
  mandatory and will cause a zero score if violated.
  </entity_paths>
  <entity_matches>
    - ProgrammingWT2526-Final2 (score: 1.00) — Course final project repository
    - Plan for first submission (score: 0.70) — Advice to schedule time because of mandatory tests
  ordering.
    - Ausgabe: <id> oder route finished! (score: 0.67) — Output of next
    - Implementierungsrichtlinien — Abschlussaufgabe 2 (WS 2025/26) (score: 0.67) — Sie können und
  sollten Ihre Quelltexte bereits während der Entwicklung auf die Regeleinhaltung überprüfen. Das
  Programmieren-Wiki beschreibt, wie Checkstyle verwendet werden kann.
    - Artemis (score: 0.66) — Automated testing/evaluation system used for the assignment.
  </entity_matches>

● adaptive-memory extension active (role=requirements, memorySession=20260724-101130-req) - type
  /memory-help. MCP tools registered (memory=true, backlog=true).



● Create Backlog (MCP: agentic-memory) · Interactive CLI ski route planner that optimizes skiing ro…
  └ Backlog "Skiroutenplaner - Abschlussaufgabe 2 (WS 2025/26)" created with id: ...



● Create Tasks (MCP: agentic-memory) · backlogId: "39b930d3-163f-476e-8185-b730d03b701a", tasks: [2…
  └ Created 22 task(s) in backlog 39b930d3-163f-476e-8185-b730d03b701a.



● Get Tasks (MCP: agentic-memory) · backlogId: "39b930d3-163f-476e-8185-b730d03b701a"
  └ Output too large to read at once (25.8 KB). Saved to: /var/folders/fs/p8fxyq6...







Changes    +0 -0
Duration   3m 40s
Tokens     ↑ 149.2k (111.0k cached) • ↓ 5.8k (2.1k reasoning)
[delivery:requirements] Turn 8/8 complete
[delivery:requirements] Exercise requirements stream complete — advancing to backlog discovery
[delivery] Phase B: Backlog discovery
[delivery] Using backlog: "Skiroutenplaner - Abschlussaufgabe 2 (WS 2025/26)" (39b930d3-163f-476e-8185-b730d03b701a)
[delivery] Backlog: "Skiroutenplaner - Abschlussaufgabe 2 (WS 2025/26)" (39b930d3-163f-476e-8185-b730d03b701a)

[delivery] Phase C: Coding

● [adaptive-context] GET
  http://localhost:4444/api/agents/7af7809a-adce-4fa9-9609-fd61059de0ff/sessions/20260724-101130-cod
  ing/context?input=Implement+%22Skiroutenplaner+-+Abschlussaufgabe+2+%28WS+2025%2F26%29%22+backlog%
  3A+Main+interactive+CLI+loop+and+quit+command%3B+Domain+model+classes+%28Lift%2C+Slope%2C+SkiArea%
  2C+Skier%29%3B+Ski+area+file+parser+%28BNF+grammar%29%3B+Ski+area+validation%3B+load+area+command%
  3B+list+lifts+command%3B+list+slopes+command%3B+dislike+command%3B+reset+preferences+command%3B+li
  ke+command%3B+set+goal+command%3B+set+skill+command%3B+Slope+traversal+time+formula%3B+Route+findi
  ng+algorithm+%28core+engine%29%3B+plan+command%3B+next+command%3B+take+command%3B+abort+command%3B
  +show+route+command%3B+alternative+command%3B+Dynamic+replanning+on+skill%2Fgoal%2Fpreference+chan
  ges%3B+Error+handling+and+exact+output+format+verification&project=ProgrammingWT2526-Final2&role=c
  oding&task=Implement+backlog+%22Skiroutenplaner+-+Abschlussaufgabe+2+%28WS+2025%2F26%29%22+in+the+
  selected+exercise+repository.&timestamp=2026-07-24T08%3A17%3A28.073Z&domain=wt2526final02

● Injected adaptive memory context into system prompt

● <adaptive_rules>
  - If 'plan' finds no route because all lifts are closed in the given time span, an error must be
  reported.
  - The 'plan' command requires that a ski area is loaded before it can run.
  - The 'plan' command requires that goal and skill are set before it can run.
  - The 'plan' command requires that no route is currently running before it can run.
  - The 'plan' command requires the end time to be after the start time.
  - A ski area must contain at least one lift (Talstation) and at least one slope (Piste).
  - Every lift and every slope must be connected to between 1 and n other lifts and slopes.
  - Program termination must not be implemented using System.exit(), Runtime.exit() or similar; it
  must use ordinary control-flow mechanisms.
  - Loading an area must validate that all identifiers are unique.
  - Loading an area must validate that the ski area is connected.
  - Loading an area must validate that there is at least one valley station (Talstation) and at
  least one slope (Piste).
  - After printing an error message the program should continue and wait for the next input
  (interactive loop must continue).
  - All commands are executed on the current program state and after processing an input the program
   waits for further inputs (interactive command processing).
  - Checkstyle rules must be followed; the online submission system checks them and certain rules
  are mandatory and will cause a zero score if violated.
  - Do not use System.exit(), Runtime.exit() or similar methods.
  - Error messages must begin with 'Error,' may be written in English, must not contain special
  characters (e.g., newlines or umlauts), and should be meaningful.
  - Never reassign the standard input/output/error streams.
  - Only java.util.Scanner and elements from the listed Java packages are allowed; other Java
  library elements must not be used unless explicitly permitted.
  - Plan time for the first submission because mandatory tests must be passed before other tests are
   evaluated.
  - Program code must compile without errors.
  - Program output must exactly match the specified output (including case, spaces, and line
  breaks); do not print additional information.
  - Submit your *.java files in the specified folder structure as an individual (Einzelarbeit) via
  the online submission system.
  - The program terminates when the exact string 'quit' is entered; termination must be implemented
  via normal control flow, not System.exit or similar.
  - The programming wiki describes how to use Checkstyle and can be used to verify rule compliance
  during development.
  - Use Java SE 21 for all code.
  - Use System.in for inputs, System.out for outputs, and optionally System.err for error messages.
  - When user input does not match the required format or violates semantic/syntactic
  specifications, the program must output an error message.
  - You must first pass the mandatory tests in Artemis before the other tests are evaluated;
  violating mandatory test rules leads to automatic zero points.
  </adaptive_rules>

  <memories>
    - ProgrammingWT2526-Final2 RELATES_TO a ski-resort routing domain that includes Talstation and
  Piste and CLI commands like 'plan', 'set skill', 'set goal', 'like', and 'dislike'
    - FEATURE Abschlussaufgabe 2 — Skiroutenplaner RELATES_TO COURSE Programmieren
    - The assignment 'Abschlussaufgabe 2 — Skiroutenplaner' belongs to the course 'Programmieren'.
    - ProgrammingWT2526-Final2 implements a Skiroutenplaner (ski-route planning system).
    - The assignment 'Abschlussaufgabe 2 — Skiroutenplaner' is for Wintersemester 2025/26.
    - The document task.md describes the assignment 'Abschlussaufgabe 2 — Skiroutenplaner'.
    - FEATURE Abschlussaufgabe 2 — Skiroutenplaner RELATES_TO FIELD Semester Wintersemester 2025/26
  </memories>
  <knowledge>
    - The commands 'set skill', 'set goal', 'like', 'dislike' and 'reset preferences' can be used
  after a route is planned or started and will trigger dynamic route recalculation.
    - If the skier is already on the route when preferences change, the route's start time becomes
  the current time and the start point becomes the skier's current position.
    - The route with the higher sum of preference scores is chosen.
    - When comparing two routes, each match with a positive preference is scored +1 and each match
  with a negative preference is scored -1.
    - The 'alternative' command prints 'avoided <id>' or 'no alternative found' if no alternative
  route exists.
  </knowledge>
  <entity_paths>
    - ProgrammingWT2526-Final2 USES Checkstyle and compilation requirement: ProgrammingWT2526-Final2
   USES Checkstyle rules and requires code to compile without errors
    - ProgrammingWT2526-Final2 USES java.util.Scanner; java.lang; java.io (I/O constraint):
  ProgrammingWT2526-Final2 USES only System.in/System.out/System.err via java.util.Scanner and core
  java.lang/java.io for I/O
    - ProgrammingWT2526-Final2 USES Lifte: ProgrammingWT2526-Final2 uses lifts, pistes, the user's
  skill, and user preferences as inputs.; ProgrammingWT2526-Final2 uses lift nodes (Lifte) that have
   a unique id, type (GONDOLA|CHAIRLIFT), start/end times, ride duration, and queue time;
  talstations are transit lifts for entering/exiting the area.
    - ProgrammingWT2526-Final2 USES Pisten: ProgrammingWT2526-Final2 uses lifts, pistes, the user's
  skill, and user preferences as inputs.; ProgrammingWT2526-Final2 uses piste nodes (Pisten) that
  have a unique id, difficulty (BLUE|RED|BLACK), surface (REGULAR|ICY|BUMPY), length (meters), and
  elevation change.
    - ProgrammingWT2526-Final2 USES Fahrkönnen des Nutzers: ProgrammingWT2526-Final2 uses lifts,
  pistes, the user's skill, and user preferences as inputs.
    - ProgrammingWT2526-Final2 USES Persönliche Präferenzen: ProgrammingWT2526-Final2 uses lifts,
  pistes, the user's skill, and user preferences as inputs.
    - ProgrammingWT2526-Final2 USES Mermaid grammar (example_graph.txt): ProgrammingWT2526-Final2
  USES Mermaid syntax and the provided BNF grammar (example_graph.txt / example_graph.png) to define
   and visualize ski-area files.
    - ProgrammingWT2526-Final2 USES Checkstyle: ProgrammingWT2526-Final2 uses Checkstyle rules as
  mandatory code-quality checks
    - ProgrammingWT2526-Final2 USES Java SE 21: ProgrammingWT2526-Final2 USES Java SE 21 as the
  target platform
    - ProgrammingWT2526-Final2 USES System.in, System.out, System.err and java.util.Scanner:
  ProgrammingWT2526-Final2 USES standard Java I/O streams and java.util.Scanner for input/output
    - ProgrammingWT2526-Final2 USES Skifahrer: ProgrammingWT2526-Final2 uses a Skifahrer model with
  skill categories (BEGINNER, INTERMEDIATE, EXPERT), explicit modifier values, and the ride-time
  formula T = ceil((L/8)·M_difficulty·M_surface·(1+2*r)·M_skill).
    - ProgrammingWT2526-Final2 USES Routenbewertungsziele: ProgrammingWT2526-Final2 uses four route
  optimization goals (maximize elevation gain, distance, number of runs, number of unique runs) and
  applies preferences (+1/−1 per match) as tie-breaker, then lexicographic id.
    - ProgrammingWT2526-Final2 USES java.util.Scanner: ProgrammingWT2526-Final2 USES standard Java
  I/O streams and java.util.Scanner for input/output
    - ProgrammingWT2526-Final2 USES java.lang: ProgrammingWT2526-Final2 USES standard Java I/O
  streams and java.util.Scanner for input/output
    - ProgrammingWT2526-Final2 USES java.io: ProgrammingWT2526-Final2 USES standard Java I/O streams
   and java.util.Scanner for input/output
    - ProgrammingWT2526-Final2 USES 'Error,' prefix: ProgrammingWT2526-Final2 requires error
  messages to begin with the prefix 'Error,'
    - ProgrammingWT2526-Final2 USES Lifts: ProgrammingWT2526-Final2 uses lifts, pistes, and user
  skill/preferences to compute an optimal, time-feasible sequence of lifts and pistes.
    - ProgrammingWT2526-Final2 USES Pistes: ProgrammingWT2526-Final2 uses lifts, pistes, and user
  skill/preferences to compute an optimal, time-feasible sequence of lifts and pistes.
    - ProgrammingWT2526-Final2 USES User skill and preferences: ProgrammingWT2526-Final2 uses lifts,
   pistes, and user skill/preferences to compute an optimal, time-feasible sequence of lifts and
  pistes.
    - ProgrammingWT2526-Final2 USES Mermaid: ProgrammingWT2526-Final2 uses Mermaid syntax to define
  and visualize ski-area graphs.
  </entity_paths>
  <entity_matches>
    - ProgrammingWT2526-Final2 (score: 1.00) — Course project repository for the WT2526 final
  assignment
    - Abschlussaufgabe 2 — Skiroutenplaner (score: 0.85) — Final assignment (Ski route planner) for
  the course.
    - Skiroutenplaner (score: 0.81) — System to plan and optimize a ski day route
    - Skiroutenplaner Planning System (score: 0.80) — System that plans an optimal, time-feasible
  ski-day route.
    - Ski-resort routing domain (score: 0.80) — Domain model with stations, pistes, user preferences
   and planning commands
  </entity_matches>
  <insights>
    - Agent community around ProgrammingWT2526-Final2, Mermaid grammar (example_graph.txt), Java SE
  21 connects Preference tiebreaker, Do not reassign standard streams, Exact output matching
  requirement, Angle-bracket placeholder notation. Relevant agent facts: ProgrammingWT2526-Final2
  RELATES_TO the lift availability rule: a lift can be used only if Startzeit ≤ (aktuelle Zeit +
  Anstehzeit) ≤ Endzeit.; ProgrammingWT2526-Final2 RELATES_TO preference tiebreaker: likes/dislikes
  for difficulty and surface give +1/-1 per match; routes compared by sum; remaining ties broken by
  lexicographic order of identifiers.; ProgrammingWT2526-Final2 USES Mermaid syntax and the provided
   BNF grammar (example_graph.txt / example_graph.png) to define and visualize ski-area files.
    - Agent community around Abschlussaufgabe 2 — Skiroutenplaner, Optimale zeitlich machbare Route,
   Programmieren connects Semester Wintersemester 2025/26, Institute of Information Security and
  Dependability (KASTEL), Wintersemester 2025/26. Relevant agent facts: FEATURE Abschlussaufgabe 2 —
   Skiroutenplaner RELATES_TO COURSE Programmieren; FEATURE Abschlussaufgabe 2 — Skiroutenplaner
  RELATES_TO PERSON Prof. Dr.-Ing. Anne Koziolek; FEATURE Abschlussaufgabe 2 — Skiroutenplaner
  RELATES_TO PROGRESS_METRIC 20 Punkte
    - Agent community around Skiroutenplaner Planning System, task.md, version 1.1. Relevant agent
  facts: DOCUMENT task.md RELATES_TO FEATURE Abschlussaufgabe 2 — Skiroutenplaner; The document
  task.md describes the assignment 'Abschlussaufgabe 2 — Skiroutenplaner'.; The document version of
  the assignment specification is 1.1.
    - Agent community around Ski-resort routing domain, Talstation, Piste connects set goal, like /
  dislike. Relevant agent facts: ProgrammingWT2526-Final2 RELATES_TO a ski-resort routing domain
  that includes Talstation and Piste and CLI commands like 'plan', 'set skill', 'set goal', 'like',
  and 'dislike'; ProgrammingWT2526-Final2 RELATES_TO pistes (Pisten) with unique id, difficulty
  (BLUE/RED/BLACK), surface (REGULAR/ICY/BUMPY), length in meters and vertical drop in meters.;
  Piste nodes have a unique identifier and attributes: difficulty (BLUE/RED/BLACK), surface
  (REGULAR/ICY/BUMPY), length (m), and vertical drop (m).
    - Agent community around Checkstyle, Successful compilation. Relevant agent facts:
  ProgrammingWT2526-Final2 DEPENDS_ON Checkstyle rules and requires compilation without errors;
  ProgrammingWT2526-Final2 uses Checkstyle rules as mandatory code-quality checks
  </insights>

● adaptive-memory extension active (role=coding, memorySession=20260724-101130-coding) - type
  /memory-help. MCP tools registered (memory=true, backlog=true).

● List directory .
  └ 14 files found

✗ Get Scratchpad (MCP: agentic-memory) · sessionId: "d8791061-9479-46ba-962d-5a914a9ea45a"
  └ MCP server 'agentic-memory': Forbidden.

● Claim Next Task (MCP: agentic-memory) · backlogId: "39b930d3-163f-476e-8185-b730d03b701a"
  └ Claimed task "Main interactive CLI loop and quit command" (ef5dcb00-a218-42b1...

● [turn-persistence] [turn-persistence] turn_end SKIPPED ai: no assistant message with content



● List directory src
  └ 1 file found

● Read task.md
  └ 451 lines read

● Read pom.xml
  └ 31 lines read

● Read guidelines.md
  └ 96 lines read



● List directory listings
  └ 2 files found

● Read checkstyle.xml
  └ 353 lines read

● Search (glob)
  │ "**/*.java" in src
  └ No matches found

● Read example_graph.txt
  │ listings/example_graph.txt
  └ 12 lines read

● Read examples.md
  └ 283 lines read

● [turn-persistence] [turn-persistence] turn_end SKIPPED ai: no assistant message with content



● Create package directory structure (shell)
  │ mkdir -p /Users/nghalinh2711/Development/student-repos/wt2526final02/src/edu/kit/kastel
  └ 1 line…

● Create Main.java +65
  └ src/edu/kit/kastel/Main.java

● [turn-persistence] [turn-persistence] turn_end SKIPPED ai: no assistant message with content



● Create CommandProcessor.java +20
  └ src/edu/kit/kastel/CommandProcessor.java



● Compile the Java files (shell)
  │ cd /Users/nghalinh2711/Development/student-repos/wt2526final02 && javac -d target/classes
  │ src/edu/kit/kastel/Main.java src/edu/kit/kastel/CommandProcessor.java 2>&1
  └ 1 line…



● Test quit command and error handling (shell)
  │ cd /Users/nghalinh2711/Development/student-repos/wt2526final02 && echo "hello
  │ unknown
  │ quit" | java -cp target/classes edu.kit.kastel.Main 2>&1
  └ 3 lines…



● Run Checkstyle on source files (shell)
  │ cd /Users/nghalinh2711/Development/student-repos/wt2526final02 && mvn checkstyle:check
  │ -Dcheckstyle.config.location=checkstyle.xml 2>&1 || true
  └ 28 lines…



● Download and run checkstyle directly (shell)
  │ cd /Users/nghalinh2711/Development/student-repos/wt2526final02 && mvn dependency:copy
  │ -Dartifact=com.puppycrawl.tools:checkstyle:10.12.4:jar -DoutputDirectory=target 2>&1 | tail -5
  │ && java -jar target/checkstyle-10.12.4.jar -c checkstyle.xml src/edu/kit/kastel/Main.java
  │ src/edu/kit/kastel/CommandProcessor.java 2>&1
  └ 7 lines…

● Run checkstyle via Maven with compatible plugin version (shell)
  │ cd /Users/nghalinh2711/Development/student-repos/wt2526final02 && mvn
  │ com.puppycrawl.tools:checkstyle:10.12.4:check -Dcheckstyle.config.location=checkstyle.xml 2>&1 |
  │ tail -20
  └ 15 lines…

● [turn-persistence] [turn-persistence] turn_end SKIPPED ai: no assistant message with content

● Run checkstyle with compatible plugin (shell)
  │ cd /Users/nghalinh2711/Development/student-repos/wt2526final02 && mvn
  │ org.apache.maven.plugins:maven-checkstyle-plugin:3.3.1:check
  │ -Dcheckstyle.config.location=checkstyle.xml 2>&1 | tail -30
  └ 22 lines…

● [turn-persistence] [turn-persistence] turn_end SKIPPED ai: no assistant message with content

● Check which checkstyle version the plugin uses (shell)
  │ cd /Users/nghalinh2711/Development/student-repos/wt2526final02 && mvn dependency:tree
  │ -Dincludes=com.puppycrawl.tools:checkstyle 2>&1 | head -20
  └ 15 lines…

● [turn-persistence] [turn-persistence] turn_end SKIPPED ai: no assistant message with content

● Run checkstyle with compatible older plugin version (shell)
  │ cd /Users/nghalinh2711/Development/student-repos/wt2526final02 && mvn
  │ org.apache.maven.plugins:maven-checkstyle-plugin:3.2.2:check
  │ -Dcheckstyle.config.location=checkstyle.xml 2>&1 | tail -30
  └ 22 lines…

● [turn-persistence] [turn-persistence] turn_end SKIPPED ai: no assistant message with content

● Run checkstyle with plugin 3.1.2 (shell)
  │ cd /Users/nghalinh2711/Development/student-repos/wt2526final02 && mvn
  │ org.apache.maven.plugins:maven-checkstyle-plugin:3.1.2:check
  │ -Dcheckstyle.config.location=checkstyle.xml 2>&1 | tail -30
  └ 24 lines…

● [turn-persistence] [turn-persistence] turn_end SKIPPED ai: no assistant message with content



● Clean compile and test all scenarios (shell)
  │ cd /Users/nghalinh2711/Development/student-repos/wt2526final02 && rm -rf target/classes &&
  │ mkdir -p target/classes && javac -d target/classes src/edu/kit/kastel/Main.java
  │ src/edu/kit/kastel/CommandProcessor.java 2>&1 && echo "--- Compilation OK ---" && echo "---
  │ Test: quit exits cleanly ---" && echo "quit" | java -cp target/classes edu.kit.kastel.Main
  │ 2>&1; echo "Exit: $?" && echo "--- Test: unknown command ---" && echo "hello" | java -cp …
  └ 12 lines…



● Update Task (MCP: agentic-memory) · backlogId: "39b930d3-163f-476e-8185-b730d03b701a", taskId: "e…
  └ Task "Main interactive CLI loop and quit command" (ef5dcb00-a218-42b1-8152-e2...

● Update Scratchpad (MCP: agentic-memory) · sessionId: "d8791061-9479-46ba-962d-5a914a9ea45a", note…
  └ Scratchpad updated.

● Claim Next Task (MCP: agentic-memory) · backlogId: "39b930d3-163f-476e-8185-b730d03b701a"
  └ Claimed task "Domain model classes (Lift, Slope, SkiArea, Skier)" (6c594150-7...

● [turn-persistence] [turn-persistence] turn_end SKIPPED ai: no assistant message with content



● Create Slope.java +113
  └ src/edu/kit/kastel/Slope.java

● Create Lift.java +130
  └ src/edu/kit/kastel/Lift.java

● Create SkiArea.java +138
  └ src/edu/kit/kastel/SkiArea.java

● Create Skier.java +145
  └ src/edu/kit/kastel/Skier.java



● Compile all Java files (shell)
  │ cd /Users/nghalinh2711/Development/student-repos/wt2526final02 && rm -rf target/classes && mkdir
  │ -p target/classes && javac -d target/classes src/edu/kit/kastel/*.java 2>&1
  └ 1 line…



● Test domain model toString formats (shell)
  │ cd /Users/nghalinh2711/Development/student-repos/wt2526final02 && cat > /tmp/TestDomain.java
  │ << 'JAVAEOF'
  │ import edu.kit.kastel.*;
  │ import java.time.LocalTime;…
  └ 63 lines…



● Update Task (MCP: agentic-memory) · state: "done", backlogId: "39b930d3-163f-476e-8185-b730d03b70…
  └ Task "Domain model classes (Lift, Slope, SkiArea, Skier)" (6c594150-7526-4846...

● Update Scratchpad (MCP: agentic-memory) · sessionId: "d8791061-9479-46ba-962d-5a914a9ea45a", note…
  └ Scratchpad updated.

● Claim Next Task (MCP: agentic-memory) · backlogId: "39b930d3-163f-476e-8185-b730d03b701a"
  └ Claimed task "Ski area file parser (BNF grammar)" (ba9ab58e-67ec-4111-b67a-de...

● [turn-persistence] [turn-persistence] turn_end SKIPPED ai: no assistant message with content



● Create AreaParser.java +163
  └ src/edu/kit/kastel/AreaParser.java

● Compile and test parser with example graph (shell)
  │ cd /Users/nghalinh2711/Development/student-repos/wt2526final02 && javac -d target/classes
  │ src/edu/kit/kastel/*.java 2>&1 && cat > /tmp/TestParser.java << 'JAVAEOF'
  │ import edu.kit.kastel.*;
  │ import java.util.*;…
  └ 43 lines…

● [turn-persistence] [turn-persistence] turn_end SKIPPED ai: no assistant message with content

● Debug regex pattern for slope (shell)
  │ cat > /tmp/RegexTest.java << 'JAVAEOF'
  │ import java.util.regex.*;
  │
  │ public class RegexTest {
  │ public static void main(String[] args) {…
  └ 27 lines…

● [turn-persistence] [turn-persistence] turn_end SKIPPED ai: no assistant message with content



● Edit AreaParser.java +1 -1
  └ src/edu/kit/kastel/AreaParser.java

● Test parser after fixing slope regex (shell)
  │ cd /Users/nghalinh2711/Development/student-repos/wt2526final02 && javac -d target/classes
  │ src/edu/kit/kastel/AreaParser.java 2>&1 && java -cp target/classes:/tmp TestParser
  └ 66 lines…

● [turn-persistence] [turn-persistence] turn_end SKIPPED ai: no assistant message with content

● Compile all Java files together (shell)
  │ cd /Users/nghalinh2711/Development/student-repos/wt2526final02 && rm -rf target/classes && mkdir
  │ -p target/classes && javac -d target/classes src/edu/kit/kastel/*.java 2>&1 && echo "OK" &&
  │ javac -cp target/classes -d /tmp /tmp/TestParser.java 2>&1 && java -cp target/classes:/tmp
  │ TestParser
  └ 29 lines…

● [turn-persistence] [turn-persistence] turn_end SKIPPED ai: no assistant message with content



● Test parser error handling (shell)
  │ cd /Users/nghalinh2711/Development/student-repos/wt2526final02 && cat >
  │ /tmp/TestParserErrors.java << 'JAVAEOF'
  │ import edu.kit.kastel.*;
  │
  │ public class TestParserErrors {…
  └ 54 lines…

● Fix test and run parser error tests (shell)
  │ cd /Users/nghalinh2711/Development/student-repos/wt2526final02 && cat >
  │ /tmp/TestParserErrors.java << 'JAVAEOF'
  │ import edu.kit.kastel.*;
  │
  │ public class TestParserErrors {…
  └ 56 lines…

● [turn-persistence] [turn-persistence] turn_end SKIPPED ai: no assistant message with content



● Clean up temp test files (shell)
  │ rm -f /tmp/TestParser.java /tmp/TestParserErrors.java /tmp/TestDomain.java /tmp/RegexTest.java
  │ /tmp/TestParser.class /tmp/TestParserErrors.class /tmp/TestDomain.class /tmp/RegexTest.class
  │ /tmp/TestParser\$1.class /tmp/bad1.txt /tmp/bad2.txt /tmp/bad3.txt
  └ 1 line…

● Update Task (MCP: agentic-memory) · state: "done", taskId: "ba9ab58e-67ec-4111-b67a-deb7a89f4be6"…
  └ Task "Ski area file parser (BNF grammar)" (ba9ab58e-67ec-4111-b67a-deb7a89f4b...

● Update Scratchpad (MCP: agentic-memory) · sessionId: "d8791061-9479-46ba-962d-5a914a9ea45a", note…
  └ Scratchpad updated.

● [turn-persistence] [turn-persistence] turn_end SKIPPED ai: no assistant message with content

● Claim Next Task (MCP: agentic-memory) · backlogId: "39b930d3-163f-476e-8185-b730d03b701a"
  └ Claimed task "Ski area validation" (3f099db2-ae26-442c-ac97-df07fb3e13ed) and...

● [turn-persistence] [turn-persistence] turn_end SKIPPED ai: no assistant message with content



● Create SkiAreaValidator.java +187
  └ src/edu/kit/kastel/SkiAreaValidator.java

● Compile and test validator (shell)
  │ cd /Users/nghalinh2711/Development/student-repos/wt2526final02 && javac -d target/classes
  │ src/edu/kit/kastel/*.java 2>&1 && echo "=== Compilation OK ===" && cat >
  │ /tmp/TestValidator.java << 'JAVAEOF'
  │ import edu.kit.kastel.*;
  │ import java.time.LocalTime;…
  └ 130 lines…

● [turn-persistence] [turn-persistence] turn_end SKIPPED ai: no assistant message with content



● Clean up test files (shell)
  │ rm -f /tmp/TestValidator.java /tmp/TestValidator.class
  └ 1 line…

● Update Task (MCP: agentic-memory) · state: "done", taskId: "3f099db2-ae26-442c-ac97-df07fb3e13ed"…
  └ Task "Ski area validation" (3f099db2-ae26-442c-ac97-df07fb3e13ed) updated to ...

● Claim Next Task (MCP: agentic-memory) · backlogId: "39b930d3-163f-476e-8185-b730d03b701a"
  └ Claimed task "load area command" (ecf5fa91-16ab-45db-ae2d-8b47eedfec50) and m...

● [turn-persistence] [turn-persistence] turn_end SKIPPED ai: no assistant message with content



● Read CommandProcessor.java
  │ src/edu/kit/kastel/CommandProcessor.java
  └ 19 lines read

● Edit CommandProcessor.java +52 -2
  └ src/edu/kit/kastel/CommandProcessor.java

● [turn-persistence] [turn-persistence] turn_end SKIPPED ai: no assistant message with content

● Compile and test load area command (shell)
  │ cd /Users/nghalinh2711/Development/student-repos/wt2526final02 && javac -d target/classes
  │ src/edu/kit/kastel/*.java 2>&1 && echo "--- Test: load area ---" && echo "load area
  │ listings/example_graph.txt
  │ quit" | java -cp target/classes edu.kit.kastel.Main 2>&1 && echo "--- Test: bad path ---" &&
  │ echo "load area nonexistent.txt…
  └ 20 lines…

● [turn-persistence] [turn-persistence] turn_end SKIPPED ai: no assistant message with content

● Test load area with newline handling (shell)
  │ cd /Users/nghalinh2711/Development/student-repos/wt2526final02 && printf "load area
  │ listings/example_graph.txt\nquit\n" | java -cp target/classes edu.kit.kastel.Main 2>&1 | cat -A
  └ 3 lines…

● [turn-persistence] [turn-persistence] turn_end SKIPPED ai: no assistant message with content

● Check output with hex dump for newlines (shell)
  │ cd /Users/nghalinh2711/Development/student-repos/wt2526final02 && printf "load area
  │ listings/example_graph.txt\nquit\n" | java -cp target/classes edu.kit.kastel.Main 2>/dev/null |
  │ od -c | head -5
  └ 6 lines…

● [turn-persistence] [turn-persistence] turn_end SKIPPED ai: no assistant message with content



● Update Task (MCP: agentic-memory) · state: "done", taskId: "ecf5fa91-16ab-45db-ae2d-8b47eedfec50"…
  └ Task "load area command" (ecf5fa91-16ab-45db-ae2d-8b47eedfec50) updated to st...

● Claim Next Task (MCP: agentic-memory) · backlogId: "39b930d3-163f-476e-8185-b730d03b701a"
  └ Claimed task "list lifts command" (697a4509-23da-45d5-8484-95877f20c8ad) and ...

● Edit CommandProcessor.java +29
  └ src/edu/kit/kastel/CommandProcessor.java

● [turn-persistence] [turn-persistence] turn_end SKIPPED ai: no assistant message with content

● Compile and test list lifts command (shell)
  │ cd /Users/nghalinh2711/Development/student-repos/wt2526final02 && javac -d target/classes
  │ src/edu/kit/kastel/*.java 2>&1 && echo "--- Test: list lifts after load ---" && printf "load
  │ area listings/example_graph.txt\nlist lifts\nquit\n" | java -cp target/classes
  │ edu.kit.kastel.Main 2>&1 && echo "--- Test: list lifts without area ---" && printf "list
  │ lifts\nquit\n" | java -cp target/classes edu.kit.kastel.Main 2>&1
  └ 5 lines…

● [turn-persistence] [turn-persistence] turn_end SKIPPED ai: no assistant message with content

● Read CommandProcessor.java
  │ src/edu/kit/kastel/CommandProcessor.java
  └ 98 lines read

● [turn-persistence] [turn-persistence] turn_end SKIPPED ai: no assistant message with content

● Edit CommandProcessor.java +1
  └ src/edu/kit/kastel/CommandProcessor.java

● [turn-persistence] [turn-persistence] turn_end SKIPPED ai: no assistant message with content

● Read CommandProcessor.java
  │ src/edu/kit/kastel/CommandProcessor.java
  └ L95:99 (5 lines read)

● [turn-persistence] [turn-persistence] turn_end SKIPPED ai: no assistant message with content

● Compile and test list lifts command (shell)
  │ cd /Users/nghalinh2711/Development/student-repos/wt2526final02 && javac -d target/classes
  │ src/edu/kit/kastel/*.java 2>&1 && echo "--- Test: list lifts after load ---" && printf "load
  │ area listings/example_graph.txt\nlist lifts\nquit\n" | java -cp target/classes
  │ edu.kit.kastel.Main 2>&1 && echo "--- Test: list lifts without area ---" && printf "list
  │ lifts\nquit\n" | java -cp target/classes edu.kit.kastel.Main 2>&1
  └ 17 lines…

● [turn-persistence] [turn-persistence] turn_end SKIPPED ai: no assistant message with content

● Check if example file ends with newline (shell)
  │ od -c /Users/nghalinh2711/Development/student-repos/wt2526final02/listings/example_graph.txt |
  │ tail -3
  └ 4 lines…

● [turn-persistence] [turn-persistence] turn_end SKIPPED ai: no assistant message with content



● Update Task (MCP: agentic-memory) · state: "done", taskId: "697a4509-23da-45d5-8484-95877f20c8ad"…
  └ Task "list lifts command" (697a4509-23da-45d5-8484-95877f20c8ad) updated to s...

● Claim Next Task (MCP: agentic-memory) · backlogId: "39b930d3-163f-476e-8185-b730d03b701a"
  └ Cannot claim the next task — unresolved tasks are blocking:

● Claim Next Task (MCP: agentic-memory) · backlogId: "39b930d3-163f-476e-8185-b730d03b701a"
  └ Claimed task "list slopes command" (005a59d7-e1e3-48e8-9f26-dbfe74c21fe4) and...

● [turn-persistence] [turn-persistence] turn_end SKIPPED ai: no assistant message with content



● Edit CommandProcessor.java +3 -1
  └ src/edu/kit/kastel/CommandProcessor.java

● Compile and test list slopes (shell)
  │ cd /Users/nghalinh2711/Development/student-repos/wt2526final02 && javac -d target/classes
  │ src/edu/kit/kastel/*.java 2>&1 && printf "load area listings/example_graph.txt\nlist
  │ slopes\nquit\n" | java -cp target/classes edu.kit.kastel.Main 2>&1
  └ 15 lines…

● [turn-persistence] [turn-persistence] turn_end SKIPPED ai: no assistant message with content



● Update Task (MCP: agentic-memory) · state: "done", taskId: "005a59d7-e1e3-48e8-9f26-dbfe74c21fe4"…
  └ Task "list slopes command" (005a59d7-e1e3-48e8-9f26-dbfe74c21fe4) updated to ...

● Claim Next Task (MCP: agentic-memory) · backlogId: "39b930d3-163f-476e-8185-b730d03b701a"
  └ Claimed task "dislike command" (b55ba81f-15bf-4999-9811-6ec703cc80ff) and mar...

● Edit CommandProcessor.java +3
  └ src/edu/kit/kastel/CommandProcessor.java

● [turn-persistence] [turn-persistence] turn_end SKIPPED ai: no assistant message with content

● Edit CommandProcessor.java +35
  └ src/edu/kit/kastel/CommandProcessor.java

● [turn-persistence] [turn-persistence] turn_end SKIPPED ai: no assistant message with content



● Edit CommandProcessor.java +8 -10
  └ src/edu/kit/kastel/CommandProcessor.java

● Compile and test dislike command (shell)
  │ cd /Users/nghalinh2711/Development/student-repos/wt2526final02 && javac -d target/classes
  │ src/edu/kit/kastel/*.java 2>&1 && echo "--- Test: dislike valid ---" && printf "dislike
  │ BUMPY\ndislike BLACK\nquit\n" | java -cp target/classes edu.kit.kastel.Main 2>&1 && echo "---
  │ Test: dislike invalid ---" && printf "dislike INVALID\nquit\n" | java -cp target/classes
  │ edu.kit.kastel.Main 2>&1 && echo "--- Test: dislike bad format ---" && printf …
  └ 7 lines…

● [turn-persistence] [turn-persistence] turn_end SKIPPED ai: no assistant message with content



● Update Task (MCP: agentic-memory) · state: "done", taskId: "b55ba81f-15bf-4999-9811-6ec703cc80ff"…
  └ Task "dislike command" (b55ba81f-15bf-4999-9811-6ec703cc80ff) updated to stat...

● Claim Next Task (MCP: agentic-memory) · backlogId: "39b930d3-163f-476e-8185-b730d03b701a"
  └ Claimed task "reset preferences command" (a8b23080-4c10-44c9-9226-d856081a0f6...

● Edit CommandProcessor.java +3
  └ src/edu/kit/kastel/CommandProcessor.java

● [turn-persistence] [turn-persistence] turn_end SKIPPED ai: no assistant message with content

● Edit CommandProcessor.java +11
  └ src/edu/kit/kastel/CommandProcessor.java

● [turn-persistence] [turn-persistence] turn_end SKIPPED ai: no assistant message with content

● Compile and test reset preferences (shell)
  │ cd /Users/nghalinh2711/Development/student-repos/wt2526final02 && javac -d target/classes
  │ src/edu/kit/kastel/*.java 2>&1 && printf "dislike BUMPY\nreset preferences\nquit\n" | java -cp
  │ target/classes edu.kit.kastel.Main 2>&1 && echo "---" && printf "reset\nquit\n" | java -cp
  │ target/classes edu.kit.kastel.Main 2>&1
  └ 3 lines…

● [turn-persistence] [turn-persistence] turn_end SKIPPED ai: no assistant message with content

● Update Task (MCP: agentic-memory) · state: "done", taskId: "a8b23080-4c10-44c9-9226-d856081a0f69"…
  └ Task "reset preferences command" (a8b23080-4c10-44c9-9226-d856081a0f69) updat...

● Claim Next Task (MCP: agentic-memory) · backlogId: "39b930d3-163f-476e-8185-b730d03b701a"
  └ Claimed task "like command" (58beeb08-4e44-402d-a56e-f62f47af7d17) and marked...

● [turn-persistence] [turn-persistence] turn_end SKIPPED ai: no assistant message with content

● Edit CommandProcessor.java +3
  └ src/edu/kit/kastel/CommandProcessor.java

● [turn-persistence] [turn-persistence] turn_end SKIPPED ai: no assistant message with content

● Edit CommandProcessor.java +16
  └ src/edu/kit/kastel/CommandProcessor.java

● [turn-persistence] [turn-persistence] turn_end SKIPPED ai: no assistant message with content

● Compile and test like command (shell)
  │ cd /Users/nghalinh2711/Development/student-repos/wt2526final02 && javac -d target/classes
  │ src/edu/kit/kastel/*.java 2>&1 && printf "like BLUE\nlike INVALID\nquit\n" | java -cp
  │ target/classes edu.kit.kastel.Main 2>&1
  └ 2 lines…

● [turn-persistence] [turn-persistence] turn_end SKIPPED ai: no assistant message with content

● Update Task (MCP: agentic-memory) · state: "done", taskId: "58beeb08-4e44-402d-a56e-f62f47af7d17"…
  └ Task "like command" (58beeb08-4e44-402d-a56e-f62f47af7d17) updated to state: ...

● Claim Next Task (MCP: agentic-memory) · backlogId: "39b930d3-163f-476e-8185-b730d03b701a"
  └ Claimed task "set goal command" (6601079e-db94-4c7a-a603-8a593fd950ad) and ma...

● [turn-persistence] [turn-persistence] turn_end SKIPPED ai: no assistant message with content

● Edit CommandProcessor.java +3
  └ src/edu/kit/kastel/CommandProcessor.java

● [turn-persistence] [turn-persistence] turn_end SKIPPED ai: no assistant message with content

● Edit CommandProcessor.java +42
  └ src/edu/kit/kastel/CommandProcessor.java

● [turn-persistence] [turn-persistence] turn_end SKIPPED ai: no assistant message with content

● Compile and test set goal (shell)
  │ cd /Users/nghalinh2711/Development/student-repos/wt2526final02 && javac -d target/classes
  │ src/edu/kit/kastel/*.java 2>&1 && printf "set goal DISTANCE\nset goal INVALID\nset goal\nquit\n"
  │ | java -cp target/classes edu.kit.kastel.Main 2>&1
  └ 3 lines…

● [turn-persistence] [turn-persistence] turn_end SKIPPED ai: no assistant message with content

● Update Task (MCP: agentic-memory) · state: "done", taskId: "6601079e-db94-4c7a-a603-8a593fd950ad"…
  └ Task "set goal command" (6601079e-db94-4c7a-a603-8a593fd950ad) updated to sta...

● Claim Next Task (MCP: agentic-memory) · backlogId: "39b930d3-163f-476e-8185-b730d03b701a"
  └ Claimed task "set skill command" (31b38ab9-e351-406a-be13-8062f5e0b1df) and m...

● [turn-persistence] [turn-persistence] turn_end SKIPPED ai: no assistant message with content



● Test set skill command (shell)
  │ cd /Users/nghalinh2711/Development/student-repos/wt2526final02 && printf "set skill EXPERT\nset
  │ skill NOVICE\nset skill\nquit\n" | java -cp target/classes edu.kit.kastel.Main 2>&1
  └ 3 lines…

● Update Task (MCP: agentic-memory) · state: "done", taskId: "31b38ab9-e351-406a-be13-8062f5e0b1df"…
  └ Task "set skill command" (31b38ab9-e351-406a-be13-8062f5e0b1df) updated to st...

● Claim Next Task (MCP: agentic-memory) · backlogId: "39b930d3-163f-476e-8185-b730d03b701a"
  └ Claimed task "Slope traversal time formula" (e888a656-c5e6-43ab-871b-5971361b...

● [turn-persistence] [turn-persistence] turn_end SKIPPED ai: no assistant message with content



● Edit Slope.java +61
  └ src/edu/kit/kastel/Slope.java

● Compile and test traversal time formula (shell)
  │ cd /Users/nghalinh2711/Development/student-repos/wt2526final02 && javac -d target/classes
  │ src/edu/kit/kastel/*.java 2>&1 && cat > /tmp/TestTime.java << 'JAVAEOF'
  │ import edu.kit.kastel.*;
  │
  │ public class TestTime {…
  └ 46 lines…

● [turn-persistence] [turn-persistence] turn_end SKIPPED ai: no assistant message with content



● Clean up test file (shell)
  │ rm -f /tmp/TestTime.java /tmp/TestTime.class
  └ 1 line…

● Update Task (MCP: agentic-memory) · state: "done", taskId: "e888a656-c5e6-43ab-871b-5971361b1a5d"…
  └ Task "Slope traversal time formula" (e888a656-c5e6-43ab-871b-5971361b1a5d) up...

● Claim Next Task (MCP: agentic-memory) · backlogId: "39b930d3-163f-476e-8185-b730d03b701a"
  └ Claimed task "Route finding algorithm (core engine)" (80e27d8a-7ba7-49d8-8b80...

● [turn-persistence] [turn-persistence] turn_end SKIPPED ai: no assistant message with content



● Create RoutePlanner.java +251
  └ src/edu/kit/kastel/RoutePlanner.java

● Compile and test route planner with example scenario (shell)
  │ cd /Users/nghalinh2711/Development/student-repos/wt2526final02 && javac -d target/classes
  │ src/edu/kit/kastel/*.java 2>&1 && cat > /tmp/TestRoute.java << 'JAVAEOF'
  │ import edu.kit.kastel.*;
  │ import java.time.LocalTime;
  │ import java.util.List;…
  └ 37 lines…

● [turn-persistence] [turn-persistence] turn_end SKIPPED ai: no assistant message with content



● Edit RoutePlanner.java +15 -7
  └ src/edu/kit/kastel/RoutePlanner.java

● Recompile and test route planner (shell)
  │ cd /Users/nghalinh2711/Development/student-repos/wt2526final02 && javac -d target/classes
  │ src/edu/kit/kastel/*.java 2>&1 && javac -cp target/classes -d /tmp /tmp/TestRoute.java && java
  │ -cp target/classes:/tmp TestRoute
  └ 3 lines…

● [turn-persistence] [turn-persistence] turn_end SKIPPED ai: no assistant message with content



● Debug route planner with verbose output (shell)
  │ cd /Users/nghalinh2711/Development/student-repos/wt2526final02 && cat >
  │ /tmp/TestRouteDebug.java << 'JAVAEOF'
  │ import edu.kit.kastel.*;
  │ import java.time.LocalTime;
  │ import java.util.List;…
  └ 35 lines…



● Edit RoutePlanner.java
  └ src/edu/kit/kastel/RoutePlanner.java

● Edit RoutePlanner.java +1
  └ src/edu/kit/kastel/RoutePlanner.java

● [turn-persistence] [turn-persistence] turn_end SKIPPED ai: no assistant message with content

● Recompile and run with debug (shell)
  │ cd /Users/nghalinh2711/Development/student-repos/wt2526final02 && javac -d target/classes
  │ src/edu/kit/kastel/*.java 2>&1 && javac -cp target/classes -d /tmp /tmp/TestRouteDebug.java &&
  │ java -cp target/classes:/tmp TestRouteDebug 2>&1
  └ 4 lines…

● [turn-persistence] [turn-persistence] turn_end SKIPPED ai: no assistant message with content

● Edit RoutePlanner.java +1 -1
  └ src/edu/kit/kastel/RoutePlanner.java

● [turn-persistence] [turn-persistence] turn_end SKIPPED ai: no assistant message with content

● Recompile and run with full debug (shell)
  │ cd /Users/nghalinh2711/Development/student-repos/wt2526final02 && javac -d target/classes
  │ src/edu/kit/kastel/*.java 2>&1 && javac -cp target/classes -d /tmp /tmp/TestRouteDebug.java &&
  │ java -cp target/classes:/tmp TestRouteDebug 2>&1 | grep "DEBUG"
  └ 6 lines…

● [turn-persistence] [turn-persistence] turn_end SKIPPED ai: no assistant message with content

● Edit RoutePlanner.java +1
  └ src/edu/kit/kastel/RoutePlanner.java

● [turn-persistence] [turn-persistence] turn_end SKIPPED ai: no assistant message with content

● Recompile and run with full DFS debug (shell)
  │ cd /Users/nghalinh2711/Development/student-repos/wt2526final02 && javac -d target/classes
  │ src/edu/kit/kastel/*.java 2>&1 && javac -cp target/classes -d /tmp /tmp/TestRouteDebug.java &&
  │ java -cp target/classes:/tmp TestRouteDebug 2>&1 | grep "DEBUG"
  └ 22 lines…

● [turn-persistence] [turn-persistence] turn_end SKIPPED ai: no assistant message with content



● Edit RoutePlanner.java +2 -2
  └ src/edu/kit/kastel/RoutePlanner.java



● Edit RoutePlanner.java -1
  └ src/edu/kit/kastel/RoutePlanner.java

● Edit RoutePlanner.java -1
  └ src/edu/kit/kastel/RoutePlanner.java

● [turn-persistence] [turn-persistence] turn_end SKIPPED ai: no assistant message with content

● Recompile and test after fixing double-ride bug (shell)
  │ cd /Users/nghalinh2711/Development/student-repos/wt2526final02 && javac -d target/classes
  │ src/edu/kit/kastel/*.java 2>&1 && javac -cp target/classes -d /tmp /tmp/TestRouteDebug.java &&
  │ java -cp target/classes:/tmp TestRouteDebug 2>&1
  └ 3 lines…

● [turn-persistence] [turn-persistence] turn_end SKIPPED ai: no assistant message with content



● Test route planner with second scenario (shell)
  │ cd /Users/nghalinh2711/Development/student-repos/wt2526final02 && cat > /tmp/TestRoute2.java
  │ << 'JAVAEOF'
  │ import edu.kit.kastel.*;
  │ import java.time.LocalTime;
  │ import java.util.List;…
  └ 36 lines…



● Clean up test files (shell)
  │ rm -f /tmp/TestRoute.java /tmp/TestRoute.class /tmp/TestRouteDebug.java
  │ /tmp/TestRouteDebug.class /tmp/TestRoute2.java /tmp/TestRoute2.class
  └ 1 line…

● Claim Next Task (MCP: agentic-memory) · backlogId: "39b930d3-163f-476e-8185-b730d03b701a"
  └ Cannot claim the next task — unresolved tasks are blocking:

● Update Task (MCP: agentic-memory) · state: "done", taskId: "80e27d8a-7ba7-49d8-8b80-0081208ac669"…
  └ Task "Route finding algorithm (core engine)" (80e27d8a-7ba7-49d8-8b80-0081208...

● [turn-persistence] [turn-persistence] turn_end SKIPPED ai: no assistant message with content

● Claim Next Task (MCP: agentic-memory) · backlogId: "39b930d3-163f-476e-8185-b730d03b701a"
  └ Claimed task "plan command" (e3318b50-d501-4ead-af0d-43d89b36b935) and marked...

● [turn-persistence] [turn-persistence] turn_end SKIPPED ai: no assistant message with content



● Read CommandProcessor.java
  │ src/edu/kit/kastel/CommandProcessor.java
  └ 215 lines read

● Edit CommandProcessor.java +10
  └ src/edu/kit/kastel/CommandProcessor.java

● [turn-persistence] [turn-persistence] turn_end SKIPPED ai: no assistant message with content

● Edit CommandProcessor.java +3
  └ src/edu/kit/kastel/CommandProcessor.java

● [turn-persistence] [turn-persistence] turn_end SKIPPED ai: no assistant message with content

● Edit CommandProcessor.java +53
  └ src/edu/kit/kastel/CommandProcessor.java

● [turn-persistence] [turn-persistence] turn_end SKIPPED ai: no assistant message with content



● Edit CommandProcessor.java +3 -4
  └ src/edu/kit/kastel/CommandProcessor.java



● Edit CommandProcessor.java +3
  └ src/edu/kit/kastel/CommandProcessor.java

● Compile and test plan command (shell)
  │ cd /Users/nghalinh2711/Development/student-repos/wt2526final02 && javac -d target/classes
  │ src/edu/kit/kastel/*.java 2>&1 && echo "--- Test: plan with all preconditions ---" && printf
  │ "load area listings/example_graph.txt\nset skill BEGINNER\nset goal DISTANCE\nlike
  │ BLUE\ndislike BUMPY\nplan LiftA 11:00 12:30\nquit\n" | java -cp target/classes
  │ edu.kit.kastel.Main 2>&1 && echo "" && echo "--- Test: plan without area ---" && printf "plan …
  └ 34 lines…

● [turn-persistence] [turn-persistence] turn_end SKIPPED ai: no assistant message with content



● Update Task (MCP: agentic-memory) · state: "done", taskId: "e3318b50-d501-4ead-af0d-43d89b36b935"…
  └ Task "plan command" (e3318b50-d501-4ead-af0d-43d89b36b935) updated to state: ...

● Claim Next Task (MCP: agentic-memory) · backlogId: "39b930d3-163f-476e-8185-b730d03b701a"
  └ Claimed task "next command" (e6bba087-80c0-434c-a3bf-3ba979c806c5) and marked...



● Edit CommandProcessor.java +3
  └ src/edu/kit/kastel/CommandProcessor.java

● Edit CommandProcessor.java +17
  └ src/edu/kit/kastel/CommandProcessor.java

● [turn-persistence] [turn-persistence] turn_end SKIPPED ai: no assistant message with content

● Compile and test next command (shell)
  │ cd /Users/nghalinh2711/Development/student-repos/wt2526final02 && javac -d target/classes
  │ src/edu/kit/kastel/*.java 2>&1 && printf "load area listings/example_graph.txt\nset skill
  │ BEGINNER\nset goal DISTANCE\nplan LiftA 11:00 12:30\nnext\nnext\nquit\n" | java -cp
  │ target/classes edu.kit.kastel.Main 2>&1 | grep -E "^(LiftA|Piste|route|Error)"
  └ 3 lines…

● [turn-persistence] [turn-persistence] turn_end SKIPPED ai: no assistant message with content



● Update Task (MCP: agentic-memory) · state: "done", taskId: "e6bba087-80c0-434c-a3bf-3ba979c806c5"…
  └ Task "next command" (e6bba087-80c0-434c-a3bf-3ba979c806c5) updated to state: ...

● Claim Next Task (MCP: agentic-memory) · backlogId: "39b930d3-163f-476e-8185-b730d03b701a"
  └ Claimed task "take command" (ae336888-a1b0-4005-ab53-5f446c7d038a) and marked...



● Edit CommandProcessor.java +9
  └ src/edu/kit/kastel/CommandProcessor.java

● Edit CommandProcessor.java +46
  └ src/edu/kit/kastel/CommandProcessor.java

● [turn-persistence] [turn-persistence] turn_end SKIPPED ai: no assistant message with content

● Compile and test take, abort, show route (shell)
  │ cd /Users/nghalinh2711/Development/student-repos/wt2526final02 && javac -d target/classes
  │ src/edu/kit/kastel/*.java 2>&1 && printf "load area listings/example_graph.txt
  │ set skill BEGINNER
  │ set goal DISTANCE
  │ like BLUE…
  └ 20 lines…

● [turn-persistence] [turn-persistence] turn_end SKIPPED ai: no assistant message with content



● Update Task (MCP: agentic-memory) · state: "done", taskId: "ae336888-a1b0-4005-ab53-5f446c7d038a"…
  └ Task "take command" (ae336888-a1b0-4005-ab53-5f446c7d038a) updated to state: ...

● Claim Next Task (MCP: agentic-memory) · backlogId: "39b930d3-163f-476e-8185-b730d03b701a"
  └ Claimed task "abort command" (46497d8b-0077-4c19-9c36-548dbd8a8af7) and marke...



● Update Task (MCP: agentic-memory) · state: "done", taskId: "46497d8b-0077-4c19-9c36-548dbd8a8af7"…
  └ Task "abort command" (46497d8b-0077-4c19-9c36-548dbd8a8af7) updated to state:...

● Claim Next Task (MCP: agentic-memory) · backlogId: "39b930d3-163f-476e-8185-b730d03b701a"
  └ Claimed task "show route command" (a85469dc-9a4f-48b4-b476-dd26f3b170c3) and ...

● Update Task (MCP: agentic-memory) · state: "done", taskId: "a85469dc-9a4f-48b4-b476-dd26f3b170c3"…
  └ Task "show route command" (a85469dc-9a4f-48b4-b476-dd26f3b170c3) updated to s...

● Claim Next Task (MCP: agentic-memory) · backlogId: "39b930d3-163f-476e-8185-b730d03b701a"
  └ Claimed task "alternative command" (9f367e01-9a87-448e-a480-f350527dc38f) and...

● [turn-persistence] [turn-persistence] turn_end SKIPPED ai: no assistant message with content



● Edit RoutePlanner.java +3
  └ src/edu/kit/kastel/RoutePlanner.java



● Edit RoutePlanner.java +24
  └ src/edu/kit/kastel/RoutePlanner.java



● Read RoutePlanner.java
  │ src/edu/kit/kastel/RoutePlanner.java
  └ L1:80 (80 lines read)

● Read RoutePlanner.java
  │ src/edu/kit/kastel/RoutePlanner.java
  └ L72:120 (48 lines read)

● [turn-persistence] [turn-persistence] turn_end SKIPPED ai: no assistant message with content



● Edit RoutePlanner.java +30 -25
  └ src/edu/kit/kastel/RoutePlanner.java



● Edit RoutePlanner.java +5
  └ src/edu/kit/kastel/RoutePlanner.java



● Edit CommandProcessor.java +3
  └ src/edu/kit/kastel/CommandProcessor.java



● Edit CommandProcessor.java +64
  └ src/edu/kit/kastel/CommandProcessor.java

● Compile and test full scenario from task (shell)
  │ cd /Users/nghalinh2711/Development/student-repos/wt2526final02 && javac -d target/classes
  │ src/edu/kit/kastel/*.java 2>&1 && echo "Compilation OK" && printf "load area
  │ listings/example_graph.txt
  │ set skill BEGINNER
  │ set goal DISTANCE…
  └ 37 lines…

● [turn-persistence] [turn-persistence] turn_end SKIPPED ai: no assistant message with content



● Test alternative command (shell)
  │ cd /Users/nghalinh2711/Development/student-repos/wt2526final02 && printf "load area
  │ listings/example_graph.txt
  │ set skill EXPERT
  │ set goal ALTITUDE
  │ like BLACK…
  └ 34 lines…

● Test alternative with correct step count (shell)
  │ cd /Users/nghalinh2711/Development/student-repos/wt2526final02 && printf "load area
  │ listings/example_graph.txt
  │ set skill EXPERT
  │ set goal ALTITUDE
  │ like BLACK…
  └ 33 lines…

● [turn-persistence] [turn-persistence] turn_end SKIPPED ai: no assistant message with content



● Debug alternative command (shell)
  │ cd /Users/nghalinh2711/Development/student-repos/wt2526final02 && cat > /tmp/TestAlt.java <<
  │ 'JAVAEOF'
  │ import edu.kit.kastel.*;
  │ import java.time.LocalTime;
  │ import java.util.List;…
  └ 74 lines…

● Edit RoutePlanner.java +3 -1
  └ src/edu/kit/kastel/RoutePlanner.java

● [turn-persistence] [turn-persistence] turn_end SKIPPED ai: no assistant message with content

● Run alternative test with debug (shell)
  │ cd /Users/nghalinh2711/Development/student-repos/wt2526final02 && javac -d target/classes
  │ src/edu/kit/kastel/*.java 2>&1 && javac -cp target/classes -d /tmp /tmp/TestAlt.java && java -cp
  │ target/classes:/tmp TestAlt 2>&1 | grep DEBUG
  └ 1 line…

● [turn-persistence] [turn-persistence] turn_end SKIPPED ai: no assistant message with content

● Add entry debug and run (shell)
  │ cd /Users/nghalinh2711/Development/student-repos/wt2526final02 && echo
  │ 'System.err.println("DEBUG enter dfs: " + currentNodeId + " time=" + currentTime + " path=" +
  │ String.join(" ", currentPath));' | head -1
  │ # Let me add this directly
  │
  └ 2 lines…

● [turn-persistence] [turn-persistence] turn_end SKIPPED ai: no assistant message with content

● Edit RoutePlanner.java +1
  └ src/edu/kit/kastel/RoutePlanner.java

● [turn-persistence] [turn-persistence] turn_end SKIPPED ai: no assistant message with content

● Run alternative test with entry debug (shell)
  │ cd /Users/nghalinh2711/Development/student-repos/wt2526final02 && javac -d target/classes
  │ src/edu/kit/kastel/*.java 2>&1 && javac -cp target/classes -d /tmp /tmp/TestAlt.java && java -cp
  │ target/classes:/tmp TestAlt 2>&1 | grep DEBUG | head -30
  └ 16 lines…

● [turn-persistence] [turn-persistence] turn_end SKIPPED ai: no assistant message with content



● Edit RoutePlanner.java +1 -1
  └ src/edu/kit/kastel/RoutePlanner.java

● Edit RoutePlanner.java +1
  └ src/edu/kit/kastel/RoutePlanner.java

● [turn-persistence] [turn-persistence] turn_end SKIPPED ai: no assistant message with content

● Edit RoutePlanner.java +3 -2
  └ src/edu/kit/kastel/RoutePlanner.java

● [turn-persistence] [turn-persistence] turn_end SKIPPED ai: no assistant message with content

● Recompile and test alternative after fix (shell)
  │ cd /Users/nghalinh2711/Development/student-repos/wt2526final02 && javac -d target/classes
  │ src/edu/kit/kastel/*.java 2>&1 && javac -cp target/classes -d /tmp /tmp/TestAlt.java && java -cp
  │ target/classes:/tmp TestAlt 2>&1 | grep -E "(Alternative|DEBUG transit)"
  └ 32 lines…

● [turn-persistence] [turn-persistence] turn_end SKIPPED ai: no assistant message with content



● Edit RoutePlanner.java +2 -3
  └ src/edu/kit/kastel/RoutePlanner.java



● Edit RoutePlanner.java -1
  └ src/edu/kit/kastel/RoutePlanner.java

● Edit RoutePlanner.java -1
  └ src/edu/kit/kastel/RoutePlanner.java

● [turn-persistence] [turn-persistence] turn_end SKIPPED ai: no assistant message with content

● Edit RoutePlanner.java +3 -3
  └ src/edu/kit/kastel/RoutePlanner.java

● [turn-persistence] [turn-persistence] turn_end SKIPPED ai: no assistant message with content

● Edit RoutePlanner.java +2 -2
  └ src/edu/kit/kastel/RoutePlanner.java

● [turn-persistence] [turn-persistence] turn_end SKIPPED ai: no assistant message with content



● Edit RoutePlanner.java -1
  └ src/edu/kit/kastel/RoutePlanner.java

● Edit RoutePlanner.java -1
  └ src/edu/kit/kastel/RoutePlanner.java

● [turn-persistence] [turn-persistence] turn_end SKIPPED ai: no assistant message with content

● Edit RoutePlanner.java -1
  └ src/edu/kit/kastel/RoutePlanner.java

● [turn-persistence] [turn-persistence] turn_end SKIPPED ai: no assistant message with content

● Test alternative after fix (shell)
  │ cd /Users/nghalinh2711/Development/student-repos/wt2526final02 && javac -d target/classes
  │ src/edu/kit/kastel/*.java 2>&1 && javac -cp target/classes -d /tmp /tmp/TestAlt.java && java -cp
  │ target/classes:/tmp TestAlt 2>&1 | grep Alternative
  └ 2 lines…

● [turn-persistence] [turn-persistence] turn_end SKIPPED ai: no assistant message with content



● Full interaction test from task example (shell)
  │ cd /Users/nghalinh2711/Development/student-repos/wt2526final02 && printf "load area
  │ listings/example_graph.txt
  │ set skill EXPERT
  │ set goal ALTITUDE
  │ like BLACK…
  └ 35 lines…



● Clean up test files (shell)
  │ rm -f /tmp/TestAlt.java /tmp/TestAlt.class
  └ 1 line…

● Update Task (MCP: agentic-memory) · state: "done", taskId: "9f367e01-9a87-448e-a480-f350527dc38f"…
  └ Task "alternative command" (9f367e01-9a87-448e-a480-f350527dc38f) updated to ...

● Get Tasks (MCP: agentic-memory) · backlogId: "39b930d3-163f-476e-8185-b730d03b701a"
  └ Output too large to read at once (25.7 KB). Saved to: /var/folders/fs/p8fxyq6...

● [turn-persistence] [turn-persistence] turn_end SKIPPED ai: no assistant message with content

● Check remaining tasks (shell)
  │ grep -E "to_do|in_progress"
  │ /var/folders/fs/p8fxyq611_d7_glm0yth2st80000gn/T/1784882502980-copilot-tool-output-cyenwc.txt
  │ 2>/dev/null || echo "No more tasks to do"
  └ 4 lines…

● [turn-persistence] [turn-persistence] turn_end SKIPPED ai: no assistant message with content



● Claim Next Task (MCP: agentic-memory) · backlogId: "39b930d3-163f-476e-8185-b730d03b701a"
  └ Claimed task "Dynamic replanning on skill/goal/preference changes" (c97937f2-...



● Edit CommandProcessor.java +32
  └ src/edu/kit/kastel/CommandProcessor.java



● Edit CommandProcessor.java +3
  └ src/edu/kit/kastel/CommandProcessor.java

● Edit CommandProcessor.java +1
  └ src/edu/kit/kastel/CommandProcessor.java

● [turn-persistence] [turn-persistence] turn_end SKIPPED ai: no assistant message with content

● Edit CommandProcessor.java +1
  └ src/edu/kit/kastel/CommandProcessor.java

● [turn-persistence] [turn-persistence] turn_end SKIPPED ai: no assistant message with content

● Compile and test dynamic replanning (shell)
  │ cd /Users/nghalinh2711/Development/student-repos/wt2526final02 && javac -d target/classes
  │ src/edu/kit/kastel/*.java 2>&1 && printf "load area listings/example_graph.txt
  │ set skill BEGINNER
  │ set goal DISTANCE
  │ like BLUE…
  └ 16 lines…

● [turn-persistence] [turn-persistence] turn_end SKIPPED ai: no assistant message with content



● Update Task (MCP: agentic-memory) · state: "done", taskId: "c97937f2-7149-4885-a75f-83cc06138946"…
  └ Task "Dynamic replanning on skill/goal/preference changes" (c97937f2-7149-488...

● Claim Next Task (MCP: agentic-memory) · backlogId: "39b930d3-163f-476e-8185-b730d03b701a"
  └ Cannot claim the next task — unresolved tasks are blocking:

● Claim Next Task (MCP: agentic-memory) · backlogId: "39b930d3-163f-476e-8185-b730d03b701a"
  └ Claimed task "Error handling and exact output format verification" (7d7c69b0-...

● [turn-persistence] [turn-persistence] turn_end SKIPPED ai: no assistant message with content



● Run complete example interaction from task (shell)
  │ cd /Users/nghalinh2711/Development/student-repos/wt2526final02 && printf "load area
  │ listings/example_graph.txt
  │ set skill BEGINNER
  │ set goal DISTANCE
  │ like BLUE…
  └ 106 lines…



● Edit CommandProcessor.java +7
  └ src/edu/kit/kastel/CommandProcessor.java

● Recompile and test full interaction (shell)
  │ cd /Users/nghalinh2711/Development/student-repos/wt2526final02 && javac -d target/classes
  │ src/edu/kit/kastel/*.java 2>&1 && java -cp target/classes edu.kit.kastel.Main <
  │ /tmp/full_input.txt 2>&1 | grep -v "^graph$" | grep -v "    " | grep -v "^$"
  └ 31 lines…

● [turn-persistence] [turn-persistence] turn_end SKIPPED ai: no assistant message with content



● Final compilation check (shell)
  │ cd /Users/nghalinh2711/Development/student-repos/wt2526final02 && rm -rf target/classes && mkdir
  │ -p target/classes && javac -d target/classes src/edu/kit/kastel/*.java -Xlint:all 2>&1 && echo
  │ "Compilation OK"
  └ 9 lines…



● Edit CommandProcessor.java -1
  └ src/edu/kit/kastel/CommandProcessor.java

● Edit RoutePlanner.java -1
  └ src/edu/kit/kastel/RoutePlanner.java

● [turn-persistence] [turn-persistence] turn_end SKIPPED ai: no assistant message with content

● Final compile after cleanup (shell)
  │ cd /Users/nghalinh2711/Development/student-repos/wt2526final02 && rm -rf target/classes && mkdir
  │ -p target/classes && javac -d target/classes src/edu/kit/kastel/*.java 2>&1 && echo "OK"
  └ 24 lines…

● [turn-persistence] [turn-persistence] turn_end SKIPPED ai: no assistant message with content

● Edit CommandProcessor.java -1
  └ src/edu/kit/kastel/CommandProcessor.java

● [turn-persistence] [turn-persistence] turn_end SKIPPED ai: no assistant message with content

● Edit CommandProcessor.java +1 -2
  └ src/edu/kit/kastel/CommandProcessor.java

● [turn-persistence] [turn-persistence] turn_end SKIPPED ai: no assistant message with content

● Edit RoutePlanner.java -1
  └ src/edu/kit/kastel/RoutePlanner.java

● [turn-persistence] [turn-persistence] turn_end SKIPPED ai: no assistant message with content

● Edit RoutePlanner.java -1
  └ src/edu/kit/kastel/RoutePlanner.java

● [turn-persistence] [turn-persistence] turn_end SKIPPED ai: no assistant message with content

● Final compile (shell)
  │ cd /Users/nghalinh2711/Development/student-repos/wt2526final02 && rm -rf target/classes && mkdir
  │ -p target/classes && javac -d target/classes src/edu/kit/kastel/*.java 2>&1 && echo "OK"
  └ 2 lines…

● [turn-persistence] [turn-persistence] turn_end SKIPPED ai: no assistant message with content



● Run final edge case tests (shell)
  │ cd /Users/nghalinh2711/Development/student-repos/wt2526final02 && printf "unknown
  │ load area nonexistent.txt
  │ list lifts
  │ list slopes
  │ set skill INVALID…
  └ 29 lines…

● Test time validation and no-route scenario (shell)
  │ cd /Users/nghalinh2711/Development/student-repos/wt2526final02 && printf "load area
  │ listings/example_graph.txt
  │ set skill BEGINNER
  │ set goal DISTANCE
  │ plan LiftA 08:00 07:00…
  └ 19 lines…

● [turn-persistence] [turn-persistence] turn_end SKIPPED ai: no assistant message with content



● Update Task (MCP: agentic-memory) · state: "done", taskId: "7d7c69b0-36e1-4a06-b53a-94c77169b70d"…
  └ Task "Error handling and exact output format verification" (7d7c69b0-36e1-4a0...

● Get Tasks (MCP: agentic-memory) · backlogId: "39b930d3-163f-476e-8185-b730d03b701a"
  └ Output too large to read at once (25.7 KB). Saved to: /var/folders/fs/p8fxyq6...

● Check if all tasks are done (shell)
  │ grep -c "to_do\|in_progress"
  │ /var/folders/fs/p8fxyq611_d7_glm0yth2st80000gn/T/1784882691926-copilot-tool-output-9u4bs9.txt
  │ 2>/dev/null || echo "0 tasks remaining"
  └ 2 lines…

● [turn-persistence] [turn-persistence] turn_end SKIPPED ai: no assistant message with content

● Check specific task states (shell)
  │ grep "state.*to_do\|state.*in_progress"
  │ /var/folders/fs/p8fxyq611_d7_glm0yth2st80000gn/T/1784882691926-copilot-tool-output-9u4bs9.txt
  └ 2 lines…

● [turn-persistence] [turn-persistence] turn_end SKIPPED ai: no assistant message with content

● Claim Next Task (MCP: agentic-memory) · backlogId: "39b930d3-163f-476e-8185-b730d03b701a"
  └ No claimable to_do task remains in this backlog.

● [turn-persistence] [turn-persistence] turn_end SKIPPED ai: no assistant message with content







Changes    +1840 -79
Duration   27m 45s
Tokens     ↑ 21.2m (21.1m cached) • ↓ 106.3k (52.4k reasoning)
[delivery] Coding agent exited with code 0
[delivery] Killed leftover process PID 8342 on port 3001
[delivery] Backlog verification passed.
[delivery] Phase E: Feedback

[delivery] Feedback agent — interactive session.
[delivery] Provide feedback to the agent. Exit the session (Ctrl+C or /exit) when done.


===== wt2526final02 started at 2026-07-24T09:39:03Z =====
PROGRAMMING_DIR=/Users/nghalinh2711/Development/student-repos/wt2526final02
DELIVERY_AGENT_CONTEXT_PROJECT=ProgrammingWT2526-Final2
COMMAND=pnpm delivery:run --exercise 

$ tsx delivery/run.ts --exercise

[delivery] Run ID: 20260724-113904
[delivery] Assignment: /Users/nghalinh2711/Development/student-repos/wt2526final02
[delivery] Assignment ID: wt2526final02
[delivery] Coding session: 20260724-113904-coding
[delivery] Requirements session: 20260724-113904-req
[delivery] Requirements log: /Users/nghalinh2711/Development/eval/programming/20260724-113904/requirements-output.log

[delivery] Phase A: Requirements

[delivery:requirements] Exercise stream: 9 turns for wt2526final02 (starting at turn 1)
[delivery:requirements] Output log: /Users/nghalinh2711/Development/eval/programming/20260724-113904/requirements-output.log
[delivery:requirements] Turn 1/9: Introduction
● adaptive-memory extension active (role=requirements, memorySession=20260724-113904-req) - type
  /memory-help. MCP tools registered (memory=false, backlog=true).







Changes    +0 -0
Duration   7s
Tokens     ↑ 16.5k (1.2k cached) • ↓ 290 (203 reasoning)
[delivery:requirements] Turn 1/9 complete
[delivery:requirements] Turn 2/9: task.md — segment 1/7 — Abschlussaufgabe 2 — Skiroutenplaner
● adaptive-memory extension active (role=requirements, memorySession=20260724-113904-req) - type
  /memory-help. MCP tools registered (memory=false, backlog=true).


===== wt2526final02 started at 2026-07-25T21:09:36Z =====
PROGRAMMING_DIR=/Users/nghalinh2711/Development/student-repos/wt2526final02
DELIVERY_AGENT_CONTEXT_PROJECT=ProgrammingWT2526-Final2
DELIVERY_AGENT_CONTEXT_DOMAIN=wt2526final02
COMMAND=pnpm delivery:run --exercise 

$ tsx delivery/run.ts --exercise
[delivery:knowledgebase] Ensuring guidelines.md is ingested for domain wt2526final02 before exercise requirements
[delivery:knowledgebase] Uploading guidelines.md to Vercel Blob for domain wt2526final02
[delivery:knowledgebase] Registered guidelines upload job 3f9d9708-6832-4fb5-964e-3bec4bc2c16c; waiting for ingestion
[delivery:knowledgebase] Guidelines ingestion job 3f9d9708-6832-4fb5-964e-3bec4bc2c16c: processing
[delivery:knowledgebase] Guidelines ingestion job 3f9d9708-6832-4fb5-964e-3bec4bc2c16c: processing
[delivery:knowledgebase] Guidelines ingestion job 3f9d9708-6832-4fb5-964e-3bec4bc2c16c: processing
[delivery:knowledgebase] Guidelines ingestion job 3f9d9708-6832-4fb5-964e-3bec4bc2c16c: processing
[delivery:knowledgebase] Guidelines ingestion job 3f9d9708-6832-4fb5-964e-3bec4bc2c16c: processing
[delivery:knowledgebase] Guidelines ingestion job 3f9d9708-6832-4fb5-964e-3bec4bc2c16c: processing
[delivery:knowledgebase] Guidelines ingestion job 3f9d9708-6832-4fb5-964e-3bec4bc2c16c: processing
[delivery:knowledgebase] Guidelines ingestion job 3f9d9708-6832-4fb5-964e-3bec4bc2c16c: processing
[delivery:knowledgebase] Guidelines ingestion job 3f9d9708-6832-4fb5-964e-3bec4bc2c16c: processing
[delivery:knowledgebase] Guidelines ingestion job 3f9d9708-6832-4fb5-964e-3bec4bc2c16c: processing
[delivery:knowledgebase] Guidelines ingestion job 3f9d9708-6832-4fb5-964e-3bec4bc2c16c: processing
[delivery:knowledgebase] Guidelines ingestion job 3f9d9708-6832-4fb5-964e-3bec4bc2c16c: processing
[delivery:knowledgebase] Guidelines ingestion job 3f9d9708-6832-4fb5-964e-3bec4bc2c16c: processing
[delivery:knowledgebase] Guidelines ingestion job 3f9d9708-6832-4fb5-964e-3bec4bc2c16c: processing
[delivery:knowledgebase] Guidelines ingestion job 3f9d9708-6832-4fb5-964e-3bec4bc2c16c: processing
[delivery:knowledgebase] Guidelines ingestion job 3f9d9708-6832-4fb5-964e-3bec4bc2c16c: processing
[delivery:knowledgebase] Guidelines ingestion job 3f9d9708-6832-4fb5-964e-3bec4bc2c16c: processing
[delivery:knowledgebase] Guidelines ingestion job 3f9d9708-6832-4fb5-964e-3bec4bc2c16c: processing
[delivery:knowledgebase] Guidelines ingestion job 3f9d9708-6832-4fb5-964e-3bec4bc2c16c: processing
[delivery:knowledgebase] Guidelines ingestion job 3f9d9708-6832-4fb5-964e-3bec4bc2c16c: processing
[delivery:knowledgebase] Guidelines ingestion job 3f9d9708-6832-4fb5-964e-3bec4bc2c16c: processing
[delivery:knowledgebase] Guidelines ingestion job 3f9d9708-6832-4fb5-964e-3bec4bc2c16c: succeeded
[delivery:knowledgebase] Guidelines ingestion succeeded for domain wt2526final02 (job 3f9d9708-6832-4fb5-964e-3bec4bc2c16c)

[delivery] Run ID: 20260725-230937
[delivery] Assignment: /Users/nghalinh2711/Development/student-repos/wt2526final02
[delivery] Assignment ID: wt2526final02
[delivery] Coding session: 20260725-230937-coding
[delivery] Requirements session: 20260725-230937-req
[delivery] Requirements log: /Users/nghalinh2711/Development/eval/programming/20260725-230937/requirements-output.log

[delivery] Phase A: Requirements

[delivery:requirements] Exercise stream: 8 turns for wt2526final02 (starting at turn 1)
[delivery:requirements] Output log: /Users/nghalinh2711/Development/eval/programming/20260725-230937/requirements-output.log
[delivery:requirements] Turn 1/8: Introduction
● [adaptive-context] GET http://localhost:4444/api/agents/7af7809a-adce-4fa9-9609-fd61059de0ff/sessi
  ons/20260725-230937-req/context?input=Ich+arbeite+an+einer+Abschluss-Programmieraufgabe.+Ich+werde
  +dir+die+Aufgabe+im+Folgenden+abschnittsweise+%C3%BCbermitteln.+Lies+sie+dir+durch+und+verschaffe+
  dir+zun%C3%A4chst+einen+%C3%9Cberblick+%C3%BCber+den+Kontext%2C+bevor+der+Backlog-+und+Task-Erstel
  lung.+Achte+dabei+unbedingt+auf+die+vorgegebenen+Regeln+und+Richtlinien.&project=ProgrammingWT2526
  -Final2&role=requirements&task=Understand+the+wt2526final02+and+create+its+backlog+when+prompted.&
  timestamp=2026-07-25T21%3A11%3A25.995Z&domain=wt2526final02

● Injected adaptive memory context into system prompt

● <adaptive_rules>
  - Alle Befehle werden auf dem aktuellen Programmzustand ausgeführt; nach Abarbeitung wartet das
  Programm auf weitere Eingaben.
  - Ausgaben müssen exakt den Vorgaben entsprechen (Groß-/Kleinschreibung, Leerzeichen,
  Zeilenumbrüche).
  - Das Dokument verlangt das erfolgreiche Bestehen verpflichtender Tests; Verletzung führt zur
  automatischen Bewertung mit null Punkten.
  - Das Programm darf keine zusätzlichen Informationen ausgeben; nur die in der Aufgabenstellung
  angegebenen Informationen sind erlaubt.
  - Das Programm muss über gewöhnliche Kontrollflussmechanismen beendet werden;
  System.exit()/Runtime.exit() dürfen dafür nicht verwendet werden.
  - Der Quellcode muss fehlerfrei kompilieren.
  - Die Abgabe erfolgt online als einzelne Arbeit: *.java-Dateien mit entsprechender Ordnerstruktur
  im zugehörigen Verzeichnis einreichen.
  - Die Bearbeitung muss ausschließlich Java SE 21 verwenden.
  - Die Einhaltung des bereitgestellten Satzes von Checkstyle-Regeln ist verpflichtend; Verstöße
  können automatisch bewertet werden.
  - Die in Beispielinteraktionen verwendete führende Zeichenfolge "> " (größer-als und Leerzeichen)
  ist nicht Teil der Eingabezeile.
  - Fehlermeldungen dürfen keine Sonderzeichen wie Zeilenumbrüche oder Umlaute enthalten.
  - Fehlermeldungen dürfen optional über System.err ausgegeben werden.
  - Fehlermeldungen können in englischer Sprache frei gewählt werden, sollten aber
  sinnvoll/erklärend sein.
  - Für Ausgaben ist immer die Standardausgabe System.out zu verwenden.
  - Für Eingaben ist immer die Standardeingabe System.in zu verwenden.
  - Jede Fehlermeldung muss mit "Error," beginnen.
  - Nach Ausgabe einer Fehlermeldung soll das Programm fortfahren und auf die nächste Eingabe
  warten.
  - Nur java.util.Scanner und Klassen aus den explizit aufgelisteten Paketen dürfen verwendet
  werden.
  - Standard-Ein- und -Ausgabeströme dürfen nicht neu zugewiesen werden.
  - Verpflichtende Tests müssen zuerst bestanden werden, bevor andere Tests ausgewertet werden.
  - Wörter in spitzen Klammern (`<` und `>`) sind Platzhalter und dürfen nicht Teil der
  tatsächlichen Ein-/Ausgabe sein.
  - Beim `plan`-Befehl muss die Endzeit nach der Startzeit liegen.
  - Der `plan`-Befehl darf nur ausgeführt werden, wenn momentan keine Route läuft.
  - Der `plan`-Befehl erfordert, dass ein Skigebiet geladen ist.
  - Der `plan`-Befehl erfordert, dass Ziel (goal) und Können (skill) festgesetzt wurden.
  - Findet `plan` keine Route, weil alle Lifte in der Zeitspanne geschlossen sind, muss ein Fehler
  ausgegeben werden.
  - Die Online-Einreichungsprüfung markiert speziell verpflichtende Checkstyle-Regeln; deren
  Verletzung führt zur Abgabe mit null Punkten.
  - Wird die Route während der Fahrt neu berechnet, so ist die Startzeit der Route die aktuelle Zeit
   und der Startpunkt die aktuelle Position des Skifahrers.
  - Beim Validieren in `load area` muss geprüft werden, dass alle Bezeichner eindeutig sind.
  - Beim Validieren in `load area` muss geprüft werden, dass das Skigebiet zusammenhängend ist.
  - Beim Validieren in `load area` muss geprüft werden, dass mindestens eine Talstation und
  mindestens eine Piste vorhanden sind.
  - Die Summen der Präferenzwerte beider Routen werden verglichen; gewählt wird die Route mit dem
  höheren Gesamtwert.
  - Bei Übereinstimmung mit einer positiven Präferenz wird +1, bei Übereinstimmung mit einer
  negativen Präferenz −1 vergeben.
  - Bei Gleichstand wird die Route gewählt, deren Bezeichner lexikografisch vor den Bezeichnern der
  anderen liegt.
  - Es dürfen keine reflexiven Verbindungen existieren (kein Knoten darf mit sich selbst verbunden
  sein).
  </adaptive_rules>

  <knowledge>
    - Die Befehle `set skill`, `set goal`, `like`, `dislike` und `reset preferences` können auch
  nach Planung oder Beginn einer Route benutzt werden und lösen eine dynamische Neuberechnung der
  Route aus.
    - `alternative` gibt `avoided <id>` aus oder `no alternative found`, falls keine Alternative
  vorhanden ist.
  </knowledge>
  <entity_paths>
    - Implementierungsrichtlinien — Abschlussaufgabe 2 (WS 2025/26) USES Java SE 21: Die Bearbeitung
   muss ausschließlich Java SE 21 verwenden.
    - Implementierungsrichtlinien — Abschlussaufgabe 2 (WS 2025/26) CONSTRAINT Erlaubte
  Java-Bibliothekselemente: Nur java.util.Scanner und Klassen aus den explizit aufgelisteten Paketen
   dürfen verwendet werden.
    - Implementierungsrichtlinien — Abschlussaufgabe 2 (WS 2025/26) CONSTRAINT Checkstyle-Regeln:
  Die Einhaltung des bereitgestellten Satzes von Checkstyle-Regeln ist verpflichtend; Verstöße
  können automatisch bewertet werden.
    - Implementierungsrichtlinien — Abschlussaufgabe 2 (WS 2025/26) CONSTRAINT System.in: Für
  Eingaben ist immer die Standardeingabe System.in zu verwenden.
    - Implementierungsrichtlinien — Abschlussaufgabe 2 (WS 2025/26) CONSTRAINT System.out: Für
  Ausgaben ist immer die Standardausgabe System.out zu verwenden.
    - Implementierungsrichtlinien — Abschlussaufgabe 2 (WS 2025/26) CONSTRAINT System.err optional
  für Fehlermeldungen: Fehlermeldungen dürfen optional über System.err ausgegeben werden.
    - Implementierungsrichtlinien — Abschlussaufgabe 2 (WS 2025/26) CONSTRAINT Standardströme nicht
  neu zuweisen: Standard-Ein- und -Ausgabeströme dürfen nicht neu zugewiesen werden.
    - Implementierungsrichtlinien — Abschlussaufgabe 2 (WS 2025/26) CONSTRAINT Fehlermeldungen
  beginnen mit 'Error,': Jede Fehlermeldung muss mit "Error," beginnen.
    - Implementierungsrichtlinien — Abschlussaufgabe 2 (WS 2025/26) CONSTRAINT Fehlermeldungen ohne
  Sonderzeichen: Fehlermeldungen dürfen keine Sonderzeichen wie Zeilenumbrüche oder Umlaute
  enthalten.
    - Implementierungsrichtlinien — Abschlussaufgabe 2 (WS 2025/26) CONSTRAINT Fehlermeldungen in
  Englisch erlaubt: Fehlermeldungen können in englischer Sprache frei gewählt werden, sollten aber
  sinnvoll/erklärend sein.
    - Implementierungsrichtlinien — Abschlussaufgabe 2 (WS 2025/26) CONSTRAINT Programm läuft nach
  Fehlermeldung weiter: Nach Ausgabe einer Fehlermeldung soll das Programm fortfahren und auf die
  nächste Eingabe warten.
    - Implementierungsrichtlinien — Abschlussaufgabe 2 (WS 2025/26) CONSTRAINT Exakte
  Ausgabeformate: Ausgaben müssen exakt den Vorgaben entsprechen (Groß-/Kleinschreibung,
  Leerzeichen, Zeilenumbrüche).
    - Implementierungsrichtlinien — Abschlussaufgabe 2 (WS 2025/26) CONSTRAINT Keine zusätzlichen
  Ausgaben: Das Programm darf keine zusätzlichen Informationen ausgeben; nur die in der
  Aufgabenstellung angegebenen Informationen sind erlaubt.
    - Implementierungsrichtlinien — Abschlussaufgabe 2 (WS 2025/26) CONSTRAINT Interaktive
  Befehlsverarbeitung: Alle Befehle werden auf dem aktuellen Programmzustand ausgeführt; nach
  Abarbeitung wartet das Programm auf weitere Eingaben.
    - Implementierungsrichtlinien — Abschlussaufgabe 2 (WS 2025/26) CONSTRAINT Platzhalter in
  spitzen Klammern sind nicht Teil der Ein-/Ausgabe: Wörter in spitzen Klammern (`<` und `>`) sind
  Platzhalter und dürfen nicht Teil der tatsächlichen Ein-/Ausgabe sein.
    - Implementierungsrichtlinien — Abschlussaufgabe 2 (WS 2025/26) CONSTRAINT Beispielprompt '>'
  ist nicht Teil der Eingabe: Die in Beispielinteraktionen verwendete führende Zeichenfolge "> "
  (größer-als und Leerzeichen) ist nicht Teil der Eingabezeile.
    - Implementierungsrichtlinien — Abschlussaufgabe 2 (WS 2025/26) CONSTRAINT Beenden über
  Kontrollfluss statt System.exit: Das Programm muss über gewöhnliche Kontrollflussmechanismen
  beendet werden; System.exit()/Runtime.exit() dürfen dafür nicht verwendet werden.
    - Implementierungsrichtlinien — Abschlussaufgabe 2 (WS 2025/26) CONSTRAINT Abgabe von
  *.java-Dateien in Einzelarbeit mit Ordnerstruktur: Die Abgabe erfolgt online als einzelne Arbeit:
  *.java-Dateien mit entsprechender Ordnerstruktur im zugehörigen Verzeichnis einreichen.
    - Implementierungsrichtlinien — Abschlussaufgabe 2 (WS 2025/26) CONSTRAINT Fehlerfrei
  kompilierender Programmcode: Der Quellcode muss fehlerfrei kompilieren.
    - Implementierungsrichtlinien — Abschlussaufgabe 2 (WS 2025/26) CONSTRAINT Reihenfolge der
  Testauswertung: Verpflichtende Tests müssen zuerst bestanden werden, bevor andere Tests
  ausgewertet werden.
  </entity_paths>
  <entity_matches>
    - Implementierungsrichtlinien — Abschlussaufgabe 2 (WS 2025/26) (score: 0.78) — Verpflichtende
  Richtlinien für die Bearbeitung der Abschlussaufgabe 2
    - Abgabe von *.java-Dateien in Einzelarbeit mit Ordnerstruktur (score: 0.73) —
  Einreichungsanforderung
    - Checkstyle-Regeln (score: 0.73) — vom Kurs bereitgestellte statische Code-Regeln
    - Programm läuft nach Fehlermeldung weiter (score: 0.72) — keine Terminierung nach
  Fehlermeldung; Interaktion fortsetzen
    - Interaktive Befehlsverarbeitung (score: 0.72) — Befehle ändern Zustand; Programm bleibt
  interaktiv
  </entity_matches>

● adaptive-memory extension active (role=requirements, memorySession=20260725-230937-req) - type
  /memory-help. MCP tools registered (memory=true, backlog=true).







Changes    +0 -0
Duration   14s
Tokens     ↑ 21.9k (1.3k cached) • ↓ 564 (431 reasoning)
[delivery:requirements] Turn 1/8 complete
[delivery:requirements] Turn 2/8: task.md — segment 1/6 — Abschlussaufgabe 2 — Skiroutenplaner
● [adaptive-context] GET
  http://localhost:4444/api/agents/7af7809a-adce-4fa9-9609-fd61059de0ff/sessions/20260725-230937-req
  /context?input=Dokument%3A+task.md%0ASegment%3A+1%2F6%0AAbschnitt%3A+Abschlussaufgabe+2+%E2%80%94+
  Skiroutenplaner%0A%0ALies+diesen+Abschnitt+sorgf%C3%A4ltig+und+behalte+den+Kontext.+Erstelle+noch+
  keinen+Backlog+und+noch+keine+Tasks.+Warte+damit+bis+zum+abschlie%C3%9Fenden+%2Ffinalize.%0A%0A%23
  +Abschlussaufgabe+2+%E2%80%94+Skiroutenplaner%0A%0A**Vorlesung%3A**+Programmieren%0A**Semester%3A*
  *+Wintersemester+2025%2F26%0A**Dozent%3A**+Prof.+Dr.-Ing.+Anne+Koziolek%0A**Gruppe%3A**+Institute+
  of+Information+Security+and+Dependability+%28KASTEL%29%0A**Punkte%3A**+20+Punkte%0A**Version%3A**+
  1.1&project=ProgrammingWT2526-Final2&role=requirements&task=Understand+the+wt2526final02+and+creat
  e+its+backlog+when+prompted.&timestamp=2026-07-25T21%3A11%3A43.241Z&domain=wt2526final02

● Injected adaptive memory context into system prompt

● <adaptive_rules>
  - Beim Validieren in `load area` muss geprüft werden, dass alle Bezeichner eindeutig sind.
  - Beim Validieren in `load area` muss geprüft werden, dass das Skigebiet zusammenhängend ist.
  - Beim Validieren in `load area` muss geprüft werden, dass mindestens eine Talstation und
  mindestens eine Piste vorhanden sind.
  - Beim `plan`-Befehl muss die Endzeit nach der Startzeit liegen.
  - Der `plan`-Befehl darf nur ausgeführt werden, wenn momentan keine Route läuft.
  - Der `plan`-Befehl erfordert, dass ein Skigebiet geladen ist.
  - Der `plan`-Befehl erfordert, dass Ziel (goal) und Können (skill) festgesetzt wurden.
  - Findet `plan` keine Route, weil alle Lifte in der Zeitspanne geschlossen sind, muss ein Fehler
  ausgegeben werden.
  - Alle Befehle werden auf dem aktuellen Programmzustand ausgeführt; nach Abarbeitung wartet das
  Programm auf weitere Eingaben.
  - Ausgaben müssen exakt den Vorgaben entsprechen (Groß-/Kleinschreibung, Leerzeichen,
  Zeilenumbrüche).
  - Das Dokument verlangt das erfolgreiche Bestehen verpflichtender Tests; Verletzung führt zur
  automatischen Bewertung mit null Punkten.
  - Das Programm darf keine zusätzlichen Informationen ausgeben; nur die in der Aufgabenstellung
  angegebenen Informationen sind erlaubt.
  - Das Programm muss über gewöhnliche Kontrollflussmechanismen beendet werden;
  System.exit()/Runtime.exit() dürfen dafür nicht verwendet werden.
  - Der Quellcode muss fehlerfrei kompilieren.
  - Die Abgabe erfolgt online als einzelne Arbeit: *.java-Dateien mit entsprechender Ordnerstruktur
  im zugehörigen Verzeichnis einreichen.
  - Die Bearbeitung muss ausschließlich Java SE 21 verwenden.
  - Die Einhaltung des bereitgestellten Satzes von Checkstyle-Regeln ist verpflichtend; Verstöße
  können automatisch bewertet werden.
  - Die in Beispielinteraktionen verwendete führende Zeichenfolge "> " (größer-als und Leerzeichen)
  ist nicht Teil der Eingabezeile.
  - Fehlermeldungen dürfen keine Sonderzeichen wie Zeilenumbrüche oder Umlaute enthalten.
  - Fehlermeldungen dürfen optional über System.err ausgegeben werden.
  - Fehlermeldungen können in englischer Sprache frei gewählt werden, sollten aber
  sinnvoll/erklärend sein.
  - Für Ausgaben ist immer die Standardausgabe System.out zu verwenden.
  - Für Eingaben ist immer die Standardeingabe System.in zu verwenden.
  - Jede Fehlermeldung muss mit "Error," beginnen.
  - Nach Ausgabe einer Fehlermeldung soll das Programm fortfahren und auf die nächste Eingabe
  warten.
  - Nur java.util.Scanner und Klassen aus den explizit aufgelisteten Paketen dürfen verwendet
  werden.
  - Standard-Ein- und -Ausgabeströme dürfen nicht neu zugewiesen werden.
  - Verpflichtende Tests müssen zuerst bestanden werden, bevor andere Tests ausgewertet werden.
  - Wörter in spitzen Klammern (`<` und `>`) sind Platzhalter und dürfen nicht Teil der
  tatsächlichen Ein-/Ausgabe sein.
  - Die Online-Einreichungsprüfung markiert speziell verpflichtende Checkstyle-Regeln; deren
  Verletzung führt zur Abgabe mit null Punkten.
  - Die Summen der Präferenzwerte beider Routen werden verglichen; gewählt wird die Route mit dem
  höheren Gesamtwert.
  - Bei Gleichstand wird die Route gewählt, deren Bezeichner lexikografisch vor den Bezeichnern der
  anderen liegt.
  - Wird die Route während der Fahrt neu berechnet, so ist die Startzeit der Route die aktuelle Zeit
   und der Startpunkt die aktuelle Position des Skifahrers.
  - Es dürfen keine reflexiven Verbindungen existieren (kein Knoten darf mit sich selbst verbunden
  sein).
  - Bei Übereinstimmung mit einer positiven Präferenz wird +1, bei Übereinstimmung mit einer
  negativen Präferenz −1 vergeben.
  - Ein Gebiet muss mindestens einen Lift (Talstation) und mindestens eine Piste enthalten.
  - Ein Skigebiet ist ein zusammenhängender gerichteter Graph aus Liften und Pisten.
  </adaptive_rules>

  <knowledge>
    - Die Befehle `set skill`, `set goal`, `like`, `dislike` und `reset preferences` können auch
  nach Planung oder Beginn einer Route benutzt werden und lösen eine dynamische Neuberechnung der
  Route aus.
    - `alternative` gibt `avoided <id>` aus oder `no alternative found`, falls keine Alternative
  vorhanden ist.
    - Das Programm darf zur Beendigung nicht `System.exit()`, `Runtime.exit()` oder dergleichen
  verwenden; es muss regulär über Kontrollfluss beendet werden.
  </knowledge>
  <entity_paths>
    - Implementierungsrichtlinien — Abschlussaufgabe 2 (WS 2025/26) USES Java SE 21: Die Bearbeitung
   muss ausschließlich Java SE 21 verwenden.
    - Implementierungsrichtlinien — Abschlussaufgabe 2 (WS 2025/26) CONSTRAINT Erlaubte
  Java-Bibliothekselemente: Nur java.util.Scanner und Klassen aus den explizit aufgelisteten Paketen
   dürfen verwendet werden.
    - Implementierungsrichtlinien — Abschlussaufgabe 2 (WS 2025/26) CONSTRAINT Checkstyle-Regeln:
  Die Einhaltung des bereitgestellten Satzes von Checkstyle-Regeln ist verpflichtend; Verstöße
  können automatisch bewertet werden.
    - Implementierungsrichtlinien — Abschlussaufgabe 2 (WS 2025/26) CONSTRAINT System.in: Für
  Eingaben ist immer die Standardeingabe System.in zu verwenden.
    - Implementierungsrichtlinien — Abschlussaufgabe 2 (WS 2025/26) CONSTRAINT System.out: Für
  Ausgaben ist immer die Standardausgabe System.out zu verwenden.
    - Implementierungsrichtlinien — Abschlussaufgabe 2 (WS 2025/26) CONSTRAINT System.err optional
  für Fehlermeldungen: Fehlermeldungen dürfen optional über System.err ausgegeben werden.
    - Implementierungsrichtlinien — Abschlussaufgabe 2 (WS 2025/26) CONSTRAINT Standardströme nicht
  neu zuweisen: Standard-Ein- und -Ausgabeströme dürfen nicht neu zugewiesen werden.
    - Implementierungsrichtlinien — Abschlussaufgabe 2 (WS 2025/26) CONSTRAINT Fehlermeldungen
  beginnen mit 'Error,': Jede Fehlermeldung muss mit "Error," beginnen.
    - Implementierungsrichtlinien — Abschlussaufgabe 2 (WS 2025/26) CONSTRAINT Fehlermeldungen ohne
  Sonderzeichen: Fehlermeldungen dürfen keine Sonderzeichen wie Zeilenumbrüche oder Umlaute
  enthalten.
    - Implementierungsrichtlinien — Abschlussaufgabe 2 (WS 2025/26) CONSTRAINT Fehlermeldungen in
  Englisch erlaubt: Fehlermeldungen können in englischer Sprache frei gewählt werden, sollten aber
  sinnvoll/erklärend sein.
    - Implementierungsrichtlinien — Abschlussaufgabe 2 (WS 2025/26) CONSTRAINT Programm läuft nach
  Fehlermeldung weiter: Nach Ausgabe einer Fehlermeldung soll das Programm fortfahren und auf die
  nächste Eingabe warten.
    - Implementierungsrichtlinien — Abschlussaufgabe 2 (WS 2025/26) CONSTRAINT Exakte
  Ausgabeformate: Ausgaben müssen exakt den Vorgaben entsprechen (Groß-/Kleinschreibung,
  Leerzeichen, Zeilenumbrüche).
    - Implementierungsrichtlinien — Abschlussaufgabe 2 (WS 2025/26) CONSTRAINT Keine zusätzlichen
  Ausgaben: Das Programm darf keine zusätzlichen Informationen ausgeben; nur die in der
  Aufgabenstellung angegebenen Informationen sind erlaubt.
    - Implementierungsrichtlinien — Abschlussaufgabe 2 (WS 2025/26) CONSTRAINT Interaktive
  Befehlsverarbeitung: Alle Befehle werden auf dem aktuellen Programmzustand ausgeführt; nach
  Abarbeitung wartet das Programm auf weitere Eingaben.
    - Implementierungsrichtlinien — Abschlussaufgabe 2 (WS 2025/26) CONSTRAINT Platzhalter in
  spitzen Klammern sind nicht Teil der Ein-/Ausgabe: Wörter in spitzen Klammern (`<` und `>`) sind
  Platzhalter und dürfen nicht Teil der tatsächlichen Ein-/Ausgabe sein.
    - Implementierungsrichtlinien — Abschlussaufgabe 2 (WS 2025/26) CONSTRAINT Beispielprompt '>'
  ist nicht Teil der Eingabe: Die in Beispielinteraktionen verwendete führende Zeichenfolge "> "
  (größer-als und Leerzeichen) ist nicht Teil der Eingabezeile.
    - Implementierungsrichtlinien — Abschlussaufgabe 2 (WS 2025/26) CONSTRAINT Beenden über
  Kontrollfluss statt System.exit: Das Programm muss über gewöhnliche Kontrollflussmechanismen
  beendet werden; System.exit()/Runtime.exit() dürfen dafür nicht verwendet werden.
    - Implementierungsrichtlinien — Abschlussaufgabe 2 (WS 2025/26) CONSTRAINT Abgabe von
  *.java-Dateien in Einzelarbeit mit Ordnerstruktur: Die Abgabe erfolgt online als einzelne Arbeit:
  *.java-Dateien mit entsprechender Ordnerstruktur im zugehörigen Verzeichnis einreichen.
    - Implementierungsrichtlinien — Abschlussaufgabe 2 (WS 2025/26) CONSTRAINT Fehlerfrei
  kompilierender Programmcode: Der Quellcode muss fehlerfrei kompilieren.
    - Implementierungsrichtlinien — Abschlussaufgabe 2 (WS 2025/26) CONSTRAINT Reihenfolge der
  Testauswertung: Verpflichtende Tests müssen zuerst bestanden werden, bevor andere Tests
  ausgewertet werden.
  </entity_paths>
  <entity_matches>
    - Implementierungsrichtlinien — Abschlussaufgabe 2 (WS 2025/26) (score: 0.75) — Verpflichtende
  Richtlinien für die Bearbeitung der Abschlussaufgabe 2
    - Ausgabe nächster Bezeichner oder `route finished!` (score: 0.73) — Verhalten bei nächstem
  Schritt oder Ende
    - plan (command) (score: 0.72) — Befehl zur Routenplanung
    - Checkstyle-Regeln (score: 0.71) — vom Kurs bereitgestellte statische Code-Regeln
    - Program (score: 0.70) — Die ausführbare Anwendung
  </entity_matches>

● adaptive-memory extension active (role=requirements, memorySession=20260725-230937-req) - type
  /memory-help. MCP tools registered (memory=true, backlog=true).







Changes    +0 -0
Duration   25s
Tokens     ↑ 22.3k (1.3k cached) • ↓ 323 (109 reasoning)
[delivery:requirements] Turn 2/8 complete
[delivery:requirements] Turn 3/8: task.md — segment 2/6 — Abschlussaufgabe 2 — Skiroutenplaner > Einführung
● [adaptive-context] GET
  http://localhost:4444/api/agents/7af7809a-adce-4fa9-9609-fd61059de0ff/sessions/20260725-230937-req
  /context?input=Dokument%3A+task.md%0ASegment%3A+2%2F6%0AAbschnitt%3A+Abschlussaufgabe+2+%E2%80%94+
  Skiroutenplaner+%3E+Einf%C3%BChrung%0A%0ALies+diesen+Abschnitt+sorgf%C3%A4ltig+und+behalte+den+Kon
  text.+Erstelle+noch+keinen+Backlog+und+noch+keine+Tasks.+Warte+damit+bis+zum+abschlie%C3%9Fenden+%
  2Ffinalize.%0A%0A%23%23+Einf%C3%BChrung%0A%0AIn+dieser+Aufgabe+implementieren+Sie+ein+System+zum+P
  lanen+eines+Skitages.+Basierend+auf+Liften%2C+Pisten+und+den+K%C3%B6nnen+und+Pr%C3%A4ferenzen+des+
  Nutzers+soll+es+den+ideale+Folge+von+Liften+und+Pisten+bestimmen%2C+so+dass+eine+optimale+und+zeit
  lich+machbare+Route+vorgeschlagen+wird.%0A%0AIm+Folgenden+werden+zun%C3%A4chst+die+vorkommenden+Ko
  nzepte+kurz+erkl%C3%A4rt.+Im+Anschluss+werden+die+geforderten+Befehle%2C+die+das+von+Ihnen+impleme
  ntierte+System+unterst%C3%BCtzen+soll%2C+mit+beispielhaften+Ein-+und+Ausgaben+beschrieben.&project
  =ProgrammingWT2526-Final2&role=requirements&task=Understand+the+wt2526final02+and+create+its+backl
  og+when+prompted.&timestamp=2026-07-25T21%3A11%3A54.077Z&domain=wt2526final02

● adaptive-memory extension active (role=requirements, memorySession=20260725-230937-req) - type
  /memory-help. MCP tools registered (memory=true, backlog=true).







Changes    +0 -0
Duration   41s
Tokens     ↑ 20.3k (1.3k cached) • ↓ 254 (115 reasoning)
[delivery:requirements] Turn 3/8 complete
[delivery:requirements] Turn 4/8: task.md — segment 3/6 — Abschlussaufgabe 2 — Skiroutenplaner > 1 Konzepte
● [adaptive-context] GET http://localhost:4444/api/agents/7af7809a-adce-4fa9-9609-fd61059de0ff/sessi
  ons/20260725-230937-req/context?input=Dokument%3A+task.md%0ASegment%3A+3%2F6%0AAbschnitt%3A+Abschl
  ussaufgabe+2+%E2%80%94+Skiroutenplaner+%3E+1+Konzepte%0A%0ALies+diesen+Abschnitt+sorgf%C3%A4ltig+u
  nd+behalte+den+Kontext.+Erstelle+noch+keinen+Backlog+und+noch+keine+Tasks.+Warte+damit+bis+zum+abs
  chlie%C3%9Fenden+%2Ffinalize.%0A%0A%23%23+1+Konzepte%0A%0AIm+Folgenden+werden+alle+f%C3%BCr+diese+
  Aufgabe+relevanten+Konzepte+anhand+eines+Beispiel+Skigebiets%2C+dargestellt+im+Beispiel-Skigebiet+
  %28siehe+%60listings%2FexampleSkiArea.png%60%2C+Beispiel+Skiegebiet+mit+2+Liften+und+3+Pisten%29%2
  C+erl%C3%A4utert.%0A%0A%23%23%23+1.1+Skigebiet%0A%0AEin+Skigebiet+ist+ein+zusammenh%C3%A4ngender+g
  erichteter+Graph%2C+der+aus+Liften+und+Pisten+besteht.+Ein+Gebiet+enth%C3%A4lt+mindestens+einen+Li
  ft+%28Talstation%29+und+mindestens+eine+Piste.%0AJeder+Lift+und+jede+Piste+ist+mit+*1+..+n*+Liften
  +und+Pisten+verbunden.+Es+k%C3%B6nnen+also+Lifte+auf+Lifte+und+Pisten+und+Pisten+folgen%2C+sowie+j
  egliche+Kombination+aus+diesen.+Es+darf+keine+reflexiven+Verbindungen+geben%2C+also+kann+ein+Lift%
  2C+oder+eine+Piste+nicht+mit+sich+selbst+verbunden+sein.+Es+darf+symmetrische+Verbindungen+nur+zwi
  schen+Liften+und+Pisten+geben.%0A%0A%23%23%23%23+Lifte%0A%0ALifte+haben+einen+eindeutigen+Bezeichn
  er+und+k%C3%B6nnen+entweder+Gondeln+oder+Sessellifte+sein.+Sie+haben+einen+Startzeit+und+eine+Endz
  eit%2C+zwischen+denen+diese+fahren.+Dar%C3%BCber+hinaus+gibt+es+f%C3%BCr+jeden+Lift+eine+Fahrtdaue
  r+und+eine+Anstehzeit%2C+beides+angegeben+in+Minuten.+Ein+Lift+kann+nur+dann+genommen+werden%2C+we
  nn+Startzeit+%E2%89%A4+%28aktuelle+Zeit+%2B+Anstehzeit%29+%E2%89%A4+Endzeit+gilt.+Sollte+sie+also+
  vor+Start+des+Liftes+dort+sein%2C+m%C3%BCssen+sie+extra+warten%2C+sollten+sie+nach+Ende+des+Liftes
  +dort+sein%2C+k%C3%B6nnen+sie+ihn+**nicht**+verwenden.+Eine+besondere+Art+von+Liften+sind+Talstati
  onen%2C+an+denen+das+Skigebiet+betreten+und+verlassen+werden+kann.+Jedes+Skigebiet+verf%C3%BCgt+%C
  3%BCber+mindestens+eine+Talstation.+Im+Beispiel-Skigebiet+sind+Liften+mit+kantigen+Boxen+dargestel
  lt%2C+wobei+Talstation+eine+doppelte+Linie+haben.+Beispielsweise+ist+%60LiftA%60+eine+Talstation+m
  it+Gondel%2C+die+zwischen+8%3A00+Uhr+und+16%3A00+Uhr+f%C3%A4hrt%2C+wobei+die+Fahrt+10+Minuten+daue
  rt+und+die+Anstehzeit+2+Minuten+betr%C3%A4gt.%0A%0A%23%23%23%23+Pisten%0A%0APisten+haben+einen+ein
  deutigen+Bezeichner+und+sind+im+Beispiel-Skigebiet+mit+abgerundeten+Boxen+dargestellt.+Pisten+habe
  n+eine+Schwierigkeit+%28Blau%2C+Rot%2C+Schwarz%29+und+eine+Oberfl%C3%A4che+%28Normal%2C+Eisig%2C+B
  uckelig%29.+Dar%C3%BCber+hinaus+hat+jede+Piste+eine+L%C3%A4nge+in+Metern+und+eine+Anzahl+an+H%C3%B
  6henmeter%2C+die+zwischen+Start+und+Ende+der+Piste+%C3%BCberwunden+werden.+Beispielsweise+ist+%60P
  iste1%60+eine+blaue+Piste+mit+eisiger+Fl%C3%A4che%2C+die+2000+Meter+lang+ist+und+zwischen+Start+un
  d+Ende+500+H%C3%B6henmeter+liegen.%0A%0A%23%23%23%23+Grammatik%0A%0AWir+definieren+die+Skigebiete+
  in+einer+*Mermaid*-Syntax+%28%3Chttps%3A%2F%2Fmermaid.live%3E%29%2C+so+dass+diese+Online+visualisi
  ert+werden+k%C3%B6nnen.%0ADas+folgende+Beispiel+erzeugt+das+Beispiel-Skigebiet+%28siehe+%60listing
  s%2FexampleSkiArea.png%60%29.%0A%0ADatei+%60example_graph.txt%60%3A%0A%0A%60%60%60%0Agraph%0A++++L
  iftA%5B%5BLiftA%3Cbr%2F%3EGONDOLA%3B08%3A00%3B16%3A00%3B10%3B2%5D%5D%0A++++Piste1%28%5BPiste1%3Cbr
  %2F%3EBLUE%3BICY%3B2000%3B500%5D%29%0A++++LiftB%5BLiftB%3Cbr%2F%3ECHAIRLIFT%3B08%3A30%3B16%3A15%3B
  5%3B1%5D%0A++++Piste2%28%5BPiste2%3Cbr%2F%3ERED%3BBUMPY%3B2000%3B200%5D%29%0A++++Piste3%28%5BPiste
  3%3Cbr%2F%3EBLACK%3BREGULAR%3B2000%3B1000%5D%29%0A++++LiftA+--%3E+Piste1%0A++++Piste1+--%3E+LiftB%
  0A++++LiftB+--%3E+Piste2%0A++++LiftB+--%3E+Piste3%0A++++Piste2+--%3E+LiftB%0A++++Piste3+--%3E+Lift
  A%0A%60%60%60%0A%0ADas+Format+der+Skigebiets-Datei+ist+durch+folgende+BNF-Grammatik+%28Backus-Naur
  -Form%2C+siehe+z.B.+%3Chttp%3A%2F%2Fde.wikipedia.org%2Fwiki%2FBackus-Naur-Form%3E%29+gegeben.+Term
  inalsymbole+sind+im+%60Typewriter%60-Stil+geschrieben.+Abweichend+von+der+BNF+sind+die+Nichttermin
  alsymbole+*time*%2C+*integer*+sowie+*id*+jeweils+durch+einen+regul%C3%A4ren+Ausdruck+spezifiziert%
  2C+der+die+Menge+der+g%C3%BCltigen+Terminalsymbole+ausdr%C3%BCckt.%0A%0A**BNF-Grammatik+des+Skigeb
  iets**%0A%0A%60%60%60%0Aarea+%3A%3A%3D+%60graph%60+definitions+edges%0A%0Adefinitions+%3A%3A%3D+de
  finition+%28definitions+%7C+%CE%B5%29%0A%0Aedges+%3A%3A%3D+edge+%28edges+%7C+%CE%B5%29%0A%0Adefini
  tion+%3A%3A%3D+regularLiftDefinition+%7C+transitLiftDefinition+%7C+slopeDefinition%0A%0AregularLif
  tDefinition+%3A%3A%3D+id+%60%5B%60+id+%60%3Cbr%2F%3E%60+liftType+%60%3B%60+time+%60%3B%60+time+%60
  %3B%60+meter+%60%3B%60+meter+%60%5D%60%0A%0AtransitLiftDefinition+%3A%3A%3D+id+%60%5B%5B%60+id+%60
  %3Cbr%2F%3E%60+liftType+%60%3B%60+time+%60%3B%60+time+%60%3B%60+meter+%60%3B%60+meter+%60%5D%5D%60
  %0A%0AslopeDefinition+%3A%3A%3D+id+%60%28%5B%60+id+%60%3Cbr%2F%3E%60+difficulty+%60%3B%60+surface+
  %60%3B%60+meter+%60%3B%60+meter+%60%5D%29%60%0A%0Aedge+%3A%3A%3D+id+%60--%3E%60+id%0A%0AliftType+%
  3A%3A%3D+%60GONDOLA%60+%7C+%60CHAIRLIFT%60%0A%0Adifficulty+%3A%3A%3D+%60BLUE%60+%7C+%60RED%60+%7C+
  %60BLACK%60%0A%0Asurface+%3A%3A%3D+%60REGULAR%60+%7C+%60ICY%60+%7C+%60BUMPY%60%0A%0Atime+%3A%3A%3D
  +%60%5B0-9%5D%5B0-9%5D%3A%5B0-9%5D%5B0-9%5D%60%0A%0Ameter+%3A%3A%3D+%60%5B0-9%5D%2B%60%0A%0Aid+%3A
  %3A%3D+%60%5Ba-zA-Z0-9_%5D%2B%60%0A%60%60%60%0A%0A%23%23%23+1.2+Skifahrer%0A%0AEin+weitere+Zentral
  e+Rolle+f%C3%BCr+die+Routenplanung+spielen+der+Skifahrer+und+seine+Fertigkeiten%2C+Pr%C3%A4ferenze
  n+und+Tagesziele.+Diese+werden+im+Folgenden+erl%C3%A4utert.%0A%0A%23%23%23%23+Fertigkeiten%0A%0ADi
  e+Fertigkeiten+eines+Skifahrers+lassen+sich+in+die+Kategorien+Anf%C3%A4nger%2C+Fortgeschritten+und
  +Experte+unterteilen.+Anhand+dieser+Fertigkeit+und+den+Eigenschaft+einer+Piste+%28siehe+Abschnitt+
  **Pisten**%29+bestimmt+sich+die+Zeit%2C+die+ein+Skifahrer+f%C3%BCr+das+Bew%C3%A4ltigen+der+Piste+b
  raucht.%0A%0ASei+*L*+die+L%C3%A4nge+der+Piste+in+Metern%2C+*%CE%94h*+der+Unterschied+an+H%C3%B6hen
  metern%2C+*M*%3Csub%3Edifficulty%3C%2Fsub%3E+der+Schwierigkeitsmodifikator%2C+*M*%3Csub%3Esurface%
  3C%2Fsub%3E+der+Oberfl%C3%A4chenmodifikator%2C+*M*%3Csub%3Eskill%3C%2Fsub%3E+der+Fertigkeitsmodifi
  kator%2C+und+*r*+die+Steigung.%0A%0AHierbei+gilt%3A%0A%0A-+*M*%3Csub%3Edifficulty%3C%2Fsub%3E%3A%0
  A++-+1.00%2C+blue%0A++-+1.15%2C+red%0A++-+1.35%2C+black%0A-+*M*%3Csub%3Esurface%3C%2Fsub%3E%3A%0A+
  +-+1.00%2C+regular%0A++-+1.20%2C+bumpy%0A++-+1.30%2C+icy%0A-+*M*%3Csub%3Eskill%3C%2Fsub%3E%3A%0A++
  -+1.35%2C+beginner%0A++-+1.10%2C+intermediate%0A++-+0.90%2C+expert%0A-+*r*+%3D+*%CE%94h*+%2F+*L*%0
  A%0AZusammen+ergibt+sich+die+Zeit+*T*+in+Sekunden%2C+die+ein+Skifahren+f%C3%BCr+eine+Piste+braucht
  +wie+folgt%3A%0A%0A*T*+%3D+%E2%8C%88+%28*L*+%2F+8%29+%C2%B7+*M*%3Csub%3Edifficulty%3C%2Fsub%3E+%C2
  %B7+*M*%3Csub%3Esurface%3C%2Fsub%3E+%C2%B7+%281+%2B+2*r*%29+%C2%B7+*M*%3Csub%3Eskill%3C%2Fsub%3E+%
  E2%8C%89%0A%0A%23%23%23%23+Ziele%0A%0AEin+Skifahrer+w%C3%A4hlt+f%C3%BCr+seinen+Skitag+genau+**ein+
  Ziel**+sowie+ein+Zeitfenster+%5B*t*%3Csub%3Estart%3C%2Fsub%3E%2C+*t*%3Csub%3Eend%3C%2Fsub%3E%5D.%0
  AGesucht+ist+eine+g%C3%BCltige+Route+durch+das+Skigebiet%2C+die%0A%0A-+an+einer+Talstation+startet
  %2C%0A-+nur+zul%C3%A4ssige+Lifte+%28unter+Ber%C3%BCcksichtigung+von+%C3%96ffnungszeiten+und+Ansteh
  zeit%29+verwendet%2C%0A-+alle+Fahrzeiten+von+Liften+und+Pisten+korrekt+ber%C3%BCcksichtigt%2C%0A-+
  und+sp%C3%A4testens+zur+Zeit+*t*%3Csub%3Eend%3C%2Fsub%3E+wieder+an+einer+Talstation+endet.%0A%0AF%
  C3%BCr+die+Bewertung+einer+Route+werden+**ausschlie%C3%9Flich**+befahrene+Pisten+ber%C3%BCcksichti
  gt.%0AJe+nach+gew%C3%A4hltem+Ziel+ist+der+jeweilige+Nutzenwert+*U%28R%29*+zu+maximieren%3A%0A%0A-+
  **Maximale+H%C3%B6henmeter**%0A%0A++*U*%3Csub%3E%CE%94h%3C%2Fsub%3E%28*R*%29+%3D+%CE%A3%3Csub%3Es+
  %E2%88%88+S%28R%29%3C%2Fsub%3E+*%CE%94h%28s%29*%0A%0A-+**Maximale+Strecke**%0A%0A++*U*%3Csub%3EL%3
  C%2Fsub%3E%28*R*%29+%3D+%CE%A3%3Csub%3Es+%E2%88%88+S%28R%29%3C%2Fsub%3E+*L%28s%29*%0A%0A-+**Maxima
  le+Anzahl+an+Pistenfahrten**%0A%0A++*U*%3Csub%3E%23%3C%2Fsub%3E%28*R*%29+%3D+%7C*S%28R%29*%7C%0A%0
  A-+**Maximale+Anzahl+unterschiedlicher+Pisten**%0A%0A++*U*%3Csub%3Eunique%3C%2Fsub%3E%28*R*%29+%3D
  +%7C%7B+*s*+%7C+*s*+%E2%88%88+*S%28R%29*+%7D%7C%0A%0ADabei+bezeichnet+*S%28R%29*+die+Folge+aller+i
  n+der+Route+*R*+befahrenen+Pisten.%0AMehrfaches+Befahren+einer+Piste+erh%C3%B6ht+den+Nutzen+bei+*U
  *%3Csub%3E%CE%94h%3C%2Fsub%3E%2C+*U*%3Csub%3EL%3C%2Fsub%3E+und+*U*%3Csub%3E%23%3C%2Fsub%3E+entspre
  chend+mehrfach.+Beim+Ziel+*U*%3Csub%3Eunique%3C%2Fsub%3E+tr%C3%A4gt+eine+Piste+genau+dann+zum+Nutz
  en+bei%2C+wenn+sie+mindestens+einmal+befahren+wurde%3B+die+Anzahl+ihrer+Befahrungen+ist+dabei+uner
  heblich.%0A%0A*Hinweis%3A*+Die+Problemstellung+entspricht+einer+Routenoptimierung+in+einem+gericht
  eten+Graphen+mit+Zeitrestriktion.+Geeignete+L%C3%B6sungsstrategien+aus+dem+Bereich+der+Pfad-+und+G
  raphalgorithmen+k%C3%B6nnen+hierf%C3%BCr+angepasst+werden.%0A%0A%23%23%23%23+Pr%C3%A4ferenzen%0A%0
  AEin+Skifahrer+kann+sowohl+Vorlieben+als+auch+Abneigungen+hinsichtlich+der+Schwierigkeit+und+der+O
  berfl%C3%A4chenbeschaffenheit+von+Pisten+haben.+Beispielsweise+kann+ein+Skifahrer+schwarze+Pisten+
  bevorzugen%2C+jedoch+eisige+Oberfl%C3%A4chen+meiden.%0A%0ADiese+Pr%C3%A4ferenzen+werden+in+dieser+
  Aufgabe+verwendet%2C+um+Gleichst%C3%A4nde+bei+der+Routenwahl+aufzul%C3%B6sen.+Wenn+bei+der+Erstell
  ung+einer+Route+zwei+Pisten+f%C3%BCr+das+gew%C3%A4hlte+Ziel+gleicherma%C3%9Fen+infrage+kommen%2C+w
  ird+jene+Piste+ausgew%C3%A4hlt%2C+die+den+Pr%C3%A4ferenzen+des+Fahrers+st%C3%A4rker+entspricht.%0A
  %0AF%C3%BCr+jede+%C3%9Cbereinstimmung+mit+einer+positiven+Pr%C3%A4ferenz+wird+ein+Wert+von+%2B1+ve
  rgeben%2C+f%C3%BCr+jede+%C3%9Cbereinstimmung+mit+einer+negativen+Pr%C3%A4ferenz+ein+Wert+von+%E2%8
  8%921.+Die+Summe+dieser+Werte+wird+f%C3%BCr+beide+Routen+berechnet+und+miteinander+verglichen.+Gew
  %C3%A4hlt+wird+die+Route+mit+dem+h%C3%B6heren+Gesamtwert.%0A%0ABesteht+weiterhin+Gleichstand%2C+so
  +wird+die+Route+ausgew%C3%A4hlt%2C+deren+Bezeichner+lexikografisch+vor+den+Bezeichnern+der+anderen
  +liegt.&project=ProgrammingWT2526-Final2&role=requirements&task=Understand+the+wt2526final02+and+c
  reate+its+backlog+when+prompted.&timestamp=2026-07-25T21%3A12%3A09.853Z&domain=wt2526final02

● Injected adaptive memory context into system prompt

● <adaptive_rules>
  - Bei Übereinstimmung mit einer positiven Präferenz wird +1, bei Übereinstimmung mit einer
  negativen Präferenz −1 vergeben.
  - Die Summen der Präferenzwerte beider Routen werden verglichen; gewählt wird die Route mit dem
  höheren Gesamtwert.
  - Jeder Lift und jede Piste ist mit 1..n Liften und Pisten verbunden (jeweils mindestens eine
  Verbindung).
  - Es dürfen keine reflexiven Verbindungen existieren (kein Knoten darf mit sich selbst verbunden
  sein).
  - Ein Gebiet muss mindestens einen Lift (Talstation) und mindestens eine Piste enthalten.
  - Ein Skigebiet ist ein zusammenhängender gerichteter Graph aus Liften und Pisten.
  - Symmetrische Verbindungen sind nur zwischen Liften und Pisten erlaubt.
  - Wird die Route während der Fahrt neu berechnet, so ist die Startzeit der Route die aktuelle Zeit
   und der Startpunkt die aktuelle Position des Skifahrers.
  - Beim `plan`-Befehl muss die Endzeit nach der Startzeit liegen.
  - Der `plan`-Befehl darf nur ausgeführt werden, wenn momentan keine Route läuft.
  - Der `plan`-Befehl erfordert, dass ein Skigebiet geladen ist.
  - Der `plan`-Befehl erfordert, dass Ziel (goal) und Können (skill) festgesetzt wurden.
  - Findet `plan` keine Route, weil alle Lifte in der Zeitspanne geschlossen sind, muss ein Fehler
  ausgegeben werden.
  - Beim Validieren in `load area` muss geprüft werden, dass alle Bezeichner eindeutig sind.
  - Beim Validieren in `load area` muss geprüft werden, dass das Skigebiet zusammenhängend ist.
  - Beim Validieren in `load area` muss geprüft werden, dass mindestens eine Talstation und
  mindestens eine Piste vorhanden sind.
  - Bei Gleichstand wird die Route gewählt, deren Bezeichner lexikografisch vor den Bezeichnern der
  anderen liegt.
  - Alle Befehle werden auf dem aktuellen Programmzustand ausgeführt; nach Abarbeitung wartet das
  Programm auf weitere Eingaben.
  - Ausgaben müssen exakt den Vorgaben entsprechen (Groß-/Kleinschreibung, Leerzeichen,
  Zeilenumbrüche).
  - Das Dokument verlangt das erfolgreiche Bestehen verpflichtender Tests; Verletzung führt zur
  automatischen Bewertung mit null Punkten.
  - Das Programm darf keine zusätzlichen Informationen ausgeben; nur die in der Aufgabenstellung
  angegebenen Informationen sind erlaubt.
  - Das Programm muss über gewöhnliche Kontrollflussmechanismen beendet werden;
  System.exit()/Runtime.exit() dürfen dafür nicht verwendet werden.
  - Der Quellcode muss fehlerfrei kompilieren.
  - Die Abgabe erfolgt online als einzelne Arbeit: *.java-Dateien mit entsprechender Ordnerstruktur
  im zugehörigen Verzeichnis einreichen.
  - Die Bearbeitung muss ausschließlich Java SE 21 verwenden.
  - Die Einhaltung des bereitgestellten Satzes von Checkstyle-Regeln ist verpflichtend; Verstöße
  können automatisch bewertet werden.
  - Die in Beispielinteraktionen verwendete führende Zeichenfolge "> " (größer-als und Leerzeichen)
  ist nicht Teil der Eingabezeile.
  - Fehlermeldungen dürfen keine Sonderzeichen wie Zeilenumbrüche oder Umlaute enthalten.
  - Fehlermeldungen dürfen optional über System.err ausgegeben werden.
  - Fehlermeldungen können in englischer Sprache frei gewählt werden, sollten aber
  sinnvoll/erklärend sein.
  - Für Ausgaben ist immer die Standardausgabe System.out zu verwenden.
  - Für Eingaben ist immer die Standardeingabe System.in zu verwenden.
  - Jede Fehlermeldung muss mit "Error," beginnen.
  - Nach Ausgabe einer Fehlermeldung soll das Programm fortfahren und auf die nächste Eingabe
  warten.
  - Nur java.util.Scanner und Klassen aus den explizit aufgelisteten Paketen dürfen verwendet
  werden.
  - Standard-Ein- und -Ausgabeströme dürfen nicht neu zugewiesen werden.
  - Verpflichtende Tests müssen zuerst bestanden werden, bevor andere Tests ausgewertet werden.
  - Wörter in spitzen Klammern (`<` und `>`) sind Platzhalter und dürfen nicht Teil der
  tatsächlichen Ein-/Ausgabe sein.
  - Die Online-Einreichungsprüfung markiert speziell verpflichtende Checkstyle-Regeln; deren
  Verletzung führt zur Abgabe mit null Punkten.
  </adaptive_rules>

  <memories>
    - ProgrammingWT2526-Final2 is an interactive ski route planning application (Abschlussaufgabe 2,
   WS 2025/26).
    - The document task.md associates the assignment with the Institute of Information Security and
  Dependability (KASTEL).
    - The document task.md describes the assignment 'Abschlussaufgabe 2 — Skiroutenplaner'.
  </memories>
  <knowledge>
    - Die Befehle `set skill`, `set goal`, `like`, `dislike` und `reset preferences` können auch
  nach Planung oder Beginn einer Route benutzt werden und lösen eine dynamische Neuberechnung der
  Route aus.
    - `alternative` gibt `avoided <id>` aus oder `no alternative found`, falls keine Alternative
  vorhanden ist.
    - `list slopes` gibt alle Pisten aufsteigend nach Bezeichner, je Piste eine Zeile im Format
  `<id> <difficulty> <surface> <meter> <meter>`.
    - `show route` gibt die verbleibende Route als Liste von Bezeichnern `<id> <id> ... <id>` aus;
  erster Bezeichner ist die nächste Piste bzw. der nächste Lift.
    - Das Programm darf zur Beendigung nicht `System.exit()`, `Runtime.exit()` oder dergleichen
  verwenden; es muss regulär über Kontrollfluss beendet werden.
    - `list lifts` gibt alle Lifte aufsteigend nach Bezeichner, je Lift eine Zeile im Format `<id>
  <liftType> <time> <time> <meter> <meter> [TRANSIT]`; Talstationen erhalten am Ende `TRANSIT`.
    - Wird `load area` mit einem gültigen neuen Gebiet ausgeführt, wird eine eventuell laufende
  Route abgebrochen.
    - `next` gibt den nächsten Bezeichner `<id>` aus oder `route finished!`, falls die Route beendet
   ist.
  </knowledge>
  <entity_paths>
    - ProgrammingWT2526-Final2 RELATES_TO Abschlussaufgabe 2, WS 2025/26: ProgrammingWT2526-Final2
  is an interactive ski route planning application (Abschlussaufgabe 2, WS 2025/26).
    - Lift / Piste CONSTRAINT Verbindung 1..n: Jeder Lift und jede Piste ist mit 1..n Liften und
  Pisten verbunden (jeweils mindestens eine Verbindung).
    - Implementierungsrichtlinien — Abschlussaufgabe 2 (WS 2025/26) USES Java SE 21: Die Bearbeitung
   muss ausschließlich Java SE 21 verwenden.
    - Implementierungsrichtlinien — Abschlussaufgabe 2 (WS 2025/26) CONSTRAINT Erlaubte
  Java-Bibliothekselemente: Nur java.util.Scanner und Klassen aus den explizit aufgelisteten Paketen
   dürfen verwendet werden.
    - Implementierungsrichtlinien — Abschlussaufgabe 2 (WS 2025/26) CONSTRAINT Checkstyle-Regeln:
  Die Einhaltung des bereitgestellten Satzes von Checkstyle-Regeln ist verpflichtend; Verstöße
  können automatisch bewertet werden.
    - Implementierungsrichtlinien — Abschlussaufgabe 2 (WS 2025/26) CONSTRAINT System.in: Für
  Eingaben ist immer die Standardeingabe System.in zu verwenden.
    - Implementierungsrichtlinien — Abschlussaufgabe 2 (WS 2025/26) CONSTRAINT System.out: Für
  Ausgaben ist immer die Standardausgabe System.out zu verwenden.
    - Implementierungsrichtlinien — Abschlussaufgabe 2 (WS 2025/26) CONSTRAINT System.err optional
  für Fehlermeldungen: Fehlermeldungen dürfen optional über System.err ausgegeben werden.
    - Implementierungsrichtlinien — Abschlussaufgabe 2 (WS 2025/26) CONSTRAINT Standardströme nicht
  neu zuweisen: Standard-Ein- und -Ausgabeströme dürfen nicht neu zugewiesen werden.
    - Implementierungsrichtlinien — Abschlussaufgabe 2 (WS 2025/26) CONSTRAINT Fehlermeldungen
  beginnen mit 'Error,': Jede Fehlermeldung muss mit "Error," beginnen.
    - Implementierungsrichtlinien — Abschlussaufgabe 2 (WS 2025/26) CONSTRAINT Fehlermeldungen ohne
  Sonderzeichen: Fehlermeldungen dürfen keine Sonderzeichen wie Zeilenumbrüche oder Umlaute
  enthalten.
    - Implementierungsrichtlinien — Abschlussaufgabe 2 (WS 2025/26) CONSTRAINT Fehlermeldungen in
  Englisch erlaubt: Fehlermeldungen können in englischer Sprache frei gewählt werden, sollten aber
  sinnvoll/erklärend sein.
    - Implementierungsrichtlinien — Abschlussaufgabe 2 (WS 2025/26) CONSTRAINT Programm läuft nach
  Fehlermeldung weiter: Nach Ausgabe einer Fehlermeldung soll das Programm fortfahren und auf die
  nächste Eingabe warten.
    - Implementierungsrichtlinien — Abschlussaufgabe 2 (WS 2025/26) CONSTRAINT Exakte
  Ausgabeformate: Ausgaben müssen exakt den Vorgaben entsprechen (Groß-/Kleinschreibung,
  Leerzeichen, Zeilenumbrüche).
    - Implementierungsrichtlinien — Abschlussaufgabe 2 (WS 2025/26) CONSTRAINT Keine zusätzlichen
  Ausgaben: Das Programm darf keine zusätzlichen Informationen ausgeben; nur die in der
  Aufgabenstellung angegebenen Informationen sind erlaubt.
    - Implementierungsrichtlinien — Abschlussaufgabe 2 (WS 2025/26) CONSTRAINT Interaktive
  Befehlsverarbeitung: Alle Befehle werden auf dem aktuellen Programmzustand ausgeführt; nach
  Abarbeitung wartet das Programm auf weitere Eingaben.
    - Implementierungsrichtlinien — Abschlussaufgabe 2 (WS 2025/26) CONSTRAINT Platzhalter in
  spitzen Klammern sind nicht Teil der Ein-/Ausgabe: Wörter in spitzen Klammern (`<` und `>`) sind
  Platzhalter und dürfen nicht Teil der tatsächlichen Ein-/Ausgabe sein.
    - Implementierungsrichtlinien — Abschlussaufgabe 2 (WS 2025/26) CONSTRAINT Beispielprompt '>'
  ist nicht Teil der Eingabe: Die in Beispielinteraktionen verwendete führende Zeichenfolge "> "
  (größer-als und Leerzeichen) ist nicht Teil der Eingabezeile.
    - Implementierungsrichtlinien — Abschlussaufgabe 2 (WS 2025/26) CONSTRAINT Beenden über
  Kontrollfluss statt System.exit: Das Programm muss über gewöhnliche Kontrollflussmechanismen
  beendet werden; System.exit()/Runtime.exit() dürfen dafür nicht verwendet werden.
    - Implementierungsrichtlinien — Abschlussaufgabe 2 (WS 2025/26) CONSTRAINT Abgabe von
  *.java-Dateien in Einzelarbeit mit Ordnerstruktur: Die Abgabe erfolgt online als einzelne Arbeit:
  *.java-Dateien mit entsprechender Ordnerstruktur im zugehörigen Verzeichnis einreichen.
  </entity_paths>
  <entity_matches>
    - ProgrammingWT2526-Final2 (score: 1.00) — Interactive ski-route planning application; course
  final project repository.
    - Ausgabeformat für Pisten (score: 0.79) — <id> <difficulty> <surface> <meter> <meter>
    - Lift / Piste (score: 0.78) — Knoten im Skigebietsgraphen
    - Skigebiet zusammenhängend (Validierungsregel) (score: 0.78) — Validierungsanforderung: Graph
  ist zusammenhängend
    - Implementierungsrichtlinien — Abschlussaufgabe 2 (WS 2025/26) (score: 0.70) — Verpflichtende
  Richtlinien für die Bearbeitung der Abschlussaufgabe 2
  </entity_matches>
  <insights>
    - Agent community around ProgrammingWT2526-Final2, Abschlussaufgabe 2, WS 2025/26. Relevant
  agent facts: ProgrammingWT2526-Final2 is an interactive ski route planning application
  (Abschlussaufgabe 2, WS 2025/26).
  </insights>

● adaptive-memory extension active (role=requirements, memorySession=20260725-230937-req) - type
  /memory-help. MCP tools registered (memory=true, backlog=true).







Changes    +0 -0
Duration   1m 10s
Tokens     ↑ 25.9k (1.3k cached) • ↓ 1.4k (692 reasoning)
[delivery:requirements] Turn 4/8 complete
[delivery:requirements] Turn 5/8: task.md — segment 4/6 — Abschlussaufgabe 2 — Skiroutenplaner > 2 Hinweise zur Implementierung
● [adaptive-context] GET http://localhost:4444/api/agents/7af7809a-adce-4fa9-9609-fd61059de0ff/sessi
  ons/20260725-230937-req/context?input=Dokument%3A+task.md%0ASegment%3A+4%2F6%0AAbschnitt%3A+Abschl
  ussaufgabe+2+%E2%80%94+Skiroutenplaner+%3E+2+Hinweise+zur+Implementierung%0A%0ALies+diesen+Abschni
  tt+sorgf%C3%A4ltig+und+behalte+den+Kontext.+Erstelle+noch+keinen+Backlog+und+noch+keine+Tasks.+War
  te+damit+bis+zum+abschlie%C3%9Fenden+%2Ffinalize.%0A%0A%23%23+2+Hinweise+zur+Implementierung%0A%0A
  Nach+dem+Start+nimmt+Ihr+Programm+%C3%BCber+die+Kommandozeile+mittels+der+Standardeingabe+Eingaben
  +entgegen%2C+die+im+Folgenden+n%C3%A4her+spezifiziert+werden.+Alle+Befehle+werden+auf+dem+aktuelle
  n+Zustand+des+Programms+ausgef%C3%BChrt.+Nach+Abarbeitung+einer+Eingabe+wartet+Ihr+Programm+auf+we
  itere+Eingaben%2C+bis+das+Programm+irgendwann+durch+die+Eingabe+der+Zeichenfolge+%60quit%60+beende
  t+wird.%0A%0AIm+Folgenden+werden+Eingabezeilen+mit+einer+schlie%C3%9Fenden+spitzen+Klammer+%28%60%
  3E%60%29+gefolgt+von+einem+Leerzeichen+eingeleitet.+Diese+beiden+Zeichen+sind+kein+Bestandteil+des
  +eingegebenen+Befehls%2C+sondern+dienen+der+Unterscheidung+von+Ein-+und+Ausgabezeilen.%0A%0AAchten
  +Sie+darauf%2C+dass+durch+die+Ausf%C3%BChrung+der+folgenden+Befehle+die+gegebenen+semantischen+und
  +syntaktischen+Spezifikationen+nicht+verletzt+werden+und+geben+Sie+bei+Verletzung+der+Spezifikatio
  nen+immer+eine+aussagekr%C3%A4ftige+Fehlermeldung+aus.%0AWenn+die+Benutzereingabe+nicht+dem+vorgeg
  ebenen+Format+entspricht%2C+ist+auch+eine+Fehlermeldung+auszugeben.+Nach+der+Ausgabe+einer+Fehlerm
  eldung+soll+das+Programm+wie+erwartet+fortfahren+und+wieder+auf+die+n%C3%A4chste+Eingabe+warten.%0
  ADie+Fehlermeldung+sollte+so+geformt+sein%2C+dass+f%C3%BCr+den+Benutzer+erkenntlich+ist%2C+warum+e
  ine+Eingabe+abgelehnt+wurde.%0A%0ADa+wir+automatische+Tests+Ihrer+interaktiven+Benutzerschnittstel
  le+durchf%C3%BChren%2C+m%C3%BCssen+die+Ausgaben+exakt+den+Vorgaben+entsprechen.+Insbesondere+solle
  n+sowohl+Klein-+und+Gro%C3%9Fbuchstaben+als+auch+die+Leerzeichen+und+Zeilenumbr%C3%BCche+genau+%C3
  %BCbereinstimmen.+Setzen+Sie+nur+die+in+der+Aufgabenstellung+angegebenen+Informationen+um.+Geben+S
  ie+auch+keine+zus%C3%A4tzlichen+Informationen+aus.+Bei+Fehlermeldungen+d%C3%BCrfen+Sie+den+englisc
  hsprachigen+Text+frei+w%C3%A4hlen%2C+er+sollte+jedoch+sinnvoll+sein.+Jede+Fehlermeldung+muss+aber+
  mit+%60Error%2C%60+beginnen+und+darf+keine+Sonderzeichen%2C+wie+beispielsweise+Zeilenumbr%C3%BCche
  +oder+Umlaute%2C+enthalten.%0A%0AWenn+nicht+anders+angegeben%2C+ist+f%C3%BCr+Eingabe+immer+die+Sta
  ndardeingabe+%60System.in%60+zu+verwenden.+Wenn+nicht+anders+angegeben%2C+ist+f%C3%BCr+Ausgaben+im
  mer+die+Standardausgabe+%60System.out%60+zu+verwenden.+F%C3%BCr+Fehlermeldungen+kann+anstelle+der+
  Standardausgabe+optional+die+Standardfehlerausgabe+%60System.err%60+verwendet+werden.+Weisen+Sie+d
  iese+Standardeingabe+und+-ausgabe+niemals+neu+zu.%0A%0ABeachten+Sie%2C+dass+bei+der+Beschreibung+d
  er+Eingabe-+und+Ausgabeformate+die+W%C3%B6rter+zwischen+spitzen+Klammen+f%C3%BCr+Platzhalter+stehe
  n%2C+die+bei+der+konkreten+Ein-+und+Ausgabe+durch+Werte+ersetzt+werden.+Diese+eigentlichen+Werte+e
  nthalten+bei+der+Ein-+und+Ausgabe+keine+spitzen+Klammern.+Vergleichen+Sie+hierzu+auch+den+Beispiel
  ablauf.&project=ProgrammingWT2526-Final2&role=requirements&task=Understand+the+wt2526final02+and+c
  reate+its+backlog+when+prompted.&timestamp=2026-07-25T21%3A12%3A38.399Z&domain=wt2526final02

● Injected adaptive memory context into system prompt

● <adaptive_rules>
  - Die Online-Einreichungsprüfung markiert speziell verpflichtende Checkstyle-Regeln; deren
  Verletzung führt zur Abgabe mit null Punkten.
  - Beim Validieren in `load area` muss geprüft werden, dass alle Bezeichner eindeutig sind.
  - Beim Validieren in `load area` muss geprüft werden, dass das Skigebiet zusammenhängend ist.
  - Beim Validieren in `load area` muss geprüft werden, dass mindestens eine Talstation und
  mindestens eine Piste vorhanden sind.
  - Alle Befehle werden auf dem aktuellen Programmzustand ausgeführt; nach Abarbeitung wartet das
  Programm auf weitere Eingaben.
  - Ausgaben müssen exakt den Vorgaben entsprechen (Groß-/Kleinschreibung, Leerzeichen,
  Zeilenumbrüche).
  - Das Dokument verlangt das erfolgreiche Bestehen verpflichtender Tests; Verletzung führt zur
  automatischen Bewertung mit null Punkten.
  - Das Programm darf keine zusätzlichen Informationen ausgeben; nur die in der Aufgabenstellung
  angegebenen Informationen sind erlaubt.
  - Das Programm muss über gewöhnliche Kontrollflussmechanismen beendet werden;
  System.exit()/Runtime.exit() dürfen dafür nicht verwendet werden.
  - Der Quellcode muss fehlerfrei kompilieren.
  - Die Abgabe erfolgt online als einzelne Arbeit: *.java-Dateien mit entsprechender Ordnerstruktur
  im zugehörigen Verzeichnis einreichen.
  - Die Bearbeitung muss ausschließlich Java SE 21 verwenden.
  - Die Einhaltung des bereitgestellten Satzes von Checkstyle-Regeln ist verpflichtend; Verstöße
  können automatisch bewertet werden.
  - Die in Beispielinteraktionen verwendete führende Zeichenfolge "> " (größer-als und Leerzeichen)
  ist nicht Teil der Eingabezeile.
  - Fehlermeldungen dürfen keine Sonderzeichen wie Zeilenumbrüche oder Umlaute enthalten.
  - Fehlermeldungen dürfen optional über System.err ausgegeben werden.
  - Fehlermeldungen können in englischer Sprache frei gewählt werden, sollten aber
  sinnvoll/erklärend sein.
  - Für Ausgaben ist immer die Standardausgabe System.out zu verwenden.
  - Für Eingaben ist immer die Standardeingabe System.in zu verwenden.
  - Jede Fehlermeldung muss mit "Error," beginnen.
  - Nach Ausgabe einer Fehlermeldung soll das Programm fortfahren und auf die nächste Eingabe
  warten.
  - Nur java.util.Scanner und Klassen aus den explizit aufgelisteten Paketen dürfen verwendet
  werden.
  - Standard-Ein- und -Ausgabeströme dürfen nicht neu zugewiesen werden.
  - Verpflichtende Tests müssen zuerst bestanden werden, bevor andere Tests ausgewertet werden.
  - Wörter in spitzen Klammern (`<` und `>`) sind Platzhalter und dürfen nicht Teil der
  tatsächlichen Ein-/Ausgabe sein.
  - Beim `plan`-Befehl muss die Endzeit nach der Startzeit liegen.
  - Der `plan`-Befehl darf nur ausgeführt werden, wenn momentan keine Route läuft.
  - Der `plan`-Befehl erfordert, dass ein Skigebiet geladen ist.
  - Der `plan`-Befehl erfordert, dass Ziel (goal) und Können (skill) festgesetzt wurden.
  - Findet `plan` keine Route, weil alle Lifte in der Zeitspanne geschlossen sind, muss ein Fehler
  ausgegeben werden.
  - Die Summen der Präferenzwerte beider Routen werden verglichen; gewählt wird die Route mit dem
  höheren Gesamtwert.
  - Bei Übereinstimmung mit einer positiven Präferenz wird +1, bei Übereinstimmung mit einer
  negativen Präferenz −1 vergeben.
  - Bei Gleichstand wird die Route gewählt, deren Bezeichner lexikografisch vor den Bezeichnern der
  anderen liegt.
  - Es dürfen keine reflexiven Verbindungen existieren (kein Knoten darf mit sich selbst verbunden
  sein).
  - Wird die Route während der Fahrt neu berechnet, so ist die Startzeit der Route die aktuelle Zeit
   und der Startpunkt die aktuelle Position des Skifahrers.
  - Ein Gebiet muss mindestens einen Lift (Talstation) und mindestens eine Piste enthalten.
  - Ein Skigebiet ist ein zusammenhängender gerichteter Graph aus Liften und Pisten.
  - Symmetrische Verbindungen sind nur zwischen Liften und Pisten erlaubt.
  </adaptive_rules>

  <memories>
    - ProgrammingWT2526-Final2 is an interactive ski route planning application (Abschlussaufgabe 2,
   WS 2025/26).
    - The document task.md describes the assignment 'Abschlussaufgabe 2 — Skiroutenplaner'.
    - The document task.md is associated with the course 'Programmieren'.
    - Document 'task.md' states the assignment is worth '20 Punkte'.
    - ProgrammingWT2526-Final2 uses lifts, pistes, user skill and user preferences to compute routes
    - ProgrammingWT2526-Final2 produces an ordered route suggestion as a sequence of lifts and
  pistes
    - The document task.md specifies the semester 'Wintersemester 2025/26'.
  </memories>
  <knowledge>
    - Die Befehle `set skill`, `set goal`, `like`, `dislike` und `reset preferences` können auch
  nach Planung oder Beginn einer Route benutzt werden und lösen eine dynamische Neuberechnung der
  Route aus.
    - `alternative` gibt `avoided <id>` aus oder `no alternative found`, falls keine Alternative
  vorhanden ist.
    - Das Programm darf zur Beendigung nicht `System.exit()`, `Runtime.exit()` oder dergleichen
  verwenden; es muss regulär über Kontrollfluss beendet werden.
    - Eingabe der Zeichenfolge `quit` beendet das Programm.
    - Der Befehl `alternative` darf nur direkt nach dem `next`-Befehl ausgeführt werden.
  </knowledge>
  <entity_paths>
    - ProgrammingWT2526-Final2 USES Lifte: ProgrammingWT2526-Final2 uses lifts, pistes, user skill
  and user preferences to compute routes
    - ProgrammingWT2526-Final2 USES Pisten: ProgrammingWT2526-Final2 uses lifts, pistes, user skill
  and user preferences to compute routes
    - ProgrammingWT2526-Final2 USES Nutzer-Können: ProgrammingWT2526-Final2 uses lifts, pistes, user
   skill and user preferences to compute routes
    - ProgrammingWT2526-Final2 USES Nutzer-Präferenzen: ProgrammingWT2526-Final2 uses lifts, pistes,
   user skill and user preferences to compute routes
    - ProgrammingWT2526-Final2 RELATES_TO Abschlussaufgabe 2, WS 2025/26: ProgrammingWT2526-Final2
  is an interactive ski route planning application (Abschlussaufgabe 2, WS 2025/26).
    - ProgrammingWT2526-Final2 RELATES_TO Routenvorschlag (Folge von Liften und Pisten):
  ProgrammingWT2526-Final2 produces an ordered route suggestion as a sequence of lifts and pistes
    - task.md RELATES_TO Institute of Information Security and Dependability (KASTEL): The document
  task.md associates the assignment with the Institute of Information Security and Dependability
  (KASTEL).
    - task.md RELATES_TO Abschlussaufgabe 2 — Skiroutenplaner: The document task.md describes the
  assignment 'Abschlussaufgabe 2 — Skiroutenplaner'.
    - task.md RELATES_TO version 1.1: The document task.md has version '1.1'.
    - task.md RELATES_TO Programmieren: The document task.md is associated with the course
  'Programmieren'.
    - task.md RELATES_TO Prof. Dr.-Ing. Anne Koziolek: The document task.md names Prof. Dr.-Ing.
  Anne Koziolek as the instructor.
    - task.md RELATES_TO 20 Punkte: The document task.md states the assignment is worth 20 points.;
  Document 'task.md' states the assignment is worth '20 Punkte'.
    - task.md RELATES_TO Wintersemester 2025/26: The document task.md specifies the semester
  'Wintersemester 2025/26'.
    - ProgrammingWT2526-Final2 USES Lifte: ProgrammingWT2526-Final2 uses lifts, pistes, user skill
  and user preferences to compute routes
    - Lifte USES Pisten: ProgrammingWT2526-Final2 uses lifts, pistes, user skill and user
  preferences to compute routes
    - ProgrammingWT2526-Final2 USES Lifte: ProgrammingWT2526-Final2 uses lifts, pistes, user skill
  and user preferences to compute routes
    - Lifte USES Nutzer-Können: ProgrammingWT2526-Final2 uses lifts, pistes, user skill and user
  preferences to compute routes
    - ProgrammingWT2526-Final2 USES Lifte: ProgrammingWT2526-Final2 uses lifts, pistes, user skill
  and user preferences to compute routes
    - Lifte USES Nutzer-Präferenzen: ProgrammingWT2526-Final2 uses lifts, pistes, user skill and
  user preferences to compute routes
    - ProgrammingWT2526-Final2 USES Pisten: ProgrammingWT2526-Final2 uses lifts, pistes, user skill
  and user preferences to compute routes
    - Pisten USES Nutzer-Können: ProgrammingWT2526-Final2 uses lifts, pistes, user skill and user
  preferences to compute routes
    - ProgrammingWT2526-Final2 USES Pisten: ProgrammingWT2526-Final2 uses lifts, pistes, user skill
  and user preferences to compute routes
    - Pisten USES Nutzer-Präferenzen: ProgrammingWT2526-Final2 uses lifts, pistes, user skill and
  user preferences to compute routes
    - ProgrammingWT2526-Final2 USES Nutzer-Können: ProgrammingWT2526-Final2 uses lifts, pistes, user
   skill and user preferences to compute routes
    - Nutzer-Können USES Nutzer-Präferenzen: ProgrammingWT2526-Final2 uses lifts, pistes, user skill
   and user preferences to compute routes
  </entity_paths>
  <entity_matches>
    - ProgrammingWT2526-Final2 (score: 1.00) — Repository for Abschlussaufgabe 2 ski route planner
    - Abschlussaufgabe 2 — Skiroutenplaner (score: 0.82) — Final assignment: Ski route planner
  project title.
    - task.md (score: 0.74) — Assignment source file containing the task specification.
    - Abschlussaufgabe 2, WS 2025/26 (score: 0.72) — Course assignment identifier and semester for
  the project.
    - 20 Punkte (score: 0.71) — Point value awarded for the assignment.
  </entity_matches>
  <insights>
    - Agent community around ProgrammingWT2526-Final2, Abschlussaufgabe 2, WS 2025/26. Relevant
  agent facts: ProgrammingWT2526-Final2 is an interactive ski route planning application
  (Abschlussaufgabe 2, WS 2025/26).; ProgrammingWT2526-Final2 uses lifts, pistes, user skill and
  user preferences to compute routes; ProgrammingWT2526-Final2 produces an ordered route suggestion
  as a sequence of lifts and pistes
    - Agent community around Abschlussaufgabe 2 — Skiroutenplaner, task.md, 20 Punkte connects
  Programmieren, Prof. Dr.-Ing. Anne Koziolek, Wintersemester 2025/26. Relevant agent facts: The
  document task.md associates the assignment with the Institute of Information Security and
  Dependability (KASTEL).; The document task.md describes the assignment 'Abschlussaufgabe 2 —
  Skiroutenplaner'.; The document task.md has version '1.1'.
  </insights>

● adaptive-memory extension active (role=requirements, memorySession=20260725-230937-req) - type
  /memory-help. MCP tools registered (memory=true, backlog=true).







Changes    +0 -0
Duration   1m 26s
Tokens     ↑ 27.1k (1.3k cached) • ↓ 490 (177 reasoning)
[delivery:requirements] Turn 5/8 complete
[delivery:requirements] Turn 6/8: task.md — segment 5/6 — Abschlussaufgabe 2 — Skiroutenplaner > 3 Funktionalität
● [adaptive-context] GET http://localhost:4444/api/agents/7af7809a-adce-4fa9-9609-fd61059de0ff/sessi
  ons/20260725-230937-req/context?input=Dokument%3A+task.md%0ASegment%3A+5%2F6%0AAbschnitt%3A+Abschl
  ussaufgabe+2+%E2%80%94+Skiroutenplaner+%3E+3+Funktionalit%C3%A4t%0A%0ALies+diesen+Abschnitt+sorgf%
  C3%A4ltig+und+behalte+den+Kontext.+Erstelle+noch+keinen+Backlog+und+noch+keine+Tasks.+Warte+damit+
  bis+zum+abschlie%C3%9Fenden+%2Ffinalize.%0A%0A%23%23+3+Funktionalit%C3%A4t%0A%0AIm+Folgenden+wird+
  die+erforderliche+Funktionalit%C3%A4t+des+Systems+beschrieben.%0A%0A%23%23%23+3.1+Platzhalter%0A%0
  AZus%C3%A4tzlich+zu+den+Nichtterminalsymbolen+aus+der+BNF-Grammatik+sind+folgende+Platzhalter+defi
  niert%3A%0A%0A-+**%60%3Cgoal%3E%60%3A**+Ziel+der+Route+%28%60ALTITUDE%60%2C+%60DISTANCE%60%2C+%60N
  UMBER%60%2C+%60UNIQUE%60%29%0A-+**%60%3Cskill%3E%60%3A**+Fertigkeit+des+Fahrers+%28%60BEGINNER%60%
  2C+%60INTERMEDIATE%60%2C+%60EXPERT%60%29%0A%0A%23%23%23+3.2+Befehle%0A%0A%23%23%23%23+Der+%60quit%
  60-Befehl%0A%0ADer+parameterlose+Befehl+erm%C3%B6glicht+es+das+Programm+vollst%C3%A4ndig+zu+beende
  n.+Beachten+Sie%2C+dass+hierf%C3%BCr+keine+Methoden+wie+%60System.exit%28%29%60+oder+%60Runtime.ex
  it%28%29%60+verwendet+werden+d%C3%BCrfen.%0A%0A**Eingabe%3A**+%60quit%60%0A%0ABeispiel%3A%0A%0A%60
  %60%60%0A%3E+quit%0A%60%60%60%0A%0A%23%23%23%23+Der+%60load+area%60-Befehl%0A%0AL%C3%A4dt+eine+spe
  zifizierte+Datei%2C+parsed+den+Inhalt+und+validiert+das+enthaltene+Skigebiet.%0AZu+Testzwecken+sol
  l+der+Befehl+den+Inhalt+der+Datei+Verbatim+ausgeben.%0AWird+der+Befehl+mehrfach+ausgef%C3%BChrt%2C
  +so+wird%2C+falls+das+neue+Gebiet+g%C3%BCltig+ist%2C+das+alte+%C3%BCberschrieben+und+die+eventuell
  +laufende+Route+abgebrochen.%0A%0A**Eingabe%3A**+%60load+area+%3Cpath%3E%60%0A%0A**Ausgabe%3A**+Ve
  rbatim+Inhalt+der+Datei%0A%0A%C3%9Cberpr%C3%BCfen+Sie+beim+Validieren+insbesondere+ob%3A%0A%0A-+al
  le+Bezeichner+eindeutig+sind%0A-+das+Skigebiet+zusammenh%C3%A4ngend+ist%0A-+das+es+mindestens+eine
  +Talstation+und+eine+Piste+gibt%0A%0ABeispiel%3A%0A%0A%60%60%60%0A%3E+load+area+.%2Farea.txt%0Agra
  ph%0A++++LiftA%5B%5BLiftA%3Cbr%2F%3EGONDOLA%3B08%3A00%3B16%3A00%3B10%3B2%5D%5D%0A++++Piste1%28%5BP
  iste1%3Cbr%2F%3EBLUE%3BICY%3B2000%3B500%5D%29%0A++++LiftB%5BLiftB%3Cbr%2F%3ECHAIRLIFT%3B08%3A30%3B
  16%3A15%3B5%3B1%5D%0A++++Piste2%28%5BPiste2%3Cbr%2F%3ERED%3BBUMPY%3B2000%3B200%5D%29%0A++++Piste3%
  28%5BPiste3%3Cbr%2F%3EBLACK%3BREGULAR%3B2000%3B1000%5D%29%0A++++LiftA+--%3E+Piste1%0A++++Piste1+--
  %3E+LiftB%0A++++LiftB+--%3E+Piste2%0A++++LiftB+--%3E+Piste3%0A++++Piste2+--%3E+LiftB%0A++++Piste3+
  --%3E+LiftA%0A%60%60%60%0A%0A%23%23%23%23+Der+%60list+lifts%60-Befehl%0A%0AGibt+alle+Lifte+%28und+
  deren+Eigenschaften%29+aufsteigend+sortiert+nach+dem+Bezeichner+aus.%0AEs+wird+ein+Lift+pro+Zeile+
  ausgegeben.+Falls+es+sich+um+eine+Talstation+handelt%2C+so+kommt+am+Ende+der+Zeile+zus%C3%A4tzlich
  +die+Ausgabe+%60TRANSIT%60.%0A%0A**Eingabe%3A**+%60list+lifts%60%0A%0A**Ausgabe%3A**+%60%3Cid%3E+%
  3CliftType%3E+%3Ctime%3E+%3Ctime%3E+%3Cmeter%3E+%3Cmeter%3E+%5BTRANSIT%5D%60%0A%0ABeispiel%3A%0A%0
  A%60%60%60%0A%3E+list+lifts%0ALiftA+GONDOLA+08%3A00+16%3A00+10+2+TRANSIT%0ALiftB+CHAIRLIFT+08%3A30
  +16%3A15+5+1%0A%60%60%60%0A%0A%23%23%23%23+Der+%60list+slopes%60-Befehl%0A%0AGibt+alle+Pisten+%28u
  nd+deren+Eigenschaften%29+aufsteigend+sortiert+nach+dem+Bezeichner+aus.%0AEs+wird+eine+Piste+pro+Z
  eile+ausgegeben.%0A%0A**Eingabe%3A**+%60list+slopes%60%0A%0A**Ausgabe%3A**+%60%3Cid%3E+%3Cdifficul
  ty%3E+%3Csurface%3E+%3Cmeter%3E+%3Cmeter%3E%60%0A%0ABeispiel%3A%0A%0A%60%60%60%0A%3E+list+slopes%0
  APiste1+BLUE+ICY+2000+500%0APiste2+RED+BUMPY+2000+200%0APiste3+BLACK+REGULAR+2000+1000%0A%60%60%60
  %0A%0A%23%23%23%23+Der+%60set+skill%60-Befehl%0A%0ASetzt+die+Fertigkeit+des+Skifahrers+auf+den+Ang
  egeben+Wert.%0A%0A**Eingabe%3A**+%60set+skill+%3Cskill%3E%60%0A%0ABeispiel%3A%0A%0A%60%60%60%0A%3E
  +set+skill+EXPERT%0A%60%60%60%0A%0A%23%23%23%23+Der+%60set+goal%60-Befehl%0A%0ASetzt+das+Ziel+des+
  Skifahrers+auf+den+Angegeben+Wert.%0A%0A**Eingabe%3A**+%60set+goal+%3Cgoal%3E%60%0A%0ABeispiel%3A%
  0A%0A%60%60%60%0A%3E+set+goal+DISTANCE%0A%60%60%60%0A%0A%23%23%23%23+Der+%60like%60-Befehl%0A%0ASp
  eichert+die+Vorliebe+einer+Schwierigkeit+oder+Oberfl%C3%A4che+von+Pisten.%0A%0A**Eingabe%3A**+%60l
  ike+%3Cdifficulty%3E%7C%3Csurface%3E%60%0A%0ABeispiel%3A%0A%0A%60%60%60%0A%3E+like+BLUE%0A%60%60%6
  0%0A%0A%23%23%23%23+Der+%60dislike%60-Befehl%0A%0ASpeichert+die+das+Abneigung+einer+Schwierigkeit+
  oder+Oberfl%C3%A4che+von+Pisten.%0A%0A**Eingabe%3A**+%60dislike+%3Cdifficulty%3E%7C%3Csurface%3E%6
  0%0A%0ABeispiel%3A%0A%0A%60%60%60%0A%3E+dislike+BUMPY%0A%60%60%60%0A%0A%23%23%23%23+Der+%60reset+p
  reference%60-Befehl%0A%0ASetzt+alle+Vorlieben+des+Skifahrers+auf+neutral+zur%C3%BCck.%0A%0A**Einga
  be%3A**+%60reset+preferences%60%0A%0ABeispiel%3A%0A%0A%60%60%60%0A%3E+reset+preferences%0A%60%60%6
  0%0A%0A%23%23%23%23+Der+%60plan%60-Befehl%0A%0APlant+eine+neue+Route+im+Zeitlichen+Rahmen%2C+die+a
  n+der+angegeben+Talstation+beginnt+und+endet.%0AErfordert%2C+dass+ein+Skigebiet+geladen+ist%2C+Zie
  l+und+K%C3%B6nnen+festgesetzt+wurden+und+momentan+keine+Route+l%C3%A4uft.+Ferner+muss+die+Endzeit+
  nach+der+Startzeit+liegen.+Sollte+keine+Route+gefunden+werden%2C+da+alle+Lifte+in+der+angegebenen+
  Zeitspanne+geschlossen+sind%2C+so+soll+ein+Fehler+ausgegeben+werden.%0A%0A**Eingabe%3A**+%60plan+%
  3Cid%3E+%3Ctime%3E+%3Ctime%3E%60%0A%0A**Ausgabe%3A**+%60route+planned%60%0A%0ABeispiel%3A%0A%0A%60
  %60%60%0A%3E+plan+LiftA+08%3A30+15%3A45%0Aroute+planned%0A%60%60%60%0A%0A%23%23%23%23+Der+%60abort
  %60-Befehl%0A%0AFalls+gerade+eine+Route+geplant+ist+oder+schon+bereits+begonnen+wurde%2C+so+wird+d
  iese+Abgebrochen.+Dies+entfernt+auch+den+Skifahrer+aus+dem+Skigebiet.%0A%0A**Eingabe%3A**+%60abort
  %60%0A%0A**Ausgabe%3A**+%60route+aborted%60%0A%0ABeispiel%3A%0A%0A%60%60%60%0A%3E+abort%0Aroute+ab
  orted%0A%60%60%60%0A%0A%23%23%23%23+Der+%60next%60-Befehl%0A%0AFalls+gerade+eine+Route+geplant+ist
  +oder+schon+bereits+begonnen+wurde%2C+so+wird+der+n%C3%A4chste+Lift+oder+die+n%C3%A4chste+Piste+au
  sgegeben.%0A%0A**Eingabe%3A**+%60next%60%0A%0A**Ausgabe%3A**+%60%3Cid%3E%60%0A%0ABeispiel%3A%0A%0A
  %60%60%60%0A%3E+next%0ALiftA%0A%60%60%60%0A%0ASollte+die+Route+beendet+sein%2C+so+wird+stattdessen
  +%60route+finished%21%60+ausgegeben.%0A%0ABeispiel%3A%0A%0A%60%60%60%0A%3E+next%0Aroute+finished%2
  1%0A%60%60%60%0A%0A%23%23%23%23+Der+%60take%60-Befehl%0A%0ADarf+nur+**direkt**+nach+dem+%60next%60
  -Befehl+ausgef%C3%BChrt+werden%2C+wodurch+der+Fahrer+den+vorgeschlagenen+Lift+oder+die+vorgeschlag
  ene+Piste+nimmt.%0A%0A**Eingabe%3A**+%60take%60%0A%0ABeispiel%3A%0A%0A%60%60%60%0A%3E+next%0ALiftA
  %0A%3E+take%0A%60%60%60%0A%0A%23%23%23%23+Der+%60alternative%60-Befehl%0A%0ADarf+nur+**direkt**+na
  ch+dem+%60next%60-Befehl+ausgef%C3%BChrt+werden.+Falls+der+Fahrer+mindestens+die+Talstation+befahr
  en%2C+also+die+Route+begonnen+hat%2C+wird+versucht+eine+alternative+f%C3%BCr+den+n%C3%A4chsten+Lif
  t+oder+Piste+zu+berechnen.+Hierbei+wird+die+optimale+neue+Route+bestimmt%2C+die+nicht+den+urspr%C3
  %BCnglich+vorgeschlagenen+n%C3%A4chsten+Lift%2C+oder+Piste+als+n%C3%A4chsten+Schritt+enth%C3%A4lt.
  +Falls+es+eine+alternative+Route+gibt%2C+so+erfolgt+die+Ausgabe+mit+dem+vermiedenem+n%C3%A4chsten+
  Halt.%0A%0A**Eingabe%3A**+%60alternative%60%0A%0A**Ausgabe%3A**+%60avoided+%3Cid%3E%60%0A%0ABeispi
  el%3A%0A%0A%60%60%60%0A%3E+next%0APiste2%0A%3E+alternative%0Aavoided+Piste2%0A%3E+next%0APiste3+%0
  A%60%60%60%0A%0AFalls+es+keine+alternative+Route+gibt%2C+so+soll+stattdessen+%60no+alternative+fou
  nd%60+ausgegeben+werden.%0A%0ABeispiel%3A%0A%0A%60%60%60%0A%3E+next%0APiste1%0A%3E+alternative%0An
  o+alternative+found%0A%3E+next%0APiste1+%0A%60%60%60%0A%0A%23%23%23%23+Der+%60show+route%60-Befehl
  %0A%0AFalls+gerade+eine+Route+geplant+ist+oder+schon+bereits+begonnen+wurde%2C+so+wird+die+%28verb
  leibende%29+Route+ausgegeben.+Der+erste+Bezeichner+in+dieser+Liste+entspricht+der+n%C3%A4chsten+Pi
  ste+oder+dem+n%C3%A4chsten+Lift%2C+siehe+%60next%60-Befehl.%0A%0A**Eingabe%3A**+%60show+route%60%0
  A%0A**Ausgabe%3A**+%60%3Cid%3E+%3Cid%3E+...+%3Cid%3E%60%0A%0ABeispiel%3A%0A%0A%60%60%60%0A%3E+show
  +route%0ALiftA+Piste1+LiftB+Piste3%0A%60%60%60%0A%0A%23%23%23%23+Dynamisches+Planen%0A%0ADie+Befeh
  le+%60set+skill%60%2C+%60set+goal%60%2C+%60like%60%2C+%60dislike%60%2C+%60reset+preferences%60+k%C
  3%B6nnen+auch+benutzt+werden%2C+nachdem+eine+Route+geplant+oder+begonnen+worden+ist.+In+dem+Fall+w
  ird+die+Route+dynamisch+neu+berechnet.+Sollte+sich+der+Skifahrer+schon+auf+der+Route+befinden%2C+s
  o+ist+die+Startzeit+der+Route+die+aktuelle+Zeit+und+der+Startpunkt+die+aktuelle+Position+des+Skifa
  hrers.&project=ProgrammingWT2526-Final2&role=requirements&task=Understand+the+wt2526final02+and+cr
  eate+its+backlog+when+prompted.&timestamp=2026-07-25T21%3A12%3A54.611Z&domain=wt2526final02

● Injected adaptive memory context into system prompt

● <adaptive_rules>
  - Ein Gebiet muss mindestens einen Lift (Talstation) und mindestens eine Piste enthalten.
  - Ein Skigebiet ist ein zusammenhängender gerichteter Graph aus Liften und Pisten.
  - Beim Validieren in `load area` muss geprüft werden, dass alle Bezeichner eindeutig sind.
  - Beim Validieren in `load area` muss geprüft werden, dass das Skigebiet zusammenhängend ist.
  - Beim Validieren in `load area` muss geprüft werden, dass mindestens eine Talstation und
  mindestens eine Piste vorhanden sind.
  - Wird die Route während der Fahrt neu berechnet, so ist die Startzeit der Route die aktuelle Zeit
   und der Startpunkt die aktuelle Position des Skifahrers.
  - Die Summen der Präferenzwerte beider Routen werden verglichen; gewählt wird die Route mit dem
  höheren Gesamtwert.
  - Bei Gleichstand wird die Route gewählt, deren Bezeichner lexikografisch vor den Bezeichnern der
  anderen liegt.
  - Beim `plan`-Befehl muss die Endzeit nach der Startzeit liegen.
  - Der `plan`-Befehl darf nur ausgeführt werden, wenn momentan keine Route läuft.
  - Der `plan`-Befehl erfordert, dass ein Skigebiet geladen ist.
  - Der `plan`-Befehl erfordert, dass Ziel (goal) und Können (skill) festgesetzt wurden.
  - Findet `plan` keine Route, weil alle Lifte in der Zeitspanne geschlossen sind, muss ein Fehler
  ausgegeben werden.
  - Jeder Lift und jede Piste ist mit 1..n Liften und Pisten verbunden (jeweils mindestens eine
  Verbindung).
  - Symmetrische Verbindungen sind nur zwischen Liften und Pisten erlaubt.
  - Alle Befehle werden auf dem aktuellen Programmzustand ausgeführt; nach Abarbeitung wartet das
  Programm auf weitere Eingaben.
  - Ausgaben müssen exakt den Vorgaben entsprechen (Groß-/Kleinschreibung, Leerzeichen,
  Zeilenumbrüche).
  - Das Dokument verlangt das erfolgreiche Bestehen verpflichtender Tests; Verletzung führt zur
  automatischen Bewertung mit null Punkten.
  - Das Programm darf keine zusätzlichen Informationen ausgeben; nur die in der Aufgabenstellung
  angegebenen Informationen sind erlaubt.
  - Das Programm muss über gewöhnliche Kontrollflussmechanismen beendet werden;
  System.exit()/Runtime.exit() dürfen dafür nicht verwendet werden.
  - Der Quellcode muss fehlerfrei kompilieren.
  - Die Abgabe erfolgt online als einzelne Arbeit: *.java-Dateien mit entsprechender Ordnerstruktur
  im zugehörigen Verzeichnis einreichen.
  - Die Bearbeitung muss ausschließlich Java SE 21 verwenden.
  - Die Einhaltung des bereitgestellten Satzes von Checkstyle-Regeln ist verpflichtend; Verstöße
  können automatisch bewertet werden.
  - Die in Beispielinteraktionen verwendete führende Zeichenfolge "> " (größer-als und Leerzeichen)
  ist nicht Teil der Eingabezeile.
  - Fehlermeldungen dürfen keine Sonderzeichen wie Zeilenumbrüche oder Umlaute enthalten.
  - Fehlermeldungen dürfen optional über System.err ausgegeben werden.
  - Fehlermeldungen können in englischer Sprache frei gewählt werden, sollten aber
  sinnvoll/erklärend sein.
  - Für Ausgaben ist immer die Standardausgabe System.out zu verwenden.
  - Für Eingaben ist immer die Standardeingabe System.in zu verwenden.
  - Jede Fehlermeldung muss mit "Error," beginnen.
  - Nach Ausgabe einer Fehlermeldung soll das Programm fortfahren und auf die nächste Eingabe
  warten.
  - Nur java.util.Scanner und Klassen aus den explizit aufgelisteten Paketen dürfen verwendet
  werden.
  - Standard-Ein- und -Ausgabeströme dürfen nicht neu zugewiesen werden.
  - Verpflichtende Tests müssen zuerst bestanden werden, bevor andere Tests ausgewertet werden.
  - Wörter in spitzen Klammern (`<` und `>`) sind Platzhalter und dürfen nicht Teil der
  tatsächlichen Ein-/Ausgabe sein.
  - Bei Übereinstimmung mit einer positiven Präferenz wird +1, bei Übereinstimmung mit einer
  negativen Präferenz −1 vergeben.
  - Es dürfen keine reflexiven Verbindungen existieren (kein Knoten darf mit sich selbst verbunden
  sein).
  - Die Online-Einreichungsprüfung markiert speziell verpflichtende Checkstyle-Regeln; deren
  Verletzung führt zur Abgabe mit null Punkten.
  </adaptive_rules>

  <memories>
    - ProgrammingWT2526-Final2 is an interactive ski route planning application (Abschlussaufgabe 2,
   WS 2025/26).
    - The document task.md describes the assignment 'Abschlussaufgabe 2 — Skiroutenplaner'.
    - ProgrammingWT2526-Final2 uses a CLI command set including load area, plan, set skill, set
  goal, like, dislike, alternative.
    - ProgrammingWT2526-Final2 is supervised by Prof. Dr.-Ing. Anne Koziolek (KASTEL).
    - ProgrammingWT2526-Final2 uses lifts, pistes, user skill and user preferences to compute routes
    - ProgrammingWT2526-Final2 uses an interactive console application interface.
    - ProgrammingWT2526-Final2 produces an ordered route suggestion as a sequence of lifts and
  pistes
    - The document task.md is associated with the course 'Programmieren'.
  </memories>
  <knowledge>
    - Die Befehle `set skill`, `set goal`, `like`, `dislike` und `reset preferences` können auch
  nach Planung oder Beginn einer Route benutzt werden und lösen eine dynamische Neuberechnung der
  Route aus.
    - `alternative` gibt `avoided <id>` aus oder `no alternative found`, falls keine Alternative
  vorhanden ist.
    - `show route` gibt die verbleibende Route als Liste von Bezeichnern `<id> <id> ... <id>` aus;
  erster Bezeichner ist die nächste Piste bzw. der nächste Lift.
    - `list slopes` gibt alle Pisten aufsteigend nach Bezeichner, je Piste eine Zeile im Format
  `<id> <difficulty> <surface> <meter> <meter>`.
    - Das Programm darf zur Beendigung nicht `System.exit()`, `Runtime.exit()` oder dergleichen
  verwenden; es muss regulär über Kontrollfluss beendet werden.
    - Eingabe der Zeichenfolge `quit` beendet das Programm.
    - Wird `load area` mit einem gültigen neuen Gebiet ausgeführt, wird eine eventuell laufende
  Route abgebrochen.
    - `load area` gibt den Inhalt der geladenen Datei unverändert (verbatim) aus.
    - Wird `load area` mehrfach ausgeführt und das neue Gebiet ist gültig, wird das alte Gebiet
  überschrieben.
    - Der Befehl `alternative` darf nur direkt nach dem `next`-Befehl ausgeführt werden.
    - `list lifts` gibt alle Lifte aufsteigend nach Bezeichner, je Lift eine Zeile im Format `<id>
  <liftType> <time> <time> <meter> <meter> [TRANSIT]`; Talstationen erhalten am Ende `TRANSIT`.
    - `plan` gibt bei Erfolg die Meldung `route planned` aus.
    - `abort` gibt `route aborted` aus.
    - Die Befehle `take` dürfen nur direkt nach dem `next`-Befehl ausgeführt werden.
    - `next` gibt den nächsten Bezeichner `<id>` aus oder `route finished!`, falls die Route beendet
   ist.
  </knowledge>
  <entity_paths>
    - ProgrammingWT2526-Final2 USES CLI command set: ProgrammingWT2526-Final2 uses a CLI command set
   including load area, plan, set skill, set goal, like, dislike, alternative.
    - ProgrammingWT2526-Final2 USES Lifte: ProgrammingWT2526-Final2 uses lifts, pistes, user skill
  and user preferences to compute routes
    - ProgrammingWT2526-Final2 USES Pisten: ProgrammingWT2526-Final2 uses lifts, pistes, user skill
  and user preferences to compute routes
    - ProgrammingWT2526-Final2 USES Nutzer-Können: ProgrammingWT2526-Final2 uses lifts, pistes, user
   skill and user preferences to compute routes
    - ProgrammingWT2526-Final2 USES Nutzer-Präferenzen: ProgrammingWT2526-Final2 uses lifts, pistes,
   user skill and user preferences to compute routes
    - ProgrammingWT2526-Final2 RELATES_TO Abschlussaufgabe 2, WS 2025/26: ProgrammingWT2526-Final2
  is an interactive ski route planning application (Abschlussaufgabe 2, WS 2025/26).
    - ProgrammingWT2526-Final2 RELATES_TO Prof. Dr.-Ing. Anne Koziolek (KASTEL):
  ProgrammingWT2526-Final2 is supervised by Prof. Dr.-Ing. Anne Koziolek (KASTEL).
    - ProgrammingWT2526-Final2 RELATES_TO Routenvorschlag (Folge von Liften und Pisten):
  ProgrammingWT2526-Final2 produces an ordered route suggestion as a sequence of lifts and pistes
    - ProgrammingWT2526-Final2 RELATES_TO interactive console application: ProgrammingWT2526-Final2
  uses an interactive console application interface.
    - list slopes (command) CONSTRAINT Ausgabeformat für Pisten: `list slopes` gibt alle Pisten
  aufsteigend nach Bezeichner, je Piste eine Zeile im Format `<id> <difficulty> <surface> <meter>
  <meter>`.
    - plan (command) CONSTRAINT Skigebiet geladen: Der `plan`-Befehl erfordert, dass ein Skigebiet
  geladen ist.
    - plan (command) CONSTRAINT Ziel und Können gesetzt: Der `plan`-Befehl erfordert, dass Ziel
  (goal) und Können (skill) festgesetzt wurden.
    - plan (command) CONSTRAINT Endzeit > Startzeit: Beim `plan`-Befehl muss die Endzeit nach der
  Startzeit liegen.
    - plan (command) CONSTRAINT Fehlerausgabe bei keiner Route (alle Lifte geschlossen): Findet
  `plan` keine Route, weil alle Lifte in der Zeitspanne geschlossen sind, muss ein Fehler ausgegeben
   werden.
    - plan (command) CONSTRAINT Ausgabe `route planned` bei Erfolg: `plan` gibt bei Erfolg die
  Meldung `route planned` aus.
    - plan (command) CONSTRAINT keine laufende Route: Der `plan`-Befehl darf nur ausgeführt werden,
  wenn momentan keine Route läuft.
    - task.md RELATES_TO Institute of Information Security and Dependability (KASTEL): The document
  task.md associates the assignment with the Institute of Information Security and Dependability
  (KASTEL).
    - task.md RELATES_TO Abschlussaufgabe 2 — Skiroutenplaner: The document task.md describes the
  assignment 'Abschlussaufgabe 2 — Skiroutenplaner'.
    - task.md RELATES_TO version 1.1: The document task.md has version '1.1'.; The document task.md
  has version 1.1.
    - task.md RELATES_TO Programmieren: The document task.md is associated with the course
  'Programmieren'.
  </entity_paths>
  <entity_matches>
    - ProgrammingWT2526-Final2 (score: 1.00) — Repository for Abschlussaufgabe 2 ski route planner.
    - Abschlussaufgabe 2 — Skiroutenplaner (score: 0.79) — Final assignment: Ski route planner
  project title.
    - list slopes (command) (score: 0.77) — Befehl zur Auflistung der Pisten
    - plan (command) (score: 0.77) — Befehl zur Routenplanung
    - task.md (score: 0.72) — document named task.md
  </entity_matches>
  <insights>
    - Agent community around ProgrammingWT2526-Final2, Abschlussaufgabe 2, WS 2025/26. Relevant
  agent facts: ProgrammingWT2526-Final2 is an interactive ski route planning application
  (Abschlussaufgabe 2, WS 2025/26).; ProgrammingWT2526-Final2 uses an interactive console
  application interface.; ProgrammingWT2526-Final2 is supervised by Prof. Dr.-Ing. Anne Koziolek
  (KASTEL).
    - Agent community around Abschlussaufgabe 2 — Skiroutenplaner, task.md, Institute of Information
   Security and Dependability (KASTEL) connects Prof. Dr.-Ing. Anne Koziolek, 20 Punkte,
  Wintersemester 2025/26. Relevant agent facts: The document task.md has version 1.1.; The document
  task.md associates the assignment with the Institute of Information Security and Dependability
  (KASTEL).; The document task.md describes the assignment 'Abschlussaufgabe 2 — Skiroutenplaner'.
  </insights>

● adaptive-memory extension active (role=requirements, memorySession=20260725-230937-req) - type
  /memory-help. MCP tools registered (memory=true, backlog=true).







Changes    +0 -0
Duration   1m 48s
Tokens     ↑ 29.8k (1.3k cached) • ↓ 1.2k (554 reasoning)
[delivery:requirements] Turn 6/8 complete
[delivery:requirements] Turn 7/8: examples.md — segment 6/6 — Beispiele — Abschlussaufgabe 2 (Skiroutenplaner)
● [adaptive-context] GET http://localhost:4444/api/agents/7af7809a-adce-4fa9-9609-fd61059de0ff/sessi
  ons/20260725-230937-req/context?input=Dokument%3A+examples.md%0ASegment%3A+6%2F6%0AAbschnitt%3A+Be
  ispiele+%E2%80%94+Abschlussaufgabe+2+%28Skiroutenplaner%29%0A%0ALies+diesen+Abschnitt+sorgf%C3%A4l
  tig+und+behalte+den+Kontext.+Erstelle+noch+keinen+Backlog+und+noch+keine+Tasks.+Warte+damit+bis+zu
  m+abschlie%C3%9Fenden+%2Ffinalize.%0A%0A%23+Beispiele+%E2%80%94+Abschlussaufgabe+2+%28Skiroutenpla
  ner%29%0A%0ADieses+Dokument+enth%C3%A4lt+die+in+der+Aufgabenstellung+referenzierten+Beispieldateie
  n+sowie+die+vollst%C3%A4ndige+Beispielinteraktion.+Sie+dienen+zur+Validierung+des+erwarteten+Verha
  ltens.+Die+Zeilennummern+und+die+Trennlinie+sind+kein+Bestandteil+der+Benutzerschnittstelle%3B+sie
  +dienen+lediglich+zur+Orientierung+in+der+gegebenen+Beispielinteraktion.+Eingabezeilen+werden+mit+
  einer+schlie%C3%9Fenden+spitzen+Klammer+%28%60%3E%60%29+gefolgt+von+einem+Leerzeichen+eingeleitet+
  %E2%80%94+diese+beiden+Zeichen+sind+kein+Bestandteil+des+eingegebenen+Befehls%2C+sondern+dienen+de
  r+Unterscheidung+zwischen+Ein-+und+Ausgabezeilen.%0A%0A%23%23+1+Beispiel-Skigebietsdatei%0A%0A%23%
  23%23+1.1+%60example_graph.txt%60+%28Beispiel-Skigebiet+mit+2+Liften+und+3+Pisten%29%0A%0A%60%60%6
  0%0Agraph%0A++++LiftA%5B%5BLiftA%3Cbr%2F%3EGONDOLA%3B08%3A00%3B16%3A00%3B10%3B2%5D%5D%0A++++Piste1
  %28%5BPiste1%3Cbr%2F%3EBLUE%3BICY%3B2000%3B500%5D%29%0A++++LiftB%5BLiftB%3Cbr%2F%3ECHAIRLIFT%3B08%
  3A30%3B16%3A15%3B5%3B1%5D%0A++++Piste2%28%5BPiste2%3Cbr%2F%3ERED%3BBUMPY%3B2000%3B200%5D%29%0A++++
  Piste3%28%5BPiste3%3Cbr%2F%3EBLACK%3BREGULAR%3B2000%3B1000%5D%29%0A++++LiftA+--%3E+Piste1%0A++++Pi
  ste1+--%3E+LiftB%0A++++LiftB+--%3E+Piste2%0A++++LiftB+--%3E+Piste3%0A++++Piste2+--%3E+LiftB%0A++++
  Piste3+--%3E+LiftA%0A%60%60%60%0A%0A%23%23+2+Beispiel-Befehlsausf%C3%BChrungen%0A%0A%23%23%23+2.1+
  %60quit%60%0A%0A%60%60%60%0A%3E+quit%0A%60%60%60%0A%0A%23%23%23+2.2+%60load+area%60%0A%0A%60%60%60
  %0A%3E+load+area+.%2Farea.txt%0Agraph%0A++++LiftA%5B%5BLiftA%3Cbr%2F%3EGONDOLA%3B08%3A00%3B16%3A00
  %3B10%3B2%5D%5D%0A++++Piste1%28%5BPiste1%3Cbr%2F%3EBLUE%3BICY%3B2000%3B500%5D%29%0A++++LiftB%5BLif
  tB%3Cbr%2F%3ECHAIRLIFT%3B08%3A30%3B16%3A15%3B5%3B1%5D%0A++++Piste2%28%5BPiste2%3Cbr%2F%3ERED%3BBUM
  PY%3B2000%3B200%5D%29%0A++++Piste3%28%5BPiste3%3Cbr%2F%3EBLACK%3BREGULAR%3B2000%3B1000%5D%29%0A+++
  +LiftA+--%3E+Piste1%0A++++Piste1+--%3E+LiftB%0A++++LiftB+--%3E+Piste2%0A++++LiftB+--%3E+Piste3%0A+
  +++Piste2+--%3E+LiftB%0A++++Piste3+--%3E+LiftA%0A%60%60%60%0A%0A%23%23%23+2.3+%60list+lifts%60%0A%
  0A%60%60%60%0A%3E+list+lifts%0ALiftA+GONDOLA+08%3A00+16%3A00+10+2+TRANSIT%0ALiftB+CHAIRLIFT+08%3A3
  0+16%3A15+5+1%0A%60%60%60%0A%0A%23%23%23+2.4+%60list+slopes%60%0A%0A%60%60%60%0A%3E+list+slopes%0A
  Piste1+BLUE+ICY+2000+500%0APiste2+RED+BUMPY+2000+200%0APiste3+BLACK+REGULAR+2000+1000%0A%60%60%60%
  0A%0A%23%23%23+2.5+%60set+skill%60%0A%0A%60%60%60%0A%3E+set+skill+EXPERT%0A%60%60%60%0A%0A%23%23%2
  3+2.6+%60set+goal%60%0A%0A%60%60%60%0A%3E+set+goal+DISTANCE%0A%60%60%60%0A%0A%23%23%23+2.7+%60like
  %60%0A%0A%60%60%60%0A%3E+like+BLUE%0A%60%60%60%0A%0A%23%23%23+2.8+%60dislike%60%0A%0A%60%60%60%0A%
  3E+dislike+BUMPY%0A%60%60%60%0A%0A%23%23%23+2.9+%60reset+preferences%60%0A%0A%60%60%60%0A%3E+reset
  +preferences%0A%60%60%60%0A%0A%23%23%23+2.10+%60plan%60%0A%0A%60%60%60%0A%3E+plan+LiftA+08%3A30+15
  %3A45%0Aroute+planned%0A%60%60%60%0A%0A%23%23%23+2.11+%60abort%60%0A%0A%60%60%60%0A%3E+abort%0Arou
  te+aborted%0A%60%60%60%0A%0A%23%23%23+2.12+%60next%60%0A%0A%60%60%60%0A%3E+next%0ALiftA%0A%60%60%6
  0%0A%0A%23%23%23+2.13+%60next%60+%28Route+beendet%29%0A%0A%60%60%60%0A%3E+next%0Aroute+finished%21
  %0A%60%60%60%0A%0A%23%23%23+2.14+%60take%60%0A%0A%60%60%60%0A%3E+next%0ALiftA%0A%3E+take%0A%60%60%
  60%0A%0A%23%23%23+2.15+%60alternative%60+%28mit+Alternative%29%0A%0A%60%60%60%0A%3E+next%0APiste2%
  0A%3E+alternative%0Aavoided+Piste2%0A%3E+next%0APiste3+%0A%60%60%60%0A%0A%23%23%23+2.16+%60alterna
  tive%60+%28keine+Alternative+vorhanden%29%0A%0A%60%60%60%0A%3E+next%0APiste1%0A%3E+alternative%0An
  o+alternative+found%0A%3E+next%0APiste1+%0A%60%60%60%0A%0A%23%23%23+2.17+%60show+route%60%0A%0A%60
  %60%60%0A%3E+show+route%0ALiftA+Piste1+LiftB+Piste3%0A%60%60%60%0A%0A%23%23+3+Vollst%C3%A4ndige+Be
  ispielinteraktion%0A%0A%60%60%60%0A%3E+load+area+.%2Finput%2Farea.txt%0Agraph%0A++++LiftA%5B%5BLif
  tA%3Cbr%2F%3EGONDOLA%3B08%3A00%3B16%3A00%3B10%3B2%5D%5D%0A++++Piste1%28%5BPiste1%3Cbr%2F%3EBLUE%3B
  ICY%3B2000%3B500%5D%29%0A++++LiftB%5BLiftB%3Cbr%2F%3ECHAIRLIFT%3B08%3A30%3B16%3A15%3B5%3B1%5D%0A++
  ++Piste2%28%5BPiste2%3Cbr%2F%3ERED%3BBUMPY%3B2000%3B200%5D%29%0A++++Piste3%28%5BPiste3%3Cbr%2F%3EB
  LACK%3BREGULAR%3B2000%3B1000%5D%29%0A++++LiftA+--%3E+Piste1%0A++++Piste1+--%3E+LiftB%0A++++LiftB+-
  -%3E+Piste2%0A++++LiftB+--%3E+Piste3%0A++++Piste2+--%3E+LiftB%0A++++Piste3+--%3E+LiftA%0A%3E+set+s
  kill+BEGINNER%0A%3E+set+goal+DISTANCE%0A%3E+like+BLUE%0A%3E+dislike+BUMPY%0A%3E+plan+LiftA+11%3A00
  +12%3A30%0Aroute+planned%0A%3E+show+route%0ALiftA+Piste1+LiftB+Piste3+LiftA+Piste1+LiftB+Piste3%0A
  %3E+next%0ALiftA%0A%3E+take%0A%3E+next%0APiste1%0A%3E+take%0A%3E+next%0ALiftB%0A%3E+take%0A%3E+nex
  t%0APiste3%0A%3E+take%0A%3E+next%0ALiftA%0A%3E+take%0A%3E+next%0APiste1%0A%3E+take%0A%3E+next%0ALi
  ftB%0A%3E+take%0A%3E+next%0APiste3%0A%3E+take%0A%3E+next%0Aroute+finished%21%0A%3E+set+skill+EXPER
  T%0A%3E+set+goal+ALTITUDE%0A%3E+like+BLACK%0A%3E+like+ICY%0A%3E+plan+LiftA+13%3A00+15%3A30%0Aroute
  +planned%0A%3E+show+route%0ALiftA+Piste1+LiftB+Piste3+LiftA+Piste1+LiftB+Piste3+LiftA+Piste1+LiftB
  +Piste3+LiftA+Piste1+LiftB+Piste3%0A%3E+next%0ALiftA%0A%3E+take%0A%3E+next%0APiste1%0A%3E+take%0A%
  3E+next%0ALiftB%0A%3E+take%0A%3E+next%0APiste3%0A%3E+take%0A%3E+next%0ALiftA%0A%3E+take%0A%3E+next
  %0APiste1%0A%3E+take%0A%3E+next%0ALiftB%0A%3E+take%0A%3E+next%0APiste3%0A%3E+alternative%0Aavoided
  +Piste3%0A%3E+show+route%0APiste2+LiftB+Piste2+LiftB+Piste2+LiftB+Piste3+LiftA+Piste1+LiftB+Piste3
  %0A%3E+next%0APiste2%0A%3E+take%0A%3E+next%0ALiftB%0A%3E+take%0A%3E+next%0APiste2%0A%3E+take%0A%3E
  +next%0ALiftB%0A%3E+take%0A%3E+next%0APiste2%0A%3E+take%0A%3E+next%0ALiftB%0A%3E+take%0A%3E+next%0
  APiste3%0A%3E+take%0A%3E+next%0ALiftA%0A%3E+take%0A%3E+next%0APiste1%0A%3E+take%0A%3E+next%0ALiftB
  %0A%3E+take%0A%3E+next%0APiste3%0A%3E+take%0A%3E+next%0Aroute+finished%21%0A%3E+quit%0A%60%60%60&p
  roject=ProgrammingWT2526-Final2&role=requirements&task=Understand+the+wt2526final02+and+create+its
  +backlog+when+prompted.&timestamp=2026-07-25T21%3A13%3A16.640Z&domain=wt2526final02

● Injected adaptive memory context into system prompt

● <adaptive_rules>
  - Wird die Route während der Fahrt neu berechnet, so ist die Startzeit der Route die aktuelle Zeit
   und der Startpunkt die aktuelle Position des Skifahrers.
  - Alle Befehle werden auf dem aktuellen Programmzustand ausgeführt; nach Abarbeitung wartet das
  Programm auf weitere Eingaben.
  - Ausgaben müssen exakt den Vorgaben entsprechen (Groß-/Kleinschreibung, Leerzeichen,
  Zeilenumbrüche).
  - Das Dokument verlangt das erfolgreiche Bestehen verpflichtender Tests; Verletzung führt zur
  automatischen Bewertung mit null Punkten.
  - Das Programm darf keine zusätzlichen Informationen ausgeben; nur die in der Aufgabenstellung
  angegebenen Informationen sind erlaubt.
  - Das Programm muss über gewöhnliche Kontrollflussmechanismen beendet werden;
  System.exit()/Runtime.exit() dürfen dafür nicht verwendet werden.
  - Der Quellcode muss fehlerfrei kompilieren.
  - Die Abgabe erfolgt online als einzelne Arbeit: *.java-Dateien mit entsprechender Ordnerstruktur
  im zugehörigen Verzeichnis einreichen.
  - Die Bearbeitung muss ausschließlich Java SE 21 verwenden.
  - Die Einhaltung des bereitgestellten Satzes von Checkstyle-Regeln ist verpflichtend; Verstöße
  können automatisch bewertet werden.
  - Die in Beispielinteraktionen verwendete führende Zeichenfolge "> " (größer-als und Leerzeichen)
  ist nicht Teil der Eingabezeile.
  - Fehlermeldungen dürfen keine Sonderzeichen wie Zeilenumbrüche oder Umlaute enthalten.
  - Fehlermeldungen dürfen optional über System.err ausgegeben werden.
  - Fehlermeldungen können in englischer Sprache frei gewählt werden, sollten aber
  sinnvoll/erklärend sein.
  - Für Ausgaben ist immer die Standardausgabe System.out zu verwenden.
  - Für Eingaben ist immer die Standardeingabe System.in zu verwenden.
  - Jede Fehlermeldung muss mit "Error," beginnen.
  - Nach Ausgabe einer Fehlermeldung soll das Programm fortfahren und auf die nächste Eingabe
  warten.
  - Nur java.util.Scanner und Klassen aus den explizit aufgelisteten Paketen dürfen verwendet
  werden.
  - Standard-Ein- und -Ausgabeströme dürfen nicht neu zugewiesen werden.
  - Verpflichtende Tests müssen zuerst bestanden werden, bevor andere Tests ausgewertet werden.
  - Wörter in spitzen Klammern (`<` und `>`) sind Platzhalter und dürfen nicht Teil der
  tatsächlichen Ein-/Ausgabe sein.
  - Die Summen der Präferenzwerte beider Routen werden verglichen; gewählt wird die Route mit dem
  höheren Gesamtwert.
  - Jeder Lift und jede Piste ist mit 1..n Liften und Pisten verbunden (jeweils mindestens eine
  Verbindung).
  - Bei Gleichstand wird die Route gewählt, deren Bezeichner lexikografisch vor den Bezeichnern der
  anderen liegt.
  - Bei Übereinstimmung mit einer positiven Präferenz wird +1, bei Übereinstimmung mit einer
  negativen Präferenz −1 vergeben.
  - Symmetrische Verbindungen sind nur zwischen Liften und Pisten erlaubt.
  - Beim `plan`-Befehl muss die Endzeit nach der Startzeit liegen.
  - Der `plan`-Befehl darf nur ausgeführt werden, wenn momentan keine Route läuft.
  - Der `plan`-Befehl erfordert, dass ein Skigebiet geladen ist.
  - Der `plan`-Befehl erfordert, dass Ziel (goal) und Können (skill) festgesetzt wurden.
  - Findet `plan` keine Route, weil alle Lifte in der Zeitspanne geschlossen sind, muss ein Fehler
  ausgegeben werden.
  - Ein Gebiet muss mindestens einen Lift (Talstation) und mindestens eine Piste enthalten.
  - Ein Skigebiet ist ein zusammenhängender gerichteter Graph aus Liften und Pisten.
  - Die Online-Einreichungsprüfung markiert speziell verpflichtende Checkstyle-Regeln; deren
  Verletzung führt zur Abgabe mit null Punkten.
  - Beim Validieren in `load area` muss geprüft werden, dass alle Bezeichner eindeutig sind.
  - Beim Validieren in `load area` muss geprüft werden, dass das Skigebiet zusammenhängend ist.
  - Beim Validieren in `load area` muss geprüft werden, dass mindestens eine Talstation und
  mindestens eine Piste vorhanden sind.
  - Es dürfen keine reflexiven Verbindungen existieren (kein Knoten darf mit sich selbst verbunden
  sein).
  </adaptive_rules>

  <memories>
    - ProgrammingWT2526-Final2 is an interactive ski route planning application (Abschlussaufgabe 2,
   WS 2025/26).
    - The document task.md describes the assignment 'Abschlussaufgabe 2 — Skiroutenplaner'.
    - ProgrammingWT2526-Final2 is supervised by Prof. Dr.-Ing. Anne Koziolek (KASTEL).
    - ProgrammingWT2526-Final2 uses a CLI command set including load area, plan, set skill, set
  goal, like, dislike, alternative.
    - The document task.md is associated with the course 'Programmieren'.
    - ProgrammingWT2526-Final2 uses an interactive console application interface.
    - ProgrammingWT2526-Final2 uses lifts, pistes and user skills/preferences to compute an optimal,
   time-feasible sequence of lifts and pistes.
    - task.md (Einführung) states that following sections will explain the occurring concepts and
  the required commands with example inputs and outputs.
    - ProgrammingWT2526-Final2 uses lifts, pistes, user skill and user preferences to compute routes
    - ProgrammingWT2526-Final2 produces an ordered route suggestion as a sequence of lifts and
  pistes
  </memories>
  <knowledge>
    - Die Befehle `set skill`, `set goal`, `like`, `dislike` und `reset preferences` können auch
  nach Planung oder Beginn einer Route benutzt werden und lösen eine dynamische Neuberechnung der
  Route aus.
    - `alternative` gibt `avoided <id>` aus oder `no alternative found`, falls keine Alternative
  vorhanden ist.
    - `show route` gibt die verbleibende Route als Liste von Bezeichnern `<id> <id> ... <id>` aus;
  erster Bezeichner ist die nächste Piste bzw. der nächste Lift.
    - `list slopes` gibt alle Pisten aufsteigend nach Bezeichner, je Piste eine Zeile im Format
  `<id> <difficulty> <surface> <meter> <meter>`.
    - Das Programm darf zur Beendigung nicht `System.exit()`, `Runtime.exit()` oder dergleichen
  verwenden; es muss regulär über Kontrollfluss beendet werden.
    - Der Befehl `alternative` darf nur direkt nach dem `next`-Befehl ausgeführt werden.
    - Wird `load area` mit einem gültigen neuen Gebiet ausgeführt, wird eine eventuell laufende
  Route abgebrochen.
    - `load area` gibt den Inhalt der geladenen Datei unverändert (verbatim) aus.
    - Wird `load area` mehrfach ausgeführt und das neue Gebiet ist gültig, wird das alte Gebiet
  überschrieben.
    - `list lifts` gibt alle Lifte aufsteigend nach Bezeichner, je Lift eine Zeile im Format `<id>
  <liftType> <time> <time> <meter> <meter> [TRANSIT]`; Talstationen erhalten am Ende `TRANSIT`.
    - `plan` gibt bei Erfolg die Meldung `route planned` aus.
    - `abort` gibt `route aborted` aus.
    - `next` gibt den nächsten Bezeichner `<id>` aus oder `route finished!`, falls die Route beendet
   ist.
    - Die Befehle `take` dürfen nur direkt nach dem `next`-Befehl ausgeführt werden.
  </knowledge>
  <entity_paths>
    - ProgrammingWT2526-Final2 USES CLI command set: ProgrammingWT2526-Final2 uses a CLI command set
   including load area, plan, set skill, set goal, like, dislike, alternative.
    - ProgrammingWT2526-Final2 USES Nutzerfähigkeiten und -präferenzen: ProgrammingWT2526-Final2
  uses lifts, pistes and user skills/preferences to compute an optimal, time-feasible sequence of
  lifts and pistes.
    - ProgrammingWT2526-Final2 USES Lifte: ProgrammingWT2526-Final2 uses lifts, pistes, user skill
  and user preferences to compute routes; ProgrammingWT2526-Final2 uses lifts, pistes and user
  skills/preferences to compute an optimal, time-feasible sequence of lifts and pistes.
    - ProgrammingWT2526-Final2 USES Pisten: ProgrammingWT2526-Final2 uses lifts, pistes, user skill
  and user preferences to compute routes; ProgrammingWT2526-Final2 uses lifts, pistes and user
  skills/preferences to compute an optimal, time-feasible sequence of lifts and pistes.
    - ProgrammingWT2526-Final2 USES Nutzer-Können: ProgrammingWT2526-Final2 uses lifts, pistes, user
   skill and user preferences to compute routes
    - ProgrammingWT2526-Final2 USES Nutzer-Präferenzen: ProgrammingWT2526-Final2 uses lifts, pistes,
   user skill and user preferences to compute routes
    - ProgrammingWT2526-Final2 RELATES_TO Abschlussaufgabe 2, WS 2025/26: ProgrammingWT2526-Final2
  is an interactive ski route planning application (Abschlussaufgabe 2, WS 2025/26).
    - ProgrammingWT2526-Final2 RELATES_TO Prof. Dr.-Ing. Anne Koziolek (KASTEL):
  ProgrammingWT2526-Final2 is supervised by Prof. Dr.-Ing. Anne Koziolek (KASTEL).
    - ProgrammingWT2526-Final2 RELATES_TO Routenvorschlag (Folge von Liften und Pisten):
  ProgrammingWT2526-Final2 produces an ordered route suggestion as a sequence of lifts and pistes
    - ProgrammingWT2526-Final2 RELATES_TO interactive console application: ProgrammingWT2526-Final2
  uses an interactive console application interface.
    - ProgrammingWT2526-Final2 USES Lifte: ProgrammingWT2526-Final2 uses lifts, pistes, user skill
  and user preferences to compute routes; ProgrammingWT2526-Final2 uses lifts, pistes and user
  skills/preferences to compute an optimal, time-feasible sequence of lifts and pistes.
    - Lifte USES Nutzerfähigkeiten und -präferenzen: ProgrammingWT2526-Final2 uses lifts, pistes and
   user skills/preferences to compute an optimal, time-feasible sequence of lifts and pistes.
    - ProgrammingWT2526-Final2 USES Lifte: ProgrammingWT2526-Final2 uses lifts, pistes, user skill
  and user preferences to compute routes; ProgrammingWT2526-Final2 uses lifts, pistes and user
  skills/preferences to compute an optimal, time-feasible sequence of lifts and pistes.
    - Lifte USES Pisten: ProgrammingWT2526-Final2 uses lifts, pistes, user skill and user
  preferences to compute routes; ProgrammingWT2526-Final2 uses lifts, pistes and user
  skills/preferences to compute an optimal, time-feasible sequence of lifts and pistes.
    - ProgrammingWT2526-Final2 USES Lifte: ProgrammingWT2526-Final2 uses lifts, pistes, user skill
  and user preferences to compute routes; ProgrammingWT2526-Final2 uses lifts, pistes and user
  skills/preferences to compute an optimal, time-feasible sequence of lifts and pistes.
    - Lifte USES Nutzer-Können: ProgrammingWT2526-Final2 uses lifts, pistes, user skill and user
  preferences to compute routes
    - ProgrammingWT2526-Final2 USES Lifte: ProgrammingWT2526-Final2 uses lifts, pistes, user skill
  and user preferences to compute routes; ProgrammingWT2526-Final2 uses lifts, pistes and user
  skills/preferences to compute an optimal, time-feasible sequence of lifts and pistes.
    - Lifte USES Nutzer-Präferenzen: ProgrammingWT2526-Final2 uses lifts, pistes, user skill and
  user preferences to compute routes
    - ProgrammingWT2526-Final2 USES Pisten: ProgrammingWT2526-Final2 uses lifts, pistes, user skill
  and user preferences to compute routes; ProgrammingWT2526-Final2 uses lifts, pistes and user
  skills/preferences to compute an optimal, time-feasible sequence of lifts and pistes.
    - Pisten USES Nutzerfähigkeiten und -präferenzen: ProgrammingWT2526-Final2 uses lifts, pistes
  and user skills/preferences to compute an optimal, time-feasible sequence of lifts and pistes.
    - ProgrammingWT2526-Final2 USES Pisten: ProgrammingWT2526-Final2 uses lifts, pistes, user skill
  and user preferences to compute routes; ProgrammingWT2526-Final2 uses lifts, pistes and user
  skills/preferences to compute an optimal, time-feasible sequence of lifts and pistes.
    - Pisten USES Nutzer-Können: ProgrammingWT2526-Final2 uses lifts, pistes, user skill and user
  preferences to compute routes
    - ProgrammingWT2526-Final2 USES Pisten: ProgrammingWT2526-Final2 uses lifts, pistes, user skill
  and user preferences to compute routes; ProgrammingWT2526-Final2 uses lifts, pistes and user
  skills/preferences to compute an optimal, time-feasible sequence of lifts and pistes.
    - Pisten USES Nutzer-Präferenzen: ProgrammingWT2526-Final2 uses lifts, pistes, user skill and
  user preferences to compute routes
    - ProgrammingWT2526-Final2 USES Nutzer-Können: ProgrammingWT2526-Final2 uses lifts, pistes, user
   skill and user preferences to compute routes
    - Nutzer-Können USES Nutzer-Präferenzen: ProgrammingWT2526-Final2 uses lifts, pistes, user skill
   and user preferences to compute routes
  </entity_paths>
  <entity_matches>
    - ProgrammingWT2526-Final2 (score: 1.00) — Repository for Abschlussaufgabe 2 ski route planner
    - Abschlussaufgabe 2 — Skiroutenplaner (score: 0.79) — Final assignment: Ski route planner
  project title.
    - Routenvorschlag (Folge von Liften und Pisten) (score: 0.78) — Ordered sequence of lifts and
  pistes forming a ski-day route
    - Nutzerfähigkeiten und -präferenzen (score: 0.75) — User skill levels and route preferences
    - Nutzer-Präferenzen (score: 0.74) — User route and skiing preferences (e.g., difficulty, time)
  </entity_matches>
  <insights>
    - Agent community around ProgrammingWT2526-Final2, Routenvorschlag (Folge von Liften und
  Pisten), CLI command set connects interactive console application. Relevant agent facts:
  ProgrammingWT2526-Final2 is an interactive ski route planning application (Abschlussaufgabe 2, WS
  2025/26).; ProgrammingWT2526-Final2 uses an interactive console application interface.;
  ProgrammingWT2526-Final2 is supervised by Prof. Dr.-Ing. Anne Koziolek (KASTEL).
    - Agent community around Abschlussaufgabe 2 — Skiroutenplaner, task.md, Konzepte und Befehle mit
   Beispiel-IO connects Programmieren, Prof. Dr.-Ing. Anne Koziolek, 20 Punkte. Relevant agent
  facts: task.md (Einführung) states that following sections will explain the occurring concepts and
   the required commands with example inputs and outputs.; The document task.md associates the
  assignment with the Institute of Information Security and Dependability (KASTEL).; The document
  task.md describes the assignment 'Abschlussaufgabe 2 — Skiroutenplaner'.
    - Agent community around Nutzerfähigkeiten und -präferenzen, Nutzer-Präferenzen, Lifte. Relevant
   agent facts: ProgrammingWT2526-Final2 uses lifts, pistes and user skills/preferences to compute
  an optimal, time-feasible sequence of lifts and pistes.; ProgrammingWT2526-Final2 uses lifts,
  pistes, user skill and user preferences to compute routes
    - Agent community around ProgrammingWT2526-Final2, Routenvorschlag (Folge von Liften und
  Pisten), Nutzerfähigkeiten und -präferenzen connects Abschlussaufgabe 2, WS 2025/26, Prof.
  Dr.-Ing. Anne Koziolek (KASTEL), interactive console application, Lifte. Relevant agent facts:
  ProgrammingWT2526-Final2 is an interactive ski route planning application (Abschlussaufgabe 2, WS
  2025/26).; ProgrammingWT2526-Final2 uses an interactive console application interface.;
  ProgrammingWT2526-Final2 is supervised by Prof. Dr.-Ing. Anne Koziolek (KASTEL).
  </insights>

● adaptive-memory extension active (role=requirements, memorySession=20260725-230937-req) - type
  /memory-help. MCP tools registered (memory=true, backlog=true).







Changes    +0 -0
Duration   2m 17s
Tokens     ↑ 33.0k (1.3k cached) • ↓ 1.4k (902 reasoning)
[delivery:requirements] Turn 7/8 complete
[delivery:requirements] Turn 8/8: Finalize backlog creation
● [adaptive-context] GET http://localhost:4444/api/agents/7af7809a-adce-4fa9-9609-fd61059de0ff/sessi
  ons/20260725-230937-req/context?input=%2Ffinalize&project=ProgrammingWT2526-Final2&role=requiremen
  ts&task=Understand+the+wt2526final02+and+create+its+backlog+when+prompted.&timestamp=2026-07-25T21
  %3A13%3A45.297Z&domain=wt2526final02

● Injected adaptive memory context into system prompt

● <adaptive_rules>
  - Alle Befehle werden auf dem aktuellen Programmzustand ausgeführt; nach Abarbeitung wartet das
  Programm auf weitere Eingaben.
  - Ausgaben müssen exakt den Vorgaben entsprechen (Groß-/Kleinschreibung, Leerzeichen,
  Zeilenumbrüche).
  - Das Dokument verlangt das erfolgreiche Bestehen verpflichtender Tests; Verletzung führt zur
  automatischen Bewertung mit null Punkten.
  - Das Programm darf keine zusätzlichen Informationen ausgeben; nur die in der Aufgabenstellung
  angegebenen Informationen sind erlaubt.
  - Das Programm muss über gewöhnliche Kontrollflussmechanismen beendet werden;
  System.exit()/Runtime.exit() dürfen dafür nicht verwendet werden.
  - Der Quellcode muss fehlerfrei kompilieren.
  - Die Abgabe erfolgt online als einzelne Arbeit: *.java-Dateien mit entsprechender Ordnerstruktur
  im zugehörigen Verzeichnis einreichen.
  - Die Bearbeitung muss ausschließlich Java SE 21 verwenden.
  - Die Einhaltung des bereitgestellten Satzes von Checkstyle-Regeln ist verpflichtend; Verstöße
  können automatisch bewertet werden.
  - Die in Beispielinteraktionen verwendete führende Zeichenfolge "> " (größer-als und Leerzeichen)
  ist nicht Teil der Eingabezeile.
  - Fehlermeldungen dürfen keine Sonderzeichen wie Zeilenumbrüche oder Umlaute enthalten.
  - Fehlermeldungen dürfen optional über System.err ausgegeben werden.
  - Fehlermeldungen können in englischer Sprache frei gewählt werden, sollten aber
  sinnvoll/erklärend sein.
  - Für Ausgaben ist immer die Standardausgabe System.out zu verwenden.
  - Für Eingaben ist immer die Standardeingabe System.in zu verwenden.
  - Jede Fehlermeldung muss mit "Error," beginnen.
  - Nach Ausgabe einer Fehlermeldung soll das Programm fortfahren und auf die nächste Eingabe
  warten.
  - Nur java.util.Scanner und Klassen aus den explizit aufgelisteten Paketen dürfen verwendet
  werden.
  - Standard-Ein- und -Ausgabeströme dürfen nicht neu zugewiesen werden.
  - Verpflichtende Tests müssen zuerst bestanden werden, bevor andere Tests ausgewertet werden.
  - Wörter in spitzen Klammern (`<` und `>`) sind Platzhalter und dürfen nicht Teil der
  tatsächlichen Ein-/Ausgabe sein.
  - Beim Validieren in `load area` muss geprüft werden, dass alle Bezeichner eindeutig sind.
  - Beim Validieren in `load area` muss geprüft werden, dass das Skigebiet zusammenhängend ist.
  - Beim Validieren in `load area` muss geprüft werden, dass mindestens eine Talstation und
  mindestens eine Piste vorhanden sind.
  - Beim `plan`-Befehl muss die Endzeit nach der Startzeit liegen.
  - Der `plan`-Befehl darf nur ausgeführt werden, wenn momentan keine Route läuft.
  - Der `plan`-Befehl erfordert, dass ein Skigebiet geladen ist.
  - Der `plan`-Befehl erfordert, dass Ziel (goal) und Können (skill) festgesetzt wurden.
  - Findet `plan` keine Route, weil alle Lifte in der Zeitspanne geschlossen sind, muss ein Fehler
  ausgegeben werden.
  </adaptive_rules>

  <memories>
    - ProgrammingWT2526-Final2 uses an interactive console application interface.
    - ProgrammingWT2526-Final2 uses a CLI command set including load area, plan, set skill, set
  goal, like, dislike, alternative.
    - ProgrammingWT2526-Final2 must not reassign System.in or System.out
    - ProgrammingWT2526-Final2 is an interactive ski route planning application (Abschlussaufgabe 2,
   WS 2025/26).
    - ProgrammingWT2526-Final2 is supervised by Prof. Dr.-Ing. Anne Koziolek (KASTEL).
  </memories>
  <entity_paths>
    - ProgrammingWT2526-Final2 USES CLI command set: ProgrammingWT2526-Final2 uses a CLI command set
   including load area, plan, set skill, set goal, like, dislike, alternative.
    - ProgrammingWT2526-Final2 USES Nutzerfähigkeiten und -präferenzen: ProgrammingWT2526-Final2
  uses lifts, pistes and user skills/preferences to compute an optimal, time-feasible sequence of
  lifts and pistes.
    - ProgrammingWT2526-Final2 USES example_graph.txt (Mermaid BNF format): Skigebiet files are
  written in Mermaid syntax; the example_graph.txt follows the provided BNF grammar and produces the
   example ski area diagram.
    - ProgrammingWT2526-Final2 USES Lifte: ProgrammingWT2526-Final2 uses lifts, pistes, user skill
  and user preferences to compute routes; ProgrammingWT2526-Final2 uses lifts, pistes and user
  skills/preferences to compute an optimal, time-feasible sequence of lifts and pistes.
    - ProgrammingWT2526-Final2 USES Pisten: ProgrammingWT2526-Final2 uses lifts, pistes, user skill
  and user preferences to compute routes; ProgrammingWT2526-Final2 uses lifts, pistes and user
  skills/preferences to compute an optimal, time-feasible sequence of lifts and pistes.
    - ProgrammingWT2526-Final2 USES Nutzer-Können: ProgrammingWT2526-Final2 uses lifts, pistes, user
   skill and user preferences to compute routes
    - ProgrammingWT2526-Final2 USES Nutzer-Präferenzen: ProgrammingWT2526-Final2 uses lifts, pistes,
   user skill and user preferences to compute routes
    - ProgrammingWT2526-Final2 CONSTRAINT Do not reassign System.in/System.out:
  ProgrammingWT2526-Final2 must not reassign System.in or System.out
    - ProgrammingWT2526-Final2 RELATES_TO Abschlussaufgabe 2, WS 2025/26: ProgrammingWT2526-Final2
  is an interactive ski route planning application (Abschlussaufgabe 2, WS 2025/26).
    - ProgrammingWT2526-Final2 RELATES_TO Prof. Dr.-Ing. Anne Koziolek (KASTEL):
  ProgrammingWT2526-Final2 is supervised by Prof. Dr.-Ing. Anne Koziolek (KASTEL).
    - ProgrammingWT2526-Final2 RELATES_TO Routenvorschlag (Folge von Liften und Pisten):
  ProgrammingWT2526-Final2 produces an ordered route suggestion as a sequence of lifts and pistes
    - ProgrammingWT2526-Final2 RELATES_TO interactive console application: ProgrammingWT2526-Final2
  uses an interactive console application interface.
    - task.md USES Mermaid-like skiarea file format (BNF): Document 'task.md' specifies the skiarea
  file format using a Mermaid-like syntax and provides example file 'example_graph.txt' and a BNF
  grammar for the format.
    - task.md CONSTRAINT Route constraints and objectives: Document 'task.md' specifies route
  validity and optimization goals: route must start at a Talstation, use only allowable lifts
  (considering opening times and queue), account for all lift and piste times, end at a Talstation
  by t_end, and exactly one objective (max Δh, max L, max # rides, or max unique pistes) is
  maximized.
    - task.md RELATES_TO Lift (node): Document 'task.md' defines Lift node attributes: unique id,
  liftType (GONDOLA or CHAIRLIFT), start/end time, ride duration (minutes), queue time (minutes),
  and Talstation (transit lift) notation with '[[...]]'; a lift is usable only if Startzeit ≤
  (aktuelle Zeit + Anstehzeit) ≤ Endzeit.
    - task.md RELATES_TO Konzepte und Befehle mit Beispiel-IO: task.md (Einführung) states that
  following sections will explain the occurring concepts and the required commands with example
  inputs and outputs.
    - task.md RELATES_TO Institute of Information Security and Dependability (KASTEL): The document
  task.md associates the assignment with the Institute of Information Security and Dependability
  (KASTEL).
    - task.md RELATES_TO Abschlussaufgabe 2 — Skiroutenplaner: The document task.md describes the
  assignment 'Abschlussaufgabe 2 — Skiroutenplaner'.
    - task.md RELATES_TO Version 1.1: The document task.md has version '1.1'.
    - task.md RELATES_TO Programmieren: The document task.md is associated with the course
  'Programmieren'.
  </entity_paths>
  <entity_matches>
    - ProgrammingWT2526-Final2 (score: 1.00) — Interactive ski route planning application repository
   for the course assignment
    - task.md (score: 0.72) — Assignment specification file for ProgrammingWT2526-Final2 (segment
  3).
    - Abschlussaufgabe 2, WS 2025/26 (score: 0.68) — Course assignment identifier and semester for
  the project.
    - Wintersemester 2025/26 (score: 0.67) — Semester when the assignment is given.
    - Abschlussaufgabe 2 — Skiroutenplaner (score: 0.66) — Final assignment: Ski route planner
  project title.
  </entity_matches>
  <insights>
    - Agent community around ProgrammingWT2526-Final2, Abschlussaufgabe 2, WS 2025/26, CLI command
  set connects interactive console application. Relevant agent facts: ProgrammingWT2526-Final2 is an
   interactive ski route planning application (Abschlussaufgabe 2, WS 2025/26).;
  ProgrammingWT2526-Final2 uses an interactive console application interface.;
  ProgrammingWT2526-Final2 is supervised by Prof. Dr.-Ing. Anne Koziolek (KASTEL).
    - Agent community around task.md, Wintersemester 2025/26, Abschlussaufgabe 2 — Skiroutenplaner
  connects Version 1.1, Programmieren, Prof. Dr.-Ing. Anne Koziolek, 20 Punkte. Relevant agent
  facts: task.md (Einführung) states that following sections will explain the occurring concepts and
   the required commands with example inputs and outputs.; The document task.md associates the
  assignment with the Institute of Information Security and Dependability (KASTEL).; The document
  task.md describes the assignment 'Abschlussaufgabe 2 — Skiroutenplaner'.
    - Agent community around Nutzerfähigkeiten und -präferenzen, Lifte, Pisten. Relevant agent
  facts: ProgrammingWT2526-Final2 uses lifts, pistes and user skills/preferences to compute an
  optimal, time-feasible sequence of lifts and pistes.; Lifts have a unique identifier, type
  (GONDOLA or CHAIRLIFT), start and end times, ride duration and queue time (minutes); Talstation is
   a special lift that marks entry/exit and each Skigebiet has at least one Talstation.; A lift may
  be taken only if StartTime ≤ (currentTime + queueTime) ≤ EndTime.
    - Agent community around ProgrammingWT2526-Final2, Abschlussaufgabe 2, WS 2025/26, CLI command
  set connects Prof. Dr.-Ing. Anne Koziolek (KASTEL), Routenvorschlag (Folge von Liften und Pisten),
   interactive console application. Relevant agent facts: ProgrammingWT2526-Final2 is an interactive
   ski route planning application (Abschlussaufgabe 2, WS 2025/26).; ProgrammingWT2526-Final2 uses
  an interactive console application interface.; ProgrammingWT2526-Final2 is supervised by Prof.
  Dr.-Ing. Anne Koziolek (KASTEL).
  </insights>

● adaptive-memory extension active (role=requirements, memorySession=20260725-230937-req) - type
  /memory-help. MCP tools registered (memory=true, backlog=true).



● Create Backlog (MCP: agentic-memory) · Interaktive CLI-Anwendung (Java SE 21) zur Planung optimal…
  └ Backlog "Skiroutenplaner - Abschlussaufgabe 2" created with id: e25cfbe1-aefe...



● Create Tasks (MCP: agentic-memory) · backlogId: "e25cfbe1-aefe-4167-87c1-646d617f8760", tasks: [1…
  └ Created 15 task(s) in backlog e25cfbe1-aefe-4167-87c1-646d617f8760.



● Get Tasks (MCP: agentic-memory) · backlogId: "e25cfbe1-aefe-4167-87c1-646d617f8760"
  └ Output too large to read at once (26.8 KB). Saved to: /var/folders/fs/p8fxyq6...







Changes    +0 -0
Duration   4m 9s
Tokens     ↑ 157.4k (116.4k cached) • ↓ 7.4k (2.7k reasoning)
[delivery:requirements] Turn 8/8 complete
[delivery:requirements] Exercise requirements stream complete — advancing to backlog discovery
[delivery] Phase B: Backlog discovery
[delivery] Using backlog: "Skiroutenplaner - Abschlussaufgabe 2" (e25cfbe1-aefe-4167-87c1-646d617f8760)
[delivery] Backlog: "Skiroutenplaner - Abschlussaufgabe 2" (e25cfbe1-aefe-4167-87c1-646d617f8760)

[delivery] Phase C: Coding

● [adaptive-context] GET
  http://localhost:4444/api/agents/7af7809a-adce-4fa9-9609-fd61059de0ff/sessions/20260725-230937-cod
  ing/context?input=Implement+%22Skiroutenplaner+-+Abschlussaufgabe+2%22+backlog%3A+Project+setup+%2
  6+domain+model+classes%3B+BNF+Parser+for+ski+area+files%3B+Ski+area+validation%3B+CLI+main+loop+%2
  6+command+dispatcher%3B+load+area+command%3B+list+lifts+%26+list+slopes+commands%3B+User+profile+c
  ommands%3A+set+skill%2C+set+goal%2C+like%2C+dislike%2C+reset+preferences%3B+Piste+time+calculation
  %3B+Route+planning+engine%3B+plan+command%3B+Route+execution%3A+next%2C+take%2C+show+route+command
  s%3B+Route+execution%3A+abort+%26+alternative+commands%3B+Dynamic+re-planning+on+state+changes%3B+
  Error+handling+%26+edge+cases%3B+Integration+testing+with+example+interactions&project=Programming
  WT2526-Final2&role=coding&task=Implement+backlog+%22Skiroutenplaner+-+Abschlussaufgabe+2%22+in+the
  +selected+exercise+repository.&timestamp=2026-07-25T21%3A15%3A36.555Z&domain=wt2526final02

● Injected adaptive memory context into system prompt

● <adaptive_rules>
  - Wird die Route während der Fahrt neu berechnet, so ist die Startzeit der Route die aktuelle Zeit
   und der Startpunkt die aktuelle Position des Skifahrers.
  - Ein Gebiet muss mindestens einen Lift (Talstation) und mindestens eine Piste enthalten.
  - Ein Skigebiet ist ein zusammenhängender gerichteter Graph aus Liften und Pisten.
  - Beim `plan`-Befehl muss die Endzeit nach der Startzeit liegen.
  - Der `plan`-Befehl darf nur ausgeführt werden, wenn momentan keine Route läuft.
  - Der `plan`-Befehl erfordert, dass ein Skigebiet geladen ist.
  - Der `plan`-Befehl erfordert, dass Ziel (goal) und Können (skill) festgesetzt wurden.
  - Findet `plan` keine Route, weil alle Lifte in der Zeitspanne geschlossen sind, muss ein Fehler
  ausgegeben werden.
  - Beim Validieren in `load area` muss geprüft werden, dass alle Bezeichner eindeutig sind.
  - Beim Validieren in `load area` muss geprüft werden, dass das Skigebiet zusammenhängend ist.
  - Beim Validieren in `load area` muss geprüft werden, dass mindestens eine Talstation und
  mindestens eine Piste vorhanden sind.
  - Bei Gleichstand wird die Route gewählt, deren Bezeichner lexikografisch vor den Bezeichnern der
  anderen liegt.
  - Die Online-Einreichungsprüfung markiert speziell verpflichtende Checkstyle-Regeln; deren
  Verletzung führt zur Abgabe mit null Punkten.
  - Jeder Lift und jede Piste ist mit 1..n Liften und Pisten verbunden (jeweils mindestens eine
  Verbindung).
  - Die Summen der Präferenzwerte beider Routen werden verglichen; gewählt wird die Route mit dem
  höheren Gesamtwert.
  - Alle Befehle werden auf dem aktuellen Programmzustand ausgeführt; nach Abarbeitung wartet das
  Programm auf weitere Eingaben.
  - Ausgaben müssen exakt den Vorgaben entsprechen (Groß-/Kleinschreibung, Leerzeichen,
  Zeilenumbrüche).
  - Das Dokument verlangt das erfolgreiche Bestehen verpflichtender Tests; Verletzung führt zur
  automatischen Bewertung mit null Punkten.
  - Das Programm darf keine zusätzlichen Informationen ausgeben; nur die in der Aufgabenstellung
  angegebenen Informationen sind erlaubt.
  - Das Programm muss über gewöhnliche Kontrollflussmechanismen beendet werden;
  System.exit()/Runtime.exit() dürfen dafür nicht verwendet werden.
  - Der Quellcode muss fehlerfrei kompilieren.
  - Die Abgabe erfolgt online als einzelne Arbeit: *.java-Dateien mit entsprechender Ordnerstruktur
  im zugehörigen Verzeichnis einreichen.
  - Die Bearbeitung muss ausschließlich Java SE 21 verwenden.
  - Die Einhaltung des bereitgestellten Satzes von Checkstyle-Regeln ist verpflichtend; Verstöße
  können automatisch bewertet werden.
  - Die in Beispielinteraktionen verwendete führende Zeichenfolge "> " (größer-als und Leerzeichen)
  ist nicht Teil der Eingabezeile.
  - Fehlermeldungen dürfen keine Sonderzeichen wie Zeilenumbrüche oder Umlaute enthalten.
  - Fehlermeldungen dürfen optional über System.err ausgegeben werden.
  - Fehlermeldungen können in englischer Sprache frei gewählt werden, sollten aber
  sinnvoll/erklärend sein.
  - Für Ausgaben ist immer die Standardausgabe System.out zu verwenden.
  - Für Eingaben ist immer die Standardeingabe System.in zu verwenden.
  - Jede Fehlermeldung muss mit "Error," beginnen.
  - Nach Ausgabe einer Fehlermeldung soll das Programm fortfahren und auf die nächste Eingabe
  warten.
  - Nur java.util.Scanner und Klassen aus den explizit aufgelisteten Paketen dürfen verwendet
  werden.
  - Standard-Ein- und -Ausgabeströme dürfen nicht neu zugewiesen werden.
  - Verpflichtende Tests müssen zuerst bestanden werden, bevor andere Tests ausgewertet werden.
  - Wörter in spitzen Klammern (`<` und `>`) sind Platzhalter und dürfen nicht Teil der
  tatsächlichen Ein-/Ausgabe sein.
  - Symmetrische Verbindungen sind nur zwischen Liften und Pisten erlaubt.
  </adaptive_rules>

  <memories>
    - ProgrammingWT2526-Final2 is an interactive ski route planning application (Abschlussaufgabe 2,
   WS 2025/26).
    - The document task.md describes the assignment 'Abschlussaufgabe 2 — Skiroutenplaner'.
    - ProgrammingWT2526-Final2 uses lifts, pistes, user skill and user preferences to compute routes
    - ProgrammingWT2526-Final2 uses dynamic planning: set skill/goal/like/dislike/reset preferences
  trigger route recalculation; if skier is already on route start time becomes current time and
  start point becomes current position
    - Document 'task.md' requires implementing a system that plans a ski day by determining an
  optimal, time-feasible sequence of lifts and pistes based on lifts, pistes, and the user's skill
  and preferences.
    - ProgrammingWT2526-Final2 must be Checkstyle-conformant.
    - ProgrammingWT2526-Final2 is supervised by Prof. Dr.-Ing. Anne Koziolek (KASTEL).
    - ProgrammingWT2526-Final2 relates to dynamic recomputation of plans when skill, goal, or
  preferences change.
    - ProgrammingWT2526-Final2 relates to a CLI command set containing exactly 15 commands (quit,
  load area, list lifts, list slopes, set skill, set goal, like, dislike, reset preferences, plan,
  abort, next, take, alternative, show route).
    - ProgrammingWT2526-Final2 uses lifts, pistes and user skills/preferences to compute an optimal,
   time-feasible sequence of lifts and pistes.
    - ProgrammingWT2526-Final2 uses a CLI command set including load area, plan, set skill, set
  goal, like, dislike, alternative.
  </memories>
  <knowledge>
    - Die Befehle `set skill`, `set goal`, `like`, `dislike` und `reset preferences` können auch
  nach Planung oder Beginn einer Route benutzt werden und lösen eine dynamische Neuberechnung der
  Route aus.
  </knowledge>
  <entity_paths>
    - ProgrammingWT2526-Final2 USES Java SE 21: ProgrammingWT2526-Final2 uses Java SE 21.
    - ProgrammingWT2526-Final2 USES CLI command set: ProgrammingWT2526-Final2 uses a CLI command set
   including load area, plan, set skill, set goal, like, dislike, alternative.
    - ProgrammingWT2526-Final2 USES Nutzerfähigkeiten und -präferenzen: ProgrammingWT2526-Final2
  uses lifts, pistes and user skills/preferences to compute an optimal, time-feasible sequence of
  lifts and pistes.
    - ProgrammingWT2526-Final2 USES dynamic planning behavior: ProgrammingWT2526-Final2 uses dynamic
   planning: set skill/goal/like/dislike/reset preferences trigger route recalculation; if skier is
  already on route start time becomes current time and start point becomes current position
    - ProgrammingWT2526-Final2 USES example_graph.txt (Mermaid BNF format): Skigebiet files are
  written in Mermaid syntax; the example_graph.txt follows the provided BNF grammar and produces the
   example ski area diagram.
    - ProgrammingWT2526-Final2 USES Lifte: ProgrammingWT2526-Final2 uses lifts, pistes, user skill
  and user preferences to compute routes; ProgrammingWT2526-Final2 uses lifts, pistes and user
  skills/preferences to compute an optimal, time-feasible sequence of lifts and pistes.
    - ProgrammingWT2526-Final2 USES Pisten: ProgrammingWT2526-Final2 uses lifts, pistes, user skill
  and user preferences to compute routes; ProgrammingWT2526-Final2 uses lifts, pistes and user
  skills/preferences to compute an optimal, time-feasible sequence of lifts and pistes.
    - ProgrammingWT2526-Final2 USES Nutzer-Können: ProgrammingWT2526-Final2 uses lifts, pistes, user
   skill and user preferences to compute routes
    - ProgrammingWT2526-Final2 USES Nutzer-Präferenzen: ProgrammingWT2526-Final2 uses lifts, pistes,
   user skill and user preferences to compute routes
    - ProgrammingWT2526-Final2 USES preference commands: ProgrammingWT2526-Final2 uses the `like`,
  `dislike`, and `reset preferences` commands to store/reset slope difficulty or surface
  preferences, which can be changed during a planned or running route.
    - ProgrammingWT2526-Final2 CONSTRAINT Checkstyle conformance: ProgrammingWT2526-Final2 must be
  Checkstyle-conformant.
    - ProgrammingWT2526-Final2 CONSTRAINT Do not call System.exit(): ProgrammingWT2526-Final2 must
  not call System.exit().
    - ProgrammingWT2526-Final2 CONSTRAINT java.util.Scanner and allowed packages only:
  ProgrammingWT2526-Final2 must use java.util.Scanner for input and only explicitly allowed
  packages.
    - ProgrammingWT2526-Final2 CONSTRAINT Error message format: ProgrammingWT2526-Final2 requires
  error messages to start with 'Error,' followed by English text with no special characters.
    - ProgrammingWT2526-Final2 CONSTRAINT Exact output formats for tests: ProgrammingWT2526-Final2
  requires exact output formats to support automated tests.
    - ProgrammingWT2526-Final2 CONSTRAINT Do not reassign System.in/System.out:
  ProgrammingWT2526-Final2 must not reassign System.in or System.out
    - ProgrammingWT2526-Final2 CONSTRAINT area file validity rules: ProgrammingWT2526-Final2
  enforces area-file validity rules: identifiers must be unique, the area must be connected, and
  there must be at least one valley station and one slope.
    - ProgrammingWT2526-Final2 CONSTRAINT System.exit()/Runtime.exit(): ProgrammingWT2526-Final2
  must not terminate the JVM using System.exit() or Runtime.exit().
    - ProgrammingWT2526-Final2 RELATES_TO Abschlussaufgabe 2, WS 2025/26: ProgrammingWT2526-Final2
  is an interactive ski route planning application (Abschlussaufgabe 2, WS 2025/26).
    - ProgrammingWT2526-Final2 RELATES_TO CLI command set (15 commands): ProgrammingWT2526-Final2
  relates to a CLI command set containing exactly 15 commands (quit, load area, list lifts, list
  slopes, set skill, set goal, like, dislike, reset preferences, plan, abort, next, take,
  alternative, show route).
  </entity_paths>
  <entity_matches>
    - ProgrammingWT2526-Final2 (score: 1.00) — Interactive ski route planning application
  (Abschlussaufgabe 2).
    - Abschlussaufgabe 2 — Skiroutenplaner (score: 0.88) — Final assignment: Ski route planner
  project title.
    - interactive console application (score: 0.80) — Text-based CLI interface for the ski route
  planner.
    - examples.md (score: 0.79) — Examples document for Abschlussaufgabe 2 (Skiroutenplaner).
    - Routenvorschlag (Folge von Liften und Pisten) (score: 0.78) — Ordered sequence of lifts and
  pistes forming a ski-day route
  </entity_matches>
  <insights>
    - Agent community around ProgrammingWT2526-Final2, interactive console application,
  Routenvorschlag (Folge von Liften und Pisten) connects Abschlussaufgabe 2, WS 2025/26, Checkstyle
  conformance, Do not call System.exit(), java.util.Scanner and allowed packages only. Relevant
  agent facts: ProgrammingWT2526-Final2 is an interactive ski route planning application
  (Abschlussaufgabe 2, WS 2025/26).; ProgrammingWT2526-Final2 must be Checkstyle-conformant.;
  ProgrammingWT2526-Final2 must not call System.exit().
    - Agent community around Abschlussaufgabe 2 — Skiroutenplaner, task.md, Mermaid-like skiarea
  file format (BNF) connects Konzepte und Befehle mit Beispiel-IO, Institute of Information Security
   and Dependability (KASTEL), Version 1.1, Programmieren. Relevant agent facts: Document 'task.md'
  defines Lift node attributes: unique id, liftType (GONDOLA or CHAIRLIFT), start/end time, ride
  duration (minutes), queue time (minutes), and Talstation (transit lift) notation with '[[...]]'; a
   lift is usable only if Startzeit ≤ (aktuelle Zeit + Anstehzeit) ≤ Endzeit.; task.md (Einführung)
  states that following sections will explain the occurring concepts and the required commands with
  example inputs and outputs.; The document task.md associates the assignment with the Institute of
  Information Security and Dependability (KASTEL).
    - Agent community around examples.md, take, alternative connects plan preconditions and failure
  behavior, area validation rules, no System.exit/Runtime.exit usage, abort. Relevant agent facts:
  examples.md documents the CLI commands supported and demonstrated in the examples section; The
  'alternative' command can output 'avoided <Piste>' when an alternative is chosen or 'no
  alternative found' when none exists; `plan` requires an area loaded, goal and skill set, no
  running route, and an end time after the start; if no feasible route found because lifts are
  closed an error must be produced
    - Agent community around Nutzerfähigkeiten und -präferenzen, Lifte, Pisten connects Piste
  attributes, Lift attributes, Lift time condition. Relevant agent facts: Pistes have a unique
  identifier, difficulty (BLUE, RED, BLACK), surface (REGULAR, ICY, BUMPY), length in meters, and
  elevation change in meters.; ProgrammingWT2526-Final2 uses lifts, pistes and user
  skills/preferences to compute an optimal, time-feasible sequence of lifts and pistes.; Lifts have
  a unique identifier, type (GONDOLA or CHAIRLIFT), start and end times, ride duration and queue
  time (minutes); Talstation is a special lift that marks entry/exit and each Skigebiet has at least
   one Talstation.
    - Agent community around example_graph.txt, LiftA, Piste1 connects Piste3. Relevant agent facts:
   examples.md contains the example skiarea file example_graph.txt used in the specification's
  examples section; example_graph.txt defines lifts LiftA and LiftB and slopes Piste1, Piste2,
  Piste3 with directed edges
  </insights>

● adaptive-memory extension active (role=coding, memorySession=20260725-230937-coding) - type
  /memory-help. MCP tools registered (memory=true, backlog=true).

● Claim Next Task (MCP: agentic-memory) · backlogId: "e25cfbe1-aefe-4167-87c1-646d617f8760"
  └ Claimed task "Project setup & domain model classes" (092d6196-0fd1-463d-9225-...

● [turn-persistence] [turn-persistence] turn_end SKIPPED ai: no assistant message with content



● List directory .
  └ 15 files found

● Search (glob)
  │ "**/*.txt"
  └ 2 files found

● Search (glob)
  │ "**/*.java"
  └ No matches found

● Read pom.xml
  └ 31 lines read

● Read example_graph.txt
  │ listings/example_graph.txt
  └ 12 lines read

● List directory src
  └ 1 file found

● Read task.md
  └ 451 lines read

● [turn-persistence] [turn-persistence] turn_end SKIPPED ai: no assistant message with content

● Read guidelines.md
  └ 96 lines read

● Read examples.md
  └ 283 lines read

● [turn-persistence] [turn-persistence] turn_end SKIPPED ai: no assistant message with content



● Read README.md
  │ src/README.md
  └ 4 lines read

● Read checkstyle.xml
  └ 353 lines read



● Create package directory (shell)
  │ mkdir -p /Users/nghalinh2711/Development/student-repos/wt2526final02/src/skiplanner
  └ 1 line…



● Create LiftType.java +12
  └ src/skiplanner/LiftType.java

● Create Difficulty.java +14
  └ src/skiplanner/Difficulty.java

● Create Surface.java +14
  └ src/skiplanner/Surface.java

● Create Skill.java +14
  └ src/skiplanner/Skill.java

● Create Goal.java +16
  └ src/skiplanner/Goal.java

● Create TimePoint.java +87
  └ src/skiplanner/TimePoint.java

● Create Lift.java +107
  └ src/skiplanner/Lift.java

● Create Piste.java +80
  └ src/skiplanner/Piste.java

● Create Edge.java +41
  └ src/skiplanner/Edge.java

● Create SkiArea.java +175
  └ src/skiplanner/SkiArea.java

● Create Route.java +95
  └ src/skiplanner/Route.java

● Create UserProfile.java +155
  └ src/skiplanner/UserProfile.java



● Compile the project with Maven (shell)
  │ cd /Users/nghalinh2711/Development/student-repos/wt2526final02 && mvn compile 2>&1
  └ 23 lines…



● Run Checkstyle on the project (shell)
  │ cd /Users/nghalinh2711/Development/student-repos/wt2526final02 && mvn checkstyle:check 2>&1 ||
  │ true
  └ 96 lines…



● Edit pom.xml +12

● Edit pom.xml -2

● [turn-persistence] [turn-persistence] turn_end SKIPPED ai: no assistant message with content

● Run Checkstyle with project config (shell)
  │ cd /Users/nghalinh2711/Development/student-repos/wt2526final02 && mvn checkstyle:check 2>&1 ||
  │ true
  └ 22 lines…

● [turn-persistence] [turn-persistence] turn_end SKIPPED ai: no assistant message with content



● Edit pom.xml +7

● Run Checkstyle with updated Checkstyle version (shell)
  │ cd /Users/nghalinh2711/Development/student-repos/wt2526final02 && mvn checkstyle:check 2>&1 ||
  │ true
  └ 22 lines…

● [turn-persistence] [turn-persistence] turn_end SKIPPED ai: no assistant message with content

● Check actual Checkstyle dependency version (shell)
  │ cd /Users/nghalinh2711/Development/student-repos/wt2526final02 && mvn dependency:tree
  │ -Dincludes=com.puppycrawl.tools:checkstyle 2>&1 | head -30
  └ 15 lines…

● [turn-persistence] [turn-persistence] turn_end SKIPPED ai: no assistant message with content

● Check which Checkstyle version is being used (shell)
  │ cd /Users/nghalinh2711/Development/student-repos/wt2526final02 && mvn
  │ org.apache.maven.plugins:maven-checkstyle-plugin:3.6.0:check -X 2>&1 | grep -i "checkstyle" |
  │ head -20
  └ 21 lines…

● [turn-persistence] [turn-persistence] turn_end SKIPPED ai: no assistant message with content

● Clean compile and run Checkstyle with version override (shell)
  │ cd /Users/nghalinh2711/Development/student-repos/wt2526final02 && mvn clean compile 2>&1 | tail
  │ -5 && mvn checkstyle:check -Dcheckstyle.version=10.21.4 2>&1 || true
  └ 27 lines…

● [turn-persistence] [turn-persistence] turn_end SKIPPED ai: no assistant message with content

● Read pom.xml
  └ 48 lines read

● [turn-persistence] [turn-persistence] turn_end SKIPPED ai: no assistant message with content

● Get detailed Checkstyle error (shell)
  │ cd /Users/nghalinh2711/Development/student-repos/wt2526final02 && mvn checkstyle:check -e 2>&1 |
  │ grep -A5 "Caused by" | head -20
  └ 21 lines…

● [turn-persistence] [turn-persistence] turn_end SKIPPED ai: no assistant message with content

● Edit pom.xml +1 -8

● [turn-persistence] [turn-persistence] turn_end SKIPPED ai: no assistant message with content

● Run Checkstyle with plugin 3.5.0 (shell)
  │ cd /Users/nghalinh2711/Development/student-repos/wt2526final02 && mvn checkstyle:check 2>&1 ||
  │ true
  └ 26 lines…

● [turn-persistence] [turn-persistence] turn_end SKIPPED ai: no assistant message with content



● Check installed Checkstyle versions in local Maven repo (shell)
  │ cd /Users/nghalinh2711/Development/student-repos/wt2526final02 && find
  │ ~/.m2/repository/com/puppycrawl/tools/checkstyle -name "*.jar" -not -name "*sources*" -not -name
  │ "*javadoc*" 2>/dev/null | sort -V | tail -5
  └ 6 lines…

● Run Checkstyle directly from jar (shell)
  │ cd /Users/nghalinh2711/Development/student-repos/wt2526final02 && java -jar
  │ ~/.m2/repository/com/puppycrawl/tools/checkstyle/10.21.4/checkstyle-10.21.4.jar -c
  │ checkstyle.xml src/skiplanner/ 2>&1 | head -30
  └ 2 lines…

● [turn-persistence] [turn-persistence] turn_end SKIPPED ai: no assistant message with content

● Run Checkstyle CLI directly (shell)
  │ cd /Users/nghalinh2711/Development/student-repos/wt2526final02 && java -cp
  │ ~/.m2/repository/com/puppycrawl/tools/checkstyle/10.21.4/checkstyle-10.21.4.jar:$(find
  │ ~/.m2/repository -name "*.jar" -path "*checkstyle*dep*" 2>/dev/null | tr '\n' ':')
  │ com.puppycrawl.tools.checkstyle.Main -c checkstyle.xml src/skiplanner/ 2>&1 | head -50
  └ 3 lines…

● [turn-persistence] [turn-persistence] turn_end SKIPPED ai: no assistant message with content

● Check bundled Checkstyle version in Maven plugin (shell)
  │ cat ~/.m2/repository/org/apache/maven/plugins/maven-checkstyle-plugin/3.6.0/maven-checkstyle-plu
  │ gin-3.6.0.pom 2>/dev/null | grep -A3 "checkstyle" | head -20
  └ 21 lines…

● [turn-persistence] [turn-persistence] turn_end SKIPPED ai: no assistant message with content

● Check Checkstyle version in plugin 3.5.0 (shell)
  │ cat ~/.m2/repository/org/apache/maven/plugins/maven-checkstyle-plugin/3.5.0/maven-checkstyle-plu
  │ gin-3.5.0.pom 2>/dev/null | grep "checkstyleVersion" | head -5
  └ 3 lines…

● [turn-persistence] [turn-persistence] turn_end SKIPPED ai: no assistant message with content



● Edit pom.xml +1

● Run Checkstyle with version override property (shell)
  │ cd /Users/nghalinh2711/Development/student-repos/wt2526final02 && mvn checkstyle:check 2>&1 |
  │ tail -20
  └ 21 lines…

● [turn-persistence] [turn-persistence] turn_end SKIPPED ai: no assistant message with content

● Edit pom.xml +7

● [turn-persistence] [turn-persistence] turn_end SKIPPED ai: no assistant message with content

● Check plugin dependency structure (shell)
  │ cat ~/.m2/repository/org/apache/maven/plugins/maven-checkstyle-plugin/3.5.0/maven-checkstyle-plu
  │ gin-3.5.0.pom 2>/dev/null | grep -A5 "dependency>" | head -30
  └ 31 lines…

● [turn-persistence] [turn-persistence] turn_end SKIPPED ai: no assistant message with content

● Run Checkstyle with dependency override (shell)
  │ cd /Users/nghalinh2711/Development/student-repos/wt2526final02 && mvn checkstyle:check 2>&1 |
  │ tail -25
  └ 22 lines…

● [turn-persistence] [turn-persistence] turn_end SKIPPED ai: no assistant message with content

● Check resolved Checkstyle dependency (shell)
  │ cd /Users/nghalinh2711/Development/student-repos/wt2526final02 && mvn dependency:resolve
  │ -DincludeArtifactIds=checkstyle -pl . 2>&1 | grep checkstyle | head -10
  └ 1 line…

● [turn-persistence] [turn-persistence] turn_end SKIPPED ai: no assistant message with content

● Describe Checkstyle plugin details (shell)
  │ cd /Users/nghalinh2711/Development/student-repos/wt2526final02 && mvn help:describe
  │ -Dplugin=org.apache.maven.plugins:maven-checkstyle-plugin:3.5.0 -Ddetail 2>&1 | grep -i
  │ "checkstyle" | head -10
  └ 11 lines…

● [turn-persistence] [turn-persistence] turn_end SKIPPED ai: no assistant message with content

● Check what Checkstyle version is resolved (shell)
  │ cd /Users/nghalinh2711/Development/student-repos/wt2526final02 && mvn dependency:resolve
  │ -DincludeArtifactIds=checkstyle 2>&1 | grep -E "(checkstyle|Download)" | head -10
  └ 1 line…

● [turn-persistence] [turn-persistence] turn_end SKIPPED ai: no assistant message with content

● Edit pom.xml +9 -1

● [turn-persistence] [turn-persistence] turn_end SKIPPED ai: no assistant message with content

● Edit pom.xml +1 -10

● [turn-persistence] [turn-persistence] turn_end SKIPPED ai: no assistant message with content

● Run Checkstyle with plugin 3.4.0 and dependency override (shell)
  │ cd /Users/nghalinh2711/Development/student-repos/wt2526final02 && mvn checkstyle:check 2>&1 |
  │ tail -20
  └ 21 lines…

● [turn-persistence] [turn-persistence] turn_end SKIPPED ai: no assistant message with content

● Debug Checkstyle classpath (shell)
  │ cd /Users/nghalinh2711/Development/student-repos/wt2526final02 && mvn checkstyle:check -X 2>&1 |
  │ grep -i "checkstyle.*jar\|classpath.*checkstyle" | head -10
  └ 6 lines…

● [turn-persistence] [turn-persistence] turn_end SKIPPED ai: no assistant message with content

● Check if JavadocVariable class exists in Checkstyle 10.21.4 (shell)
  │ cd /Users/nghalinh2711/Development/student-repos/wt2526final02 && jar tf
  │ ~/.m2/repository/com/puppycrawl/tools/checkstyle/10.21.4/checkstyle-10.21.4.jar | grep
  │ JavadocVariable
  └ 3 lines…

● [turn-persistence] [turn-persistence] turn_end SKIPPED ai: no assistant message with content

● Check JavadocVariableCheck methods for accessModifiers (shell)
  │ cd /Users/nghalinh2711/Development/student-repos/wt2526final02 && javap -p -cp
  │ ~/.m2/repository/com/puppycrawl/tools/checkstyle/10.21.4/checkstyle-10.21.4.jar
  │ com.puppycrawl.tools.checkstyle.checks.javadoc.JavadocVariableCheck 2>&1 | grep -i
  │ "set\|access\|scope\|modifier" | head -20
  └ 6 lines…

● [turn-persistence] [turn-persistence] turn_end SKIPPED ai: no assistant message with content

● Check JavadocVariableCheck metadata (shell)
  │ cd /Users/nghalinh2711/Development/student-repos/wt2526final02 && unzip -p
  │ ~/.m2/repository/com/puppycrawl/tools/checkstyle/10.21.4/checkstyle-10.21.4.jar
  │ com/puppycrawl/tools/checkstyle/meta/checks/javadoc/JavadocVariableCheck.xml 2>&1
  └ 36 lines…

● [turn-persistence] [turn-persistence] turn_end SKIPPED ai: no assistant message with content

● Check JavadocVariableCheck in 10.23.0 (shell)
  │ cd /Users/nghalinh2711/Development/student-repos/wt2526final02 && unzip -p
  │ ~/.m2/repository/com/puppycrawl/tools/checkstyle/10.23.0/checkstyle-10.23.0.jar
  │ com/puppycrawl/tools/checkstyle/meta/checks/javadoc/JavadocVariableCheck.xml 2>&1
  └ 37 lines…

● [turn-persistence] [turn-persistence] turn_end SKIPPED ai: no assistant message with content



● Edit pom.xml +1 -1

● Run Checkstyle with version 10.23.0 (shell)
  │ cd /Users/nghalinh2711/Development/student-repos/wt2526final02 && mvn checkstyle:check 2>&1 |
  │ tail -15
  └ 16 lines…

● [turn-persistence] [turn-persistence] turn_end SKIPPED ai: no assistant message with content



● Clean compile to verify (shell)
  │ cd /Users/nghalinh2711/Development/student-repos/wt2526final02 && mvn clean compile 2>&1 | tail
  │ -10
  └ 11 lines…



● List all created Java files (shell)
  │ ls -la /Users/nghalinh2711/Development/student-repos/wt2526final02/src/skiplanner/
  └ 16 lines…



● Update Task (MCP: agentic-memory) · backlogId: "e25cfbe1-aefe-4167-87c1-646d617f8760", taskId: "0…
  └ Task "Project setup & domain model classes" (092d6196-0fd1-463d-9225-14300697...

● Update Scratchpad (MCP: agentic-memory) · sessionId: "7af7809a-adce-4fa9-9609-fd61059de0ff", find…
  └ Scratchpad updated.

● [turn-persistence] [turn-persistence] turn_end SKIPPED ai: no assistant message with content

● Claim Next Task (MCP: agentic-memory) · backlogId: "e25cfbe1-aefe-4167-87c1-646d617f8760"
  └ Claimed task "BNF Parser for ski area files" (7e6f3944-9138-43ef-ac2c-b749dcf...

● [turn-persistence] [turn-persistence] turn_end SKIPPED ai: no assistant message with content



● Create SkiAreaParser.java +160
  └ src/skiplanner/SkiAreaParser.java



● Compile with parser (shell)
  │ cd /Users/nghalinh2711/Development/student-repos/wt2526final02 && mvn compile 2>&1 | tail -10
  └ 11 lines…



● Test parser with example graph (shell)
  │ cd /Users/nghalinh2711/Development/student-repos/wt2526final02 && cat > /tmp/TestParser.java
  │ << 'JAVAEOF'
  │ import skiplanner.*;
  │ import java.util.*;…
  └ 60 lines…



● Run Checkstyle and cleanup (shell)
  │ cd /Users/nghalinh2711/Development/student-repos/wt2526final02 && mvn checkstyle:check 2>&1 |
  │ tail -10 && rm -f /tmp/TestParser.java /tmp/TestParser.class
  └ 11 lines…



● Update Task (MCP: agentic-memory) · state: "done", backlogId: "e25cfbe1-aefe-4167-87c1-646d617f87…
  └ Task "BNF Parser for ski area files" (7e6f3944-9138-43ef-ac2c-b749dcf024ec) u...

● Claim Next Task (MCP: agentic-memory) · backlogId: "e25cfbe1-aefe-4167-87c1-646d617f8760"
  └ Claimed task "Ski area validation" (a176ced4-da9c-4c47-b8d2-ad336d850116) and...

● [turn-persistence] [turn-persistence] turn_end SKIPPED ai: no assistant message with content



● Create SkiAreaValidator.java +172
  └ src/skiplanner/SkiAreaValidator.java

● Compile with validator (shell)
  │ cd /Users/nghalinh2711/Development/student-repos/wt2526final02 && mvn compile 2>&1 | tail -10
  └ 11 lines…

● [turn-persistence] [turn-persistence] turn_end SKIPPED ai: no assistant message with content

● Test validator with various scenarios (shell)
  │ cd /Users/nghalinh2711/Development/student-repos/wt2526final02 && cat >
  │ /tmp/TestValidator.java << 'JAVAEOF'
  │ import skiplanner.*;
  │ import java.util.*;…
  └ 117 lines…

● [turn-persistence] [turn-persistence] turn_end SKIPPED ai: no assistant message with content



● Checkstyle and cleanup (shell)
  │ cd /Users/nghalinh2711/Development/student-repos/wt2526final02 && mvn checkstyle:check 2>&1 |
  │ tail -10 && rm -f /tmp/TestValidator.java /tmp/TestValidator.class /tmp/TestParser.java
  │ /tmp/TestParser.class
  └ 11 lines…



● Update Task (MCP: agentic-memory) · state: "done", backlogId: "e25cfbe1-aefe-4167-87c1-646d617f87…
  └ Task "Ski area validation" (a176ced4-da9c-4c47-b8d2-ad336d850116) updated to ...

● Claim Next Task (MCP: agentic-memory) · backlogId: "e25cfbe1-aefe-4167-87c1-646d617f8760"
  └ Claimed task "CLI main loop & command dispatcher" (7050465a-c79c-4c47-b9f4-de...

● [turn-persistence] [turn-persistence] turn_end SKIPPED ai: no assistant message with content



● Create ApplicationState.java +258
  └ src/skiplanner/ApplicationState.java

● Create Main.java +437
  └ src/skiplanner/Main.java

● [turn-persistence] [turn-persistence] turn_end SKIPPED ai: no assistant message with content



● Compile with main class (shell)
  │ cd /Users/nghalinh2711/Development/student-repos/wt2526final02 && mvn compile 2>&1 | tail -15
  └ 16 lines…



● Checkstyle check (shell)
  │ cd /Users/nghalinh2711/Development/student-repos/wt2526final02 && mvn checkstyle:check 2>&1
  └ 33 lines…



● Edit ApplicationState.java -3
  └ src/skiplanner/ApplicationState.java



● Create CommandProcessor.java +374
  └ src/skiplanner/CommandProcessor.java



● Edit Main.java +12 -420
  └ src/skiplanner/Main.java



● Edit CommandProcessor.java +3 -6
  └ src/skiplanner/CommandProcessor.java

● Edit CommandProcessor.java +27
  └ src/skiplanner/CommandProcessor.java

● [turn-persistence] [turn-persistence] turn_end SKIPPED ai: no assistant message with content

● Compile after refactor (shell)
  │ cd /Users/nghalinh2711/Development/student-repos/wt2526final02 && mvn compile 2>&1 | tail -10
  └ 11 lines…

● [turn-persistence] [turn-persistence] turn_end SKIPPED ai: no assistant message with content

● Checkstyle check after refactor (shell)
  │ cd /Users/nghalinh2711/Development/student-repos/wt2526final02 && mvn checkstyle:check 2>&1
  └ 23 lines…

● [turn-persistence] [turn-persistence] turn_end SKIPPED ai: no assistant message with content



● Edit Main.java +5
  └ src/skiplanner/Main.java

● Final Checkstyle check (shell)
  │ cd /Users/nghalinh2711/Development/student-repos/wt2526final02 && mvn checkstyle:check 2>&1 |
  │ tail -10
  └ 11 lines…

● [turn-persistence] [turn-persistence] turn_end SKIPPED ai: no assistant message with content



● Smoke test REPL loop (shell)
  │ cd /Users/nghalinh2711/Development/student-repos/wt2526final02 && echo -e "help\nquit" | java
  │ -cp target/classes skiplanner.Main 2>&1
  └ 2 lines…



● Update Task (MCP: agentic-memory) · state: "done", backlogId: "e25cfbe1-aefe-4167-87c1-646d617f87…
  └ Task "CLI main loop & command dispatcher" (7050465a-c79c-4c47-b9f4-def004a319...

● Claim Next Task (MCP: agentic-memory) · backlogId: "e25cfbe1-aefe-4167-87c1-646d617f8760"
  └ Claimed task "load area command" (2c56f82c-4e70-4c17-96c4-98ef55ac9e45) and m...

● [turn-persistence] [turn-persistence] turn_end SKIPPED ai: no assistant message with content



● Test load area, list lifts, list slopes (shell)
  │ cd /Users/nghalinh2711/Development/student-repos/wt2526final02 && echo -e "load area
  │ ./listings/example_graph.txt\nlist lifts\nlist slopes\nquit" | java -cp target/classes
  │ skiplanner.Main 2>&1
  └ 17 lines…



● Check file trailing bytes (shell)
  │ xxd /Users/nghalinh2711/Development/student-repos/wt2526final02/listings/example_graph.txt |
  │ tail -5
  └ 6 lines…

● Check test area file trailing bytes (shell)
  │ xxd /Users/nghalinh2711/Development/student-repos/wt2526final02/input/area.txt | tail -5
  └ 6 lines…

● [turn-persistence] [turn-persistence] turn_end SKIPPED ai: no assistant message with content



● Test with area.txt (shell)
  │ cd /Users/nghalinh2711/Development/student-repos/wt2526final02 && echo -e "load area
  │ ./input/area.txt\nlist lifts\nquit" | java -cp target/classes skiplanner.Main 2>&1
  └ 15 lines…



● Test bad files and area preservation (shell)
  │ cd /Users/nghalinh2711/Development/student-repos/wt2526final02 && printf
  │ "graph\nBadLift[[Bad<br/>GONDOLA;08:00;16:00;10;2]]\n" > /tmp/bad_area.txt && printf "graph\nD
  │ up1[[Dup1<br/>GONDOLA;08:00;16:00;10;2]]\nDup1([Dup1<br/>BLUE;REGULAR;1000;100])\nDup1 -->
  │ Dup1\n" > /tmp/bad_dup.txt && echo -e "load area ./input/area.txt\nlist lifts\nload area
  │ /tmp/bad_area.txt\nlist lifts\nload area /tmp/bad_dup.txt\nlist lifts\nquit" | java -cp …
  └ 24 lines…



● Update Task (MCP: agentic-memory) · state: "done", backlogId: "e25cfbe1-aefe-4167-87c1-646d617f87…
  └ Task "load area command" (2c56f82c-4e70-4c17-96c4-98ef55ac9e45) updated to st...

● Claim Next Task (MCP: agentic-memory) · backlogId: "e25cfbe1-aefe-4167-87c1-646d617f8760"
  └ Claimed task "list lifts & list slopes commands" (f12cb054-873f-4cc8-a349-e81...

● [turn-persistence] [turn-persistence] turn_end SKIPPED ai: no assistant message with content



● Verify list commands output format (shell)
  │ cd /Users/nghalinh2711/Development/student-repos/wt2526final02 && echo -e "load area
  │ ./input/area.txt\nlist lifts\nlist slopes\nquit" | java -cp target/classes skiplanner.Main 2>&1
  └ 18 lines…



● Test list commands without area (shell)
  │ cd /Users/nghalinh2711/Development/student-repos/wt2526final02 && echo -e "list lifts\nlist
  │ slopes\nquit" | java -cp target/classes skiplanner.Main 2>&1
  └ 3 lines…



● Update Task (MCP: agentic-memory) · state: "done", backlogId: "e25cfbe1-aefe-4167-87c1-646d617f87…
  └ Task "list lifts & list slopes commands" (f12cb054-873f-4cc8-a349-e81d7a47347...

● Claim Next Task (MCP: agentic-memory) · backlogId: "e25cfbe1-aefe-4167-87c1-646d617f8760"
  └ Claimed task "User profile commands: set skill, set goal, like, dislike, rese...

● [turn-persistence] [turn-persistence] turn_end SKIPPED ai: no assistant message with content



● Test all profile commands (shell)
  │ cd /Users/nghalinh2711/Development/student-repos/wt2526final02 && cat > /tmp/TestProfile.java
  │ << 'JAVAEOF'
  │ import skiplanner.*;
  │
  │ public class TestProfile {…
  └ 55 lines…



● Update Task (MCP: agentic-memory) · state: "done", backlogId: "e25cfbe1-aefe-4167-87c1-646d617f87…
  └ Task "User profile commands: set skill, set goal, like, dislike, reset prefer...

● Claim Next Task (MCP: agentic-memory) · backlogId: "e25cfbe1-aefe-4167-87c1-646d617f8760"
  └ Claimed task "Piste time calculation" (db730596-ccea-4fb5-9470-235583b22f73) ...

● [turn-persistence] [turn-persistence] turn_end SKIPPED ai: no assistant message with content



● Create PisteTimeCalculator.java +109
  └ src/skiplanner/PisteTimeCalculator.java

● Compile with calculator (shell)
  │ cd /Users/nghalinh2711/Development/student-repos/wt2526final02 && mvn compile 2>&1 | tail -5
  └ 6 lines…

● [turn-persistence] [turn-persistence] turn_end SKIPPED ai: no assistant message with content

● Test piste time calculator (shell)
  │ cd /Users/nghalinh2711/Development/student-repos/wt2526final02 && cat > /tmp/TestCalc.java <<
  │ 'JAVAEOF'
  │ import skiplanner.*;
  │
  │ public class TestCalc {…
  └ 79 lines…

● [turn-persistence] [turn-persistence] turn_end SKIPPED ai: no assistant message with content



● Checkstyle check and cleanup (shell)
  │ cd /Users/nghalinh2711/Development/student-repos/wt2526final02 && mvn checkstyle:check 2>&1 |
  │ tail -10 && rm -f /tmp/TestCalc.java /tmp/TestCalc.class /tmp/TestProfile.java
  │ /tmp/TestProfile.class
  └ 11 lines…

● Update Task (MCP: agentic-memory) · state: "done", backlogId: "e25cfbe1-aefe-4167-87c1-646d617f87…
  └ Task "Piste time calculation" (db730596-ccea-4fb5-9470-235583b22f73) updated ...

● [turn-persistence] [turn-persistence] turn_end SKIPPED ai: no assistant message with content

● Claim Next Task (MCP: agentic-memory) · backlogId: "e25cfbe1-aefe-4167-87c1-646d617f8760"
  └ Claimed task "Route planning engine" (6779788a-86e8-409a-84d0-df4d85fd6296) a...

● [turn-persistence] [turn-persistence] turn_end SKIPPED ai: no assistant message with content



● Create RoutePlanner.java +326
  └ src/skiplanner/RoutePlanner.java

● Compile with route planner (shell)
  │ cd /Users/nghalinh2711/Development/student-repos/wt2526final02 && mvn compile 2>&1 | tail -10
  └ 11 lines…

● [turn-persistence] [turn-persistence] turn_end SKIPPED ai: no assistant message with content



● Edit RoutePlanner.java +11 -14
  └ src/skiplanner/RoutePlanner.java



● Edit RoutePlanner.java +7
  └ src/skiplanner/RoutePlanner.java

● Edit RoutePlanner.java -5
  └ src/skiplanner/RoutePlanner.java

● [turn-persistence] [turn-persistence] turn_end SKIPPED ai: no assistant message with content

● Edit RoutePlanner.java +1 -1
  └ src/skiplanner/RoutePlanner.java

● [turn-persistence] [turn-persistence] turn_end SKIPPED ai: no assistant message with content

● Compile after fixes (shell)
  │ cd /Users/nghalinh2711/Development/student-repos/wt2526final02 && mvn compile 2>&1 | tail -5
  └ 6 lines…

● [turn-persistence] [turn-persistence] turn_end SKIPPED ai: no assistant message with content

● Test route planner with examples (shell)
  │ cd /Users/nghalinh2711/Development/student-repos/wt2526final02 && cat > /tmp/TestPlanner.java
  │ << 'JAVAEOF'
  │ import skiplanner.*;
  │ import java.util.*;…
  └ 72 lines…

● [turn-persistence] [turn-persistence] turn_end SKIPPED ai: no assistant message with content



● Edit RoutePlanner.java +6 -2
  └ src/skiplanner/RoutePlanner.java

● Edit RoutePlanner.java +15
  └ src/skiplanner/RoutePlanner.java

● [turn-persistence] [turn-persistence] turn_end SKIPPED ai: no assistant message with content

● Recompile and retest (shell)
  │ cd /Users/nghalinh2711/Development/student-repos/wt2526final02 && mvn compile -q 2>&1 && java
  │ -cp target/classes:/tmp TestPlanner 2>&1
  └ 9 lines…

● [turn-persistence] [turn-persistence] turn_end SKIPPED ai: no assistant message with content



● Checkstyle and cleanup (shell)
  │ cd /Users/nghalinh2711/Development/student-repos/wt2526final02 && mvn checkstyle:check 2>&1 |
  │ tail -10 && rm -f /tmp/TestPlanner.java /tmp/TestPlanner.class
  └ 11 lines…

● Check specific Checkstyle violations (shell)
  │ cd /Users/nghalinh2711/Development/student-repos/wt2526final02 && mvn checkstyle:check 2>&1 |
  │ grep WARNING
  └ 5 lines…

● [turn-persistence] [turn-persistence] turn_end SKIPPED ai: no assistant message with content

● Edit RoutePlanner.java -2
  └ src/skiplanner/RoutePlanner.java

● [turn-persistence] [turn-persistence] turn_end SKIPPED ai: no assistant message with content



● Edit RoutePlanner.java +12
  └ src/skiplanner/RoutePlanner.java

● Edit RoutePlanner.java -12
  └ src/skiplanner/RoutePlanner.java

● [turn-persistence] [turn-persistence] turn_end SKIPPED ai: no assistant message with content



● Edit RoutePlanner.java +37 -17
  └ src/skiplanner/RoutePlanner.java

● Checkstyle after fixes (shell)
  │ cd /Users/nghalinh2711/Development/student-repos/wt2526final02 && mvn checkstyle:check 2>&1 |
  │ tail -10
  └ 11 lines…

● [turn-persistence] [turn-persistence] turn_end SKIPPED ai: no assistant message with content

● Quick test after refactor (shell)
  │ cd /Users/nghalinh2711/Development/student-repos/wt2526final02 && mvn compile -q 2>&1 && cat >
  │ /tmp/QuickTest.java << 'JAVAEOF'
  │ import skiplanner.*;
  │
  │ public class QuickTest {…
  └ 30 lines…

● [turn-persistence] [turn-persistence] turn_end SKIPPED ai: no assistant message with content



● Update Task (MCP: agentic-memory) · state: "done", backlogId: "e25cfbe1-aefe-4167-87c1-646d617f87…
  └ Task "Route planning engine" (6779788a-86e8-409a-84d0-df4d85fd6296) updated t...

● Claim Next Task (MCP: agentic-memory) · backlogId: "e25cfbe1-aefe-4167-87c1-646d617f8760"
  └ Claimed task "plan command" (d9f7531a-0393-4f9e-8e7d-d28c9adb9f4e) and marked...

● [turn-persistence] [turn-persistence] turn_end SKIPPED ai: no assistant message with content



● Edit CommandProcessor.java +15 -1
  └ src/skiplanner/CommandProcessor.java

● Test plan command end-to-end (shell)
  │ cd /Users/nghalinh2711/Development/student-repos/wt2526final02 && mvn compile -q 2>&1 && echo -e
  │ "load area ./input/area.txt\nset skill BEGINNER\nset goal DISTANCE\nlike BLUE\ndislike
  │ BUMPY\nplan LiftA 11:00 12:30\nshow route\nnext\ntake\nnext\nquit" | java -cp target/classes
  │ skiplanner.Main 2>&1
  └ 17 lines…

● [turn-persistence] [turn-persistence] turn_end SKIPPED ai: no assistant message with content



● Test plan error cases (shell)
  │ cd /Users/nghalinh2711/Development/student-repos/wt2526final02 && echo -e "plan LiftA 11:00
  │ 12:00\nload area ./input/area.txt\nplan LiftA 11:00 12:00\nset skill BEGINNER\nplan LiftA 11:00
  │ 12:00\nset goal DISTANCE\nplan LiftA 12:00 11:00\nplan LiftB 11:00 12:00\nplan LiftA 02:00
  │ 03:00\nquit" | java -cp target/classes skiplanner.Main 2>&1
  └ 19 lines…



● Final Checkstyle (shell)
  │ cd /Users/nghalinh2711/Development/student-repos/wt2526final02 && mvn checkstyle:check 2>&1 |
  │ tail -8
  └ 9 lines…

● Check specific violation (shell)
  │ cd /Users/nghalinh2711/Development/student-repos/wt2526final02 && mvn checkstyle:check 2>&1 |
  │ grep WARNING
  └ 2 lines…

● [turn-persistence] [turn-persistence] turn_end SKIPPED ai: no assistant message with content



● Create CommandUtils.java +66
  └ src/skiplanner/CommandUtils.java

● Edit CommandProcessor.java +4 -4
  └ src/skiplanner/CommandProcessor.java

● [turn-persistence] [turn-persistence] turn_end SKIPPED ai: no assistant message with content

● Edit CommandProcessor.java +1 -1
  └ src/skiplanner/CommandProcessor.java

● [turn-persistence] [turn-persistence] turn_end SKIPPED ai: no assistant message with content

✗ edit edit the file at /Users/nghalinh2711/Development/student-repos/wt2526final02/src/skiplanner/…
  └ Invalid inputs: old_str is required

● [turn-persistence] [turn-persistence] turn_end SKIPPED ai: no assistant message with content

● Read CommandProcessor.java
  │ src/skiplanner/CommandProcessor.java
  └ L370:411 (42 lines read)

● [turn-persistence] [turn-persistence] turn_end SKIPPED ai: no assistant message with content

● Edit CommandProcessor.java -55
  └ src/skiplanner/CommandProcessor.java

● [turn-persistence] [turn-persistence] turn_end SKIPPED ai: no assistant message with content

● Check line count and Checkstyle (shell)
  │ cd /Users/nghalinh2711/Development/student-repos/wt2526final02 && wc -l
  │ src/skiplanner/CommandProcessor.java && mvn checkstyle:check 2>&1 | tail -8
  └ 10 lines…

● [turn-persistence] [turn-persistence] turn_end SKIPPED ai: no assistant message with content

● Update Task (MCP: agentic-memory) · state: "done", backlogId: "e25cfbe1-aefe-4167-87c1-646d617f87…
  └ Task "plan command" (d9f7531a-0393-4f9e-8e7d-d28c9adb9f4e) updated to state: ...

● [turn-persistence] [turn-persistence] turn_end SKIPPED ai: no assistant message with content

● Claim Next Task (MCP: agentic-memory) · backlogId: "e25cfbe1-aefe-4167-87c1-646d617f8760"
  └ Claimed task "Route execution: next, take, show route commands" (f5eb768d-bef...

● [turn-persistence] [turn-persistence] turn_end SKIPPED ai: no assistant message with content



● Test next/take/show/abort (shell)
  │ cd /Users/nghalinh2711/Development/student-repos/wt2526final02 && mvn compile -q 2>&1 && echo -e
  │ "load area ./input/area.txt\nset skill BEGINNER\nset goal DISTANCE\nplan LiftA 11:00 12:30\nshow
  │ route\nnext\ntake\nnext\ntake\nnext\nnext\nabort\nquit" | java -cp target/classes
  │ skiplanner.Main 2>&1
  └ 20 lines…



● Update Task (MCP: agentic-memory) · state: "done", backlogId: "e25cfbe1-aefe-4167-87c1-646d617f87…
  └ Task "Route execution: next, take, show route commands" (f5eb768d-bef3-4275-8...

● Claim Next Task (MCP: agentic-memory) · backlogId: "e25cfbe1-aefe-4167-87c1-646d617f8760"
  └ Claimed task "Route execution: abort & alternative commands" (f87c67c7-21d1-4...

● [turn-persistence] [turn-persistence] turn_end SKIPPED ai: no assistant message with content



● Edit CommandProcessor.java +23
  └ src/skiplanner/CommandProcessor.java



● Edit ApplicationState.java +2
  └ src/skiplanner/ApplicationState.java

● Edit ApplicationState.java +18
  └ src/skiplanner/ApplicationState.java

● [turn-persistence] [turn-persistence] turn_end SKIPPED ai: no assistant message with content

● Edit ApplicationState.java +1
  └ src/skiplanner/ApplicationState.java

● [turn-persistence] [turn-persistence] turn_end SKIPPED ai: no assistant message with content

● Edit CommandProcessor.java +1
  └ src/skiplanner/CommandProcessor.java

● [turn-persistence] [turn-persistence] turn_end SKIPPED ai: no assistant message with content

● Edit CommandProcessor.java +10 -13
  └ src/skiplanner/CommandProcessor.java

● [turn-persistence] [turn-persistence] turn_end SKIPPED ai: no assistant message with content

● Edit RoutePlanner.java +55
  └ src/skiplanner/RoutePlanner.java

● [turn-persistence] [turn-persistence] turn_end SKIPPED ai: no assistant message with content

● Compile and checkstyle (shell)
  │ cd /Users/nghalinh2711/Development/student-repos/wt2526final02 && mvn compile -q 2>&1 && mvn
  │ checkstyle:check 2>&1 | tail -8
  └ 9 lines…

● [turn-persistence] [turn-persistence] turn_end SKIPPED ai: no assistant message with content

● Check violation (shell)
  │ cd /Users/nghalinh2711/Development/student-repos/wt2526final02 && mvn checkstyle:check 2>&1 |
  │ grep WARNING
  └ 2 lines…

● [turn-persistence] [turn-persistence] turn_end SKIPPED ai: no assistant message with content



● Edit RoutePlanner.java +1 -1
  └ src/skiplanner/RoutePlanner.java

● Edit RoutePlanner.java +2 -7
  └ src/skiplanner/RoutePlanner.java

● [turn-persistence] [turn-persistence] turn_end SKIPPED ai: no assistant message with content

● Check line count and Checkstyle (shell)
  │ cd /Users/nghalinh2711/Development/student-repos/wt2526final02 && wc -l
  │ src/skiplanner/RoutePlanner.java && mvn checkstyle:check 2>&1 | tail -5
  └ 7 lines…

● [turn-persistence] [turn-persistence] turn_end SKIPPED ai: no assistant message with content

● Edit RoutePlanner.java
  └ src/skiplanner/RoutePlanner.java

● [turn-persistence] [turn-persistence] turn_end SKIPPED ai: no assistant message with content

● Edit RoutePlanner.java +1 -3
  └ src/skiplanner/RoutePlanner.java

● [turn-persistence] [turn-persistence] turn_end SKIPPED ai: no assistant message with content

● Edit RoutePlanner.java +1 -3
  └ src/skiplanner/RoutePlanner.java

● [turn-persistence] [turn-persistence] turn_end SKIPPED ai: no assistant message with content

● Edit RoutePlanner.java +1 -3
  └ src/skiplanner/RoutePlanner.java

● [turn-persistence] [turn-persistence] turn_end SKIPPED ai: no assistant message with content

● Edit RoutePlanner.java +1 -3
  └ src/skiplanner/RoutePlanner.java

● [turn-persistence] [turn-persistence] turn_end SKIPPED ai: no assistant message with content

● Check after trimming (shell)
  │ cd /Users/nghalinh2711/Development/student-repos/wt2526final02 && wc -l
  │ src/skiplanner/RoutePlanner.java && mvn checkstyle:check 2>&1 | tail -5
  └ 7 lines…

● [turn-persistence] [turn-persistence] turn_end SKIPPED ai: no assistant message with content

● Edit RoutePlanner.java +1 -6
  └ src/skiplanner/RoutePlanner.java

● [turn-persistence] [turn-persistence] turn_end SKIPPED ai: no assistant message with content

● Edit RoutePlanner.java +1 -6
  └ src/skiplanner/RoutePlanner.java

● [turn-persistence] [turn-persistence] turn_end SKIPPED ai: no assistant message with content

● Edit RoutePlanner.java +1 -7
  └ src/skiplanner/RoutePlanner.java

● [turn-persistence] [turn-persistence] turn_end SKIPPED ai: no assistant message with content

● Final check (shell)
  │ cd /Users/nghalinh2711/Development/student-repos/wt2526final02 && wc -l
  │ src/skiplanner/RoutePlanner.java && mvn checkstyle:check 2>&1 | tail -5
  └ 7 lines…

● [turn-persistence] [turn-persistence] turn_end SKIPPED ai: no assistant message with content

● Check remaining violations (shell)
  │ cd /Users/nghalinh2711/Development/student-repos/wt2526final02 && mvn checkstyle:check 2>&1 |
  │ grep WARNING
  └ 6 lines…

● [turn-persistence] [turn-persistence] turn_end SKIPPED ai: no assistant message with content



● Edit RoutePlanner.java +6 -1
  └ src/skiplanner/RoutePlanner.java

● Edit RoutePlanner.java +5 -1
  └ src/skiplanner/RoutePlanner.java

● [turn-persistence] [turn-persistence] turn_end SKIPPED ai: no assistant message with content

● Final Checkstyle check (shell)
  │ cd /Users/nghalinh2711/Development/student-repos/wt2526final02 && mvn checkstyle:check 2>&1 |
  │ tail -5
  └ 6 lines…

● [turn-persistence] [turn-persistence] turn_end SKIPPED ai: no assistant message with content



● Update Task (MCP: agentic-memory) · state: "done", backlogId: "e25cfbe1-aefe-4167-87c1-646d617f87…
  └ Task "Route execution: abort & alternative commands" (f87c67c7-21d1-42b6-b061...

● Claim Next Task (MCP: agentic-memory) · backlogId: "e25cfbe1-aefe-4167-87c1-646d617f8760"
  └ Claimed task "Dynamic re-planning on state changes" (d701a299-34e2-4c54-bbe1-...

● [turn-persistence] [turn-persistence] turn_end SKIPPED ai: no assistant message with content



● Edit CommandProcessor.java +32 -1
  └ src/skiplanner/CommandProcessor.java

● Checkstyle for dynamic planning (shell)
  │ cd /Users/nghalinh2711/Development/student-repos/wt2526final02 && mvn checkstyle:check 2>&1 |
  │ tail -5
  └ 6 lines…

● [turn-persistence] [turn-persistence] turn_end SKIPPED ai: no assistant message with content

● Check specific issues (shell)
  │ cd /Users/nghalinh2711/Development/student-repos/wt2526final02 && wc -l
  │ src/skiplanner/CommandProcessor.java && mvn checkstyle:check 2>&1 | grep WARNING
  └ 3 lines…

● [turn-persistence] [turn-persistence] turn_end SKIPPED ai: no assistant message with content

● Edit CommandProcessor.java +12 -18
  └ src/skiplanner/CommandProcessor.java

● [turn-persistence] [turn-persistence] turn_end SKIPPED ai: no assistant message with content

● Final Checkstyle check (shell)
  │ cd /Users/nghalinh2711/Development/student-repos/wt2526final02 && mvn checkstyle:check 2>&1 |
  │ tail -5
  └ 6 lines…

● [turn-persistence] [turn-persistence] turn_end SKIPPED ai: no assistant message with content

● Check violations (shell)
  │ cd /Users/nghalinh2711/Development/student-repos/wt2526final02 && wc -l
  │ src/skiplanner/CommandProcessor.java && mvn checkstyle:check 2>&1 | grep WARNING
  └ 3 lines…

● [turn-persistence] [turn-persistence] turn_end SKIPPED ai: no assistant message with content

● Check top of file (shell)
  │ cd /Users/nghalinh2711/Development/student-repos/wt2526final02 && head -10
  │ src/skiplanner/CommandProcessor.java
  └ 11 lines…

● [turn-persistence] [turn-persistence] turn_end SKIPPED ai: no assistant message with content

● Remove consecutive blank lines (shell)
  │ cd /Users/nghalinh2711/Development/student-repos/wt2526final02 && sed -i '' '/^$/N;/^\n$/d'
  │ src/skiplanner/CommandProcessor.java && wc -l src/skiplanner/CommandProcessor.java
  └ 2 lines…

● [turn-persistence] [turn-persistence] turn_end SKIPPED ai: no assistant message with content

● Remove excess blank lines (shell)
  │ cd /Users/nghalinh2711/Development/student-repos/wt2526final02 && sed -i '' '392,402s/^$//'
  │ src/skiplanner/CommandProcessor.java && sed -i '' '/^$/N;/^\n$/d'
  │ src/skiplanner/CommandProcessor.java && wc -l src/skiplanner/CommandProcessor.java
  └ 2 lines…

● [turn-persistence] [turn-persistence] turn_end SKIPPED ai: no assistant message with content

● Edit CommandProcessor.java +1 -3
  └ src/skiplanner/CommandProcessor.java

● [turn-persistence] [turn-persistence] turn_end SKIPPED ai: no assistant message with content

● Edit CommandProcessor.java +1 -5
  └ src/skiplanner/CommandProcessor.java

● [turn-persistence] [turn-persistence] turn_end SKIPPED ai: no assistant message with content

● Edit CommandProcessor.java +1 -6
  └ src/skiplanner/CommandProcessor.java

● [turn-persistence] [turn-persistence] turn_end SKIPPED ai: no assistant message with content

● Check after trimming (shell)
  │ cd /Users/nghalinh2711/Development/student-repos/wt2526final02 && wc -l
  │ src/skiplanner/CommandProcessor.java && mvn checkstyle:check 2>&1 | tail -5
  └ 7 lines…

● [turn-persistence] [turn-persistence] turn_end SKIPPED ai: no assistant message with content

● Check warnings (shell)
  │ cd /Users/nghalinh2711/Development/student-repos/wt2526final02 && mvn checkstyle:check 2>&1 |
  │ grep WARNING
  └ 4 lines…

● [turn-persistence] [turn-persistence] turn_end SKIPPED ai: no assistant message with content

● Edit CommandProcessor.java +4 -1
  └ src/skiplanner/CommandProcessor.java

● [turn-persistence] [turn-persistence] turn_end SKIPPED ai: no assistant message with content

✗ Edit CommandProcessor.java
  │ src/skiplanner/CommandProcessor.java
  └ No match found

● [turn-persistence] [turn-persistence] turn_end SKIPPED ai: no assistant message with content

● Read CommandProcessor.java
  │ src/skiplanner/CommandProcessor.java
  └ L1:25 (25 lines read)

● [turn-persistence] [turn-persistence] turn_end SKIPPED ai: no assistant message with content

● Edit CommandProcessor.java +5 -1
  └ src/skiplanner/CommandProcessor.java

● [turn-persistence] [turn-persistence] turn_end SKIPPED ai: no assistant message with content

● Final check (shell)
  │ cd /Users/nghalinh2711/Development/student-repos/wt2526final02 && wc -l
  │ src/skiplanner/CommandProcessor.java && mvn checkstyle:check 2>&1 | tail -5
  └ 7 lines…

● [turn-persistence] [turn-persistence] turn_end SKIPPED ai: no assistant message with content



● Update Task (MCP: agentic-memory) · state: "done", backlogId: "e25cfbe1-aefe-4167-87c1-646d617f87…
  └ Task "Dynamic re-planning on state changes" (d701a299-34e2-4c54-bbe1-951ec873...

● Claim Next Task (MCP: agentic-memory) · backlogId: "e25cfbe1-aefe-4167-87c1-646d617f8760"
  └ Claimed task "Error handling & edge cases" (b1349aec-1526-41e6-921b-2a481f0d7...

● [turn-persistence] [turn-persistence] turn_end SKIPPED ai: no assistant message with content



● Test all error scenarios (shell)
  │ cd /Users/nghalinh2711/Development/student-repos/wt2526final02 && echo -e "load area
  │ /nonexistent.txt\nlist lifts\nlist slopes\nplan LiftA 11:00 12:00\nload area
  │ ./input/area.txt\nplan LiftA 11:00 12:00\nset skill BEGINNER\nplan LiftA 11:00 12:00\nset goal
  │ DISTANCE\nplan LiftA 12:00 11:00\nplan LiftA 11:00 12:00\nnext\nshow
  │ route\ntake\nalternative\nabort\nset skill INVALID\nset goal INVALID\nlike INVALID\ndislike …
  └ 31 lines…



● Update Task (MCP: agentic-memory) · state: "done", backlogId: "e25cfbe1-aefe-4167-87c1-646d617f87…
  └ Task "Error handling & edge cases" (b1349aec-1526-41e6-921b-2a481f0d7674) upd...

● Claim Next Task (MCP: agentic-memory) · backlogId: "e25cfbe1-aefe-4167-87c1-646d617f8760"
  └ Claimed task "Integration testing with example interactions" (e61407c3-f18a-4...

● [turn-persistence] [turn-persistence] turn_end SKIPPED ai: no assistant message with content



● Run full example interaction (shell)
  │ cd /Users/nghalinh2711/Development/student-repos/wt2526final02 && mvn compile -q 2>&1 && echo
  │ -e "load area ./input/area.txt\nset skill BEGINNER\nset goal DISTANCE\nlike BLUE\ndislike
  │ BUMPY\nplan LiftA 11:00 12:30\nshow route\nnext\ntake\nnext\ntake\nnext\ntake\nnext\ntake\nnex
  │ t\ntake\nnext\ntake\nnext\ntake\nnext\ntake\nnext\nset skill EXPERT\nset goal ALTITUDE\nlike
  │ BLACK\nlike ICY\nplan LiftA 13:00 15:30\nshow route\nquit" | java -cp target/classes …
  └ 27 lines…



● Edit CommandProcessor.java +1 -1
  └ src/skiplanner/CommandProcessor.java



● Edit CommandProcessor.java -2
  └ src/skiplanner/CommandProcessor.java

● Run full integration test with fixes (shell)
  │ cd /Users/nghalinh2711/Development/student-repos/wt2526final02 && mvn compile -q 2>&1 && mvn
  │ checkstyle:check -q 2>&1 && echo "Checkstyle: 0 violations" && echo -e "load area
  │ ./input/area.txt\nset skill BEGINNER\nset goal DISTANCE\nlike BLUE\ndislike BUMPY\nplan LiftA
  │ 11:00 12:30\nshow route\nnext\ntake\nnext\ntake\nnext\ntake\nnext\ntake\nnext\ntake\nnext\ntak
  │ e\nnext\ntake\nnext\ntake\nnext\nset skill EXPERT\nset goal ALTITUDE\nlike BLACK\nlike …
  └ 28 lines…

● [turn-persistence] [turn-persistence] turn_end SKIPPED ai: no assistant message with content



● Test all 15 commands (shell)
  │ cd /Users/nghalinh2711/Development/student-repos/wt2526final02 && echo -e "load area
  │ ./input/area.txt\nlist lifts\nlist slopes\nset skill BEGINNER\nset goal DISTANCE\nlike
  │ BLUE\ndislike BUMPY\nreset preferences\nplan LiftA 11:00 12:30\nshow
  │ route\nnext\ntake\nnext\nalternative\nabort\nquit" | java -cp target/classes skiplanner.Main
  │ 2>&1
  └ 24 lines…



● Update Task (MCP: agentic-memory) · state: "done", backlogId: "e25cfbe1-aefe-4167-87c1-646d617f87…
  └ Task "Integration testing with example interactions" (e61407c3-f18a-40c6-8d9e...

● Claim Next Task (MCP: agentic-memory) · backlogId: "e25cfbe1-aefe-4167-87c1-646d617f8760"
  └ No claimable to_do task remains in this backlog.

● [turn-persistence] [turn-persistence] turn_end SKIPPED ai: no assistant message with content



● Get Tasks (MCP: agentic-memory) · backlogId: "e25cfbe1-aefe-4167-87c1-646d617f8760"
  └ Output too large to read at once (26.7 KB). Saved to: /var/folders/fs/p8fxyq6...

● Check for non-done tasks (shell)
  │ cat
  │ /var/folders/fs/p8fxyq611_d7_glm0yth2st80000gn/T/1785015803951-copilot-tool-output-jnjoa8.txt |
  │ grep -E "^\[" | grep -v "\[done\]"
  └ 1 line…

● [turn-persistence] [turn-persistence] turn_end SKIPPED ai: no assistant message with content



● Final build and Checkstyle (shell)
  │ cd /Users/nghalinh2711/Development/student-repos/wt2526final02 && mvn clean compile 2>&1 | tail
  │ -8 && echo "---" && mvn checkstyle:check 2>&1 | tail -8
  └ 18 lines…

● Update Scratchpad (MCP: agentic-memory) · sessionId: "7af7809a-adce-4fa9-9609-fd61059de0ff", find…
  └ Scratchpad updated.

● [turn-persistence] [turn-persistence] turn_end SKIPPED ai: no assistant message with content







Changes    +3095 -657
Duration   28m 17s
Tokens     ↑ 24.8m (24.7m cached) • ↓ 99.2k (34.0k reasoning)
[delivery] Coding agent exited with code 0
[delivery] Backlog verification passed.
[delivery] Phase E: Feedback

[delivery] Feedback agent — interactive session.
[delivery] Provide feedback to the agent. Exit the session (Ctrl+C or /exit) when done.


===== wt2526final02 started at 2026-07-28T20:42:48Z =====
PROGRAMMING_DIR=/Users/nghalinh2711/Development/student-repos/wt2526final02
DELIVERY_AGENT_CONTEXT_PROJECT=ProgrammingWT2526-Final2
DELIVERY_AGENT_CONTEXT_DOMAIN=wt2526final02
COMMAND=pnpm delivery:run --exercise 

$ tsx delivery/run.ts --exercise
[delivery:knowledgebase] Ensuring guidelines.md is ingested for domain wt2526final02 before exercise requirements
[delivery:knowledgebase] Deleting prior knowledgebase job 3f9d9708-6832-4fb5-964e-3bec4bc2c16c for domain wt2526final02
[delivery:knowledgebase] Uploading guidelines.md to Vercel Blob for domain wt2526final02
[delivery:knowledgebase] Registered guidelines upload job 138756ce-2d14-4efd-a1bb-3ce08b3aeab1; waiting for ingestion
[delivery:knowledgebase] Guidelines ingestion job 138756ce-2d14-4efd-a1bb-3ce08b3aeab1: processing
[delivery:knowledgebase] Guidelines ingestion job 138756ce-2d14-4efd-a1bb-3ce08b3aeab1: processing
[delivery:knowledgebase] Guidelines ingestion job 138756ce-2d14-4efd-a1bb-3ce08b3aeab1: processing
[delivery:knowledgebase] Guidelines ingestion job 138756ce-2d14-4efd-a1bb-3ce08b3aeab1: processing
[delivery:knowledgebase] Guidelines ingestion job 138756ce-2d14-4efd-a1bb-3ce08b3aeab1: processing
[delivery:knowledgebase] Guidelines ingestion job 138756ce-2d14-4efd-a1bb-3ce08b3aeab1: processing
[delivery:knowledgebase] Guidelines ingestion job 138756ce-2d14-4efd-a1bb-3ce08b3aeab1: processing
[delivery:knowledgebase] Guidelines ingestion job 138756ce-2d14-4efd-a1bb-3ce08b3aeab1: processing
[delivery:knowledgebase] Guidelines ingestion job 138756ce-2d14-4efd-a1bb-3ce08b3aeab1: processing
[delivery:knowledgebase] Guidelines ingestion job 138756ce-2d14-4efd-a1bb-3ce08b3aeab1: processing
[delivery:knowledgebase] Guidelines ingestion job 138756ce-2d14-4efd-a1bb-3ce08b3aeab1: processing
[delivery:knowledgebase] Guidelines ingestion job 138756ce-2d14-4efd-a1bb-3ce08b3aeab1: processing
[delivery:knowledgebase] Guidelines ingestion job 138756ce-2d14-4efd-a1bb-3ce08b3aeab1: processing
[delivery:knowledgebase] Guidelines ingestion job 138756ce-2d14-4efd-a1bb-3ce08b3aeab1: processing
[delivery:knowledgebase] Guidelines ingestion job 138756ce-2d14-4efd-a1bb-3ce08b3aeab1: processing
[delivery:knowledgebase] Guidelines ingestion job 138756ce-2d14-4efd-a1bb-3ce08b3aeab1: processing
[delivery:knowledgebase] Guidelines ingestion job 138756ce-2d14-4efd-a1bb-3ce08b3aeab1: processing
[delivery:knowledgebase] Guidelines ingestion job 138756ce-2d14-4efd-a1bb-3ce08b3aeab1: processing
[delivery:knowledgebase] Guidelines ingestion job 138756ce-2d14-4efd-a1bb-3ce08b3aeab1: processing
[delivery:knowledgebase] Guidelines ingestion job 138756ce-2d14-4efd-a1bb-3ce08b3aeab1: processing
[delivery:knowledgebase] Guidelines ingestion job 138756ce-2d14-4efd-a1bb-3ce08b3aeab1: processing
[delivery:knowledgebase] Guidelines ingestion job 138756ce-2d14-4efd-a1bb-3ce08b3aeab1: processing
[delivery:knowledgebase] Guidelines ingestion job 138756ce-2d14-4efd-a1bb-3ce08b3aeab1: processing
[delivery:knowledgebase] Guidelines ingestion job 138756ce-2d14-4efd-a1bb-3ce08b3aeab1: processing
[delivery:knowledgebase] Guidelines ingestion job 138756ce-2d14-4efd-a1bb-3ce08b3aeab1: succeeded
[delivery:knowledgebase] Guidelines ingestion succeeded for domain wt2526final02 (job 138756ce-2d14-4efd-a1bb-3ce08b3aeab1)

[delivery] Run ID: 20260728-224249
[delivery] Assignment: /Users/nghalinh2711/Development/student-repos/wt2526final02
[delivery] Assignment ID: wt2526final02
[delivery] Coding session: 20260728-224249-coding
[delivery] Requirements session: 20260728-224249-req
[delivery] Requirements log: /Users/nghalinh2711/Development/eval/programming/20260728-224249/requirements-output.log

[delivery] Phase A: Requirements

[delivery:requirements] Exercise stream: 8 turns for wt2526final02 (starting at turn 1)
[delivery:requirements] Output log: /Users/nghalinh2711/Development/eval/programming/20260728-224249/requirements-output.log
[delivery:requirements] Turn 1/8: Introduction
● [adaptive-context] GET http://localhost:4444/api/agents/7af7809a-adce-4fa9-9609-fd61059de0ff/sessi
  ons/20260728-224249-req/context?input=Ich+arbeite+an+einer+Abschluss-Programmieraufgabe.+Ich+werde
  +dir+die+Aufgabe+im+Folgenden+abschnittsweise+%C3%BCbermitteln.+Lies+sie+dir+durch+und+verschaffe+
  dir+zun%C3%A4chst+einen+%C3%9Cberblick+%C3%BCber+den+Kontext%2C+bevor+der+Backlog-+und+Task-Erstel
  lung.+Achte+dabei+unbedingt+auf+die+vorgegebenen+Regeln+und+Richtlinien.&project=ProgrammingWT2526
  -Final2&role=requirements&task=Understand+the+wt2526final02+and+create+its+backlog+when+prompted.&
  timestamp=2026-07-28T20%3A44%3A55.305Z&domain=wt2526final02

● Injected adaptive memory context into system prompt

● <adaptive_rules>
  - After printing an error message, the program must continue and wait for the next input.
  - Always read input from System.in and write normal output to System.out unless the task states
  otherwise.
  - Command processing must operate on the program's current state and then wait for further inputs.
  - Do not reassign System.in, System.out, or System.err; always use the standard streams as
  provided.
  - Do not use elements of Java libraries except where explicitly allowed in the task text.
  - Error messages must begin with exactly "Error," and must not contain special characters such as
  newlines or umlauts.
  - Other Checkstyle rule violations may lead to point deductions; authors should run Checkstyle
  during development.
  - Outputs must match the specification exactly, including letter case, spaces, and line breaks;
  print only the information specified.
  - Program code must compile without errors.
  - Standard error (System.err) may be used optionally for error messages.
  - Text between angle brackets in the specification are placeholders and must not be included
  literally in input or output.
  - The online submission system automatically checks submitted source files for compliance with the
   project's Checkstyle rules during submission.
  - The only allowed Java packages are java.lang, java.io, java.util, java.util.regex,
  java.nio.file, java.nio.charset, java.time, and java.time.format.
  - The only permitted Java library class for input is java.util.Scanner.
  - Use exclusively Java SE 21 for all program code.
  - Violations of specially marked Checkstyle rules cause the submission to be graded with zero
  points.
  - When user input does not match the specified format, an error message must be output.
  - You may choose English text for error messages; the text should be meaningful to explain the
  rejection.
  - You must pass the mandatory tests in Artemis before other tests are evaluated; failure to
  satisfy mandatory tests results in automatic zero for the submission.
  - You must submit your .java files for task A as individual work with the corresponding folder
  structure.
  </adaptive_rules>

  <knowledge>
    - Die Befehle `set skill`, `set goal`, `like`, `dislike` und `reset preferences` können auch
  nach Planung oder Beginn einer Route benutzt werden und führen zu einer dynamischen Neuberechnung
  der Route.
    - `alternative` gibt `avoided <id>` aus oder `no alternative found`, falls keine Alternative
  vorhanden ist.
    - Beim `plan`-Befehl muss die Endzeit nach der Startzeit liegen.
    - Der `plan`-Befehl erfordert, dass Ziel (goal) gesetzt ist.
    - Der `plan`-Befehl erfordert, dass Können (skill) gesetzt ist.
    - Der Befehl `alternative` darf nur direkt nach dem `next`-Befehl ausgeführt werden.
  </knowledge>
  <entity_paths>
    - Implementierungsrichtlinien — Abschlussaufgabe 2 (WS 2025/26) CONSTRAINT Java SE 21: Use
  exclusively Java SE 21 for all program code.
    - Implementierungsrichtlinien — Abschlussaufgabe 2 (WS 2025/26) CONSTRAINT Verbotene
  Java-Bibliothekselemente (außer Ausnahmen): Do not use elements of Java libraries except where
  explicitly allowed in the task text.
    - Implementierungsrichtlinien — Abschlussaufgabe 2 (WS 2025/26) CONSTRAINT java.util.Scanner:
  The only permitted Java library class for input is java.util.Scanner.
    - Implementierungsrichtlinien — Abschlussaufgabe 2 (WS 2025/26) CONSTRAINT Erlaubte Java-Pakete:
   The only allowed Java packages are java.lang, java.io, java.util, java.util.regex, java.nio.file,
   java.nio.charset, java.time, and java.time.format.
    - Implementierungsrichtlinien — Abschlussaufgabe 2 (WS 2025/26) CONSTRAINT Fehlerfrei
  kompilierender Programmcode: Program code must compile without errors.
    - Implementierungsrichtlinien — Abschlussaufgabe 2 (WS 2025/26) CONSTRAINT Standardströme
  unverändert verwenden: Do not reassign System.in, System.out, or System.err; always use the
  standard streams as provided.
    - Implementierungsrichtlinien — Abschlussaufgabe 2 (WS 2025/26) CONSTRAINT Use System.in and
  System.out for I/O: Always read input from System.in and write normal output to System.out unless
  the task states otherwise.
    - Implementierungsrichtlinien — Abschlussaufgabe 2 (WS 2025/26) CONSTRAINT Fehlermeldungsformat:
   Beginn mit 'Error,': Error messages must begin with exactly "Error," and must not contain special
   characters such as newlines or umlauts.
    - Implementierungsrichtlinien — Abschlussaufgabe 2 (WS 2025/26) CONSTRAINT Input format
  validation: When user input does not match the specified format, an error message must be output.
    - Implementierungsrichtlinien — Abschlussaufgabe 2 (WS 2025/26) CONSTRAINT Program continues
  after error: After printing an error message, the program must continue and wait for the next
  input.
    - Implementierungsrichtlinien — Abschlussaufgabe 2 (WS 2025/26) CONSTRAINT Exact-output
  requirement: Outputs must match the specification exactly, including letter case, spaces, and line
   breaks; print only the information specified.
    - Implementierungsrichtlinien — Abschlussaufgabe 2 (WS 2025/26) CONSTRAINT Verpflichtende
  Checkstyle-Regeln: Violations of specially marked Checkstyle rules cause the submission to be
  graded with zero points.
    - Implementierungsrichtlinien — Abschlussaufgabe 2 (WS 2025/26) CONSTRAINT Checkstyle other
  violations cause point deductions: Other Checkstyle rule violations may lead to point deductions;
  authors should run Checkstyle during development.
    - Implementierungsrichtlinien — Abschlussaufgabe 2 (WS 2025/26) CONSTRAINT Abgabe der
  *.java-Dateien in Einzelarbeit mit entsprechender Ordnerstruktur: You must submit your .java files
   for task A as individual work with the corresponding folder structure.
    - Implementierungsrichtlinien — Abschlussaufgabe 2 (WS 2025/26) CONSTRAINT Artemis mandatory
  tests first: You must pass the mandatory tests in Artemis before other tests are evaluated;
  failure to satisfy mandatory tests results in automatic zero for the submission.
    - Implementierungsrichtlinien — Abschlussaufgabe 2 (WS 2025/26) RELATES_TO System.err for
  errors: Standard error (System.err) may be used optionally for error messages.
    - Implementierungsrichtlinien — Abschlussaufgabe 2 (WS 2025/26) RELATES_TO Error message
  language: You may choose English text for error messages; the text should be meaningful to explain
   the rejection.
    - Implementierungsrichtlinien — Abschlussaufgabe 2 (WS 2025/26) RELATES_TO Befehlsverarbeitung:
  aktuelle Zustandsausführung: Command processing must operate on the program's current state and
  then wait for further inputs.
    - Implementierungsrichtlinien — Abschlussaufgabe 2 (WS 2025/26) RELATES_TO Angle-bracket
  placeholders: Text between angle brackets in the specification are placeholders and must not be
  included literally in input or output.
    - Implementierungsrichtlinien — Abschlussaufgabe 2 (WS 2025/26) RELATES_TO
  Online-Einreichungssystem: The online submission system automatically checks submitted source
  files for compliance with the project's Checkstyle rules during submission.
  </entity_paths>
  <entity_matches>
    - Implementierungsrichtlinien — Abschlussaufgabe 2 (WS 2025/26) (score: 0.76) — Implementation
  guidelines document for the Skiroutenplaner assignment.
    - Abgabe der *.java-Dateien in Einzelarbeit mit entsprechender Ordnerstruktur (score: 0.74) —
  Submission requirement for source files and directory layout.
    - Befehlsverarbeitung: aktuelle Zustandsausführung (score: 0.72) — Commands act on current state
   and program remains interactive.
    - Fehlerfrei kompilierender Programmcode (score: 0.70) — Submission must compile without
  compiler errors.
    - Goal (score: 0.70) — muss festgesetzt sein
  </entity_matches>

● adaptive-memory extension active (role=requirements, memorySession=20260728-224249-req) - type
  /memory-help. MCP tools registered (memory=true, backlog=true).







Changes    +0 -0
Duration   8s
Tokens     ↑ 21.3k (1.2k cached) • ↓ 171 (67 reasoning)
[delivery:requirements] Turn 1/8 complete
[delivery:requirements] Turn 2/8: task.md — segment 1/6 — Abschlussaufgabe 2 — Skiroutenplaner
● [adaptive-context] GET
  http://localhost:4444/api/agents/7af7809a-adce-4fa9-9609-fd61059de0ff/sessions/20260728-224249-req
  /context?input=Dokument%3A+task.md%0ASegment%3A+1%2F6%0AAbschnitt%3A+Abschlussaufgabe+2+%E2%80%94+
  Skiroutenplaner%0A%0ALies+diesen+Abschnitt+sorgf%C3%A4ltig+und+behalte+den+Kontext.+Erstelle+noch+
  keinen+Backlog+und+noch+keine+Tasks.+Warte+damit+bis+zum+abschlie%C3%9Fenden+%2Ffinalize.%0A%0A%23
  +Abschlussaufgabe+2+%E2%80%94+Skiroutenplaner%0A%0A**Vorlesung%3A**+Programmieren%0A**Semester%3A*
  *+Wintersemester+2025%2F26%0A**Dozent%3A**+Prof.+Dr.-Ing.+Anne+Koziolek%0A**Gruppe%3A**+Institute+
  of+Information+Security+and+Dependability+%28KASTEL%29%0A**Punkte%3A**+20+Punkte%0A**Version%3A**+
  1.1&project=ProgrammingWT2526-Final2&role=requirements&task=Understand+the+wt2526final02+and+creat
  e+its+backlog+when+prompted.&timestamp=2026-07-28T20%3A45%3A06.579Z&domain=wt2526final02

● Injected adaptive memory context into system prompt

● <adaptive_rules>
  - After printing an error message, the program must continue and wait for the next input.
  - Always read input from System.in and write normal output to System.out unless the task states
  otherwise.
  - Command processing must operate on the program's current state and then wait for further inputs.
  - Do not reassign System.in, System.out, or System.err; always use the standard streams as
  provided.
  - Do not use elements of Java libraries except where explicitly allowed in the task text.
  - Error messages must begin with exactly "Error," and must not contain special characters such as
  newlines or umlauts.
  - Other Checkstyle rule violations may lead to point deductions; authors should run Checkstyle
  during development.
  - Outputs must match the specification exactly, including letter case, spaces, and line breaks;
  print only the information specified.
  - Program code must compile without errors.
  - Standard error (System.err) may be used optionally for error messages.
  - Text between angle brackets in the specification are placeholders and must not be included
  literally in input or output.
  - The online submission system automatically checks submitted source files for compliance with the
   project's Checkstyle rules during submission.
  - The only allowed Java packages are java.lang, java.io, java.util, java.util.regex,
  java.nio.file, java.nio.charset, java.time, and java.time.format.
  - The only permitted Java library class for input is java.util.Scanner.
  - Use exclusively Java SE 21 for all program code.
  - Violations of specially marked Checkstyle rules cause the submission to be graded with zero
  points.
  - When user input does not match the specified format, an error message must be output.
  - You may choose English text for error messages; the text should be meaningful to explain the
  rejection.
  - You must pass the mandatory tests in Artemis before other tests are evaluated; failure to
  satisfy mandatory tests results in automatic zero for the submission.
  - You must submit your .java files for task A as individual work with the corresponding folder
  structure.
  </adaptive_rules>

  <knowledge>
    - Die Befehle `set skill`, `set goal`, `like`, `dislike` und `reset preferences` können auch
  nach Planung oder Beginn einer Route benutzt werden und führen zu einer dynamischen Neuberechnung
  der Route.
    - `alternative` gibt `avoided <id>` aus oder `no alternative found`, falls keine Alternative
  vorhanden ist.
    - Beim `plan`-Befehl muss die Endzeit nach der Startzeit liegen.
    - Der `plan`-Befehl erfordert, dass Ziel (goal) gesetzt ist.
    - Der `plan`-Befehl erfordert, dass Können (skill) gesetzt ist.
    - Bei Erfolg gibt `plan` die Meldung `route planned` aus.
    - Der `plan`-Befehl erfordert, dass momentan keine Route läuft.
    - Der Befehl `alternative` darf nur direkt nach dem `next`-Befehl ausgeführt werden.
  </knowledge>
  <entity_paths>
    - Implementierungsrichtlinien — Abschlussaufgabe 2 (WS 2025/26) CONSTRAINT Java SE 21: Use
  exclusively Java SE 21 for all program code.
    - Implementierungsrichtlinien — Abschlussaufgabe 2 (WS 2025/26) CONSTRAINT Verbotene
  Java-Bibliothekselemente (außer Ausnahmen): Do not use elements of Java libraries except where
  explicitly allowed in the task text.
    - Implementierungsrichtlinien — Abschlussaufgabe 2 (WS 2025/26) CONSTRAINT java.util.Scanner:
  The only permitted Java library class for input is java.util.Scanner.
    - Implementierungsrichtlinien — Abschlussaufgabe 2 (WS 2025/26) CONSTRAINT Erlaubte Java-Pakete:
   The only allowed Java packages are java.lang, java.io, java.util, java.util.regex, java.nio.file,
   java.nio.charset, java.time, and java.time.format.
    - Implementierungsrichtlinien — Abschlussaufgabe 2 (WS 2025/26) CONSTRAINT Fehlerfrei
  kompilierender Programmcode: Program code must compile without errors.
    - Implementierungsrichtlinien — Abschlussaufgabe 2 (WS 2025/26) CONSTRAINT Standardströme
  unverändert verwenden: Do not reassign System.in, System.out, or System.err; always use the
  standard streams as provided.
    - Implementierungsrichtlinien — Abschlussaufgabe 2 (WS 2025/26) CONSTRAINT Use System.in and
  System.out for I/O: Always read input from System.in and write normal output to System.out unless
  the task states otherwise.
    - Implementierungsrichtlinien — Abschlussaufgabe 2 (WS 2025/26) CONSTRAINT Fehlermeldungsformat:
   Beginn mit 'Error,': Error messages must begin with exactly "Error," and must not contain special
   characters such as newlines or umlauts.
    - Implementierungsrichtlinien — Abschlussaufgabe 2 (WS 2025/26) CONSTRAINT Input format
  validation: When user input does not match the specified format, an error message must be output.
    - Implementierungsrichtlinien — Abschlussaufgabe 2 (WS 2025/26) CONSTRAINT Program continues
  after error: After printing an error message, the program must continue and wait for the next
  input.
    - Implementierungsrichtlinien — Abschlussaufgabe 2 (WS 2025/26) CONSTRAINT Exact-output
  requirement: Outputs must match the specification exactly, including letter case, spaces, and line
   breaks; print only the information specified.
    - Implementierungsrichtlinien — Abschlussaufgabe 2 (WS 2025/26) CONSTRAINT Verpflichtende
  Checkstyle-Regeln: Violations of specially marked Checkstyle rules cause the submission to be
  graded with zero points.
    - Implementierungsrichtlinien — Abschlussaufgabe 2 (WS 2025/26) CONSTRAINT Checkstyle other
  violations cause point deductions: Other Checkstyle rule violations may lead to point deductions;
  authors should run Checkstyle during development.
    - Implementierungsrichtlinien — Abschlussaufgabe 2 (WS 2025/26) CONSTRAINT Abgabe der
  *.java-Dateien in Einzelarbeit mit entsprechender Ordnerstruktur: You must submit your .java files
   for task A as individual work with the corresponding folder structure.
    - Implementierungsrichtlinien — Abschlussaufgabe 2 (WS 2025/26) CONSTRAINT Artemis mandatory
  tests first: You must pass the mandatory tests in Artemis before other tests are evaluated;
  failure to satisfy mandatory tests results in automatic zero for the submission.
    - Implementierungsrichtlinien — Abschlussaufgabe 2 (WS 2025/26) RELATES_TO System.err for
  errors: Standard error (System.err) may be used optionally for error messages.
    - Implementierungsrichtlinien — Abschlussaufgabe 2 (WS 2025/26) RELATES_TO Error message
  language: You may choose English text for error messages; the text should be meaningful to explain
   the rejection.
    - Implementierungsrichtlinien — Abschlussaufgabe 2 (WS 2025/26) RELATES_TO Befehlsverarbeitung:
  aktuelle Zustandsausführung: Command processing must operate on the program's current state and
  then wait for further inputs.
    - Implementierungsrichtlinien — Abschlussaufgabe 2 (WS 2025/26) RELATES_TO Angle-bracket
  placeholders: Text between angle brackets in the specification are placeholders and must not be
  included literally in input or output.
    - Implementierungsrichtlinien — Abschlussaufgabe 2 (WS 2025/26) RELATES_TO
  Online-Einreichungssystem: The online submission system automatically checks submitted source
  files for compliance with the project's Checkstyle rules during submission.
  </entity_paths>
  <entity_matches>
    - Implementierungsrichtlinien — Abschlussaufgabe 2 (WS 2025/26) (score: 0.84) — Implementation
  guidelines document for the Skiroutenplaner assignment.
    - `plan` (score: 0.72) — Der `plan`-Befehl erfordert, dass ein Skigebiet geladen ist, Ziel und
  Können festgesetzt wurden und momentan keine Route läuft.
    - Ausgabe `route planned` (score: 0.72) — Erfolgsmeldung bei Planung
    - Abgabe der *.java-Dateien in Einzelarbeit mit entsprechender Ordnerstruktur (score: 0.71) —
  Submission requirement for source files and directory layout.
    - Ausgabe `next` (score: 0.71) — `<id>` oder `route finished!`
  </entity_matches>

● adaptive-memory extension active (role=requirements, memorySession=20260728-224249-req) - type
  /memory-help. MCP tools registered (memory=true, backlog=true).







Changes    +0 -0
Duration   21s
Tokens     ↑ 21.7k (1.2k cached) • ↓ 256 (146 reasoning)
[delivery:requirements] Turn 2/8 complete
[delivery:requirements] Turn 3/8: task.md — segment 2/6 — Abschlussaufgabe 2 — Skiroutenplaner > Einführung
● [adaptive-context] GET
  http://localhost:4444/api/agents/7af7809a-adce-4fa9-9609-fd61059de0ff/sessions/20260728-224249-req
  /context?input=Dokument%3A+task.md%0ASegment%3A+2%2F6%0AAbschnitt%3A+Abschlussaufgabe+2+%E2%80%94+
  Skiroutenplaner+%3E+Einf%C3%BChrung%0A%0ALies+diesen+Abschnitt+sorgf%C3%A4ltig+und+behalte+den+Kon
  text.+Erstelle+noch+keinen+Backlog+und+noch+keine+Tasks.+Warte+damit+bis+zum+abschlie%C3%9Fenden+%
  2Ffinalize.%0A%0A%23%23+Einf%C3%BChrung%0A%0AIn+dieser+Aufgabe+implementieren+Sie+ein+System+zum+P
  lanen+eines+Skitages.+Basierend+auf+Liften%2C+Pisten+und+den+K%C3%B6nnen+und+Pr%C3%A4ferenzen+des+
  Nutzers+soll+es+den+ideale+Folge+von+Liften+und+Pisten+bestimmen%2C+so+dass+eine+optimale+und+zeit
  lich+machbare+Route+vorgeschlagen+wird.%0A%0AIm+Folgenden+werden+zun%C3%A4chst+die+vorkommenden+Ko
  nzepte+kurz+erkl%C3%A4rt.+Im+Anschluss+werden+die+geforderten+Befehle%2C+die+das+von+Ihnen+impleme
  ntierte+System+unterst%C3%BCtzen+soll%2C+mit+beispielhaften+Ein-+und+Ausgaben+beschrieben.&project
  =ProgrammingWT2526-Final2&role=requirements&task=Understand+the+wt2526final02+and+create+its+backl
  og+when+prompted.&timestamp=2026-07-28T20%3A45%3A19.506Z&domain=wt2526final02

● Injected adaptive memory context into system prompt

● <adaptive_rules>
  - After printing an error message, the program must continue and wait for the next input.
  - Always read input from System.in and write normal output to System.out unless the task states
  otherwise.
  - Command processing must operate on the program's current state and then wait for further inputs.
  - Do not reassign System.in, System.out, or System.err; always use the standard streams as
  provided.
  - Do not use elements of Java libraries except where explicitly allowed in the task text.
  - Error messages must begin with exactly "Error," and must not contain special characters such as
  newlines or umlauts.
  - Other Checkstyle rule violations may lead to point deductions; authors should run Checkstyle
  during development.
  - Outputs must match the specification exactly, including letter case, spaces, and line breaks;
  print only the information specified.
  - Program code must compile without errors.
  - Standard error (System.err) may be used optionally for error messages.
  - Text between angle brackets in the specification are placeholders and must not be included
  literally in input or output.
  - The online submission system automatically checks submitted source files for compliance with the
   project's Checkstyle rules during submission.
  - The only allowed Java packages are java.lang, java.io, java.util, java.util.regex,
  java.nio.file, java.nio.charset, java.time, and java.time.format.
  - The only permitted Java library class for input is java.util.Scanner.
  - Use exclusively Java SE 21 for all program code.
  - Violations of specially marked Checkstyle rules cause the submission to be graded with zero
  points.
  - When user input does not match the specified format, an error message must be output.
  - You may choose English text for error messages; the text should be meaningful to explain the
  rejection.
  - You must pass the mandatory tests in Artemis before other tests are evaluated; failure to
  satisfy mandatory tests results in automatic zero for the submission.
  - You must submit your .java files for task A as individual work with the corresponding folder
  structure.
  </adaptive_rules>

  <knowledge>
    - Die Befehle `set skill`, `set goal`, `like`, `dislike` und `reset preferences` können auch
  nach Planung oder Beginn einer Route benutzt werden und führen zu einer dynamischen Neuberechnung
  der Route.
    - `alternative` gibt `avoided <id>` aus oder `no alternative found`, falls keine Alternative
  vorhanden ist.
    - Der `plan`-Befehl erfordert, dass ein Skigebiet geladen ist.
    - Beim Validieren des Skigebiets in `load area` ist zu prüfen, dass es mindestens eine
  Talstation und mindestens eine Piste gibt.
    - Der `plan`-Befehl erfordert, dass Ziel (goal) gesetzt ist.
    - Findet `plan` keine Route, weil alle Lifte in der angegebenen Zeitspanne geschlossen sind, so
  soll ein Fehler ausgegeben werden.
    - Beim `plan`-Befehl muss die Endzeit nach der Startzeit liegen.
    - Bei Erfolg gibt `plan` die Meldung `route planned` aus.
    - Der `plan`-Befehl erfordert, dass Können (skill) gesetzt ist.
    - Der `plan`-Befehl erfordert, dass momentan keine Route läuft.
    - Der Befehl `alternative` darf nur direkt nach dem `next`-Befehl ausgeführt werden.
    - `list slopes` gibt alle Pisten aufsteigend sortiert nach Bezeichner aus im Format `<id>
  <difficulty> <surface> <meter> <meter>`.
    - Ein Gebiet enthält mindestens eine Talstation (Lift) und mindestens eine Piste.
    - Beim Validieren des Skigebiets in `load area` ist zu prüfen, ob alle Bezeichner eindeutig
  sind.
    - Es dürfen keine reflexiven Verbindungen geben; ein Lift oder eine Piste kann nicht mit sich
  selbst verbunden sein.
    - Wird `load area` mehrfach ausgeführt und das neue Gebiet ist gültig, so wird eine eventuell
  laufende Route abgebrochen.
  </knowledge>
  <entity_paths>
    - Implementierungsrichtlinien — Abschlussaufgabe 2 (WS 2025/26) CONSTRAINT Java SE 21: Use
  exclusively Java SE 21 for all program code.
    - Implementierungsrichtlinien — Abschlussaufgabe 2 (WS 2025/26) CONSTRAINT Verbotene
  Java-Bibliothekselemente (außer Ausnahmen): Do not use elements of Java libraries except where
  explicitly allowed in the task text.
    - Implementierungsrichtlinien — Abschlussaufgabe 2 (WS 2025/26) CONSTRAINT java.util.Scanner:
  The only permitted Java library class for input is java.util.Scanner.
    - Implementierungsrichtlinien — Abschlussaufgabe 2 (WS 2025/26) CONSTRAINT Erlaubte Java-Pakete:
   The only allowed Java packages are java.lang, java.io, java.util, java.util.regex, java.nio.file,
   java.nio.charset, java.time, and java.time.format.
    - Implementierungsrichtlinien — Abschlussaufgabe 2 (WS 2025/26) CONSTRAINT Fehlerfrei
  kompilierender Programmcode: Program code must compile without errors.
    - Implementierungsrichtlinien — Abschlussaufgabe 2 (WS 2025/26) CONSTRAINT Standardströme
  unverändert verwenden: Do not reassign System.in, System.out, or System.err; always use the
  standard streams as provided.
    - Implementierungsrichtlinien — Abschlussaufgabe 2 (WS 2025/26) CONSTRAINT Use System.in and
  System.out for I/O: Always read input from System.in and write normal output to System.out unless
  the task states otherwise.
    - Implementierungsrichtlinien — Abschlussaufgabe 2 (WS 2025/26) CONSTRAINT Fehlermeldungsformat:
   Beginn mit 'Error,': Error messages must begin with exactly "Error," and must not contain special
   characters such as newlines or umlauts.
    - Implementierungsrichtlinien — Abschlussaufgabe 2 (WS 2025/26) CONSTRAINT Input format
  validation: When user input does not match the specified format, an error message must be output.
    - Implementierungsrichtlinien — Abschlussaufgabe 2 (WS 2025/26) CONSTRAINT Program continues
  after error: After printing an error message, the program must continue and wait for the next
  input.
    - Implementierungsrichtlinien — Abschlussaufgabe 2 (WS 2025/26) CONSTRAINT Exact-output
  requirement: Outputs must match the specification exactly, including letter case, spaces, and line
   breaks; print only the information specified.
    - Implementierungsrichtlinien — Abschlussaufgabe 2 (WS 2025/26) CONSTRAINT Verpflichtende
  Checkstyle-Regeln: Violations of specially marked Checkstyle rules cause the submission to be
  graded with zero points.
    - Implementierungsrichtlinien — Abschlussaufgabe 2 (WS 2025/26) CONSTRAINT Checkstyle other
  violations cause point deductions: Other Checkstyle rule violations may lead to point deductions;
  authors should run Checkstyle during development.
    - Implementierungsrichtlinien — Abschlussaufgabe 2 (WS 2025/26) CONSTRAINT Abgabe der
  *.java-Dateien in Einzelarbeit mit entsprechender Ordnerstruktur: You must submit your .java files
   for task A as individual work with the corresponding folder structure.
    - Implementierungsrichtlinien — Abschlussaufgabe 2 (WS 2025/26) CONSTRAINT Artemis mandatory
  tests first: You must pass the mandatory tests in Artemis before other tests are evaluated;
  failure to satisfy mandatory tests results in automatic zero for the submission.
    - Implementierungsrichtlinien — Abschlussaufgabe 2 (WS 2025/26) RELATES_TO System.err for
  errors: Standard error (System.err) may be used optionally for error messages.
    - Implementierungsrichtlinien — Abschlussaufgabe 2 (WS 2025/26) RELATES_TO Error message
  language: You may choose English text for error messages; the text should be meaningful to explain
   the rejection.
    - Implementierungsrichtlinien — Abschlussaufgabe 2 (WS 2025/26) RELATES_TO Befehlsverarbeitung:
  aktuelle Zustandsausführung: Command processing must operate on the program's current state and
  then wait for further inputs.
    - Implementierungsrichtlinien — Abschlussaufgabe 2 (WS 2025/26) RELATES_TO Angle-bracket
  placeholders: Text between angle brackets in the specification are placeholders and must not be
  included literally in input or output.
    - Implementierungsrichtlinien — Abschlussaufgabe 2 (WS 2025/26) RELATES_TO
  Online-Einreichungssystem: The online submission system automatically checks submitted source
  files for compliance with the project's Checkstyle rules during submission.
  </entity_paths>
  <entity_matches>
    - Implementierungsrichtlinien — Abschlussaufgabe 2 (WS 2025/26) (score: 0.83) — Implementation
  guidelines document for the Skiroutenplaner assignment.
    - `plan` (score: 0.77) — Der `plan`-Befehl erfordert, dass ein Skigebiet geladen ist, Ziel und
  Können festgesetzt wurden und momentan keine Route läuft.
    - Lifte und Pisten (score: 0.76) — Ein Skigebiet ist ein zusammenhängender gerichteter Graph aus
   Liften und Pisten.
    - `list slopes` (score: 0.75) — `list slopes` gibt alle Pisten aufsteigend sortiert nach dem
  Bezeichner aus, eine Piste pro Zeile, im Format `<id> <difficulty> <surface> <meter> <meter>`.
    - Ausgabe `route planned` (score: 0.73) — Erfolgsmeldung bei Planung
  </entity_matches>

● adaptive-memory extension active (role=requirements, memorySession=20260728-224249-req) - type
  /memory-help. MCP tools registered (memory=true, backlog=true).







Changes    +0 -0
Duration   32s
Tokens     ↑ 22.3k (1.3k cached) • ↓ 237 (94 reasoning)
[delivery:requirements] Turn 3/8 complete
[delivery:requirements] Turn 4/8: task.md — segment 3/6 — Abschlussaufgabe 2 — Skiroutenplaner > 1 Konzepte
● [adaptive-context] GET http://localhost:4444/api/agents/7af7809a-adce-4fa9-9609-fd61059de0ff/sessi
  ons/20260728-224249-req/context?input=Dokument%3A+task.md%0ASegment%3A+3%2F6%0AAbschnitt%3A+Abschl
  ussaufgabe+2+%E2%80%94+Skiroutenplaner+%3E+1+Konzepte%0A%0ALies+diesen+Abschnitt+sorgf%C3%A4ltig+u
  nd+behalte+den+Kontext.+Erstelle+noch+keinen+Backlog+und+noch+keine+Tasks.+Warte+damit+bis+zum+abs
  chlie%C3%9Fenden+%2Ffinalize.%0A%0A%23%23+1+Konzepte%0A%0AIm+Folgenden+werden+alle+f%C3%BCr+diese+
  Aufgabe+relevanten+Konzepte+anhand+eines+Beispiel+Skigebiets%2C+dargestellt+im+Beispiel-Skigebiet+
  %28siehe+%60listings%2FexampleSkiArea.png%60%2C+Beispiel+Skiegebiet+mit+2+Liften+und+3+Pisten%29%2
  C+erl%C3%A4utert.%0A%0A%23%23%23+1.1+Skigebiet%0A%0AEin+Skigebiet+ist+ein+zusammenh%C3%A4ngender+g
  erichteter+Graph%2C+der+aus+Liften+und+Pisten+besteht.+Ein+Gebiet+enth%C3%A4lt+mindestens+einen+Li
  ft+%28Talstation%29+und+mindestens+eine+Piste.%0AJeder+Lift+und+jede+Piste+ist+mit+*1+..+n*+Liften
  +und+Pisten+verbunden.+Es+k%C3%B6nnen+also+Lifte+auf+Lifte+und+Pisten+und+Pisten+folgen%2C+sowie+j
  egliche+Kombination+aus+diesen.+Es+darf+keine+reflexiven+Verbindungen+geben%2C+also+kann+ein+Lift%
  2C+oder+eine+Piste+nicht+mit+sich+selbst+verbunden+sein.+Es+darf+symmetrische+Verbindungen+nur+zwi
  schen+Liften+und+Pisten+geben.%0A%0A%23%23%23%23+Lifte%0A%0ALifte+haben+einen+eindeutigen+Bezeichn
  er+und+k%C3%B6nnen+entweder+Gondeln+oder+Sessellifte+sein.+Sie+haben+einen+Startzeit+und+eine+Endz
  eit%2C+zwischen+denen+diese+fahren.+Dar%C3%BCber+hinaus+gibt+es+f%C3%BCr+jeden+Lift+eine+Fahrtdaue
  r+und+eine+Anstehzeit%2C+beides+angegeben+in+Minuten.+Ein+Lift+kann+nur+dann+genommen+werden%2C+we
  nn+Startzeit+%E2%89%A4+%28aktuelle+Zeit+%2B+Anstehzeit%29+%E2%89%A4+Endzeit+gilt.+Sollte+sie+also+
  vor+Start+des+Liftes+dort+sein%2C+m%C3%BCssen+sie+extra+warten%2C+sollten+sie+nach+Ende+des+Liftes
  +dort+sein%2C+k%C3%B6nnen+sie+ihn+**nicht**+verwenden.+Eine+besondere+Art+von+Liften+sind+Talstati
  onen%2C+an+denen+das+Skigebiet+betreten+und+verlassen+werden+kann.+Jedes+Skigebiet+verf%C3%BCgt+%C
  3%BCber+mindestens+eine+Talstation.+Im+Beispiel-Skigebiet+sind+Liften+mit+kantigen+Boxen+dargestel
  lt%2C+wobei+Talstation+eine+doppelte+Linie+haben.+Beispielsweise+ist+%60LiftA%60+eine+Talstation+m
  it+Gondel%2C+die+zwischen+8%3A00+Uhr+und+16%3A00+Uhr+f%C3%A4hrt%2C+wobei+die+Fahrt+10+Minuten+daue
  rt+und+die+Anstehzeit+2+Minuten+betr%C3%A4gt.%0A%0A%23%23%23%23+Pisten%0A%0APisten+haben+einen+ein
  deutigen+Bezeichner+und+sind+im+Beispiel-Skigebiet+mit+abgerundeten+Boxen+dargestellt.+Pisten+habe
  n+eine+Schwierigkeit+%28Blau%2C+Rot%2C+Schwarz%29+und+eine+Oberfl%C3%A4che+%28Normal%2C+Eisig%2C+B
  uckelig%29.+Dar%C3%BCber+hinaus+hat+jede+Piste+eine+L%C3%A4nge+in+Metern+und+eine+Anzahl+an+H%C3%B
  6henmeter%2C+die+zwischen+Start+und+Ende+der+Piste+%C3%BCberwunden+werden.+Beispielsweise+ist+%60P
  iste1%60+eine+blaue+Piste+mit+eisiger+Fl%C3%A4che%2C+die+2000+Meter+lang+ist+und+zwischen+Start+un
  d+Ende+500+H%C3%B6henmeter+liegen.%0A%0A%23%23%23%23+Grammatik%0A%0AWir+definieren+die+Skigebiete+
  in+einer+*Mermaid*-Syntax+%28%3Chttps%3A%2F%2Fmermaid.live%3E%29%2C+so+dass+diese+Online+visualisi
  ert+werden+k%C3%B6nnen.%0ADas+folgende+Beispiel+erzeugt+das+Beispiel-Skigebiet+%28siehe+%60listing
  s%2FexampleSkiArea.png%60%29.%0A%0ADatei+%60example_graph.txt%60%3A%0A%0A%60%60%60%0Agraph%0A++++L
  iftA%5B%5BLiftA%3Cbr%2F%3EGONDOLA%3B08%3A00%3B16%3A00%3B10%3B2%5D%5D%0A++++Piste1%28%5BPiste1%3Cbr
  %2F%3EBLUE%3BICY%3B2000%3B500%5D%29%0A++++LiftB%5BLiftB%3Cbr%2F%3ECHAIRLIFT%3B08%3A30%3B16%3A15%3B
  5%3B1%5D%0A++++Piste2%28%5BPiste2%3Cbr%2F%3ERED%3BBUMPY%3B2000%3B200%5D%29%0A++++Piste3%28%5BPiste
  3%3Cbr%2F%3EBLACK%3BREGULAR%3B2000%3B1000%5D%29%0A++++LiftA+--%3E+Piste1%0A++++Piste1+--%3E+LiftB%
  0A++++LiftB+--%3E+Piste2%0A++++LiftB+--%3E+Piste3%0A++++Piste2+--%3E+LiftB%0A++++Piste3+--%3E+Lift
  A%0A%60%60%60%0A%0ADas+Format+der+Skigebiets-Datei+ist+durch+folgende+BNF-Grammatik+%28Backus-Naur
  -Form%2C+siehe+z.B.+%3Chttp%3A%2F%2Fde.wikipedia.org%2Fwiki%2FBackus-Naur-Form%3E%29+gegeben.+Term
  inalsymbole+sind+im+%60Typewriter%60-Stil+geschrieben.+Abweichend+von+der+BNF+sind+die+Nichttermin
  alsymbole+*time*%2C+*integer*+sowie+*id*+jeweils+durch+einen+regul%C3%A4ren+Ausdruck+spezifiziert%
  2C+der+die+Menge+der+g%C3%BCltigen+Terminalsymbole+ausdr%C3%BCckt.%0A%0A**BNF-Grammatik+des+Skigeb
  iets**%0A%0A%60%60%60%0Aarea+%3A%3A%3D+%60graph%60+definitions+edges%0A%0Adefinitions+%3A%3A%3D+de
  finition+%28definitions+%7C+%CE%B5%29%0A%0Aedges+%3A%3A%3D+edge+%28edges+%7C+%CE%B5%29%0A%0Adefini
  tion+%3A%3A%3D+regularLiftDefinition+%7C+transitLiftDefinition+%7C+slopeDefinition%0A%0AregularLif
  tDefinition+%3A%3A%3D+id+%60%5B%60+id+%60%3Cbr%2F%3E%60+liftType+%60%3B%60+time+%60%3B%60+time+%60
  %3B%60+meter+%60%3B%60+meter+%60%5D%60%0A%0AtransitLiftDefinition+%3A%3A%3D+id+%60%5B%5B%60+id+%60
  %3Cbr%2F%3E%60+liftType+%60%3B%60+time+%60%3B%60+time+%60%3B%60+meter+%60%3B%60+meter+%60%5D%5D%60
  %0A%0AslopeDefinition+%3A%3A%3D+id+%60%28%5B%60+id+%60%3Cbr%2F%3E%60+difficulty+%60%3B%60+surface+
  %60%3B%60+meter+%60%3B%60+meter+%60%5D%29%60%0A%0Aedge+%3A%3A%3D+id+%60--%3E%60+id%0A%0AliftType+%
  3A%3A%3D+%60GONDOLA%60+%7C+%60CHAIRLIFT%60%0A%0Adifficulty+%3A%3A%3D+%60BLUE%60+%7C+%60RED%60+%7C+
  %60BLACK%60%0A%0Asurface+%3A%3A%3D+%60REGULAR%60+%7C+%60ICY%60+%7C+%60BUMPY%60%0A%0Atime+%3A%3A%3D
  +%60%5B0-9%5D%5B0-9%5D%3A%5B0-9%5D%5B0-9%5D%60%0A%0Ameter+%3A%3A%3D+%60%5B0-9%5D%2B%60%0A%0Aid+%3A
  %3A%3D+%60%5Ba-zA-Z0-9_%5D%2B%60%0A%60%60%60%0A%0A%23%23%23+1.2+Skifahrer%0A%0AEin+weitere+Zentral
  e+Rolle+f%C3%BCr+die+Routenplanung+spielen+der+Skifahrer+und+seine+Fertigkeiten%2C+Pr%C3%A4ferenze
  n+und+Tagesziele.+Diese+werden+im+Folgenden+erl%C3%A4utert.%0A%0A%23%23%23%23+Fertigkeiten%0A%0ADi
  e+Fertigkeiten+eines+Skifahrers+lassen+sich+in+die+Kategorien+Anf%C3%A4nger%2C+Fortgeschritten+und
  +Experte+unterteilen.+Anhand+dieser+Fertigkeit+und+den+Eigenschaft+einer+Piste+%28siehe+Abschnitt+
  **Pisten**%29+bestimmt+sich+die+Zeit%2C+die+ein+Skifahrer+f%C3%BCr+das+Bew%C3%A4ltigen+der+Piste+b
  raucht.%0A%0ASei+*L*+die+L%C3%A4nge+der+Piste+in+Metern%2C+*%CE%94h*+der+Unterschied+an+H%C3%B6hen
  metern%2C+*M*%3Csub%3Edifficulty%3C%2Fsub%3E+der+Schwierigkeitsmodifikator%2C+*M*%3Csub%3Esurface%
  3C%2Fsub%3E+der+Oberfl%C3%A4chenmodifikator%2C+*M*%3Csub%3Eskill%3C%2Fsub%3E+der+Fertigkeitsmodifi
  kator%2C+und+*r*+die+Steigung.%0A%0AHierbei+gilt%3A%0A%0A-+*M*%3Csub%3Edifficulty%3C%2Fsub%3E%3A%0
  A++-+1.00%2C+blue%0A++-+1.15%2C+red%0A++-+1.35%2C+black%0A-+*M*%3Csub%3Esurface%3C%2Fsub%3E%3A%0A+
  +-+1.00%2C+regular%0A++-+1.20%2C+bumpy%0A++-+1.30%2C+icy%0A-+*M*%3Csub%3Eskill%3C%2Fsub%3E%3A%0A++
  -+1.35%2C+beginner%0A++-+1.10%2C+intermediate%0A++-+0.90%2C+expert%0A-+*r*+%3D+*%CE%94h*+%2F+*L*%0
  A%0AZusammen+ergibt+sich+die+Zeit+*T*+in+Sekunden%2C+die+ein+Skifahren+f%C3%BCr+eine+Piste+braucht
  +wie+folgt%3A%0A%0A*T*+%3D+%E2%8C%88+%28*L*+%2F+8%29+%C2%B7+*M*%3Csub%3Edifficulty%3C%2Fsub%3E+%C2
  %B7+*M*%3Csub%3Esurface%3C%2Fsub%3E+%C2%B7+%281+%2B+2*r*%29+%C2%B7+*M*%3Csub%3Eskill%3C%2Fsub%3E+%
  E2%8C%89%0A%0A%23%23%23%23+Ziele%0A%0AEin+Skifahrer+w%C3%A4hlt+f%C3%BCr+seinen+Skitag+genau+**ein+
  Ziel**+sowie+ein+Zeitfenster+%5B*t*%3Csub%3Estart%3C%2Fsub%3E%2C+*t*%3Csub%3Eend%3C%2Fsub%3E%5D.%0
  AGesucht+ist+eine+g%C3%BCltige+Route+durch+das+Skigebiet%2C+die%0A%0A-+an+einer+Talstation+startet
  %2C%0A-+nur+zul%C3%A4ssige+Lifte+%28unter+Ber%C3%BCcksichtigung+von+%C3%96ffnungszeiten+und+Ansteh
  zeit%29+verwendet%2C%0A-+alle+Fahrzeiten+von+Liften+und+Pisten+korrekt+ber%C3%BCcksichtigt%2C%0A-+
  und+sp%C3%A4testens+zur+Zeit+*t*%3Csub%3Eend%3C%2Fsub%3E+wieder+an+einer+Talstation+endet.%0A%0AF%
  C3%BCr+die+Bewertung+einer+Route+werden+**ausschlie%C3%9Flich**+befahrene+Pisten+ber%C3%BCcksichti
  gt.%0AJe+nach+gew%C3%A4hltem+Ziel+ist+der+jeweilige+Nutzenwert+*U%28R%29*+zu+maximieren%3A%0A%0A-+
  **Maximale+H%C3%B6henmeter**%0A%0A++*U*%3Csub%3E%CE%94h%3C%2Fsub%3E%28*R*%29+%3D+%CE%A3%3Csub%3Es+
  %E2%88%88+S%28R%29%3C%2Fsub%3E+*%CE%94h%28s%29*%0A%0A-+**Maximale+Strecke**%0A%0A++*U*%3Csub%3EL%3
  C%2Fsub%3E%28*R*%29+%3D+%CE%A3%3Csub%3Es+%E2%88%88+S%28R%29%3C%2Fsub%3E+*L%28s%29*%0A%0A-+**Maxima
  le+Anzahl+an+Pistenfahrten**%0A%0A++*U*%3Csub%3E%23%3C%2Fsub%3E%28*R*%29+%3D+%7C*S%28R%29*%7C%0A%0
  A-+**Maximale+Anzahl+unterschiedlicher+Pisten**%0A%0A++*U*%3Csub%3Eunique%3C%2Fsub%3E%28*R*%29+%3D
  +%7C%7B+*s*+%7C+*s*+%E2%88%88+*S%28R%29*+%7D%7C%0A%0ADabei+bezeichnet+*S%28R%29*+die+Folge+aller+i
  n+der+Route+*R*+befahrenen+Pisten.%0AMehrfaches+Befahren+einer+Piste+erh%C3%B6ht+den+Nutzen+bei+*U
  *%3Csub%3E%CE%94h%3C%2Fsub%3E%2C+*U*%3Csub%3EL%3C%2Fsub%3E+und+*U*%3Csub%3E%23%3C%2Fsub%3E+entspre
  chend+mehrfach.+Beim+Ziel+*U*%3Csub%3Eunique%3C%2Fsub%3E+tr%C3%A4gt+eine+Piste+genau+dann+zum+Nutz
  en+bei%2C+wenn+sie+mindestens+einmal+befahren+wurde%3B+die+Anzahl+ihrer+Befahrungen+ist+dabei+uner
  heblich.%0A%0A*Hinweis%3A*+Die+Problemstellung+entspricht+einer+Routenoptimierung+in+einem+gericht
  eten+Graphen+mit+Zeitrestriktion.+Geeignete+L%C3%B6sungsstrategien+aus+dem+Bereich+der+Pfad-+und+G
  raphalgorithmen+k%C3%B6nnen+hierf%C3%BCr+angepasst+werden.%0A%0A%23%23%23%23+Pr%C3%A4ferenzen%0A%0
  AEin+Skifahrer+kann+sowohl+Vorlieben+als+auch+Abneigungen+hinsichtlich+der+Schwierigkeit+und+der+O
  berfl%C3%A4chenbeschaffenheit+von+Pisten+haben.+Beispielsweise+kann+ein+Skifahrer+schwarze+Pisten+
  bevorzugen%2C+jedoch+eisige+Oberfl%C3%A4chen+meiden.%0A%0ADiese+Pr%C3%A4ferenzen+werden+in+dieser+
  Aufgabe+verwendet%2C+um+Gleichst%C3%A4nde+bei+der+Routenwahl+aufzul%C3%B6sen.+Wenn+bei+der+Erstell
  ung+einer+Route+zwei+Pisten+f%C3%BCr+das+gew%C3%A4hlte+Ziel+gleicherma%C3%9Fen+infrage+kommen%2C+w
  ird+jene+Piste+ausgew%C3%A4hlt%2C+die+den+Pr%C3%A4ferenzen+des+Fahrers+st%C3%A4rker+entspricht.%0A
  %0AF%C3%BCr+jede+%C3%9Cbereinstimmung+mit+einer+positiven+Pr%C3%A4ferenz+wird+ein+Wert+von+%2B1+ve
  rgeben%2C+f%C3%BCr+jede+%C3%9Cbereinstimmung+mit+einer+negativen+Pr%C3%A4ferenz+ein+Wert+von+%E2%8
  8%921.+Die+Summe+dieser+Werte+wird+f%C3%BCr+beide+Routen+berechnet+und+miteinander+verglichen.+Gew
  %C3%A4hlt+wird+die+Route+mit+dem+h%C3%B6heren+Gesamtwert.%0A%0ABesteht+weiterhin+Gleichstand%2C+so
  +wird+die+Route+ausgew%C3%A4hlt%2C+deren+Bezeichner+lexikografisch+vor+den+Bezeichnern+der+anderen
  +liegt.&project=ProgrammingWT2526-Final2&role=requirements&task=Understand+the+wt2526final02+and+c
  reate+its+backlog+when+prompted.&timestamp=2026-07-28T20%3A45%3A30.805Z&domain=wt2526final02

● Injected adaptive memory context into system prompt

● <adaptive_rules>
  - After printing an error message, the program must continue and wait for the next input.
  - Always read input from System.in and write normal output to System.out unless the task states
  otherwise.
  - Command processing must operate on the program's current state and then wait for further inputs.
  - Do not reassign System.in, System.out, or System.err; always use the standard streams as
  provided.
  - Do not use elements of Java libraries except where explicitly allowed in the task text.
  - Error messages must begin with exactly "Error," and must not contain special characters such as
  newlines or umlauts.
  - Other Checkstyle rule violations may lead to point deductions; authors should run Checkstyle
  during development.
  - Outputs must match the specification exactly, including letter case, spaces, and line breaks;
  print only the information specified.
  - Program code must compile without errors.
  - Standard error (System.err) may be used optionally for error messages.
  - Text between angle brackets in the specification are placeholders and must not be included
  literally in input or output.
  - The online submission system automatically checks submitted source files for compliance with the
   project's Checkstyle rules during submission.
  - The only allowed Java packages are java.lang, java.io, java.util, java.util.regex,
  java.nio.file, java.nio.charset, java.time, and java.time.format.
  - The only permitted Java library class for input is java.util.Scanner.
  - Use exclusively Java SE 21 for all program code.
  - Violations of specially marked Checkstyle rules cause the submission to be graded with zero
  points.
  - When user input does not match the specified format, an error message must be output.
  - You may choose English text for error messages; the text should be meaningful to explain the
  rejection.
  - You must pass the mandatory tests in Artemis before other tests are evaluated; failure to
  satisfy mandatory tests results in automatic zero for the submission.
  - You must submit your .java files for task A as individual work with the corresponding folder
  structure.
  </adaptive_rules>

  <knowledge>
    - Die Befehle `set skill`, `set goal`, `like`, `dislike` und `reset preferences` können auch
  nach Planung oder Beginn einer Route benutzt werden und führen zu einer dynamischen Neuberechnung
  der Route.
    - `alternative` gibt `avoided <id>` aus oder `no alternative found`, falls keine Alternative
  vorhanden ist.
    - Die Summen der Präferenzwerte beider Routen werden verglichen; gewählt wird die Route mit dem
  höheren Gesamtwert.
    - Ein Skigebiet ist ein zusammenhängender gerichteter Graph aus Liften und Pisten.
    - `list slopes` gibt alle Pisten aufsteigend sortiert nach Bezeichner aus im Format `<id>
  <difficulty> <surface> <meter> <meter>`.
    - Beim Validieren des Skigebiets in `load area` ist zu prüfen, dass es mindestens eine
  Talstation und mindestens eine Piste gibt.
    - Der `plan`-Befehl erfordert, dass Ziel (goal) gesetzt ist.
    - Beim `plan`-Befehl muss die Endzeit nach der Startzeit liegen.
    - Der `plan`-Befehl erfordert, dass Können (skill) gesetzt ist.
    - Bei Erfolg gibt `plan` die Meldung `route planned` aus.
    - Der `plan`-Befehl erfordert, dass momentan keine Route läuft.
    - Der Befehl `alternative` darf nur direkt nach dem `next`-Befehl ausgeführt werden.
    - Beim Validieren des Skigebiets in `load area` ist zu prüfen, ob alle Bezeichner eindeutig
  sind.
    - Beim Validieren des Skigebiets in `load area` ist zu prüfen, ob das Skigebiet zusammenhängend
  ist.
    - Der `plan`-Befehl erfordert, dass ein Skigebiet geladen ist.
    - Ein Gebiet enthält mindestens eine Talstation (Lift) und mindestens eine Piste.
    - Jeder Lift und jede Piste ist mit 1..n Liften und Pisten verbunden.
    - Es dürfen keine reflexiven Verbindungen geben; ein Lift oder eine Piste kann nicht mit sich
  selbst verbunden sein.
    - Symmetrische Verbindungen sind nur zwischen Liften und Pisten erlaubt.
    - `list lifts` gibt alle Lifte aufsteigend sortiert nach Bezeichner aus im Format `<id>
  <liftType> <time> <time> <meter> <meter> [TRANSIT]` und fügt `TRANSIT` für Talstationen hinzu.
    - Findet `plan` keine Route, weil alle Lifte in der angegebenen Zeitspanne geschlossen sind, so
  soll ein Fehler ausgegeben werden.
    - Wird `load area` mehrfach ausgeführt und das neue Gebiet ist gültig, so wird eine eventuell
  laufende Route abgebrochen.
    - Die Befehle `take` dürfen nur direkt nach dem `next`-Befehl ausgeführt werden.
    - Wenn sich der Skifahrer bereits auf der Route befindet, dann ist bei dynamischer Neuberechnung
   die Startzeit die aktuelle Zeit und der Startpunkt die aktuelle Position des Skifahrers.
    - Für jede Übereinstimmung mit einer positiven Präferenz wird +1, für jede Übereinstimmung mit
  einer negativen Präferenz −1 vergeben.
    - Bei weiterem Gleichstand wird die Route gewählt, deren Bezeichner lexikografisch vor den
  Bezeichnern der anderen liegt.
    - `next` gibt den nächsten Bezeichner `<id>` aus oder `route finished!`, falls die Route beendet
   ist.
    - `show route` gibt die verbleibende Route als Liste von Bezeichnern aus: `<id> <id> ... <id>`,
  wobei der erste Bezeichner der nächste ist.
    - Wird `load area` mehrfach ausgeführt und das neue Gebiet ist gültig, so wird das alte Gebiet
  überschrieben.
  </knowledge>
  <entity_paths>
    - `list slopes` CONSTRAINT Ausgabeformat `list slopes`: `list slopes` gibt alle Pisten
  aufsteigend sortiert nach Bezeichner aus im Format `<id> <difficulty> <surface> <meter> <meter>`.
    - Routenwahl CONSTRAINT Höherer Gesamtwert gewinnt: Die Summen der Präferenzwerte beider Routen
  werden verglichen; gewählt wird die Route mit dem höheren Gesamtwert.
    - Lift / Piste CONSTRAINT Verbindungen 1..n: Jeder Lift und jede Piste ist mit 1..n Liften und
  Pisten verbunden.
  </entity_paths>
  <entity_matches>
    - Lifte und Pisten (score: 0.81) — Ein Skigebiet ist ein zusammenhängender gerichteter Graph aus
   Liften und Pisten.
    - `list slopes` (score: 0.80) — `list slopes` gibt alle Pisten aufsteigend sortiert nach dem
  Bezeichner aus, eine Piste pro Zeile, im Format `<id> <difficulty> <surface> <meter> <meter>`.
    - Höherer Gesamtwert gewinnt (score: 0.78) — Die Summe dieser Werte wird für beide Routen
  berechnet und miteinander verglichen. Gewählt wird die Route mit dem höheren Gesamtwert.
    - Routenwahl (score: 0.78) — Vergleich nach Präferenzsumme
    - Lift / Piste (score: 0.77) — Knoten im Graphen
  </entity_matches>

● adaptive-memory extension active (role=requirements, memorySession=20260728-224249-req) - type
  /memory-help. MCP tools registered (memory=true, backlog=true).







Changes    +0 -0
Duration   53s
Tokens     ↑ 24.6k (1.3k cached) • ↓ 811 (403 reasoning)
[delivery:requirements] Turn 4/8 complete
[delivery:requirements] Turn 5/8: task.md — segment 4/6 — Abschlussaufgabe 2 — Skiroutenplaner > 2 Hinweise zur Implementierung
● [adaptive-context] GET http://localhost:4444/api/agents/7af7809a-adce-4fa9-9609-fd61059de0ff/sessi
  ons/20260728-224249-req/context?input=Dokument%3A+task.md%0ASegment%3A+4%2F6%0AAbschnitt%3A+Abschl
  ussaufgabe+2+%E2%80%94+Skiroutenplaner+%3E+2+Hinweise+zur+Implementierung%0A%0ALies+diesen+Abschni
  tt+sorgf%C3%A4ltig+und+behalte+den+Kontext.+Erstelle+noch+keinen+Backlog+und+noch+keine+Tasks.+War
  te+damit+bis+zum+abschlie%C3%9Fenden+%2Ffinalize.%0A%0A%23%23+2+Hinweise+zur+Implementierung%0A%0A
  Nach+dem+Start+nimmt+Ihr+Programm+%C3%BCber+die+Kommandozeile+mittels+der+Standardeingabe+Eingaben
  +entgegen%2C+die+im+Folgenden+n%C3%A4her+spezifiziert+werden.+Alle+Befehle+werden+auf+dem+aktuelle
  n+Zustand+des+Programms+ausgef%C3%BChrt.+Nach+Abarbeitung+einer+Eingabe+wartet+Ihr+Programm+auf+we
  itere+Eingaben%2C+bis+das+Programm+irgendwann+durch+die+Eingabe+der+Zeichenfolge+%60quit%60+beende
  t+wird.%0A%0AIm+Folgenden+werden+Eingabezeilen+mit+einer+schlie%C3%9Fenden+spitzen+Klammer+%28%60%
  3E%60%29+gefolgt+von+einem+Leerzeichen+eingeleitet.+Diese+beiden+Zeichen+sind+kein+Bestandteil+des
  +eingegebenen+Befehls%2C+sondern+dienen+der+Unterscheidung+von+Ein-+und+Ausgabezeilen.%0A%0AAchten
  +Sie+darauf%2C+dass+durch+die+Ausf%C3%BChrung+der+folgenden+Befehle+die+gegebenen+semantischen+und
  +syntaktischen+Spezifikationen+nicht+verletzt+werden+und+geben+Sie+bei+Verletzung+der+Spezifikatio
  nen+immer+eine+aussagekr%C3%A4ftige+Fehlermeldung+aus.%0AWenn+die+Benutzereingabe+nicht+dem+vorgeg
  ebenen+Format+entspricht%2C+ist+auch+eine+Fehlermeldung+auszugeben.+Nach+der+Ausgabe+einer+Fehlerm
  eldung+soll+das+Programm+wie+erwartet+fortfahren+und+wieder+auf+die+n%C3%A4chste+Eingabe+warten.%0
  ADie+Fehlermeldung+sollte+so+geformt+sein%2C+dass+f%C3%BCr+den+Benutzer+erkenntlich+ist%2C+warum+e
  ine+Eingabe+abgelehnt+wurde.%0A%0ADa+wir+automatische+Tests+Ihrer+interaktiven+Benutzerschnittstel
  le+durchf%C3%BChren%2C+m%C3%BCssen+die+Ausgaben+exakt+den+Vorgaben+entsprechen.+Insbesondere+solle
  n+sowohl+Klein-+und+Gro%C3%9Fbuchstaben+als+auch+die+Leerzeichen+und+Zeilenumbr%C3%BCche+genau+%C3
  %BCbereinstimmen.+Setzen+Sie+nur+die+in+der+Aufgabenstellung+angegebenen+Informationen+um.+Geben+S
  ie+auch+keine+zus%C3%A4tzlichen+Informationen+aus.+Bei+Fehlermeldungen+d%C3%BCrfen+Sie+den+englisc
  hsprachigen+Text+frei+w%C3%A4hlen%2C+er+sollte+jedoch+sinnvoll+sein.+Jede+Fehlermeldung+muss+aber+
  mit+%60Error%2C%60+beginnen+und+darf+keine+Sonderzeichen%2C+wie+beispielsweise+Zeilenumbr%C3%BCche
  +oder+Umlaute%2C+enthalten.%0A%0AWenn+nicht+anders+angegeben%2C+ist+f%C3%BCr+Eingabe+immer+die+Sta
  ndardeingabe+%60System.in%60+zu+verwenden.+Wenn+nicht+anders+angegeben%2C+ist+f%C3%BCr+Ausgaben+im
  mer+die+Standardausgabe+%60System.out%60+zu+verwenden.+F%C3%BCr+Fehlermeldungen+kann+anstelle+der+
  Standardausgabe+optional+die+Standardfehlerausgabe+%60System.err%60+verwendet+werden.+Weisen+Sie+d
  iese+Standardeingabe+und+-ausgabe+niemals+neu+zu.%0A%0ABeachten+Sie%2C+dass+bei+der+Beschreibung+d
  er+Eingabe-+und+Ausgabeformate+die+W%C3%B6rter+zwischen+spitzen+Klammen+f%C3%BCr+Platzhalter+stehe
  n%2C+die+bei+der+konkreten+Ein-+und+Ausgabe+durch+Werte+ersetzt+werden.+Diese+eigentlichen+Werte+e
  nthalten+bei+der+Ein-+und+Ausgabe+keine+spitzen+Klammern.+Vergleichen+Sie+hierzu+auch+den+Beispiel
  ablauf.&project=ProgrammingWT2526-Final2&role=requirements&task=Understand+the+wt2526final02+and+c
  reate+its+backlog+when+prompted.&timestamp=2026-07-28T20%3A45%3A51.028Z&domain=wt2526final02

● Injected adaptive memory context into system prompt

● <adaptive_rules>
  - After printing an error message, the program must continue and wait for the next input.
  - Always read input from System.in and write normal output to System.out unless the task states
  otherwise.
  - Command processing must operate on the program's current state and then wait for further inputs.
  - Do not reassign System.in, System.out, or System.err; always use the standard streams as
  provided.
  - Do not use elements of Java libraries except where explicitly allowed in the task text.
  - Error messages must begin with exactly "Error," and must not contain special characters such as
  newlines or umlauts.
  - Other Checkstyle rule violations may lead to point deductions; authors should run Checkstyle
  during development.
  - Outputs must match the specification exactly, including letter case, spaces, and line breaks;
  print only the information specified.
  - Program code must compile without errors.
  - Standard error (System.err) may be used optionally for error messages.
  - Text between angle brackets in the specification are placeholders and must not be included
  literally in input or output.
  - The online submission system automatically checks submitted source files for compliance with the
   project's Checkstyle rules during submission.
  - The only allowed Java packages are java.lang, java.io, java.util, java.util.regex,
  java.nio.file, java.nio.charset, java.time, and java.time.format.
  - The only permitted Java library class for input is java.util.Scanner.
  - Use exclusively Java SE 21 for all program code.
  - Violations of specially marked Checkstyle rules cause the submission to be graded with zero
  points.
  - When user input does not match the specified format, an error message must be output.
  - You may choose English text for error messages; the text should be meaningful to explain the
  rejection.
  - You must pass the mandatory tests in Artemis before other tests are evaluated; failure to
  satisfy mandatory tests results in automatic zero for the submission.
  - You must submit your .java files for task A as individual work with the corresponding folder
  structure.
  </adaptive_rules>

  <memories>
    - The document task.md describes the assignment 'Abschlussaufgabe 2 — Skiroutenplaner'.
    - The assignment 'Abschlussaufgabe 2 — Skiroutenplaner' is worth 20 points.
    - The assignment 'Abschlussaufgabe 2 — Skiroutenplaner' is affiliated with the Institute of
  Information Security and Dependability (KASTEL).
    - The course 'Programmieren' is taught in Wintersemester 2025/26.
  </memories>
  <knowledge>
    - Die Befehle `set skill`, `set goal`, `like`, `dislike` und `reset preferences` können auch
  nach Planung oder Beginn einer Route benutzt werden und führen zu einer dynamischen Neuberechnung
  der Route.
    - `alternative` gibt `avoided <id>` aus oder `no alternative found`, falls keine Alternative
  vorhanden ist.
    - Beim `plan`-Befehl muss die Endzeit nach der Startzeit liegen.
    - Der `plan`-Befehl erfordert, dass Ziel (goal) gesetzt ist.
    - Der `plan`-Befehl erfordert, dass Können (skill) gesetzt ist.
    - Bei Erfolg gibt `plan` die Meldung `route planned` aus.
    - Der `plan`-Befehl erfordert, dass momentan keine Route läuft.
    - Der Befehl `alternative` darf nur direkt nach dem `next`-Befehl ausgeführt werden.
    - Die Befehle `take` dürfen nur direkt nach dem `next`-Befehl ausgeführt werden.
    - Beim Validieren des Skigebiets in `load area` ist zu prüfen, ob alle Bezeichner eindeutig
  sind.
  </knowledge>
  <entity_paths>
    - Abschlussaufgabe 2 — Skiroutenplaner RELATES_TO Punkte: 20: The assignment 'Abschlussaufgabe 2
   — Skiroutenplaner' is worth 20 points.
    - Abschlussaufgabe 2 — Skiroutenplaner RELATES_TO Institute of Information Security and
  Dependability (KASTEL): The assignment 'Abschlussaufgabe 2 — Skiroutenplaner' is affiliated with
  the Institute of Information Security and Dependability (KASTEL).
    - Implementierungsrichtlinien — Abschlussaufgabe 2 (WS 2025/26) CONSTRAINT Java SE 21: Use
  exclusively Java SE 21 for all program code.
    - Implementierungsrichtlinien — Abschlussaufgabe 2 (WS 2025/26) CONSTRAINT Verbotene
  Java-Bibliothekselemente (außer Ausnahmen): Do not use elements of Java libraries except where
  explicitly allowed in the task text.
    - Implementierungsrichtlinien — Abschlussaufgabe 2 (WS 2025/26) CONSTRAINT java.util.Scanner:
  The only permitted Java library class for input is java.util.Scanner.
    - Implementierungsrichtlinien — Abschlussaufgabe 2 (WS 2025/26) CONSTRAINT Erlaubte Java-Pakete:
   The only allowed Java packages are java.lang, java.io, java.util, java.util.regex, java.nio.file,
   java.nio.charset, java.time, and java.time.format.
    - Implementierungsrichtlinien — Abschlussaufgabe 2 (WS 2025/26) CONSTRAINT Fehlerfrei
  kompilierender Programmcode: Program code must compile without errors.
    - Implementierungsrichtlinien — Abschlussaufgabe 2 (WS 2025/26) CONSTRAINT Standardströme
  unverändert verwenden: Do not reassign System.in, System.out, or System.err; always use the
  standard streams as provided.
    - Implementierungsrichtlinien — Abschlussaufgabe 2 (WS 2025/26) CONSTRAINT Use System.in and
  System.out for I/O: Always read input from System.in and write normal output to System.out unless
  the task states otherwise.
    - Implementierungsrichtlinien — Abschlussaufgabe 2 (WS 2025/26) CONSTRAINT Fehlermeldungsformat:
   Beginn mit 'Error,': Error messages must begin with exactly "Error," and must not contain special
   characters such as newlines or umlauts.
    - Implementierungsrichtlinien — Abschlussaufgabe 2 (WS 2025/26) CONSTRAINT Input format
  validation: When user input does not match the specified format, an error message must be output.
    - Implementierungsrichtlinien — Abschlussaufgabe 2 (WS 2025/26) CONSTRAINT Program continues
  after error: After printing an error message, the program must continue and wait for the next
  input.
    - Implementierungsrichtlinien — Abschlussaufgabe 2 (WS 2025/26) CONSTRAINT Exact-output
  requirement: Outputs must match the specification exactly, including letter case, spaces, and line
   breaks; print only the information specified.
    - Implementierungsrichtlinien — Abschlussaufgabe 2 (WS 2025/26) CONSTRAINT Verpflichtende
  Checkstyle-Regeln: Violations of specially marked Checkstyle rules cause the submission to be
  graded with zero points.
    - Implementierungsrichtlinien — Abschlussaufgabe 2 (WS 2025/26) CONSTRAINT Checkstyle other
  violations cause point deductions: Other Checkstyle rule violations may lead to point deductions;
  authors should run Checkstyle during development.
    - Implementierungsrichtlinien — Abschlussaufgabe 2 (WS 2025/26) CONSTRAINT Abgabe der
  *.java-Dateien in Einzelarbeit mit entsprechender Ordnerstruktur: You must submit your .java files
   for task A as individual work with the corresponding folder structure.
    - Implementierungsrichtlinien — Abschlussaufgabe 2 (WS 2025/26) CONSTRAINT Artemis mandatory
  tests first: You must pass the mandatory tests in Artemis before other tests are evaluated;
  failure to satisfy mandatory tests results in automatic zero for the submission.
    - Implementierungsrichtlinien — Abschlussaufgabe 2 (WS 2025/26) RELATES_TO System.err for
  errors: Standard error (System.err) may be used optionally for error messages.
    - Implementierungsrichtlinien — Abschlussaufgabe 2 (WS 2025/26) RELATES_TO Error message
  language: You may choose English text for error messages; the text should be meaningful to explain
   the rejection.
    - Implementierungsrichtlinien — Abschlussaufgabe 2 (WS 2025/26) RELATES_TO Befehlsverarbeitung:
  aktuelle Zustandsausführung: Command processing must operate on the program's current state and
  then wait for further inputs.
  </entity_paths>
  <entity_matches>
    - Abschlussaufgabe 2 — Skiroutenplaner (score: 0.82) — Final assignment: ski route planner
    - Implementierungsrichtlinien — Abschlussaufgabe 2 (WS 2025/26) (score: 0.82) — Implementation
  guidelines document for the Skiroutenplaner assignment.
    - task.md (score: 0.71) — Assignment specification file named task.md
    - Punkte: 20 (score: 0.71) — Assignment point value: 20
    - Programmieren (score: 0.70) — Lecture named 'Programmieren'
  </entity_matches>
  <insights>
    - Agent community around Abschlussaufgabe 2 — Skiroutenplaner, Punkte: 20, Institute of
  Information Security and Dependability (KASTEL). Relevant agent facts: The document task.md
  describes the assignment 'Abschlussaufgabe 2 — Skiroutenplaner'.; The assignment 'Abschlussaufgabe
   2 — Skiroutenplaner' is worth 20 points.; The assignment 'Abschlussaufgabe 2 — Skiroutenplaner'
  is affiliated with the Institute of Information Security and Dependability (KASTEL).
    - Agent community around task.md, 1.1. Relevant agent facts: The document task.md describes the
  assignment 'Abschlussaufgabe 2 — Skiroutenplaner'.; The document task.md is version 1.1.
    - Agent community around Programmieren, Wintersemester 2025/26, Prof. Dr.-Ing. Anne Koziolek.
  Relevant agent facts: The course 'Programmieren' is taught in Wintersemester 2025/26.; The course
  'Programmieren' lists Prof. Dr.-Ing. Anne Koziolek as the lecturer.
    - Agent community around Abschlussaufgabe 2 — Skiroutenplaner, task.md, Punkte: 20. Relevant
  agent facts: The document task.md describes the assignment 'Abschlussaufgabe 2 —
  Skiroutenplaner'.; The document task.md is version 1.1.; The assignment 'Abschlussaufgabe 2 —
  Skiroutenplaner' is worth 20 points.
  </insights>

● adaptive-memory extension active (role=requirements, memorySession=20260728-224249-req) - type
  /memory-help. MCP tools registered (memory=true, backlog=true).







Changes    +0 -0
Duration   1m 8s
Tokens     ↑ 26.5k (1.3k cached) • ↓ 524 (268 reasoning)
[delivery:requirements] Turn 5/8 complete
[delivery:requirements] Turn 6/8: task.md — segment 5/6 — Abschlussaufgabe 2 — Skiroutenplaner > 3 Funktionalität
● [adaptive-context] GET http://localhost:4444/api/agents/7af7809a-adce-4fa9-9609-fd61059de0ff/sessi
  ons/20260728-224249-req/context?input=Dokument%3A+task.md%0ASegment%3A+5%2F6%0AAbschnitt%3A+Abschl
  ussaufgabe+2+%E2%80%94+Skiroutenplaner+%3E+3+Funktionalit%C3%A4t%0A%0ALies+diesen+Abschnitt+sorgf%
  C3%A4ltig+und+behalte+den+Kontext.+Erstelle+noch+keinen+Backlog+und+noch+keine+Tasks.+Warte+damit+
  bis+zum+abschlie%C3%9Fenden+%2Ffinalize.%0A%0A%23%23+3+Funktionalit%C3%A4t%0A%0AIm+Folgenden+wird+
  die+erforderliche+Funktionalit%C3%A4t+des+Systems+beschrieben.%0A%0A%23%23%23+3.1+Platzhalter%0A%0
  AZus%C3%A4tzlich+zu+den+Nichtterminalsymbolen+aus+der+BNF-Grammatik+sind+folgende+Platzhalter+defi
  niert%3A%0A%0A-+**%60%3Cgoal%3E%60%3A**+Ziel+der+Route+%28%60ALTITUDE%60%2C+%60DISTANCE%60%2C+%60N
  UMBER%60%2C+%60UNIQUE%60%29%0A-+**%60%3Cskill%3E%60%3A**+Fertigkeit+des+Fahrers+%28%60BEGINNER%60%
  2C+%60INTERMEDIATE%60%2C+%60EXPERT%60%29%0A%0A%23%23%23+3.2+Befehle%0A%0A%23%23%23%23+Der+%60quit%
  60-Befehl%0A%0ADer+parameterlose+Befehl+erm%C3%B6glicht+es+das+Programm+vollst%C3%A4ndig+zu+beende
  n.+Beachten+Sie%2C+dass+hierf%C3%BCr+keine+Methoden+wie+%60System.exit%28%29%60+oder+%60Runtime.ex
  it%28%29%60+verwendet+werden+d%C3%BCrfen.%0A%0A**Eingabe%3A**+%60quit%60%0A%0ABeispiel%3A%0A%0A%60
  %60%60%0A%3E+quit%0A%60%60%60%0A%0A%23%23%23%23+Der+%60load+area%60-Befehl%0A%0AL%C3%A4dt+eine+spe
  zifizierte+Datei%2C+parsed+den+Inhalt+und+validiert+das+enthaltene+Skigebiet.%0AZu+Testzwecken+sol
  l+der+Befehl+den+Inhalt+der+Datei+Verbatim+ausgeben.%0AWird+der+Befehl+mehrfach+ausgef%C3%BChrt%2C
  +so+wird%2C+falls+das+neue+Gebiet+g%C3%BCltig+ist%2C+das+alte+%C3%BCberschrieben+und+die+eventuell
  +laufende+Route+abgebrochen.%0A%0A**Eingabe%3A**+%60load+area+%3Cpath%3E%60%0A%0A**Ausgabe%3A**+Ve
  rbatim+Inhalt+der+Datei%0A%0A%C3%9Cberpr%C3%BCfen+Sie+beim+Validieren+insbesondere+ob%3A%0A%0A-+al
  le+Bezeichner+eindeutig+sind%0A-+das+Skigebiet+zusammenh%C3%A4ngend+ist%0A-+das+es+mindestens+eine
  +Talstation+und+eine+Piste+gibt%0A%0ABeispiel%3A%0A%0A%60%60%60%0A%3E+load+area+.%2Farea.txt%0Agra
  ph%0A++++LiftA%5B%5BLiftA%3Cbr%2F%3EGONDOLA%3B08%3A00%3B16%3A00%3B10%3B2%5D%5D%0A++++Piste1%28%5BP
  iste1%3Cbr%2F%3EBLUE%3BICY%3B2000%3B500%5D%29%0A++++LiftB%5BLiftB%3Cbr%2F%3ECHAIRLIFT%3B08%3A30%3B
  16%3A15%3B5%3B1%5D%0A++++Piste2%28%5BPiste2%3Cbr%2F%3ERED%3BBUMPY%3B2000%3B200%5D%29%0A++++Piste3%
  28%5BPiste3%3Cbr%2F%3EBLACK%3BREGULAR%3B2000%3B1000%5D%29%0A++++LiftA+--%3E+Piste1%0A++++Piste1+--
  %3E+LiftB%0A++++LiftB+--%3E+Piste2%0A++++LiftB+--%3E+Piste3%0A++++Piste2+--%3E+LiftB%0A++++Piste3+
  --%3E+LiftA%0A%60%60%60%0A%0A%23%23%23%23+Der+%60list+lifts%60-Befehl%0A%0AGibt+alle+Lifte+%28und+
  deren+Eigenschaften%29+aufsteigend+sortiert+nach+dem+Bezeichner+aus.%0AEs+wird+ein+Lift+pro+Zeile+
  ausgegeben.+Falls+es+sich+um+eine+Talstation+handelt%2C+so+kommt+am+Ende+der+Zeile+zus%C3%A4tzlich
  +die+Ausgabe+%60TRANSIT%60.%0A%0A**Eingabe%3A**+%60list+lifts%60%0A%0A**Ausgabe%3A**+%60%3Cid%3E+%
  3CliftType%3E+%3Ctime%3E+%3Ctime%3E+%3Cmeter%3E+%3Cmeter%3E+%5BTRANSIT%5D%60%0A%0ABeispiel%3A%0A%0
  A%60%60%60%0A%3E+list+lifts%0ALiftA+GONDOLA+08%3A00+16%3A00+10+2+TRANSIT%0ALiftB+CHAIRLIFT+08%3A30
  +16%3A15+5+1%0A%60%60%60%0A%0A%23%23%23%23+Der+%60list+slopes%60-Befehl%0A%0AGibt+alle+Pisten+%28u
  nd+deren+Eigenschaften%29+aufsteigend+sortiert+nach+dem+Bezeichner+aus.%0AEs+wird+eine+Piste+pro+Z
  eile+ausgegeben.%0A%0A**Eingabe%3A**+%60list+slopes%60%0A%0A**Ausgabe%3A**+%60%3Cid%3E+%3Cdifficul
  ty%3E+%3Csurface%3E+%3Cmeter%3E+%3Cmeter%3E%60%0A%0ABeispiel%3A%0A%0A%60%60%60%0A%3E+list+slopes%0
  APiste1+BLUE+ICY+2000+500%0APiste2+RED+BUMPY+2000+200%0APiste3+BLACK+REGULAR+2000+1000%0A%60%60%60
  %0A%0A%23%23%23%23+Der+%60set+skill%60-Befehl%0A%0ASetzt+die+Fertigkeit+des+Skifahrers+auf+den+Ang
  egeben+Wert.%0A%0A**Eingabe%3A**+%60set+skill+%3Cskill%3E%60%0A%0ABeispiel%3A%0A%0A%60%60%60%0A%3E
  +set+skill+EXPERT%0A%60%60%60%0A%0A%23%23%23%23+Der+%60set+goal%60-Befehl%0A%0ASetzt+das+Ziel+des+
  Skifahrers+auf+den+Angegeben+Wert.%0A%0A**Eingabe%3A**+%60set+goal+%3Cgoal%3E%60%0A%0ABeispiel%3A%
  0A%0A%60%60%60%0A%3E+set+goal+DISTANCE%0A%60%60%60%0A%0A%23%23%23%23+Der+%60like%60-Befehl%0A%0ASp
  eichert+die+Vorliebe+einer+Schwierigkeit+oder+Oberfl%C3%A4che+von+Pisten.%0A%0A**Eingabe%3A**+%60l
  ike+%3Cdifficulty%3E%7C%3Csurface%3E%60%0A%0ABeispiel%3A%0A%0A%60%60%60%0A%3E+like+BLUE%0A%60%60%6
  0%0A%0A%23%23%23%23+Der+%60dislike%60-Befehl%0A%0ASpeichert+die+das+Abneigung+einer+Schwierigkeit+
  oder+Oberfl%C3%A4che+von+Pisten.%0A%0A**Eingabe%3A**+%60dislike+%3Cdifficulty%3E%7C%3Csurface%3E%6
  0%0A%0ABeispiel%3A%0A%0A%60%60%60%0A%3E+dislike+BUMPY%0A%60%60%60%0A%0A%23%23%23%23+Der+%60reset+p
  reference%60-Befehl%0A%0ASetzt+alle+Vorlieben+des+Skifahrers+auf+neutral+zur%C3%BCck.%0A%0A**Einga
  be%3A**+%60reset+preferences%60%0A%0ABeispiel%3A%0A%0A%60%60%60%0A%3E+reset+preferences%0A%60%60%6
  0%0A%0A%23%23%23%23+Der+%60plan%60-Befehl%0A%0APlant+eine+neue+Route+im+Zeitlichen+Rahmen%2C+die+a
  n+der+angegeben+Talstation+beginnt+und+endet.%0AErfordert%2C+dass+ein+Skigebiet+geladen+ist%2C+Zie
  l+und+K%C3%B6nnen+festgesetzt+wurden+und+momentan+keine+Route+l%C3%A4uft.+Ferner+muss+die+Endzeit+
  nach+der+Startzeit+liegen.+Sollte+keine+Route+gefunden+werden%2C+da+alle+Lifte+in+der+angegebenen+
  Zeitspanne+geschlossen+sind%2C+so+soll+ein+Fehler+ausgegeben+werden.%0A%0A**Eingabe%3A**+%60plan+%
  3Cid%3E+%3Ctime%3E+%3Ctime%3E%60%0A%0A**Ausgabe%3A**+%60route+planned%60%0A%0ABeispiel%3A%0A%0A%60
  %60%60%0A%3E+plan+LiftA+08%3A30+15%3A45%0Aroute+planned%0A%60%60%60%0A%0A%23%23%23%23+Der+%60abort
  %60-Befehl%0A%0AFalls+gerade+eine+Route+geplant+ist+oder+schon+bereits+begonnen+wurde%2C+so+wird+d
  iese+Abgebrochen.+Dies+entfernt+auch+den+Skifahrer+aus+dem+Skigebiet.%0A%0A**Eingabe%3A**+%60abort
  %60%0A%0A**Ausgabe%3A**+%60route+aborted%60%0A%0ABeispiel%3A%0A%0A%60%60%60%0A%3E+abort%0Aroute+ab
  orted%0A%60%60%60%0A%0A%23%23%23%23+Der+%60next%60-Befehl%0A%0AFalls+gerade+eine+Route+geplant+ist
  +oder+schon+bereits+begonnen+wurde%2C+so+wird+der+n%C3%A4chste+Lift+oder+die+n%C3%A4chste+Piste+au
  sgegeben.%0A%0A**Eingabe%3A**+%60next%60%0A%0A**Ausgabe%3A**+%60%3Cid%3E%60%0A%0ABeispiel%3A%0A%0A
  %60%60%60%0A%3E+next%0ALiftA%0A%60%60%60%0A%0ASollte+die+Route+beendet+sein%2C+so+wird+stattdessen
  +%60route+finished%21%60+ausgegeben.%0A%0ABeispiel%3A%0A%0A%60%60%60%0A%3E+next%0Aroute+finished%2
  1%0A%60%60%60%0A%0A%23%23%23%23+Der+%60take%60-Befehl%0A%0ADarf+nur+**direkt**+nach+dem+%60next%60
  -Befehl+ausgef%C3%BChrt+werden%2C+wodurch+der+Fahrer+den+vorgeschlagenen+Lift+oder+die+vorgeschlag
  ene+Piste+nimmt.%0A%0A**Eingabe%3A**+%60take%60%0A%0ABeispiel%3A%0A%0A%60%60%60%0A%3E+next%0ALiftA
  %0A%3E+take%0A%60%60%60%0A%0A%23%23%23%23+Der+%60alternative%60-Befehl%0A%0ADarf+nur+**direkt**+na
  ch+dem+%60next%60-Befehl+ausgef%C3%BChrt+werden.+Falls+der+Fahrer+mindestens+die+Talstation+befahr
  en%2C+also+die+Route+begonnen+hat%2C+wird+versucht+eine+alternative+f%C3%BCr+den+n%C3%A4chsten+Lif
  t+oder+Piste+zu+berechnen.+Hierbei+wird+die+optimale+neue+Route+bestimmt%2C+die+nicht+den+urspr%C3
  %BCnglich+vorgeschlagenen+n%C3%A4chsten+Lift%2C+oder+Piste+als+n%C3%A4chsten+Schritt+enth%C3%A4lt.
  +Falls+es+eine+alternative+Route+gibt%2C+so+erfolgt+die+Ausgabe+mit+dem+vermiedenem+n%C3%A4chsten+
  Halt.%0A%0A**Eingabe%3A**+%60alternative%60%0A%0A**Ausgabe%3A**+%60avoided+%3Cid%3E%60%0A%0ABeispi
  el%3A%0A%0A%60%60%60%0A%3E+next%0APiste2%0A%3E+alternative%0Aavoided+Piste2%0A%3E+next%0APiste3+%0
  A%60%60%60%0A%0AFalls+es+keine+alternative+Route+gibt%2C+so+soll+stattdessen+%60no+alternative+fou
  nd%60+ausgegeben+werden.%0A%0ABeispiel%3A%0A%0A%60%60%60%0A%3E+next%0APiste1%0A%3E+alternative%0An
  o+alternative+found%0A%3E+next%0APiste1+%0A%60%60%60%0A%0A%23%23%23%23+Der+%60show+route%60-Befehl
  %0A%0AFalls+gerade+eine+Route+geplant+ist+oder+schon+bereits+begonnen+wurde%2C+so+wird+die+%28verb
  leibende%29+Route+ausgegeben.+Der+erste+Bezeichner+in+dieser+Liste+entspricht+der+n%C3%A4chsten+Pi
  ste+oder+dem+n%C3%A4chsten+Lift%2C+siehe+%60next%60-Befehl.%0A%0A**Eingabe%3A**+%60show+route%60%0
  A%0A**Ausgabe%3A**+%60%3Cid%3E+%3Cid%3E+...+%3Cid%3E%60%0A%0ABeispiel%3A%0A%0A%60%60%60%0A%3E+show
  +route%0ALiftA+Piste1+LiftB+Piste3%0A%60%60%60%0A%0A%23%23%23%23+Dynamisches+Planen%0A%0ADie+Befeh
  le+%60set+skill%60%2C+%60set+goal%60%2C+%60like%60%2C+%60dislike%60%2C+%60reset+preferences%60+k%C
  3%B6nnen+auch+benutzt+werden%2C+nachdem+eine+Route+geplant+oder+begonnen+worden+ist.+In+dem+Fall+w
  ird+die+Route+dynamisch+neu+berechnet.+Sollte+sich+der+Skifahrer+schon+auf+der+Route+befinden%2C+s
  o+ist+die+Startzeit+der+Route+die+aktuelle+Zeit+und+der+Startpunkt+die+aktuelle+Position+des+Skifa
  hrers.&project=ProgrammingWT2526-Final2&role=requirements&task=Understand+the+wt2526final02+and+cr
  eate+its+backlog+when+prompted.&timestamp=2026-07-28T20%3A46%3A06.065Z&domain=wt2526final02

● Injected adaptive memory context into system prompt

● <adaptive_rules>
  - After printing an error message, the program must continue and wait for the next input.
  - Always read input from System.in and write normal output to System.out unless the task states
  otherwise.
  - Command processing must operate on the program's current state and then wait for further inputs.
  - Do not reassign System.in, System.out, or System.err; always use the standard streams as
  provided.
  - Do not use elements of Java libraries except where explicitly allowed in the task text.
  - Error messages must begin with exactly "Error," and must not contain special characters such as
  newlines or umlauts.
  - Other Checkstyle rule violations may lead to point deductions; authors should run Checkstyle
  during development.
  - Outputs must match the specification exactly, including letter case, spaces, and line breaks;
  print only the information specified.
  - Program code must compile without errors.
  - Standard error (System.err) may be used optionally for error messages.
  - Text between angle brackets in the specification are placeholders and must not be included
  literally in input or output.
  - The online submission system automatically checks submitted source files for compliance with the
   project's Checkstyle rules during submission.
  - The only allowed Java packages are java.lang, java.io, java.util, java.util.regex,
  java.nio.file, java.nio.charset, java.time, and java.time.format.
  - The only permitted Java library class for input is java.util.Scanner.
  - Use exclusively Java SE 21 for all program code.
  - Violations of specially marked Checkstyle rules cause the submission to be graded with zero
  points.
  - When user input does not match the specified format, an error message must be output.
  - You may choose English text for error messages; the text should be meaningful to explain the
  rejection.
  - You must pass the mandatory tests in Artemis before other tests are evaluated; failure to
  satisfy mandatory tests results in automatic zero for the submission.
  - You must submit your .java files for task A as individual work with the corresponding folder
  structure.
  </adaptive_rules>

  <memories>
    - The document task.md describes the assignment 'Abschlussaufgabe 2 — Skiroutenplaner'.
    - The assignment 'Abschlussaufgabe 2 — Skiroutenplaner' is worth 20 points.
    - The task.md document is for the course 'Programmieren'.
    - The assignment 'Abschlussaufgabe 2 — Skiroutenplaner' is affiliated with the Institute of
  Information Security and Dependability (KASTEL).
    - The task.md document is for Wintersemester 2025/26.
    - The course 'Programmieren' is taught in Wintersemester 2025/26.
  </memories>
  <knowledge>
    - Die Befehle `set skill`, `set goal`, `like`, `dislike` und `reset preferences` können auch
  nach Planung oder Beginn einer Route benutzt werden und führen zu einer dynamischen Neuberechnung
  der Route.
    - `alternative` gibt `avoided <id>` aus oder `no alternative found`, falls keine Alternative
  vorhanden ist.
    - Der `plan`-Befehl erfordert, dass ein Skigebiet geladen ist.
    - Findet `plan` keine Route, weil alle Lifte in der angegebenen Zeitspanne geschlossen sind, so
  soll ein Fehler ausgegeben werden.
    - Bei Erfolg gibt `plan` die Meldung `route planned` aus.
    - `list slopes` gibt alle Pisten aufsteigend sortiert nach Bezeichner aus im Format `<id>
  <difficulty> <surface> <meter> <meter>`.
    - Der `plan`-Befehl erfordert, dass Ziel (goal) gesetzt ist.
    - Beim `plan`-Befehl muss die Endzeit nach der Startzeit liegen.
    - Der `plan`-Befehl erfordert, dass Können (skill) gesetzt ist.
    - Der `plan`-Befehl erfordert, dass momentan keine Route läuft.
    - Der Befehl `alternative` darf nur direkt nach dem `next`-Befehl ausgeführt werden.
    - Beim Validieren des Skigebiets in `load area` ist zu prüfen, ob alle Bezeichner eindeutig
  sind.
    - Wird `load area` mehrfach ausgeführt und das neue Gebiet ist gültig, so wird eine eventuell
  laufende Route abgebrochen.
    - `load area` gibt den Inhalt der geladenen Datei verbatim aus.
    - Wird `load area` mehrfach ausgeführt und das neue Gebiet ist gültig, so wird das alte Gebiet
  überschrieben.
    - Beim Validieren des Skigebiets in `load area` ist zu prüfen, ob das Skigebiet zusammenhängend
  ist.
    - Beim Validieren des Skigebiets in `load area` ist zu prüfen, dass es mindestens eine
  Talstation und mindestens eine Piste gibt.
    - Ein Gebiet enthält mindestens eine Talstation (Lift) und mindestens eine Piste.
    - `list lifts` gibt alle Lifte aufsteigend sortiert nach Bezeichner aus im Format `<id>
  <liftType> <time> <time> <meter> <meter> [TRANSIT]` und fügt `TRANSIT` für Talstationen hinzu.
    - Es dürfen keine reflexiven Verbindungen geben; ein Lift oder eine Piste kann nicht mit sich
  selbst verbunden sein.
    - Die Befehle `take` dürfen nur direkt nach dem `next`-Befehl ausgeführt werden.
    - Der Befehl `abort` gibt `route aborted` aus.
    - Wenn sich der Skifahrer bereits auf der Route befindet, dann ist bei dynamischer Neuberechnung
   die Startzeit die aktuelle Zeit und der Startpunkt die aktuelle Position des Skifahrers.
    - Die Summen der Präferenzwerte beider Routen werden verglichen; gewählt wird die Route mit dem
  höheren Gesamtwert.
    - `show route` gibt die verbleibende Route als Liste von Bezeichnern aus: `<id> <id> ... <id>`,
  wobei der erste Bezeichner der nächste ist.
    - `next` gibt den nächsten Bezeichner `<id>` aus oder `route finished!`, falls die Route beendet
   ist.
    - Bei weiterem Gleichstand wird die Route gewählt, deren Bezeichner lexikografisch vor den
  Bezeichnern der anderen liegt.
  </knowledge>
  <entity_paths>
    - `plan` CONSTRAINT Fehlerausgabe bei keiner Route: Findet `plan` keine Route, weil alle Lifte
  in der angegebenen Zeitspanne geschlossen sind, so soll ein Fehler ausgegeben werden.
    - `plan` CONSTRAINT Skill: Der `plan`-Befehl erfordert, dass Können (skill) gesetzt ist.
    - `plan` CONSTRAINT keine laufende Route: Der `plan`-Befehl erfordert, dass momentan keine Route
   läuft.
    - `plan` CONSTRAINT Endzeit > Startzeit: Beim `plan`-Befehl muss die Endzeit nach der Startzeit
  liegen.
    - `plan` CONSTRAINT Skigebiet (geladen): Der `plan`-Befehl erfordert, dass ein Skigebiet geladen
   ist.
    - `plan` CONSTRAINT Ausgabe `route planned`: Bei Erfolg gibt `plan` die Meldung `route planned`
  aus.
    - `plan` CONSTRAINT Goal: Der `plan`-Befehl erfordert, dass Ziel (goal) gesetzt ist.
    - `set skill` / `set goal` / `like` / `dislike` / `reset preferences` CONSTRAINT Route
  (dynamische Neuberechnung): Die Befehle `set skill`, `set goal`, `like`, `dislike` und `reset
  preferences` können auch nach Planung oder Beginn einer Route benutzt werden und führen zu einer
  dynamischen Neuberechnung der Route.
    - `show route` CONSTRAINT Ausgabe `show route`: `show route` gibt die verbleibende Route als
  Liste von Bezeichnern aus: `<id> <id> ... <id>`, wobei der erste Bezeichner der nächste ist.
    - Abschlussaufgabe 2 — Skiroutenplaner RELATES_TO Punkte: 20: The assignment 'Abschlussaufgabe 2
   — Skiroutenplaner' is worth 20 points.
    - Abschlussaufgabe 2 — Skiroutenplaner RELATES_TO Institute of Information Security and
  Dependability (KASTEL): The assignment 'Abschlussaufgabe 2 — Skiroutenplaner' is affiliated with
  the Institute of Information Security and Dependability (KASTEL).
    - task.md RELATES_TO Programmieren: The task.md document is for the course 'Programmieren'.
    - task.md RELATES_TO Wintersemester 2025/26: The task.md document is for Wintersemester 2025/26.
    - task.md RELATES_TO Abschlussaufgabe 2 — Skiroutenplaner: The document task.md describes the
  assignment 'Abschlussaufgabe 2 — Skiroutenplaner'.
    - task.md RELATES_TO Prof. Dr.-Ing. Anne Koziolek: The task.md document lists Prof. Dr.-Ing.
  Anne Koziolek as the instructor.
    - task.md RELATES_TO 1.1: The document task.md is version 1.1.
    - task.md RELATES_TO Institute of Information Security and Dependability (KASTEL): The task.md
  document associates the assignment with the Institute of Information Security and Dependability
  (KASTEL).
    - task.md RELATES_TO 20 Punkte: The task.md document states the assignment is worth 20 points.
    - task.md RELATES_TO Programmieren: The task.md document is for the course 'Programmieren'.
    - Programmieren RELATES_TO Wintersemester 2025/26: The course 'Programmieren' is taught in
  Wintersemester 2025/26.
    - task.md RELATES_TO Programmieren: The task.md document is for the course 'Programmieren'.
    - Programmieren RELATES_TO Prof. Dr.-Ing. Anne Koziolek: The course 'Programmieren' lists Prof.
  Dr.-Ing. Anne Koziolek as the lecturer.
  </entity_paths>
  <entity_matches>
    - `plan` (score: 0.83) — Der `plan`-Befehl erfordert, dass ein Skigebiet geladen ist, Ziel und
  Können festgesetzt wurden und momentan keine Route läuft.
    - `set skill` / `set goal` / `like` / `dislike` / `reset preferences` (score: 0.81) —
  Einstellungen, die Route neu berechnen
    - `show route` (score: 0.80) — `show route` gibt die (verbleibende) Route als Liste von
  Bezeichnern aus: `<id> <id> ... <id>`. Der erste Bezeichner entspricht der nächsten Piste bzw. dem
   nächsten Lift.
    - Abschlussaufgabe 2 — Skiroutenplaner (score: 0.79) — Final assignment: ski route planner
    - task.md (score: 0.71) — Assignment markdown file containing task description
  </entity_matches>
  <insights>
    - Agent community around Abschlussaufgabe 2 — Skiroutenplaner, Punkte: 20, Institute of
  Information Security and Dependability (KASTEL). Relevant agent facts: The document task.md
  describes the assignment 'Abschlussaufgabe 2 — Skiroutenplaner'.; The assignment 'Abschlussaufgabe
   2 — Skiroutenplaner' is worth 20 points.; The assignment 'Abschlussaufgabe 2 — Skiroutenplaner'
  is affiliated with the Institute of Information Security and Dependability (KASTEL).
    - Agent community around task.md, 1.1. Relevant agent facts: The document task.md describes the
  assignment 'Abschlussaufgabe 2 — Skiroutenplaner'.; The document task.md is version 1.1.; The
  task.md document associates the assignment with the Institute of Information Security and
  Dependability (KASTEL).
    - Agent community around Programmieren, Wintersemester 2025/26, Prof. Dr.-Ing. Anne Koziolek.
  Relevant agent facts: The course 'Programmieren' is taught in Wintersemester 2025/26.; The course
  'Programmieren' lists Prof. Dr.-Ing. Anne Koziolek as the lecturer.; The task.md document is for
  the course 'Programmieren'.
    - Agent community around Abschlussaufgabe 2 — Skiroutenplaner, task.md, Punkte: 20. Relevant
  agent facts: The document task.md describes the assignment 'Abschlussaufgabe 2 —
  Skiroutenplaner'.; The document task.md is version 1.1.; The task.md document associates the
  assignment with the Institute of Information Security and Dependability (KASTEL).
  </insights>

● adaptive-memory extension active (role=requirements, memorySession=20260728-224249-req) - type
  /memory-help. MCP tools registered (memory=true, backlog=true).







Changes    +0 -0
Duration   1m 28s
Tokens     ↑ 29.3k (1.3k cached) • ↓ 1.0k (540 reasoning)
[delivery:requirements] Turn 6/8 complete
[delivery:requirements] Turn 7/8: examples.md — segment 6/6 — Beispiele — Abschlussaufgabe 2 (Skiroutenplaner)
● [adaptive-context] GET http://localhost:4444/api/agents/7af7809a-adce-4fa9-9609-fd61059de0ff/sessi
  ons/20260728-224249-req/context?input=Dokument%3A+examples.md%0ASegment%3A+6%2F6%0AAbschnitt%3A+Be
  ispiele+%E2%80%94+Abschlussaufgabe+2+%28Skiroutenplaner%29%0A%0ALies+diesen+Abschnitt+sorgf%C3%A4l
  tig+und+behalte+den+Kontext.+Erstelle+noch+keinen+Backlog+und+noch+keine+Tasks.+Warte+damit+bis+zu
  m+abschlie%C3%9Fenden+%2Ffinalize.%0A%0A%23+Beispiele+%E2%80%94+Abschlussaufgabe+2+%28Skiroutenpla
  ner%29%0A%0ADieses+Dokument+enth%C3%A4lt+die+in+der+Aufgabenstellung+referenzierten+Beispieldateie
  n+sowie+die+vollst%C3%A4ndige+Beispielinteraktion.+Sie+dienen+zur+Validierung+des+erwarteten+Verha
  ltens.+Die+Zeilennummern+und+die+Trennlinie+sind+kein+Bestandteil+der+Benutzerschnittstelle%3B+sie
  +dienen+lediglich+zur+Orientierung+in+der+gegebenen+Beispielinteraktion.+Eingabezeilen+werden+mit+
  einer+schlie%C3%9Fenden+spitzen+Klammer+%28%60%3E%60%29+gefolgt+von+einem+Leerzeichen+eingeleitet+
  %E2%80%94+diese+beiden+Zeichen+sind+kein+Bestandteil+des+eingegebenen+Befehls%2C+sondern+dienen+de
  r+Unterscheidung+zwischen+Ein-+und+Ausgabezeilen.%0A%0A%23%23+1+Beispiel-Skigebietsdatei%0A%0A%23%
  23%23+1.1+%60example_graph.txt%60+%28Beispiel-Skigebiet+mit+2+Liften+und+3+Pisten%29%0A%0A%60%60%6
  0%0Agraph%0A++++LiftA%5B%5BLiftA%3Cbr%2F%3EGONDOLA%3B08%3A00%3B16%3A00%3B10%3B2%5D%5D%0A++++Piste1
  %28%5BPiste1%3Cbr%2F%3EBLUE%3BICY%3B2000%3B500%5D%29%0A++++LiftB%5BLiftB%3Cbr%2F%3ECHAIRLIFT%3B08%
  3A30%3B16%3A15%3B5%3B1%5D%0A++++Piste2%28%5BPiste2%3Cbr%2F%3ERED%3BBUMPY%3B2000%3B200%5D%29%0A++++
  Piste3%28%5BPiste3%3Cbr%2F%3EBLACK%3BREGULAR%3B2000%3B1000%5D%29%0A++++LiftA+--%3E+Piste1%0A++++Pi
  ste1+--%3E+LiftB%0A++++LiftB+--%3E+Piste2%0A++++LiftB+--%3E+Piste3%0A++++Piste2+--%3E+LiftB%0A++++
  Piste3+--%3E+LiftA%0A%60%60%60%0A%0A%23%23+2+Beispiel-Befehlsausf%C3%BChrungen%0A%0A%23%23%23+2.1+
  %60quit%60%0A%0A%60%60%60%0A%3E+quit%0A%60%60%60%0A%0A%23%23%23+2.2+%60load+area%60%0A%0A%60%60%60
  %0A%3E+load+area+.%2Farea.txt%0Agraph%0A++++LiftA%5B%5BLiftA%3Cbr%2F%3EGONDOLA%3B08%3A00%3B16%3A00
  %3B10%3B2%5D%5D%0A++++Piste1%28%5BPiste1%3Cbr%2F%3EBLUE%3BICY%3B2000%3B500%5D%29%0A++++LiftB%5BLif
  tB%3Cbr%2F%3ECHAIRLIFT%3B08%3A30%3B16%3A15%3B5%3B1%5D%0A++++Piste2%28%5BPiste2%3Cbr%2F%3ERED%3BBUM
  PY%3B2000%3B200%5D%29%0A++++Piste3%28%5BPiste3%3Cbr%2F%3EBLACK%3BREGULAR%3B2000%3B1000%5D%29%0A+++
  +LiftA+--%3E+Piste1%0A++++Piste1+--%3E+LiftB%0A++++LiftB+--%3E+Piste2%0A++++LiftB+--%3E+Piste3%0A+
  +++Piste2+--%3E+LiftB%0A++++Piste3+--%3E+LiftA%0A%60%60%60%0A%0A%23%23%23+2.3+%60list+lifts%60%0A%
  0A%60%60%60%0A%3E+list+lifts%0ALiftA+GONDOLA+08%3A00+16%3A00+10+2+TRANSIT%0ALiftB+CHAIRLIFT+08%3A3
  0+16%3A15+5+1%0A%60%60%60%0A%0A%23%23%23+2.4+%60list+slopes%60%0A%0A%60%60%60%0A%3E+list+slopes%0A
  Piste1+BLUE+ICY+2000+500%0APiste2+RED+BUMPY+2000+200%0APiste3+BLACK+REGULAR+2000+1000%0A%60%60%60%
  0A%0A%23%23%23+2.5+%60set+skill%60%0A%0A%60%60%60%0A%3E+set+skill+EXPERT%0A%60%60%60%0A%0A%23%23%2
  3+2.6+%60set+goal%60%0A%0A%60%60%60%0A%3E+set+goal+DISTANCE%0A%60%60%60%0A%0A%23%23%23+2.7+%60like
  %60%0A%0A%60%60%60%0A%3E+like+BLUE%0A%60%60%60%0A%0A%23%23%23+2.8+%60dislike%60%0A%0A%60%60%60%0A%
  3E+dislike+BUMPY%0A%60%60%60%0A%0A%23%23%23+2.9+%60reset+preferences%60%0A%0A%60%60%60%0A%3E+reset
  +preferences%0A%60%60%60%0A%0A%23%23%23+2.10+%60plan%60%0A%0A%60%60%60%0A%3E+plan+LiftA+08%3A30+15
  %3A45%0Aroute+planned%0A%60%60%60%0A%0A%23%23%23+2.11+%60abort%60%0A%0A%60%60%60%0A%3E+abort%0Arou
  te+aborted%0A%60%60%60%0A%0A%23%23%23+2.12+%60next%60%0A%0A%60%60%60%0A%3E+next%0ALiftA%0A%60%60%6
  0%0A%0A%23%23%23+2.13+%60next%60+%28Route+beendet%29%0A%0A%60%60%60%0A%3E+next%0Aroute+finished%21
  %0A%60%60%60%0A%0A%23%23%23+2.14+%60take%60%0A%0A%60%60%60%0A%3E+next%0ALiftA%0A%3E+take%0A%60%60%
  60%0A%0A%23%23%23+2.15+%60alternative%60+%28mit+Alternative%29%0A%0A%60%60%60%0A%3E+next%0APiste2%
  0A%3E+alternative%0Aavoided+Piste2%0A%3E+next%0APiste3+%0A%60%60%60%0A%0A%23%23%23+2.16+%60alterna
  tive%60+%28keine+Alternative+vorhanden%29%0A%0A%60%60%60%0A%3E+next%0APiste1%0A%3E+alternative%0An
  o+alternative+found%0A%3E+next%0APiste1+%0A%60%60%60%0A%0A%23%23%23+2.17+%60show+route%60%0A%0A%60
  %60%60%0A%3E+show+route%0ALiftA+Piste1+LiftB+Piste3%0A%60%60%60%0A%0A%23%23+3+Vollst%C3%A4ndige+Be
  ispielinteraktion%0A%0A%60%60%60%0A%3E+load+area+.%2Finput%2Farea.txt%0Agraph%0A++++LiftA%5B%5BLif
  tA%3Cbr%2F%3EGONDOLA%3B08%3A00%3B16%3A00%3B10%3B2%5D%5D%0A++++Piste1%28%5BPiste1%3Cbr%2F%3EBLUE%3B
  ICY%3B2000%3B500%5D%29%0A++++LiftB%5BLiftB%3Cbr%2F%3ECHAIRLIFT%3B08%3A30%3B16%3A15%3B5%3B1%5D%0A++
  ++Piste2%28%5BPiste2%3Cbr%2F%3ERED%3BBUMPY%3B2000%3B200%5D%29%0A++++Piste3%28%5BPiste3%3Cbr%2F%3EB
  LACK%3BREGULAR%3B2000%3B1000%5D%29%0A++++LiftA+--%3E+Piste1%0A++++Piste1+--%3E+LiftB%0A++++LiftB+-
  -%3E+Piste2%0A++++LiftB+--%3E+Piste3%0A++++Piste2+--%3E+LiftB%0A++++Piste3+--%3E+LiftA%0A%3E+set+s
  kill+BEGINNER%0A%3E+set+goal+DISTANCE%0A%3E+like+BLUE%0A%3E+dislike+BUMPY%0A%3E+plan+LiftA+11%3A00
  +12%3A30%0Aroute+planned%0A%3E+show+route%0ALiftA+Piste1+LiftB+Piste3+LiftA+Piste1+LiftB+Piste3%0A
  %3E+next%0ALiftA%0A%3E+take%0A%3E+next%0APiste1%0A%3E+take%0A%3E+next%0ALiftB%0A%3E+take%0A%3E+nex
  t%0APiste3%0A%3E+take%0A%3E+next%0ALiftA%0A%3E+take%0A%3E+next%0APiste1%0A%3E+take%0A%3E+next%0ALi
  ftB%0A%3E+take%0A%3E+next%0APiste3%0A%3E+take%0A%3E+next%0Aroute+finished%21%0A%3E+set+skill+EXPER
  T%0A%3E+set+goal+ALTITUDE%0A%3E+like+BLACK%0A%3E+like+ICY%0A%3E+plan+LiftA+13%3A00+15%3A30%0Aroute
  +planned%0A%3E+show+route%0ALiftA+Piste1+LiftB+Piste3+LiftA+Piste1+LiftB+Piste3+LiftA+Piste1+LiftB
  +Piste3+LiftA+Piste1+LiftB+Piste3%0A%3E+next%0ALiftA%0A%3E+take%0A%3E+next%0APiste1%0A%3E+take%0A%
  3E+next%0ALiftB%0A%3E+take%0A%3E+next%0APiste3%0A%3E+take%0A%3E+next%0ALiftA%0A%3E+take%0A%3E+next
  %0APiste1%0A%3E+take%0A%3E+next%0ALiftB%0A%3E+take%0A%3E+next%0APiste3%0A%3E+alternative%0Aavoided
  +Piste3%0A%3E+show+route%0APiste2+LiftB+Piste2+LiftB+Piste2+LiftB+Piste3+LiftA+Piste1+LiftB+Piste3
  %0A%3E+next%0APiste2%0A%3E+take%0A%3E+next%0ALiftB%0A%3E+take%0A%3E+next%0APiste2%0A%3E+take%0A%3E
  +next%0ALiftB%0A%3E+take%0A%3E+next%0APiste2%0A%3E+take%0A%3E+next%0ALiftB%0A%3E+take%0A%3E+next%0
  APiste3%0A%3E+take%0A%3E+next%0ALiftA%0A%3E+take%0A%3E+next%0APiste1%0A%3E+take%0A%3E+next%0ALiftB
  %0A%3E+take%0A%3E+next%0APiste3%0A%3E+take%0A%3E+next%0Aroute+finished%21%0A%3E+quit%0A%60%60%60&p
  roject=ProgrammingWT2526-Final2&role=requirements&task=Understand+the+wt2526final02+and+create+its
  +backlog+when+prompted.&timestamp=2026-07-28T20%3A46%3A26.089Z&domain=wt2526final02

● Injected adaptive memory context into system prompt

● <adaptive_rules>
  - After printing an error message, the program must continue and wait for the next input.
  - Always read input from System.in and write normal output to System.out unless the task states
  otherwise.
  - Command processing must operate on the program's current state and then wait for further inputs.
  - Do not reassign System.in, System.out, or System.err; always use the standard streams as
  provided.
  - Do not use elements of Java libraries except where explicitly allowed in the task text.
  - Error messages must begin with exactly "Error," and must not contain special characters such as
  newlines or umlauts.
  - Other Checkstyle rule violations may lead to point deductions; authors should run Checkstyle
  during development.
  - Outputs must match the specification exactly, including letter case, spaces, and line breaks;
  print only the information specified.
  - Program code must compile without errors.
  - Standard error (System.err) may be used optionally for error messages.
  - Text between angle brackets in the specification are placeholders and must not be included
  literally in input or output.
  - The online submission system automatically checks submitted source files for compliance with the
   project's Checkstyle rules during submission.
  - The only allowed Java packages are java.lang, java.io, java.util, java.util.regex,
  java.nio.file, java.nio.charset, java.time, and java.time.format.
  - The only permitted Java library class for input is java.util.Scanner.
  - Use exclusively Java SE 21 for all program code.
  - Violations of specially marked Checkstyle rules cause the submission to be graded with zero
  points.
  - When user input does not match the specified format, an error message must be output.
  - You may choose English text for error messages; the text should be meaningful to explain the
  rejection.
  - You must pass the mandatory tests in Artemis before other tests are evaluated; failure to
  satisfy mandatory tests results in automatic zero for the submission.
  - You must submit your .java files for task A as individual work with the corresponding folder
  structure.
  </adaptive_rules>

  <memories>
    - The document task.md describes the assignment 'Abschlussaufgabe 2 — Skiroutenplaner'.
    - The assignment 'Abschlussaufgabe 2 — Skiroutenplaner' is worth 20 points.
    - The assignment 'Abschlussaufgabe 2 — Skiroutenplaner' is affiliated with the Institute of
  Information Security and Dependability (KASTEL).
    - The task.md document is for the course 'Programmieren'.
    - The task.md document is for Wintersemester 2025/26.
  </memories>
  <knowledge>
    - Die Befehle `set skill`, `set goal`, `like`, `dislike` und `reset preferences` können auch
  nach Planung oder Beginn einer Route benutzt werden und führen zu einer dynamischen Neuberechnung
  der Route.
    - `alternative` gibt `avoided <id>` aus oder `no alternative found`, falls keine Alternative
  vorhanden ist.
    - Findet `plan` keine Route, weil alle Lifte in der angegebenen Zeitspanne geschlossen sind, so
  soll ein Fehler ausgegeben werden.
    - Bei Erfolg gibt `plan` die Meldung `route planned` aus.
    - Der `plan`-Befehl erfordert, dass ein Skigebiet geladen ist.
    - Wird `load area` mehrfach ausgeführt und das neue Gebiet ist gültig, so wird eine eventuell
  laufende Route abgebrochen.
    - Der `plan`-Befehl erfordert, dass Ziel (goal) gesetzt ist.
    - Beim `plan`-Befehl muss die Endzeit nach der Startzeit liegen.
    - Der `plan`-Befehl erfordert, dass Können (skill) gesetzt ist.
    - Der `plan`-Befehl erfordert, dass momentan keine Route läuft.
    - Der Befehl `alternative` darf nur direkt nach dem `next`-Befehl ausgeführt werden.
    - Beim Validieren des Skigebiets in `load area` ist zu prüfen, ob alle Bezeichner eindeutig
  sind.
    - Beim Validieren des Skigebiets in `load area` ist zu prüfen, ob das Skigebiet zusammenhängend
  ist.
    - Beim Validieren des Skigebiets in `load area` ist zu prüfen, dass es mindestens eine
  Talstation und mindestens eine Piste gibt.
    - `list slopes` gibt alle Pisten aufsteigend sortiert nach Bezeichner aus im Format `<id>
  <difficulty> <surface> <meter> <meter>`.
    - Die Befehle `take` dürfen nur direkt nach dem `next`-Befehl ausgeführt werden.
    - `load area` gibt den Inhalt der geladenen Datei verbatim aus.
    - `list lifts` gibt alle Lifte aufsteigend sortiert nach Bezeichner aus im Format `<id>
  <liftType> <time> <time> <meter> <meter> [TRANSIT]` und fügt `TRANSIT` für Talstationen hinzu.
    - Der Befehl `abort` gibt `route aborted` aus.
    - `next` gibt den nächsten Bezeichner `<id>` aus oder `route finished!`, falls die Route beendet
   ist.
    - `show route` gibt die verbleibende Route als Liste von Bezeichnern aus: `<id> <id> ... <id>`,
  wobei der erste Bezeichner der nächste ist.
    - Ein Gebiet enthält mindestens eine Talstation (Lift) und mindestens eine Piste.
  </knowledge>
  <entity_paths>
    - Abschlussaufgabe 2 — Skiroutenplaner RELATES_TO Punkte: 20: The assignment 'Abschlussaufgabe 2
   — Skiroutenplaner' is worth 20 points.
    - Abschlussaufgabe 2 — Skiroutenplaner RELATES_TO Institute of Information Security and
  Dependability (KASTEL): The assignment 'Abschlussaufgabe 2 — Skiroutenplaner' is affiliated with
  the Institute of Information Security and Dependability (KASTEL).
    - `set skill` / `set goal` / `like` / `dislike` / `reset preferences` CONSTRAINT Route
  (dynamische Neuberechnung): Die Befehle `set skill`, `set goal`, `like`, `dislike` und `reset
  preferences` können auch nach Planung oder Beginn einer Route benutzt werden und führen zu einer
  dynamischen Neuberechnung der Route.
    - `plan` CONSTRAINT Fehlerausgabe bei keiner Route: Findet `plan` keine Route, weil alle Lifte
  in der angegebenen Zeitspanne geschlossen sind, so soll ein Fehler ausgegeben werden.
    - `plan` CONSTRAINT Skill: Der `plan`-Befehl erfordert, dass Können (skill) gesetzt ist.
    - `plan` CONSTRAINT keine laufende Route: Der `plan`-Befehl erfordert, dass momentan keine Route
   läuft.
    - `plan` CONSTRAINT Endzeit > Startzeit: Beim `plan`-Befehl muss die Endzeit nach der Startzeit
  liegen.
    - `plan` CONSTRAINT Skigebiet (geladen): Der `plan`-Befehl erfordert, dass ein Skigebiet geladen
   ist.
    - `plan` CONSTRAINT Ausgabe `route planned`: Bei Erfolg gibt `plan` die Meldung `route planned`
  aus.
    - `plan` CONSTRAINT Goal: Der `plan`-Befehl erfordert, dass Ziel (goal) gesetzt ist.
    - task.md RELATES_TO Programmieren: The task.md document is for the course 'Programmieren'.
    - task.md RELATES_TO Wintersemester 2025/26: The task.md document is for Wintersemester 2025/26.
    - task.md RELATES_TO Abschlussaufgabe 2 — Skiroutenplaner: The document task.md describes the
  assignment 'Abschlussaufgabe 2 — Skiroutenplaner'.
    - task.md RELATES_TO Prof. Dr.-Ing. Anne Koziolek: The task.md document lists Prof. Dr.-Ing.
  Anne Koziolek as the instructor.
    - task.md RELATES_TO 1.1: The document task.md is version 1.1.
    - task.md RELATES_TO Institute of Information Security and Dependability (KASTEL): The task.md
  document associates the assignment with the Institute of Information Security and Dependability
  (KASTEL).
    - task.md RELATES_TO 20 Punkte: The task.md document states the assignment is worth 20 points.
    - task.md RELATES_TO Programmieren: The task.md document is for the course 'Programmieren'.
    - Programmieren RELATES_TO Wintersemester 2025/26: The course 'Programmieren' is taught in
  Wintersemester 2025/26.
    - task.md RELATES_TO Programmieren: The task.md document is for the course 'Programmieren'.
    - Programmieren RELATES_TO Prof. Dr.-Ing. Anne Koziolek: The course 'Programmieren' lists Prof.
  Dr.-Ing. Anne Koziolek as the lecturer.
    - task.md RELATES_TO Abschlussaufgabe 2 — Skiroutenplaner: The document task.md describes the
  assignment 'Abschlussaufgabe 2 — Skiroutenplaner'.
    - Abschlussaufgabe 2 — Skiroutenplaner RELATES_TO Punkte: 20: The assignment 'Abschlussaufgabe 2
   — Skiroutenplaner' is worth 20 points.
  </entity_paths>
  <entity_matches>
    - Abschlussaufgabe 2 — Skiroutenplaner (score: 0.80) — Final assignment: ski route planner
    - `set skill` / `set goal` / `like` / `dislike` / `reset preferences` (score: 0.79) —
  Einstellungen, die Route neu berechnen
    - `plan` (score: 0.78) — Der `plan`-Befehl erfordert, dass ein Skigebiet geladen ist, Ziel und
  Können festgesetzt wurden und momentan keine Route läuft.
    - task.md (score: 0.71) — Assignment markdown file containing task description
    - Punkte: 20 (score: 0.69) — Assignment point value: 20
  </entity_matches>
  <insights>
    - Agent community around Abschlussaufgabe 2 — Skiroutenplaner, Punkte: 20, Institute of
  Information Security and Dependability (KASTEL). Relevant agent facts: The document task.md
  describes the assignment 'Abschlussaufgabe 2 — Skiroutenplaner'.; The assignment 'Abschlussaufgabe
   2 — Skiroutenplaner' is worth 20 points.; The assignment 'Abschlussaufgabe 2 — Skiroutenplaner'
  is affiliated with the Institute of Information Security and Dependability (KASTEL).
    - Agent community around task.md, 1.1. Relevant agent facts: The document task.md describes the
  assignment 'Abschlussaufgabe 2 — Skiroutenplaner'.; The document task.md is version 1.1.; The
  task.md document associates the assignment with the Institute of Information Security and
  Dependability (KASTEL).
    - Agent community around Programmieren, Wintersemester 2025/26, Prof. Dr.-Ing. Anne Koziolek.
  Relevant agent facts: The course 'Programmieren' is taught in Wintersemester 2025/26.; The course
  'Programmieren' lists Prof. Dr.-Ing. Anne Koziolek as the lecturer.; The task.md document is for
  the course 'Programmieren'.
    - Agent community around Abschlussaufgabe 2 — Skiroutenplaner, task.md, Punkte: 20. Relevant
  agent facts: The document task.md describes the assignment 'Abschlussaufgabe 2 —
  Skiroutenplaner'.; The document task.md is version 1.1.; The task.md document associates the
  assignment with the Institute of Information Security and Dependability (KASTEL).
  </insights>

● adaptive-memory extension active (role=requirements, memorySession=20260728-224249-req) - type
  /memory-help. MCP tools registered (memory=true, backlog=true).







Changes    +0 -0
Duration   1m 56s
Tokens     ↑ 31.3k (1.3k cached) • ↓ 1.3k (529 reasoning)
[delivery:requirements] Turn 7/8 complete
[delivery:requirements] Turn 8/8: Finalize backlog creation
● [adaptive-context] GET http://localhost:4444/api/agents/7af7809a-adce-4fa9-9609-fd61059de0ff/sessi
  ons/20260728-224249-req/context?input=%2Ffinalize&project=ProgrammingWT2526-Final2&role=requiremen
  ts&task=Understand+the+wt2526final02+and+create+its+backlog+when+prompted.&timestamp=2026-07-28T20
  %3A46%3A54.219Z&domain=wt2526final02

● Injected adaptive memory context into system prompt

● <adaptive_rules>
  - After printing an error message, the program must continue and wait for the next input.
  - Always read input from System.in and write normal output to System.out unless the task states
  otherwise.
  - Command processing must operate on the program's current state and then wait for further inputs.
  - Do not reassign System.in, System.out, or System.err; always use the standard streams as
  provided.
  - Do not use elements of Java libraries except where explicitly allowed in the task text.
  - Error messages must begin with exactly "Error," and must not contain special characters such as
  newlines or umlauts.
  - Other Checkstyle rule violations may lead to point deductions; authors should run Checkstyle
  during development.
  - Outputs must match the specification exactly, including letter case, spaces, and line breaks;
  print only the information specified.
  - Program code must compile without errors.
  - Standard error (System.err) may be used optionally for error messages.
  - Text between angle brackets in the specification are placeholders and must not be included
  literally in input or output.
  - The online submission system automatically checks submitted source files for compliance with the
   project's Checkstyle rules during submission.
  - The only allowed Java packages are java.lang, java.io, java.util, java.util.regex,
  java.nio.file, java.nio.charset, java.time, and java.time.format.
  - The only permitted Java library class for input is java.util.Scanner.
  - Use exclusively Java SE 21 for all program code.
  - Violations of specially marked Checkstyle rules cause the submission to be graded with zero
  points.
  - When user input does not match the specified format, an error message must be output.
  - You may choose English text for error messages; the text should be meaningful to explain the
  rejection.
  - You must pass the mandatory tests in Artemis before other tests are evaluated; failure to
  satisfy mandatory tests results in automatic zero for the submission.
  - You must submit your .java files for task A as individual work with the corresponding folder
  structure.
  </adaptive_rules>

  <memories>
    - ProgrammingWT2526-Final2 uses the user's skill level and preferences as inputs to route
  planning.
    - ProgrammingWT2526-Final2 implements determination of an optimal and time-feasible sequence of
  lifts and slopes.
    - ProgrammingWT2526-Final2 uses ski lifts as route components for planning.
    - ProgrammingWT2526-Final2 uses ski slopes (Pisten) as route components for planning.
    - The document states that required commands with example inputs and outputs are described later
   in the assignment.
  </memories>
  <entity_paths>
    - ProgrammingWT2526-Final2 USES Optimale zeitlich machbare Routenermittlung:
  ProgrammingWT2526-Final2 implements determination of an optimal and time-feasible sequence of
  lifts and slopes.
    - ProgrammingWT2526-Final2 USES Lifte: ProgrammingWT2526-Final2 uses ski lifts as route
  components for planning.
    - ProgrammingWT2526-Final2 USES Pisten: ProgrammingWT2526-Final2 uses ski slopes (Pisten) as
  route components for planning.
    - ProgrammingWT2526-Final2 USES Nutzer-Können und Präferenzen: ProgrammingWT2526-Final2 uses the
   user's skill level and preferences as inputs to route planning.
    - task.md RELATES_TO Programmieren: The task.md document is for the course 'Programmieren'.
    - task.md RELATES_TO Wintersemester 2025/26: The task.md document is for Wintersemester 2025/26.
    - task.md RELATES_TO Abschlussaufgabe 2 — Skiroutenplaner: The document task.md describes the
  assignment 'Abschlussaufgabe 2 — Skiroutenplaner'.
    - task.md RELATES_TO Prof. Dr.-Ing. Anne Koziolek: The task.md document lists Prof. Dr.-Ing.
  Anne Koziolek as the instructor.
    - task.md RELATES_TO 1.1: The document task.md is version 1.1.
    - task.md RELATES_TO Institute of Information Security and Dependability (KASTEL): The task.md
  document associates the assignment with the Institute of Information Security and Dependability
  (KASTEL).
    - task.md RELATES_TO 20 Punkte: The task.md document states the assignment is worth 20 points.
    - task.md RELATES_TO Befehlsbeschreibungen mit beispielhaften Ein- und Ausgaben: The document
  states that required commands with example inputs and outputs are described later in the
  assignment.
    - task.md RELATES_TO Konzept- und Befehlsbeschreibungen mit Beispielen: The document 'task.md'
  contains explanations of the occurring concepts and descriptions of required commands with example
   input/output.
    - Abschlussaufgabe 2 — Skiroutenplaner USES Lift: The 'Abschlussaufgabe 2 — Skiroutenplaner'
  assignment uses lifts, pistes, user skill, and user preferences as input concepts.
    - Abschlussaufgabe 2 — Skiroutenplaner USES Piste: The 'Abschlussaufgabe 2 — Skiroutenplaner'
  assignment uses lifts, pistes, user skill, and user preferences as input concepts.
    - Abschlussaufgabe 2 — Skiroutenplaner USES Können des Nutzers: The 'Abschlussaufgabe 2 —
  Skiroutenplaner' assignment uses lifts, pistes, user skill, and user preferences as input
  concepts.
    - Abschlussaufgabe 2 — Skiroutenplaner USES Präferenzen des Nutzers: The 'Abschlussaufgabe 2 —
  Skiroutenplaner' assignment uses lifts, pistes, user skill, and user preferences as input
  concepts.
    - Abschlussaufgabe 2 — Skiroutenplaner RELATES_TO Programmieren: The assignment
  'Abschlussaufgabe 2 — Skiroutenplaner' belongs to the course 'Programmieren'.
    - Abschlussaufgabe 2 — Skiroutenplaner RELATES_TO Punkte: 20: The assignment 'Abschlussaufgabe 2
   — Skiroutenplaner' is worth 20 points.
    - Abschlussaufgabe 2 — Skiroutenplaner RELATES_TO Institute of Information Security and
  Dependability (KASTEL): The assignment 'Abschlussaufgabe 2 — Skiroutenplaner' is affiliated with
  the Institute of Information Security and Dependability (KASTEL).
  </entity_paths>
  <entity_matches>
    - ProgrammingWT2526-Final2 (score: 1.00) — Repository for the Skiroutenplaner assignment
    - task.md (score: 0.71) — Assignment document for 'Abschlussaufgabe 2 — Skiroutenplaner'
    - Konzept- und Befehlsbeschreibungen mit Beispielen (score: 0.66) — Sections explaining concepts
   and required commands with example I/O
    - 20 Punkte (score: 0.65) — Point value assigned to the task
    - Abschlussaufgabe 2 — Skiroutenplaner (score: 0.65) — Final assignment: ski route planner
  </entity_matches>
  <insights>
    - Agent community around ProgrammingWT2526-Final2, Optimale zeitlich machbare Routenermittlung,
  Lifte. Relevant agent facts: ProgrammingWT2526-Final2 implements determination of an optimal and
  time-feasible sequence of lifts and slopes.; ProgrammingWT2526-Final2 uses ski lifts as route
  components for planning.; ProgrammingWT2526-Final2 uses ski slopes (Pisten) as route components
  for planning.
    - Agent community around task.md, Konzept- und Befehlsbeschreibungen mit Beispielen, 20 Punkte
  connects Wintersemester 2025/26, Punkte: 20, Prof. Dr.-Ing. Anne Koziolek, 1.1. Relevant agent
  facts: The course 'Programmieren' is taught in Wintersemester 2025/26.; The course 'Programmieren'
   lists Prof. Dr.-Ing. Anne Koziolek as the lecturer.; The task.md document is for the course
  'Programmieren'.
    - Agent community around Lift, Piste, Können des Nutzers. Relevant agent facts: The
  'Abschlussaufgabe 2 — Skiroutenplaner' assignment uses lifts, pistes, user skill, and user
  preferences as input concepts.
  </insights>

● adaptive-memory extension active (role=requirements, memorySession=20260728-224249-req) - type
  /memory-help. MCP tools registered (memory=true, backlog=true).



● Create Backlog (MCP: agentic-memory) · Interaktives CLI-System (Java SE 21) zur Planung eines Ski…
  └ Backlog "Skiroutenplaner — Abschlussaufgabe 2" created with id: 2ebf6e05-f46e...



● Create Tasks (MCP: agentic-memory) · backlogId: "2ebf6e05-f46e-4305-8ca2-c51bf045c8f4", tasks: [2…
  └ Output too large to read at once (21.3 KB). Saved to: /var/folders/fs/p8fxyq6...



● Get Tasks (MCP: agentic-memory) · backlogId: "2ebf6e05-f46e-4305-8ca2-c51bf045c8f4"
  └ Output too large to read at once (37.8 KB). Saved to: /var/folders/fs/p8fxyq6...

✗ Extract task summary lines from output (shell)
  │ cat
  │ /var/folders/fs/p8fxyq611_d7_glm0yth2st80000gn/T/1785271692020-copilot-tool-output-yh1600.txt |
  │ grep -E '^[0-9]+\.' | head -25
  └ Denied by preToolUse hook: Requirements mode is read-only except for the registered MCP backlog
    tools.

● [turn-persistence] [turn-persistence] turn_end SKIPPED ai: no assistant message with content

● [turn-persistence] [turn-persistence] persistHuman SKIPPED: empty content

● Read 1785271692020-copilot-tool-output-yh1600.txt
  │ /var/folders/fs/p8fxyq611_d7_glm0yth2st80000gn/T/1785271692020-copilot-tool-output-yh1600.txt
  └ L1:100 (99 lines read)

● [turn-persistence] [turn-persistence] turn_end SKIPPED ai: no assistant message with content

● Read 1785271692020-copilot-tool-output-yh1600.txt
  │ /var/folders/fs/p8fxyq611_d7_glm0yth2st80000gn/T/1785271692020-copilot-tool-output-yh1600.txt
  └ L100:200 (101 lines read)

● [turn-persistence] [turn-persistence] turn_end SKIPPED ai: no assistant message with content

● Read 1785271692020-copilot-tool-output-yh1600.txt
  │ /var/folders/fs/p8fxyq611_d7_glm0yth2st80000gn/T/1785271692020-copilot-tool-output-yh1600.txt
  └ L200:300 (101 lines read)

● [turn-persistence] [turn-persistence] turn_end SKIPPED ai: no assistant message with content

● Read 1785271692020-copilot-tool-output-yh1600.txt
  │ /var/folders/fs/p8fxyq611_d7_glm0yth2st80000gn/T/1785271692020-copilot-tool-output-yh1600.txt
  └ L300:400 (28 lines read)

● [turn-persistence] [turn-persistence] turn_end SKIPPED ai: no assistant message with content







Changes    +0 -0
Duration   3m 42s
Tokens     ↑ 353.7k (306.6k cached) • ↓ 7.6k (1.5k reasoning)
[delivery:requirements] Turn 8/8 complete
[delivery:requirements] Exercise requirements stream complete — advancing to backlog discovery
[delivery] Phase B: Backlog discovery
[delivery] Using backlog: "Skiroutenplaner — Abschlussaufgabe 2" (2ebf6e05-f46e-4305-8ca2-c51bf045c8f4)
[delivery] Backlog: "Skiroutenplaner — Abschlussaufgabe 2" (2ebf6e05-f46e-4305-8ca2-c51bf045c8f4)

[delivery] Phase C: Coding

● [adaptive-context] GET http://localhost:4444/api/agents/7af7809a-adce-4fa9-9609-fd61059de0ff/sessi
  ons/20260728-224249-coding/context?input=Implement+%22Skiroutenplaner+%E2%80%94+Abschlussaufgabe+2
  %22+backlog%3A+Main+program+loop+with+CLI+input+handling+and+quit+command%3B+Core+data+model+%E2%8
  0%94+enums%2C+Lift%2C+Slope%2C+SkiArea%2C+SkiRider%3B+BNF+parser+for+Mermaid+ski+area+files%3B+loa
  d+area+command+with+validation%3B+list+lifts+command%3B+list+slopes+command%3B+set+skill+command%3
  B+set+goal+command%3B+like+command+%E2%80%94+store+positive+preferences%3B+dislike+command+%E2%80%
  94+store+negative+preferences%3B+reset+preferences+command%3B+Slope+time+calculation+%E2%80%94+Fah
  rzeit-Formel%3B+Route+planning+algorithm+%E2%80%94+optimal+path+with+time+constraints%3B+Tie-break
  ing+logic+%E2%80%94+preference+scoring+and+lexicographic+fallback%3B+plan+command%3B+next+command%
  3B+take+command%3B+abort+command%3B+show+route+command%3B+alternative+command%3B+Dynamic+replannin
  g+%E2%80%94+mid-route+reconfiguration&project=ProgrammingWT2526-Final2&role=coding&task=Implement+
  backlog+%22Skiroutenplaner+%E2%80%94+Abschlussaufgabe+2%22+in+the+selected+exercise+repository.&ti
  mestamp=2026-07-28T20%3A48%3A39.789Z&domain=wt2526final02

● Injected adaptive memory context into system prompt

● <adaptive_rules>
  - After printing an error message, the program must continue and wait for the next input.
  - Always read input from System.in and write normal output to System.out unless the task states
  otherwise.
  - Command processing must operate on the program's current state and then wait for further inputs.
  - Do not reassign System.in, System.out, or System.err; always use the standard streams as
  provided.
  - Do not use elements of Java libraries except where explicitly allowed in the task text.
  - Error messages must begin with exactly "Error," and must not contain special characters such as
  newlines or umlauts.
  - Other Checkstyle rule violations may lead to point deductions; authors should run Checkstyle
  during development.
  - Outputs must match the specification exactly, including letter case, spaces, and line breaks;
  print only the information specified.
  - Program code must compile without errors.
  - Standard error (System.err) may be used optionally for error messages.
  - Text between angle brackets in the specification are placeholders and must not be included
  literally in input or output.
  - The online submission system automatically checks submitted source files for compliance with the
   project's Checkstyle rules during submission.
  - The only allowed Java packages are java.lang, java.io, java.util, java.util.regex,
  java.nio.file, java.nio.charset, java.time, and java.time.format.
  - The only permitted Java library class for input is java.util.Scanner.
  - Use exclusively Java SE 21 for all program code.
  - Violations of specially marked Checkstyle rules cause the submission to be graded with zero
  points.
  - When user input does not match the specified format, an error message must be output.
  - You may choose English text for error messages; the text should be meaningful to explain the
  rejection.
  - You must pass the mandatory tests in Artemis before other tests are evaluated; failure to
  satisfy mandatory tests results in automatic zero for the submission.
  - You must submit your .java files for task A as individual work with the corresponding folder
  structure.
  </adaptive_rules>

  <memories>
    - The assignment 'Abschlussaufgabe 2 — Skiroutenplaner' belongs to the course 'Programmieren'.
    - The 'Abschlussaufgabe 2 — Skiroutenplaner' assignment uses lifts, pistes, user skill, and user
   preferences as input concepts.
    - The document task.md describes the assignment 'Abschlussaufgabe 2 — Skiroutenplaner'.
    - ProgrammingWT2526-Final2 uses ski slopes (Pisten) as route components for planning.
    - ProgrammingWT2526-Final2 uses ski lifts as route components for planning.
    - The assignment 'Abschlussaufgabe 2 — Skiroutenplaner' is worth 20 points.
    - The assignment 'Abschlussaufgabe 2 — Skiroutenplaner' is affiliated with the Institute of
  Information Security and Dependability (KASTEL).
    - ProgrammingWT2526-Final2 is a console system for planning a ski day
    - ProgrammingWT2526-Final2 RELATES_TO Interactive CLI (uses System.in and System.out)
    - ProgrammingWT2526-Final2 defines a fixed set of 15 CLI commands (quit, load area, list lifts,
  list slopes, set skill, set goal, like, dislike, reset preferences, plan, abort, next, take,
  alternative, show route).
    - ProgrammingWT2526-Final2 requires dynamic replanning when skill, goal, or preferences change
  during an active route.
  </memories>
  <knowledge>
    - Die Befehle `set skill`, `set goal`, `like`, `dislike` und `reset preferences` können auch
  nach Planung oder Beginn einer Route benutzt werden und führen zu einer dynamischen Neuberechnung
  der Route.
    - `alternative` gibt `avoided <id>` aus oder `no alternative found`, falls keine Alternative
  vorhanden ist.
    - Der `plan`-Befehl erfordert, dass ein Skigebiet geladen ist.
    - `list slopes` gibt alle Pisten aufsteigend sortiert nach Bezeichner aus im Format `<id>
  <difficulty> <surface> <meter> <meter>`.
    - Beim Validieren des Skigebiets in `load area` ist zu prüfen, ob alle Bezeichner eindeutig
  sind.
    - Beim Validieren des Skigebiets in `load area` ist zu prüfen, dass es mindestens eine
  Talstation und mindestens eine Piste gibt.
    - Ein Skigebiet ist ein zusammenhängender gerichteter Graph aus Liften und Pisten.
    - Beim Validieren des Skigebiets in `load area` ist zu prüfen, ob das Skigebiet zusammenhängend
  ist.
  </knowledge>
  <entity_paths>
    - ProgrammingWT2526-Final2 USES Optimale zeitlich machbare Routenermittlung:
  ProgrammingWT2526-Final2 implements determination of an optimal and time-feasible sequence of
  lifts and slopes.
    - ProgrammingWT2526-Final2 USES Lifte: ProgrammingWT2526-Final2 uses ski lifts as route
  components for planning.; ProgrammingWT2526-Final2 uses Lifte, Pisten, and Nutzerfähigkeiten und
  -präferenzen as input concepts for planning.
    - ProgrammingWT2526-Final2 USES Pisten: ProgrammingWT2526-Final2 uses ski slopes (Pisten) as
  route components for planning.; ProgrammingWT2526-Final2 uses Lifte, Pisten, and Nutzerfähigkeiten
   und -präferenzen as input concepts for planning.
    - ProgrammingWT2526-Final2 USES Nutzer-Können und Präferenzen: ProgrammingWT2526-Final2 uses the
   user's skill level and preferences as inputs to route planning.
    - ProgrammingWT2526-Final2 USES Nutzerfähigkeiten und -präferenzen: ProgrammingWT2526-Final2
  uses Lifte, Pisten, and Nutzerfähigkeiten und -präferenzen as input concepts for planning.
    - ProgrammingWT2526-Final2 USES Java SE 21: ProgrammingWT2526-Final2 targets Java SE 21.
    - ProgrammingWT2526-Final2 USES System.in: ProgrammingWT2526-Final2 uses System.in for input and
   System.out for output
    - ProgrammingWT2526-Final2 USES System.out: ProgrammingWT2526-Final2 uses System.in for input
  and System.out for output
    - ProgrammingWT2526-Final2 USES System.err: ProgrammingWT2526-Final2 may use System.err
  optionally for error output
    - ProgrammingWT2526-Final2 CONSTRAINT Optimale und zeitlich machbare Folge von Liften und
  Pisten: ProgrammingWT2526-Final2 must determine an optimal and time-feasible sequence of lifts and
   pistes to propose a route.
    - ProgrammingWT2526-Final2 CONSTRAINT Error message format convention: Error messages must begin
   with 'Error,' in English and avoid umlauts or special characters.
    - ProgrammingWT2526-Final2 CONSTRAINT Fahrzeit-Formel T = ⌈(L/8) · M_diff · M_surf · (1 + 2Δh/L)
   · M_skill⌉: The planner uses the specified travel-time formula T = ⌈(L/8) · M_diff · M_surf · (1
  + 2Δh/L) · M_skill⌉ to compute segment times.
    - ProgrammingWT2526-Final2 CONSTRAINT Dynamic replanning on preference changes during active
  route: ProgrammingWT2526-Final2 requires dynamic replanning when skill, goal, or preferences
  change during an active route.
    - ProgrammingWT2526-Final2 CONSTRAINT Tie-breaking: preference-score then lexicographic
  identifier: Tie-breaking uses preference-score first, then lexicographic order by identifier.
    - ProgrammingWT2526-Final2 CONSTRAINT Error message format: ProgrammingWT2526-Final2 CONSTRAINT
  Error message format must begin with 'Error,' be English, and contain no umlauts/special
  characters
    - ProgrammingWT2526-Final2 CONSTRAINT Fahrzeit-Formel: ProgrammingWT2526-Final2 CONSTRAINT
  Fahrzeit-Formel T = ⌈(L/8) · M_diff · M_surf · (1 + 2Δh/L) · M_skill⌉
    - ProgrammingWT2526-Final2 CONSTRAINT ExactOutputFormatting: ProgrammingWT2526-Final2 must
  produce exact outputs that match case, spaces, and newlines and must not print any additional
  information
    - ProgrammingWT2526-Final2 CONSTRAINT StatefulCLIBehavior: ProgrammingWT2526-Final2 must process
   commands on the program's current state and only terminate when the input 'quit' is entered
    - ProgrammingWT2526-Final2 CONSTRAINT ErrorMessageFormatConstraint: ProgrammingWT2526-Final2
  requires error messages to start with 'Error,' be in English, and contain no special characters
  like umlauts or newlines
    - ProgrammingWT2526-Final2 RELATES_TO 1.1: ProgrammingWT2526-Final2 project version is 1.1.
  </entity_paths>
  <entity_matches>
    - ProgrammingWT2526-Final2 (score: 1.00) — Course project repository for the skiing routes
  planner
    - Abschlussaufgabe 2 — Skiroutenplaner (score: 0.85) — Final assignment: ski route planner
    - Console ski-day planner (score: 0.79) — Console-based system to plan and schedule a ski day
    - 15 CLI commands (quit, load area, list lifts, ...) (score: 0.77) — Defined command set for
  interactive operation and route planning.
    - Nutzerfähigkeiten und -präferenzen (score: 0.77) — User's skiing skill level and route
  preferences.
  </entity_matches>
  <insights>
    - Agent community around ProgrammingWT2526-Final2, Console ski-day planner, 15 CLI commands
  (quit, load area, list lifts, ...) connects 1.1, Optimale und zeitlich machbare Folge von Liften
  und Pisten, Java SE 21, Error message format convention. Relevant agent facts: The document
  task.md is version 1.1.; ProgrammingWT2526-Final2 project version is 1.1.;
  ProgrammingWT2526-Final2 implements determination of an optimal and time-feasible sequence of
  lifts and slopes.
    - Agent community around Abschlussaufgabe 2 — Skiroutenplaner, task.md, Programmieren connects
  Wintersemester 2025/26, Prof. Dr.-Ing. Anne Koziolek, 20 Punkte. Relevant agent facts: The course
  'Programmieren' is taught in Wintersemester 2025/26.; The course 'Programmieren' lists Prof.
  Dr.-Ing. Anne Koziolek as the lecturer.; The task.md document is for the course 'Programmieren'.
    - Agent community around Nutzerfähigkeiten und -präferenzen, Lifte, Pisten. Relevant agent
  facts: ProgrammingWT2526-Final2 uses ski lifts as route components for planning.;
  ProgrammingWT2526-Final2 uses Lifte, Pisten, and Nutzerfähigkeiten und -präferenzen as input
  concepts for planning.; ProgrammingWT2526-Final2 uses ski slopes (Pisten) as route components for
  planning.
    - Agent community around System.in, System.out. Relevant agent facts: ProgrammingWT2526-Final2
  uses System.in for input and System.out for output
    - Agent community around Lift, Piste, Können des Nutzers connects Eigenschaften von Pisten.
  Relevant agent facts: The 'Abschlussaufgabe 2 — Skiroutenplaner' assignment uses lifts, pistes,
  user skill, and user preferences as input concepts.; Lift entities have a unique identifier, type
  (GONDOLA or CHAIRLIFT), start/end times, ride duration and queue time (minutes); a lift is usable
  only if Start ≤ (current time + queue time) ≤ End; Talstation is a special lift used to enter/exit
   the area and each area has at least one Talstation.; Piste entities have a unique identifier,
  difficulty (BLUE, RED, BLACK), surface (REGULAR, ICY, BUMPY), length (meters) and elevation gain
  (meters).
  </insights>

● adaptive-memory extension active (role=coding, memorySession=20260728-224249-coding) - type
  /memory-help. MCP tools registered (memory=true, backlog=true).

● List directory .
  └ 15 files found

✗ Get Scratchpad (MCP: agentic-memory) · sessionId: "5221cc4b-7f25-4f5e-9bd5-8279028582ee"
  └ MCP server 'agentic-memory': Forbidden.

● Claim Next Task (MCP: agentic-memory) · backlogId: "2ebf6e05-f46e-4305-8ca2-c51bf045c8f4"
  └ Claimed task "Main program loop with CLI input handling and quit command" (7b...

● [turn-persistence] [turn-persistence] turn_end SKIPPED ai: no assistant message with content



● Read task.md
  └ 451 lines read

● Read pom.xml
  └ 31 lines read

● Search (glob)
  │ "src/**/*.java"
  └ No matches found



● List directory .github
  └ 2 files found

● Read guidelines.md
  └ 96 lines read



● Create package directory structure (shell)
  │ mkdir -p /Users/nghalinh2711/Development/student-repos/wt2526final02/src/edu/kit/kastel
  └ 1 line…

● Create Main.java +34
  └ src/edu/kit/kastel/Main.java

● [turn-persistence] [turn-persistence] turn_end SKIPPED ai: no assistant message with content



● Compile the Java source (shell)
  │ cd /Users/nghalinh2711/Development/student-repos/wt2526final02 && mvn compile -q 2>&1
  └ 1 line…



● Test quit command and error handling (shell)
  │ cd /Users/nghalinh2711/Development/student-repos/wt2526final02 && echo -e "hello\nquit" | java
  │ -cp target/classes edu.kit.kastel.Main 2>&1
  └ 2 lines…



● Run checkstyle on the source (shell)
  │ cd /Users/nghalinh2711/Development/student-repos/wt2526final02 && mvn checkstyle:check -q 2>&1
  │ || true
  └ 10 lines…



● Create package-info.java +5
  └ src/edu/kit/kastel/package-info.java

● Edit Main.java +1 -1
  └ src/edu/kit/kastel/Main.java

● Compile and run checkstyle (shell)
  │ cd /Users/nghalinh2711/Development/student-repos/wt2526final02 && mvn compile -q 2>&1 && mvn
  │ checkstyle:check -q 2>&1
  └ 1 line…

● [turn-persistence] [turn-persistence] turn_end SKIPPED ai: no assistant message with content



● Comprehensive test of the program (shell)
  │ cd /Users/nghalinh2711/Development/student-repos/wt2526final02 && printf '\n\nhello\nquit\n' |
  │ java -cp target/classes edu.kit.kastel.Main 2>&1
  └ 2 lines…



● Update Task (MCP: agentic-memory) · backlogId: "2ebf6e05-f46e-4305-8ca2-c51bf045c8f4", taskId: "7…
  └ Task "Main program loop with CLI input handling and quit command" (7b98600e-f...

● Update Scratchpad (MCP: agentic-memory) · sessionId: "5221cc4b-7f25-4f5e-9bd5-8279028582ee", note…
  └ Scratchpad updated.



● Claim Next Task (MCP: agentic-memory) · backlogId: "2ebf6e05-f46e-4305-8ca2-c51bf045c8f4"
  └ Claimed task "Core data model — enums, Lift, Slope, SkiArea, SkiRider" (60f1b...



● List directory input
  └ 1 file found

● List directory listings
  └ 2 files found

● Read area.txt
  │ input/area.txt
  └ 12 lines read

● Read example_graph.txt
  │ listings/example_graph.txt
  └ 12 lines read

● [turn-persistence] [turn-persistence] turn_end SKIPPED ai: no assistant message with content

● Read checkstyle.xml
  └ 353 lines read

● [turn-persistence] [turn-persistence] turn_end SKIPPED ai: no assistant message with content



● Create Goal.java +16
  └ src/edu/kit/kastel/Goal.java

● Create LiftType.java +12
  └ src/edu/kit/kastel/LiftType.java

● Create Difficulty.java +14
  └ src/edu/kit/kastel/Difficulty.java

● Create Surface.java +14
  └ src/edu/kit/kastel/Surface.java

● Create Skill.java +14
  └ src/edu/kit/kastel/Skill.java

● Create Lift.java +19
  └ src/edu/kit/kastel/Lift.java

● Create Slope.java +14
  └ src/edu/kit/kastel/Slope.java

● Create SkiArea.java +224
  └ src/edu/kit/kastel/SkiArea.java

● Create SkiRider.java +156
  └ src/edu/kit/kastel/SkiRider.java



● Compile and checkstyle (shell)
  │ cd /Users/nghalinh2711/Development/student-repos/wt2526final02 && mvn compile -q 2>&1 && mvn
  │ checkstyle:check -q 2>&1
  └ 17 lines…



● Edit pom.xml +8

● Edit SkiArea.java +3 -6
  └ src/edu/kit/kastel/SkiArea.java

● [turn-persistence] [turn-persistence] turn_end SKIPPED ai: no assistant message with content

● Compile and run checkstyle with project config (shell)
  │ cd /Users/nghalinh2711/Development/student-repos/wt2526final02 && mvn compile -q 2>&1 && mvn
  │ checkstyle:check -q 2>&1
  └ 8 lines…

● [turn-persistence] [turn-persistence] turn_end SKIPPED ai: no assistant message with content



● Edit pom.xml +1 -1

● Compile and run checkstyle with 3.3.0 (shell)
  │ cd /Users/nghalinh2711/Development/student-repos/wt2526final02 && mvn compile -q 2>&1 && mvn
  │ checkstyle:check -q 2>&1
  └ 8 lines…

● [turn-persistence] [turn-persistence] turn_end SKIPPED ai: no assistant message with content

● Edit pom.xml +1 -1

● [turn-persistence] [turn-persistence] turn_end SKIPPED ai: no assistant message with content

● Compile and run checkstyle with 3.1.2 (shell)
  │ cd /Users/nghalinh2711/Development/student-repos/wt2526final02 && mvn compile -q 2>&1 && mvn
  │ checkstyle:check -q 2>&1
  └ 8 lines…

● [turn-persistence] [turn-persistence] turn_end SKIPPED ai: no assistant message with content

● Edit pom.xml +1 -1

● [turn-persistence] [turn-persistence] turn_end SKIPPED ai: no assistant message with content

● Compile and run checkstyle with 3.2.0 (shell)
  │ cd /Users/nghalinh2711/Development/student-repos/wt2526final02 && mvn compile -q 2>&1 && mvn
  │ checkstyle:check -q 2>&1
  └ 8 lines…

● [turn-persistence] [turn-persistence] turn_end SKIPPED ai: no assistant message with content



● Read checkstyle.xml
  └ L274:280 (7 lines read)

● Search (grep)
  │ "accessModifiers" (checkstyle.xml)
  └ 2 lines found

● [turn-persistence] [turn-persistence] turn_end SKIPPED ai: no assistant message with content

● Edit checkstyle.xml +1 -1

● [turn-persistence] [turn-persistence] turn_end SKIPPED ai: no assistant message with content

● Read checkstyle.xml
  └ L269:280 (12 lines read)

● [turn-persistence] [turn-persistence] turn_end SKIPPED ai: no assistant message with content

● Edit checkstyle.xml

● [turn-persistence] [turn-persistence] turn_end SKIPPED ai: no assistant message with content

● Edit checkstyle.xml +1 -1

● [turn-persistence] [turn-persistence] turn_end SKIPPED ai: no assistant message with content



● Edit pom.xml +1 -1

● Compile and run checkstyle with 3.6.0 (shell)
  │ cd /Users/nghalinh2711/Development/student-repos/wt2526final02 && mvn compile -q 2>&1 && mvn
  │ checkstyle:check -q 2>&1
  └ 8 lines…

● [turn-persistence] [turn-persistence] turn_end SKIPPED ai: no assistant message with content

● Edit checkstyle.xml -1

● [turn-persistence] [turn-persistence] turn_end SKIPPED ai: no assistant message with content

● Compile and run checkstyle (shell)
  │ cd /Users/nghalinh2711/Development/student-repos/wt2526final02 && mvn compile -q 2>&1 && mvn
  │ checkstyle:check -q 2>&1
  └ 1 line…

● [turn-persistence] [turn-persistence] turn_end SKIPPED ai: no assistant message with content



● Full build verification (shell)
  │ cd /Users/nghalinh2711/Development/student-repos/wt2526final02 && mvn clean compile -q 2>&1 &&
  │ echo "COMPILE OK" && mvn checkstyle:check 2>&1 | tail -5
  └ 7 lines…



● Quick test of data model (shell)
  │ cd /Users/nghalinh2711/Development/student-repos/wt2526final02 && cat > /tmp/TestModel.java <<
  │ 'JAVAEOF'
  │ import edu.kit.kastel.*;
  │ import java.time.LocalTime;…
  └ 64 lines…



● Update Task (MCP: agentic-memory) · backlogId: "2ebf6e05-f46e-4305-8ca2-c51bf045c8f4", state: "do…
  └ Task "Core data model — enums, Lift, Slope, SkiArea, SkiRider" (60f1bdb8-8dd8...

● Claim Next Task (MCP: agentic-memory) · backlogId: "2ebf6e05-f46e-4305-8ca2-c51bf045c8f4"
  └ Claimed task "BNF parser for Mermaid ski area files" (466ac552-1c91-44de-ac43...



● Create AreaParser.java +215
  └ src/edu/kit/kastel/AreaParser.java



● Compile and checkstyle (shell)
  │ cd /Users/nghalinh2711/Development/student-repos/wt2526final02 && mvn compile -q 2>&1 && mvn
  │ checkstyle:check -q 2>&1
  └ 18 lines…

● Read AreaParser.java
  │ src/edu/kit/kastel/AreaParser.java
  └ L68:95 (28 lines read)

● [turn-persistence] [turn-persistence] turn_end SKIPPED ai: no assistant message with content



● Edit AreaParser.java +2 -2
  └ src/edu/kit/kastel/AreaParser.java



● Edit AreaParser.java +5 -9
  └ src/edu/kit/kastel/AreaParser.java

● Edit AreaParser.java +3 -4
  └ src/edu/kit/kastel/AreaParser.java

● [turn-persistence] [turn-persistence] turn_end SKIPPED ai: no assistant message with content

● Compile and test with example file (shell)
  │ cd /Users/nghalinh2711/Development/student-repos/wt2526final02 && mvn compile -q 2>&1 && mvn
  │ checkstyle:check -q 2>&1
  └ 1 line…

● [turn-persistence] [turn-persistence] turn_end SKIPPED ai: no assistant message with content



● Test parser with example graph (shell)
  │ cd /Users/nghalinh2711/Development/student-repos/wt2526final02 && cat > /tmp/TestParser.java
  │ << 'JAVAEOF'
  │ import edu.kit.kastel.*;
  │ import java.nio.file.Path;…
  └ 33 lines…



● Edit AreaParser.java +46 -38
  └ src/edu/kit/kastel/AreaParser.java

● Edit AreaParser.java +16 -16
  └ src/edu/kit/kastel/AreaParser.java

● [turn-persistence] [turn-persistence] turn_end SKIPPED ai: no assistant message with content



● Edit SkiArea.java +9 -3
  └ src/edu/kit/kastel/SkiArea.java

● Compile and test with example (shell)
  │ cd /Users/nghalinh2711/Development/student-repos/wt2526final02 && mvn compile -q 2>&1 && java
  │ -cp target/classes:/tmp TestParser 2>&1
  └ 18 lines…

● [turn-persistence] [turn-persistence] turn_end SKIPPED ai: no assistant message with content



● Checkstyle and input file test (shell)
  │ cd /Users/nghalinh2711/Development/student-repos/wt2526final02 && mvn checkstyle:check -q 2>&1
  │ && cat > /tmp/TestParser2.java << 'JAVAEOF'
  │ import edu.kit.kastel.*;
  │ import java.nio.file.Path;…
  └ 16 lines…



● Update Task (MCP: agentic-memory) · backlogId: "2ebf6e05-f46e-4305-8ca2-c51bf045c8f4", state: "do…
  └ Task "BNF parser for Mermaid ski area files" (466ac552-1c91-44de-ac43-bd28d8c...

● Update Scratchpad (MCP: agentic-memory) · sessionId: "5221cc4b-7f25-4f5e-9bd5-8279028582ee", note…
  └ Scratchpad updated.

● Claim Next Task (MCP: agentic-memory) · backlogId: "2ebf6e05-f46e-4305-8ca2-c51bf045c8f4"
  └ Claimed task "load area command with validation" (f7a2b64c-ef34-4641-bec5-7bc...



● Create SkiPlannerState.java +52
  └ src/edu/kit/kastel/SkiPlannerState.java



● Read Main.java
  │ src/edu/kit/kastel/Main.java
  └ 33 lines read

● Edit Main.java +45
  └ src/edu/kit/kastel/Main.java

● [turn-persistence] [turn-persistence] turn_end SKIPPED ai: no assistant message with content

● Compile and test load area command (shell)
  │ cd /Users/nghalinh2711/Development/student-repos/wt2526final02 && mvn compile -q 2>&1 && mvn
  │ checkstyle:check -q 2>&1
  └ 1 line…

● [turn-persistence] [turn-persistence] turn_end SKIPPED ai: no assistant message with content

● Test load area command end-to-end (shell)
  │ cd /Users/nghalinh2711/Development/student-repos/wt2526final02 && printf 'load area
  │ input/area.txt\nquit\n' | java -cp target/classes edu.kit.kastel.Main 2>&1
  └ 13 lines…

● [turn-persistence] [turn-persistence] turn_end SKIPPED ai: no assistant message with content



● Test load area error handling (shell)
  │ cd /Users/nghalinh2711/Development/student-repos/wt2526final02 && printf 'load area
  │ nonexistent.txt\nhello\nquit\n' | java -cp target/classes edu.kit.kastel.Main 2>&1
  └ 3 lines…



● Update Task (MCP: agentic-memory) · backlogId: "2ebf6e05-f46e-4305-8ca2-c51bf045c8f4", state: "do…
  └ Task "load area command with validation" (f7a2b64c-ef34-4641-bec5-7bc88ad12a3...

● Claim Next Task (MCP: agentic-memory) · backlogId: "2ebf6e05-f46e-4305-8ca2-c51bf045c8f4"
  └ Claimed task "list lifts command" (5bd921a6-329a-4286-acd4-cc8198652bb6) and ...



● Edit Main.java +2
  └ src/edu/kit/kastel/Main.java

● Edit Main.java +3
  └ src/edu/kit/kastel/Main.java

● [turn-persistence] [turn-persistence] turn_end SKIPPED ai: no assistant message with content



● Edit Main.java +2
  └ src/edu/kit/kastel/Main.java

● Edit Main.java +27
  └ src/edu/kit/kastel/Main.java

● [turn-persistence] [turn-persistence] turn_end SKIPPED ai: no assistant message with content

● Compile, checkstyle, and test list lifts (shell)
  │ cd /Users/nghalinh2711/Development/student-repos/wt2526final02 && mvn compile -q 2>&1 && mvn
  │ checkstyle:check -q 2>&1 && printf 'load area input/area.txt\nlist lifts\nquit\n' | java -cp
  │ target/classes edu.kit.kastel.Main 2>&1
  └ 15 lines…

● [turn-persistence] [turn-persistence] turn_end SKIPPED ai: no assistant message with content



● Test list lifts without area loaded (shell)
  │ cd /Users/nghalinh2711/Development/student-repos/wt2526final02 && printf 'list lifts\nquit\n' |
  │ java -cp target/classes edu.kit.kastel.Main 2>&1
  └ 2 lines…



● Update Task (MCP: agentic-memory) · backlogId: "2ebf6e05-f46e-4305-8ca2-c51bf045c8f4", state: "do…
  └ Task "list lifts command" (5bd921a6-329a-4286-acd4-cc8198652bb6) updated to s...

● Claim Next Task (MCP: agentic-memory) · backlogId: "2ebf6e05-f46e-4305-8ca2-c51bf045c8f4"
  └ Claimed task "list slopes command" (1c1c2a86-222f-4109-86e2-383f0e6030eb) and...



● Edit Main.java +2
  └ src/edu/kit/kastel/Main.java

● Edit Main.java +13
  └ src/edu/kit/kastel/Main.java

● [turn-persistence] [turn-persistence] turn_end SKIPPED ai: no assistant message with content

● Compile, checkstyle, test list slopes (shell)
  │ cd /Users/nghalinh2711/Development/student-repos/wt2526final02 && mvn compile -q 2>&1 && mvn
  │ checkstyle:check -q 2>&1 && printf 'load area input/area.txt\nlist slopes\nquit\n' | java -cp
  │ target/classes edu.kit.kastel.Main 2>&1
  └ 16 lines…

● [turn-persistence] [turn-persistence] turn_end SKIPPED ai: no assistant message with content



● Update Task (MCP: agentic-memory) · backlogId: "2ebf6e05-f46e-4305-8ca2-c51bf045c8f4", state: "do…
  └ Task "list slopes command" (1c1c2a86-222f-4109-86e2-383f0e6030eb) updated to ...

● Claim Next Task (MCP: agentic-memory) · backlogId: "2ebf6e05-f46e-4305-8ca2-c51bf045c8f4"
  └ Claimed task "set skill command" (11e5b20e-8970-446a-93fa-05ad07e8e575) and m...

● Edit Main.java +2
  └ src/edu/kit/kastel/Main.java

● [turn-persistence] [turn-persistence] turn_end SKIPPED ai: no assistant message with content

● Edit Main.java +11
  └ src/edu/kit/kastel/Main.java

● [turn-persistence] [turn-persistence] turn_end SKIPPED ai: no assistant message with content

● Compile, checkstyle, test set skill (shell)
  │ cd /Users/nghalinh2711/Development/student-repos/wt2526final02 && mvn compile -q 2>&1 && mvn
  │ checkstyle:check -q 2>&1 && printf 'set skill EXPERT\nset skill INVALID\nquit\n' | java -cp
  │ target/classes edu.kit.kastel.Main 2>&1
  └ 2 lines…

● [turn-persistence] [turn-persistence] turn_end SKIPPED ai: no assistant message with content



● Update Task (MCP: agentic-memory) · backlogId: "2ebf6e05-f46e-4305-8ca2-c51bf045c8f4", state: "do…
  └ Task "set skill command" (11e5b20e-8970-446a-93fa-05ad07e8e575) updated to st...

● Claim Next Task (MCP: agentic-memory) · backlogId: "2ebf6e05-f46e-4305-8ca2-c51bf045c8f4"
  └ Claimed task "set goal command" (f4712a76-4641-43b8-b539-e63c7c6f820f) and ma...

● Edit Main.java +2
  └ src/edu/kit/kastel/Main.java

● [turn-persistence] [turn-persistence] turn_end SKIPPED ai: no assistant message with content

● Edit Main.java +11
  └ src/edu/kit/kastel/Main.java

● [turn-persistence] [turn-persistence] turn_end SKIPPED ai: no assistant message with content

● Compile, checkstyle, test set goal (shell)
  │ cd /Users/nghalinh2711/Development/student-repos/wt2526final02 && mvn compile -q 2>&1 && mvn
  │ checkstyle:check -q 2>&1 && printf 'set goal DISTANCE\nset goal INVALID\nquit\n' | java -cp
  │ target/classes edu.kit.kastel.Main 2>&1
  └ 2 lines…

● [turn-persistence] [turn-persistence] turn_end SKIPPED ai: no assistant message with content



● Claim Next Task (MCP: agentic-memory) · backlogId: "2ebf6e05-f46e-4305-8ca2-c51bf045c8f4"
  └ Cannot claim the next task — unresolved tasks are blocking:

● Update Task (MCP: agentic-memory) · backlogId: "2ebf6e05-f46e-4305-8ca2-c51bf045c8f4", state: "do…
  └ Task "set goal command" (f4712a76-4641-43b8-b539-e63c7c6f820f) updated to sta...

● Claim Next Task (MCP: agentic-memory) · backlogId: "2ebf6e05-f46e-4305-8ca2-c51bf045c8f4"
  └ Claimed task "like command — store positive preferences" (f199a112-531d-4d9c-...

● [turn-persistence] [turn-persistence] turn_end SKIPPED ai: no assistant message with content

● Edit Main.java +2
  └ src/edu/kit/kastel/Main.java

● [turn-persistence] [turn-persistence] turn_end SKIPPED ai: no assistant message with content

● Edit Main.java +24
  └ src/edu/kit/kastel/Main.java

● [turn-persistence] [turn-persistence] turn_end SKIPPED ai: no assistant message with content

● Compile, checkstyle, test like (shell)
  │ cd /Users/nghalinh2711/Development/student-repos/wt2526final02 && mvn compile -q 2>&1 && mvn
  │ checkstyle:check -q 2>&1
  └ 1 line…

● [turn-persistence] [turn-persistence] turn_end SKIPPED ai: no assistant message with content

● Update Task (MCP: agentic-memory) · backlogId: "2ebf6e05-f46e-4305-8ca2-c51bf045c8f4", state: "do…
  └ Task "like command — store positive preferences" (f199a112-531d-4d9c-b2c0-5ce...

● Claim Next Task (MCP: agentic-memory) · backlogId: "2ebf6e05-f46e-4305-8ca2-c51bf045c8f4"
  └ Claimed task "dislike command — store negative preferences" (1e22e1bb-0b70-43...

● [turn-persistence] [turn-persistence] turn_end SKIPPED ai: no assistant message with content

● Edit Main.java +4
  └ src/edu/kit/kastel/Main.java

● [turn-persistence] [turn-persistence] turn_end SKIPPED ai: no assistant message with content

● Edit Main.java +8
  └ src/edu/kit/kastel/Main.java

● [turn-persistence] [turn-persistence] turn_end SKIPPED ai: no assistant message with content

● Compile, checkstyle, test dislike/reset preferences (shell)
  │ cd /Users/nghalinh2711/Development/student-repos/wt2526final02 && mvn compile -q 2>&1 && mvn
  │ checkstyle:check -q 2>&1 && printf 'dislike BUMPY\ndislike INVALID\nreset preferences\nquit\n' |
  │ java -cp target/classes edu.kit.kastel.Main 2>&1
  └ 2 lines…

● [turn-persistence] [turn-persistence] turn_end SKIPPED ai: no assistant message with content

● Claim Next Task (MCP: agentic-memory) · backlogId: "2ebf6e05-f46e-4305-8ca2-c51bf045c8f4"
  └ Cannot claim the next task — unresolved tasks are blocking:

● Update Task (MCP: agentic-memory) · backlogId: "2ebf6e05-f46e-4305-8ca2-c51bf045c8f4", state: "do…
  └ Task "dislike command — store negative preferences" (1e22e1bb-0b70-4336-9134-...

● [turn-persistence] [turn-persistence] turn_end SKIPPED ai: no assistant message with content

● Claim Next Task (MCP: agentic-memory) · backlogId: "2ebf6e05-f46e-4305-8ca2-c51bf045c8f4"
  └ Claimed task "reset preferences command" (d40bdaac-344a-4b91-8566-8ba58c5b80b...

● [turn-persistence] [turn-persistence] turn_end SKIPPED ai: no assistant message with content



● Verify reset preferences works end-to-end (shell)
  │ cd /Users/nghalinh2711/Development/student-repos/wt2526final02 && printf 'like BLUE\ndislike
  │ ICY\nreset preferences\nquit\n' | java -cp target/classes edu.kit.kastel.Main 2>&1
  └ 1 line…

● Update Task (MCP: agentic-memory) · backlogId: "2ebf6e05-f46e-4305-8ca2-c51bf045c8f4", state: "do…
  └ Task "reset preferences command" (d40bdaac-344a-4b91-8566-8ba58c5b80b5) updat...

● Claim Next Task (MCP: agentic-memory) · backlogId: "2ebf6e05-f46e-4305-8ca2-c51bf045c8f4"
  └ Claimed task "Slope time calculation — Fahrzeit-Formel" (660ad095-8d54-4f78-8...

● [turn-persistence] [turn-persistence] turn_end SKIPPED ai: no assistant message with content



● Create TimeCalculator.java +55
  └ src/edu/kit/kastel/TimeCalculator.java

● Compile, checkstyle, and test time formula (shell)
  │ cd /Users/nghalinh2711/Development/student-repos/wt2526final02 && mvn compile -q 2>&1 && mvn
  │ checkstyle:check -q 2>&1 && cat > /tmp/TestTime.java << 'JAVAEOF'
  │ import edu.kit.kastel.*;
  │
  │ public class TestTime {…
  └ 23 lines…

● [turn-persistence] [turn-persistence] turn_end SKIPPED ai: no assistant message with content



● Update Task (MCP: agentic-memory) · backlogId: "2ebf6e05-f46e-4305-8ca2-c51bf045c8f4", state: "do…
  └ Task "Slope time calculation — Fahrzeit-Formel" (660ad095-8d54-4f78-83e2-2646...

● Claim Next Task (MCP: agentic-memory) · backlogId: "2ebf6e05-f46e-4305-8ca2-c51bf045c8f4"
  └ Claimed task "Route planning algorithm — optimal path with time constraints" ...



● Create RoutePlanner.java +310
  └ src/edu/kit/kastel/RoutePlanner.java

● Compile and checkstyle (shell)
  │ cd /Users/nghalinh2711/Development/student-repos/wt2526final02 && mvn compile -q 2>&1 && mvn
  │ checkstyle:check -q 2>&1
  └ 1 line…

● [turn-persistence] [turn-persistence] turn_end SKIPPED ai: no assistant message with content

● Test route planner with example graph (shell)
  │ cd /Users/nghalinh2711/Development/student-repos/wt2526final02 && cat > /tmp/TestRoute.java <<
  │ 'JAVAEOF'
  │ import edu.kit.kastel.*;
  │ import java.nio.file.Path;
  │ import java.time.LocalTime;…
  └ 80 lines…

● [turn-persistence] [turn-persistence] turn_end SKIPPED ai: no assistant message with content



● Edit RoutePlanner.java +59 -49
  └ src/edu/kit/kastel/RoutePlanner.java



● Edit RoutePlanner.java +7 -11
  └ src/edu/kit/kastel/RoutePlanner.java

● Compile, checkstyle, test route planner (shell)
  │ cd /Users/nghalinh2711/Development/student-repos/wt2526final02 && mvn compile -q 2>&1 && mvn
  │ checkstyle:check -q 2>&1 && javac -cp target/classes /tmp/TestRoute.java -d /tmp 2>&1 && java
  │ -cp target/classes:/tmp TestRoute 2>&1
  └ 53 lines…

● [turn-persistence] [turn-persistence] turn_end SKIPPED ai: no assistant message with content



● Update Task (MCP: agentic-memory) · backlogId: "2ebf6e05-f46e-4305-8ca2-c51bf045c8f4", state: "do…
  └ Task "Route planning algorithm — optimal path with time constraints" (0a726f5...

● Claim Next Task (MCP: agentic-memory) · backlogId: "2ebf6e05-f46e-4305-8ca2-c51bf045c8f4"
  └ Claimed task "Tie-breaking logic — preference scoring and lexicographic fallb...



● Verify tie-breaking logic (shell)
  │ cd /Users/nghalinh2711/Development/student-repos/wt2526final02 && cat > /tmp/TestTiebreak.java
  │ << 'JAVAEOF'
  │ import edu.kit.kastel.*;
  │ import java.nio.file.Path;
  │ import java.time.LocalTime;…
  └ 25 lines…



● Update Task (MCP: agentic-memory) · backlogId: "2ebf6e05-f46e-4305-8ca2-c51bf045c8f4", state: "do…
  └ Task "Tie-breaking logic — preference scoring and lexicographic fallback" (fd...

● Claim Next Task (MCP: agentic-memory) · backlogId: "2ebf6e05-f46e-4305-8ca2-c51bf045c8f4"
  └ Cannot claim the next task — unresolved tasks are blocking:

● Claim Next Task (MCP: agentic-memory) · backlogId: "2ebf6e05-f46e-4305-8ca2-c51bf045c8f4"
  └ Claimed task "plan command" (765fb464-c7de-4bdd-a5da-679f0ba032b0) and marked...

● [turn-persistence] [turn-persistence] turn_end SKIPPED ai: no assistant message with content



● Edit SkiPlannerState.java +57 -1
  └ src/edu/kit/kastel/SkiPlannerState.java



● Read Main.java
  │ src/edu/kit/kastel/Main.java
  └ 190 lines read

● Edit Main.java +2
  └ src/edu/kit/kastel/Main.java

● [turn-persistence] [turn-persistence] turn_end SKIPPED ai: no assistant message with content

● Edit Main.java +12
  └ src/edu/kit/kastel/Main.java

● [turn-persistence] [turn-persistence] turn_end SKIPPED ai: no assistant message with content



● Edit Main.java +116
  └ src/edu/kit/kastel/Main.java

● Compile and checkstyle (shell)
  │ cd /Users/nghalinh2711/Development/student-repos/wt2526final02 && mvn compile -q 2>&1 && mvn
  │ checkstyle:check -q 2>&1
  └ 1 line…

● [turn-persistence] [turn-persistence] turn_end SKIPPED ai: no assistant message with content



● Full end-to-end test (shell)
  │ cd /Users/nghalinh2711/Development/student-repos/wt2526final02 && printf 'load area
  │ input/area.txt\nset skill EXPERT\nset goal ALTITUDE\nplan LiftA 08:30 15:45\nnext\nshow
  │ route\nabort\nquit\n' | java -cp target/classes edu.kit.kastel.Main 2>&1
  └ 17 lines…



● Test next/take flow (shell)
  │ cd /Users/nghalinh2711/Development/student-repos/wt2526final02 && printf 'load area
  │ input/area.txt\nset skill EXPERT\nset goal DISTANCE\nplan LiftA 08:30
  │ 10:00\nnext\ntake\nnext\nquit\n' | java -cp target/classes edu.kit.kastel.Main 2>&1
  └ 16 lines…



● Update Task (MCP: agentic-memory) · backlogId: "2ebf6e05-f46e-4305-8ca2-c51bf045c8f4", state: "do…
  └ Task "plan command" (765fb464-c7de-4bdd-a5da-679f0ba032b0) updated to state: ...

● Claim Next Task (MCP: agentic-memory) · backlogId: "2ebf6e05-f46e-4305-8ca2-c51bf045c8f4"
  └ Claimed task "next command" (bff0cdbb-e856-4c85-a8ec-08be156eace5) and marked...



● Test next edge cases (shell)
  │ cd /Users/nghalinh2711/Development/student-repos/wt2526final02 && printf 'next\nquit\n' | java
  │ -cp target/classes edu.kit.kastel.Main 2>&1
  └ 2 lines…

● Test alternative without started route (shell)
  │ cd /Users/nghalinh2711/Development/student-repos/wt2526final02 && printf 'load area
  │ input/area.txt\nset skill EXPERT\nset goal ALTITUDE\nplan LiftA 08:30
  │ 15:45\nnext\nalternative\nquit\n' | java -cp target/classes edu.kit.kastel.Main 2>&1
  └ 16 lines…

● [turn-persistence] [turn-persistence] turn_end SKIPPED ai: no assistant message with content



● Get Tasks (MCP: agentic-memory) · backlogId: "2ebf6e05-f46e-4305-8ca2-c51bf045c8f4", state: "to_d…
  └ 1. [to_do] (p170) take command — Type: feature



● Edit Main.java -4
  └ src/edu/kit/kastel/Main.java



● Edit RoutePlanner.java +111
  └ src/edu/kit/kastel/RoutePlanner.java



● Edit Main.java +11 -2
  └ src/edu/kit/kastel/Main.java



● Edit SkiPlannerState.java +10
  └ src/edu/kit/kastel/SkiPlannerState.java

● Edit SkiPlannerState.java +2
  └ src/edu/kit/kastel/SkiPlannerState.java

● [turn-persistence] [turn-persistence] turn_end SKIPPED ai: no assistant message with content

✗ Edit SkiPlannerState.java
  │ src/edu/kit/kastel/SkiPlannerState.java
  └ No match found

● [turn-persistence] [turn-persistence] turn_end SKIPPED ai: no assistant message with content

● Read SkiPlannerState.java
  │ src/edu/kit/kastel/SkiPlannerState.java
  └ 119 lines read

● [turn-persistence] [turn-persistence] turn_end SKIPPED ai: no assistant message with content

● Edit SkiPlannerState.java +51
  └ src/edu/kit/kastel/SkiPlannerState.java

● [turn-persistence] [turn-persistence] turn_end SKIPPED ai: no assistant message with content



● Edit Main.java +3
  └ src/edu/kit/kastel/Main.java

● Compile and checkstyle (shell)
  │ cd /Users/nghalinh2711/Development/student-repos/wt2526final02 && mvn compile -q 2>&1 && mvn
  │ checkstyle:check -q 2>&1
  └ 1 line…

● [turn-persistence] [turn-persistence] turn_end SKIPPED ai: no assistant message with content



● Update Task (MCP: agentic-memory) · backlogId: "2ebf6e05-f46e-4305-8ca2-c51bf045c8f4", state: "do…
  └ Task "next command" (bff0cdbb-e856-4c85-a8ec-08be156eace5) updated to state: ...

● Claim Next Task (MCP: agentic-memory) · backlogId: "2ebf6e05-f46e-4305-8ca2-c51bf045c8f4"
  └ Claimed task "take command" (92d9fe91-6a56-4b9a-a27f-a597d1d89329) and marked...



● Edit Main.java +22
  └ src/edu/kit/kastel/Main.java

● Compile and checkstyle (shell)
  │ cd /Users/nghalinh2711/Development/student-repos/wt2526final02 && mvn compile -q 2>&1 && mvn
  │ checkstyle:check -q 2>&1
  └ 1 line…

● [turn-persistence] [turn-persistence] turn_end SKIPPED ai: no assistant message with content



● Edit Main.java +4
  └ src/edu/kit/kastel/Main.java

● Edit Main.java +1
  └ src/edu/kit/kastel/Main.java

● [turn-persistence] [turn-persistence] turn_end SKIPPED ai: no assistant message with content



● Edit Main.java +35
  └ src/edu/kit/kastel/Main.java

● Compile and checkstyle (shell)
  │ cd /Users/nghalinh2711/Development/student-repos/wt2526final02 && mvn compile -q 2>&1 && mvn
  │ checkstyle:check -q 2>&1
  └ 1 line…

● [turn-persistence] [turn-persistence] turn_end SKIPPED ai: no assistant message with content



● Update Task (MCP: agentic-memory) · backlogId: "2ebf6e05-f46e-4305-8ca2-c51bf045c8f4", state: "do…
  └ Task "take command" (92d9fe91-6a56-4b9a-a27f-a597d1d89329) updated to state: ...

● Claim Next Task (MCP: agentic-memory) · backlogId: "2ebf6e05-f46e-4305-8ca2-c51bf045c8f4"
  └ Claimed task "abort command" (79424351-aa75-46fe-bb5e-6d1b3870ed15) and marke...

● [turn-persistence] [turn-persistence] turn_end SKIPPED ai: no assistant message with content

● Update Task (MCP: agentic-memory) · backlogId: "2ebf6e05-f46e-4305-8ca2-c51bf045c8f4", state: "do…
  └ Task "abort command" (79424351-aa75-46fe-bb5e-6d1b3870ed15) updated to state:...

● Claim Next Task (MCP: agentic-memory) · backlogId: "2ebf6e05-f46e-4305-8ca2-c51bf045c8f4"
  └ Claimed task "show route command" (a3e08b09-4fe4-4c8d-aebf-3dd1020be3ce) and ...

● [turn-persistence] [turn-persistence] turn_end SKIPPED ai: no assistant message with content

● Update Task (MCP: agentic-memory) · backlogId: "2ebf6e05-f46e-4305-8ca2-c51bf045c8f4", state: "do…
  └ Task "show route command" (a3e08b09-4fe4-4c8d-aebf-3dd1020be3ce) updated to s...

● Claim Next Task (MCP: agentic-memory) · backlogId: "2ebf6e05-f46e-4305-8ca2-c51bf045c8f4"
  └ Claimed task "alternative command" (425f52f3-7d3d-43ef-bc6b-c9f77f1f8df9) and...

● [turn-persistence] [turn-persistence] turn_end SKIPPED ai: no assistant message with content

● Update Task (MCP: agentic-memory) · backlogId: "2ebf6e05-f46e-4305-8ca2-c51bf045c8f4", state: "do…
  └ Task "alternative command" (425f52f3-7d3d-43ef-bc6b-c9f77f1f8df9) updated to ...

● Claim Next Task (MCP: agentic-memory) · backlogId: "2ebf6e05-f46e-4305-8ca2-c51bf045c8f4"
  └ Cannot claim the next task — unresolved tasks are blocking:

● [turn-persistence] [turn-persistence] turn_end SKIPPED ai: no assistant message with content

● Claim Next Task (MCP: agentic-memory) · backlogId: "2ebf6e05-f46e-4305-8ca2-c51bf045c8f4"
  └ Claimed task "Dynamic replanning — mid-route reconfiguration" (a099a4ba-72ed-...

● [turn-persistence] [turn-persistence] turn_end SKIPPED ai: no assistant message with content



● Edit Main.java +5 -13
  └ src/edu/kit/kastel/Main.java



● Edit RoutePlanner.java
  └ src/edu/kit/kastel/RoutePlanner.java

✗ Edit RoutePlanner.java
  │ src/edu/kit/kastel/RoutePlanner.java
  └ No match found

● [turn-persistence] [turn-persistence] turn_end SKIPPED ai: no assistant message with content

● Read RoutePlanner.java
  │ src/edu/kit/kastel/RoutePlanner.java
  └ L230:290 (61 lines read)

● [turn-persistence] [turn-persistence] turn_end SKIPPED ai: no assistant message with content

● Read RoutePlanner.java
  │ src/edu/kit/kastel/RoutePlanner.java
  └ L290:330 (41 lines read)

● [turn-persistence] [turn-persistence] turn_end SKIPPED ai: no assistant message with content

● Edit RoutePlanner.java +27
  └ src/edu/kit/kastel/RoutePlanner.java

● [turn-persistence] [turn-persistence] turn_end SKIPPED ai: no assistant message with content

● Compile and checkstyle (shell)
  │ cd /Users/nghalinh2711/Development/student-repos/wt2526final02 && mvn compile -q 2>&1 && mvn
  │ checkstyle:check -q 2>&1
  └ 1 line…

● [turn-persistence] [turn-persistence] turn_end SKIPPED ai: no assistant message with content

● Update Task (MCP: agentic-memory) · backlogId: "2ebf6e05-f46e-4305-8ca2-c51bf045c8f4", state: "do…
  └ Task "Dynamic replanning — mid-route reconfiguration" (a099a4ba-72ed-4763-ac5...

● [turn-persistence] [turn-persistence] turn_end SKIPPED ai: no assistant message with content



● Claim Next Task (MCP: agentic-memory) · backlogId: "2ebf6e05-f46e-4305-8ca2-c51bf045c8f4"
  └ No claimable to_do task remains in this backlog.

● Get Tasks (MCP: agentic-memory) · backlogId: "2ebf6e05-f46e-4305-8ca2-c51bf045c8f4"
  └ Output too large to read at once (37.8 KB). Saved to: /var/folders/fs/p8fxyq6...

● [turn-persistence] [turn-persistence] turn_end SKIPPED ai: no assistant message with content

● Count tasks by state (shell)
  │ grep -c '\[done\]'
  │ /var/folders/fs/p8fxyq611_d7_glm0yth2st80000gn/T/1785272852495-copilot-tool-output-jqp95p.txt
  │ && grep -c '\[to_do\]'
  │ /var/folders/fs/p8fxyq611_d7_glm0yth2st80000gn/T/1785272852495-copilot-tool-output-jqp95p.txt
  │ && grep -c '\[in_progress\]' …
  └ 6 lines…

● [turn-persistence] [turn-persistence] turn_end SKIPPED ai: no assistant message with content



● Final compilation and comprehensive test (shell)
  │ cd /Users/nghalinh2711/Development/student-repos/wt2526final02 && mvn clean compile -q 2>&1 &&
  │ mvn checkstyle:check -q 2>&1 && printf 'load area input/area.txt\nlist lifts\nlist slopes\nset
  │ skill EXPERT\nset goal ALTITUDE\nplan LiftA 08:30 15:45\nnext\nshow route\nabort\nquit\n' | java
  │ -cp target/classes edu.kit.kastel.Main 2>&1
  └ 22 lines…



● Search (glob)
  │ "src/**/*.java"
  └ 15 files found

● Update Scratchpad (MCP: agentic-memory) · notes: "All 21 tasks in backlog "Skiroutenplaner — Absc…
  └ Scratchpad updated.







Changes    +1946 -166
Duration   19m 25s
Tokens     ↑ 14.3m (14.2m cached) • ↓ 65.3k (16.9k reasoning)
[delivery] Coding agent exited with code 0
[delivery] Backlog verification passed.
[delivery] Phase E: Feedback

[delivery] Feedback agent — interactive session.
[delivery] Provide feedback to the agent. Exit the session (Ctrl+C or /exit) when done.


Exiting…
